ID;order_ID;match_status;ticket_source;delivery_ID;ticket_number;ticket_document_ID;internal_number;aircraft_reg;tail_registration;flight_number;quantity;uom_code;meter_start;meter_end;quantity_metered;density_value;density_uom;density_basis;density_temp_c;quantity_flag;quantity_kg;batch_coa_ref;delivery_timestamp;supplier_ticket_ref;status;verified_by;verified_at;vehicle_id;meter_serial;ticket_capture_source;created_at;created_by;modified_at;modified_by;flight_ID;rate_per_litre;total_amount;currency_code
b8c9d0e1-8888-4000-8000-00000000A001;f6a7b8c9-6666-4000-8000-00000000A006;MATCHED;M;a7b8c9d0-7777-4000-8000-00000000A002;BPUK-LHR-2026032501;;FT-LHR-20260325-001;C-FITU;C-FITU;AC102;63800.00;KG;;;;;;MEA;;GR;63800.00;;2026-03-25T10:40:00Z;BP-UK-00567890;Closed;ops.manager@airline.com;2026-03-25T12:00:00Z;;;;2026-03-25T10:40:00Z;station.lhr@airline.com;2026-03-25T12:00:00Z;ops.manager@airline.com;;;;
b8c9d0e1-8888-4000-8000-00000000A002;f6a7b8c9-6666-4000-8000-00000000A007;MATCHED;M;a7b8c9d0-7777-4000-8000-00000000A003;WFS-YYZ-2026032401;;FT-YYZ-20260324-001;C-GROV;C-GROV;AC601;2180.00;KG;;;;;;MEA;;GR;2180.00;;2026-03-24T06:40:00Z;WFS-CA-00345678;Closed;ops.manager@airline.com;2026-03-24T08:00:00Z;;;;2026-03-24T06:40:00Z;station.yyz@airline.com;2026-03-24T08:00:00Z;ops.manager@airline.com;;;;
28c9d0e1-8888-4000-8000-000000006001;f6a7b8c9-6666-4000-8000-000000006003;MATCHED;M;17b8c9d0-7777-4000-8000-000000006001;SUP-CEB-88001;;FT-CEB-20260402-0001;RP-C8803;RP-C8803;;35000.00;KG;;;;;;MEA;;GR;35000.00;;2026-04-02T06:35:00Z;BOWSER-1;Verified;;;;;;2026-04-01T00:00:00Z;WP06_SEED;2026-04-01T00:00:00Z;WP06_SEED;;;;
28c9d0e1-8888-4000-8000-000000006002;f6a7b8c9-6666-4000-8000-000000006003;MATCHED;M;17b8c9d0-7777-4000-8000-000000006001;SUP-CEB-88002;;FT-CEB-20260402-0002;RP-C8803;RP-C8803;;25000.00;KG;;;;;;MEA;;GR;25000.00;;2026-04-02T06:55:00Z;BOWSER-2;Verified;;;;;;2026-04-01T00:00:00Z;WP06_SEED;2026-04-01T00:00:00Z;WP06_SEED;;;;
28c9d0e1-8888-4000-8000-000000006003;;UNMATCHED;M;;SUP-MNL-99001;;FT-MNL-20260404-0001;RP-C8804;RP-C8804;PR1055;1800.00;KG;;;;;;MEA;;GR;1800.00;;2026-04-04T11:20:00Z;VERBAL-TOPUP;Open;;;;;;2026-04-01T00:00:00Z;WP06_SEED;2026-04-01T00:00:00Z;WP06_SEED;;;;
38c9d0e1-8888-4000-8000-000000001201;f6a7b8c9-6666-4000-8000-000000006003;MATCHED;M;17b8c9d0-7777-4000-8000-000000001201;SUP-CEB-12001;;FT-CEB-20260405-0001;RP-C8803;RP-C8803;;15000.00;LTR;104200.00;119200.00;15000.00;0.8020;KGL;MEA;28.50;GR;12030.00;COA-CEB-2026-0405-A;2026-04-05T06:30:00Z;BOWSER-1;Verified;;;;;;2026-04-05T00:00:00Z;WP12_SEED;2026-04-05T00:00:00Z;WP12_SEED;;;;
38c9d0e1-8888-4000-8000-000000001202;f6a7b8c9-6666-4000-8000-000000006003;MATCHED;M;17b8c9d0-7777-4000-8000-000000001201;SUP-CEB-12002;;FT-CEB-20260405-0002;RP-C8803;RP-C8803;;9000.00;LTR;55100.00;64100.00;9000.00;0.8020;KGL;MEA;28.50;GR;7218.00;COA-CEB-2026-0405-B;2026-04-05T06:40:00Z;BOWSER-2;Verified;;;;;;2026-04-05T00:00:00Z;WP12_SEED;2026-04-05T00:00:00Z;WP12_SEED;;;;
38c9d0e1-8888-4000-8000-000000001203;;UNMATCHED;M;;SUP-MNL-12003;;;RP-C8804;RP-C8804;PR1060;5000.00;LTR;21000.00;25600.00;4600.00;0.7995;KGL;MEA;30.10;GR;3677.70;;2026-04-05T11:20:00Z;METER-MISMATCH;Open;;;;;;2026-04-05T00:00:00Z;WP12_SEED;2026-04-05T00:00:00Z;WP12_SEED;;;;
38c9d0e1-8888-4000-8000-000000001204;;UNMATCHED;M;;SUP-MNL-12004;;;RP-C8801;RP-C8801;PR1061;3000.00;LTR;8000.00;11000.00;3000.00;;;MEA;;GR;;;2026-04-05T12:00:00Z;NO-DENSITY;Open;;;;;;2026-04-05T00:00:00Z;WP12_SEED;2026-04-05T00:00:00Z;WP12_SEED;;;;
48c9d0e1-8888-4000-8000-000000001701;f6a7b8c9-6666-4000-8000-000000006001;MATCHED;M;27b8c9d0-7777-4000-8000-000000001701;SUP-MNL-17001;;FT-MNL-20260407-0001;RP-C8801;RP-C8801;;15000.00;LTR;300000.00;315000.00;15000.00;0.8020;KGL;MEA;28.00;GR;12030.00;;2026-04-07T08:00:00Z;BOWSER-A;Verified;;;;;;2026-04-07T00:00:00Z;WP17_SEED;2026-04-07T00:00:00Z;WP17_SEED;;;;
48c9d0e1-8888-4000-8000-000000001702;f6a7b8c9-6666-4000-8000-000000006001;MATCHED;M;27b8c9d0-7777-4000-8000-000000001702;SUP-MNL-17002;;FT-MNL-20260407-0002;RP-C8802;RP-C8802;;15000.00;LTR;410000.00;425000.00;15000.00;0.8020;KGL;MEA;28.00;GR;12030.00;;2026-04-07T09:00:00Z;BOWSER-B;Verified;;;;;;2026-04-07T00:00:00Z;WP17_SEED;2026-04-07T00:00:00Z;WP17_SEED;;;;
48c9d0e1-8888-4000-8000-000000001703;f6a7b8c9-6666-4000-8000-000000006001;MATCHED;M;27b8c9d0-7777-4000-8000-000000001703;SUP-YYZ-17003;;FT-YYZ-20260407-0001;C-FITU;C-FITU;;15000.00;LTR;500000.00;515000.00;15000.00;0.8020;KGL;MEA;12.00;GR;12030.00;;2026-04-07T10:00:00Z;BOWSER-C;Verified;;;;;;2026-04-07T00:00:00Z;WP17_SEED;2026-04-07T00:00:00Z;WP17_SEED;;;;
48c9d0e1-8888-4000-8000-000000001704;f6a7b8c9-6666-4000-8000-00000000A005;MATCHED;M;27b8c9d0-7777-4000-8000-000000001703;SUP-YYZ-17004;;FT-YYZ-20260407-0002;C-FITU;C-FITU;;9000.00;LTR;600000.00;609000.00;9000.00;0.8020;KGL;MEA;12.00;GR;7218.00;;2026-04-07T10:20:00Z;BOWSER-D;Verified;;;;;;2026-04-07T00:00:00Z;WP17_SEED;2026-04-07T00:00:00Z;WP17_SEED;;;;
48c9d0e1-8888-4000-8000-000000001705;f6a7b8c9-6666-4000-8000-000000006001;MATCHED;M;27b8c9d0-7777-4000-8000-000000001704;SUP-MNL-17005;;FT-MNL-20260407-0003;RP-C8804;RP-C8804;;9000.00;LTR;700000.00;709000.00;9000.00;0.7995;KGL;MEA;30.00;GR;7195.50;;2026-04-07T11:00:00Z;BOWSER-E;Verified;;;;;;2026-04-07T00:00:00Z;WP17_SEED;2026-04-07T00:00:00Z;WP17_SEED;;;;
b8c9d0e1-8888-4000-8000-0000000d0001;f6a7b8c9-6666-4000-8000-0000000d0001;MATCHED;E;a7b8c9d0-7777-4000-8000-0000000d0001;WFS-YYZ-20260410-11;;FT-YYZ-20260410-0001;C-FDMO;C-FDMO;AC410;2884.00;LTR;100000.00;102884.00;2884.00;0.7995;KGL;MEA;11.50;GR;2305.76;COA-YYZ-20260410-1;2026-04-10T10:20:00Z;BW-YYZ-101;Verified;ops.manager@airline.com;2026-04-11T03:00:00Z;BW-YYZ-101;MTR-101-8842;ELECTRONIC;2026-04-10T00:00:00Z;WPDEMO01_SEED;2026-08-25T00:00:00Z;S1_CORRECTION;;;;
b8c9d0e1-8888-4000-8000-0000000d0002;f6a7b8c9-6666-4000-8000-0000000d0002;MATCHED;E;a7b8c9d0-7777-4000-8000-0000000d0002;WFS-YYZ-20260410-21;;FT-YYZ-20260410-0003;C-GDMS;C-GDMS;AC856;32000.00;LTR;200000.00;232000.00;32000.00;0.7982;KGL;MEA;11.50;GR;25542.40;COA-YYZ-20260410-1;2026-04-10T20:35:00Z;BW-YYZ-201;Verified;ops.manager@airline.com;2026-04-10T23:00:00Z;;;;2026-04-10T00:00:00Z;WPDEMO01_SEED;2026-08-25T00:00:00Z;S2_CORRECTION;;;;
b8c9d0e1-8888-4000-8000-0000000d0003;f6a7b8c9-6666-4000-8000-0000000d0002;MATCHED;E;a7b8c9d0-7777-4000-8000-0000000d0002;WFS-YYZ-20260410-22;;FT-YYZ-20260410-0004;C-GDMS;C-GDMS;AC856;20650.00;LTR;450000.00;470650.00;20650.00;0.7982;KGL;MEA;11.50;GR;16482.83;COA-YYZ-20260410-2;2026-04-10T20:40:00Z;BW-YYZ-202;Verified;ops.manager@airline.com;2026-04-10T23:00:00Z;;;;2026-04-10T00:00:00Z;WPDEMO01_SEED;2026-08-25T00:00:00Z;S2_CORRECTION;;;;
b8c9d0e1-8888-4000-8000-0000000d0004;f6a7b8c9-6666-4000-8000-0000000d0003;MATCHED;E;a7b8c9d0-7777-4000-8000-0000000d0003;WFS-YYZ-20260410-31;;FT-YYZ-20260410-0005;C-FDMP;C-FDMP;AC412;2884.00;LTR;100000.00;102884.00;2884.00;0.7995;KGL;MEA;11.50;GR;2305.76;COA-YYZ-20260410-1;2026-04-10T10:10:00Z;BW-YYZ-103;Verified;ops.manager@airline.com;2026-04-10T23:00:00Z;;;;2026-04-10T00:00:00Z;WPDEMO01_SEED;2026-08-25T00:00:00Z;S3_FIGURES;;;;
21a00003-0000-4000-8000-000000000001;21a00001-0000-4000-8000-000000000001;MATCHED;M;21a00002-0000-4000-8000-000000000001;WFS-YYZ-2026041401;;TKT-WP21A-0001;C-GROV;C-GROV;AC601;10000.00;KG;;;;;;MEA;;GR;10000.00;;2026-04-14T09:00:00Z;WFS-YYZ-2026041401;Closed;ops.manager@airline.com;2026-03-24T08:00:00Z;;;;2026-04-15T08:00:00Z;station.yyz@airline.com;2026-04-15T08:00:00Z;ops.manager@airline.com;;;;
21a00003-0000-4000-8000-000000000002;21a00001-0000-4000-8000-000000000002;MATCHED;M;21a00002-0000-4000-8000-000000000002;WFS-YYZ-2026041402;;TKT-WP21A-0002;C-GROV;C-GROV;AC601;10000.00;KG;;;;;;MEA;;GR;10000.00;;2026-04-14T09:00:00Z;WFS-YYZ-2026041402;Closed;ops.manager@airline.com;2026-03-24T08:00:00Z;;;;2026-04-15T08:00:00Z;station.yyz@airline.com;2026-04-15T08:00:00Z;ops.manager@airline.com;;;;
21a00003-0000-4000-8000-000000000003;21a00001-0000-4000-8000-000000000003;MATCHED;M;21a00002-0000-4000-8000-000000000003;WFS-YYZ-2026041403;;TKT-WP21A-0003;C-GROV;C-GROV;AC601;10000.00;KG;;;;;;MEA;;GR;10000.00;;2026-04-14T09:00:00Z;WFS-YYZ-2026041403;Closed;ops.manager@airline.com;2026-03-24T08:00:00Z;;;;2026-04-15T08:00:00Z;station.yyz@airline.com;2026-04-15T08:00:00Z;ops.manager@airline.com;;;;
21a00003-0000-4000-8000-000000000004;21a00001-0000-4000-8000-000000000004;MATCHED;M;21a00002-0000-4000-8000-000000000004;WFS-YYZ-2026041404;;TKT-WP21A-0004;C-GROV;C-GROV;AC601;10000.00;KG;;;;;;MEA;;GR;10000.00;;2026-04-14T09:00:00Z;WFS-YYZ-2026041404;Closed;ops.manager@airline.com;2026-03-24T08:00:00Z;;;;2026-04-15T08:00:00Z;station.yyz@airline.com;2026-04-15T08:00:00Z;ops.manager@airline.com;;;;
21a00003-0000-4000-8000-000000000006;21a00001-0000-4000-8000-000000000006;MATCHED;M;21a00002-0000-4000-8000-000000000006;WFS-YYZ-2026041406;;TKT-WP21A-0006;C-GROV;C-GROV;AC601;10000.00;KG;;;;;;MEA;;GR;10000.00;;2026-04-14T09:00:00Z;WFS-YYZ-2026041406;Closed;ops.manager@airline.com;2026-03-24T08:00:00Z;;;;2026-04-15T08:00:00Z;station.yyz@airline.com;2026-04-15T08:00:00Z;ops.manager@airline.com;;;;
21a00003-0000-4000-8000-000000000007;21a00001-0000-4000-8000-000000000007;MATCHED;M;21a00002-0000-4000-8000-000000000007;PETRON-MNL-2026041407;;TKT-WP21A-0007;C-GROV;C-GROV;AC601;10000.00;KG;;;;;;MEA;;GR;10000.00;;2026-04-14T09:00:00Z;PETRON-MNL-2026041407;Closed;ops.manager@airline.com;2026-03-24T08:00:00Z;;;;2026-04-15T08:00:00Z;station.yyz@airline.com;2026-04-15T08:00:00Z;ops.manager@airline.com;;;;
21a00003-0000-4000-8000-000000000008;21a00001-0000-4000-8000-000000000008;MATCHED;M;21a00002-0000-4000-8000-000000000008;WFS-YYZ-2026041408;;TKT-WP21A-0008;C-GROV;C-GROV;AC601;10000.00;KG;;;;;;MEA;;GR;10000.00;;2026-04-14T09:00:00Z;WFS-YYZ-2026041408;Closed;ops.manager@airline.com;2026-03-24T08:00:00Z;;;;2026-04-15T08:00:00Z;station.yyz@airline.com;2026-04-15T08:00:00Z;ops.manager@airline.com;;;;
21a00003-0000-4000-8000-000000000009;21a00001-0000-4000-8000-000000000009;MATCHED;M;21a00002-0000-4000-8000-000000000009;WFS-YYZ-2026041409;;TKT-WP21A-0009;C-GROV;C-GROV;AC601;10000.00;KG;;;;;;MEA;;GR;10000.00;;2026-04-14T09:00:00Z;WFS-YYZ-2026041409;Closed;ops.manager@airline.com;2026-03-24T08:00:00Z;;;;2026-04-15T08:00:00Z;station.yyz@airline.com;2026-04-15T08:00:00Z;ops.manager@airline.com;;;;
21a00003-0000-4000-8000-000000000010;21a00001-0000-4000-8000-000000000010;MATCHED;M;21a00002-0000-4000-8000-000000000010;WFS-YYZ-2026041410;;TKT-WP21A-0010;C-GROV;C-GROV;AC601;10000.00;KG;;;;;;MEA;;GR;10000.00;;2026-04-14T09:00:00Z;WFS-YYZ-2026041410;Closed;ops.manager@airline.com;2026-03-24T08:00:00Z;;;;2026-04-15T08:00:00Z;station.yyz@airline.com;2026-04-15T08:00:00Z;ops.manager@airline.com;;;;
21a00003-0000-4000-8000-000000000005;;UNMATCHED;M;;WFS-YYZ-2026041405;;TKT-WP21A-0005;C-GROV;C-GROV;AC601;10000.00;KG;;;;;;MEA;;GR;10000.00;;2026-04-14T09:00:00Z;WFS-YYZ-2026041405;Closed;ops.manager@airline.com;2026-03-24T08:00:00Z;;;;2026-04-15T08:00:00Z;station.yyz@airline.com;2026-04-15T08:00:00Z;ops.manager@airline.com;;;;
b8c9d0e1-8888-4000-8000-000000034001;f6a7b8c9-6666-4000-8000-000000034001;MATCHED;M;a7b8c9d0-7777-4000-8000-000000034001;SHEL-YYZ-2026051201;d0c00000-0000-4000-8000-000000031003;FT-YYZ-20260512-034;C-FDMO;C-FDMO;AC881;2725.00;KG;;;;;;MEA;;GR;2725.00;;2026-05-12T10:30:00Z;SH-CA-00034001;Closed;;;;;;2026-05-12T00:00:00Z;WP34_SEED;2026-05-12T00:00:00Z;WP34_SEED;;;;
b8c9d0e1-8888-4000-8000-0000000d0005;;UNMATCHED;P;a7b8c9d0-7777-4000-8000-0000000d0005;WFS-YUL-20260410-77;;;C-FDMO;C-FDMO;AC411;1250.00;LTR;106008.00;107258.00;1250.00;0.7995;KGL;OBS;11.40;GR;999.38;;2026-04-10T17:20:00Z;;Captured;;;YUL-BOWSER-04;MTR-YUL-2291;MANUAL;2026-04-10T00:00:00Z;S5_SEED;2026-04-10T00:00:00Z;S5_SEED;;;;
cc1c412d-7e53-5634-ab6e-05b7d3e5ccc0;e12fd703-18a9-58e3-8a16-73be7a74b076;MATCHED;E;f14014a5-f978-59fd-acfa-1ed332e9ee26;WFS-JFK-403740;;FT-JFK-20260923-0001;N965JT;N965JT;B62725;7781.00;LTR;289754.70;297535.70;7781.00;0.8015;KGL;MEA;15.20;GR;6236.47;COA-JFK-20260923-2;2026-09-23T22:53:07Z;WFS-DN-403740;Verified;fuel.ops@airline.com;2026-09-24T01:05:07Z;HD-JFK-09;MTR-HD-JFK-09;ELECTRONIC;2026-09-23T23:05:07Z;SEED_B6_ADSB;2026-09-23T23:05:07Z;SEED_B6_ADSB;7b02f6c0-a883-5f3e-9137-f2a306d3e71a;1.2886;10026.6;USD
c9b92ea2-96a9-5ca1-8987-710ccd5efcd0;7ff1c14f-f0e3-5e29-9b7e-caaaa45d00fe;MATCHED;E;948fd5b8-88f4-5b54-8cea-73f85be193ec;SHL-BOS-696780;;FT-BOS-20260923-0001;N971JT;N971JT;B6397;21111.00;LTR;140994.09;162105.09;21111.00;0.7989;KGL;MEA;16.00;GR;16865.58;COA-BOS-20260923-1;2026-09-23T22:59:41Z;SHL-DN-696780;Verified;fuel.ops@airline.com;2026-09-24T01:26:41Z;HD-BOS-09;MTR-HD-BOS-09;ELECTRONIC;2026-09-23T23:26:41Z;SEED_B6_ADSB;2026-09-23T23:26:41Z;SEED_B6_ADSB;580d575e-f3cd-5f75-8107-de924febd2a9;1.2981;27404.19;USD
ea4a4ac5-c928-5ed4-9a90-11e61214d3da;685d41ce-2ad8-5a0f-8e44-6e6dfadbf4b9;MATCHED;E;7067aa1f-e864-5a22-8afe-7dff71128d46;SHL-JFK-512584;;FT-JFK-20260923-0002;N4073J;N4073J;B61407;20292.00;LTR;341997.46;362289.46;20292.00;0.7980;KGL;MEA;19.70;GR;16193.02;COA-JFK-20260923-2;2026-09-23T23:22:05Z;SHL-DN-512584;Verified;fuel.ops@airline.com;2026-09-24T01:48:05Z;HD-JFK-21;MTR-HD-JFK-21;ELECTRONIC;2026-09-23T23:48:05Z;SEED_B6_ADSB;2026-09-23T23:48:05Z;SEED_B6_ADSB;7cc7376c-c7c8-56a5-ac56-3e20be3d703d;1.2973;26324.81;USD
cfa0bd8b-d707-595d-ba92-26cd9b6c7472;070fa6fe-0889-5eea-8237-351ca63f14a0;MATCHED;E;15987e36-3015-5d35-852f-8708f1deec72;BPA-PHL-493049;;FT-PHL-20260923-0001;N3289J;N3289J;B61860;976.00;LTR;313073.11;314049.11;976.00;0.7957;KGL;MEA;18.30;GR;776.6;COA-PHL-20260923-2;2026-09-23T23:12:54Z;BPA-DN-493049;Verified;fuel.ops@airline.com;2026-09-24T01:17:54Z;HD-PHL-14;MTR-HD-PHL-14;ELECTRONIC;2026-09-23T23:17:54Z;SEED_B6_ADSB;2026-09-23T23:17:54Z;SEED_B6_ADSB;bc73fc85-9685-5cbb-a365-5776b97d1193;1.3091;1277.68;USD
78ee130c-c3e7-58ff-aa55-d35af0211a8d;9ec3780a-541d-563e-bb45-edb2f8b324b3;MATCHED;E;15209953-ca72-52df-a1a5-fb516f99b3ac;SHL-FLL-485000;;FT-FLL-20260923-0001;N645JB;N645JB;B6706;5986.00;LTR;547750.46;553736.46;5986.00;0.7960;KGL;MEA;23.10;GR;4764.86;COA-FLL-20260923-3;2026-09-23T23:18:34Z;SHL-DN-485000;Verified;fuel.ops@airline.com;2026-09-24T01:28:34Z;HD-FLL-17;MTR-HD-FLL-17;ELECTRONIC;2026-09-23T23:28:34Z;SEED_B6_ADSB;2026-09-23T23:28:34Z;SEED_B6_ADSB;39025d72-8353-55ba-b008-13a917e1fd53;1.2201;7303.52;USD
94dfcc79-b223-58a5-adbe-b2c155183ab7;fa4b9581-cb97-5522-a08c-9432a7a5f795;MATCHED;M;61e5edaa-36e9-5b21-9b1b-b6a2720139d8;SHL-PBI-381651;;FT-PBI-20260923-0001;N535JB;N535JB;B62144;6752.00;LTR;756132.02;762884.02;6752.00;0.8017;KGL;MEA;26.00;GR;5413.08;COA-PBI-20260923-3;2026-09-23T23:15:54Z;SHL-DN-381651;Verified;fuel.ops@airline.com;2026-09-24T01:30:54Z;RF-PBI-06;MTR-RF-PBI-06;MANUAL;2026-09-23T23:30:54Z;SEED_B6_ADSB;2026-09-23T23:30:54Z;SEED_B6_ADSB;2388c82d-c8db-562f-b3b8-f4acaee03eef;1.2554;8476.46;USD
ac136cba-b778-55ee-a4ac-26cff99ff6d7;65a871a9-1d23-57cb-9fc4-bdd0574a75b0;MATCHED;E;d4e4d501-7ea2-5fdf-b4b0-178ba61972f2;SHL-FLL-485001;;FT-FLL-20260923-0002;N3145J;N3145J;B62994;5173.00;LTR;529287.13;534460.13;5173.00;0.7953;KGL;MEA;24.00;GR;4114.09;COA-FLL-20260923-3;2026-09-23T23:28:02Z;SHL-DN-485001;Verified;fuel.ops@airline.com;2026-09-24T01:37:02Z;HD-FLL-16;MTR-HD-FLL-16;ELECTRONIC;2026-09-23T23:37:02Z;SEED_B6_ADSB;2026-09-23T23:37:02Z;SEED_B6_ADSB;9c95eb58-f985-5635-a96f-475b91e19674;1.2201;6311.58;USD
9816b8cb-9da7-524e-8350-db6c1026843a;caae0eb0-1790-5aaa-8c40-d782056acb1f;MATCHED;E;357e9fc7-4a13-5e06-b66a-300ba8e67a9e;BPA-MCO-339198;;FT-MCO-20260923-0001;N627JB;N627JB;B61694;5326.00;LTR;851185.92;856511.92;5326.00;0.7986;KGL;MEA;21.30;GR;4253.34;COA-MCO-20260923-3;2026-09-23T23:36:29Z;BPA-DN-339198;Verified;fuel.ops@airline.com;2026-09-24T01:46:29Z;HD-MCO-08;MTR-HD-MCO-08;ELECTRONIC;2026-09-23T23:46:29Z;SEED_B6_ADSB;2026-09-23T23:46:29Z;SEED_B6_ADSB;a802dce5-1e51-5329-ba73-e392a7f9283c;1.2297;6549.38;USD
c8705c4b-9627-517c-880f-7dd4a00b29ac;b2ab468f-c4cc-5070-b5ed-96e0df6cb7f2;MATCHED;E;948ec0ac-9d73-57af-a348-ac3790f9d70d;BPA-PHL-493051;;FT-PHL-20260923-0002;N3194J;N3194J;B6560;1267.00;LTR;334070.42;335337.42;1267.00;0.7959;KGL;MEA;18.10;GR;1008.41;COA-PHL-20260923-2;2026-09-23T23:18:36Z;BPA-DN-493051;Verified;fuel.ops@airline.com;2026-09-24T01:23:36Z;HD-PHL-21;MTR-HD-PHL-21;ELECTRONIC;2026-09-23T23:23:36Z;SEED_B6_ADSB;2026-09-23T23:23:36Z;SEED_B6_ADSB;234f8d88-b200-5f2b-95bf-57d0d2557c07;1.3091;1658.63;USD
df1b976b-9317-53d2-8bed-723994cd1d11;c4eab9f9-03f0-58fe-b789-d10f118d40e4;MATCHED;M;d8b479ab-54f8-5556-baf9-5fd8974711b5;WFS-RDU-697013;;FT-RDU-20260923-0001;N3267J;N3267J;B61486;2263.00;LTR;680327.30;682590.30;2263.00;0.8055;KGL;MEA;22.00;GR;1822.85;COA-RDU-20260923-1;2026-09-23T23:24:49Z;WFS-DN-697013;Verified;fuel.ops@airline.com;2026-09-24T01:31:49Z;RF-RDU-21;MTR-RF-RDU-21;MANUAL;2026-09-23T23:31:49Z;SEED_B6_ADSB;2026-09-23T23:31:49Z;SEED_B6_ADSB;70d1971e-3408-5751-b4aa-798a66b5e521;1.2634;2859.07;USD
9df8c30a-ee61-504a-8302-c423ca1fd160;ad687713-f9dc-5b26-8450-7c31621abf01;MATCHED;M;85993876-fceb-553f-acb0-65dac2b66980;AVF-JAX-322581;;FT-JAX-20260923-0001;N623JB;N623JB;B6810;5230.00;LTR;151304.70;156534.70;5230.00;0.7953;KGL;MEA;22.50;GR;4159.42;COA-JAX-20260923-1;2026-09-23T23:34:29Z;AVF-DN-322581;Verified;fuel.ops@airline.com;2026-09-24T01:46:29Z;RF-JAX-12;MTR-RF-JAX-12;MANUAL;2026-09-23T23:46:29Z;SEED_B6_ADSB;2026-09-23T23:46:29Z;SEED_B6_ADSB;911f3fe6-66c8-5dbd-878c-745e590dce80;1.2561;6569.4;USD
fd09e8e4-b792-55fd-9b27-faf851aacfdf;c7d4334f-1200-532c-b0a8-e3a65e6c575e;MATCHED;E;a8f62bd8-7700-5fa3-b14e-7b3628e8c8dd;SHL-FLL-485004;;FT-FLL-20260923-0003;N651JB;N651JB;B62581;5870.00;LTR;549927.06;555797.06;5870.00;0.7964;KGL;MEA;22.50;GR;4674.87;COA-FLL-20260923-3;2026-09-23T23:32:44Z;SHL-DN-485004;Verified;fuel.ops@airline.com;2026-09-24T01:42:44Z;HD-FLL-09;MTR-HD-FLL-09;ELECTRONIC;2026-09-23T23:42:44Z;SEED_B6_ADSB;2026-09-23T23:42:44Z;SEED_B6_ADSB;4354e8d8-5eab-52f5-8aeb-1682bc89615c;1.2201;7161.99;USD
3b97b090-541f-5c8f-bbc2-e7cd647ef955;4b595e3f-76bc-5441-8fcc-01554dab5c78;MATCHED;E;fc4f5f63-aae1-5ede-ab02-704893d5ff1d;WFS-FLL-457461;;FT-FLL-20260923-0004;N766JB;N766JB;B62626;4032.00;LTR;674669.19;678701.19;4032.00;0.7940;KGL;MEA;25.60;GR;3201.41;COA-FLL-20260923-3;2026-09-23T23:47:18Z;WFS-DN-457461;Verified;fuel.ops@airline.com;2026-09-24T01:55:18Z;HD-FLL-23;MTR-HD-FLL-23;ELECTRONIC;2026-09-23T23:55:18Z;SEED_B6_ADSB;2026-09-23T23:55:18Z;SEED_B6_ADSB;5db59471-1683-5df9-ab63-27d455c386a2;1.2238;4934.36;USD
4259fb71-6ef1-55d0-8f02-b6e2030d3f8e;c88bdef0-e27f-5053-9bb0-2e0b5b801204;MATCHED;E;8764b327-a2ba-53d4-ac54-a2f1710693cc;SHL-FLL-485005;;FT-FLL-20260923-0005;N968JT;N968JT;B6277;20245.00;LTR;529287.13;549532.13;20245.00;0.7950;KGL;MEA;24.30;GR;16094.78;COA-FLL-20260923-3;2026-09-23T23:50:55Z;SHL-DN-485005;Verified;fuel.ops@airline.com;2026-09-24T02:16:55Z;HD-FLL-16;MTR-HD-FLL-16;ELECTRONIC;2026-09-24T00:16:55Z;SEED_B6_ADSB;2026-09-24T00:16:55Z;SEED_B6_ADSB;b49c714a-ae39-520f-8c36-9722eb38769c;1.2201;24700.92;USD
750728cf-3e47-51f6-8ac3-a323ed0df19f;aeb4622d-481e-524e-919a-83e5e8cd335c;MATCHED;E;28962466-4401-58ae-b76d-47ad9647562c;WFS-FLL-457463;;FT-FLL-20260923-0006;N527JL;N527JL;B62279;7725.00;LTR;547750.46;555475.46;7725.00;0.7928;KGL;MEA;27.10;GR;6124.38;COA-FLL-20260923-3;2026-09-23T23:38:12Z;WFS-DN-457463;Verified;fuel.ops@airline.com;2026-09-24T01:50:12Z;HD-FLL-17;MTR-HD-FLL-17;ELECTRONIC;2026-09-23T23:50:12Z;SEED_B6_ADSB;2026-09-23T23:50:12Z;SEED_B6_ADSB;7538eaf8-5388-57c6-8ade-5d1aaf5fa811;1.2238;9453.85;USD
b4e05a3f-5195-527e-a638-53720b1398b3;ec9b882e-9bcc-59d9-9c6f-1b9efe1400e9;MATCHED;M;48a9fa22-f4cb-5e3c-8442-ccd584d006e3;SHL-PBI-381653;;FT-PBI-20260923-0002;N605JB;N605JB;B62322;7975.00;LTR;444483.07;452458.07;7975.00;0.8018;KGL;MEA;25.80;GR;6394.35;COA-PBI-20260923-3;2026-09-23T23:47:32Z;SHL-DN-381653;Verified;fuel.ops@airline.com;2026-09-24T02:04:32Z;RF-PBI-14;MTR-RF-PBI-14;MANUAL;2026-09-24T00:04:32Z;SEED_B6_ADSB;2026-09-24T00:04:32Z;SEED_B6_ADSB;eb67345a-6f03-5f5d-8f98-ecb96a32197a;1.2554;10011.82;USD
c71ffde3-9617-5973-ab7c-ca7ea36bbb75;7df5a1a4-5c91-5413-b898-39a1efb9141c;MATCHED;E;e6c4e19b-cf20-5f24-8676-07bd8d144137;SHL-FLL-485007;;FT-FLL-20260923-0007;N597JB;N597JB;B62271;7425.00;LTR;601866.46;609291.46;7425.00;0.7929;KGL;MEA;27.00;GR;5887.28;COA-FLL-20260923-3;2026-09-23T23:47:55Z;SHL-DN-485007;Verified;fuel.ops@airline.com;2026-09-24T01:59:55Z;HD-FLL-06;MTR-HD-FLL-06;ELECTRONIC;2026-09-23T23:59:55Z;SEED_B6_ADSB;2026-09-23T23:59:55Z;SEED_B6_ADSB;205c90e3-0851-5a14-a2f3-ca10c09fb023;1.2201;9059.24;USD
9abe759e-8f26-528f-9260-5e16e6357927;7be6e0c3-c391-5f1c-b6f9-726c9f920f96;MATCHED;M;1b203394-3613-5443-aa4e-a6de05f237db;BPA-DTW-753863;;FT-DTW-20260923-0001;N703JB;N703JB;B61136;4262.00;LTR;512364.10;516626.10;4262.00;0.8020;KGL;MEA;17.50;GR;3418.12;COA-DTW-20260923-2;2026-09-23T23:49:35Z;BPA-DN-753863;Verified;fuel.ops@airline.com;2026-09-24T02:00:35Z;RF-DTW-02;MTR-RF-DTW-02;MANUAL;2026-09-24T00:00:35Z;SEED_B6_ADSB;2026-09-24T00:00:35Z;SEED_B6_ADSB;901f0587-636c-52c5-b6af-21730d1635ad;1.2919;5506.08;USD
a4e6e87a-8676-50f3-8f8e-585f8fbdc78a;7a0043bf-12a0-5bd1-9e28-0a3f0dfa2822;MATCHED;E;740b757a-6379-592f-a56b-6e6a4ffe0d39;WFS-FLL-457466;;FT-FLL-20260923-0008;N568JB;N568JB;B62290;5693.00;LTR;598646.55;604339.55;5693.00;0.7953;KGL;MEA;23.90;GR;4527.64;COA-FLL-20260923-3;2026-09-23T23:38:17Z;WFS-DN-457466;Verified;fuel.ops@airline.com;2026-09-24T01:48:17Z;HD-FLL-24;MTR-HD-FLL-24;ELECTRONIC;2026-09-23T23:48:17Z;SEED_B6_ADSB;2026-09-23T23:48:17Z;SEED_B6_ADSB;583f0a45-180d-56ba-a1ef-a34f37b9788f;1.2238;6967.09;USD
d92d7a85-311c-5cf8-b7ca-ba380f56eee4;7b4f7306-760c-5761-af48-87564c476236;MATCHED;E;a2e13ecf-f510-5224-a387-c4fc32600eab;BPA-DCA-429136;;FT-DCA-20260923-0001;N3115J;N3115J;B62754;2445.00;LTR;534857.24;537302.24;2445.00;0.8061;KGL;MEA;16.60;GR;1970.91;COA-DCA-20260923-1;2026-09-23T23:49:00Z;BPA-DN-429136;Verified;fuel.ops@airline.com;2026-09-24T01:55:00Z;HD-DCA-05;MTR-HD-DCA-05;ELECTRONIC;2026-09-23T23:55:00Z;SEED_B6_ADSB;2026-09-23T23:55:00Z;SEED_B6_ADSB;997b5b8d-973f-5cfc-8f7d-bcb2898a76ad;1.2972;3171.65;USD
ff8c67ba-e331-58f5-9165-ca7aa3a33b86;e30b6ee6-3d0a-52aa-87d5-8921b79271a2;MATCHED;E;de045726-5958-5394-9a9c-9546506406fa;WFS-FLL-457468;;FT-FLL-20260923-0009;N554JB;N554JB;B6514;6702.00;LTR;529185.34;535887.34;6702.00;0.7968;KGL;MEA;22.00;GR;5340.15;COA-FLL-20260923-3;2026-09-23T23:57:40Z;WFS-DN-457468;Verified;fuel.ops@airline.com;2026-09-24T02:08:40Z;HD-FLL-10;MTR-HD-FLL-10;ELECTRONIC;2026-09-24T00:08:40Z;SEED_B6_ADSB;2026-09-24T00:08:40Z;SEED_B6_ADSB;514206d0-bcd7-5e0b-833f-4e7682b4656e;1.2238;8201.91;USD
7434abf4-ec8e-5a10-9d44-4ab5aad0077c;46d6032b-3292-5479-a51a-385d3a0112be;MATCHED;E;88af2c8e-6b05-5a67-bf26-08ca65a6d750;SHL-FLL-485010;;FT-FLL-20260923-0010;N625JB;N625JB;B61948;625.00;LTR;306390.55;307015.55;625.00;0.7934;KGL;MEA;26.30;GR;495.88;COA-FLL-20260923-3;2026-09-23T23:57:23Z;SHL-DN-485010;Verified;fuel.ops@airline.com;2026-09-24T02:01:23Z;HD-FLL-14;MTR-HD-FLL-14;ELECTRONIC;2026-09-24T00:01:23Z;SEED_B6_ADSB;2026-09-24T00:01:23Z;SEED_B6_ADSB;cf66ec76-2ab2-5d3a-9e61-284143264632;1.2201;762.56;USD
d852ea6b-1d53-5458-a74a-7f6bc1ede220;00dd4f07-0482-5bf3-9ccb-447caf952a71;MATCHED;E;52d3fb03-75ed-5285-a7b5-e676a6ec230f;SHL-FLL-485012;;FT-FLL-20260923-0011;N516JB;N516JB;B61196;6703.00;LTR;480837.81;487540.81;6703.00;0.7930;KGL;MEA;26.80;GR;5315.48;COA-FLL-20260923-3;2026-09-23T23:57:56Z;SHL-DN-485012;Verified;fuel.ops@airline.com;2026-09-24T02:08:56Z;HD-FLL-08;MTR-HD-FLL-08;ELECTRONIC;2026-09-24T00:08:56Z;SEED_B6_ADSB;2026-09-24T00:08:56Z;SEED_B6_ADSB;477eff4f-2397-5d64-b8af-9326528ff5e1;1.2201;8178.33;USD
943f9872-df9a-5bd8-b681-9aa857e9a5cb;86fd1915-0c64-576b-8675-7ac792a6a9cc;MATCHED;E;e0ef24df-2eb7-5983-be67-de87b5e589ee;SHL-JFK-512587;;FT-JFK-20260923-0003;N3244J;N3244J;B6719;4017.00;LTR;160084.71;164101.71;4017.00;0.7987;KGL;MEA;18.80;GR;3208.38;COA-JFK-20260923-2;2026-09-23T23:48:05Z;SHL-DN-512587;Verified;fuel.ops@airline.com;2026-09-24T01:56:05Z;HD-JFK-18;MTR-HD-JFK-18;ELECTRONIC;2026-09-23T23:56:05Z;SEED_B6_ADSB;2026-09-23T23:56:05Z;SEED_B6_ADSB;87d59fd2-d3a3-540f-a636-a95205d940aa;1.2973;5211.25;USD
c98f812e-c2b7-5a62-a21a-4983a4d6cfd8;8ff80120-b4d8-51f5-ac6f-f72fa6058682;MATCHED;E;ca4e3349-93e8-5c6b-840b-bb0c1f9e5ad9;WFS-BOS-478831;;FT-BOS-20260923-0002;N957JB;N957JB;B6251;9135.00;LTR;704649.18;713784.18;9135.00;0.7989;KGL;MEA;16.00;GR;7297.95;COA-BOS-20260923-1;2026-09-23T23:50:06Z;WFS-DN-478831;Verified;fuel.ops@airline.com;2026-09-24T02:04:06Z;HD-BOS-03;MTR-HD-BOS-03;ELECTRONIC;2026-09-24T00:04:06Z;SEED_B6_ADSB;2026-09-24T00:04:06Z;SEED_B6_ADSB;4081ee90-ddb5-571a-8a09-cd9fd51011c7;1.3014;11888.29;USD
dc7a0f10-acb8-5eec-be33-839139bf38e0;0039c4e6-f9f8-5b27-8bce-5f062a5e9fde;MATCHED;E;573ed117-7651-52d3-8869-2ba9d82fd7b4;WFS-FLL-457471;;FT-FLL-20260923-0012;N821JB;N821JB;B61905;2135.00;LTR;182945.94;185080.94;2135.00;0.7968;KGL;MEA;22.00;GR;1701.17;COA-FLL-20260923-3;2026-09-24T00:04:31Z;WFS-DN-457471;Verified;fuel.ops@airline.com;2026-09-24T02:10:31Z;HD-FLL-03;MTR-HD-FLL-03;ELECTRONIC;2026-09-24T00:10:31Z;SEED_B6_ADSB;2026-09-24T00:10:31Z;SEED_B6_ADSB;9ef3e735-ef21-52b3-87be-68875f444a85;1.2238;2612.81;USD
2fb70658-bde5-5279-a156-8835114025da;49198bbb-58d8-582f-9fbf-b47b25fb2796;MATCHED;E;ef90122d-9a8b-5585-82f7-20ad80456819;WFS-FLL-457474;;FT-FLL-20260923-0013;N663JB;N663JB;B61146;4686.00;LTR;517343.95;522029.95;4686.00;0.7941;KGL;MEA;25.50;GR;3721.15;COA-FLL-20260923-3;2026-09-24T00:02:57Z;WFS-DN-457474;Verified;fuel.ops@airline.com;2026-09-24T02:11:57Z;HD-FLL-20;MTR-HD-FLL-20;ELECTRONIC;2026-09-24T00:11:57Z;SEED_B6_ADSB;2026-09-24T00:11:57Z;SEED_B6_ADSB;1eefb141-af01-5c54-b4a7-87d874fee268;1.2238;5734.73;USD
5e3f4007-f1bb-53f0-ad45-6d1b23470639;e9f54994-4fb6-518e-a844-156faac0efe3;MATCHED;E;c8520f11-53d0-5dda-9262-00c13cb48c94;WFS-BOS-478833;;FT-BOS-20260923-0003;N4064J;N4064J;B631;17763.00;LTR;636849.64;654612.64;17763.00;0.8003;KGL;MEA;14.30;GR;14215.73;COA-BOS-20260923-1;2026-09-23T23:45:23Z;WFS-DN-478833;Verified;fuel.ops@airline.com;2026-09-24T02:08:23Z;HD-BOS-07;MTR-HD-BOS-07;ELECTRONIC;2026-09-24T00:08:23Z;SEED_B6_ADSB;2026-09-24T00:08:23Z;SEED_B6_ADSB;836cb900-5646-5804-8597-d9e540fdb3bd;1.3014;23116.77;USD
488fbca5-d81c-5c25-ae3c-b5e1dd797f47;4cd26717-6662-5ce3-ba14-e907a5e1e93d;MATCHED;E;aa719c34-2b1f-5129-9809-924eccdaa583;SHL-FLL-485015;;FT-FLL-20260923-0014;N584JB;N584JB;B6572;6213.00;LTR;480837.81;487050.81;6213.00;0.7937;KGL;MEA;25.90;GR;4931.26;COA-FLL-20260923-3;2026-09-23T23:59:27Z;SHL-DN-485015;Verified;fuel.ops@airline.com;2026-09-24T02:10:27Z;HD-FLL-08;MTR-HD-FLL-08;ELECTRONIC;2026-09-24T00:10:27Z;SEED_B6_ADSB;2026-09-24T00:10:27Z;SEED_B6_ADSB;105f2bf5-6313-5391-9d54-2b98be125224;1.2201;7580.48;USD
b2139b04-1300-51b5-a242-4acbeab99b8d;732b07c2-4468-5272-8244-c6e3b0ffb31a;MATCHED;E;22daf694-ffa2-5172-b445-ccdfbd0b5111;BPA-MCO-339200;;FT-MCO-20260923-0002;N3293J;N3293J;B61952;6250.00;LTR;602338.10;608588.10;6250.00;0.7972;KGL;MEA;23.10;GR;4982.5;COA-MCO-20260923-3;2026-09-24T00:06:02Z;BPA-DN-339200;Verified;fuel.ops@airline.com;2026-09-24T02:17:02Z;HD-MCO-10;MTR-HD-MCO-10;ELECTRONIC;2026-09-24T00:17:02Z;SEED_B6_ADSB;2026-09-24T00:17:02Z;SEED_B6_ADSB;39402ca0-0578-546c-a81d-a3d7aef27a57;1.2297;7685.63;USD
ab45de08-24b8-5ee6-a149-20f32e611078;145cbb84-d90a-5080-aa11-e6d6a6688324;MATCHED;E;1b9f3d2b-fb40-530b-9665-c1eb6c237195;WFS-FLL-457475;;FT-FLL-20260923-0015;N3280J;N3280J;B61590;5198.00;LTR;306390.55;311588.55;5198.00;0.7967;KGL;MEA;22.20;GR;4141.25;COA-FLL-20260923-3;2026-09-24T00:13:07Z;WFS-DN-457475;Verified;fuel.ops@airline.com;2026-09-24T02:22:07Z;HD-FLL-14;MTR-HD-FLL-14;ELECTRONIC;2026-09-24T00:22:07Z;SEED_B6_ADSB;2026-09-24T00:22:07Z;SEED_B6_ADSB;a42a5690-7bc8-5a3e-ad23-5b51a41bfe08;1.2238;6361.31;USD
84563474-8428-5c7f-bcb8-0bc1d943caab;3a407b44-0ac4-5cd2-9a1b-2ab8911078fa;MATCHED;E;b9e0f10c-e649-5f7a-a703-6f1c1d384305;WFS-JFK-403741;;FT-JFK-20260923-0004;N3269J;N3269J;B62768;2331.00;LTR;784351.39;786682.39;2331.00;0.8009;KGL;MEA;16.00;GR;1866.9;COA-JFK-20260923-2;2026-09-23T23:57:24Z;WFS-DN-403741;Verified;fuel.ops@airline.com;2026-09-24T02:03:24Z;HD-JFK-01;MTR-HD-JFK-01;ELECTRONIC;2026-09-24T00:03:24Z;SEED_B6_ADSB;2026-09-24T00:03:24Z;SEED_B6_ADSB;313a39d2-3f1c-5879-a95e-25eff4a314d5;1.2886;3003.73;USD
a07e826a-5722-59bc-a379-cd4e869eeae2;7af3c103-5e87-5783-9bd2-869b6345270f;MATCHED;E;f39c4204-2066-5ae5-a907-6a81fc12c5ec;SHL-BOS-696782;;FT-BOS-20260923-0004;N3121J;N3121J;B6845;1468.00;LTR;715898.90;717366.90;1468.00;0.7972;KGL;MEA;18.20;GR;1170.29;COA-BOS-20260923-1;2026-09-23T23:55:58Z;SHL-DN-696782;Verified;fuel.ops@airline.com;2026-09-24T02:00:58Z;HD-BOS-21;MTR-HD-BOS-21;ELECTRONIC;2026-09-24T00:00:58Z;SEED_B6_ADSB;2026-09-24T00:00:58Z;SEED_B6_ADSB;194678e1-e094-51f2-8123-2a8810111822;1.2981;1905.61;USD
3acbc89e-6619-55b4-bdcd-40738afbc5dd;59bb0b46-0222-5a95-a3c2-ac75f7d17634;MATCHED;E;ef64644e-74c7-5143-8a9d-1e6a1668185c;SHL-FLL-485016;;FT-FLL-20260923-0016;N784JB;N784JB;B6460;7061.00;LTR;552125.99;559186.99;7061.00;0.7945;KGL;MEA;24.90;GR;5609.96;COA-FLL-20260923-3;2026-09-23T23:53:50Z;SHL-DN-485016;Verified;fuel.ops@airline.com;2026-09-24T02:04:50Z;HD-FLL-01;MTR-HD-FLL-01;ELECTRONIC;2026-09-24T00:04:50Z;SEED_B6_ADSB;2026-09-24T00:04:50Z;SEED_B6_ADSB;fa8a0fb4-1d10-5fa7-8aa4-8b00a5811d1d;1.2201;8615.13;USD
988e6abc-334e-51e9-8cb5-2cfea45a64cb;f7d544b5-8d74-5cf7-b483-e6667a305fec;MATCHED;E;f6003223-0677-5df5-9216-89899d653fe3;WFS-FLL-457476;;FT-FLL-20260923-0017;N637JB;N637JB;B670;7776.00;LTR;220182.79;227958.79;7776.00;0.7939;KGL;MEA;25.70;GR;6173.37;COA-FLL-20260923-3;2026-09-24T00:01:21Z;WFS-DN-457476;Verified;fuel.ops@airline.com;2026-09-24T02:13:21Z;HD-FLL-19;MTR-HD-FLL-19;ELECTRONIC;2026-09-24T00:13:21Z;SEED_B6_ADSB;2026-09-24T00:13:21Z;SEED_B6_ADSB;22606718-64f4-5d1c-abed-2c39634a3bc4;1.2238;9516.27;USD
d8eb9c81-a165-5bab-9908-44f0cfcf3235;0a2ef300-efa3-5269-96cc-0ca1d2ebb2fc;MATCHED;E;1170b1c9-9d69-5d0d-9c4d-d6361f0874bf;SHL-FLL-485019;;FT-FLL-20260923-0018;N636JB;N636JB;B6376;6282.00;LTR;131848.64;138130.64;6282.00;0.7929;KGL;MEA;27.00;GR;4981;COA-FLL-20260923-3;2026-09-24T00:09:43Z;SHL-DN-485019;Verified;fuel.ops@airline.com;2026-09-24T02:20:43Z;HD-FLL-07;MTR-HD-FLL-07;ELECTRONIC;2026-09-24T00:20:43Z;SEED_B6_ADSB;2026-09-24T00:20:43Z;SEED_B6_ADSB;06b66b57-6528-57d5-8884-f8d2770e444f;1.2201;7664.67;USD
67e5c298-6753-5171-ace7-cc73f57e88be;97903473-f55f-55eb-9ed5-3a8856ef6b0f;MATCHED;E;89b7ba54-ea08-5093-9b70-eb391c7eeb90;WFS-BOS-478834;;FT-BOS-20260923-0005;N3322J;N3322J;B6159;1931.00;LTR;790174.89;792105.89;1931.00;0.7957;KGL;MEA;20.00;GR;1536.5;COA-BOS-20260923-1;2026-09-23T23:57:09Z;WFS-DN-478834;Verified;fuel.ops@airline.com;2026-09-24T02:03:09Z;HD-BOS-08;MTR-HD-BOS-08;ELECTRONIC;2026-09-24T00:03:09Z;SEED_B6_ADSB;2026-09-24T00:03:09Z;SEED_B6_ADSB;33bc6c6d-487a-573d-8f5c-4664b5bd1a58;1.3014;2513;USD
4b41c165-34d3-5dbb-a90d-fed590c43c33;014b6b31-8f29-595b-8d8a-ccc098bef6fb;MATCHED;E;c6f681b2-56db-5cc4-bf29-99ffaaf130f7;WFS-FLL-457477;;FT-FLL-20260923-0019;N976JT;N976JT;B6607;16301.00;LTR;182945.94;199246.94;16301.00;0.7960;KGL;MEA;23.10;GR;12975.6;COA-FLL-20260923-3;2026-09-24T00:17:12Z;WFS-DN-457477;Verified;fuel.ops@airline.com;2026-09-24T02:39:12Z;HD-FLL-03;MTR-HD-FLL-03;ELECTRONIC;2026-09-24T00:39:12Z;SEED_B6_ADSB;2026-09-24T00:39:12Z;SEED_B6_ADSB;34959b79-3993-5256-9364-9543b1be4a6f;1.2238;19949.16;USD
73be3915-1ee0-57b7-b7da-e607f6b00771;4a66de1f-6227-5ea9-a359-b479fd57b555;MATCHED;E;4ccebcc1-cf26-57f2-8b4d-2fbf2998eb28;WFS-FLL-457480;;FT-FLL-20260923-0020;N705JB;N705JB;B62779;6177.00;LTR;547750.46;553927.46;6177.00;0.7943;KGL;MEA;25.20;GR;4906.39;COA-FLL-20260923-3;2026-09-24T00:10:04Z;WFS-DN-457480;Verified;fuel.ops@airline.com;2026-09-24T02:21:04Z;HD-FLL-17;MTR-HD-FLL-17;ELECTRONIC;2026-09-24T00:21:04Z;SEED_B6_ADSB;2026-09-24T00:21:04Z;SEED_B6_ADSB;60d6b3ef-19b3-5871-881c-b9ddd8323492;1.2238;7559.41;USD
6f5c47ba-659c-544c-8590-9b1c8fc5e40e;924449a1-5301-5de2-9753-fdd123a552ab;MATCHED;E;4ad9aafc-1a3f-585e-9a60-5ca14def913a;WFS-JFK-403744;;FT-JFK-20260923-0005;N937JB;N937JB;B6515;19905.00;LTR;601934.55;621839.55;19905.00;0.7989;KGL;MEA;18.50;GR;15902.1;COA-JFK-20260923-2;2026-09-24T00:07:55Z;WFS-DN-403744;Verified;fuel.ops@airline.com;2026-09-24T02:33:55Z;HD-JFK-22;MTR-HD-JFK-22;ELECTRONIC;2026-09-24T00:33:55Z;SEED_B6_ADSB;2026-09-24T00:33:55Z;SEED_B6_ADSB;47fcec99-22a4-57b4-897b-c034f143a760;1.2886;25649.58;USD
3084b85d-04fc-5d5a-94c0-0c699441280d;63f78bdf-f9c8-552d-8014-1980a9f63fab;MATCHED;M;d4c8e563-5e0d-577a-aacf-d2dd24187c56;CGA-MSY-537673;;FT-MSY-20260923-0001;N521JB;N521JB;B6400;10473.00;LTR;835835.15;846308.15;10473.00;0.7939;KGL;MEA;22.80;GR;8314.51;COA-MSY-20260923-2;2026-09-24T00:24:42Z;CGA-DN-537673;Verified;fuel.ops@airline.com;2026-09-24T02:45:42Z;RF-MSY-22;MTR-RF-MSY-22;MANUAL;2026-09-24T00:45:42Z;SEED_B6_ADSB;2026-09-24T00:45:42Z;SEED_B6_ADSB;ce677465-21b9-5877-a025-a85442a49184;1.2370;12955.1;USD
4b7d3b5d-de8a-5ec6-b8fd-177f8fd815b6;90b75f21-987a-5154-a0d1-63ec11d1ae92;MATCHED;E;8a27363f-4ba6-5096-8109-1b207f2f9934;WFS-BOS-478836;;FT-BOS-20260923-0006;N4083J;N4083J;B6345;20471.00;LTR;786580.02;807051.02;20471.00;0.7984;KGL;MEA;16.70;GR;16344.05;COA-BOS-20260923-1;2026-09-24T00:13:00Z;WFS-DN-478836;Verified;fuel.ops@airline.com;2026-09-24T02:39:00Z;HD-BOS-05;MTR-HD-BOS-05;ELECTRONIC;2026-09-24T00:39:00Z;SEED_B6_ADSB;2026-09-24T00:39:00Z;SEED_B6_ADSB;5c4974fe-1530-5415-9ec9-da6e012c0a89;1.3014;26640.96;USD
d43b0051-93ba-59ac-80a4-5181ea56a22e;ed1245c0-0b32-5182-adc4-6c00ef195f6e;MATCHED;E;d9c4e7d4-0fe0-58ae-881b-f6efd5daa4f0;WFS-LGA-756500;;FT-LGA-20260923-0001;N828JB;N828JB;B6571;8700.00;LTR;320141.51;328841.51;8700.00;0.8060;KGL;MEA;19.40;GR;7012.2;COA-LGA-20260923-2;2026-09-24T00:13:15Z;WFS-DN-756500;Verified;fuel.ops@airline.com;2026-09-24T02:26:15Z;HD-LGA-16;MTR-HD-LGA-16;ELECTRONIC;2026-09-24T00:26:15Z;SEED_B6_ADSB;2026-09-24T00:26:15Z;SEED_B6_ADSB;78456c96-f3de-5fd2-b161-7eb8f1c41483;1.2939;11256.93;USD
b9ec005a-51d4-535f-a65f-de8911629cf9;c0b02832-f83b-56fb-8d44-a92c4d95cf5f;MATCHED;E;0dc9f67e-6b75-575f-b233-6d1cf088e598;SHL-BOS-696783;;FT-BOS-20260923-0007;N3162J;N3162J;B61337;3468.00;LTR;874630.49;878098.49;3468.00;0.7969;KGL;MEA;18.50;GR;2763.65;COA-BOS-20260923-1;2026-09-24T00:27:04Z;SHL-DN-696783;Verified;fuel.ops@airline.com;2026-09-24T02:34:04Z;HD-BOS-14;MTR-HD-BOS-14;ELECTRONIC;2026-09-24T00:34:04Z;SEED_B6_ADSB;2026-09-24T00:34:04Z;SEED_B6_ADSB;8b685543-b29f-5824-99d8-f84c1f380d58;1.2981;4501.81;USD
27d85f9f-060d-5d5d-afc0-462170f688f4;7793ebb0-5c10-5bfe-b8b2-b743bbc67be9;MATCHED;E;dd31415f-0c48-51c1-81d9-e67ee84b796c;WFS-FLL-457482;;FT-FLL-20260923-0021;N3149J;N3149J;B62080;5416.00;LTR;480837.81;486253.81;5416.00;0.7972;KGL;MEA;21.60;GR;4317.64;COA-FLL-20260923-3;2026-09-24T00:30:24Z;WFS-DN-457482;Verified;fuel.ops@airline.com;2026-09-24T02:40:24Z;HD-FLL-08;MTR-HD-FLL-08;ELECTRONIC;2026-09-24T00:40:24Z;SEED_B6_ADSB;2026-09-24T00:40:24Z;SEED_B6_ADSB;09fb0713-961e-51fb-858e-726ba66fb578;1.2238;6628.1;USD
e4643d7d-ec09-5eb9-882d-3e9bd87973f8;97f0eb42-da68-51f3-8205-69df65cdee62;MATCHED;E;feae81a0-2c80-58ba-a141-47444048b4a8;SHL-FLL-485022;;FT-FLL-20260923-0022;N961JT;N961JT;B62501;16626.00;LTR;549927.06;566553.06;16626.00;0.7953;KGL;MEA;24.00;GR;13222.66;COA-FLL-20260923-3;2026-09-24T00:34:53Z;SHL-DN-485022;Verified;fuel.ops@airline.com;2026-09-24T02:56:53Z;HD-FLL-09;MTR-HD-FLL-09;ELECTRONIC;2026-09-24T00:56:53Z;SEED_B6_ADSB;2026-09-24T00:56:53Z;SEED_B6_ADSB;f41d052e-821c-5427-8cad-3fe0be019f11;1.2201;20285.38;USD
3ec08186-ab70-5b0f-adaf-00bde5761fa3;905a288b-e1bd-5106-b413-3d84064ac7e4;MATCHED;E;55284e7f-d05e-5f91-bebf-5a026abe2caf;SHL-FLL-485023;;FT-FLL-20260923-0023;N566JB;N566JB;B618;952.00;LTR;547750.46;548702.46;952.00;0.7971;KGL;MEA;21.70;GR;758.84;COA-FLL-20260923-3;2026-09-24T00:45:29Z;SHL-DN-485023;Verified;fuel.ops@airline.com;2026-09-24T02:50:29Z;HD-FLL-17;MTR-HD-FLL-17;ELECTRONIC;2026-09-24T00:50:29Z;SEED_B6_ADSB;2026-09-24T00:50:29Z;SEED_B6_ADSB;d1d07c6b-bb49-5473-a4ee-267f84f95dc3;1.2201;1161.54;USD
51756438-51a3-5d4c-be3a-0ef223a1dcd3;97eee791-cf01-5ff8-979c-4473b06b4896;MATCHED;E;e6dda3c2-f2d8-53fa-93ad-8061813e834e;SHL-FLL-485026;;FT-FLL-20260923-0024;N706JB;N706JB;B62149;4652.00;LTR;547750.46;552402.46;4652.00;0.7957;KGL;MEA;23.40;GR;3701.6;COA-FLL-20260923-3;2026-09-24T00:44:48Z;SHL-DN-485026;Verified;fuel.ops@airline.com;2026-09-24T02:53:48Z;HD-FLL-17;MTR-HD-FLL-17;ELECTRONIC;2026-09-24T00:53:48Z;SEED_B6_ADSB;2026-09-24T00:53:48Z;SEED_B6_ADSB;4545ca9b-fa62-54b6-8866-55a64e43f275;1.2201;5675.91;USD
3cab90e6-a64b-5d5f-ab11-7009dca59785;b2aff226-f2f4-59f8-aa9f-42f015212971;MATCHED;E;8e349b0f-09dc-5242-9dcc-81920730a53e;WFS-JFK-403745;;FT-JFK-20260923-0006;N982JB;N982JB;B61223;20141.00;LTR;784351.39;804492.39;20141.00;0.8012;KGL;MEA;15.60;GR;16136.97;COA-JFK-20260923-2;2026-09-24T00:47:08Z;WFS-DN-403745;Verified;fuel.ops@airline.com;2026-09-24T03:13:08Z;HD-JFK-01;MTR-HD-JFK-01;ELECTRONIC;2026-09-24T01:13:08Z;SEED_B6_ADSB;2026-09-24T01:13:08Z;SEED_B6_ADSB;7967923e-9de6-5ef2-9c7f-41d5ab25c1d9;1.2886;25953.69;USD
fc5aa349-08b3-5915-9e95-a606e4776a62;7c75cb0c-2a27-509b-b8bb-a4072965390c;MATCHED;E;1e73c918-2a21-52c7-b707-e3510db892f0;SHL-FLL-485028;;FT-FLL-20260923-0025;N583JB;N583JB;B6863;8513.00;LTR;529287.13;537800.13;8513.00;0.7931;KGL;MEA;26.70;GR;6751.66;COA-FLL-20260923-3;2026-09-24T00:40:31Z;SHL-DN-485028;Verified;fuel.ops@airline.com;2026-09-24T02:53:31Z;HD-FLL-16;MTR-HD-FLL-16;ELECTRONIC;2026-09-24T00:53:31Z;SEED_B6_ADSB;2026-09-24T00:53:31Z;SEED_B6_ADSB;6f799bd2-575b-56af-b5c3-2e51c5a28e8b;1.2201;10386.71;USD
c7cde040-fdf2-5d63-8048-1f3a13c48392;7082882e-ca98-53b6-a10c-5426628ab4d9;MATCHED;E;69968cc5-c824-5e7b-adf2-3e784220d807;WFS-BOS-478839;;FT-BOS-20260923-0008;N4076J;N4076J;B633;17507.00;LTR;887610.30;905117.30;17507.00;0.7998;KGL;MEA;14.90;GR;14002.1;COA-BOS-20260923-1;2026-09-24T00:48:23Z;WFS-DN-478839;Verified;fuel.ops@airline.com;2026-09-24T03:11:23Z;HD-BOS-23;MTR-HD-BOS-23;ELECTRONIC;2026-09-24T01:11:23Z;SEED_B6_ADSB;2026-09-24T01:11:23Z;SEED_B6_ADSB;f69f0984-984a-5ba8-8612-c1c4374c8355;1.3014;22783.61;USD
8974e864-180a-564b-ac99-5e8b1bb60ae1;1ddfd732-2a89-5727-862d-426cc622c9c1;MATCHED;E;9f03bb0b-942e-59e1-aa63-cf33eaf00f8f;SHL-JFK-512588;;FT-JFK-20260923-0007;N4058J;N4058J;B67;18802.00;LTR;784351.39;803153.39;18802.00;0.8001;KGL;MEA;17.00;GR;15043.48;COA-JFK-20260923-2;2026-09-24T00:52:12Z;SHL-DN-512588;Verified;fuel.ops@airline.com;2026-09-24T03:16:12Z;HD-JFK-01;MTR-HD-JFK-01;ELECTRONIC;2026-09-24T01:16:12Z;SEED_B6_ADSB;2026-09-24T01:16:12Z;SEED_B6_ADSB;a5ffe549-c0e9-5940-ad8f-ccfe0722fb91;1.2973;24391.83;USD
e54a1c66-b649-5011-8fe9-0adc4494a10e;a8d62b47-2d0a-55c8-8c26-80adbc3406c7;MATCHED;E;b266bec8-6d01-5c40-9416-b022967d2c60;SHL-JFK-512591;;FT-JFK-20260923-0008;N4074J;N4074J;B6841;17121.00;LTR;305736.95;322857.95;17121.00;0.7981;KGL;MEA;19.50;GR;13664.27;COA-JFK-20260923-2;2026-09-24T01:02:14Z;SHL-DN-512591;Verified;fuel.ops@airline.com;2026-09-24T03:25:14Z;HD-JFK-17;MTR-HD-JFK-17;ELECTRONIC;2026-09-24T01:25:14Z;SEED_B6_ADSB;2026-09-24T01:25:14Z;SEED_B6_ADSB;a9a500cf-f0b7-54f7-951e-68701e63b412;1.2973;22211.07;USD
7c67c3fb-0f85-5b1e-82e4-e2df0327c26e;9a66915c-e527-5e3e-a920-14b9a02321b8;MATCHED;E;c5d3fc75-05fc-5fdc-bc65-89ae4dec1471;BPA-ORD-551287;;FT-ORD-20260923-0001;N3241J;N3241J;B61012;5661.00;LTR;118442.40;124103.40;5661.00;0.7993;KGL;MEA;18.50;GR;4524.84;COA-ORD-20260923-2;2026-09-24T00:53:04Z;BPA-DN-551287;Verified;fuel.ops@airline.com;2026-09-24T03:03:04Z;HD-ORD-02;MTR-HD-ORD-02;ELECTRONIC;2026-09-24T01:03:04Z;SEED_B6_ADSB;2026-09-24T01:03:04Z;SEED_B6_ADSB;e8da7cdf-7df4-563f-8b43-dece86a4c8d4;1.2273;6947.75;USD
54756880-6ab4-5a57-94ff-64b8c6ed63df;aa773cdb-8c32-5820-b250-c35e5125a2f0;MATCHED;E;020cf1ce-cd63-5ff6-ab22-91d0c5b406b0;WFS-JFK-403747;;FT-JFK-20260923-0009;N2199J;N2199J;B673;17862.00;LTR;566893.23;584755.23;17862.00;0.7992;KGL;MEA;18.10;GR;14275.31;COA-JFK-20260923-2;2026-09-24T00:49:33Z;WFS-DN-403747;Verified;fuel.ops@airline.com;2026-09-24T03:12:33Z;HD-JFK-03;MTR-HD-JFK-03;ELECTRONIC;2026-09-24T01:12:33Z;SEED_B6_ADSB;2026-09-24T01:12:33Z;SEED_B6_ADSB;4fb51803-f502-5a9f-9d28-7479234bc50e;1.2886;23016.97;USD
e0ba3394-7a1d-517e-86f9-ca64bc81c672;dcda272f-d05c-5719-8994-d2acf2a28860;MATCHED;E;5c8c6480-5e25-5a13-ba1a-ae6a8ac1d0e3;BPA-DCA-429138;;FT-DCA-20260923-0002;N3260J;N3260J;B61854;1607.00;LTR;192215.15;193822.15;1607.00;0.8061;KGL;MEA;16.60;GR;1295.4;COA-DCA-20260923-1;2026-09-24T01:10:53Z;BPA-DN-429138;Verified;fuel.ops@airline.com;2026-09-24T03:15:53Z;HD-DCA-20;MTR-HD-DCA-20;ELECTRONIC;2026-09-24T01:15:53Z;SEED_B6_ADSB;2026-09-24T01:15:53Z;SEED_B6_ADSB;5fdb1bd4-a9f2-5ab8-9193-22a8b4fa9c74;1.2972;2084.6;USD
29e4be65-a463-580c-813e-fefde12c6061;b9293520-71ae-5948-937d-b5a5393ce0e5;MATCHED;E;29696992-a904-5a8e-86ae-d446feda9a4d;WFS-FLL-457483;;FT-FLL-20260923-0026;N615JB;N615JB;B62823;4770.00;LTR;327818.41;332588.41;4770.00;0.7943;KGL;MEA;25.20;GR;3788.81;COA-FLL-20260923-3;2026-09-24T01:18:15Z;WFS-DN-457483;Verified;fuel.ops@airline.com;2026-09-24T03:27:15Z;HD-FLL-13;MTR-HD-FLL-13;ELECTRONIC;2026-09-24T01:27:15Z;SEED_B6_ADSB;2026-09-24T01:27:15Z;SEED_B6_ADSB;a17b9dc0-b814-511b-9718-3e7ac61c9975;1.2238;5837.53;USD
689ca8b8-b5b2-5df9-9239-18827f3cbdd3;ddac33ec-aa9c-5ca8-b4f7-fbafd38c0555;MATCHED;E;464f97ee-55b9-50ed-9f9e-9af93a34178b;WFS-JFK-403749;;FT-JFK-20260923-0010;N520JB;N520JB;B6820;3716.00;LTR;581962.27;585678.27;3716.00;0.8015;KGL;MEA;15.30;GR;2978.37;COA-JFK-20260923-2;2026-09-24T01:19:01Z;WFS-DN-403749;Verified;fuel.ops@airline.com;2026-09-24T03:27:01Z;HD-JFK-10;MTR-HD-JFK-10;ELECTRONIC;2026-09-24T01:27:01Z;SEED_B6_ADSB;2026-09-24T01:27:01Z;SEED_B6_ADSB;e43cb953-9585-58c0-a8fe-d5457ad98ac1;1.2886;4788.44;USD
690d9b23-5bdc-540b-b745-8eb6ab5c892a;c07b38b7-f836-52da-8ea9-7bdbbcabbc5a;MATCHED;M;a507c190-f51d-555b-a014-431b75f6fa39;WFS-HPN-788001;;FT-HPN-20260923-0001;N608JB;N608JB;B6195;6335.00;LTR;116711.39;123046.39;6335.00;0.8103;KGL;MEA;16.60;GR;5133.25;COA-HPN-20260923-1;2026-09-24T01:33:59Z;WFS-DN-788001;Verified;fuel.ops@airline.com;2026-09-24T03:47:59Z;RF-HPN-19;MTR-RF-HPN-19;MANUAL;2026-09-24T01:47:59Z;SEED_B6_ADSB;2026-09-24T01:47:59Z;SEED_B6_ADSB;655eb34e-86d5-5f07-83a9-bb85923fd17f;1.3454;8523.11;USD
ab1760bb-8209-500c-9696-218d57ea373f;fc073244-26d9-55cb-b6d9-e5a9e2d2d7f8;MATCHED;E;49a99d58-9231-5c8f-b88a-61adb402f1dd;WFS-JFK-403751;;FT-JFK-20260923-0011;N991JT;N991JT;B6923;19362.00;LTR;341997.46;361359.46;19362.00;0.7992;KGL;MEA;18.20;GR;15474.11;COA-JFK-20260923-2;2026-09-24T01:30:29Z;WFS-DN-403751;Verified;fuel.ops@airline.com;2026-09-24T03:55:29Z;HD-JFK-21;MTR-HD-JFK-21;ELECTRONIC;2026-09-24T01:55:29Z;SEED_B6_ADSB;2026-09-24T01:55:29Z;SEED_B6_ADSB;c6d16e86-95b5-54be-b134-b8973136c63f;1.2886;24949.87;USD
74eba269-95cd-581c-a8e1-817224b29283;6807e75d-1f92-5b7f-8ebf-70e339e092f6;MATCHED;E;6db0b749-c2b6-58ff-8d4b-d1d12e603c24;SHL-FLL-485031;;FT-FLL-20260923-0027;N995JL;N995JL;B61902;6081.00;LTR;220182.79;226263.79;6081.00;0.7934;KGL;MEA;26.30;GR;4824.67;COA-FLL-20260923-3;2026-09-24T01:29:54Z;SHL-DN-485031;Verified;fuel.ops@airline.com;2026-09-24T03:39:54Z;HD-FLL-19;MTR-HD-FLL-19;ELECTRONIC;2026-09-24T01:39:54Z;SEED_B6_ADSB;2026-09-24T01:39:54Z;SEED_B6_ADSB;d7c6a088-d695-5b0b-b1fe-5df0fd036e80;1.2201;7419.43;USD
1ff7d9d5-cb09-5577-921b-084c8528accb;d180d834-4bd3-5ab3-9d36-d3e971a00fcf;MATCHED;E;b46c4127-9e61-5c99-8ec3-c9910036d76b;WFS-JFK-403752;;FT-JFK-20260923-0012;N3139J;N3139J;B61195;3253.00;LTR;160084.71;163337.71;3253.00;0.7991;KGL;MEA;18.30;GR;2599.47;COA-JFK-20260923-2;2026-09-24T01:36:22Z;WFS-DN-403752;Verified;fuel.ops@airline.com;2026-09-24T03:43:22Z;HD-JFK-18;MTR-HD-JFK-18;ELECTRONIC;2026-09-24T01:43:22Z;SEED_B6_ADSB;2026-09-24T01:43:22Z;SEED_B6_ADSB;6749e0de-a162-5adb-985e-a87a400a59cd;1.2886;4191.82;USD
04a5490b-daba-5592-ae37-fb88cdd25691;c884db63-9f28-5d73-90ce-1aa1a8dac227;MATCHED;E;c7b8e633-9d35-5d15-b993-e577a7a1db56;SHL-JFK-512594;;FT-JFK-20260923-0013;N571JB;N571JB;B61186;2118.00;LTR;160084.71;162202.71;2118.00;0.7991;KGL;MEA;18.30;GR;1692.49;COA-JFK-20260923-2;2026-09-24T01:40:15Z;SHL-DN-512594;Verified;fuel.ops@airline.com;2026-09-24T03:46:15Z;HD-JFK-18;MTR-HD-JFK-18;ELECTRONIC;2026-09-24T01:46:15Z;SEED_B6_ADSB;2026-09-24T01:46:15Z;SEED_B6_ADSB;91849812-dde4-517d-be0e-ce84eff23fde;1.2973;2747.68;USD
80471275-fa31-5921-a8af-637d13cd1872;18e4010d-3f21-512b-a1a2-8f045d7710c6;MATCHED;E;56f439e5-21b3-56fa-ab7d-8ae55491d0ce;SHL-BOS-696786;;FT-BOS-20260923-0009;N564JB;N564JB;B6591;7922.00;LTR;636849.64;644771.64;7922.00;0.7961;KGL;MEA;19.50;GR;6306.7;COA-BOS-20260923-1;2026-09-24T01:28:46Z;SHL-DN-696786;Verified;fuel.ops@airline.com;2026-09-24T03:40:46Z;HD-BOS-07;MTR-HD-BOS-07;ELECTRONIC;2026-09-24T01:40:46Z;SEED_B6_ADSB;2026-09-24T01:40:46Z;SEED_B6_ADSB;4056ffd9-9d9c-577b-9dbd-43fe9e032659;1.2981;10283.55;USD
93baa3ec-84de-51bc-8495-3488293db176;387d867a-2b39-5d5b-9d2b-c00f210a52a5;MATCHED;E;8f43abda-8ebf-59d0-83ce-3b7e4887360b;SHL-BOS-696789;;FT-BOS-20260923-0010;N4048J;N4048J;B62261;18010.00;LTR;862082.95;880092.95;18010.00;0.7979;KGL;MEA;17.30;GR;14370.18;COA-BOS-20260923-1;2026-09-24T01:45:57Z;SHL-DN-696789;Verified;fuel.ops@airline.com;2026-09-24T04:09:57Z;HD-BOS-06;MTR-HD-BOS-06;ELECTRONIC;2026-09-24T02:09:57Z;SEED_B6_ADSB;2026-09-24T02:09:57Z;SEED_B6_ADSB;e9df6fac-e125-58d3-a1b0-7e62a04a4ec5;1.2981;23378.78;USD
f69c1ee9-7c5c-5c5b-aa53-4f78a7fc4890;f0afc7fc-f975-54a9-bf19-aafcbd81756c;MATCHED;E;7995df96-aec9-53d6-8331-f9c917df70c7;SHL-JFK-512596;;FT-JFK-20260923-0014;N834JB;N834JB;B6308;1337.00;LTR;160084.71;161421.71;1337.00;0.7996;KGL;MEA;17.60;GR;1069.07;COA-JFK-20260923-2;2026-09-24T01:46:12Z;SHL-DN-512596;Verified;fuel.ops@airline.com;2026-09-24T03:51:12Z;HD-JFK-18;MTR-HD-JFK-18;ELECTRONIC;2026-09-24T01:51:12Z;SEED_B6_ADSB;2026-09-24T01:51:12Z;SEED_B6_ADSB;f0d51010-3adb-5880-904f-29f447c4b4cb;1.2973;1734.49;USD
bc2cf775-8d0b-5556-9172-2742c336e04b;a3c7d7ab-7424-5fda-a227-987330f4476a;MATCHED;E;abdd6460-743b-50b6-a2cf-cecd68a68705;WFS-JFK-403753;;FT-JFK-20260923-0015;N3138J;N3138J;B61516;966.00;LTR;872666.16;873632.16;966.00;0.8009;KGL;MEA;16.00;GR;773.67;COA-JFK-20260923-2;2026-09-24T01:53:51Z;WFS-DN-403753;Verified;fuel.ops@airline.com;2026-09-24T03:58:51Z;HD-JFK-07;MTR-HD-JFK-07;ELECTRONIC;2026-09-24T01:58:51Z;SEED_B6_ADSB;2026-09-24T01:58:51Z;SEED_B6_ADSB;4d06d723-24ae-58de-9e0c-e8b8c3ae8292;1.2886;1244.79;USD
09f196b7-a884-55ac-830c-4d6b0a836ca7;c6bfb849-907d-5327-b3e1-874dc8e85dc6;MATCHED;E;83f2f99e-cdbd-5bbe-8362-a76ebd4aa46a;WFS-BOS-478840;;FT-BOS-20260923-0011;N943JT;N943JT;B6413;19263.00;LTR;340757.81;360020.81;19263.00;0.7987;KGL;MEA;16.30;GR;15385.36;COA-BOS-20260923-1;2026-09-24T01:53:17Z;WFS-DN-478840;Verified;fuel.ops@airline.com;2026-09-24T04:18:17Z;HD-BOS-12;MTR-HD-BOS-12;ELECTRONIC;2026-09-24T02:18:17Z;SEED_B6_ADSB;2026-09-24T02:18:17Z;SEED_B6_ADSB;efb4bbba-51eb-5265-a308-c637275722fe;1.3014;25068.87;USD
e7b0c325-2388-5f66-a77e-41233b2dbfb7;119f8960-1c2c-5abd-8fe9-fb05970537eb;MATCHED;E;674e9eec-781c-5e02-a5c2-9cce1c18b5e2;SHL-JFK-512598;;FT-JFK-20260923-0016;N561JB;N561JB;B6675;941.00;LTR;286963.93;287904.93;941.00;0.7998;KGL;MEA;17.40;GR;752.61;COA-JFK-20260923-2;2026-09-24T01:45:26Z;SHL-DN-512598;Verified;fuel.ops@airline.com;2026-09-24T03:50:26Z;HD-JFK-20;MTR-HD-JFK-20;ELECTRONIC;2026-09-24T01:50:26Z;SEED_B6_ADSB;2026-09-24T01:50:26Z;SEED_B6_ADSB;b9364f6f-25ea-5716-a1d6-e1d96e955754;1.2973;1220.76;USD
d4974353-dbbb-580b-ad1e-97056e76f416;030b3c0f-a0a8-51c7-a255-51c28201fdb0;MATCHED;E;8ec1f1ca-c4ef-5af2-b507-ea7fe7ea19ab;SHL-JFK-512600;;FT-JFK-20260923-0017;N729JB;N729JB;B61318;1877.00;LTR;254464.57;256341.57;1877.00;0.7978;KGL;MEA;19.90;GR;1497.47;COA-JFK-20260923-2;2026-09-24T01:54:14Z;SHL-DN-512600;Verified;fuel.ops@airline.com;2026-09-24T04:00:14Z;HD-JFK-02;MTR-HD-JFK-02;ELECTRONIC;2026-09-24T02:00:14Z;SEED_B6_ADSB;2026-09-24T02:00:14Z;SEED_B6_ADSB;de795e08-4c2e-52aa-9374-0d94858d3459;1.2973;2435.03;USD
ca026434-6f9c-5785-8f34-8ea7f3b7ced3;3af02267-5ea5-5bd3-bf9c-fd8fe85e8942;MATCHED;E;e4170082-0d22-5b8a-94f1-5e798d1063ce;SHL-FLL-485032;;FT-FLL-20260923-0028;N658JB;N658JB;B6470;6422.00;LTR;129078.36;135500.36;6422.00;0.7929;KGL;MEA;26.90;GR;5092;COA-FLL-20260923-3;2026-09-24T01:58:50Z;SHL-DN-485032;Verified;fuel.ops@airline.com;2026-09-24T04:09:50Z;HD-FLL-12;MTR-HD-FLL-12;ELECTRONIC;2026-09-24T02:09:50Z;SEED_B6_ADSB;2026-09-24T02:09:50Z;SEED_B6_ADSB;4f03783a-d83c-5cbe-ba0b-4f1374a84573;1.2201;7835.48;USD
3fd1c514-bd9b-5cc5-80a7-fc9650a3ad35;b3bd3a07-ee0e-5460-b210-6adf8de52f82;MATCHED;E;47c5b368-2ff9-537d-a381-d947d3077292;WFS-JFK-403754;;FT-JFK-20260923-0018;N3267J;N3267J;B6955;2187.00;LTR;581962.27;584149.27;2187.00;0.7975;KGL;MEA;20.30;GR;1744.13;COA-JFK-20260923-2;2026-09-24T02:21:34Z;WFS-DN-403754;Verified;fuel.ops@airline.com;2026-09-24T04:27:34Z;HD-JFK-10;MTR-HD-JFK-10;ELECTRONIC;2026-09-24T02:27:34Z;SEED_B6_ADSB;2026-09-24T02:27:34Z;SEED_B6_ADSB;5c4f88a7-0e8e-5125-be63-d2e65753213f;1.2886;2818.17;USD
a54aedcc-ccf6-50b5-8ffd-91b69b62a169;ac37ab1e-8a9b-5287-b485-2c3213e18cd4;MATCHED;E;e802c03b-51b7-530d-953e-6b91fa7fde6b;SHL-BOS-696790;;FT-BOS-20260923-0012;N2188J;N2188J;B61079;16576.00;LTR;862082.95;878658.95;16576.00;0.7965;KGL;MEA;19.10;GR;13202.78;COA-BOS-20260923-1;2026-09-24T02:30:03Z;SHL-DN-696790;Verified;fuel.ops@airline.com;2026-09-24T04:52:03Z;HD-BOS-06;MTR-HD-BOS-06;ELECTRONIC;2026-09-24T02:52:03Z;SEED_B6_ADSB;2026-09-24T02:52:03Z;SEED_B6_ADSB;6b72e548-86ef-5a15-8b83-428b1a025a03;1.2981;21517.31;USD
dbd90f2e-bce3-58bf-8ef5-7019748e2622;92f4ba94-0ffd-55b6-a81d-d0c2f854ac4f;MATCHED;E;8e71b839-9a7f-56e1-a884-a254e0914c1c;CGA-SAN-368864;;FT-SAN-20260923-0001;N986JB;N986JB;B62120;18370.00;LTR;896603.91;914973.91;18370.00;0.8034;KGL;MEA;22.70;GR;14758.46;COA-SAN-20260923-3;2026-09-24T02:41:23Z;CGA-DN-368864;Verified;fuel.ops@airline.com;2026-09-24T05:05:23Z;HD-SAN-21;MTR-HD-SAN-21;ELECTRONIC;2026-09-24T03:05:23Z;SEED_B6_ADSB;2026-09-24T03:05:23Z;SEED_B6_ADSB;d5afdb77-cb7f-54b0-9673-7c4f3cf21e63;1.2917;23728.53;USD
5960b128-a890-5b05-bff4-ec8e2c8771a3;06307a42-55ce-5155-b859-a032740bef84;MATCHED;E;d4fcdb60-17a5-5b00-996d-d40c3acbce08;CGA-SFO-275602;;FT-SFO-20260923-0001;N962JT;N962JT;B616;16669.00;LTR;205427.95;222096.95;16669.00;0.8107;KGL;MEA;16.40;GR;13513.56;COA-SFO-20260923-2;2026-09-24T02:31:10Z;CGA-DN-275602;Verified;fuel.ops@airline.com;2026-09-24T04:53:10Z;HD-SFO-08;MTR-HD-SFO-08;ELECTRONIC;2026-09-24T02:53:10Z;SEED_B6_ADSB;2026-09-24T02:53:10Z;SEED_B6_ADSB;c016c842-f890-5552-8e16-6c63d1a7c6cb;1.3082;21806.39;USD
9ed7350d-f9dc-5aa9-b0cd-53f8340be20a;a0e5afbc-caed-5989-af89-d4a1b2a63043;MATCHED;E;40bba511-628b-5030-a3e9-fedb0d9d6333;CGA-LAX-552036;;FT-LAX-20260923-0001;N2156J;N2156J;B6188;13291.00;LTR;625393.03;638684.03;13291.00;0.7987;KGL;MEA;20.60;GR;10615.52;COA-LAX-20260923-1;2026-09-24T02:40:47Z;CGA-DN-552036;Verified;fuel.ops@airline.com;2026-09-24T04:58:47Z;HD-LAX-01;MTR-HD-LAX-01;ELECTRONIC;2026-09-24T02:58:47Z;SEED_B6_ADSB;2026-09-24T02:58:47Z;SEED_B6_ADSB;df35ccc2-6978-5954-8da3-daabca964dfd;1.2895;17138.74;USD
f54c4314-6576-5e5e-8759-191bbad916e0;7b26e59b-0bd5-5615-9774-fd6ba76fdafd;MATCHED;E;4ea2f842-a62d-5073-9db6-81733c5f9719;SHL-BOS-696793;;FT-BOS-20260923-0013;N3221J;N3221J;B61897;4962.00;LTR;840931.09;845893.09;4962.00;0.7986;KGL;MEA;16.40;GR;3962.65;COA-BOS-20260923-1;2026-09-24T02:55:24Z;SHL-DN-696793;Verified;fuel.ops@airline.com;2026-09-24T05:04:24Z;HD-BOS-01;MTR-HD-BOS-01;ELECTRONIC;2026-09-24T03:04:24Z;SEED_B6_ADSB;2026-09-24T03:04:24Z;SEED_B6_ADSB;a925200b-927a-5ebc-bea8-faa8dc1e263a;1.2981;6441.17;USD
676bb69b-8fda-57c5-8b9a-e37f2602b5f4;e84a2461-b584-5373-9f73-2ac82583caef;MATCHED;E;cdb1972f-f900-53da-829b-48fe35bd33db;WFS-LAX-154027;;FT-LAX-20260923-0002;N946JL;N946JL;B61574;16807.00;LTR;606746.26;623553.26;16807.00;0.7991;KGL;MEA;20.10;GR;13430.47;COA-LAX-20260923-1;2026-09-24T03:05:08Z;WFS-DN-154027;Verified;fuel.ops@airline.com;2026-09-24T05:27:08Z;HD-LAX-11;MTR-HD-LAX-11;ELECTRONIC;2026-09-24T03:27:08Z;SEED_B6_ADSB;2026-09-24T03:27:08Z;SEED_B6_ADSB;6dc19abf-4608-5666-aad2-fea1cc8d9f96;1.2844;21586.91;USD
d1f56f8a-b556-5c93-ade1-5f6f8c84c34d;ebbc720a-a0c4-5ebe-a01b-c68843e48812;MATCHED;E;8870835b-8acb-5a1d-9afa-406c14209fc7;WFS-JFK-403756;;FT-JFK-20260924-0001;N633JB;N633JB;B61128;707.00;LTR;795226.17;795933.17;707.00;0.8002;KGL;MEA;20.60;GR;565.74;COA-JFK-20260924-1;2026-09-24T03:32:12Z;WFS-DN-403756;Verified;fuel.ops@airline.com;2026-09-24T05:36:12Z;HD-JFK-21;MTR-HD-JFK-21;ELECTRONIC;2026-09-24T03:36:12Z;SEED_B6_ADSB;2026-09-24T03:36:12Z;SEED_B6_ADSB;41678927-82bd-5b22-8129-a7f14a86ffa4;1.2966;916.7;USD
94a3d2ac-83df-52d0-897d-337a62773de8;7d9537b7-a67e-54d5-9231-4d4cc8d4aa22;MATCHED;E;fd507c2b-c5b9-56fd-bc9e-b5b8ddc28518;CGA-SAN-368866;;FT-SAN-20260923-0002;N984JB;N984JB;B61190;16533.00;LTR;363213.22;379746.22;16533.00;0.8058;KGL;MEA;19.70;GR;13322.29;COA-SAN-20260923-3;2026-09-24T03:35:16Z;CGA-DN-368866;Verified;fuel.ops@airline.com;2026-09-24T05:57:16Z;HD-SAN-07;MTR-HD-SAN-07;ELECTRONIC;2026-09-24T03:57:16Z;SEED_B6_ADSB;2026-09-24T03:57:16Z;SEED_B6_ADSB;b2547d77-9e8c-5ad6-9ff4-a2dd60be89cf;1.2917;21355.68;USD
d2d11776-402c-530e-8898-a2990f6dd250;7a284941-ae52-58c3-b13e-0be9fa64c307;MATCHED;E;fdef506d-84c9-569b-8a64-5f15b870e6bc;SHL-FLL-485034;;FT-FLL-20260924-0001;N3258J;N3258J;B62008;5291.00;LTR;361820.64;367111.64;5291.00;0.7937;KGL;MEA;23.70;GR;4199.47;COA-FLL-20260924-2;2026-09-24T03:50:58Z;SHL-DN-485034;Verified;fuel.ops@airline.com;2026-09-24T05:59:58Z;HD-FLL-03;MTR-HD-FLL-03;ELECTRONIC;2026-09-24T03:59:58Z;SEED_B6_ADSB;2026-09-24T03:59:58Z;SEED_B6_ADSB;782a7c71-24fe-59f3-b2e1-b62cb1c7b73d;1.2280;6497.35;USD
c25dc4d9-d2b6-57d5-bd4f-527211c33b6f;aa889f15-f291-5798-82ba-1c5d991488f0;MATCHED;E;4a1a42a7-fea9-5cc9-896a-ba4708108d90;CGA-LAX-552037;;FT-LAX-20260923-0003;N2142J;N2142J;B61524;13583.00;LTR;128807.30;142390.30;13583.00;0.8004;KGL;MEA;18.50;GR;10871.83;COA-LAX-20260923-1;2026-09-24T03:36:14Z;CGA-DN-552037;Verified;fuel.ops@airline.com;2026-09-24T05:55:14Z;HD-LAX-08;MTR-HD-LAX-08;ELECTRONIC;2026-09-24T03:55:14Z;SEED_B6_ADSB;2026-09-24T03:55:14Z;SEED_B6_ADSB;a0ee16fa-e039-53d3-a6f2-b8ae48d5979b;1.2895;17515.28;USD
8dcd0027-a1ca-56c9-b7fb-e118b0a8f23b;92fe6bf0-4f90-5973-8c57-2af3ac6f9ec9;MATCHED;E;2a57d271-c707-57f8-97ba-24bfa9dd189d;CGA-SFO-275604;;FT-SFO-20260923-0002;N989JT;N989JT;B6134;17502.00;LTR;839683.11;857185.11;17502.00;0.8084;KGL;MEA;19.20;GR;14148.62;COA-SFO-20260923-2;2026-09-24T04:00:31Z;CGA-DN-275604;Verified;fuel.ops@airline.com;2026-09-24T06:23:31Z;HD-SFO-17;MTR-HD-SFO-17;ELECTRONIC;2026-09-24T04:23:31Z;SEED_B6_ADSB;2026-09-24T04:23:31Z;SEED_B6_ADSB;e37ccb53-717c-552f-bc84-c4f79f620722;1.3082;22896.12;USD
841ae58c-a283-561c-b5b6-98bfd8ddb7b3;710e3e90-3be6-500d-80d9-69478bfd4e9c;MATCHED;M;b201ae2d-e4aa-527f-bd1d-11b950a67510;CGA-ABQ-567986;;FT-ABQ-20260923-0001;N715JB;N715JB;B666;11255.00;LTR;730158.91;741413.91;11255.00;0.8059;KGL;MEA;20.70;GR;9070.4;COA-ABQ-20260923-2;2026-09-24T04:07:07Z;CGA-DN-567986;Verified;fuel.ops@airline.com;2026-09-24T06:29:07Z;RF-ABQ-23;MTR-RF-ABQ-23;MANUAL;2026-09-24T04:29:07Z;SEED_B6_ADSB;2026-09-24T04:29:07Z;SEED_B6_ADSB;d38f00ae-7e58-5f35-9e5e-398f6198d9ec;1.2927;14549.34;USD
34b20202-524e-571d-ae44-b2fd9979e782;da286ccd-00d5-5c5e-aedf-f15f359609ef;MATCHED;E;b435d962-7be7-56a3-b6d8-96ca5cb957fb;CGA-LAX-552040;;FT-LAX-20260923-0004;N942JB;N942JB;B61400;15110.00;LTR;625393.03;640503.03;15110.00;0.7975;KGL;MEA;22.20;GR;12050.23;COA-LAX-20260923-1;2026-09-24T04:16:28Z;CGA-DN-552040;Verified;fuel.ops@airline.com;2026-09-24T06:36:28Z;HD-LAX-01;MTR-HD-LAX-01;ELECTRONIC;2026-09-24T04:36:28Z;SEED_B6_ADSB;2026-09-24T04:36:28Z;SEED_B6_ADSB;75f2db18-ed20-5df8-ace0-0c732cd31fec;1.2895;19484.35;USD
c27fb4a7-80d4-5391-8959-fd5e57f54d54;93ec8bba-3c38-59fe-b8ea-17d7c8b6beaf;MATCHED;E;b99fe0b9-1168-586d-acaf-36264cdfcda1;CGA-LAS-427470;;FT-LAS-20260923-0001;N964JT;N964JT;B6608;13998.00;LTR;526637.06;540635.06;13998.00;0.8075;KGL;MEA;17.10;GR;11303.39;COA-LAS-20260923-3;2026-09-24T04:38:35Z;CGA-DN-427470;Verified;fuel.ops@airline.com;2026-09-24T06:57:35Z;HD-LAS-20;MTR-HD-LAS-20;ELECTRONIC;2026-09-24T04:57:35Z;SEED_B6_ADSB;2026-09-24T04:57:35Z;SEED_B6_ADSB;23225990-7719-5eb6-9513-1ae96859703e;1.2897;18053.22;USD
5e699ae4-3bc6-5049-86af-27279c9bdabb;60249f52-5791-519b-b422-4c38e0504b75;MATCHED;M;5305eef9-f403-5a1c-804b-a53b302bbe39;CGA-ONT-591173;;FT-ONT-20260923-0001;N3255J;N3255J;B6454;11177.00;LTR;603954.85;615131.85;11177.00;0.7937;KGL;MEA;23.50;GR;8871.18;COA-ONT-20260923-2;2026-09-24T04:51:26Z;CGA-DN-591173;Verified;fuel.ops@airline.com;2026-09-24T07:13:26Z;RF-ONT-21;MTR-RF-ONT-21;MANUAL;2026-09-24T05:13:26Z;SEED_B6_ADSB;2026-09-24T05:13:26Z;SEED_B6_ADSB;35cda193-b7c4-5b55-927b-5870658b49c8;1.3248;14807.29;USD
0a2d1cd4-f032-51a7-8063-38dfd9dd743d;8db560a5-ab66-5498-b20e-036f720a6792;MATCHED;E;8d835d20-65d6-56e5-b880-4a4eb3e7c2f9;CGA-LAX-552043;;FT-LAX-20260923-0005;N2205J;N2205J;B61488;13973.00;LTR;414115.00;428088.00;13973.00;0.7988;KGL;MEA;20.50;GR;11161.63;COA-LAX-20260923-1;2026-09-24T04:52:08Z;CGA-DN-552043;Verified;fuel.ops@airline.com;2026-09-24T07:11:08Z;HD-LAX-24;MTR-HD-LAX-24;ELECTRONIC;2026-09-24T05:11:08Z;SEED_B6_ADSB;2026-09-24T05:11:08Z;SEED_B6_ADSB;c89a879c-7697-5f2b-bffa-474d46b73266;1.2895;18018.18;USD
279c2b69-9ecc-51f6-a511-ade6a588b593;6f1a18d6-e117-567c-98b0-e5f16a26315c;MATCHED;E;0f139977-5076-5cf1-9400-652265c27e90;CGA-SEA-788537;;FT-SEA-20260923-0001;N618JB;N618JB;B6264;13276.00;LTR;295256.13;308532.13;13276.00;0.8128;KGL;MEA;14.00;GR;10790.73;COA-SEA-20260923-3;2026-09-24T05:01:28Z;CGA-DN-788537;Verified;fuel.ops@airline.com;2026-09-24T07:19:28Z;HD-SEA-18;MTR-HD-SEA-18;ELECTRONIC;2026-09-24T05:19:28Z;SEED_B6_ADSB;2026-09-24T05:19:28Z;SEED_B6_ADSB;1c3601d8-7955-540c-8234-084830dc0812;1.3053;17329.16;USD
982fe7a3-d88e-5746-b6e5-b197f8215cc6;074b01e4-6667-5b56-bd30-b76ea2c970e2;MATCHED;M;a3e3a2dd-a1cb-5556-85ce-4145023f4227;CGA-SLC-512650;;FT-SLC-20260923-0001;N3169J;N3169J;B6372;9567.00;LTR;590114.12;599681.12;9567.00;0.8012;KGL;MEA;20.10;GR;7665.08;COA-SLC-20260923-2;2026-09-24T05:20:10Z;CGA-DN-512650;Verified;fuel.ops@airline.com;2026-09-24T07:40:10Z;RF-SLC-07;MTR-RF-SLC-07;MANUAL;2026-09-24T05:40:10Z;SEED_B6_ADSB;2026-09-24T05:40:10Z;SEED_B6_ADSB;11fb7811-2dd7-547c-a320-87f6672b1f1e;1.2674;12125.22;USD
16126abc-6b3b-5aff-a5fb-479d596cdd98;aaaf10d1-a6a6-5ef1-94b9-bf80121834af;MATCHED;E;189a16cb-e538-5e21-996a-26f87c333066;CGA-SFO-275607;;FT-SFO-20260923-0003;N985JT;N985JT;B6278;17522.00;LTR;793880.88;811402.88;17522.00;0.8090;KGL;MEA;18.50;GR;14175.3;COA-SFO-20260923-2;2026-09-24T05:17:34Z;CGA-DN-275607;Verified;fuel.ops@airline.com;2026-09-24T07:40:34Z;HD-SFO-02;MTR-HD-SFO-02;ELECTRONIC;2026-09-24T05:40:34Z;SEED_B6_ADSB;2026-09-24T05:40:34Z;SEED_B6_ADSB;2c50f1b5-2188-592d-9e50-13b1b8d95e90;1.3082;22922.28;USD
aa62d335-e8f2-53d1-a828-d5a44b21a764;5fb37df5-5691-5b0d-83f6-f720ba970b23;MATCHED;M;a5a2c3a5-0ff0-5e88-9521-62334b796347;CGA-BUR-132121;;FT-BUR-20260923-0001;N3189J;N3189J;B6359;12463.00;LTR;330130.49;342593.49;12463.00;0.8030;KGL;MEA;20.20;GR;10007.79;COA-BUR-20260923-3;2026-09-24T05:38:22Z;CGA-DN-132121;Verified;fuel.ops@airline.com;2026-09-24T08:02:22Z;RF-BUR-18;MTR-RF-BUR-18;MANUAL;2026-09-24T06:02:22Z;SEED_B6_ADSB;2026-09-24T06:02:22Z;SEED_B6_ADSB;40284ad4-6d0c-57a2-a899-734c36cc319c;1.3301;16577.04;USD
69be963c-49da-5fd8-93e8-0a12746900fe;5f8f335c-9718-52ca-bac4-b9c3407f1f98;MATCHED;E;4823fa6f-f403-57cf-97a3-6a0d9032cbd9;CGA-LAS-427471;;FT-LAS-20260923-0002;N979JT;N979JT;B6948;14715.00;LTR;849113.15;863828.15;14715.00;0.8031;KGL;MEA;22.60;GR;11817.62;COA-LAS-20260923-3;2026-09-24T05:38:28Z;CGA-DN-427471;Verified;fuel.ops@airline.com;2026-09-24T07:58:28Z;HD-LAS-15;MTR-HD-LAS-15;ELECTRONIC;2026-09-24T05:58:28Z;SEED_B6_ADSB;2026-09-24T05:58:28Z;SEED_B6_ADSB;cbc405ea-0042-5b4c-a270-8733c7d854ec;1.2897;18977.94;USD
b4f47efd-1194-5e3a-a1b1-86ed5498c214;148c0569-dd56-50ec-b1d8-4401a55a6146;MATCHED;E;45937fba-2053-5f25-93be-7b3fe8652783;WFS-LAX-154029;;FT-LAX-20260923-0006;N2169J;N2169J;B61024;12728.00;LTR;625393.03;638121.03;12728.00;0.7975;KGL;MEA;22.20;GR;10150.58;COA-LAX-20260923-1;2026-09-24T05:45:10Z;WFS-DN-154029;Verified;fuel.ops@airline.com;2026-09-24T08:03:10Z;HD-LAX-01;MTR-HD-LAX-01;ELECTRONIC;2026-09-24T06:03:10Z;SEED_B6_ADSB;2026-09-24T06:03:10Z;SEED_B6_ADSB;a8528437-bc5c-5c9f-8ad9-beebea3ef79a;1.2844;16347.84;USD
7a3c112a-b5c5-553b-9125-9074289a627f;e477e6a3-e601-5a20-b24b-4cb6c0ef3522;MATCHED;M;3e2e6e46-6b2d-5453-ae05-5361341eb1e7;WFC-YVR-133589;;FT-YVR-20260923-0001;N981JT;N981JT;B6604;17802.00;LTR;653664.02;671466.02;17802.00;0.8026;KGL;MEA;15.60;GR;14287.89;COA-YVR-20260923-2;2026-09-24T05:44:25Z;WFC-DN-133589;Verified;fuel.ops@airline.com;2026-09-24T08:17:25Z;RF-YVR-11;MTR-RF-YVR-11;MANUAL;2026-09-24T06:17:25Z;SEED_B6_ADSB;2026-09-24T06:17:25Z;SEED_B6_ADSB;835ed368-70b2-5fe3-8d8f-391a622e004c;1.3418;23886.72;USD
77ead020-62bb-5fc8-86d9-34a2fc1e58c5;e160de0b-2409-51f6-be0f-a70068a3ff1f;MATCHED;M;fdf17d78-b69b-54ed-8a7e-2680b8891a0d;CGA-SMF-257446;;FT-SMF-20260923-0001;N970JB;N970JB;B6162;17610.00;LTR;253135.71;270745.71;17610.00;0.7987;KGL;MEA;17.40;GR;14065.11;COA-SMF-20260923-3;2026-09-24T05:42:46Z;CGA-DN-257446;Verified;fuel.ops@airline.com;2026-09-24T08:15:46Z;RF-SMF-15;MTR-RF-SMF-15;MANUAL;2026-09-24T06:15:46Z;SEED_B6_ADSB;2026-09-24T06:15:46Z;SEED_B6_ADSB;1a715607-84d2-5337-9d45-bba58932f26e;1.3462;23706.58;USD
35911b30-19e2-507b-9a0e-17a493b5b19e;a08ccebd-0d95-5180-aae7-2b5433b77377;MATCHED;E;41ebf241-065b-5461-a871-18e6766c5ebf;CGA-LAS-427473;;FT-LAS-20260923-0003;N976JT;N976JT;B6178;14308.00;LTR;526637.06;540945.06;14308.00;0.8040;KGL;MEA;21.50;GR;11503.63;COA-LAS-20260923-3;2026-09-24T06:16:30Z;CGA-DN-427473;Verified;fuel.ops@airline.com;2026-09-24T08:35:30Z;HD-LAS-20;MTR-HD-LAS-20;ELECTRONIC;2026-09-24T06:35:30Z;SEED_B6_ADSB;2026-09-24T06:35:30Z;SEED_B6_ADSB;fc74a64c-35da-5193-be0c-35ba096efb64;1.2897;18453.03;USD
05da6dc2-2eaf-5bdf-adbe-d6d3663b1c85;4877c88a-0c41-5a4e-8d04-ac2513bb024b;MATCHED;E;6fc40412-14f4-586c-a2d4-c3f6a6c89730;CGA-SEA-788539;;FT-SEA-20260923-0002;N971JT;N971JT;B6398;15720.00;LTR;382570.41;398290.41;15720.00;0.8104;KGL;MEA;17.00;GR;12739.49;COA-SEA-20260923-3;2026-09-24T06:13:06Z;CGA-DN-788539;Verified;fuel.ops@airline.com;2026-09-24T08:34:06Z;HD-SEA-10;MTR-HD-SEA-10;ELECTRONIC;2026-09-24T06:34:06Z;SEED_B6_ADSB;2026-09-24T06:34:06Z;SEED_B6_ADSB;55f39ebd-cbeb-5ff4-a094-c1ae4d038e45;1.3053;20519.32;USD
7126162c-788a-5fcb-b70c-00f1acb4c744;287caaca-1f1b-51fb-8212-8706d07014c0;MATCHED;E;17d86d7e-36fe-59f6-abb5-b85bdae88067;CGA-SFO-275610;;FT-SFO-20260923-0004;N987JT;N987JT;B6616;17890.00;LTR;205742.90;223632.90;17890.00;0.8074;KGL;MEA;20.50;GR;14444.39;COA-SFO-20260923-2;2026-09-24T06:21:45Z;CGA-DN-275610;Verified;fuel.ops@airline.com;2026-09-24T08:44:45Z;HD-SFO-05;MTR-HD-SFO-05;ELECTRONIC;2026-09-24T06:44:45Z;SEED_B6_ADSB;2026-09-24T06:44:45Z;SEED_B6_ADSB;2926faa3-bad0-5713-838c-b593ad969cd9;1.3082;23403.7;USD
e4cfe9bc-0242-5dce-be46-daa5ab43eb9e;106099f3-751e-5dc1-a783-740718de783a;MATCHED;E;cb105960-6c18-5a74-8f31-e6b117d469d0;BPK-LHR-315496;;FT-LHR-20260924-0001;N4077J;N4077J;B62220;21662.00;LTR;525390.25;547052.25;21662.00;0.8111;KGL;MEA;15.40;GR;17570.05;COA-LHR-20260924-2;2026-09-24T06:27:17Z;BPK-DN-315496;Verified;fuel.ops@airline.com;2026-09-24T08:55:17Z;HD-LHR-23;MTR-HD-LHR-23;ELECTRONIC;2026-09-24T06:55:17Z;SEED_B6_ADSB;2026-09-24T06:55:17Z;SEED_B6_ADSB;f6511a80-8b79-5c65-818b-97b0cfca1523;1.2753;27625.55;USD
7dc0a21d-61e9-5221-ad94-4590ba3ce976;b7f97458-415b-5d77-b1d7-55249eb3e366;MATCHED;E;0ef95b51-23a4-50d1-bf6f-99856ff7a6ef;WFS-LAX-154030;;FT-LAX-20260924-0001;N961JT;N961JT;B61224;17985.00;LTR;596954.97;614939.97;17985.00;0.8046;KGL;MEA;22.40;GR;14470.73;COA-LAX-20260924-3;2026-09-24T06:40:43Z;WFS-DN-154030;Verified;fuel.ops@airline.com;2026-09-24T09:03:43Z;HD-LAX-10;MTR-HD-LAX-10;ELECTRONIC;2026-09-24T07:03:43Z;SEED_B6_ADSB;2026-09-24T07:03:43Z;SEED_B6_ADSB;5749218d-ccd3-50fb-8afd-4d17b41ae705;1.2923;23242.02;USD
8e651fa4-225e-53bc-8500-8f7bb93ac4b9;83dd9428-d4b5-5196-9361-c023df24131d;MATCHED;E;c9b60c18-95e9-5c02-a4e5-075ec6f70c37;BPK-LHR-315497;;FT-LHR-20260924-0002;N4080J;N4080J;B61621;21738.00;LTR;363623.29;385361.29;21738.00;0.8121;KGL;MEA;14.10;GR;17653.43;COA-LHR-20260924-2;2026-09-24T06:44:44Z;BPK-DN-315497;Verified;fuel.ops@airline.com;2026-09-24T09:12:44Z;HD-LHR-20;MTR-HD-LHR-20;ELECTRONIC;2026-09-24T07:12:44Z;SEED_B6_ADSB;2026-09-24T07:12:44Z;SEED_B6_ADSB;c2fdfc6e-0e87-549c-9b4d-e9f3b74dbea4;1.2753;27722.47;USD
804cfb5f-2a86-5853-a49c-12341fe279c6;449dfa8a-aad6-50a2-aa6b-c9aab9a75e55;MATCHED;E;5b8a3cd2-76a5-5592-9e02-d81c3cd124db;ENI-MXP-485369;;FT-MXP-20260924-0001;N4062J;N4062J;B6332;25360.00;LTR;859581.01;884941.01;25360.00;0.8049;KGL;MEA;16.70;GR;20412.26;COA-MXP-20260924-3;2026-09-24T07:42:50Z;ENI-DN-485369;Verified;fuel.ops@airline.com;2026-09-24T10:28:50Z;RF-MXP-11;MTR-RF-MXP-11;ELECTRONIC;2026-09-24T08:28:50Z;SEED_B6_ADSB;2026-09-24T08:28:50Z;SEED_B6_ADSB;5057b94a-d884-5b89-8801-018ee797ac61;1.2775;32397.4;USD
c51f572d-3658-5260-bf93-87f2a7adc0ab;5dd0d7c8-3393-5967-9e32-22ac35ea9411;MATCHED;E;3ed9e438-a85f-5603-9955-843b609693b9;WFS-BOS-478842;;FT-BOS-20260924-0001;N3293J;N3293J;B6717;727.00;LTR;404295.91;405022.91;727.00;0.8051;KGL;MEA;16.90;GR;585.31;COA-BOS-20260924-3;2026-09-24T08:15:32Z;WFS-DN-478842;Verified;fuel.ops@airline.com;2026-09-24T10:19:32Z;HD-BOS-01;MTR-HD-BOS-01;ELECTRONIC;2026-09-24T08:19:32Z;SEED_B6_ADSB;2026-09-24T08:19:32Z;SEED_B6_ADSB;f0774351-8e9f-54c0-97a2-b2720e22fc62;1.3094;951.93;USD
14a88a20-665b-5207-bda0-b2d7a46f846b;a503f327-ba02-5bc6-b3bb-31f0418d16d3;MATCHED;E;a6c8203b-0f68-561c-a016-e69c1e8e37d2;ATI-CDG-343437;;FT-CDG-20260924-0001;N4073J;N4073J;B634;20278.00;LTR;178674.27;198952.27;20278.00;0.8123;KGL;MEA;12.40;GR;16471.82;COA-CDG-20260924-1;2026-09-24T08:35:15Z;ATI-DN-343437;Verified;fuel.ops@airline.com;2026-09-24T11:01:15Z;HD-CDG-13;MTR-HD-CDG-13;ELECTRONIC;2026-09-24T09:01:15Z;SEED_B6_ADSB;2026-09-24T09:01:15Z;SEED_B6_ADSB;2afaa71a-0b22-54fb-b07d-20d197562f17;1.2630;25611.11;USD
bb59a02e-bf31-5865-8383-c01a7109036f;e7124a9e-579e-5352-96dd-1694def45cfa;MATCHED;E;f4eac1e3-d753-53a3-8ab6-5baee1312102;SNL-AMS-485591;;FT-AMS-20260924-0001;N4064J;N4064J;B632;20753.00;LTR;708951.21;729704.21;20753.00;0.8108;KGL;MEA;11.70;GR;16826.53;COA-AMS-20260924-2;2026-09-24T08:47:10Z;SNL-DN-485591;Verified;fuel.ops@airline.com;2026-09-24T11:14:10Z;HD-AMS-06;MTR-HD-AMS-06;ELECTRONIC;2026-09-24T09:14:10Z;SEED_B6_ADSB;2026-09-24T09:14:10Z;SEED_B6_ADSB;0a437318-652e-52d0-93e0-8b8d64f5c13a;1.2777;26516.11;USD
85c16ac8-cff6-5cd3-91b0-fe539b5f775c;8615a1a0-7579-5768-865d-eed19dc0aba8;MATCHED;E;a60df7a2-140c-5672-b81b-67df8177023a;BPA-MCO-339201;;FT-MCO-20260924-0001;N952JB;N952JB;B6884;6768.00;LTR;344840.15;351608.15;6768.00;0.7962;KGL;MEA;26.10;GR;5388.68;COA-MCO-20260924-3;2026-09-24T08:53:50Z;BPA-DN-339201;Verified;fuel.ops@airline.com;2026-09-24T11:04:50Z;HD-MCO-08;MTR-HD-MCO-08;ELECTRONIC;2026-09-24T09:04:50Z;SEED_B6_ADSB;2026-09-24T09:04:50Z;SEED_B6_ADSB;a8a39c89-3193-5cd5-b069-bd68b4bea21a;1.2376;8376.08;USD
bdfd1c32-64b4-5968-88b9-17af318c2d31;e1e40af5-3623-52dd-bdab-96ce48a1c63f;MATCHED;M;5ad11e6d-a9b4-5128-b03e-111a18d624bb;BPA-PIT-505307;;FT-PIT-20260924-0001;N3139J;N3139J;B61198;1760.00;LTR;461341.65;463101.65;1760.00;0.8106;KGL;MEA;16.10;GR;1426.66;COA-PIT-20260924-2;2026-09-24T08:55:42Z;BPA-DN-505307;Verified;fuel.ops@airline.com;2026-09-24T11:01:42Z;RF-PIT-01;MTR-RF-PIT-01;MANUAL;2026-09-24T09:01:42Z;SEED_B6_ADSB;2026-09-24T09:01:42Z;SEED_B6_ADSB;abf3aec4-2dcf-583c-942e-a97471912d72;1.3387;2356.11;USD
dd5fb703-c32c-546c-9990-f49cb4eca1ad;f32077a6-f9bb-579d-bceb-f2ad13a2edf8;MATCHED;E;0bd9965e-db00-573a-9692-b2e2d211d690;PMA-SJU-755427;;FT-SJU-20260924-0001;N598JB;N598JB;B6234;7593.00;LTR;798683.77;806276.77;7593.00;0.7937;KGL;MEA;29.50;GR;6026.56;COA-SJU-20260924-2;2026-09-24T09:02:39Z;PMA-DN-755427;Verified;fuel.ops@airline.com;2026-09-24T11:14:39Z;HD-SJU-19;MTR-HD-SJU-19;ELECTRONIC;2026-09-24T09:14:39Z;SEED_B6_ADSB;2026-09-24T09:14:39Z;SEED_B6_ADSB;8a0a0cc0-4f86-5a39-9df5-c28d1655887b;1.2932;9819.27;USD
dabc3401-3f16-5ba9-b597-d11c70e057f0;9d8fb0dd-01da-5cfd-bc8e-63ff0fc57d89;MATCHED;M;bb9ef5ba-211b-57f6-9ba1-b195f2c30fd9;WFS-SYR-619674;;FT-SYR-20260924-0001;N3138J;N3138J;B61515;2591.00;LTR;736624.59;739215.59;2591.00;0.8033;KGL;MEA;17.20;GR;2081.35;COA-SYR-20260924-3;2026-09-24T09:10:54Z;WFS-DN-619674;Verified;fuel.ops@airline.com;2026-09-24T11:18:54Z;RF-SYR-19;MTR-RF-SYR-19;MANUAL;2026-09-24T09:18:54Z;SEED_B6_ADSB;2026-09-24T09:18:54Z;SEED_B6_ADSB;6ddabad0-d8e5-588b-8973-6aa9451f1fb3;1.3525;3504.33;USD
7f4812cc-f023-526f-8116-f4a0d99b8979;46af81df-2372-57db-9dc1-5829c5d13de9;MATCHED;E;8b8f76c6-f389-5b31-9ae7-0bfd80226d60;SHL-BOS-696794;;FT-BOS-20260924-0002;N3284J;N3284J;B6455;2626.00;LTR;401927.10;404553.10;2626.00;0.8031;KGL;MEA;19.40;GR;2108.94;COA-BOS-20260924-3;2026-09-24T09:10:25Z;SHL-DN-696794;Verified;fuel.ops@airline.com;2026-09-24T11:16:25Z;HD-BOS-04;MTR-HD-BOS-04;ELECTRONIC;2026-09-24T09:16:25Z;SEED_B6_ADSB;2026-09-24T09:16:25Z;SEED_B6_ADSB;f01d53ac-8020-5fa0-8a0d-987c0870eed3;1.3061;3429.82;USD
adc8a9dc-970e-5de9-b58a-00bdaf16cb2b;7f7067db-d819-512e-98d4-db402585feac;MATCHED;E;9494fb84-42b4-513c-b449-5ca189e34f4d;SHL-FLL-485036;;FT-FLL-20260924-0002;N828JB;N828JB;B6302;8116.00;LTR;771888.39;780004.39;8116.00;0.7922;KGL;MEA;25.60;GR;6429.5;COA-FLL-20260924-2;2026-09-24T09:17:59Z;SHL-DN-485036;Verified;fuel.ops@airline.com;2026-09-24T11:30:59Z;HD-FLL-17;MTR-HD-FLL-17;ELECTRONIC;2026-09-24T09:30:59Z;SEED_B6_ADSB;2026-09-24T09:30:59Z;SEED_B6_ADSB;3635f0b4-abdd-5f57-952b-858cea4ca3bd;1.2280;9966.45;USD
1e0a2c07-f4a9-5dd6-960a-404e6d8c09de;a156e3d1-bedd-5e38-b478-10fa437fde24;MATCHED;M;9377783e-8f74-5897-982b-7d8bc75e5a10;WFS-RDU-697016;;FT-RDU-20260924-0001;N3251J;N3251J;B61484;2918.00;LTR;399756.37;402674.37;2918.00;0.7975;KGL;MEA;21.00;GR;2327.11;COA-RDU-20260924-3;2026-09-24T09:01:19Z;WFS-DN-697016;Verified;fuel.ops@airline.com;2026-09-24T11:09:19Z;RF-RDU-16;MTR-RF-RDU-16;MANUAL;2026-09-24T09:09:19Z;SEED_B6_ADSB;2026-09-24T09:09:19Z;SEED_B6_ADSB;82eb36f7-590b-5516-8add-b143976e518b;1.2713;3709.65;USD
07ec6d2e-35c2-5e58-8511-b34ada822b9f;4a11ef8e-191c-52b3-8093-d764c6414a65;MATCHED;E;18cb4d8a-85a2-5ab6-be91-055001d4812f;WFS-ATL-755170;;FT-ATL-20260924-0001;N3221J;N3221J;B61896;5182.00;LTR;314038.24;319220.24;5182.00;0.7914;KGL;MEA;23.60;GR;4101.03;COA-ATL-20260924-3;2026-09-24T09:11:56Z;WFS-DN-755170;Verified;fuel.ops@airline.com;2026-09-24T11:20:56Z;HD-ATL-10;MTR-HD-ATL-10;ELECTRONIC;2026-09-24T09:20:56Z;SEED_B6_ADSB;2026-09-24T09:20:56Z;SEED_B6_ADSB;9f3d096f-5edd-56c5-ae7c-b8b6564cf305;1.2074;6256.75;USD
1d55e7d9-551a-58f1-bc9b-448f5d5ed067;c3c978ec-198d-5ec2-9d7a-e4b05e0bd568;MATCHED;M;e506ffd3-09a2-55dd-a0cc-2dea2a931b6c;WFS-PWM-108824;;FT-PWM-20260924-0001;N834JB;N834JB;B6307;3826.00;LTR;108684.71;112510.71;3826.00;0.8078;KGL;MEA;16.70;GR;3090.64;COA-PWM-20260924-2;2026-09-24T09:21:42Z;WFS-DN-108824;Verified;fuel.ops@airline.com;2026-09-24T11:31:42Z;RF-PWM-15;MTR-RF-PWM-15;MANUAL;2026-09-24T09:31:42Z;SEED_B6_ADSB;2026-09-24T09:31:42Z;SEED_B6_ADSB;f2f77bf2-2ce3-5cd4-b7f5-7fe146ecc9a2;1.3296;5087.05;USD
17286d33-1c8f-5a4e-8ecb-1c4170512c4b;d3a43c5d-6cb7-5d49-931b-6589f76c5e84;MATCHED;E;3ebb9d10-b63b-523d-9c4a-773e20139f5c;PMA-SJU-755429;;FT-SJU-20260924-0002;N950JT;N950JT;B62904;12233.00;LTR;148981.06;161214.06;12233.00;0.7965;KGL;MEA;26.00;GR;9743.58;COA-SJU-20260924-2;2026-09-24T09:07:04Z;PMA-DN-755429;Verified;fuel.ops@airline.com;2026-09-24T11:24:04Z;HD-SJU-22;MTR-HD-SJU-22;ELECTRONIC;2026-09-24T09:24:04Z;SEED_B6_ADSB;2026-09-24T09:24:04Z;SEED_B6_ADSB;ff103cb7-55e3-5bc0-87a2-7e90206e4504;1.2932;15819.72;USD
41f3611b-5a18-5b94-b727-9fb312b26c78;74f04e5d-0ea6-5f4a-b73d-de0b8de9f2ad;MATCHED;E;ccc389dc-452e-5337-87bc-bb0dfc19ccd5;BPA-DCA-429140;;FT-DCA-20260924-0001;N552JB;N552JB;B6379;6423.00;LTR;221913.98;228336.98;6423.00;0.7972;KGL;MEA;19.70;GR;5120.42;COA-DCA-20260924-1;2026-09-24T09:02:21Z;BPA-DN-429140;Verified;fuel.ops@airline.com;2026-09-24T11:13:21Z;HD-DCA-20;MTR-HD-DCA-20;ELECTRONIC;2026-09-24T09:13:21Z;SEED_B6_ADSB;2026-09-24T09:13:21Z;SEED_B6_ADSB;acd75406-aa8c-54db-adb3-105238196da6;1.3051;8382.66;USD
59999a38-aa43-5e67-aa15-aec35d6c4538;776512ae-cb88-5a7a-b0db-f93c0e4cbb5b;MATCHED;M;92d2da6b-8c7b-5e4c-add3-505667aa8d1a;SHL-PBI-381656;;FT-PBI-20260924-0001;N809JB;N809JB;B61368;6315.00;LTR;806677.56;812992.56;6315.00;0.7936;KGL;MEA;24.70;GR;5011.58;COA-PBI-20260924-3;2026-09-24T09:26:13Z;SHL-DN-381656;Verified;fuel.ops@airline.com;2026-09-24T11:40:13Z;RF-PBI-22;MTR-RF-PBI-22;MANUAL;2026-09-24T09:40:13Z;SEED_B6_ADSB;2026-09-24T09:40:13Z;SEED_B6_ADSB;fb93ec9e-736b-58a4-be05-31b5b2c77cc3;1.2634;7978.37;USD
2c4eb487-a22b-5399-88bb-ecf2185bb147;e9746c65-f22c-5c2b-8ded-f536f9d08c97;MATCHED;E;c5cfd6f7-33c0-56ba-98f6-ea8735ead92d;SHL-JFK-512602;;FT-JFK-20260924-0002;N988JT;N988JT;B6115;19666.00;LTR;456393.95;476059.95;19666.00;0.8011;KGL;MEA;19.50;GR;15754.43;COA-JFK-20260924-1;2026-09-24T09:17:25Z;SHL-DN-512602;Verified;fuel.ops@airline.com;2026-09-24T11:42:25Z;HD-JFK-22;MTR-HD-JFK-22;ELECTRONIC;2026-09-24T09:42:25Z;SEED_B6_ADSB;2026-09-24T09:42:25Z;SEED_B6_ADSB;0606329c-d369-5a51-aaa7-800995e0f881;1.3053;25670.03;USD
174617f7-1ae7-523d-98c7-c194d383f9e5;509e29f8-9445-5bdb-b08c-3f4947ac90f1;MATCHED;E;cf7a6804-e18b-574c-b06e-78e4774e4b7e;SHL-BOS-696795;;FT-BOS-20260924-0003;N947JB;N947JB;B6287;19533.00;LTR;678919.57;698452.57;19533.00;0.8056;KGL;MEA;16.30;GR;15735.78;COA-BOS-20260924-3;2026-09-24T09:06:28Z;SHL-DN-696795;Verified;fuel.ops@airline.com;2026-09-24T11:31:28Z;HD-BOS-19;MTR-HD-BOS-19;ELECTRONIC;2026-09-24T09:31:28Z;SEED_B6_ADSB;2026-09-24T09:31:28Z;SEED_B6_ADSB;3abb4049-23b6-592e-bd4d-d982f98eea18;1.3061;25512.05;USD
9a50df0a-3e8e-5312-95d9-f50fed978f28;52a51aa9-9888-55ea-a494-f175d221e5a0;MATCHED;E;06afcf43-57e4-569d-bc7f-18a3ecb89a66;SHL-FLL-485038;;FT-FLL-20260924-0003;N935JB;N935JB;B6577;18310.00;LTR;722069.68;740379.68;18310.00;0.7920;KGL;MEA;25.90;GR;14501.52;COA-FLL-20260924-2;2026-09-24T09:06:49Z;SHL-DN-485038;Verified;fuel.ops@airline.com;2026-09-24T11:30:49Z;HD-FLL-18;MTR-HD-FLL-18;ELECTRONIC;2026-09-24T09:30:49Z;SEED_B6_ADSB;2026-09-24T09:30:49Z;SEED_B6_ADSB;eb5faf2a-d0bf-5ec2-8c4e-366393029d2b;1.2280;22484.68;USD
f8793c32-f770-53dc-823b-6bdd2b2583ff;add2242a-691e-58eb-895e-71ca94180c40;MATCHED;E;6680091f-b464-5d64-ac3b-4f6b65df0726;SHL-JFK-512604;;FT-JFK-20260924-0003;N945JT;N945JT;B6123;18488.00;LTR;470234.78;488722.78;18488.00;0.8015;KGL;MEA;19.00;GR;14818.13;COA-JFK-20260924-1;2026-09-24T09:14:32Z;SHL-DN-512604;Verified;fuel.ops@airline.com;2026-09-24T11:38:32Z;HD-JFK-16;MTR-HD-JFK-16;ELECTRONIC;2026-09-24T09:38:32Z;SEED_B6_ADSB;2026-09-24T09:38:32Z;SEED_B6_ADSB;9287900a-3f68-505d-859b-1f32354b7c4b;1.3053;24132.39;USD
cace85d4-4f40-5037-bb0f-1611ac8d3674;0d52d845-7ecc-5cc3-bfeb-3213cacf8e7f;MATCHED;E;80ccdad1-4057-5bc8-88fe-31624479b186;BPA-PHL-493053;;FT-PHL-20260924-0001;N3322J;N3322J;B6160;1256.00;LTR;630652.04;631908.04;1256.00;0.8076;KGL;MEA;16.60;GR;1014.35;COA-PHL-20260924-1;2026-09-24T09:27:11Z;BPA-DN-493053;Verified;fuel.ops@airline.com;2026-09-24T11:32:11Z;HD-PHL-03;MTR-HD-PHL-03;ELECTRONIC;2026-09-24T09:32:11Z;SEED_B6_ADSB;2026-09-24T09:32:11Z;SEED_B6_ADSB;a98e195c-39fa-5b42-b036-70de1a5755b1;1.3171;1654.28;USD
f2cb8cae-e9e0-5f7a-b60c-9c2b0d18635b;3dd5ae8b-26f4-5312-b065-5d25b208c741;MATCHED;E;6ca187ea-e68c-5a65-9ebc-9c4ae21ab216;WFS-LGA-756501;;FT-LGA-20260924-0001;N584JB;N584JB;B61471;7138.00;LTR;215476.89;222614.89;7138.00;0.8070;KGL;MEA;15.00;GR;5760.37;COA-LGA-20260924-2;2026-09-24T09:09:48Z;WFS-DN-756501;Verified;fuel.ops@airline.com;2026-09-24T11:20:48Z;HD-LGA-22;MTR-HD-LGA-22;ELECTRONIC;2026-09-24T09:20:48Z;SEED_B6_ADSB;2026-09-24T09:20:48Z;SEED_B6_ADSB;31cd5aab-e947-57dd-acd9-a0a20cf095d3;1.3018;9292.25;USD
606ddbb1-7af4-5816-9c76-c99928dab42c;9e81fcdd-760f-5d42-9ff9-32a0a3174da1;MATCHED;E;f8fb941d-5797-57f5-967f-8d77463aa173;SHL-FLL-485039;;FT-FLL-20260924-0004;N559JB;N559JB;B6690;7483.00;LTR;854496.24;861979.24;7483.00;0.7926;KGL;MEA;25.10;GR;5931.03;COA-FLL-20260924-2;2026-09-24T09:38:16Z;SHL-DN-485039;Verified;fuel.ops@airline.com;2026-09-24T11:50:16Z;HD-FLL-14;MTR-HD-FLL-14;ELECTRONIC;2026-09-24T09:50:16Z;SEED_B6_ADSB;2026-09-24T09:50:16Z;SEED_B6_ADSB;78537797-6c60-59a6-90fe-f4381f95f983;1.2280;9189.12;USD
85203f8a-c981-5a53-89e5-4160793ee19f;93125b27-9783-5d7e-bc3b-8d6ab03bf9b3;MATCHED;E;9bc51ceb-04c7-5418-bb75-85117a199e8c;WFS-JFK-403759;;FT-JFK-20260924-0004;N967JT;N967JT;B6189;17568.00;LTR;316509.34;334077.34;17568.00;0.8013;KGL;MEA;19.30;GR;14077.24;COA-JFK-20260924-1;2026-09-24T09:18:15Z;WFS-DN-403759;Verified;fuel.ops@airline.com;2026-09-24T11:41:15Z;HD-JFK-11;MTR-HD-JFK-11;ELECTRONIC;2026-09-24T09:41:15Z;SEED_B6_ADSB;2026-09-24T09:41:15Z;SEED_B6_ADSB;4542c98c-2d5d-53f7-ae6e-bb2f1edb4679;1.2966;22778.67;USD
e04a342d-9498-5f1e-a434-866fa91f0ad2;0bdfe00e-c2fa-5b7a-b046-33e8731775dd;MATCHED;M;8979b6c5-2c6d-50ed-a3d9-501810988e16;BPA-DTW-753864;;FT-DTW-20260924-0001;N568JB;N568JB;B61419;4276.00;LTR;154530.63;158806.63;4276.00;0.8058;KGL;MEA;14.30;GR;3445.6;COA-DTW-20260924-1;2026-09-24T09:31:30Z;BPA-DN-753864;Verified;fuel.ops@airline.com;2026-09-24T11:42:30Z;RF-DTW-09;MTR-RF-DTW-09;MANUAL;2026-09-24T09:42:30Z;SEED_B6_ADSB;2026-09-24T09:42:30Z;SEED_B6_ADSB;5f457e9a-3025-5c49-86a0-112f16acc003;1.2998;5557.94;USD
9ae0677e-2f6d-571c-a9a6-05c60b3d92eb;65c03ac5-6e1f-590a-9a6c-62d2b68ffde9;MATCHED;E;b5658589-3670-5cd0-9e24-0a47490e18c1;SHL-JFK-512607;;FT-JFK-20260924-0005;N827JB;N827JB;B61059;11782.00;LTR;579897.80;591679.80;11782.00;0.8007;KGL;MEA;20.00;GR;9433.85;COA-JFK-20260924-1;2026-09-24T09:20:25Z;SHL-DN-512607;Verified;fuel.ops@airline.com;2026-09-24T11:37:25Z;HD-JFK-19;MTR-HD-JFK-19;ELECTRONIC;2026-09-24T09:37:25Z;SEED_B6_ADSB;2026-09-24T09:37:25Z;SEED_B6_ADSB;7cf40f99-eb63-5094-93fc-7f6c839859a8;1.3053;15379.04;USD
588e3e52-6b33-58f8-971f-810562be7915;739fa20b-0c7b-5a49-b934-96bcc6b29fe6;MATCHED;M;30367e20-48bb-5fa8-bca4-a6412a9cdb84;WFS-BDL-333649;;FT-BDL-20260924-0001;N561JB;N561JB;B6676;2161.00;LTR;533882.13;536043.13;2161.00;0.7980;KGL;MEA;18.20;GR;1724.48;COA-BDL-20260924-2;2026-09-24T09:23:39Z;WFS-DN-333649;Verified;fuel.ops@airline.com;2026-09-24T11:31:39Z;RF-BDL-14;MTR-RF-BDL-14;MANUAL;2026-09-24T09:31:39Z;SEED_B6_ADSB;2026-09-24T09:31:39Z;SEED_B6_ADSB;d42f1818-fde6-52cd-9f2f-cc505a0bf7aa;1.3411;2898.12;USD
1aecefd8-1575-580e-a0b2-ec534caa3b82;774c4893-e690-5cba-8777-686acbdd89ea;MATCHED;M;8324c319-9a6a-5c52-826a-a5feffc4292e;BPA-CLE-201324;;FT-CLE-20260924-0001;N3269J;N3269J;B62769;3931.00;LTR;697146.61;701077.61;3931.00;0.8119;KGL;MEA;14.70;GR;3191.58;COA-CLE-20260924-1;2026-09-24T09:23:15Z;BPA-DN-201324;Verified;fuel.ops@airline.com;2026-09-24T11:33:15Z;RF-CLE-10;MTR-RF-CLE-10;MANUAL;2026-09-24T09:33:15Z;SEED_B6_ADSB;2026-09-24T09:33:15Z;SEED_B6_ADSB;f5ee5eb4-b2b1-5a1e-b7df-bbf0c73a89e9;1.3006;5112.66;USD
b5f1d7bc-0832-5982-9e2f-dca2357d164c;94dea7d4-639f-50f7-9276-42a7adc4fa40;MATCHED;E;e540a674-8507-5918-a4b1-9172ca3011dd;SHL-BOS-696796;;FT-BOS-20260924-0004;N3115J;N3115J;B6351;7695.00;LTR;376431.38;384126.38;7695.00;0.8036;KGL;MEA;18.70;GR;6183.7;COA-BOS-20260924-3;2026-09-24T09:37:51Z;SHL-DN-696796;Verified;fuel.ops@airline.com;2026-09-24T11:49:51Z;HD-BOS-24;MTR-HD-BOS-24;ELECTRONIC;2026-09-24T09:49:51Z;SEED_B6_ADSB;2026-09-24T09:49:51Z;SEED_B6_ADSB;d52f868a-cbac-5dfa-b1d3-65491c7f6a8d;1.3061;10050.44;USD
dc2356c5-7b04-5d00-80e5-ddc2eaa7de9d;ae1001a8-3ab9-5e68-8625-ac24720a3d91;MATCHED;E;1623ccc2-3de9-5aae-b05a-7d2a271407f5;WFS-BOS-478843;;FT-BOS-20260924-0005;N3125J;N3125J;B61807;9868.00;LTR;376431.38;386299.38;9868.00;0.8061;KGL;MEA;15.60;GR;7954.59;COA-BOS-20260924-3;2026-09-24T09:32:34Z;WFS-DN-478843;Verified;fuel.ops@airline.com;2026-09-24T11:46:34Z;HD-BOS-24;MTR-HD-BOS-24;ELECTRONIC;2026-09-24T09:46:34Z;SEED_B6_ADSB;2026-09-24T09:46:34Z;SEED_B6_ADSB;7bf64e6b-6b88-5075-9b78-7eaeaa3ff9e1;1.3094;12921.16;USD
4542101e-81d7-53a2-9e7e-01a102606bca;163246ff-922a-50c0-81e2-f2fcac48876d;MATCHED;E;fc739723-ebb9-521c-a0dd-69fe4d64b19a;BPA-DCA-429142;;FT-DCA-20260924-0002;N3149J;N3149J;B6254;1227.00;LTR;623596.66;624823.66;1227.00;0.7992;KGL;MEA;17.10;GR;980.62;COA-DCA-20260924-1;2026-09-24T09:20:58Z;BPA-DN-429142;Verified;fuel.ops@airline.com;2026-09-24T11:25:58Z;HD-DCA-07;MTR-HD-DCA-07;ELECTRONIC;2026-09-24T09:25:58Z;SEED_B6_ADSB;2026-09-24T09:25:58Z;SEED_B6_ADSB;f2f823de-c7d2-5ce7-845b-14d06fbfa5f6;1.3051;1601.36;USD
e2837808-c761-5707-8fa9-eb6beb88cd78;abe5e65a-67bd-5620-abc4-e4ac7cb2a8d9;MATCHED;E;b5df50cd-630d-5703-a3e2-24a935f13c86;SHL-FLL-485040;;FT-FLL-20260924-0005;N807JB;N807JB;B6172;6932.00;LTR;843260.62;850192.62;6932.00;0.7947;KGL;MEA;22.50;GR;5508.86;COA-FLL-20260924-2;2026-09-24T09:46:17Z;SHL-DN-485040;Verified;fuel.ops@airline.com;2026-09-24T11:57:17Z;HD-FLL-15;MTR-HD-FLL-15;ELECTRONIC;2026-09-24T09:57:17Z;SEED_B6_ADSB;2026-09-24T09:57:17Z;SEED_B6_ADSB;1f814eab-96e3-5a15-8167-8b855ac6338d;1.2280;8512.5;USD
bafc2685-6c96-5f75-b6b7-c38123967ff6;fb14bb89-b723-5197-b2c2-260282608120;MATCHED;E;92134b23-0dd1-5557-b8f4-d6ca562227b1;ATI-CDG-343440;;FT-CDG-20260924-0002;N4076J;N4076J;B61408;24127.00;LTR;529116.56;553243.56;24127.00;0.8093;KGL;MEA;16.10;GR;19525.98;COA-CDG-20260924-1;2026-09-24T09:27:52Z;ATI-DN-343440;Verified;fuel.ops@airline.com;2026-09-24T11:57:52Z;HD-CDG-21;MTR-HD-CDG-21;ELECTRONIC;2026-09-24T09:57:52Z;SEED_B6_ADSB;2026-09-24T09:57:52Z;SEED_B6_ADSB;4e1d0dfe-552e-5c65-9c52-56d8721f5a73;1.2630;30472.4;USD
2279420d-f549-5bcc-8d8d-f24d7e8552ec;3457883d-33da-51d3-bb53-84faba311ccb;MATCHED;E;4c5d2ff4-e4aa-59dd-a190-147644633900;BPK-DUB-467010;;FT-DUB-20260924-0001;N4074J;N4074J;B6842;20362.00;LTR;763498.42;783860.42;20362.00;0.8026;KGL;MEA;11.10;GR;16342.54;COA-DUB-20260924-1;2026-09-24T09:57:48Z;BPK-DN-467010;Verified;fuel.ops@airline.com;2026-09-24T12:34:48Z;RF-DUB-15;MTR-RF-DUB-15;ELECTRONIC;2026-09-24T10:34:48Z;SEED_B6_ADSB;2026-09-24T10:34:48Z;SEED_B6_ADSB;22e885fb-465c-51a3-aad8-f4698a3e6d12;1.2877;26220.15;USD
5f975044-efdb-5468-b28f-d13e982bdd41;d798bd60-a48b-56f0-bf2f-ba32d4b1feae;MATCHED;M;c66c6d4d-29bd-5675-ab14-3973974de58c;WFS-PVD-219742;;FT-PVD-20260924-0001;N633JB;N633JB;B61197;9281.00;LTR;629789.57;639070.57;9281.00;0.7973;KGL;MEA;19.10;GR;7399.74;COA-PVD-20260924-1;2026-09-24T09:49:36Z;WFS-DN-219742;Verified;fuel.ops@airline.com;2026-09-24T12:08:36Z;RF-PVD-22;MTR-RF-PVD-22;MANUAL;2026-09-24T10:08:36Z;SEED_B6_ADSB;2026-09-24T10:08:36Z;SEED_B6_ADSB;d185b1ee-9423-5acd-a158-ff10eefccc41;1.3495;12524.71;USD
4dad2c92-e548-54db-84d4-4f35954ab775;71dff964-7092-5cfb-9d05-e35a1c967693;MATCHED;M;a4b30ff8-3e49-52ce-bc15-d6a6586f4454;WFS-HPN-788004;;FT-HPN-20260924-0001;N627JB;N627JB;B61447;8485.00;LTR;215427.95;223912.95;8485.00;0.8035;KGL;MEA;19.80;GR;6817.7;COA-HPN-20260924-1;2026-09-24T09:41:47Z;WFS-DN-788004;Verified;fuel.ops@airline.com;2026-09-24T11:59:47Z;RF-HPN-15;MTR-RF-HPN-15;MANUAL;2026-09-24T09:59:47Z;SEED_B6_ADSB;2026-09-24T09:59:47Z;SEED_B6_ADSB;4367a8fe-eca5-5271-b5eb-517ac4b2bd6b;1.3533;11482.75;USD
bae55dbc-3e3c-516b-a4ab-2aa95b5a2763;af334517-e18a-504f-b816-b4b0dd745477;MATCHED;E;c5e6acbf-7a3f-5766-ab6f-3e0826d22aea;SHL-FLL-485043;;FT-FLL-20260924-0006;N580JB;N580JB;B6753;7406.00;LTR;500222.44;507628.44;7406.00;0.7917;KGL;MEA;26.20;GR;5863.33;COA-FLL-20260924-2;2026-09-24T09:51:03Z;SHL-DN-485043;Verified;fuel.ops@airline.com;2026-09-24T12:03:03Z;HD-FLL-21;MTR-HD-FLL-21;ELECTRONIC;2026-09-24T10:03:03Z;SEED_B6_ADSB;2026-09-24T10:03:03Z;SEED_B6_ADSB;cf52d351-347e-56e4-87cd-7c878b16c304;1.2280;9094.57;USD
8dd0c03f-b75a-5b68-8989-027905ac61d4;09bd9d41-2d5e-5eb8-af15-644b2bfac3f5;MATCHED;E;011c4c90-2688-5d9f-a058-cb92749021a5;WFS-BOS-478844;;FT-BOS-20260924-0006;N949JT;N949JT;B6165;10598.00;LTR;678919.57;689517.57;10598.00;0.8049;KGL;MEA;17.10;GR;8530.33;COA-BOS-20260924-3;2026-09-24T09:37:33Z;WFS-DN-478844;Verified;fuel.ops@airline.com;2026-09-24T11:52:33Z;HD-BOS-19;MTR-HD-BOS-19;ELECTRONIC;2026-09-24T09:52:33Z;SEED_B6_ADSB;2026-09-24T09:52:33Z;SEED_B6_ADSB;1ab71509-1ea8-5fe4-8d38-b5ae727ee2c2;1.3094;13877.02;USD
9fb42a84-4a56-59d5-81f5-0f939943c303;f239810e-d966-5dc2-8810-1ea2d926ae8c;MATCHED;E;b388330c-9352-575e-a50d-635cdb2c1d38;WFS-EWR-719328;;FT-EWR-20260924-0001;N645JB;N645JB;B61505;7682.00;LTR;249343.75;257025.75;7682.00;0.7980;KGL;MEA;19.20;GR;6130.24;COA-EWR-20260924-3;2026-09-24T09:38:56Z;WFS-DN-719328;Verified;fuel.ops@airline.com;2026-09-24T11:50:56Z;HD-EWR-14;MTR-HD-EWR-14;ELECTRONIC;2026-09-24T09:50:56Z;SEED_B6_ADSB;2026-09-24T09:50:56Z;SEED_B6_ADSB;40df8e3f-6f41-5c90-8389-80a996581511;1.2997;9984.3;USD
d66c988e-bf8d-582c-9002-20a83d6e1378;d359bfef-2b9a-5957-bb60-967a125c13bb;MATCHED;M;57567345-f1ef-569a-a758-6bb35f7aa15b;WFS-PVD-219745;;FT-PVD-20260924-0002;N516JB;N516JB;B61129;3962.00;LTR;571399.54;575361.54;3962.00;0.7985;KGL;MEA;17.50;GR;3163.66;COA-PVD-20260924-1;2026-09-24T09:56:33Z;WFS-DN-219745;Verified;fuel.ops@airline.com;2026-09-24T12:06:33Z;RF-PVD-04;MTR-RF-PVD-04;MANUAL;2026-09-24T10:06:33Z;SEED_B6_ADSB;2026-09-24T10:06:33Z;SEED_B6_ADSB;50a89165-595f-561e-ba0f-3fa6f4f75ddf;1.3495;5346.72;USD
17e0a4f1-4ec6-51c2-a4cc-b8444085bec7;c15ce734-c0ba-529a-b9dd-d199c5982acf;MATCHED;E;57b6ef57-307f-57dc-a9fd-788857e6c27b;BPK-EDI-411234;;FT-EDI-20260924-0001;N2199J;N2199J;B61080;17595.00;LTR;444376.90;461971.90;17595.00;0.8023;KGL;MEA;9.70;GR;14116.47;COA-EDI-20260924-1;2026-09-24T09:53:16Z;BPK-DN-411234;Verified;fuel.ops@airline.com;2026-09-24T12:26:16Z;RF-EDI-11;MTR-RF-EDI-11;ELECTRONIC;2026-09-24T10:26:16Z;SEED_B6_ADSB;2026-09-24T10:26:16Z;SEED_B6_ADSB;a4a43248-7021-5706-852a-02c1c59ab73a;1.2636;22233.04;USD
d3bc1ca5-42d0-57de-b41a-56fe0798d29d;fbf16d40-cd31-59ee-a272-39fc02a3be53;MATCHED;E;0f84de63-382c-5f71-801e-04479d9a54fc;WFS-BOS-478845;;FT-BOS-20260924-0007;N729JB;N729JB;B6569;9231.00;LTR;109495.48;118726.48;9231.00;0.8060;KGL;MEA;15.80;GR;7440.19;COA-BOS-20260924-3;2026-09-24T09:48:09Z;WFS-DN-478845;Verified;fuel.ops@airline.com;2026-09-24T12:02:09Z;HD-BOS-12;MTR-HD-BOS-12;ELECTRONIC;2026-09-24T10:02:09Z;SEED_B6_ADSB;2026-09-24T10:02:09Z;SEED_B6_ADSB;eb4d49ae-da3f-583c-a78f-c1879984aee0;1.3094;12087.07;USD
53491bc0-0f82-541e-8053-7282a2e39a11;4809ae91-660b-5f83-87d9-a649aa9a9278;MATCHED;E;abaa131a-7724-5299-91be-458cdbb12290;WFS-BOS-478846;;FT-BOS-20260924-0008;N3194J;N3194J;B61585;3784.00;LTR;657638.32;661422.32;3784.00;0.8036;KGL;MEA;18.80;GR;3040.82;COA-BOS-20260924-3;2026-09-24T09:47:41Z;WFS-DN-478846;Verified;fuel.ops@airline.com;2026-09-24T11:55:41Z;HD-BOS-02;MTR-HD-BOS-02;ELECTRONIC;2026-09-24T09:55:41Z;SEED_B6_ADSB;2026-09-24T09:55:41Z;SEED_B6_ADSB;f495f109-2104-52f6-9b8d-56a46287088f;1.3094;4954.77;USD
65058549-f3d3-56fd-b23f-3923aa6705bf;9088f433-a0c0-5178-bc6e-41ad831eaa90;MATCHED;E;d289b04c-94f8-5a92-a9ac-f707b3ae36cb;WFS-JFK-403761;;FT-JFK-20260924-0006;N3232J;N3232J;B61602;802.00;LTR;126413.80;127215.80;802.00;0.8014;KGL;MEA;19.20;GR;642.72;COA-JFK-20260924-1;2026-09-24T09:35:30Z;WFS-DN-403761;Verified;fuel.ops@airline.com;2026-09-24T11:39:30Z;HD-JFK-08;MTR-HD-JFK-08;ELECTRONIC;2026-09-24T09:39:30Z;SEED_B6_ADSB;2026-09-24T09:39:30Z;SEED_B6_ADSB;7bb34318-61fd-5280-bd78-fed9c9b0aa17;1.2966;1039.87;USD
778fd4e1-f36f-5e8e-949a-f4575ef1e537;105064be-2714-5175-8dfa-fc2356c1ee5a;MATCHED;E;0c35c2a2-6314-5b6e-84e5-eaed827a4015;WFS-JFK-403764;;FT-JFK-20260924-0007;N3242J;N3242J;B62718;625.00;LTR;623172.70;623797.70;625.00;0.8010;KGL;MEA;19.60;GR;500.62;COA-JFK-20260924-1;2026-09-24T09:46:35Z;WFS-DN-403764;Verified;fuel.ops@airline.com;2026-09-24T11:50:35Z;HD-JFK-23;MTR-HD-JFK-23;ELECTRONIC;2026-09-24T09:50:35Z;SEED_B6_ADSB;2026-09-24T09:50:35Z;SEED_B6_ADSB;88d127df-5380-575f-aa2e-eaaaaf95a493;1.2966;810.38;USD
326a93eb-2ac6-5301-8ee9-96401539bd77;05748776-b8be-5306-bd26-7665d05512a9;MATCHED;E;155df43a-fde9-5da0-91d3-89a6b2f3bc3c;SHL-BOS-696797;;FT-BOS-20260924-0009;N703JB;N703JB;B6691;8787.00;LTR;864342.21;873129.21;8787.00;0.8052;KGL;MEA;16.80;GR;7075.29;COA-BOS-20260924-3;2026-09-24T09:55:43Z;SHL-DN-696797;Verified;fuel.ops@airline.com;2026-09-24T12:08:43Z;HD-BOS-03;MTR-HD-BOS-03;ELECTRONIC;2026-09-24T10:08:43Z;SEED_B6_ADSB;2026-09-24T10:08:43Z;SEED_B6_ADSB;a0dc3066-bcd1-54fa-b0dc-d7070ed60d83;1.3061;11476.7;USD
940298d1-a99b-5585-879e-1b53122ee534;34b32de8-356f-585a-8446-b25611854578;MATCHED;E;70a121d4-e1d4-5434-abd1-6aaf10670c15;SHL-JFK-512610;;FT-JFK-20260924-0008;N2039J;N2039J;B6953;6482.00;LTR;363066.04;369548.04;6482.00;0.8002;KGL;MEA;20.70;GR;5186.9;COA-JFK-20260924-1;2026-09-24T10:06:58Z;SHL-DN-512610;Verified;fuel.ops@airline.com;2026-09-24T12:17:58Z;HD-JFK-18;MTR-HD-JFK-18;ELECTRONIC;2026-09-24T10:17:58Z;SEED_B6_ADSB;2026-09-24T10:17:58Z;SEED_B6_ADSB;b765819b-7629-5fa2-affe-a76f44f8924a;1.3053;8460.95;USD
f4f32b23-e698-5f8f-8698-a2407f554910;cc1a78ef-0e15-5da0-9536-0baee6c03920;MATCHED;M;153932c9-e9bc-5290-8fff-b880aa1197e5;WFS-RDU-697017;;FT-RDU-20260924-0002;N766JB;N766JB;B62625;5300.00;LTR;586194.85;591494.85;5300.00;0.7967;KGL;MEA;22.00;GR;4222.51;COA-RDU-20260924-3;2026-09-24T09:58:24Z;WFS-DN-697017;Verified;fuel.ops@airline.com;2026-09-24T12:10:24Z;RF-RDU-21;MTR-RF-RDU-21;MANUAL;2026-09-24T10:10:24Z;SEED_B6_ADSB;2026-09-24T10:10:24Z;SEED_B6_ADSB;b12a8741-cc7d-58bf-86cd-86e99fcd022b;1.2713;6737.89;USD
234f02c4-5afe-575e-8e95-5bc9bbe6dcd4;93c2c5b6-7754-5ad7-8e7d-1cc1b2aa395b;MATCHED;E;01ada591-aef1-5c2c-b37c-f9b9cd1abe0c;BPA-TPA-704078;;FT-TPA-20260924-0001;N965JT;N965JT;B61192;8933.00;LTR;199286.23;208219.23;8933.00;0.8033;KGL;MEA;25.60;GR;7175.88;COA-TPA-20260924-1;2026-09-24T10:04:21Z;BPA-DN-704078;Verified;fuel.ops@airline.com;2026-09-24T12:17:21Z;HD-TPA-19;MTR-HD-TPA-19;ELECTRONIC;2026-09-24T10:17:21Z;SEED_B6_ADSB;2026-09-24T10:17:21Z;SEED_B6_ADSB;bf94d1a0-ef73-5de6-a6d0-2db486227dd8;1.2208;10905.41;USD
d3ce52db-b818-561a-a66b-6aeb1d4ca7c5;6d76f37e-423b-50c2-a0ce-0148369f5042;MATCHED;M;e4057d47-f934-5329-862b-11df0e681868;BPA-CLE-201327;;FT-CLE-20260924-0002;N3280J;N3280J;B62289;6105.00;LTR;207633.64;213738.64;6105.00;0.8106;KGL;MEA;16.40;GR;4948.71;COA-CLE-20260924-1;2026-09-24T10:10:24Z;BPA-DN-201327;Verified;fuel.ops@airline.com;2026-09-24T12:24:24Z;RF-CLE-16;MTR-RF-CLE-16;MANUAL;2026-09-24T10:24:24Z;SEED_B6_ADSB;2026-09-24T10:24:24Z;SEED_B6_ADSB;e0c88a9e-3b32-5950-b7c8-8e9380fde394;1.3006;7940.16;USD
3b48760f-889f-5ad9-b969-7e764fb47a3b;d4e40db2-b262-5502-a485-64c71e551666;MATCHED;E;08b4c6bf-56ba-57c1-bc94-a00847b9c64e;WFS-JFK-403766;;FT-JFK-20260924-0009;N2044J;N2044J;B61;5851.00;LTR;255081.69;260932.69;5851.00;0.8017;KGL;MEA;18.80;GR;4690.75;COA-JFK-20260924-1;2026-09-24T09:58:44Z;WFS-DN-403766;Verified;fuel.ops@airline.com;2026-09-24T12:08:44Z;HD-JFK-14;MTR-HD-JFK-14;ELECTRONIC;2026-09-24T10:08:44Z;SEED_B6_ADSB;2026-09-24T10:08:44Z;SEED_B6_ADSB;28564db0-9709-5580-92c2-5a8987b6b064;1.2966;7586.41;USD
a233572d-165f-5cd2-91e2-3f857d917260;dd685b74-5a8d-526e-968b-c054fb8d9aac;MATCHED;E;21e23401-134f-5f77-918a-3604434d3110;WFS-JFK-403767;;FT-JFK-20260924-0010;N2165J;N2165J;B6523;14411.00;LTR;398783.17;413194.17;14411.00;0.8037;KGL;MEA;16.20;GR;11582.12;COA-JFK-20260924-1;2026-09-24T10:05:49Z;WFS-DN-403767;Verified;fuel.ops@airline.com;2026-09-24T12:25:49Z;HD-JFK-20;MTR-HD-JFK-20;ELECTRONIC;2026-09-24T10:25:49Z;SEED_B6_ADSB;2026-09-24T10:25:49Z;SEED_B6_ADSB;c5a68102-a0d4-5684-ba87-1748375008aa;1.2966;18685.3;USD
84c82dfc-6f12-531a-bb58-2f784b9580a3;1f48dcbe-bee8-5ac6-93ef-6186a6529d28;MATCHED;M;3bf0bdf0-9065-51b6-8422-0a6995b3fe83;BPA-PIT-505308;;FT-PIT-20260924-0002;N3258J;N3258J;B62005;4650.00;LTR;786883.97;791533.97;4650.00;0.8105;KGL;MEA;16.20;GR;3768.82;COA-PIT-20260924-2;2026-09-24T10:02:47Z;BPA-DN-505308;Verified;fuel.ops@airline.com;2026-09-24T12:14:47Z;RF-PIT-02;MTR-RF-PIT-02;MANUAL;2026-09-24T10:14:47Z;SEED_B6_ADSB;2026-09-24T10:14:47Z;SEED_B6_ADSB;b42a820d-79a4-5e96-a771-e3be7c4647c9;1.3387;6224.95;USD
0e96efe7-d723-5555-bff9-f5f114e55880;daf2124f-a7c3-5a59-bd16-2abc3fc472af;MATCHED;M;7185a689-27fd-59d2-8f2b-b1397392431c;WFS-BDL-333651;;FT-BDL-20260924-0002;N519JB;N519JB;B6959;7943.00;LTR;293914.90;301857.90;7943.00;0.7984;KGL;MEA;17.60;GR;6341.69;COA-BDL-20260924-2;2026-09-24T10:03:25Z;WFS-DN-333651;Verified;fuel.ops@airline.com;2026-09-24T12:20:25Z;RF-BDL-17;MTR-RF-BDL-17;MANUAL;2026-09-24T10:20:25Z;SEED_B6_ADSB;2026-09-24T10:20:25Z;SEED_B6_ADSB;dc66dbf2-5f0d-55c9-b819-0bfc2d420e3c;1.3411;10652.36;USD
32082349-9005-502b-82e4-08d9e1e557fa;87053dc0-8b3e-5231-9eb6-1a4099b0ec2c;MATCHED;M;59edfeca-657c-5a51-b820-3012083abd02;WFS-ISP-635072;;FT-ISP-20260924-0001;N554JB;N554JB;B6513;9174.00;LTR;149703.57;158877.57;9174.00;0.8032;KGL;MEA;19.90;GR;7368.56;COA-ISP-20260924-3;2026-09-24T10:08:29Z;WFS-DN-635072;Verified;fuel.ops@airline.com;2026-09-24T12:27:29Z;RF-ISP-09;MTR-RF-ISP-09;MANUAL;2026-09-24T10:27:29Z;SEED_B6_ADSB;2026-09-24T10:27:29Z;SEED_B6_ADSB;4452d9b2-cf7a-5424-a378-03e976b0b0df;1.3489;12374.81;USD
67f5fb80-45fe-53f0-b9a7-db98ae607d2b;6b021f71-ad99-590e-abe6-fe5ffe805ace;MATCHED;E;e9713de5-bcfd-5900-ac5e-d16d476e618d;BPK-LHR-315500;;FT-LHR-20260924-0003;N4058J;N4058J;B620;19858.00;LTR;261851.16;281709.16;19858.00;0.8142;KGL;MEA;11.50;GR;16168.38;COA-LHR-20260924-2;2026-09-24T10:06:10Z;BPK-DN-315500;Verified;fuel.ops@airline.com;2026-09-24T12:32:10Z;HD-LHR-01;MTR-HD-LHR-01;ELECTRONIC;2026-09-24T10:32:10Z;SEED_B6_ADSB;2026-09-24T10:32:10Z;SEED_B6_ADSB;ef3d5f70-3f59-5ab8-81b6-fc58b2f31898;1.2753;25324.91;USD
d5ff46ad-1369-5bcd-8829-333067b0486d;494f6801-97c0-561a-be3f-031d5bcc6ca4;MATCHED;E;4a33f008-bd7d-5a4c-a4dc-a6afd38b3d88;WFS-JFK-403768;;FT-JFK-20260924-0011;N3276J;N3276J;B6477;4933.00;LTR;126413.80;131346.80;4933.00;0.8014;KGL;MEA;19.10;GR;3953.31;COA-JFK-20260924-1;2026-09-24T10:03:42Z;WFS-DN-403768;Verified;fuel.ops@airline.com;2026-09-24T12:12:42Z;HD-JFK-08;MTR-HD-JFK-08;ELECTRONIC;2026-09-24T10:12:42Z;SEED_B6_ADSB;2026-09-24T10:12:42Z;SEED_B6_ADSB;2f2f5888-451b-5d91-b823-88c4770e1726;1.2966;6396.13;USD
9919c2fe-66a1-568c-9ee1-249a799b21f5;f3729fce-4db6-5374-9b86-1ade982f42e6;MATCHED;E;010660c6-b551-54c8-8d57-5161b1ed9059;WFS-EWR-719330;;FT-EWR-20260924-0002;N946JL;N946JL;B61573;18628.00;LTR;175788.21;194416.21;18628.00;0.7988;KGL;MEA;18.20;GR;14880.05;COA-EWR-20260924-3;2026-09-24T10:01:55Z;WFS-DN-719330;Verified;fuel.ops@airline.com;2026-09-24T12:25:55Z;HD-EWR-10;MTR-HD-EWR-10;ELECTRONIC;2026-09-24T10:25:55Z;SEED_B6_ADSB;2026-09-24T10:25:55Z;SEED_B6_ADSB;5ebf9c79-6276-5aad-8418-dc8129575c8b;1.2997;24210.81;USD
5b1acba5-a0e7-5703-ba3b-0bc8a2dc97f5;73605936-af2f-589d-92a7-2fad971a0a1f;MATCHED;E;651210e0-0af8-50cf-92e9-51ddbebf8c42;PMA-SJU-755431;;FT-SJU-20260924-0003;N708JB;N708JB;B61048;9825.00;LTR;372898.89;382723.89;9825.00;0.7946;KGL;MEA;28.40;GR;7806.94;COA-SJU-20260924-2;2026-09-24T10:18:26Z;PMA-DN-755431;Verified;fuel.ops@airline.com;2026-09-24T12:33:26Z;HD-SJU-13;MTR-HD-SJU-13;ELECTRONIC;2026-09-24T10:33:26Z;SEED_B6_ADSB;2026-09-24T10:33:26Z;SEED_B6_ADSB;99936561-0e16-5e86-886b-efad23dbd1df;1.2932;12705.69;USD
e8dd16a2-2ade-59c5-b3a4-484838ff01f4;7b9bd2b4-1053-5c7e-986e-d4e022b4eef4;MATCHED;E;471e12d5-930a-5309-a592-5695de7c29ce;WFS-BOS-478849;;FT-BOS-20260924-0010;N3229J;N3229J;B6111;4402.00;LTR;376431.38;380833.38;4402.00;0.8070;KGL;MEA;14.50;GR;3552.41;COA-BOS-20260924-3;2026-09-24T10:14:12Z;WFS-DN-478849;Verified;fuel.ops@airline.com;2026-09-24T12:22:12Z;HD-BOS-24;MTR-HD-BOS-24;ELECTRONIC;2026-09-24T10:22:12Z;SEED_B6_ADSB;2026-09-24T10:22:12Z;SEED_B6_ADSB;a83a2cd0-88d6-5f44-824e-875d8f64afd1;1.3094;5763.98;USD
d0f75637-b25a-51b8-ba32-7f169ca99144;0829219a-6f20-59fa-8405-3d3a435fd807;MATCHED;E;fce61512-ddad-529d-aa99-a90f04827cd2;BPA-PHL-493056;;FT-PHL-20260924-0002;N636JB;N636JB;B6375;8328.00;LTR;645940.03;654268.03;8328.00;0.8068;KGL;MEA;17.60;GR;6719.03;COA-PHL-20260924-1;2026-09-24T10:07:38Z;BPA-DN-493056;Verified;fuel.ops@airline.com;2026-09-24T12:20:38Z;HD-PHL-20;MTR-HD-PHL-20;ELECTRONIC;2026-09-24T10:20:38Z;SEED_B6_ADSB;2026-09-24T10:20:38Z;SEED_B6_ADSB;d6780905-3c5f-5d13-b619-1c0c67802f30;1.3171;10968.81;USD
237a1979-ec6b-58fa-947a-203b789da0c1;84e893e7-417a-5082-b866-3d857f8bbc39;MATCHED;M;6ff0f58a-2c83-54c9-af62-ab645cf765d5;BPA-DTW-753865;;FT-DTW-20260924-0002;N520JB;N520JB;B62489;7513.00;LTR;174790.82;182303.82;7513.00;0.8059;KGL;MEA;14.10;GR;6054.73;COA-DTW-20260924-1;2026-09-24T10:12:57Z;BPA-DN-753865;Verified;fuel.ops@airline.com;2026-09-24T12:28:57Z;RF-DTW-01;MTR-RF-DTW-01;MANUAL;2026-09-24T10:28:57Z;SEED_B6_ADSB;2026-09-24T10:28:57Z;SEED_B6_ADSB;ac942cb2-7799-5d9a-868c-11f76a8b0cdc;1.2998;9765.4;USD
73869892-436b-58e2-93dc-d9fe938e24a1;c4e2e47d-3125-58dd-b12d-7220d5310c3d;MATCHED;E;1e1e29e3-8077-5216-8bfe-c342d2f17c68;SHL-JFK-512611;;FT-JFK-20260924-0012;N3023J;N3023J;B675;6648.00;LTR;255081.69;261729.69;6648.00;0.8025;KGL;MEA;17.70;GR;5335.02;COA-JFK-20260924-1;2026-09-24T10:17:26Z;SHL-DN-512611;Verified;fuel.ops@airline.com;2026-09-24T12:28:26Z;HD-JFK-14;MTR-HD-JFK-14;ELECTRONIC;2026-09-24T10:28:26Z;SEED_B6_ADSB;2026-09-24T10:28:26Z;SEED_B6_ADSB;4beafaac-a6cc-5d00-a7b1-f4365aedf28b;1.3053;8677.63;USD
bb40fdc7-3cdd-5905-b6e3-e0735541d39b;fb2425c0-031a-5793-b148-948a11e331ef;MATCHED;E;ae4792d4-61f9-5612-8a22-163a55868c6e;WFS-BOS-478851;;FT-BOS-20260924-0011;N658JB;N658JB;B6917;2965.00;LTR;246163.33;249128.33;2965.00;0.8055;KGL;MEA;16.40;GR;2388.31;COA-BOS-20260924-3;2026-09-24T10:13:27Z;WFS-DN-478851;Verified;fuel.ops@airline.com;2026-09-24T12:20:27Z;HD-BOS-14;MTR-HD-BOS-14;ELECTRONIC;2026-09-24T10:20:27Z;SEED_B6_ADSB;2026-09-24T10:20:27Z;SEED_B6_ADSB;1d00fd40-38ea-5e37-91c6-59266d3da301;1.3094;3882.37;USD
dc3f6a4f-3a06-5c18-9c12-bdf3ab2210e7;25c20684-591c-545c-9094-e2f70bb1f48b;MATCHED;E;0542c280-66a5-5c6b-9705-7a899921e379;BPA-MCO-339202;;FT-MCO-20260924-0002;N3113J;N3113J;B6852;5196.00;LTR;635501.57;640697.57;5196.00;0.7980;KGL;MEA;23.80;GR;4146.41;COA-MCO-20260924-3;2026-09-24T10:12:44Z;BPA-DN-339202;Verified;fuel.ops@airline.com;2026-09-24T12:21:44Z;HD-MCO-21;MTR-HD-MCO-21;ELECTRONIC;2026-09-24T10:21:44Z;SEED_B6_ADSB;2026-09-24T10:21:44Z;SEED_B6_ADSB;5de3e66a-3e93-5f4a-ad21-d5f7ee819975;1.2376;6430.57;USD
d5d4676c-8b7d-59da-9653-256e83326a43;207010b8-7220-5d1d-849e-585ca6d10e56;MATCHED;E;b7f7d0d7-497e-5efb-ae48-b1605cd51fa8;CGA-DFW-294811;;FT-DFW-20260924-0001;N527JL;N527JL;B62282;7866.00;LTR;297213.46;305079.46;7866.00;0.7984;KGL;MEA;20.60;GR;6280.21;COA-DFW-20260924-1;2026-09-24T10:15:22Z;CGA-DN-294811;Verified;fuel.ops@airline.com;2026-09-24T12:27:22Z;HD-DFW-11;MTR-HD-DFW-11;ELECTRONIC;2026-09-24T10:27:22Z;SEED_B6_ADSB;2026-09-24T10:27:22Z;SEED_B6_ADSB;57299ba7-0a0b-522c-82ec-74e72f1f266f;1.2291;9668.1;USD
cca0e61f-635b-50d6-b8ee-ef3b2492b7e3;d51c4b91-43a7-500d-bd35-e975fad68971;MATCHED;E;ede71bf6-bcd6-59aa-9a70-0089511580fe;BPA-DCA-429143;;FT-DCA-20260924-0003;N590JB;N590JB;B62423;4498.00;LTR;616703.28;621201.28;4498.00;0.7961;KGL;MEA;21.10;GR;3580.86;COA-DCA-20260924-1;2026-09-24T10:25:14Z;BPA-DN-429143;Verified;fuel.ops@airline.com;2026-09-24T12:34:14Z;HD-DCA-03;MTR-HD-DCA-03;ELECTRONIC;2026-09-24T10:34:14Z;SEED_B6_ADSB;2026-09-24T10:34:14Z;SEED_B6_ADSB;5a09bf69-fa3c-560a-a187-1b9d1ba01e7b;1.3051;5870.34;USD
34cde7a2-bade-5400-bd0e-6f5e62d1ef79;48510b0e-334a-5065-8c27-22292d9fa7d3;MATCHED;E;479e963a-78f7-5e36-ad39-cd4ec06f459a;SHL-BOS-696798;;FT-BOS-20260924-0012;N2156J;N2156J;B61577;14103.00;LTR;511336.59;525439.59;14103.00;0.8032;KGL;MEA;19.30;GR;11327.53;COA-BOS-20260924-3;2026-09-24T10:08:37Z;SHL-DN-696798;Verified;fuel.ops@airline.com;2026-09-24T12:27:37Z;HD-BOS-16;MTR-HD-BOS-16;ELECTRONIC;2026-09-24T10:27:37Z;SEED_B6_ADSB;2026-09-24T10:27:37Z;SEED_B6_ADSB;577d5201-cb86-537f-a2bd-8ee5dde82868;1.3061;18419.93;USD
dfc60a47-8da1-5883-b030-f849c67be098;ad4208f8-09b1-5e24-ac45-13d5a8f40b38;MATCHED;M;7f283ef3-e585-5681-b71e-0c86cd0d462f;WFS-HPN-788005;;FT-HPN-20260924-0002;N804JB;N804JB;B61551;7721.00;LTR;838204.20;845925.20;7721.00;0.8063;KGL;MEA;16.20;GR;6225.44;COA-HPN-20260924-1;2026-09-24T10:17:06Z;WFS-DN-788005;Verified;fuel.ops@airline.com;2026-09-24T12:33:06Z;RF-HPN-01;MTR-RF-HPN-01;MANUAL;2026-09-24T10:33:06Z;SEED_B6_ADSB;2026-09-24T10:33:06Z;SEED_B6_ADSB;e458f91c-819f-5c08-b46d-e2574369cf9d;1.3533;10448.83;USD
7a38ca6e-b360-5740-8e95-1986e61fb646;4410132c-6a14-569b-9aaf-b38283cbc3f8;MATCHED;M;3eaab0ac-b3f6-5063-9be2-19195a89f7d2;WFS-ROC-474926;;FT-ROC-20260924-0001;N571JB;N571JB;B61285;2228.00;LTR;682073.12;684301.12;2228.00;0.8040;KGL;MEA;18.70;GR;1791.31;COA-ROC-20260924-1;2026-09-24T10:23:41Z;WFS-DN-474926;Verified;fuel.ops@airline.com;2026-09-24T12:30:41Z;RF-ROC-06;MTR-RF-ROC-06;MANUAL;2026-09-24T10:30:41Z;SEED_B6_ADSB;2026-09-24T10:30:41Z;SEED_B6_ADSB;4db0834c-d589-5442-b62b-d5a2afb38529;1.3300;2963.24;USD
393ed648-924f-5c27-9178-21cfd111c5ef;dc42fe57-3dab-59d7-bd81-5edf43dcb33e;MATCHED;E;75a98175-9e1c-5a96-806d-022d5521594e;BPA-BWI-463110;;FT-BWI-20260924-0001;N3145J;N3145J;B62995;4903.00;LTR;250683.50;255586.50;4903.00;0.8027;KGL;MEA;18.60;GR;3935.64;COA-BWI-20260924-1;2026-09-24T10:33:05Z;BPA-DN-463110;Verified;fuel.ops@airline.com;2026-09-24T12:42:05Z;HD-BWI-17;MTR-HD-BWI-17;ELECTRONIC;2026-09-24T10:42:05Z;SEED_B6_ADSB;2026-09-24T10:42:05Z;SEED_B6_ADSB;73be49a5-dbeb-530c-a228-5776ba384c95;1.3143;6444.01;USD
49f91c74-ec73-54bb-b4b3-052780c8161b;3bb091ff-d8b0-5bfa-a947-ed56b7ce9a90;MATCHED;E;808dde79-6144-58a6-9ce7-4d3ae1c14f6b;SHL-FLL-485044;;FT-FLL-20260924-0007;N964JT;N964JT;B61301;18958.00;LTR;336381.81;355339.81;18958.00;0.7909;KGL;MEA;27.20;GR;14993.88;COA-FLL-20260924-2;2026-09-24T10:26:36Z;SHL-DN-485044;Verified;fuel.ops@airline.com;2026-09-24T12:51:36Z;HD-FLL-20;MTR-HD-FLL-20;ELECTRONIC;2026-09-24T10:51:36Z;SEED_B6_ADSB;2026-09-24T10:51:36Z;SEED_B6_ADSB;a39fc6cb-43a5-504a-bfb6-4d04a048b41a;1.2280;23280.42;USD
f3e35626-19fd-586e-8631-1fb225821aea;c958b057-cc6f-5198-87f4-656253dad37c;MATCHED;M;210692d8-f445-56c2-a0d7-29783b6bb225;WFS-BUF-723667;;FT-BUF-20260924-0001;N3272J;N3272J;B685;6107.00;LTR;448944.37;455051.37;6107.00;0.7981;KGL;MEA;18.00;GR;4874;COA-BUF-20260924-3;2026-09-24T10:28:18Z;WFS-DN-723667;Verified;fuel.ops@airline.com;2026-09-24T12:42:18Z;RF-BUF-18;MTR-RF-BUF-18;MANUAL;2026-09-24T10:42:18Z;SEED_B6_ADSB;2026-09-24T10:42:18Z;SEED_B6_ADSB;3a6c0e77-e5af-566f-8e0a-ae60614f38d2;1.3240;8085.67;USD
4f8040e8-033c-5a84-8e48-1e2fd88ccf76;c3ca03ff-430b-573c-aa4e-02a3d32f9222;MATCHED;M;db3f3204-bfcd-577d-8ab9-53d3b8521ed2;CGA-AUS-601305;;FT-AUS-20260924-0001;N597JB;N597JB;B62272;7285.00;LTR;292711.80;299996.80;7285.00;0.7934;KGL;MEA;21.50;GR;5779.92;COA-AUS-20260924-3;2026-09-24T10:27:49Z;CGA-DN-601305;Verified;fuel.ops@airline.com;2026-09-24T12:44:49Z;RF-AUS-08;MTR-RF-AUS-08;MANUAL;2026-09-24T10:44:49Z;SEED_B6_ADSB;2026-09-24T10:44:49Z;SEED_B6_ADSB;75c07ad2-7739-555f-be45-d2ed53c573c6;1.2531;9128.83;USD
bcd5f49a-bb17-5d41-a5ff-e24ced4692d7;ab102701-54ba-569a-81b6-36e039c0d7d1;MATCHED;E;6b1a10da-613a-5cab-a2a5-068b27ac5b15;CGA-IAH-360675;;FT-IAH-20260924-0001;N705JB;N705JB;B62380;6507.00;LTR;604238.65;610745.65;6507.00;0.7910;KGL;MEA;24.10;GR;5147.04;COA-IAH-20260924-2;2026-09-24T10:42:19Z;CGA-DN-360675;Verified;fuel.ops@airline.com;2026-09-24T12:53:19Z;HD-IAH-01;MTR-HD-IAH-01;ELECTRONIC;2026-09-24T10:53:19Z;SEED_B6_ADSB;2026-09-24T10:53:19Z;SEED_B6_ADSB;ccbb7114-275b-52d9-a756-6574f4bfbff8;1.2227;7956.11;USD
9606101e-942f-5b85-9b33-012fbb890ce1;a81e7dc3-0f11-5b23-a6f4-8ad40c49db79;MATCHED;M;327716a9-475b-58ee-b4fd-cc5d3d10cdba;AVF-JAX-322584;;FT-JAX-20260924-0001;N566JB;N566JB;B617;2818.00;LTR;276328.73;279146.73;2818.00;0.8015;KGL;MEA;24.40;GR;2258.63;COA-JAX-20260924-3;2026-09-24T10:31:32Z;AVF-DN-322584;Verified;fuel.ops@airline.com;2026-09-24T12:39:32Z;RF-JAX-10;MTR-RF-JAX-10;MANUAL;2026-09-24T10:39:32Z;SEED_B6_ADSB;2026-09-24T10:39:32Z;SEED_B6_ADSB;6e072a4c-aab7-57f2-8f49-843abf4e305d;1.2640;3561.95;USD
b64ba597-203b-51d5-8730-0cc84c868b52;5da08a95-6a46-5348-baca-4dee0ad092a1;MATCHED;E;26b94fc6-5495-5676-9032-ff56f21529c0;SHL-JFK-512613;;FT-JFK-20260924-0013;N929JB;N929JB;B615;19071.00;LTR;812277.90;831348.90;19071.00;0.8048;KGL;MEA;14.90;GR;15348.34;COA-JFK-20260924-1;2026-09-24T10:20:38Z;SHL-DN-512613;Verified;fuel.ops@airline.com;2026-09-24T12:45:38Z;HD-JFK-12;MTR-HD-JFK-12;ELECTRONIC;2026-09-24T10:45:38Z;SEED_B6_ADSB;2026-09-24T10:45:38Z;SEED_B6_ADSB;daff4e36-9a51-5289-b2bd-fa87615ae1a8;1.3053;24893.38;USD
5d24e484-57a0-5b51-ba82-cc8957ef3e9d;7a2cd006-286a-59e6-a617-66ab6378b521;MATCHED;E;a50ec0ae-c6b5-5bb1-abb9-f3249f4e33f1;BPK-EDI-411237;;FT-EDI-20260924-0002;N2188J;N2188J;B672;19411.00;LTR;827732.96;847143.96;19411.00;0.8022;KGL;MEA;9.80;GR;15571.5;COA-EDI-20260924-1;2026-09-24T10:35:21Z;BPK-DN-411237;Verified;fuel.ops@airline.com;2026-09-24T13:12:21Z;RF-EDI-03;MTR-RF-EDI-03;ELECTRONIC;2026-09-24T11:12:21Z;SEED_B6_ADSB;2026-09-24T11:12:21Z;SEED_B6_ADSB;2795afa0-bf75-5dc5-9476-284f53d59aec;1.2636;24527.74;USD
842617e7-80c6-567d-8c42-6398d23bbcf3;9de1c68e-4402-5116-a316-f1216bb57ea4;MATCHED;E;3aca7b39-df61-543a-8f21-352f83884016;WFS-LGA-756503;;FT-LGA-20260924-0002;N3196J;N3196J;B61461;6107.00;LTR;125342.49;131449.49;6107.00;0.8065;KGL;MEA;15.60;GR;4925.3;COA-LGA-20260924-2;2026-09-24T10:44:27Z;WFS-DN-756503;Verified;fuel.ops@airline.com;2026-09-24T12:54:27Z;HD-LGA-06;MTR-HD-LGA-06;ELECTRONIC;2026-09-24T10:54:27Z;SEED_B6_ADSB;2026-09-24T10:54:27Z;SEED_B6_ADSB;ae9bccf1-2517-57cf-bb2f-0e9d76dbf478;1.3018;7950.09;USD
81b29588-9b13-5bee-8bf6-f3e06db417f1;98dc26db-e7c9-555d-93bc-108778791572;MATCHED;E;96b9ec77-5464-5ddd-917f-5bedc235b1fa;BPA-TPA-704079;;FT-TPA-20260924-0002;N821JB;N821JB;B6226;5677.00;LTR;543924.10;549601.10;5677.00;0.8046;KGL;MEA;24.00;GR;4567.71;COA-TPA-20260924-1;2026-09-24T10:44:38Z;BPA-DN-704079;Verified;fuel.ops@airline.com;2026-09-24T12:54:38Z;HD-TPA-12;MTR-HD-TPA-12;ELECTRONIC;2026-09-24T10:54:38Z;SEED_B6_ADSB;2026-09-24T10:54:38Z;SEED_B6_ADSB;c6b77786-47e2-5feb-80cb-f242e261d3fd;1.2208;6930.48;USD
bc9ce605-8cfe-559c-b03d-281a34b02ece;df6ce67b-fa55-55d2-ae46-c0643de47825;MATCHED;E;a47192ba-88b7-5a9e-be3b-11efcbe61a55;BPA-ORD-551288;;FT-ORD-20260924-0001;N583JB;N583JB;B6664;8232.00;LTR;840111.51;848343.51;8232.00;0.8068;KGL;MEA;16.70;GR;6641.58;COA-ORD-20260924-1;2026-09-24T10:41:17Z;BPA-DN-551288;Verified;fuel.ops@airline.com;2026-09-24T12:54:17Z;HD-ORD-03;MTR-HD-ORD-03;ELECTRONIC;2026-09-24T10:54:17Z;SEED_B6_ADSB;2026-09-24T10:54:17Z;SEED_B6_ADSB;0f2f287e-6287-5786-860f-a82fb26e3476;1.2352;10168.17;USD
448e3b22-934c-5c67-84fb-83ea08124574;f761ce3c-6dde-5213-96c6-fb7f72ed1472;MATCHED;M;1213e169-fd04-5644-a696-ebb7e835af0e;BPA-RIC-112593;;FT-RIC-20260924-0001;N663JB;N663JB;B61145;8223.00;LTR;688238.96;696461.96;8223.00;0.8037;KGL;MEA;20.00;GR;6608.83;COA-RIC-20260924-1;2026-09-24T10:48:42Z;BPA-DN-112593;Verified;fuel.ops@airline.com;2026-09-24T13:05:42Z;RF-RIC-05;MTR-RF-RIC-05;MANUAL;2026-09-24T11:05:42Z;SEED_B6_ADSB;2026-09-24T11:05:42Z;SEED_B6_ADSB;2d42155e-e734-5f5b-9007-6349cbd098fb;1.3625;11203.84;USD
efda037c-5d0a-5c96-93d1-c3c921b777ce;73680b7a-0bd6-5331-af7c-d0f2697f2654;MATCHED;E;02a5de06-1634-512f-b23a-f2114c24ef4c;WFS-JFK-403769;;FT-JFK-20260924-0014;N2142J;N2142J;B6411;13161.00;LTR;228457.33;241618.33;13161.00;0.8024;KGL;MEA;17.90;GR;10560.39;COA-JFK-20260924-1;2026-09-24T10:35:14Z;WFS-DN-403769;Verified;fuel.ops@airline.com;2026-09-24T12:53:14Z;HD-JFK-01;MTR-HD-JFK-01;ELECTRONIC;2026-09-24T10:53:14Z;SEED_B6_ADSB;2026-09-24T10:53:14Z;SEED_B6_ADSB;39b8554d-6a60-5635-83ad-308d16e4eae4;1.2966;17064.55;USD
9fd21a37-eb32-5ca9-a7e5-fc4a1528cf5f;d3aa8c28-d022-5a5a-93b8-a920e36804bd;MATCHED;E;b505ca0f-c464-51fb-8708-8b2b1735185a;SHL-FLL-485045;;FT-FLL-20260924-0008;N649JB;N649JB;B61480;5871.00;LTR;116563.35;122434.35;5871.00;0.7919;KGL;MEA;26.00;GR;4649.24;COA-FLL-20260924-2;2026-09-24T10:55:17Z;SHL-DN-485045;Verified;fuel.ops@airline.com;2026-09-24T13:05:17Z;HD-FLL-19;MTR-HD-FLL-19;ELECTRONIC;2026-09-24T11:05:17Z;SEED_B6_ADSB;2026-09-24T11:05:17Z;SEED_B6_ADSB;eaed9e03-3be1-5318-ab47-f817c255605e;1.2280;7209.59;USD
a7d6ae2b-31f3-516f-86b0-b95ab42b61b4;0770f238-0377-5699-a862-e7b2b386bd52;MATCHED;E;8523f2a5-dfc6-501e-8bf0-214c5f8871b4;SHL-FLL-485047;;FT-FLL-20260924-0009;N942JB;N942JB;B6707;16880.00;LTR;304108.46;320988.46;16880.00;0.7926;KGL;MEA;25.10;GR;13379.09;COA-FLL-20260924-2;2026-09-24T10:36:44Z;SHL-DN-485047;Verified;fuel.ops@airline.com;2026-09-24T12:59:44Z;HD-FLL-22;MTR-HD-FLL-22;ELECTRONIC;2026-09-24T10:59:44Z;SEED_B6_ADSB;2026-09-24T10:59:44Z;SEED_B6_ADSB;6daac59d-9cd1-5d87-b2c0-75e5a77259c8;1.2280;20728.64;USD
398a5344-e3d1-5a0c-bcea-aaf53bcdbda6;fa841807-3094-5da5-ac36-248683565f1f;MATCHED;E;a6f6f68a-7ee8-5c6b-b386-875bf5e4b116;WFS-EWR-719332;;FT-EWR-20260924-0003;N535JB;N535JB;B6927;5923.00;LTR;102475.74;108398.74;5923.00;0.7975;KGL;MEA;19.80;GR;4723.59;COA-EWR-20260924-3;2026-09-24T10:38:58Z;WFS-DN-719332;Verified;fuel.ops@airline.com;2026-09-24T12:48:58Z;HD-EWR-15;MTR-HD-EWR-15;ELECTRONIC;2026-09-24T10:48:58Z;SEED_B6_ADSB;2026-09-24T10:48:58Z;SEED_B6_ADSB;ac8d8169-a091-59ef-8b0e-67874545cba6;1.2997;7698.12;USD
386b83c5-1894-5556-b0cc-b301d382be66;4cb45957-72fa-5da2-a132-f6bc858f3a59;MATCHED;E;25943399-325b-59ed-8a36-2e329f8da7f4;WFS-LGA-756504;;FT-LGA-20260924-0003;N665JB;N665JB;B6599;6290.00;LTR;662885.72;669175.72;6290.00;0.8050;KGL;MEA;17.50;GR;5063.45;COA-LGA-20260924-2;2026-09-24T10:41:53Z;WFS-DN-756504;Verified;fuel.ops@airline.com;2026-09-24T12:52:53Z;HD-LGA-11;MTR-HD-LGA-11;ELECTRONIC;2026-09-24T10:52:53Z;SEED_B6_ADSB;2026-09-24T10:52:53Z;SEED_B6_ADSB;c86f72d5-d8ad-5afc-8394-264353a29050;1.3018;8188.32;USD
e84a1cab-a18a-58d5-9f3a-d2a9a98062f9;25b58b07-5c74-5b46-b07a-5b289c56d31a;MATCHED;E;4f0151b3-dd95-576a-96e7-e111c8c318f1;REP-MAD-323091;;FT-MAD-20260924-0001;N4048J;N4048J;B62260;20526.00;LTR;736876.90;757402.90;20526.00;0.8085;KGL;MEA;18.70;GR;16595.27;COA-MAD-20260924-1;2026-09-24T10:59:56Z;REP-DN-323091;Verified;fuel.ops@airline.com;2026-09-24T13:37:56Z;RF-MAD-04;MTR-RF-MAD-04;ELECTRONIC;2026-09-24T11:37:56Z;SEED_B6_ADSB;2026-09-24T11:37:56Z;SEED_B6_ADSB;8361e476-59ba-5e30-9460-ee1a8c640b31;1.2757;26185.02;USD
13bcd46c-4287-54e2-b6f4-871e7d72cb89;9587014c-11b5-52a4-816e-5120fd7b35a0;MATCHED;E;81f1935a-8565-51b5-8296-e945b907dd5a;BPA-MCO-339205;;FT-MCO-20260924-0003;N653JB;N653JB;B62024;11423.00;LTR;596331.25;607754.25;11423.00;0.7996;KGL;MEA;21.80;GR;9133.83;COA-MCO-20260924-3;2026-09-24T10:54:21Z;BPA-DN-339205;Verified;fuel.ops@airline.com;2026-09-24T13:10:21Z;HD-MCO-04;MTR-HD-MCO-04;ELECTRONIC;2026-09-24T11:10:21Z;SEED_B6_ADSB;2026-09-24T11:10:21Z;SEED_B6_ADSB;41cd4014-b80a-520e-bb92-217573c0a219;1.2376;14137.1;USD
60e04ca5-08a8-5bd2-a971-8ab42761e3b2;6ff8f466-f1e6-55fb-b9f5-38fa983913e7;MATCHED;E;60ea2add-9ab9-531d-bbd5-796e80ac0bd2;SHL-JFK-512616;;FT-JFK-20260924-0015;N907JB;N907JB;B6883;7276.00;LTR;754992.14;762268.14;7276.00;0.8008;KGL;MEA;19.90;GR;5826.62;COA-JFK-20260924-1;2026-09-24T10:49:42Z;SHL-DN-512616;Verified;fuel.ops@airline.com;2026-09-24T13:01:42Z;HD-JFK-03;MTR-HD-JFK-03;ELECTRONIC;2026-09-24T11:01:42Z;SEED_B6_ADSB;2026-09-24T11:01:42Z;SEED_B6_ADSB;f0794cfd-b870-5850-810a-8a53b638490e;1.3053;9497.36;USD
d93f9e43-448f-5bfe-b6f4-49d3bb8ab376;dc1a4963-5402-54b9-ac64-8651228142d9;MATCHED;E;94450180-b667-557e-9574-777eddf483bd;REP-BCN-292909;;FT-BCN-20260924-0001;N4083J;N4083J;B6346;20266.00;LTR;482244.21;502510.21;20266.00;0.7981;KGL;MEA;18.10;GR;16174.29;COA-BCN-20260924-2;2026-09-24T10:55:07Z;REP-DN-292909;Verified;fuel.ops@airline.com;2026-09-24T13:32:07Z;RF-BCN-24;MTR-RF-BCN-24;ELECTRONIC;2026-09-24T11:32:07Z;SEED_B6_ADSB;2026-09-24T11:32:07Z;SEED_B6_ADSB;8e65ddf8-bc53-50f5-b4da-ce9f7f3e27e9;1.2874;26090.45;USD
3f3d529f-e471-5958-a3e0-6bf0f02d4cd6;b09decf3-241e-5183-a297-27972a1b0ad7;MATCHED;M;93bf000d-c3fb-5f16-9eac-a0513b983a19;SHL-PBI-381657;;FT-PBI-20260924-0002;N3142J;N3142J;B61062;5908.00;LTR;264276.05;270184.05;5908.00;0.7942;KGL;MEA;24.00;GR;4692.13;COA-PBI-20260924-3;2026-09-24T11:02:21Z;SHL-DN-381657;Verified;fuel.ops@airline.com;2026-09-24T13:16:21Z;RF-PBI-21;MTR-RF-PBI-21;MANUAL;2026-09-24T11:16:21Z;SEED_B6_ADSB;2026-09-24T11:16:21Z;SEED_B6_ADSB;5519da2f-5e36-592d-8820-74952870b8ba;1.2634;7464.17;USD
d1476351-b6d4-5144-96d1-9aa5bf609da9;22623d49-4a07-5401-afd7-918b60f77bc7;MATCHED;M;c713941f-756e-58d0-aee0-0dabe4c8af41;BPA-DTW-753866;;FT-DTW-20260924-0003;N3162J;N3162J;B61236;3891.00;LTR;450922.76;454813.76;3891.00;0.8051;KGL;MEA;15.10;GR;3132.64;COA-DTW-20260924-1;2026-09-24T11:02:06Z;BPA-DN-753866;Verified;fuel.ops@airline.com;2026-09-24T13:12:06Z;RF-DTW-17;MTR-RF-DTW-17;MANUAL;2026-09-24T11:12:06Z;SEED_B6_ADSB;2026-09-24T11:12:06Z;SEED_B6_ADSB;bf38e393-c188-5663-88c1-0fb09859f4da;1.2998;5057.52;USD
5b106d11-aad9-5581-bf48-1486c0b53622;95985bf3-805f-5481-b014-3e10c66fbf4c;MATCHED;M;7841fe63-5072-5bd7-8a72-2e1c581884f5;BPA-ORF-191150;;FT-ORF-20260924-0001;N629JB;N629JB;B61799;5163.00;LTR;847270.21;852433.21;5163.00;0.7998;KGL;MEA;21.10;GR;4129.37;COA-ORF-20260924-3;2026-09-24T11:01:49Z;BPA-DN-191150;Verified;fuel.ops@airline.com;2026-09-24T13:13:49Z;RF-ORF-20;MTR-RF-ORF-20;MANUAL;2026-09-24T11:13:49Z;SEED_B6_ADSB;2026-09-24T11:13:49Z;SEED_B6_ADSB;163b6835-a169-5416-a502-57963a9a9e08;1.3523;6981.92;USD
be6cddf4-a0d1-5651-b2c2-2bc89daaadff;b8cf02cc-f98f-5b8d-a133-6fe804a37679;MATCHED;E;caff1745-e16d-50eb-a4de-973e7a404a85;BPA-DCA-429146;;FT-DCA-20260924-0004;N3267J;N3267J;B6579;5831.00;LTR;873865.35;879696.35;5831.00;0.7969;KGL;MEA;20.00;GR;4646.72;COA-DCA-20260924-1;2026-09-24T10:56:28Z;BPA-DN-429146;Verified;fuel.ops@airline.com;2026-09-24T13:06:28Z;HD-DCA-18;MTR-HD-DCA-18;ELECTRONIC;2026-09-24T11:06:28Z;SEED_B6_ADSB;2026-09-24T11:06:28Z;SEED_B6_ADSB;77356f5e-c7f8-58ff-9009-9af92dbacc01;1.3051;7610.04;USD
902ae15f-982a-5eeb-82c5-1c4672ab9881;390c2110-4386-5af4-90ec-9239a66084bb;MATCHED;E;344a09ec-56e7-589c-90a5-663775bb0421;WFS-BOS-478852;;FT-BOS-20260924-0013;N521JB;N521JB;B6861;11696.00;LTR;401927.10;413623.10;11696.00;0.8060;KGL;MEA;15.70;GR;9426.98;COA-BOS-20260924-3;2026-09-24T10:53:27Z;WFS-DN-478852;Verified;fuel.ops@airline.com;2026-09-24T13:10:27Z;HD-BOS-04;MTR-HD-BOS-04;ELECTRONIC;2026-09-24T11:10:27Z;SEED_B6_ADSB;2026-09-24T11:10:27Z;SEED_B6_ADSB;73eac16b-aac9-5c81-a660-25060788b172;1.3094;15314.74;USD
5947875d-b838-5f65-b12c-1dcc01082a67;2aca3036-e128-59e2-b030-578572dce594;MATCHED;M;50bc60fd-0630-556d-a354-3a64a10d2f4a;WFS-HPN-788008;;FT-HPN-20260924-0003;N796JB;N796JB;B61067;6736.00;LTR;215427.95;222163.95;6736.00;0.8046;KGL;MEA;18.40;GR;5419.79;COA-HPN-20260924-1;2026-09-24T11:06:07Z;WFS-DN-788008;Verified;fuel.ops@airline.com;2026-09-24T13:21:07Z;RF-HPN-15;MTR-RF-HPN-15;MANUAL;2026-09-24T11:21:07Z;SEED_B6_ADSB;2026-09-24T11:21:07Z;SEED_B6_ADSB;a8f22411-1f9f-52e2-af98-caca9df8cfd3;1.3533;9115.83;USD
d695c03c-6ed1-5b7b-8d4a-6189c2af2da5;2ff822d6-9768-5113-9d4c-1248ad21a3f0;MATCHED;E;e7d7a605-75bc-5262-b09e-1a0d44f2bc87;WFS-FLL-457486;;FT-FLL-20260924-0010;N661JB;N661JB;B61626;5418.00;LTR;166320.58;171738.58;5418.00;0.7914;KGL;MEA;26.60;GR;4287.81;COA-FLL-20260924-2;2026-09-24T11:03:33Z;WFS-DN-457486;Verified;fuel.ops@airline.com;2026-09-24T13:13:33Z;HD-FLL-12;MTR-HD-FLL-12;ELECTRONIC;2026-09-24T11:13:33Z;SEED_B6_ADSB;2026-09-24T11:13:33Z;SEED_B6_ADSB;106e11b4-db5f-5882-9fce-329a954ee3ff;1.2317;6673.35;USD
6cac89b0-fbf5-5f80-aa99-8c0d674e0efc;a01ee4e4-731f-5686-8d74-acc39035b067;MATCHED;E;1642a1f3-c7ea-5fe0-bd04-84d665b2d86e;WFS-ATL-755171;;FT-ATL-20260924-0002;N3310J;N3310J;B61797;2891.00;LTR;762004.52;764895.52;2891.00;0.7942;KGL;MEA;20.00;GR;2296.03;COA-ATL-20260924-3;2026-09-24T11:14:36Z;WFS-DN-755171;Verified;fuel.ops@airline.com;2026-09-24T13:21:36Z;HD-ATL-08;MTR-HD-ATL-08;ELECTRONIC;2026-09-24T11:21:36Z;SEED_B6_ADSB;2026-09-24T11:21:36Z;SEED_B6_ADSB;087f0d75-36dd-590d-8614-ed02954a4514;1.2074;3490.59;USD
b6599a2d-5916-5993-ab1c-f935f0c6f700;6d6fb1f0-983b-57f2-a130-b23d3328ee4c;MATCHED;E;a12f1ec7-db71-5443-8d96-d07c1011cfc5;WFS-BOS-478854;;FT-BOS-20260924-0014;N3241J;N3241J;B62083;2935.00;LTR;511336.59;514271.59;2935.00;0.8048;KGL;MEA;17.30;GR;2362.09;COA-BOS-20260924-3;2026-09-24T11:06:10Z;WFS-DN-478854;Verified;fuel.ops@airline.com;2026-09-24T13:13:10Z;HD-BOS-16;MTR-HD-BOS-16;ELECTRONIC;2026-09-24T11:13:10Z;SEED_B6_ADSB;2026-09-24T11:13:10Z;SEED_B6_ADSB;4cb59588-aa97-5034-8eb3-b1e88180060c;1.3094;3843.09;USD
aaf2d0fd-807d-5ab5-b9f7-68ac9999f403;0d0bca43-177c-560d-add0-b22ec819f5cf;MATCHED;M;9d4e5ef5-1e21-56a0-b44c-28b4c012d7c3;CGA-MSY-537674;;FT-MSY-20260924-0001;N615JB;N615JB;B61822;4424.00;LTR;587714.00;592138.00;4424.00;0.7952;KGL;MEA;22.00;GR;3517.96;COA-MSY-20260924-2;2026-09-24T11:13:56Z;CGA-DN-537674;Verified;fuel.ops@airline.com;2026-09-24T13:24:56Z;RF-MSY-09;MTR-RF-MSY-09;MANUAL;2026-09-24T11:24:56Z;SEED_B6_ADSB;2026-09-24T11:24:56Z;SEED_B6_ADSB;a4847802-41b8-50a2-af9f-c956e5319e52;1.2450;5507.88;USD
56ec6220-61da-550d-ba84-923c8c48a773;f98f422a-5efd-5135-ba8e-a8e4ffbff82e;MATCHED;E;efb4a7ad-887c-51c6-8bbf-cb99a83fdd3a;SHL-JFK-512617;;FT-JFK-20260924-0016;N3169J;N3169J;B6273;9211.00;LTR;456393.95;465604.95;9211.00;0.8034;KGL;MEA;16.60;GR;7400.12;COA-JFK-20260924-1;2026-09-24T11:02:14Z;SHL-DN-512617;Verified;fuel.ops@airline.com;2026-09-24T13:16:14Z;HD-JFK-22;MTR-HD-JFK-22;ELECTRONIC;2026-09-24T11:16:14Z;SEED_B6_ADSB;2026-09-24T11:16:14Z;SEED_B6_ADSB;3ac0233e-7ca8-5f68-b641-ea0dd1dc0fd4;1.3053;12023.12;USD
739bf538-4460-5269-8e01-bb223a128ea2;e0ddb135-62d4-57ae-a0a3-1738ff623925;MATCHED;E;c3955166-1995-5442-b493-5eff44c0dfe5;WFS-BOS-478855;;FT-BOS-20260924-0015;N3298J;N3298J;B61159;2273.00;LTR;710064.39;712337.39;2273.00;0.8069;KGL;MEA;14.60;GR;1834.08;COA-BOS-20260924-3;2026-09-24T11:03:13Z;WFS-DN-478855;Verified;fuel.ops@airline.com;2026-09-24T13:09:13Z;HD-BOS-05;MTR-HD-BOS-05;ELECTRONIC;2026-09-24T11:09:13Z;SEED_B6_ADSB;2026-09-24T11:09:13Z;SEED_B6_ADSB;b03018ba-ae42-5587-8c11-1d859fc9da3b;1.3094;2976.27;USD
e18fe3aa-e811-5e76-9f73-f86e0831ce48;26bb278a-af02-5e60-8029-c23facaaebea;MATCHED;E;e804dd5f-8c8b-5fe5-9af2-d40f9868b083;SHL-BOS-696800;;FT-BOS-20260924-0016;N3085J;N3085J;B6109;5525.00;LTR;226607.65;232132.65;5525.00;0.8028;KGL;MEA;19.70;GR;4435.47;COA-BOS-20260924-3;2026-09-24T11:08:43Z;SHL-DN-696800;Verified;fuel.ops@airline.com;2026-09-24T13:18:43Z;HD-BOS-06;MTR-HD-BOS-06;ELECTRONIC;2026-09-24T11:18:43Z;SEED_B6_ADSB;2026-09-24T11:18:43Z;SEED_B6_ADSB;71d3bfc2-a70a-57b5-ac92-becf751b291a;1.3061;7216.2;USD
de0f779d-80a7-52ad-ab6e-8826e29b42f4;dcb3cac2-6bcb-507c-bdd2-4ac263df9476;MATCHED;E;8ef21c18-017e-5627-9f43-7ca416cffc9a;WFS-JFK-403772;;FT-JFK-20260924-0017;N3291J;N3291J;B61381;7281.00;LTR;126413.80;133694.80;7281.00;0.8025;KGL;MEA;17.70;GR;5843;COA-JFK-20260924-1;2026-09-24T11:16:01Z;WFS-DN-403772;Verified;fuel.ops@airline.com;2026-09-24T13:28:01Z;HD-JFK-08;MTR-HD-JFK-08;ELECTRONIC;2026-09-24T11:28:01Z;SEED_B6_ADSB;2026-09-24T11:28:01Z;SEED_B6_ADSB;fd374530-0af8-599b-b3ba-02db91ee9f7d;1.2966;9440.54;USD
a2c81229-294b-5905-b71d-f31845ead715;f660de9b-aaea-5af1-8d54-b6c5c9ad5c6d;MATCHED;E;e99e1068-6bb1-5bd3-bfd2-8798fe9a35ed;SHL-FLL-485049;;FT-FLL-20260924-0011;N646JB;N646JB;B6686;8220.00;LTR;417185.95;425405.95;8220.00;0.7920;KGL;MEA;25.90;GR;6510.24;COA-FLL-20260924-2;2026-09-24T11:28:10Z;SHL-DN-485049;Verified;fuel.ops@airline.com;2026-09-24T13:41:10Z;HD-FLL-13;MTR-HD-FLL-13;ELECTRONIC;2026-09-24T11:41:10Z;SEED_B6_ADSB;2026-09-24T11:41:10Z;SEED_B6_ADSB;01d67fa3-ed04-5374-9c51-1db9362e5f2f;1.2280;10094.16;USD
7e856836-ed06-5bfa-be2e-c8366651dd8c;de0878ea-230c-5a3a-9f11-ef2bc9b23264;MATCHED;E;a530c5fb-3f16-5c28-8c9b-3260014e7bea;SHL-BOS-696802;;FT-BOS-20260924-0017;N3065J;N3065J;B61055;3018.00;LTR;747960.01;750978.01;3018.00;0.8052;KGL;MEA;16.80;GR;2430.09;COA-BOS-20260924-3;2026-09-24T11:07:14Z;SHL-DN-696802;Verified;fuel.ops@airline.com;2026-09-24T13:14:14Z;HD-BOS-17;MTR-HD-BOS-17;ELECTRONIC;2026-09-24T11:14:14Z;SEED_B6_ADSB;2026-09-24T11:14:14Z;SEED_B6_ADSB;50be08f7-0c0f-57e6-a20b-48e66c34553c;1.3061;3941.81;USD
7bfdd80e-ce41-5381-98ed-8e5c6e5e1c3a;f5b0dbfb-2190-5361-9649-266618fecda1;MATCHED;E;829b61c2-0256-5cad-a51a-d642d89dba90;WFS-BOS-478858;;FT-BOS-20260924-0018;N2157J;N2157J;B6633;16793.00;LTR;533909.80;550702.80;16793.00;0.8052;KGL;MEA;16.80;GR;13521.72;COA-BOS-20260924-3;2026-09-24T11:27:57Z;WFS-DN-478858;Verified;fuel.ops@airline.com;2026-09-24T13:49:57Z;HD-BOS-21;MTR-HD-BOS-21;ELECTRONIC;2026-09-24T11:49:57Z;SEED_B6_ADSB;2026-09-24T11:49:57Z;SEED_B6_ADSB;e33766a1-03c0-540f-bc42-c3c6b754acd3;1.3094;21988.75;USD
9f2c7f2e-0fba-56b2-909b-344dd188d9b3;56198ecd-bd3d-56f1-9a04-806934421e0b;MATCHED;E;e2e75cd3-fff6-564e-b0c0-8bddd62842b1;SHL-BOS-696805;;FT-BOS-20260924-0019;N998JE;N998JE;B621;10336.00;LTR;759828.93;770164.93;10336.00;0.8049;KGL;MEA;17.10;GR;8319.45;COA-BOS-20260924-3;2026-09-24T11:14:38Z;SHL-DN-696805;Verified;fuel.ops@airline.com;2026-09-24T13:29:38Z;HD-BOS-15;MTR-HD-BOS-15;ELECTRONIC;2026-09-24T11:29:38Z;SEED_B6_ADSB;2026-09-24T11:29:38Z;SEED_B6_ADSB;7994d74f-47ae-589f-b239-5402478fe53e;1.3061;13499.85;USD
09aa0ba2-0c12-5c0c-972c-c8c8ab1f6e1d;edeb4850-ccdf-5da0-8485-de545e86bdaf;MATCHED;E;98c99f72-0823-52e7-9fef-e418d6b7a99d;WFS-JFK-403774;;FT-JFK-20260924-0018;N3112J;N3112J;B6905;4551.00;LTR;594312.28;598863.28;4551.00;0.8016;KGL;MEA;18.90;GR;3648.08;COA-JFK-20260924-1;2026-09-24T11:21:54Z;WFS-DN-403774;Verified;fuel.ops@airline.com;2026-09-24T13:30:54Z;HD-JFK-02;MTR-HD-JFK-02;ELECTRONIC;2026-09-24T11:30:54Z;SEED_B6_ADSB;2026-09-24T11:30:54Z;SEED_B6_ADSB;f95fa558-0d38-56d1-8f30-91fd9b6e3171;1.2966;5900.83;USD
4698999d-4d91-552a-96d1-e9880581c38b;62c855b5-67ab-56e6-b9c4-ca966463467d;MATCHED;E;f111ca24-a28d-56fa-8331-aa67de6cedc1;WFS-BOS-478861;;FT-BOS-20260924-0020;N623JB;N623JB;B62033;12585.00;LTR;780380.43;792965.43;12585.00;0.8071;KGL;MEA;14.40;GR;10157.35;COA-BOS-20260924-3;2026-09-24T11:17:56Z;WFS-DN-478861;Verified;fuel.ops@airline.com;2026-09-24T13:34:56Z;HD-BOS-18;MTR-HD-BOS-18;ELECTRONIC;2026-09-24T11:34:56Z;SEED_B6_ADSB;2026-09-24T11:34:56Z;SEED_B6_ADSB;3bc15e16-6e32-50ce-8481-6cf9ac09e727;1.3094;16478.8;USD
23cd1a6a-8301-5f55-8bd7-3634812c55c8;90c3fb14-3c6a-5773-bfa0-b4623555cab1;MATCHED;E;ff10233c-8578-5013-bbbe-013cffadeb9a;SHL-FLL-485050;;FT-FLL-20260924-0012;N638JB;N638JB;B62179;5958.00;LTR;361820.64;367778.64;5958.00;0.7910;KGL;MEA;27.10;GR;4712.78;COA-FLL-20260924-2;2026-09-24T11:30:00Z;SHL-DN-485050;Verified;fuel.ops@airline.com;2026-09-24T13:40:00Z;HD-FLL-03;MTR-HD-FLL-03;ELECTRONIC;2026-09-24T11:40:00Z;SEED_B6_ADSB;2026-09-24T11:40:00Z;SEED_B6_ADSB;73599166-cbbd-5c6b-8dd2-0271a32ea4a3;1.2280;7316.42;USD
8d81a8fd-3694-54a4-ba66-d28f84c263ce;15ed1e71-c748-5f15-8c9d-f242234600d3;MATCHED;E;360f3d19-f5f2-52e1-8a74-693ef18d6a8e;SHL-JFK-512619;;FT-JFK-20260924-0019;N978JB;N978JB;B68418;1346.00;LTR;438252.06;439598.06;1346.00;0.8025;KGL;MEA;17.80;GR;1080.16;COA-JFK-20260924-1;2026-09-24T11:23:09Z;SHL-DN-512619;Verified;fuel.ops@airline.com;2026-09-24T13:28:09Z;HD-JFK-04;MTR-HD-JFK-04;ELECTRONIC;2026-09-24T11:28:09Z;SEED_B6_ADSB;2026-09-24T11:28:09Z;SEED_B6_ADSB;9e2190b9-6193-518f-af9e-674fbbd46361;1.3053;1756.93;USD
0cde3a46-8b4f-5aff-8a56-799104728997;11329bc4-8219-5ec0-b7db-4af17226e9f4;MATCHED;E;49852a1c-2ca5-590e-9791-149f1cc2ee13;WFS-LGA-756505;;FT-LGA-20260924-0004;N643JB;N643JB;B6271;6442.00;LTR;477927.28;484369.28;6442.00;0.8044;KGL;MEA;18.20;GR;5181.94;COA-LGA-20260924-2;2026-09-24T11:16:50Z;WFS-DN-756505;Verified;fuel.ops@airline.com;2026-09-24T13:27:50Z;HD-LGA-09;MTR-HD-LGA-09;ELECTRONIC;2026-09-24T11:27:50Z;SEED_B6_ADSB;2026-09-24T11:27:50Z;SEED_B6_ADSB;fccd6575-4e96-5640-8fed-8abe85d61eb8;1.3018;8386.2;USD
f9dbcd95-f10b-51af-b613-cc864eb51462;b3278d40-7bee-5060-bc63-bbac73045989;MATCHED;E;918e9dc1-e739-54ec-8b84-8178dd2879b7;WFS-JFK-403777;;FT-JFK-20260924-0020;N3293J;N3293J;B61273;5598.00;LTR;812277.90;817875.90;5598.00;0.8044;KGL;MEA;15.40;GR;4503.03;COA-JFK-20260924-1;2026-09-24T11:34:15Z;WFS-DN-403777;Verified;fuel.ops@airline.com;2026-09-24T13:44:15Z;HD-JFK-12;MTR-HD-JFK-12;ELECTRONIC;2026-09-24T11:44:15Z;SEED_B6_ADSB;2026-09-24T11:44:15Z;SEED_B6_ADSB;8908b0b6-37f8-5471-8da2-02f6474cead6;1.2966;7258.37;USD
8dc80e0f-fff7-545f-b39d-61cee9023c1f;05a918d3-f79f-5ba4-9216-6e65408698d5;MATCHED;M;66aabe49-5814-540d-a6b6-d4e9a38d9977;WFS-HPN-788011;;FT-HPN-20260924-0004;N524JB;N524JB;B62695;6375.00;LTR;292387.79;298762.79;6375.00;0.8064;KGL;MEA;16.10;GR;5140.8;COA-HPN-20260924-1;2026-09-24T11:38:04Z;WFS-DN-788011;Verified;fuel.ops@airline.com;2026-09-24T13:52:04Z;RF-HPN-12;MTR-RF-HPN-12;MANUAL;2026-09-24T11:52:04Z;SEED_B6_ADSB;2026-09-24T11:52:04Z;SEED_B6_ADSB;60c6db66-c712-591c-94bf-d14108140cbb;1.3533;8627.29;USD
2b4303d3-5306-5244-9566-cd58478a37c6;a1a48d24-ab2b-5332-b86d-cbb45dfc6473;MATCHED;E;40176056-9ebb-5b2c-92ed-5a54aba90b34;PMA-SJU-755432;;FT-SJU-20260924-0004;N632JB;N632JB;B6276;10460.00;LTR;792772.45;803232.45;10460.00;0.7958;KGL;MEA;26.90;GR;8324.07;COA-SJU-20260924-2;2026-09-24T11:40:49Z;PMA-DN-755432;Verified;fuel.ops@airline.com;2026-09-24T13:55:49Z;HD-SJU-07;MTR-HD-SJU-07;ELECTRONIC;2026-09-24T11:55:49Z;SEED_B6_ADSB;2026-09-24T11:55:49Z;SEED_B6_ADSB;314a262b-1fa3-5d3a-91ba-4772a61abd41;1.2932;13526.87;USD
8e18f35d-2c1f-577f-8209-676076903558;8c8d0525-13bd-5866-89ef-a9d4d97a251a;MATCHED;M;c34d8ab0-445a-5e03-8cf0-9b673fe151db;WFS-BNA-688035;;FT-BNA-20260924-0001;N651JB;N651JB;B62482;5279.00;LTR;445990.58;451269.58;5279.00;0.7928;KGL;MEA;21.90;GR;4185.19;COA-BNA-20260924-2;2026-09-24T11:47:45Z;WFS-DN-688035;Verified;fuel.ops@airline.com;2026-09-24T13:59:45Z;RF-BNA-20;MTR-RF-BNA-20;MANUAL;2026-09-24T11:59:45Z;SEED_B6_ADSB;2026-09-24T11:59:45Z;SEED_B6_ADSB;1b8cfdc5-7b26-5431-a3f6-345387adf837;1.2679;6693.24;USD
bd1fbdc5-8f32-58c2-9922-5cc751e8232d;fc4e05ca-e695-5fe8-a516-4df09cdf32e1;MATCHED;M;d1e71f1a-6f62-5491-a0a2-32edeaacfebc;WFS-BDL-333654;;FT-BDL-20260924-0003;N784JB;N784JB;B61241;10230.00;LTR;343650.74;353880.74;10230.00;0.8007;KGL;MEA;14.70;GR;8191.16;COA-BDL-20260924-2;2026-09-24T11:52:33Z;WFS-DN-333654;Verified;fuel.ops@airline.com;2026-09-24T14:13:33Z;RF-BDL-22;MTR-RF-BDL-22;MANUAL;2026-09-24T12:13:33Z;SEED_B6_ADSB;2026-09-24T12:13:33Z;SEED_B6_ADSB;a7a3bfc9-d38e-50af-8814-ea4dbbb58897;1.3411;13719.45;USD
9301a151-cf64-5df0-b4a8-34447b950a21;5b911272-a17a-516b-9621-b942d0a76063;MATCHED;E;7b94b10d-045a-5bc1-992d-828746c81dd3;PMA-SJU-755435;;FT-SJU-20260924-0005;N794JB;N794JB;B61134;8077.00;LTR;148981.06;157058.06;8077.00;0.7951;KGL;MEA;27.80;GR;6422.02;COA-SJU-20260924-2;2026-09-24T11:49:51Z;PMA-DN-755435;Verified;fuel.ops@airline.com;2026-09-24T14:02:51Z;HD-SJU-22;MTR-HD-SJU-22;ELECTRONIC;2026-09-24T12:02:51Z;SEED_B6_ADSB;2026-09-24T12:02:51Z;SEED_B6_ADSB;f7123de4-03d6-564f-976e-388f3137ae18;1.2932;10445.18;USD
64785fc0-e5c6-506c-b93a-188b1c11689e;13de836c-7fe3-5335-bacf-7eea7db8c21e;MATCHED;E;a0235375-91ec-569b-a894-e08b17f2a866;WFS-BOS-478862;;FT-BOS-20260924-0021;N989JT;N989JT;B6687;19030.00;LTR;603541.16;622571.16;19030.00;0.8062;KGL;MEA;15.50;GR;15341.99;COA-BOS-20260924-3;2026-09-24T11:40:07Z;WFS-DN-478862;Verified;fuel.ops@airline.com;2026-09-24T14:05:07Z;HD-BOS-11;MTR-HD-BOS-11;ELECTRONIC;2026-09-24T12:05:07Z;SEED_B6_ADSB;2026-09-24T12:05:07Z;SEED_B6_ADSB;d606d1d0-f45a-5379-9ffa-f3db2b89e226;1.3094;24917.88;USD
138ed511-bda3-584a-afbf-3627c7cc16fb;5081ab7e-0ec8-5c5e-a5c6-30ea7b6c595e;MATCHED;E;5288a62f-28f6-53a6-8f63-befe0b910dbd;WFS-BOS-478864;;FT-BOS-20260924-0022;N529JB;N529JB;B669;7505.00;LTR;558108.00;565613.00;7505.00;0.8048;KGL;MEA;17.30;GR;6040.02;COA-BOS-20260924-3;2026-09-24T11:37:13Z;WFS-DN-478864;Verified;fuel.ops@airline.com;2026-09-24T13:49:13Z;HD-BOS-08;MTR-HD-BOS-08;ELECTRONIC;2026-09-24T11:49:13Z;SEED_B6_ADSB;2026-09-24T11:49:13Z;SEED_B6_ADSB;cfe22964-5009-5fff-9bab-e6a44c7966d7;1.3094;9827.05;USD
efdeb0df-7b0d-5304-b992-9cf71a8f23fe;310097c6-dd58-5fac-9b67-773dfa83702f;MATCHED;E;1a56deda-714b-5d6d-8867-37055412f85f;BPA-TPA-704080;;FT-TPA-20260924-0003;N564JB;N564JB;B61906;1672.00;LTR;657052.58;658724.58;1672.00;0.8070;KGL;MEA;21.00;GR;1349.3;COA-TPA-20260924-1;2026-09-24T11:45:11Z;BPA-DN-704080;Verified;fuel.ops@airline.com;2026-09-24T13:50:11Z;HD-TPA-16;MTR-HD-TPA-16;ELECTRONIC;2026-09-24T11:50:11Z;SEED_B6_ADSB;2026-09-24T11:50:11Z;SEED_B6_ADSB;3fc93e8b-03ec-5533-b528-5902df0214f5;1.2208;2041.18;USD
9e74f89c-707e-538e-9269-cd9cd07ec69e;f6e839c3-e286-52da-9f5e-3b63bb0e9c5d;MATCHED;E;39654ac5-ce31-5303-be7e-6b2b3bc04cef;WFS-BOS-478865;;FT-BOS-20260924-0023;N3260J;N3260J;B62229;4673.00;LTR;671758.99;676431.99;4673.00;0.8048;KGL;MEA;17.20;GR;3760.83;COA-BOS-20260924-3;2026-09-24T11:53:56Z;WFS-DN-478865;Verified;fuel.ops@airline.com;2026-09-24T14:02:56Z;HD-BOS-09;MTR-HD-BOS-09;ELECTRONIC;2026-09-24T12:02:56Z;SEED_B6_ADSB;2026-09-24T12:02:56Z;SEED_B6_ADSB;5aefe42d-5ead-553b-9372-14e35d77b934;1.3094;6118.83;USD
01027ef7-b0eb-5fc4-a679-37a2c9054ea1;127a99cb-4199-5375-9d0f-360e2cb13274;MATCHED;E;a48b0601-0e12-5121-bd7c-eb1b4bc57374;BPA-EWR-657005;;FT-EWR-20260924-0004;N760JB;N760JB;B6105;6682.00;LTR;633125.57;639807.57;6682.00;0.7996;KGL;MEA;17.10;GR;5342.93;COA-EWR-20260924-3;2026-09-24T11:51:05Z;BPA-DN-657005;Verified;fuel.ops@airline.com;2026-09-24T14:02:05Z;HD-EWR-03;MTR-HD-EWR-03;ELECTRONIC;2026-09-24T12:02:05Z;SEED_B6_ADSB;2026-09-24T12:02:05Z;SEED_B6_ADSB;7b67a2f1-be21-53a0-81d8-be44f2394ec9;1.3098;8752.08;USD
dd7aa717-781e-5e40-b1cc-10b4d99c799a;161b3ca6-f144-5360-99b4-e6c5aca0fcc1;MATCHED;E;548c114c-8a0e-516f-afed-bd3a646dc2e1;SHL-BOS-696806;;FT-BOS-20260924-0024;N3077J;N3077J;B6837;4401.00;LTR;603541.16;607942.16;4401.00;0.8031;KGL;MEA;19.40;GR;3534.44;COA-BOS-20260924-3;2026-09-24T11:54:05Z;SHL-DN-696806;Verified;fuel.ops@airline.com;2026-09-24T14:02:05Z;HD-BOS-11;MTR-HD-BOS-11;ELECTRONIC;2026-09-24T12:02:05Z;SEED_B6_ADSB;2026-09-24T12:02:05Z;SEED_B6_ADSB;9e4180b1-c62f-523d-a668-6d6e05d76d85;1.3061;5748.15;USD
675a02b2-2325-5e79-aca0-9f5091b9e915;17eb3b9a-4dfc-5036-b70b-35af6f58bfab;MATCHED;M;aa2a1c62-c290-5f89-83d7-716b24b066d5;WFS-CLT-174242;;FT-CLT-20260924-0001;N706JB;N706JB;B6848;4532.00;LTR;432751.50;437283.50;4532.00;0.8042;KGL;MEA;20.40;GR;3644.63;COA-CLT-20260924-2;2026-09-24T11:52:22Z;WFS-DN-174242;Verified;fuel.ops@airline.com;2026-09-24T14:03:22Z;RF-CLT-03;MTR-RF-CLT-03;MANUAL;2026-09-24T12:03:22Z;SEED_B6_ADSB;2026-09-24T12:03:22Z;SEED_B6_ADSB;c1efed74-f22d-5ecc-a7df-35bba62be2d0;1.2712;5761.08;USD
8644dbfb-a74e-5be4-9ae5-e279211a031f;aa24484f-34b4-539c-ba22-b762270286c0;MATCHED;E;99f738b7-2052-57b7-b696-50a449c496ff;SHL-BOS-696809;;FT-BOS-20260924-0025;N3296J;N3296J;B62041;3311.00;LTR;376431.38;379742.38;3311.00;0.8056;KGL;MEA;16.20;GR;2667.34;COA-BOS-20260924-3;2026-09-24T11:57:16Z;SHL-DN-696809;Verified;fuel.ops@airline.com;2026-09-24T14:04:16Z;HD-BOS-24;MTR-HD-BOS-24;ELECTRONIC;2026-09-24T12:04:16Z;SEED_B6_ADSB;2026-09-24T12:04:16Z;SEED_B6_ADSB;332491de-6f8e-5826-9e39-bada4ef58449;1.3061;4324.5;USD
cab4e2af-2064-5cbe-90ed-a6c6efb1fb41;3705a654-a731-5792-b25a-0471158ae86f;MATCHED;E;754626ec-0f5f-51aa-979c-36210a714bd3;WFS-JFK-403780;;FT-JFK-20260924-0021;N979JT;N979JT;B6323;18446.00;LTR;456393.95;474839.95;18446.00;0.8045;KGL;MEA;15.30;GR;14839.81;COA-JFK-20260924-1;2026-09-24T11:54:54Z;WFS-DN-403780;Verified;fuel.ops@airline.com;2026-09-24T14:18:54Z;HD-JFK-22;MTR-HD-JFK-22;ELECTRONIC;2026-09-24T12:18:54Z;SEED_B6_ADSB;2026-09-24T12:18:54Z;SEED_B6_ADSB;ee62cb91-5983-5859-9ee9-26f53d6dba9a;1.2966;23917.08;USD
5df79f26-8237-5a37-afe3-fe90bf780fd5;e7da9e4b-67c4-5d62-98b5-7c0d53d7dc7f;MATCHED;E;23897a5c-71ae-5f44-abb8-c89397edf38a;SHL-BOS-696812;;FT-BOS-20260924-0026;N3307J;N3307J;B6203;4438.00;LTR;376431.38;380869.38;4438.00;0.8031;KGL;MEA;19.40;GR;3564.16;COA-BOS-20260924-3;2026-09-24T11:47:39Z;SHL-DN-696812;Verified;fuel.ops@airline.com;2026-09-24T13:55:39Z;HD-BOS-24;MTR-HD-BOS-24;ELECTRONIC;2026-09-24T11:55:39Z;SEED_B6_ADSB;2026-09-24T11:55:39Z;SEED_B6_ADSB;56495e08-e10d-52d9-8470-4af1d734cb43;1.3061;5796.47;USD
06888a56-2a08-5222-9772-3ec4f9b0b853;fe23474b-16b0-5e84-b531-ebff6cf444f3;MATCHED;M;9126d7aa-45c0-5bcf-9689-364cdbfed4c7;WFS-HPN-788013;;FT-HPN-20260924-0005;N3195J;N3195J;B62121;625.00;LTR;852402.11;853027.11;625.00;0.8072;KGL;MEA;15.10;GR;504.5;COA-HPN-20260924-1;2026-09-24T12:05:42Z;WFS-DN-788013;Verified;fuel.ops@airline.com;2026-09-24T14:10:42Z;RF-HPN-24;MTR-RF-HPN-24;MANUAL;2026-09-24T12:10:42Z;SEED_B6_ADSB;2026-09-24T12:10:42Z;SEED_B6_ADSB;c2523133-d85d-59a7-a92b-800d09dcd857;1.3533;845.81;USD
65c20fca-26d1-5cfe-958d-103e68972d60;c272499d-fdac-5a86-af7b-370f5b2b897f;MATCHED;E;7070860d-7a19-59b6-8079-d721d78cc1b6;WFS-JFK-403781;;FT-JFK-20260924-0022;N4022J;N4022J;B61107;20073.00;LTR;103973.97;124046.97;20073.00;0.8010;KGL;MEA;19.70;GR;16078.47;COA-JFK-20260924-1;2026-09-24T11:56:28Z;WFS-DN-403781;Verified;fuel.ops@airline.com;2026-09-24T14:22:28Z;HD-JFK-09;MTR-HD-JFK-09;ELECTRONIC;2026-09-24T12:22:28Z;SEED_B6_ADSB;2026-09-24T12:22:28Z;SEED_B6_ADSB;2a26a476-bd0f-5460-8278-21f0da48143f;1.2966;26026.65;USD
c7e64d7f-0a43-5b86-84f7-125f4f5af2ff;0f448833-65f6-50a2-9546-28db6cca4aca;MATCHED;E;97b1f01b-6e07-5d1d-bdae-aa224a9b6169;SHL-MCO-595698;;FT-MCO-20260924-0004;N531JL;N531JL;B62547;625.00;LTR;738093.81;738718.81;625.00;0.7983;KGL;MEA;23.40;GR;498.94;COA-MCO-20260924-3;2026-09-24T11:59:22Z;SHL-DN-595698;Verified;fuel.ops@airline.com;2026-09-24T14:03:22Z;HD-MCO-01;MTR-HD-MCO-01;ELECTRONIC;2026-09-24T12:03:22Z;SEED_B6_ADSB;2026-09-24T12:03:22Z;SEED_B6_ADSB;f099d850-a7fe-5912-8d48-0b3ddfc606ca;1.2432;777;USD
537c7749-35d4-5e41-a957-215321ad4e3d;3750d808-d5b9-50b3-97ae-ae46f06b2c88;MATCHED;E;cc2d9f2e-97a5-5e32-9eaf-003a63d47ac3;SHL-FLL-485052;;FT-FLL-20260924-0013;N958JB;N958JB;B61002;7838.00;LTR;625021.85;632859.85;7838.00;0.7914;KGL;MEA;26.60;GR;6202.99;COA-FLL-20260924-2;2026-09-24T12:16:02Z;SHL-DN-485052;Verified;fuel.ops@airline.com;2026-09-24T14:28:02Z;HD-FLL-07;MTR-HD-FLL-07;ELECTRONIC;2026-09-24T12:28:02Z;SEED_B6_ADSB;2026-09-24T12:28:02Z;SEED_B6_ADSB;d77711dc-cf34-5c13-a81a-6c08f28587db;1.2280;9625.06;USD
22830046-190e-58e8-ac19-11b92af39732;b2238a3f-5cf4-5d5d-85e9-9d852515660d;MATCHED;E;b7d93154-ad8f-5d06-aeaa-d3b8ff40901a;BPA-DCA-429148;;FT-DCA-20260924-0005;N3284J;N3284J;B6554;2801.00;LTR;489087.44;491888.44;2801.00;0.7980;KGL;MEA;18.70;GR;2235.2;COA-DCA-20260924-1;2026-09-24T12:09:42Z;BPA-DN-429148;Verified;fuel.ops@airline.com;2026-09-24T14:16:42Z;HD-DCA-08;MTR-HD-DCA-08;ELECTRONIC;2026-09-24T12:16:42Z;SEED_B6_ADSB;2026-09-24T12:16:42Z;SEED_B6_ADSB;a5b209e2-f6b0-507a-876d-4ecd83805b03;1.3051;3655.59;USD
303cf986-e31d-5526-96b1-6474b0400e36;4c9295c6-bbbc-5788-8fe6-be72f1848a85;MATCHED;E;b384db76-7a9a-5cd3-ac81-4b50ccfb50be;CGA-LAS-427476;;FT-LAS-20260924-0001;N993JE;N993JE;B62348;15156.00;LTR;894661.69;909817.69;15156.00;0.8034;KGL;MEA;21.00;GR;12176.33;COA-LAS-20260924-1;2026-09-24T12:06:40Z;CGA-DN-427476;Verified;fuel.ops@airline.com;2026-09-24T14:26:40Z;HD-LAS-13;MTR-HD-LAS-13;ELECTRONIC;2026-09-24T12:26:40Z;SEED_B6_ADSB;2026-09-24T12:26:40Z;SEED_B6_ADSB;a164dd0f-233b-5a58-b6f8-a6fba6793383;1.2976;19666.43;USD
59b23984-7fa1-55ab-9691-47bd53d0b80f;36a9db06-b972-5252-991f-f9495e40da60;MATCHED;E;1a66d236-0f17-5048-9576-8710efb375e9;CGA-LAX-552045;;FT-LAX-20260924-0002;N991JT;N991JT;B62074;17315.00;LTR;260886.70;278201.70;17315.00;0.8062;KGL;MEA;20.30;GR;13959.35;COA-LAX-20260924-3;2026-09-24T12:08:46Z;CGA-DN-552045;Verified;fuel.ops@airline.com;2026-09-24T14:31:46Z;HD-LAX-04;MTR-HD-LAX-04;ELECTRONIC;2026-09-24T12:31:46Z;SEED_B6_ADSB;2026-09-24T12:31:46Z;SEED_B6_ADSB;d59fb72b-b1a6-5506-b83f-d0b4c7f48aa1;1.2974;22464.48;USD
89893a32-1909-5f1c-9e2b-43c57f8c9970;740703c7-cb80-5402-9abe-a78e57ba790e;MATCHED;M;d6663566-8ad8-5971-b00c-f32a5eb3e096;WFS-BUF-723668;;FT-BUF-20260924-0002;N3232J;N3232J;B6716;4132.00;LTR;356015.32;360147.32;4132.00;0.8007;KGL;MEA;14.70;GR;3308.49;COA-BUF-20260924-3;2026-09-24T12:18:53Z;WFS-DN-723668;Verified;fuel.ops@airline.com;2026-09-24T14:28:53Z;RF-BUF-07;MTR-RF-BUF-07;MANUAL;2026-09-24T12:28:53Z;SEED_B6_ADSB;2026-09-24T12:28:53Z;SEED_B6_ADSB;b4f8be43-cefe-5a54-ba17-4c813066f123;1.3240;5470.77;USD
43d3a436-7477-50d9-aecb-bc0c5a18410f;f7d146f0-a199-59cb-8cab-c8ac0d3f1f64;MATCHED;E;9f9e9dd2-e812-5e4c-a059-5472470891bc;CGA-SFO-275613;;FT-SFO-20260924-0001;N968JT;N968JT;B6116;17164.00;LTR;442947.08;460111.08;17164.00;0.8037;KGL;MEA;16.60;GR;13794.71;COA-SFO-20260924-1;2026-09-24T11:58:09Z;CGA-DN-275613;Verified;fuel.ops@airline.com;2026-09-24T14:21:09Z;HD-SFO-24;MTR-HD-SFO-24;ELECTRONIC;2026-09-24T12:21:09Z;SEED_B6_ADSB;2026-09-24T12:21:09Z;SEED_B6_ADSB;b11c38e1-25b7-52ec-ad96-d22b277d49ce;1.3161;22589.54;USD
c9a2ae36-5f3a-55bb-b8d7-02f6acbe915b;3af1135a-0991-5702-bfc8-d788d9df24d0;MATCHED;E;18b3e8e9-9a7f-57b5-b364-2579ad924b9c;WFS-BOS-478867;;FT-BOS-20260924-0027;N3322J;N3322J;B6567;5440.00;LTR;603541.16;608981.16;5440.00;0.8043;KGL;MEA;17.90;GR;4375.39;COA-BOS-20260924-3;2026-09-24T12:09:35Z;WFS-DN-478867;Verified;fuel.ops@airline.com;2026-09-24T14:19:35Z;HD-BOS-11;MTR-HD-BOS-11;ELECTRONIC;2026-09-24T12:19:35Z;SEED_B6_ADSB;2026-09-24T12:19:35Z;SEED_B6_ADSB;6b8f8974-0598-5073-9433-284ad8692d85;1.3094;7123.14;USD
e44682b1-ef44-579c-b575-0a232f1a1949;b48f3303-5f28-51a9-a38d-c6c714f4323b;MATCHED;E;2f310ef7-6e0d-5a07-b4d5-1eac82c064f2;PMA-SJU-755436;;FT-SJU-20260924-0006;N612JB;N612JB;B62154;5975.00;LTR;456200.06;462175.06;5975.00;0.7950;KGL;MEA;27.90;GR;4750.12;COA-SJU-20260924-2;2026-09-24T12:06:56Z;PMA-DN-755436;Verified;fuel.ops@airline.com;2026-09-24T14:16:56Z;HD-SJU-21;MTR-HD-SJU-21;ELECTRONIC;2026-09-24T12:16:56Z;SEED_B6_ADSB;2026-09-24T12:16:56Z;SEED_B6_ADSB;98999b62-f9fc-5687-b727-08513352c114;1.2932;7726.87;USD
96e5756e-aea6-5fce-a831-5112ca305638;75c0e461-7197-50b6-9fb1-dbb50ee60274;MATCHED;E;e4c9a30f-0f41-5505-978e-5a84c3094cc1;WFS-BOS-478869;;FT-BOS-20260924-0028;N637JB;N637JB;B61215;3096.00;LTR;864342.21;867438.21;3096.00;0.8027;KGL;MEA;19.90;GR;2485.16;COA-BOS-20260924-3;2026-09-24T12:19:24Z;WFS-DN-478869;Verified;fuel.ops@airline.com;2026-09-24T14:26:24Z;HD-BOS-03;MTR-HD-BOS-03;ELECTRONIC;2026-09-24T12:26:24Z;SEED_B6_ADSB;2026-09-24T12:26:24Z;SEED_B6_ADSB;88d209d7-ee53-535c-bfbd-f5c2b80dc1af;1.3094;4053.9;USD
44908cd3-15cf-5807-a595-60ce411f69ab;3a210e21-1b93-531e-9a84-c82faa7410b0;MATCHED;E;038a8c96-acd6-547b-aae9-7b363f777548;SHL-BOS-696813;;FT-BOS-20260924-0029;N595JB;N595JB;B61281;3610.00;LTR;152655.50;156265.50;3610.00;0.8032;KGL;MEA;19.30;GR;2899.55;COA-BOS-20260924-3;2026-09-24T12:14:22Z;SHL-DN-696813;Verified;fuel.ops@airline.com;2026-09-24T14:22:22Z;HD-BOS-10;MTR-HD-BOS-10;ELECTRONIC;2026-09-24T12:22:22Z;SEED_B6_ADSB;2026-09-24T12:22:22Z;SEED_B6_ADSB;559239ca-47fb-58e7-a2cc-9fefe72ac661;1.3061;4715.02;USD
0044a600-276e-5fc9-95a5-99718210966b;27f66f3a-e388-52d0-ac6f-a17668662e96;MATCHED;M;d04b7805-5d6b-5b62-a07c-fff156a05f59;BPA-PIT-505310;;FT-PIT-20260924-0003;N3194J;N3194J;B61286;3366.00;LTR;781447.07;784813.07;3366.00;0.8091;KGL;MEA;18.00;GR;2723.43;COA-PIT-20260924-2;2026-09-24T12:23:37Z;BPA-DN-505310;Verified;fuel.ops@airline.com;2026-09-24T14:32:37Z;RF-PIT-18;MTR-RF-PIT-18;MANUAL;2026-09-24T12:32:37Z;SEED_B6_ADSB;2026-09-24T12:32:37Z;SEED_B6_ADSB;2be6d4f2-404e-5261-8f46-2bea755ba1f1;1.3387;4506.06;USD
cce96230-ef31-52bb-830f-291648505933;e8b9b1e8-7264-55ab-8351-49a4b58f3ba3;MATCHED;E;926371df-ad63-57c8-bfee-c989e9bacf52;SHL-MCO-595700;;FT-MCO-20260924-0005;N523JB;N523JB;B694;6348.00;LTR;369020.83;375368.83;6348.00;0.8003;KGL;MEA;20.90;GR;5080.3;COA-MCO-20260924-3;2026-09-24T12:15:44Z;SHL-DN-595700;Verified;fuel.ops@airline.com;2026-09-24T14:26:44Z;HD-MCO-17;MTR-HD-MCO-17;ELECTRONIC;2026-09-24T12:26:44Z;SEED_B6_ADSB;2026-09-24T12:26:44Z;SEED_B6_ADSB;55e9bfbe-3050-5f58-9710-b63033bfae43;1.2432;7891.83;USD
a232b10b-deed-5271-aee8-fab0ee343738;b7a58d84-98c3-5178-a6f1-54f185d65e61;MATCHED;E;533257e4-62ff-5a62-a525-1dfb6f18b9b6;WFS-JFK-403783;;FT-JFK-20260924-0023;N2047J;N2047J;B6117;13107.00;LTR;228457.33;241564.33;13107.00;0.8019;KGL;MEA;18.50;GR;10510.5;COA-JFK-20260924-1;2026-09-24T12:22:19Z;WFS-DN-403783;Verified;fuel.ops@airline.com;2026-09-24T14:40:19Z;HD-JFK-01;MTR-HD-JFK-01;ELECTRONIC;2026-09-24T12:40:19Z;SEED_B6_ADSB;2026-09-24T12:40:19Z;SEED_B6_ADSB;1dad8e7a-b456-5de3-8167-a7da14f1ee2e;1.2966;16994.54;USD
93740405-d448-525f-8e94-08269288d1c8;6ac0e589-5ef5-5ea1-a5d2-e14e27543e2f;MATCHED;E;24ba671e-7b0f-5af3-98f2-aae8f96f7b1e;SHL-FLL-485053;;FT-FLL-20260924-0014;N599JB;N599JB;B6979;7427.00;LTR;336381.81;343808.81;7427.00;0.7952;KGL;MEA;21.80;GR;5905.95;COA-FLL-20260924-2;2026-09-24T12:23:14Z;SHL-DN-485053;Verified;fuel.ops@airline.com;2026-09-24T14:35:14Z;HD-FLL-20;MTR-HD-FLL-20;ELECTRONIC;2026-09-24T12:35:14Z;SEED_B6_ADSB;2026-09-24T12:35:14Z;SEED_B6_ADSB;1268dc8a-1d78-55cb-bae0-a46b2b55a2b7;1.2280;9120.36;USD
0dbde1e8-2662-595c-9e96-156d187b3686;b4382a85-cfe1-5513-8507-787b3a0167b3;MATCHED;M;52d5196f-e53f-5337-9351-fff6900e06c4;WFS-SYR-619676;;FT-SYR-20260924-0002;N3121J;N3121J;B6374;3076.00;LTR;846672.63;849748.63;3076.00;0.8035;KGL;MEA;17.00;GR;2471.57;COA-SYR-20260924-3;2026-09-24T12:22:26Z;WFS-DN-619676;Verified;fuel.ops@airline.com;2026-09-24T14:31:26Z;RF-SYR-08;MTR-RF-SYR-08;MANUAL;2026-09-24T12:31:26Z;SEED_B6_ADSB;2026-09-24T12:31:26Z;SEED_B6_ADSB;8beb2509-fe3d-5024-887e-8d3199ef9053;1.3525;4160.29;USD
68a71844-96d7-5f46-9520-fa992f7b522d;d647d695-0c6a-5d36-a97c-3d00d8c11b3a;MATCHED;E;7bdd898e-4bda-5757-8e4a-e7f5b3f78c59;WFS-JFK-403784;;FT-JFK-20260924-0024;N3139J;N3139J;B62091;1769.00;LTR;438252.06;440021.06;1769.00;0.8043;KGL;MEA;15.50;GR;1422.81;COA-JFK-20260924-1;2026-09-24T12:26:43Z;WFS-DN-403784;Verified;fuel.ops@airline.com;2026-09-24T14:31:43Z;HD-JFK-04;MTR-HD-JFK-04;ELECTRONIC;2026-09-24T12:31:43Z;SEED_B6_ADSB;2026-09-24T12:31:43Z;SEED_B6_ADSB;55b49c40-41af-5e73-911f-b43db8894146;1.2966;2293.69;USD
1e104be5-2133-5451-b3b6-15991dbc2c59;e7c3b464-0460-59ef-bd69-53d40322488f;MATCHED;E;0cdecb9c-42f1-5f5c-93af-ca8f843818d7;WFS-BOS-478871;;FT-BOS-20260924-0030;N3157J;N3157J;B6393;9717.00;LTR;710064.39;719781.39;9717.00;0.8056;KGL;MEA;16.30;GR;7828.02;COA-BOS-20260924-3;2026-09-24T12:36:51Z;WFS-DN-478871;Verified;fuel.ops@airline.com;2026-09-24T14:50:51Z;HD-BOS-05;MTR-HD-BOS-05;ELECTRONIC;2026-09-24T12:50:51Z;SEED_B6_ADSB;2026-09-24T12:50:51Z;SEED_B6_ADSB;7ec7d3fe-6a0a-507f-bf99-1a51de624b0a;1.3094;12723.44;USD
e3bb13e9-ffd0-59ef-8d41-597fb62065e0;3cdc9f9e-0c46-5625-baa8-4f12988e1854;MATCHED;E;a9edc43c-a591-54ee-93d5-780508e7275d;SHL-BOS-696815;;FT-BOS-20260924-0031;N3242J;N3242J;B61097;6260.00;LTR;226607.65;232867.65;6260.00;0.8032;KGL;MEA;19.30;GR;5028.03;COA-BOS-20260924-3;2026-09-24T12:42:49Z;SHL-DN-696815;Verified;fuel.ops@airline.com;2026-09-24T14:52:49Z;HD-BOS-06;MTR-HD-BOS-06;ELECTRONIC;2026-09-24T12:52:49Z;SEED_B6_ADSB;2026-09-24T12:52:49Z;SEED_B6_ADSB;936e91fa-fcd2-5867-8455-e4a24119c030;1.3061;8176.19;USD
2740abd0-ef71-5540-9006-d8e8e7eb06f1;e7671c74-bbce-5195-ab58-34bb99836f5f;MATCHED;E;44a4ed27-861e-52cb-91ce-8daea304479a;SHL-MCO-595703;;FT-MCO-20260924-0006;N505JB;N505JB;B61042;6775.00;LTR;596331.25;603106.25;6775.00;0.7987;KGL;MEA;22.90;GR;5411.19;COA-MCO-20260924-3;2026-09-24T12:34:37Z;SHL-DN-595703;Verified;fuel.ops@airline.com;2026-09-24T14:45:37Z;HD-MCO-04;MTR-HD-MCO-04;ELECTRONIC;2026-09-24T12:45:37Z;SEED_B6_ADSB;2026-09-24T12:45:37Z;SEED_B6_ADSB;a66ebd54-f65a-5239-9f58-80e4035abf0a;1.2432;8422.68;USD
4f3afbfa-1544-5664-8a2c-fbc19738a741;20aeb962-ee18-5260-9a81-a8b1cf6999de;MATCHED;E;23a12f18-191b-5698-99d8-1074688aa9de;PMA-SJU-755438;;FT-SJU-20260924-0007;N999JQ;N999JQ;B6452;9383.00;LTR;326452.09;335835.09;9383.00;0.7953;KGL;MEA;27.60;GR;7462.3;COA-SJU-20260924-2;2026-09-24T12:39:42Z;PMA-DN-755438;Verified;fuel.ops@airline.com;2026-09-24T14:53:42Z;HD-SJU-18;MTR-HD-SJU-18;ELECTRONIC;2026-09-24T12:53:42Z;SEED_B6_ADSB;2026-09-24T12:53:42Z;SEED_B6_ADSB;bd634cba-c35e-5497-9a38-06d9ec8e08cf;1.2932;12134.1;USD
724e3797-48ec-534a-80a3-ac92dacd6372;4f04fc41-5296-5217-833e-d04a632cc522;MATCHED;E;251f408f-9f66-5478-a5e5-64b613708767;WFS-JFK-403787;;FT-JFK-20260924-0025;N984JB;N984JB;B6223;17994.00;LTR;271565.84;289559.84;17994.00;0.8016;KGL;MEA;18.90;GR;14423.99;COA-JFK-20260924-1;2026-09-24T12:45:46Z;WFS-DN-403787;Verified;fuel.ops@airline.com;2026-09-24T15:08:46Z;HD-JFK-07;MTR-HD-JFK-07;ELECTRONIC;2026-09-24T13:08:46Z;SEED_B6_ADSB;2026-09-24T13:08:46Z;SEED_B6_ADSB;c543b2fd-197b-5653-8431-c0d2a27dfd21;1.2966;23331.02;USD
f18bd77c-8cf8-54ea-b6fd-fdcf38377062;cb3f07d2-31a4-538a-9282-55e686d0d315;MATCHED;E;960e479c-e8ae-5950-80e8-283a7a1d39bb;SHL-JFK-512622;;FT-JFK-20260924-0026;N981JT;N981JT;B6215;19154.00;LTR;103973.97;123127.97;19154.00;0.8010;KGL;MEA;19.60;GR;15342.35;COA-JFK-20260924-1;2026-09-24T12:39:12Z;SHL-DN-512622;Verified;fuel.ops@airline.com;2026-09-24T15:04:12Z;HD-JFK-09;MTR-HD-JFK-09;ELECTRONIC;2026-09-24T13:04:12Z;SEED_B6_ADSB;2026-09-24T13:04:12Z;SEED_B6_ADSB;2d9864ef-c4fd-522e-899a-323ab324a9b3;1.3053;25001.72;USD
55660c7f-6b47-5905-ae39-dfc1b6225859;7ff4d7f6-ea1b-5b5c-b9fd-298d352a035c;MATCHED;E;1a3ed471-688d-5696-a92f-d4408e84eb56;SHL-FLL-485054;;FT-FLL-20260924-0015;N985JT;N985JT;B62801;18506.00;LTR;843260.62;861766.62;18506.00;0.7913;KGL;MEA;26.70;GR;14643.8;COA-FLL-20260924-2;2026-09-24T12:49:30Z;SHL-DN-485054;Verified;fuel.ops@airline.com;2026-09-24T15:13:30Z;HD-FLL-15;MTR-HD-FLL-15;ELECTRONIC;2026-09-24T13:13:30Z;SEED_B6_ADSB;2026-09-24T13:13:30Z;SEED_B6_ADSB;21469b19-fc21-5e70-a076-758999f16940;1.2280;22725.37;USD
7ccae8de-7585-55ea-bd79-fef898446bca;37b37ab8-6105-57df-bc56-d6ed1aede69e;MATCHED;E;c8cb225b-2bd8-5ccd-8146-b5b630584eee;SHL-JFK-512625;;FT-JFK-20260924-0027;N3269J;N3269J;B61018;1887.00;LTR;456393.95;458280.95;1887.00;0.8018;KGL;MEA;18.60;GR;1513;COA-JFK-20260924-1;2026-09-24T12:40:02Z;SHL-DN-512625;Verified;fuel.ops@airline.com;2026-09-24T14:46:02Z;HD-JFK-22;MTR-HD-JFK-22;ELECTRONIC;2026-09-24T12:46:02Z;SEED_B6_ADSB;2026-09-24T12:46:02Z;SEED_B6_ADSB;902f6554-0842-5a60-ad4d-d780adf0283d;1.3053;2463.1;USD
5651269e-cfd6-57f7-a7a6-7f9eac1a80e7;f5cf4c16-1924-5236-909a-f574b5827dba;MATCHED;E;b1bc4d76-1455-50d3-9622-9c31bc326704;WFS-JFK-403789;;FT-JFK-20260924-0028;N975JT;N975JT;B6503;13440.00;LTR;398783.17;412223.17;13440.00;0.8033;KGL;MEA;16.80;GR;10796.35;COA-JFK-20260924-1;2026-09-24T12:48:05Z;WFS-DN-403789;Verified;fuel.ops@airline.com;2026-09-24T15:06:05Z;HD-JFK-20;MTR-HD-JFK-20;ELECTRONIC;2026-09-24T13:06:05Z;SEED_B6_ADSB;2026-09-24T13:06:05Z;SEED_B6_ADSB;e65c59cf-ac97-5486-9a98-54ab05c064ab;1.2966;17426.3;USD
6dbf1530-fcc3-51c5-bb02-4ff879da3455;5f25b412-e4c8-53fb-99bb-507459650693;MATCHED;E;4d86532f-434e-5fcc-9b91-9133c552be2a;BPA-MCO-339207;;FT-MCO-20260924-0007;N934JB;N934JB;B62821;14160.00;LTR;747726.78;761886.78;14160.00;0.8002;KGL;MEA;21.00;GR;11330.83;COA-MCO-20260924-3;2026-09-24T12:50:45Z;BPA-DN-339207;Verified;fuel.ops@airline.com;2026-09-24T15:09:45Z;HD-MCO-20;MTR-HD-MCO-20;ELECTRONIC;2026-09-24T13:09:45Z;SEED_B6_ADSB;2026-09-24T13:09:45Z;SEED_B6_ADSB;1ebe95a6-30dd-5766-883a-5408e217a4f6;1.2376;17524.42;USD
5004f92a-3af3-567f-b05c-402a3a67d9f7;c8723930-46c9-5ecc-a71e-c1540f6e62d1;MATCHED;E;5a57a9df-e459-5355-96ec-67399922941e;BPA-MCO-339210;;FT-MCO-20260924-0008;N957JB;N957JB;B6384;7067.00;LTR;747726.78;754793.78;7067.00;0.7973;KGL;MEA;24.60;GR;5634.52;COA-MCO-20260924-3;2026-09-24T13:05:02Z;BPA-DN-339210;Verified;fuel.ops@airline.com;2026-09-24T15:16:02Z;HD-MCO-20;MTR-HD-MCO-20;ELECTRONIC;2026-09-24T13:16:02Z;SEED_B6_ADSB;2026-09-24T13:16:02Z;SEED_B6_ADSB;7e13a97a-6645-5e27-be77-10368bfa7cac;1.2376;8746.12;USD
2d00dedd-c5a0-5f8f-ab9d-0da06e40bbac;36f04f9f-09f9-57ed-b3ff-0461a3ecc088;MATCHED;E;1276541a-cf7a-50fe-b035-4a8d4a4ed320;WFS-ATL-755174;;FT-ATL-20260924-0003;N3244J;N3244J;B61520;3796.00;LTR;883672.52;887468.52;3796.00;0.7924;KGL;MEA;22.30;GR;3007.95;COA-ATL-20260924-3;2026-09-24T13:03:16Z;WFS-DN-755174;Verified;fuel.ops@airline.com;2026-09-24T15:11:16Z;HD-ATL-06;MTR-HD-ATL-06;ELECTRONIC;2026-09-24T13:11:16Z;SEED_B6_ADSB;2026-09-24T13:11:16Z;SEED_B6_ADSB;573f714a-6171-51c3-83b7-f0798ce54bd9;1.2074;4583.29;USD
a2d0d5bc-be1d-54eb-adb6-ff53deaeb674;25f0b9e0-7752-54ee-bd17-1106c37f0977;MATCHED;E;89972266-5ba5-50b9-94b3-d33e03cb8f93;WFS-FLL-457487;;FT-FLL-20260924-0016;N592JB;N592JB;B6872;6427.00;LTR;500222.44;506649.44;6427.00;0.7911;KGL;MEA;27.00;GR;5084.4;COA-FLL-20260924-2;2026-09-24T13:01:39Z;WFS-DN-457487;Verified;fuel.ops@airline.com;2026-09-24T15:12:39Z;HD-FLL-21;MTR-HD-FLL-21;ELECTRONIC;2026-09-24T13:12:39Z;SEED_B6_ADSB;2026-09-24T13:12:39Z;SEED_B6_ADSB;a4104db8-18d9-52a9-8f81-de2901f8f7b2;1.2317;7916.14;USD
18af6c5d-3d9d-5929-8c15-318c700b1c9a;c42e2d5e-b9cd-59ce-b345-67adbd74a83a;MATCHED;M;08e977af-af2b-5269-b92a-affeb3c24383;BPA-CLE-201330;;FT-CLE-20260924-0003;N3152J;N3152J;B61340;3353.00;LTR;428775.76;432128.76;3353.00;0.8080;KGL;MEA;19.60;GR;2709.22;COA-CLE-20260924-1;2026-09-24T13:16:09Z;BPA-DN-201330;Verified;fuel.ops@airline.com;2026-09-24T15:25:09Z;RF-CLE-19;MTR-RF-CLE-19;MANUAL;2026-09-24T13:25:09Z;SEED_B6_ADSB;2026-09-24T13:25:09Z;SEED_B6_ADSB;4f5173e3-0240-55fb-b162-19a499a4a64e;1.3006;4360.91;USD
f6c62685-66be-51b8-a989-2bc555e42d5a;529db931-17a0-55e9-ae47-2b4ba3b4e513;MATCHED;M;cbb53669-2970-57c4-869a-000404f33693;WFS-HPN-788014;;FT-HPN-20260924-0006;N809JB;N809JB;B6813;8158.00;LTR;178131.36;186289.36;8158.00;0.8041;KGL;MEA;19.00;GR;6559.85;COA-HPN-20260924-1;2026-09-24T13:15:17Z;WFS-DN-788014;Verified;fuel.ops@airline.com;2026-09-24T15:32:17Z;RF-HPN-17;MTR-RF-HPN-17;MANUAL;2026-09-24T13:32:17Z;SEED_B6_ADSB;2026-09-24T13:32:17Z;SEED_B6_ADSB;b13c45c6-9bb8-5c5b-a207-ac5254a73baa;1.3533;11040.22;USD
0aba34ac-2a04-56ba-980f-3e3af325d67b;bcd4fb7a-3e63-5754-909f-c9d3529c8811;MATCHED;E;e2188170-eff1-5cd2-b1a9-3d20125e3b0c;SHL-BOS-696818;;FT-BOS-20260924-0032;N2205J;N2205J;B6219;15963.00;LTR;226607.65;242570.65;15963.00;0.8059;KGL;MEA;15.90;GR;12864.58;COA-BOS-20260924-3;2026-09-24T12:57:35Z;SHL-DN-696818;Verified;fuel.ops@airline.com;2026-09-24T15:18:35Z;HD-BOS-06;MTR-HD-BOS-06;ELECTRONIC;2026-09-24T13:18:35Z;SEED_B6_ADSB;2026-09-24T13:18:35Z;SEED_B6_ADSB;87996415-58f6-5476-b5de-94b4206571f8;1.3061;20849.27;USD
22a4150f-4372-5353-8b7c-d163a2d9e0c2;4451e039-104b-526f-84be-e0e79676721e;MATCHED;E;228f3a28-ddb4-5124-b756-62146bbb4a05;PMA-SJU-755441;;FT-SJU-20260924-0008;N580JB;N580JB;B61742;8988.00;LTR;780261.95;789249.95;8988.00;0.7956;KGL;MEA;27.20;GR;7150.85;COA-SJU-20260924-2;2026-09-24T13:14:37Z;PMA-DN-755441;Verified;fuel.ops@airline.com;2026-09-24T15:28:37Z;HD-SJU-01;MTR-HD-SJU-01;ELECTRONIC;2026-09-24T13:28:37Z;SEED_B6_ADSB;2026-09-24T13:28:37Z;SEED_B6_ADSB;b8c2d7ff-00d5-5116-a76f-d2b3a8dacca0;1.2932;11623.28;USD
daa49333-ba58-50c2-b641-0480683f5a1c;5fc05064-7949-59e9-be8d-860735944300;MATCHED;E;c978e8c0-ecd3-57f1-b1ca-91f103fe1a7d;WFS-BOS-478873;;FT-BOS-20260924-0033;N3221J;N3221J;B62355;2953.00;LTR;603541.16;606494.16;2953.00;0.8060;KGL;MEA;15.80;GR;2380.12;COA-BOS-20260924-3;2026-09-24T13:04:53Z;WFS-DN-478873;Verified;fuel.ops@airline.com;2026-09-24T15:11:53Z;HD-BOS-11;MTR-HD-BOS-11;ELECTRONIC;2026-09-24T13:11:53Z;SEED_B6_ADSB;2026-09-24T13:11:53Z;SEED_B6_ADSB;fb0e6fcd-dfd4-5f61-b05e-f947bbfcae3c;1.3094;3866.66;USD
ac8f764e-ebb4-5d1d-8f7a-8a1137c688ba;ff732622-f58c-5475-9705-48432d945e15;MATCHED;E;53b987fc-3b3b-50c3-828e-45d97ba1a3eb;WFS-BOS-478874;;FT-BOS-20260924-0034;N3104J;N3104J;B61017;937.00;LTR;246163.33;247100.33;937.00;0.8073;KGL;MEA;14.10;GR;756.44;COA-BOS-20260924-3;2026-09-24T13:01:03Z;WFS-DN-478874;Verified;fuel.ops@airline.com;2026-09-24T15:06:03Z;HD-BOS-14;MTR-HD-BOS-14;ELECTRONIC;2026-09-24T13:06:03Z;SEED_B6_ADSB;2026-09-24T13:06:03Z;SEED_B6_ADSB;ebea78b6-bde4-5f64-8e1f-b7eca141579b;1.3094;1226.91;USD
a3032826-8523-50f6-9c72-76b8e8d285a7;0bf67a46-e745-5751-8f26-1956eb09b48f;MATCHED;E;c103a3a9-3ddd-55f7-a2c6-cbc70c080b0f;CGA-LAS-427479;;FT-LAS-20260924-0002;N983JT;N983JT;B6658;16390.00;LTR;534636.24;551026.24;16390.00;0.8060;KGL;MEA;17.70;GR;13210.34;COA-LAS-20260924-1;2026-09-24T13:07:50Z;CGA-DN-427479;Verified;fuel.ops@airline.com;2026-09-24T15:29:50Z;HD-LAS-09;MTR-HD-LAS-09;ELECTRONIC;2026-09-24T13:29:50Z;SEED_B6_ADSB;2026-09-24T13:29:50Z;SEED_B6_ADSB;1db5726f-4dbb-58e7-b6e3-58be3e4ef535;1.2976;21267.66;USD
84bdd514-361c-58ec-9789-60953777892e;50f507f1-c9d0-532a-bf36-ac35626f429e;MATCHED;M;29c79fad-70d4-5625-87ec-349a93baf58b;WFS-BDL-333657;;FT-BDL-20260924-0004;N565JB;N565JB;B6737;6308.00;LTR;276460.31;282768.31;6308.00;0.7991;KGL;MEA;16.80;GR;5040.72;COA-BDL-20260924-2;2026-09-24T13:09:55Z;WFS-DN-333657;Verified;fuel.ops@airline.com;2026-09-24T15:23:55Z;RF-BDL-20;MTR-RF-BDL-20;MANUAL;2026-09-24T13:23:55Z;SEED_B6_ADSB;2026-09-24T13:23:55Z;SEED_B6_ADSB;8c5e6db7-26bd-5fc2-be59-0158ac02a52d;1.3411;8459.66;USD
a2c2df05-1887-52df-bc15-5dcc96b56638;ae8e5414-0046-5c5b-9059-d5029a29f3cf;MATCHED;E;9a8c75ed-b782-5604-a526-f9120a72f9cd;WFS-FLL-457488;;FT-FLL-20260924-0017;N566JB;N566JB;B62371;8190.00;LTR;655391.00;663581.00;8190.00;0.7947;KGL;MEA;22.50;GR;6508.59;COA-FLL-20260924-2;2026-09-24T13:20:30Z;WFS-DN-457488;Verified;fuel.ops@airline.com;2026-09-24T15:33:30Z;HD-FLL-10;MTR-HD-FLL-10;ELECTRONIC;2026-09-24T13:33:30Z;SEED_B6_ADSB;2026-09-24T13:33:30Z;SEED_B6_ADSB;d262e7a4-8418-5156-90d9-178f4e7b2bd9;1.2317;10087.62;USD
ba403e4b-ae86-5156-8308-d69df199eeb6;2a08b8ef-7b7a-5ea8-8005-bf2e1592cd06;MATCHED;E;8d75663d-8b17-5b15-8fdd-9fbb60d4a66f;WFS-EWR-719334;;FT-EWR-20260924-0005;N652JB;N652JB;B61889;11510.00;LTR;288204.62;299714.62;11510.00;0.7982;KGL;MEA;18.90;GR;9187.28;COA-EWR-20260924-3;2026-09-24T13:09:19Z;WFS-DN-719334;Verified;fuel.ops@airline.com;2026-09-24T15:25:19Z;HD-EWR-01;MTR-HD-EWR-01;ELECTRONIC;2026-09-24T13:25:19Z;SEED_B6_ADSB;2026-09-24T13:25:19Z;SEED_B6_ADSB;239d3d93-4b60-5d85-93c5-ccadd7b48a1d;1.2997;14959.55;USD
5b990a07-57d3-5807-a870-fd90f3f09207;c3aa8116-4b53-5be4-a71f-041d49fe6164;MATCHED;E;81092e58-d856-5e45-b727-b0f857adfd75;SHL-JFK-512628;;FT-JFK-20260924-0029;N828JB;N828JB;B6135;14847.00;LTR;795226.17;810073.17;14847.00;0.8036;KGL;MEA;16.40;GR;11931.05;COA-JFK-20260924-1;2026-09-24T13:20:05Z;SHL-DN-512628;Verified;fuel.ops@airline.com;2026-09-24T15:40:05Z;HD-JFK-21;MTR-HD-JFK-21;ELECTRONIC;2026-09-24T13:40:05Z;SEED_B6_ADSB;2026-09-24T13:40:05Z;SEED_B6_ADSB;0de426e9-4469-5cde-b306-21dd0c479e52;1.3053;19379.79;USD
7a65db07-712a-5682-aee3-6d00225db504;c95bb0eb-2bcb-5e4d-9dfa-053425a3cca7;MATCHED;E;d66c1ee9-da2a-507e-86ee-f6b818919841;SHL-BOS-696819;;FT-BOS-20260924-0035;N980JT;N980JT;B6833;19828.00;LTR;226607.65;246435.65;19828.00;0.8060;KGL;MEA;15.80;GR;15981.37;COA-BOS-20260924-3;2026-09-24T13:19:23Z;SHL-DN-696819;Verified;fuel.ops@airline.com;2026-09-24T15:45:23Z;HD-BOS-06;MTR-HD-BOS-06;ELECTRONIC;2026-09-24T13:45:23Z;SEED_B6_ADSB;2026-09-24T13:45:23Z;SEED_B6_ADSB;1cac5b04-a2b3-5176-b889-0e82a60aea1c;1.3061;25897.35;USD
2c78bf3b-8920-580e-b47c-3f4b7c99b5d1;789e6909-a77b-5a32-91e5-42467f26c773;MATCHED;E;3a3932c4-25d8-5b00-af83-10f3dc3b6cbf;CGA-LAX-552047;;FT-LAX-20260924-0003;N992JB;N992JB;B6124;17069.00;LTR;293626.61;310695.61;17069.00;0.8076;KGL;MEA;18.60;GR;13784.92;COA-LAX-20260924-3;2026-09-24T13:08:43Z;CGA-DN-552047;Verified;fuel.ops@airline.com;2026-09-24T15:30:43Z;HD-LAX-17;MTR-HD-LAX-17;ELECTRONIC;2026-09-24T13:30:43Z;SEED_B6_ADSB;2026-09-24T13:30:43Z;SEED_B6_ADSB;e10b662c-ece8-5c2d-99b6-1e99cb5254cc;1.2974;22145.32;USD
ab60582c-201d-54c7-8d94-b492b39f87d4;ff1c1d94-1f31-5158-bc21-a30300c3a642;MATCHED;E;12fedccf-f76e-5a0d-bbcb-89932763e630;BPA-MCO-339211;;FT-MCO-20260924-0009;N598JB;N598JB;B6588;8198.00;LTR;609584.73;617782.73;8198.00;0.8007;KGL;MEA;20.40;GR;6564.14;COA-MCO-20260924-3;2026-09-24T13:23:26Z;BPA-DN-339211;Verified;fuel.ops@airline.com;2026-09-24T15:36:26Z;HD-MCO-16;MTR-HD-MCO-16;ELECTRONIC;2026-09-24T13:36:26Z;SEED_B6_ADSB;2026-09-24T13:36:26Z;SEED_B6_ADSB;ec624d19-bc0e-5309-b32d-8f1904ce2dee;1.2376;10145.84;USD
bf7fdd97-2e99-5caa-95f6-370a43f886ae;090ad98f-4883-5506-bf47-05a88cd8ab72;MATCHED;E;25ee11db-b2c1-5205-a3f4-f02d7526f988;BPA-MCO-339214;;FT-MCO-20260924-0010;N613JB;N613JB;B61033;8618.00;LTR;417013.92;425631.92;8618.00;0.7987;KGL;MEA;22.90;GR;6883.2;COA-MCO-20260924-3;2026-09-24T13:21:21Z;BPA-DN-339214;Verified;fuel.ops@airline.com;2026-09-24T15:34:21Z;HD-MCO-11;MTR-HD-MCO-11;ELECTRONIC;2026-09-24T13:34:21Z;SEED_B6_ADSB;2026-09-24T13:34:21Z;SEED_B6_ADSB;5a4371cb-7472-53f0-b067-00d8727d2762;1.2376;10665.64;USD
f5d59b94-2d72-5f30-be38-fb0ab3db6d5d;84a47a0a-3c60-544f-a224-4a874cbac75e;MATCHED;E;7f31f13a-a98d-5954-95c1-58f83ed564be;SHL-BOS-696820;;FT-BOS-20260924-0036;N3251J;N3251J;B61439;10132.00;LTR;603541.16;613673.16;10132.00;0.8028;KGL;MEA;19.70;GR;8133.97;COA-BOS-20260924-3;2026-09-24T13:17:38Z;SHL-DN-696820;Verified;fuel.ops@airline.com;2026-09-24T15:32:38Z;HD-BOS-11;MTR-HD-BOS-11;ELECTRONIC;2026-09-24T13:32:38Z;SEED_B6_ADSB;2026-09-24T13:32:38Z;SEED_B6_ADSB;86c33322-e6bb-52ec-9d68-71261a15b27c;1.3061;13233.41;USD
a6eeb7a6-3a36-5fd0-be85-ec790371b0c4;22fefde4-b345-5a75-8fad-eb5542e1c1e6;MATCHED;E;e09649dd-5381-5c69-ac1a-47b4e75ab867;WFS-JFK-403790;;FT-JFK-20260924-0030;N589JB;N589JB;B61601;7080.00;LTR;372012.70;379092.70;7080.00;0.8027;KGL;MEA;17.50;GR;5683.12;COA-JFK-20260924-1;2026-09-24T13:24:40Z;WFS-DN-403790;Verified;fuel.ops@airline.com;2026-09-24T15:35:40Z;HD-JFK-17;MTR-HD-JFK-17;ELECTRONIC;2026-09-24T13:35:40Z;SEED_B6_ADSB;2026-09-24T13:35:40Z;SEED_B6_ADSB;ce577db3-4403-543d-8730-83c2e6b7cd36;1.2966;9179.93;USD
e5cd0b90-c604-5f7b-9b25-1f47ae334015;37aea568-9426-5237-beff-76b0cf6eb757;MATCHED;E;a993ae32-7386-5c8d-9fdc-28345d667d3e;WFS-FLL-457490;;FT-FLL-20260924-0018;N552JB;N552JB;B62276;6940.00;LTR;417185.95;424125.95;6940.00;0.7946;KGL;MEA;22.60;GR;5514.52;COA-FLL-20260924-2;2026-09-24T13:26:03Z;WFS-DN-457490;Verified;fuel.ops@airline.com;2026-09-24T15:37:03Z;HD-FLL-13;MTR-HD-FLL-13;ELECTRONIC;2026-09-24T13:37:03Z;SEED_B6_ADSB;2026-09-24T13:37:03Z;SEED_B6_ADSB;f5f55cab-163e-5560-a4a1-ebadf8f7d222;1.2317;8548;USD
74e67eb7-356d-567e-b42a-c7553ae84040;d383ea56-8844-514f-86f1-e7d8bb51d4a8;MATCHED;M;ffe439ae-4f76-58b9-bb46-967ae73ebc84;WFS-BNA-688038;;FT-BNA-20260924-0002;N3125J;N3125J;B61806;4891.00;LTR;125091.28;129982.28;4891.00;0.7956;KGL;MEA;18.40;GR;3891.28;COA-BNA-20260924-2;2026-09-24T13:30:06Z;WFS-DN-688038;Verified;fuel.ops@airline.com;2026-09-24T15:42:06Z;RF-BNA-22;MTR-RF-BNA-22;MANUAL;2026-09-24T13:42:06Z;SEED_B6_ADSB;2026-09-24T13:42:06Z;SEED_B6_ADSB;bf84e23a-eaa0-5ae5-91d3-c67583fdfaf3;1.2679;6201.3;USD
d124eda4-b614-59f2-adbf-02cf68ad6a49;7d2a3f95-7ddb-5e51-b4dc-ea306722d7a5;MATCHED;E;4358a970-c359-545b-b2c3-6cef179380f2;SHL-MCO-595705;;FT-MCO-20260924-0011;N903JB;N903JB;B6552;6720.00;LTR;344028.94;350748.94;6720.00;0.7989;KGL;MEA;22.70;GR;5368.61;COA-MCO-20260924-3;2026-09-24T13:23:58Z;SHL-DN-595705;Verified;fuel.ops@airline.com;2026-09-24T15:34:58Z;HD-MCO-13;MTR-HD-MCO-13;ELECTRONIC;2026-09-24T13:34:58Z;SEED_B6_ADSB;2026-09-24T13:34:58Z;SEED_B6_ADSB;ff9365a7-90bc-538a-9522-bde781c1e289;1.2432;8354.3;USD
6e3478ac-992b-5a96-a772-4448f6ce3c07;be9a21e1-d324-540f-864a-e6d439548092;MATCHED;E;cb799b4d-17ec-5660-83ac-c9f441b3e3ac;WFS-JFK-403793;;FT-JFK-20260924-0031;N966JT;N966JT;B6511;19005.00;LTR;839484.96;858489.96;19005.00;0.8018;KGL;MEA;18.70;GR;15238.21;COA-JFK-20260924-1;2026-09-24T13:25:32Z;WFS-DN-403793;Verified;fuel.ops@airline.com;2026-09-24T15:50:32Z;HD-JFK-10;MTR-HD-JFK-10;ELECTRONIC;2026-09-24T13:50:32Z;SEED_B6_ADSB;2026-09-24T13:50:32Z;SEED_B6_ADSB;ab4a5cad-bfa6-53f4-a7b1-950522d58927;1.2966;24641.88;USD
b5c8c477-3cef-5633-a9b3-44c12bcb35bd;6cc921e9-3e73-571f-a72e-86aa98336df3;MATCHED;E;8dabbe7d-9685-5fc2-b046-8b9458f691f3;WFS-BOS-478875;;FT-BOS-20260924-0037;N559JB;N559JB;B6401;11738.00;LTR;657638.32;669376.32;11738.00;0.8053;KGL;MEA;16.60;GR;9452.61;COA-BOS-20260924-3;2026-09-24T13:30:02Z;WFS-DN-478875;Verified;fuel.ops@airline.com;2026-09-24T15:47:02Z;HD-BOS-02;MTR-HD-BOS-02;ELECTRONIC;2026-09-24T13:47:02Z;SEED_B6_ADSB;2026-09-24T13:47:02Z;SEED_B6_ADSB;5bd6a798-018c-50f0-b4ec-5950ef1d3777;1.3094;15369.74;USD
99d8f088-bfd4-55b7-8400-f58d9052da60;0310aaf9-1831-50b5-b02f-11a1b55e170b;MATCHED;E;d9b2e01f-b00c-56fb-a680-b8b2139720d0;WFS-JFK-403795;;FT-JFK-20260924-0032;N970JB;N970JB;B6183;7543.00;LTR;456393.95;463936.95;7543.00;0.8038;KGL;MEA;16.10;GR;6063.06;COA-JFK-20260924-1;2026-09-24T13:35:48Z;WFS-DN-403795;Verified;fuel.ops@airline.com;2026-09-24T15:47:48Z;HD-JFK-22;MTR-HD-JFK-22;ELECTRONIC;2026-09-24T13:47:48Z;SEED_B6_ADSB;2026-09-24T13:47:48Z;SEED_B6_ADSB;0601bf12-e9a9-5a06-bcfb-a11186173531;1.2966;9780.25;USD
7fb2fc89-b489-5afd-81ba-ced33598ff48;4c0422f3-15b3-5edd-a048-54061576bb33;MATCHED;E;edbb889d-ee20-5681-be92-af973eca0ef7;WFS-LAX-154031;;FT-LAX-20260924-0004;N982JB;N982JB;B6288;17482.00;LTR;469378.74;486860.74;17482.00;0.8050;KGL;MEA;21.90;GR;14073.01;COA-LAX-20260924-3;2026-09-24T13:38:04Z;WFS-DN-154031;Verified;fuel.ops@airline.com;2026-09-24T16:01:04Z;HD-LAX-23;MTR-HD-LAX-23;ELECTRONIC;2026-09-24T14:01:04Z;SEED_B6_ADSB;2026-09-24T14:01:04Z;SEED_B6_ADSB;ccf4b3da-d618-58f0-8d1e-20eadbfe3aee;1.2923;22591.99;USD
4c30c1e0-8663-5c4b-9832-5a7166a98147;14f0adf1-58d7-55ee-b794-804929b0d3f0;MATCHED;E;c0385878-2560-5b73-a40c-bef1fceabb6e;SHL-FLL-485055;;FT-FLL-20260924-0019;N905JB;N905JB;B6270;9000.00;LTR;336381.81;345381.81;9000.00;0.7947;KGL;MEA;22.50;GR;7152.3;COA-FLL-20260924-2;2026-09-24T13:35:11Z;SHL-DN-485055;Verified;fuel.ops@airline.com;2026-09-24T15:49:11Z;HD-FLL-20;MTR-HD-FLL-20;ELECTRONIC;2026-09-24T13:49:11Z;SEED_B6_ADSB;2026-09-24T13:49:11Z;SEED_B6_ADSB;743aae47-c6d8-59c6-a2b3-9461f15efc4c;1.2280;11052;USD
73cc8423-a2a4-5458-b37e-3b6e12fa10a9;c7f6e641-85e9-51a6-a313-8ffe4fb28df7;MATCHED;E;2f278ce6-5da0-5813-80bc-ddd811df1698;BPA-MCO-339216;;FT-MCO-20260924-0012;N590JB;N590JB;B6438;7077.00;LTR;344840.15;351917.15;7077.00;0.7998;KGL;MEA;21.50;GR;5660.18;COA-MCO-20260924-3;2026-09-24T13:30:19Z;BPA-DN-339216;Verified;fuel.ops@airline.com;2026-09-24T15:41:19Z;HD-MCO-08;MTR-HD-MCO-08;ELECTRONIC;2026-09-24T13:41:19Z;SEED_B6_ADSB;2026-09-24T13:41:19Z;SEED_B6_ADSB;55fff8d2-29d3-5f7e-829e-4de662dd4546;1.2376;8758.5;USD
d1f91c0a-ede0-5515-bac1-9a554e28533c;38b5ca3b-cd83-54fe-81b2-c22f79305de3;MATCHED;E;6c939711-8959-54e2-a875-f502a1c31801;WFS-FLL-457491;;FT-FLL-20260924-0020;N584JB;N584JB;B61375;3831.00;LTR;116563.35;120394.35;3831.00;0.7916;KGL;MEA;26.40;GR;3032.62;COA-FLL-20260924-2;2026-09-24T13:41:30Z;WFS-DN-457491;Verified;fuel.ops@airline.com;2026-09-24T15:49:30Z;HD-FLL-19;MTR-HD-FLL-19;ELECTRONIC;2026-09-24T13:49:30Z;SEED_B6_ADSB;2026-09-24T13:49:30Z;SEED_B6_ADSB;cf55b3d4-9988-5a65-a9ae-a4dd572c687e;1.2317;4718.64;USD
ae72f974-49fe-539f-bd59-b5cc683e0152;db6318b9-ea96-5602-870b-f58d592aa6ed;MATCHED;E;0de6231e-5a72-5269-a110-d7b3275e3269;WFS-BOS-478878;;FT-BOS-20260924-0038;N977JE;N977JE;B61177;16802.00;LTR;864342.21;881144.21;16802.00;0.8043;KGL;MEA;17.90;GR;13513.85;COA-BOS-20260924-3;2026-09-24T13:32:22Z;WFS-DN-478878;Verified;fuel.ops@airline.com;2026-09-24T15:54:22Z;HD-BOS-03;MTR-HD-BOS-03;ELECTRONIC;2026-09-24T13:54:22Z;SEED_B6_ADSB;2026-09-24T13:54:22Z;SEED_B6_ADSB;6410fa4b-6c39-5a34-ad5c-bf1b8bcca027;1.3094;22000.54;USD
fc07be2f-b9dc-5dc3-b458-7181d697f3ef;ffc2ec70-6738-582e-8808-a39fafd329d5;MATCHED;E;efdca45b-eaaf-52cd-9d29-1b10c8d9b215;SHL-JFK-512631;;FT-JFK-20260924-0033;N3118J;N3118J;B62285;2702.00;LTR;114919.86;117621.86;2702.00;0.8041;KGL;MEA;15.80;GR;2172.68;COA-JFK-20260924-1;2026-09-24T13:36:04Z;SHL-DN-512631;Verified;fuel.ops@airline.com;2026-09-24T15:43:04Z;HD-JFK-13;MTR-HD-JFK-13;ELECTRONIC;2026-09-24T13:43:04Z;SEED_B6_ADSB;2026-09-24T13:43:04Z;SEED_B6_ADSB;5623796d-3811-5a94-b021-7a2785aecd96;1.3053;3526.92;USD
8e70af5e-0888-549b-8b9d-9a72c9ea32bf;a628e555-8eb5-5bd9-b780-545fe1460340;MATCHED;E;e75cc419-1cca-52b2-831f-f64fce9c6f84;WFS-BOS-478880;;FT-BOS-20260924-0039;N3289J;N3289J;B62352;1193.00;LTR;226607.65;227800.65;1193.00;0.8060;KGL;MEA;15.80;GR;961.56;COA-BOS-20260924-3;2026-09-24T13:46:09Z;WFS-DN-478880;Verified;fuel.ops@airline.com;2026-09-24T15:51:09Z;HD-BOS-06;MTR-HD-BOS-06;ELECTRONIC;2026-09-24T13:51:09Z;SEED_B6_ADSB;2026-09-24T13:51:09Z;SEED_B6_ADSB;8911a7d0-3148-5ff2-b9fb-e4c7cf1bbe31;1.3094;1562.11;USD
5e06ee20-72a7-5d32-a4d1-677cf538f69b;b1df8650-832f-5cf5-a3da-cd9d96229ac6;MATCHED;M;9dd434d9-6c83-5f03-a3bb-44d8cd585607;AVF-JAX-322585;;FT-JAX-20260924-0002;N3276J;N3276J;B6478;4306.00;LTR;453961.63;458267.63;4306.00;0.8011;KGL;MEA;24.90;GR;3449.54;COA-JAX-20260924-3;2026-09-24T13:44:59Z;AVF-DN-322585;Verified;fuel.ops@airline.com;2026-09-24T15:55:59Z;RF-JAX-18;MTR-RF-JAX-18;MANUAL;2026-09-24T13:55:59Z;SEED_B6_ADSB;2026-09-24T13:55:59Z;SEED_B6_ADSB;4323b13f-d539-5d7d-8fcf-283ba05f9634;1.2640;5442.78;USD
ec770f2f-9bd8-55f8-87ae-c09e05e3130e;f7d407c3-1469-59f7-8559-d9549019960b;MATCHED;E;14192baf-1148-56df-b2bf-fbfa2e3456c1;SHL-JFK-512632;;FT-JFK-20260924-0034;N591JB;N591JB;B6341;5917.00;LTR;839484.96;845401.96;5917.00;0.8002;KGL;MEA;20.60;GR;4734.78;COA-JFK-20260924-1;2026-09-24T13:32:29Z;SHL-DN-512632;Verified;fuel.ops@airline.com;2026-09-24T15:42:29Z;HD-JFK-10;MTR-HD-JFK-10;ELECTRONIC;2026-09-24T13:42:29Z;SEED_B6_ADSB;2026-09-24T13:42:29Z;SEED_B6_ADSB;e0e9c6c4-68fe-5831-a307-98929960faf5;1.3053;7723.46;USD
43899fdf-be41-5d45-ac3e-f62d387ab0d7;283e9c8b-4814-54ce-b49d-65b120a40074;MATCHED;E;68b4bb32-6d20-58df-9c5e-f551053bc5d3;SHL-FLL-485058;;FT-FLL-20260924-0021;N564JB;N564JB;B62548;2887.00;LTR;854496.24;857383.24;2887.00;0.7939;KGL;MEA;23.50;GR;2291.99;COA-FLL-20260924-2;2026-09-24T14:00:32Z;SHL-DN-485058;Verified;fuel.ops@airline.com;2026-09-24T16:07:32Z;HD-FLL-14;MTR-HD-FLL-14;ELECTRONIC;2026-09-24T14:07:32Z;SEED_B6_ADSB;2026-09-24T14:07:32Z;SEED_B6_ADSB;85582964-fb78-5a11-b324-fe52eed8d5db;1.2280;3545.24;USD
4db9eea8-4615-53a3-b461-3902583063c0;b1ac3123-43a7-51c5-80b6-8338e9945ff5;MATCHED;E;4777ecda-9b7c-56d6-9755-f6e917534bb9;WFS-JFK-403796;;FT-JFK-20260924-0035;N658JB;N658JB;B6279;21163.00;LTR;839484.96;860647.96;21163.00;0.8046;KGL;MEA;15.10;GR;17027.75;COA-JFK-20260924-1;2026-09-24T13:56:15Z;WFS-DN-403796;Verified;fuel.ops@airline.com;2026-09-24T16:23:15Z;HD-JFK-10;MTR-HD-JFK-10;ELECTRONIC;2026-09-24T14:23:15Z;SEED_B6_ADSB;2026-09-24T14:23:15Z;SEED_B6_ADSB;321532ae-dba0-5d46-91f8-bf780ff236da;1.2966;27439.95;USD
d6f4f01b-3dc8-52d7-a6ae-d3192081941c;b59ed079-bc6e-5218-a302-f3165f9e879a;MATCHED;E;0da325a0-a908-5082-bee0-1119f0329f7c;SHL-FLL-485059;;FT-FLL-20260924-0022;N3280J;N3280J;B61698;4881.00;LTR;166320.58;171201.58;4881.00;0.7915;KGL;MEA;26.50;GR;3863.31;COA-FLL-20260924-2;2026-09-24T13:54:32Z;SHL-DN-485059;Verified;fuel.ops@airline.com;2026-09-24T16:03:32Z;HD-FLL-12;MTR-HD-FLL-12;ELECTRONIC;2026-09-24T14:03:32Z;SEED_B6_ADSB;2026-09-24T14:03:32Z;SEED_B6_ADSB;bc1ed484-74ad-5f22-8e82-3310cdb65fad;1.2280;5993.87;USD
2d8e7bbf-4866-5370-9fe5-1e712aa66c6b;12233ac2-55b8-53eb-812f-ece741679e11;MATCHED;E;7db26381-7cd2-57f5-812b-2c4dfa438a96;SHL-BOS-696822;;FT-BOS-20260924-0040;N913JB;N913JB;B6651;8930.00;LTR;226607.65;235537.65;8930.00;0.8049;KGL;MEA;17.10;GR;7187.76;COA-BOS-20260924-3;2026-09-24T13:57:50Z;SHL-DN-696822;Verified;fuel.ops@airline.com;2026-09-24T16:10:50Z;HD-BOS-06;MTR-HD-BOS-06;ELECTRONIC;2026-09-24T14:10:50Z;SEED_B6_ADSB;2026-09-24T14:10:50Z;SEED_B6_ADSB;1a9ef434-32a8-5199-880a-e5e77c22ebaa;1.3061;11663.47;USD
9fe62746-8945-57cd-98cb-9660f5ea4f0e;a403166f-ee24-5f40-a935-a2e5a5fb293c;MATCHED;M;e1f8a6d9-2bcc-583f-9a73-b8666f71d942;WFS-ACK-768075;;FT-ACK-20260924-0001;N3195J;N3195J;B62493;3869.00;LTR;280170.71;284039.71;3869.00;0.8034;KGL;MEA;19.20;GR;3108.35;COA-ACK-20260924-2;2026-09-24T13:52:09Z;WFS-DN-768075;Verified;fuel.ops@airline.com;2026-09-24T16:02:09Z;RF-ACK-09;MTR-RF-ACK-09;MANUAL;2026-09-24T14:02:09Z;SEED_B6_ADSB;2026-09-24T14:02:09Z;SEED_B6_ADSB;a9c3edf2-a495-5226-9eea-7a05089233ac;1.3159;5091.22;USD
00fd117b-8a88-57b4-b6b5-4aff792efe25;93f28f6f-c4bc-5de3-bd0e-e0bd323ba800;MATCHED;M;d080ba43-3ddc-54e4-a473-0e233b9ee47c;SHL-PBI-381659;;FT-PBI-20260924-0003;N2039J;N2039J;B6854;7437.00;LTR;222458.61;229895.61;7437.00;0.7957;KGL;MEA;22.00;GR;5917.62;COA-PBI-20260924-3;2026-09-24T13:53:37Z;SHL-DN-381659;Verified;fuel.ops@airline.com;2026-09-24T16:09:37Z;RF-PBI-12;MTR-RF-PBI-12;MANUAL;2026-09-24T14:09:37Z;SEED_B6_ADSB;2026-09-24T14:09:37Z;SEED_B6_ADSB;e8bf0d9d-4a6d-5b1c-8955-27209ed23c38;1.2634;9395.91;USD
4faffd29-1650-561f-b1d8-6e1ff64da3f9;6fea9752-dda2-5701-890d-0ff00bca5b96;MATCHED;M;7c9cac76-dfa2-5dfc-a65f-9df0400fd16c;SHL-PBI-381660;;FT-PBI-20260924-0004;N3196J;N3196J;B62334;5413.00;LTR;382138.40;387551.40;5413.00;0.7946;KGL;MEA;23.40;GR;4301.17;COA-PBI-20260924-3;2026-09-24T14:11:23Z;SHL-DN-381660;Verified;fuel.ops@airline.com;2026-09-24T16:23:23Z;RF-PBI-24;MTR-RF-PBI-24;MANUAL;2026-09-24T14:23:23Z;SEED_B6_ADSB;2026-09-24T14:23:23Z;SEED_B6_ADSB;7c12d1e2-6e2b-5274-a9f4-a7679670a855;1.2634;6838.78;USD
36cb5010-f66f-5813-bc1d-546f90f27bb5;e0b59085-92a5-5299-b79c-fb0e95ecdedd;MATCHED;E;e2c1f3f1-700c-5bdf-926f-b9f0a00baa8b;BPA-DCA-429150;;FT-DCA-20260924-0006;N649JB;N649JB;B62433;6961.00;LTR;145579.27;152540.27;6961.00;0.8002;KGL;MEA;15.90;GR;5570.19;COA-DCA-20260924-1;2026-09-24T14:12:07Z;BPA-DN-429150;Verified;fuel.ops@airline.com;2026-09-24T16:23:07Z;HD-DCA-06;MTR-HD-DCA-06;ELECTRONIC;2026-09-24T14:23:07Z;SEED_B6_ADSB;2026-09-24T14:23:07Z;SEED_B6_ADSB;b76fed41-c075-5b7e-8902-0db666f1e6a7;1.3051;9084.8;USD
53c59303-0fdf-5308-9886-495c953fd07c;d2880603-1805-5877-91af-700e21a356b2;MATCHED;E;c4b6d85e-dbfb-5e67-872e-32a7942ca6ad;BPA-ORD-551289;;FT-ORD-20260924-0002;N3229J;N3229J;B6112;5333.00;LTR;815050.49;820383.49;5333.00;0.8069;KGL;MEA;16.60;GR;4303.2;COA-ORD-20260924-1;2026-09-24T13:51:04Z;BPA-DN-551289;Verified;fuel.ops@airline.com;2026-09-24T16:00:04Z;HD-ORD-10;MTR-HD-ORD-10;ELECTRONIC;2026-09-24T14:00:04Z;SEED_B6_ADSB;2026-09-24T14:00:04Z;SEED_B6_ADSB;8b2e9c56-210e-5af2-a065-48ef6b5bff1c;1.2352;6587.32;USD
809fc35d-eb44-589b-96b6-3ac56719db38;0184f92d-d012-5719-b978-549f33c6d888;MATCHED;E;83e3626d-dfa8-57bd-975f-d67b599f7673;CGA-LAX-552048;;FT-LAX-20260924-0005;N969JT;N969JT;B6524;17002.00;LTR;706059.80;723061.80;17002.00;0.8050;KGL;MEA;21.90;GR;13686.61;COA-LAX-20260924-3;2026-09-24T13:57:52Z;CGA-DN-552048;Verified;fuel.ops@airline.com;2026-09-24T16:19:52Z;HD-LAX-19;MTR-HD-LAX-19;ELECTRONIC;2026-09-24T14:19:52Z;SEED_B6_ADSB;2026-09-24T14:19:52Z;SEED_B6_ADSB;204aeecd-d7ed-5ade-b466-4229fffc8fb8;1.2974;22058.39;USD
c3d4e710-870c-5e8e-a105-dac10062c147;122ce9d2-bff9-5f37-bc5f-419474adebc7;MATCHED;E;60c14f18-4cfd-5d72-8092-a10b0649a2a3;BPA-PHL-493059;;FT-PHL-20260924-0003;N3298J;N3298J;B61160;1871.00;LTR;550488.89;552359.89;1871.00;0.8052;KGL;MEA;19.60;GR;1506.53;COA-PHL-20260924-1;2026-09-24T13:57:56Z;BPA-DN-493059;Verified;fuel.ops@airline.com;2026-09-24T16:03:56Z;HD-PHL-05;MTR-HD-PHL-05;ELECTRONIC;2026-09-24T14:03:56Z;SEED_B6_ADSB;2026-09-24T14:03:56Z;SEED_B6_ADSB;d59a65de-1129-52e9-bc7a-985bec52502d;1.3171;2464.29;USD
76fcab97-0118-5fc0-ba07-061f8d57f3e9;b426bf94-e5ef-598e-a393-f9925543d23a;MATCHED;M;cdc2351c-a288-5c72-8cfa-4e2a204e5616;WFS-HPN-788015;;FT-HPN-20260924-0007;N806JB;N806JB;B61167;7147.00;LTR;381749.05;388896.05;7147.00;0.8044;KGL;MEA;18.60;GR;5749.05;COA-HPN-20260924-1;2026-09-24T14:15:59Z;WFS-DN-788015;Verified;fuel.ops@airline.com;2026-09-24T16:31:59Z;RF-HPN-13;MTR-RF-HPN-13;MANUAL;2026-09-24T14:31:59Z;SEED_B6_ADSB;2026-09-24T14:31:59Z;SEED_B6_ADSB;f982f3a6-471f-5654-a2f7-41c209d41d47;1.3533;9672.04;USD
efb8c888-4006-5703-960f-e0c2e2848903;9cf176f2-cad5-56ad-ab23-aab0ecd94c2a;MATCHED;M;e0b30cf4-a69d-594b-9765-0a78ad2103b8;WFS-BUF-723671;;FT-BUF-20260924-0003;N637JB;N637JB;B62049;7490.00;LTR;668771.92;676261.92;7490.00;0.7968;KGL;MEA;19.70;GR;5968.03;COA-BUF-20260924-3;2026-09-24T14:23:02Z;WFS-DN-723671;Verified;fuel.ops@airline.com;2026-09-24T16:39:02Z;RF-BUF-19;MTR-RF-BUF-19;MANUAL;2026-09-24T14:39:02Z;SEED_B6_ADSB;2026-09-24T14:39:02Z;SEED_B6_ADSB;deae361d-c9a3-59a6-91c8-374d9cd2d762;1.3240;9916.76;USD
283b1682-29f8-5943-b911-790859c708e5;42ea8d49-22e1-50f5-947a-e3250695997b;MATCHED;M;84cf7712-8c48-5f5f-909c-bef9e26deb5e;AVF-RSW-496408;;FT-RSW-20260924-0001;N804JB;N804JB;B61552;7327.00;LTR;234357.97;241684.97;7327.00;0.8029;KGL;MEA;24.70;GR;5882.85;COA-RSW-20260924-3;2026-09-24T14:26:40Z;AVF-DN-496408;Verified;fuel.ops@airline.com;2026-09-24T16:42:40Z;RF-RSW-10;MTR-RF-RSW-10;MANUAL;2026-09-24T14:42:40Z;SEED_B6_ADSB;2026-09-24T14:42:40Z;SEED_B6_ADSB;1a6b7d87-4ebf-5c8c-8d22-1e946ffabebc;1.2726;9324.34;USD
2c200341-faad-59cc-a50f-1f18251c5127;bd01ea3b-a9c6-5e6f-9a59-55e3884079bc;MATCHED;E;f2a0a440-5d59-5589-a362-53ad6d5177a9;WFS-JFK-403799;;FT-JFK-20260924-0036;N961JT;N961JT;B6423;18442.00;LTR;228457.33;246899.33;18442.00;0.8041;KGL;MEA;15.80;GR;14829.21;COA-JFK-20260924-1;2026-09-24T14:11:19Z;WFS-DN-403799;Verified;fuel.ops@airline.com;2026-09-24T16:35:19Z;HD-JFK-01;MTR-HD-JFK-01;ELECTRONIC;2026-09-24T14:35:19Z;SEED_B6_ADSB;2026-09-24T14:35:19Z;SEED_B6_ADSB;0b57cf37-f0fb-54d1-89a9-0dea44765b2a;1.2966;23911.9;USD
1bd802d7-90b2-5ca8-b01e-dac1ffcef47e;b527ab15-010a-5fcd-bee4-f6dddc72d022;MATCHED;E;25421f86-f985-5efc-8cd3-61b6ff324d6e;WFS-JFK-403802;;FT-JFK-20260924-0037;N556JB;N556JB;B6225;7021.00;LTR;839484.96;846505.96;7021.00;0.8017;KGL;MEA;18.80;GR;5628.74;COA-JFK-20260924-1;2026-09-24T14:07:34Z;WFS-DN-403802;Verified;fuel.ops@airline.com;2026-09-24T16:18:34Z;HD-JFK-10;MTR-HD-JFK-10;ELECTRONIC;2026-09-24T14:18:34Z;SEED_B6_ADSB;2026-09-24T14:18:34Z;SEED_B6_ADSB;e7a7f0fd-cbeb-5b23-a6a8-9cbc07e2fb47;1.2966;9103.43;USD
be96c52c-4c07-5b70-8e0b-55ecabebac2c;97afecc1-fe62-581f-b676-6c125f14aed6;MATCHED;E;00bc2710-454e-5252-95d3-8862b954ee75;CGA-SFO-275615;;FT-SFO-20260924-0002;N943JT;N943JT;B6316;18701.00;LTR;684236.09;702937.09;18701.00;0.8017;KGL;MEA;19.10;GR;14992.59;COA-SFO-20260924-1;2026-09-24T14:17:59Z;CGA-DN-275615;Verified;fuel.ops@airline.com;2026-09-24T16:41:59Z;HD-SFO-04;MTR-HD-SFO-04;ELECTRONIC;2026-09-24T14:41:59Z;SEED_B6_ADSB;2026-09-24T14:41:59Z;SEED_B6_ADSB;201f1f6e-431d-5714-ad3e-46849573dd2d;1.3161;24612.39;USD
39be45ef-f3bf-51f8-98e9-cb9fc6947e6e;3aeac886-ea99-5e64-a09d-f48f3b6c222c;MATCHED;M;f6733ca5-eebe-52df-88c0-b3494bbfa25f;SOL-KIN-442782;;FT-KIN-20260924-0001;N827JB;N827JB;B61060;11346.00;LTR;808457.96;819803.96;11346.00;0.7878;KGL;MEA;28.40;GR;8938.38;COA-KIN-20260924-1;2026-09-24T14:27:43Z;SOL-DN-442782;Verified;fuel.ops@airline.com;2026-09-24T16:50:43Z;RF-KIN-04;MTR-RF-KIN-04;MANUAL;2026-09-24T14:50:43Z;SEED_B6_ADSB;2026-09-24T14:50:43Z;SEED_B6_ADSB;c6a90367-204d-52ba-9a56-467243f51439;1.3631;15465.73;USD
576d17f1-6b73-59f0-af5d-494cc0c51700;0803d936-16e6-528f-aafe-9a08cd79d25c;MATCHED;E;d08720a3-270f-5369-8798-8c60b14c5f89;WFS-BOS-478883;;FT-BOS-20260924-0041;N965JT;N965JT;B6791;10419.00;LTR;152655.50;163074.50;10419.00;0.8037;KGL;MEA;18.60;GR;8373.75;COA-BOS-20260924-3;2026-09-24T14:24:46Z;WFS-DN-478883;Verified;fuel.ops@airline.com;2026-09-24T16:39:46Z;HD-BOS-10;MTR-HD-BOS-10;ELECTRONIC;2026-09-24T14:39:46Z;SEED_B6_ADSB;2026-09-24T14:39:46Z;SEED_B6_ADSB;5df300f9-e138-5146-9b1b-42e77e665933;1.3094;13642.64;USD
af7145b1-12f8-53e9-879a-44fdd8af4956;d4c29911-be78-5f26-9de2-2ac5f19fb0e0;MATCHED;E;4d155313-c347-5eec-8885-2712474eee95;SHL-JFK-512634;;FT-JFK-20260924-0038;N3138J;N3138J;B6119;4590.00;LTR;271565.84;276155.84;4590.00;0.8039;KGL;MEA;16.00;GR;3689.9;COA-JFK-20260924-1;2026-09-24T14:26:55Z;SHL-DN-512634;Verified;fuel.ops@airline.com;2026-09-24T16:35:55Z;HD-JFK-07;MTR-HD-JFK-07;ELECTRONIC;2026-09-24T14:35:55Z;SEED_B6_ADSB;2026-09-24T14:35:55Z;SEED_B6_ADSB;7a1cf640-cd21-5290-af3e-43139eb7e939;1.3053;5991.33;USD
6040adeb-455e-5c05-8900-d225fbe03c20;e5505a90-05e4-58fc-b3e2-678655c3f5d3;MATCHED;E;0e28c595-1f6a-57f1-b2b7-f906b7c1a1af;WFS-BOS-478884;;FT-BOS-20260924-0042;N3113J;N3113J;B61117;2705.00;LTR;780380.43;783085.43;2705.00;0.8061;KGL;MEA;15.60;GR;2180.5;COA-BOS-20260924-3;2026-09-24T14:25:39Z;WFS-DN-478884;Verified;fuel.ops@airline.com;2026-09-24T16:32:39Z;HD-BOS-18;MTR-HD-BOS-18;ELECTRONIC;2026-09-24T14:32:39Z;SEED_B6_ADSB;2026-09-24T14:32:39Z;SEED_B6_ADSB;5848c6dc-bbd4-5b66-9c1f-34b80ba47859;1.3094;3541.93;USD
fc5a19f9-816b-5d2b-a4b5-6056b71a56da;c71566a7-4ea1-5c3c-8225-f4fb2b4d9eba;MATCHED;E;159cf643-46f8-5302-9cb7-cc136d90b78e;BPA-DCA-429153;;FT-DCA-20260924-0007;N3065J;N3065J;B62454;1732.00;LTR;145579.27;147311.27;1732.00;0.7980;KGL;MEA;18.60;GR;1382.14;COA-DCA-20260924-1;2026-09-24T14:21:49Z;BPA-DN-429153;Verified;fuel.ops@airline.com;2026-09-24T16:26:49Z;HD-DCA-06;MTR-HD-DCA-06;ELECTRONIC;2026-09-24T14:26:49Z;SEED_B6_ADSB;2026-09-24T14:26:49Z;SEED_B6_ADSB;1779f7df-1daf-5871-8593-a1a75035768b;1.3051;2260.43;USD
16b18d0e-947f-5c30-beef-c61051d8cb95;751dd955-4d19-580d-94c3-6ac60cf07f52;MATCHED;E;e9baf754-6281-5103-a9c8-43fc7b184bfd;BPA-MCO-339218;;FT-MCO-20260924-0013;N508JL;N508JL;B62028;5921.00;LTR;189191.98;195112.98;5921.00;0.7989;KGL;MEA;22.70;GR;4730.29;COA-MCO-20260924-3;2026-09-24T14:34:57Z;BPA-DN-339218;Verified;fuel.ops@airline.com;2026-09-24T16:44:57Z;HD-MCO-15;MTR-HD-MCO-15;ELECTRONIC;2026-09-24T14:44:57Z;SEED_B6_ADSB;2026-09-24T14:44:57Z;SEED_B6_ADSB;9d98cf3a-c531-51a7-8fe6-2aab8a7f25f8;1.2376;7327.83;USD
c91c3ade-226f-5e1b-a564-ce874d7103a7;330c6c54-d59e-5aed-aa25-8140f12d81c0;MATCHED;M;821cc088-48ec-5ab3-bbbf-e1463b8b8164;AVF-CHS-586546;;FT-CHS-20260924-0001;N3293J;N3293J;B62474;2393.00;LTR;829126.36;831519.36;2393.00;0.8067;KGL;MEA;18.80;GR;1930.43;COA-CHS-20260924-1;2026-09-24T14:32:05Z;AVF-DN-586546;Verified;fuel.ops@airline.com;2026-09-24T16:39:05Z;RF-CHS-12;MTR-RF-CHS-12;MANUAL;2026-09-24T14:39:05Z;SEED_B6_ADSB;2026-09-24T14:39:05Z;SEED_B6_ADSB;92e5d9a6-e96a-505a-90c6-a544a0c52083;1.2570;3008;USD
49d7ca58-cc76-584c-b786-8cb76ceafb1a;ccb8a59d-de93-51ca-ba4b-607a86efd87c;MATCHED;E;9514b069-34a0-5e54-84fe-964d32724d72;WFS-FLL-457492;;FT-FLL-20260924-0023;N520JB;N520JB;B61553;6450.00;LTR;638097.26;644547.26;6450.00;0.7943;KGL;MEA;23.00;GR;5123.23;COA-FLL-20260924-2;2026-09-24T14:30:34Z;WFS-DN-457492;Verified;fuel.ops@airline.com;2026-09-24T16:41:34Z;HD-FLL-05;MTR-HD-FLL-05;ELECTRONIC;2026-09-24T14:41:34Z;SEED_B6_ADSB;2026-09-24T14:41:34Z;SEED_B6_ADSB;18cf73c3-ac23-51ad-a9ba-0d5f82cb5697;1.2317;7944.47;USD
ecaf2bae-c235-5e9e-a996-2d49014a4a6c;8aa426c8-fdcb-50d4-adb6-dd4d41d2f316;MATCHED;M;7c8c79e5-5a1a-58bf-8df2-82b51f4d08d4;WFS-ACK-768077;;FT-ACK-20260924-0002;N3139J;N3139J;B692;2810.00;LTR;811769.97;814579.97;2810.00;0.8050;KGL;MEA;17.30;GR;2262.05;COA-ACK-20260924-2;2026-09-24T14:27:38Z;WFS-DN-768077;Verified;fuel.ops@airline.com;2026-09-24T16:35:38Z;RF-ACK-04;MTR-RF-ACK-04;MANUAL;2026-09-24T14:35:38Z;SEED_B6_ADSB;2026-09-24T14:35:38Z;SEED_B6_ADSB;15ec044e-b4c6-5b7d-9af2-b0384ef1d1e6;1.3159;3697.68;USD
5f8abb63-3a9d-5a27-8b43-65111ad29985;743bec64-2fb9-529e-a070-9727acb46d22;MATCHED;E;5f8378f4-9fad-5cfe-b7d0-56a17ff2afea;WFS-FLL-457494;;FT-FLL-20260924-0024;N554JB;N554JB;B639;7350.00;LTR;304108.46;311458.46;7350.00;0.7950;KGL;MEA;22.10;GR;5843.25;COA-FLL-20260924-2;2026-09-24T14:47:15Z;WFS-DN-457494;Verified;fuel.ops@airline.com;2026-09-24T16:59:15Z;HD-FLL-22;MTR-HD-FLL-22;ELECTRONIC;2026-09-24T14:59:15Z;SEED_B6_ADSB;2026-09-24T14:59:15Z;SEED_B6_ADSB;b2f58536-2ee6-5c28-b014-9e2536352f0c;1.2317;9053;USD
d74d145f-1c9a-5da8-9da2-45ded1ea4569;3d75066d-f527-5911-9349-5bdfe1a6839d;MATCHED;E;8644b121-292b-5aa1-8f27-a69c2e3697ad;PMA-SJU-755442;;FT-SJU-20260924-0009;N662JB;N662JB;B61078;17847.00;LTR;199841.62;217688.62;17847.00;0.7928;KGL;MEA;30.70;GR;14149.1;COA-SJU-20260924-2;2026-09-24T14:50:29Z;PMA-DN-755442;Verified;fuel.ops@airline.com;2026-09-24T17:14:29Z;HD-SJU-20;MTR-HD-SJU-20;ELECTRONIC;2026-09-24T15:14:29Z;SEED_B6_ADSB;2026-09-24T15:14:29Z;SEED_B6_ADSB;58dfd4df-e9dd-5ec0-9a7a-6bb11889d312;1.2932;23079.74;USD
da705529-06f6-5dc8-81d2-cbf4d402c05c;cc6557b8-7476-5f32-9d95-22ca7d24b75e;MATCHED;E;fe7e3a36-9672-52eb-9136-deeec0772f6e;SHL-FLL-485062;;FT-FLL-20260924-0025;N805JB;N805JB;B6663;9803.00;LTR;638097.26;647900.26;9803.00;0.7944;KGL;MEA;22.80;GR;7787.5;COA-FLL-20260924-2;2026-09-24T14:36:09Z;SHL-DN-485062;Verified;fuel.ops@airline.com;2026-09-24T16:51:09Z;HD-FLL-05;MTR-HD-FLL-05;ELECTRONIC;2026-09-24T14:51:09Z;SEED_B6_ADSB;2026-09-24T14:51:09Z;SEED_B6_ADSB;3bedb04f-a9d9-5b04-8de4-3c050ab01654;1.2280;12038.08;USD
7935b3a7-e080-56d1-ae99-6919b101dde5;3f62deb6-3bb7-5b24-b1c4-35b9cd62221a;MATCHED;E;01a34027-2274-5958-8838-31c6717b800e;SHL-BOS-696824;;FT-BOS-20260924-0043;N3162J;N3162J;B61293;5705.00;LTR;780380.43;786085.43;5705.00;0.8073;KGL;MEA;14.10;GR;4605.65;COA-BOS-20260924-3;2026-09-24T14:35:32Z;SHL-DN-696824;Verified;fuel.ops@airline.com;2026-09-24T16:45:32Z;HD-BOS-18;MTR-HD-BOS-18;ELECTRONIC;2026-09-24T14:45:32Z;SEED_B6_ADSB;2026-09-24T14:45:32Z;SEED_B6_ADSB;1867a35c-f7e9-55ec-8779-85f7feb1ac2e;1.3061;7451.3;USD
9c458c02-43b5-5bb1-8b3e-aa5e515cee2f;2f116728-e713-5f05-a2fb-9dcb126ed36a;MATCHED;M;6c6b4941-a9ef-5bc2-b43e-ec3045b7bae5;CGA-MSY-537675;;FT-MSY-20260924-0002;N3023J;N3023J;B6176;4561.00;LTR;735901.24;740462.24;4561.00;0.7925;KGL;MEA;25.30;GR;3614.59;COA-MSY-20260924-2;2026-09-24T15:01:22Z;CGA-DN-537675;Verified;fuel.ops@airline.com;2026-09-24T17:12:22Z;RF-MSY-17;MTR-RF-MSY-17;MANUAL;2026-09-24T15:12:22Z;SEED_B6_ADSB;2026-09-24T15:12:22Z;SEED_B6_ADSB;399bf678-f6dd-55cd-bc63-b76704ba5ea8;1.2450;5678.45;USD
b85b60c6-921f-50a5-a949-09fd26be52df;0f8cc0f9-5b64-5e2a-963b-c37eed5f8a1f;MATCHED;M;abad3832-435c-5347-a53f-7cd44035e508;WFS-BNA-688041;;FT-BNA-20260924-0003;N3169J;N3169J;B6274;3706.00;LTR;680088.65;683794.65;3706.00;0.7956;KGL;MEA;18.40;GR;2948.49;COA-BNA-20260924-2;2026-09-24T14:41:08Z;WFS-DN-688041;Verified;fuel.ops@airline.com;2026-09-24T16:51:08Z;RF-BNA-17;MTR-RF-BNA-17;MANUAL;2026-09-24T14:51:08Z;SEED_B6_ADSB;2026-09-24T14:51:08Z;SEED_B6_ADSB;11cbc5f5-ca12-5eb1-abff-6152e9a07f67;1.2679;4698.84;USD
0bd90d4f-c233-5d98-89bd-62d6bdc1d3f0;d5536dc9-642a-5a62-adb2-e5e93c773d80;MATCHED;E;10c6e547-f71a-54da-86ba-16da1989127c;SHL-FLL-485064;;FT-FLL-20260924-0026;N2044J;N2044J;B62102;7422.00;LTR;417185.95;424607.95;7422.00;0.7927;KGL;MEA;25.00;GR;5883.42;COA-FLL-20260924-2;2026-09-24T15:00:22Z;SHL-DN-485064;Verified;fuel.ops@airline.com;2026-09-24T17:12:22Z;HD-FLL-13;MTR-HD-FLL-13;ELECTRONIC;2026-09-24T15:12:22Z;SEED_B6_ADSB;2026-09-24T15:12:22Z;SEED_B6_ADSB;84e95f8b-8402-5546-9cb6-560e2c200dc0;1.2280;9114.22;USD
f74312d7-0cb0-556b-b397-bba791340316;bb59a297-03e9-5dee-aa74-ec74617fd847;MATCHED;E;09dca728-b5c3-5130-9622-95b9df9d9bb2;SHL-JFK-512636;;FT-JFK-20260924-0039;N709JB;N709JB;B6121;16387.00;LTR;438252.06;454639.06;16387.00;0.8002;KGL;MEA;20.60;GR;13112.88;COA-JFK-20260924-1;2026-09-24T14:49:49Z;SHL-DN-512636;Verified;fuel.ops@airline.com;2026-09-24T17:11:49Z;HD-JFK-04;MTR-HD-JFK-04;ELECTRONIC;2026-09-24T15:11:49Z;SEED_B6_ADSB;2026-09-24T15:11:49Z;SEED_B6_ADSB;8e401176-da8f-5350-91a0-01d4d5d1a040;1.3053;21389.95;USD
f9c8b0da-e76a-5e52-a99d-2e27ac1f1bbd;29c90787-712f-58bf-bad1-420f34381946;MATCHED;M;42189d44-99b3-52e4-8dcb-73a51b3274c6;SHL-PBI-381661;;FT-PBI-20260924-0005;N796JB;N796JB;B6544;7077.00;LTR;378481.88;385558.88;7077.00;0.7956;KGL;MEA;22.20;GR;5630.46;COA-PBI-20260924-3;2026-09-24T15:00:21Z;SHL-DN-381661;Verified;fuel.ops@airline.com;2026-09-24T17:15:21Z;RF-PBI-06;MTR-RF-PBI-06;MANUAL;2026-09-24T15:15:21Z;SEED_B6_ADSB;2026-09-24T15:15:21Z;SEED_B6_ADSB;e56d6cb2-76ce-5749-8002-b6bdb6b67033;1.2634;8941.08;USD
3865d026-2625-5afe-a013-5fd797828c94;a14c5e3f-e34f-5f9a-8ecc-9bfeb8a2c9b2;MATCHED;M;c2e84cc6-2cbc-5204-b25b-768c01bb8744;BPA-CLE-201331;;FT-CLE-20260924-0004;N3296J;N3296J;B62040;3483.00;LTR;807823.17;811306.17;3483.00;0.8087;KGL;MEA;18.70;GR;2816.7;COA-CLE-20260924-1;2026-09-24T14:59:05Z;BPA-DN-201331;Verified;fuel.ops@airline.com;2026-09-24T17:08:05Z;RF-CLE-12;MTR-RF-CLE-12;MANUAL;2026-09-24T15:08:05Z;SEED_B6_ADSB;2026-09-24T15:08:05Z;SEED_B6_ADSB;d001fb88-4955-553c-9aaa-80ddaec377fa;1.3006;4529.99;USD
8ff836fc-f51a-50d0-9b77-df7ab3b7ab3e;96923fec-42a9-5926-8bc8-bd0e79f927e8;MATCHED;E;df025802-8878-5a02-a17e-4cf8ecaf848a;SHL-JFK-512637;;FT-JFK-20260924-0040;N2017J;N2017J;B62201;6043.00;LTR;316509.34;322552.34;6043.00;0.8029;KGL;MEA;17.20;GR;4851.92;COA-JFK-20260924-1;2026-09-24T14:54:40Z;SHL-DN-512637;Verified;fuel.ops@airline.com;2026-09-24T17:04:40Z;HD-JFK-11;MTR-HD-JFK-11;ELECTRONIC;2026-09-24T15:04:40Z;SEED_B6_ADSB;2026-09-24T15:04:40Z;SEED_B6_ADSB;2c369681-df1c-5581-b9e3-5e59e5e478e0;1.3053;7887.93;USD
234ec89e-2bfc-5b36-88ac-e26260c68fc9;6416fad2-01a6-5f94-90e9-de1122272de1;MATCHED;E;763aa854-26e3-5870-941d-4ec7727ccd79;BPA-MCO-339220;;FT-MCO-20260924-0014;N665JB;N665JB;B6194;6863.00;LTR;609584.73;616447.73;6863.00;0.7989;KGL;MEA;22.70;GR;5482.85;COA-MCO-20260924-3;2026-09-24T15:00:52Z;BPA-DN-339220;Verified;fuel.ops@airline.com;2026-09-24T17:11:52Z;HD-MCO-16;MTR-HD-MCO-16;ELECTRONIC;2026-09-24T15:11:52Z;SEED_B6_ADSB;2026-09-24T15:11:52Z;SEED_B6_ADSB;1f171e8d-67e7-58d9-a412-dc27c2d672f8;1.2376;8493.65;USD
2a7e61fc-89c1-594d-a999-8e2bf7c07e67;2ad76a74-a5c4-5c4c-beaa-503dbca40065;MATCHED;M;f026290a-218a-524f-bfe2-c49422060c87;BPA-RIC-112595;;FT-RIC-20260924-0002;N595JB;N595JB;B61282;3517.00;LTR;127471.18;130988.18;3517.00;0.8064;KGL;MEA;16.60;GR;2836.11;COA-RIC-20260924-1;2026-09-24T15:03:56Z;BPA-DN-112595;Verified;fuel.ops@airline.com;2026-09-24T17:12:56Z;RF-RIC-06;MTR-RF-RIC-06;MANUAL;2026-09-24T15:12:56Z;SEED_B6_ADSB;2026-09-24T15:12:56Z;SEED_B6_ADSB;79431d49-69ff-5a0b-8669-f669d4bfed43;1.3625;4791.91;USD
378868e1-cd31-5243-b984-311c38ebc6a7;e0e15736-8897-5e09-b650-14094f69e0bc;MATCHED;E;1b802b00-5b17-5e4b-a909-40a28e909866;SHL-BOS-696826;;FT-BOS-20260924-0044;N588JB;N588JB;B62283;4593.00;LTR;376431.38;381024.38;4593.00;0.8068;KGL;MEA;14.80;GR;3705.63;COA-BOS-20260924-3;2026-09-24T14:50:03Z;SHL-DN-696826;Verified;fuel.ops@airline.com;2026-09-24T16:59:03Z;HD-BOS-24;MTR-HD-BOS-24;ELECTRONIC;2026-09-24T14:59:03Z;SEED_B6_ADSB;2026-09-24T14:59:03Z;SEED_B6_ADSB;be856952-1e29-5870-af9a-db69fc8d3c3a;1.3061;5998.92;USD
914c7923-caa5-5371-95b9-688179c885cd;b78b1639-9839-5bf1-bad4-ae00c6db0e2e;MATCHED;E;02cd4e06-3336-51e6-986f-8205b1dbdade;WFS-BOS-478885;;FT-BOS-20260924-0045;N3232J;N3232J;B6267;5078.00;LTR;109495.48;114573.48;5078.00;0.8045;KGL;MEA;17.60;GR;4085.25;COA-BOS-20260924-3;2026-09-24T14:56:13Z;WFS-DN-478885;Verified;fuel.ops@airline.com;2026-09-24T17:05:13Z;HD-BOS-12;MTR-HD-BOS-12;ELECTRONIC;2026-09-24T15:05:13Z;SEED_B6_ADSB;2026-09-24T15:05:13Z;SEED_B6_ADSB;38c251dc-ae1d-5101-87e3-43fa56e906ea;1.3094;6649.13;USD
b2ff644f-e060-5516-b944-b1b745dcfe74;6c1b7a08-a265-5700-9869-1c13e3c81ced;MATCHED;M;8c42f3e0-6dcc-5b32-ac4b-7be2fbc95503;WFS-RDU-697019;;FT-RDU-20260924-0003;N3241J;N3241J;B62084;2866.00;LTR;442547.21;445413.21;2866.00;0.7998;KGL;MEA;18.10;GR;2292.23;COA-RDU-20260924-3;2026-09-24T15:08:17Z;WFS-DN-697019;Verified;fuel.ops@airline.com;2026-09-24T17:17:17Z;RF-RDU-24;MTR-RF-RDU-24;MANUAL;2026-09-24T15:17:17Z;SEED_B6_ADSB;2026-09-24T15:17:17Z;SEED_B6_ADSB;82445472-6c1d-5764-9a5c-1e6e94f58cac;1.2713;3643.55;USD
a37d15b8-1be0-5cc4-8acb-cc15df519553;dff2f517-56f5-52ee-ac97-d40f9f7e76a2;MATCHED;E;1697eb1f-5800-54f0-becf-8267ec4e4f2f;SHL-FLL-485065;;FT-FLL-20260924-0027;N645JB;N645JB;B61005;1776.00;LTR;268219.66;269995.66;1776.00;0.7948;KGL;MEA;22.30;GR;1411.56;COA-FLL-20260924-2;2026-09-24T15:00:22Z;SHL-DN-485065;Verified;fuel.ops@airline.com;2026-09-24T17:06:22Z;HD-FLL-06;MTR-HD-FLL-06;ELECTRONIC;2026-09-24T15:06:22Z;SEED_B6_ADSB;2026-09-24T15:06:22Z;SEED_B6_ADSB;63b1ba35-5f7c-5215-b5d7-d4f62ab4b5e6;1.2280;2180.93;USD
73601434-b18e-5e84-b871-002bfa6b7d31;58505ee6-a5ab-543f-8d7d-eeb9a7306c00;MATCHED;E;569c1c7f-e37d-5dc2-9925-62eb70a83c2c;SHL-FLL-485068;;FT-FLL-20260924-0028;N531JL;N531JL;B6790;8738.00;LTR;771888.39;780626.39;8738.00;0.7909;KGL;MEA;27.20;GR;6910.88;COA-FLL-20260924-2;2026-09-24T15:16:37Z;SHL-DN-485068;Verified;fuel.ops@airline.com;2026-09-24T17:29:37Z;HD-FLL-17;MTR-HD-FLL-17;ELECTRONIC;2026-09-24T15:29:37Z;SEED_B6_ADSB;2026-09-24T15:29:37Z;SEED_B6_ADSB;74d189b0-9500-5fa0-9ff5-4cacc3befdb8;1.2280;10730.26;USD
bf20d9d5-7436-5e44-8dc9-0328a0ba79a1;ee090868-c1b4-5f93-8fa2-d98b12d21aba;MATCHED;E;77234d74-2e3e-584b-9904-665aba57eaea;BPA-PHL-493060;;FT-PHL-20260924-0004;N708JB;N708JB;B61047;12115.00;LTR;510921.26;523036.26;12115.00;0.8047;KGL;MEA;20.20;GR;9748.94;COA-PHL-20260924-1;2026-09-24T15:11:09Z;BPA-DN-493060;Verified;fuel.ops@airline.com;2026-09-24T17:28:09Z;HD-PHL-08;MTR-HD-PHL-08;ELECTRONIC;2026-09-24T15:28:09Z;SEED_B6_ADSB;2026-09-24T15:28:09Z;SEED_B6_ADSB;135ccad9-fd47-5454-a3c5-9c56cf045d25;1.3171;15956.67;USD
a339402c-9f72-56c6-b737-04e7c0372655;92621e67-a0dc-5863-bc3c-f65fed578a21;MATCHED;M;d6a8ad73-87d7-5129-acf0-69be997cb37a;SOL-BDA-462132;;FT-BDA-20260924-0001;N3307J;N3307J;B6204;2825.00;LTR;518704.06;521529.06;2825.00;0.7960;KGL;MEA;20.90;GR;2248.7;COA-BDA-20260924-2;2026-09-24T15:03:31Z;SOL-DN-462132;Verified;fuel.ops@airline.com;2026-09-24T17:11:31Z;RF-BDA-05;MTR-RF-BDA-05;MANUAL;2026-09-24T15:11:31Z;SEED_B6_ADSB;2026-09-24T15:11:31Z;SEED_B6_ADSB;2de4fbba-cd2f-5794-8fb7-f3aef2477b24;1.3886;3922.8;USD
45b0970b-0911-5bce-83a0-c274c81d26fa;9581d8db-34b2-5740-9888-092909179950;MATCHED;E;84e030b7-fe73-519f-b3dd-f90d0da8b78b;SHL-FLL-485069;;FT-FLL-20260924-0029;N706JB;N706JB;B62922;18211.00;LTR;722069.68;740280.68;18211.00;0.7913;KGL;MEA;26.70;GR;14410.36;COA-FLL-20260924-2;2026-09-24T15:07:01Z;SHL-DN-485069;Verified;fuel.ops@airline.com;2026-09-24T17:31:01Z;HD-FLL-18;MTR-HD-FLL-18;ELECTRONIC;2026-09-24T15:31:01Z;SEED_B6_ADSB;2026-09-24T15:31:01Z;SEED_B6_ADSB;701204a1-ece5-553a-b99f-91c4d116fcb0;1.2280;22363.11;USD
253cd26d-0ef4-591c-aa9d-42227a682421;3094c8bd-397a-5ca2-a830-580f95753bf6;MATCHED;M;907fdf42-040e-5b17-975f-fddd1761df1e;BPA-DTW-753868;;FT-DTW-20260924-0004;N3077J;N3077J;B61336;3180.00;LTR;366843.53;370023.53;3180.00;0.8038;KGL;MEA;16.70;GR;2556.08;COA-DTW-20260924-1;2026-09-24T15:19:20Z;BPA-DN-753868;Verified;fuel.ops@airline.com;2026-09-24T17:28:20Z;RF-DTW-08;MTR-RF-DTW-08;MANUAL;2026-09-24T15:28:20Z;SEED_B6_ADSB;2026-09-24T15:28:20Z;SEED_B6_ADSB;c1b5f6f0-b33a-5671-aa58-7dc6ad249bd0;1.2998;4133.36;USD
b03ac234-8ee2-5685-bfe0-a55e34750605;fcffd8d7-f78f-5e65-8560-5a7c60a14f21;MATCHED;E;9bdaac1c-b180-5ee2-b4b8-787fab1438d7;BPA-ORD-551291;;FT-ORD-20260924-0003;N3112J;N3112J;B61006;5615.00;LTR;815050.49;820665.49;5615.00;0.8048;KGL;MEA;19.30;GR;4518.95;COA-ORD-20260924-1;2026-09-24T15:21:28Z;BPA-DN-551291;Verified;fuel.ops@airline.com;2026-09-24T17:31:28Z;HD-ORD-10;MTR-HD-ORD-10;ELECTRONIC;2026-09-24T15:31:28Z;SEED_B6_ADSB;2026-09-24T15:31:28Z;SEED_B6_ADSB;ad8d749b-6aa3-5960-a115-3c7ff26e34d5;1.2352;6935.65;USD
71737f97-90be-5584-8c48-aa5a3d6bff18;c2f2978e-4f73-59ab-8dc5-1a8b91b0eb59;MATCHED;E;1e9d7ca1-b7c6-5423-8643-397d80339ddf;WFS-JFK-403803;;FT-JFK-20260924-0041;N571JB;N571JB;B62129;8593.00;LTR;103973.97;112566.97;8593.00;0.8048;KGL;MEA;14.90;GR;6915.65;COA-JFK-20260924-1;2026-09-24T15:10:15Z;WFS-DN-403803;Verified;fuel.ops@airline.com;2026-09-24T17:23:15Z;HD-JFK-09;MTR-HD-JFK-09;ELECTRONIC;2026-09-24T15:23:15Z;SEED_B6_ADSB;2026-09-24T15:23:15Z;SEED_B6_ADSB;bd91509d-6f86-595a-be6b-ed4d27defb37;1.2966;11141.68;USD
0f8ce6ff-b21a-5ca3-85ef-1cf96d04ba54;e36802db-d248-5863-9aa9-fa8ce97f412b;MATCHED;E;96cf0449-8849-59bf-8b1b-6246cb34ec65;BPA-TPA-704083;;FT-TPA-20260924-0004;N703JB;N703JB;B6692;8625.00;LTR;263371.25;271996.25;8625.00;0.8038;KGL;MEA;25.00;GR;6932.77;COA-TPA-20260924-1;2026-09-24T15:07:54Z;BPA-DN-704083;Verified;fuel.ops@airline.com;2026-09-24T17:20:54Z;HD-TPA-04;MTR-HD-TPA-04;ELECTRONIC;2026-09-24T15:20:54Z;SEED_B6_ADSB;2026-09-24T15:20:54Z;SEED_B6_ADSB;ea34031c-763d-50d3-8bda-ced51262ac51;1.2208;10529.4;USD
cd58c470-f3d1-51ff-9f70-880cdd48802a;677d6942-00c7-5583-bcfc-861988f2b2ef;MATCHED;E;1d304284-e6c4-5b87-b558-9ac8e099dd75;SHL-FLL-485071;;FT-FLL-20260924-0030;N519JB;N519JB;B61575;4477.00;LTR;771888.39;776365.39;4477.00;0.7917;KGL;MEA;26.20;GR;3544.44;COA-FLL-20260924-2;2026-09-24T15:16:44Z;SHL-DN-485071;Verified;fuel.ops@airline.com;2026-09-24T17:25:44Z;HD-FLL-17;MTR-HD-FLL-17;ELECTRONIC;2026-09-24T15:25:44Z;SEED_B6_ADSB;2026-09-24T15:25:44Z;SEED_B6_ADSB;98843653-0eb0-5d19-a001-73a2ab8d1c4f;1.2280;5497.76;USD
293c81fa-feef-5dcc-a9b4-2e80558112c2;f2a7552c-b3b8-5fbe-b7ce-37a4ecb8df73;MATCHED;E;e245252e-1fdb-55e6-a1b7-69c1d1efdf19;SHL-FLL-485073;;FT-FLL-20260924-0031;N643JB;N643JB;B6749;4765.00;LTR;500222.44;504987.44;4765.00;0.7937;KGL;MEA;23.70;GR;3781.98;COA-FLL-20260924-2;2026-09-24T15:18:31Z;SHL-DN-485073;Verified;fuel.ops@airline.com;2026-09-24T17:27:31Z;HD-FLL-21;MTR-HD-FLL-21;ELECTRONIC;2026-09-24T15:27:31Z;SEED_B6_ADSB;2026-09-24T15:27:31Z;SEED_B6_ADSB;78e3e797-5c9f-5d76-b8ce-157810173c4e;1.2280;5851.42;USD
eedbd7a5-69aa-557b-8c0b-e2fca4f6f4ce;428a70d5-939e-567d-b4c0-cb975ae0ae14;MATCHED;M;67c6d4a9-177d-5bf3-8e3c-12f2670595ae;AVF-RSW-496409;;FT-RSW-20260924-0002;N949JT;N949JT;B6266;10788.00;LTR;233220.68;244008.68;10788.00;0.8015;KGL;MEA;26.50;GR;8646.58;COA-RSW-20260924-3;2026-09-24T15:34:39Z;AVF-DN-496409;Verified;fuel.ops@airline.com;2026-09-24T17:55:39Z;RF-RSW-12;MTR-RF-RSW-12;MANUAL;2026-09-24T15:55:39Z;SEED_B6_ADSB;2026-09-24T15:55:39Z;SEED_B6_ADSB;3c535fec-92e3-54a7-a7cc-18b55a0de98f;1.2726;13728.81;USD
f33201b4-9b63-5600-b19f-f6e7deea9353;e8b57edb-9c6d-5fcf-8f64-0205b40f8df1;MATCHED;E;e9ba41f8-6155-57be-ba20-cd9d05ec930c;SHL-FLL-485076;;FT-FLL-20260924-0032;N651JB;N651JB;B6681;10835.00;LTR;166320.58;177155.58;10835.00;0.7954;KGL;MEA;21.60;GR;8618.16;COA-FLL-20260924-2;2026-09-24T15:31:57Z;SHL-DN-485076;Verified;fuel.ops@airline.com;2026-09-24T17:47:57Z;HD-FLL-12;MTR-HD-FLL-12;ELECTRONIC;2026-09-24T15:47:57Z;SEED_B6_ADSB;2026-09-24T15:47:57Z;SEED_B6_ADSB;f49d3dca-c264-5f6d-8122-1778e4b144dd;1.2280;13305.38;USD
572e90ed-6a81-5045-bb6e-9401b5b04f70;4667ca25-ef5b-5467-823c-bc6df299757a;MATCHED;E;cb6f0c3b-b4f3-5916-bb22-3ffd97d31ebe;CGA-SFO-275618;;FT-SFO-20260924-0003;N937JB;N937JB;B6434;18358.00;LTR;224776.28;243134.28;18358.00;0.8005;KGL;MEA;20.60;GR;14695.58;COA-SFO-20260924-1;2026-09-24T15:24:54Z;CGA-DN-275618;Verified;fuel.ops@airline.com;2026-09-24T17:48:54Z;HD-SFO-13;MTR-HD-SFO-13;ELECTRONIC;2026-09-24T15:48:54Z;SEED_B6_ADSB;2026-09-24T15:48:54Z;SEED_B6_ADSB;c68aa63a-f480-55d2-8075-5a2a47e471a2;1.3161;24160.96;USD
822c0f98-c0ee-5c2f-8d4d-45e25aad6027;49262872-9572-591c-a696-a0546a303d55;MATCHED;E;b8a6f230-440d-5153-977b-68e934482f7f;SHL-JFK-512640;;FT-JFK-20260924-0042;N3104J;N3104J;B61497;11726.00;LTR;812277.90;824003.90;11726.00;0.8039;KGL;MEA;16.00;GR;9426.53;COA-JFK-20260924-1;2026-09-24T15:16:18Z;SHL-DN-512640;Verified;fuel.ops@airline.com;2026-09-24T17:32:18Z;HD-JFK-12;MTR-HD-JFK-12;ELECTRONIC;2026-09-24T15:32:18Z;SEED_B6_ADSB;2026-09-24T15:32:18Z;SEED_B6_ADSB;dab779e1-2c4d-5e3e-9f0a-d1d29070b15a;1.3053;15305.95;USD
299515df-4c68-5611-afff-7fa15c8caa60;e3b22b7d-f0d4-5835-a3f7-981b26a6d106;MATCHED;E;72a4ca23-1596-5b88-abae-0d00d5f36455;WFS-JFK-403806;;FT-JFK-20260924-0043;N987JT;N987JT;B6211;16568.00;LTR;126413.80;142981.80;16568.00;0.8007;KGL;MEA;20.00;GR;13266;COA-JFK-20260924-1;2026-09-24T15:29:43Z;WFS-DN-403806;Verified;fuel.ops@airline.com;2026-09-24T17:51:43Z;HD-JFK-08;MTR-HD-JFK-08;ELECTRONIC;2026-09-24T15:51:43Z;SEED_B6_ADSB;2026-09-24T15:51:43Z;SEED_B6_ADSB;a8faeb3b-4aa5-57a0-8d76-762fe3cbdbae;1.2966;21482.07;USD
175e4922-c915-528f-8b70-21b4bdfb5e0b;2ed55b81-9d66-5bfd-9b49-2b85603802a9;MATCHED;E;23a649b1-22f8-58fe-a595-12d47c124fd2;SHL-FLL-485078;;FT-FLL-20260924-0033;N597JB;N597JB;B62020;8505.00;LTR;417185.95;425690.95;8505.00;0.7954;KGL;MEA;21.50;GR;6764.88;COA-FLL-20260924-2;2026-09-24T15:28:39Z;SHL-DN-485078;Verified;fuel.ops@airline.com;2026-09-24T17:41:39Z;HD-FLL-13;MTR-HD-FLL-13;ELECTRONIC;2026-09-24T15:41:39Z;SEED_B6_ADSB;2026-09-24T15:41:39Z;SEED_B6_ADSB;a1de453f-8379-5a52-adac-cd626954facb;1.2280;10444.14;USD
ad68bbe8-24d3-56b8-a7d1-f4fb6b0edfa7;dbde3164-9f72-5a3a-ba42-8a2ba360e193;MATCHED;E;cbd4998a-7257-5d76-bf11-306e222a50a9;BPA-MCO-339222;;FT-MCO-20260924-0015;N535JB;N535JB;B6598;7011.00;LTR;507716.31;514727.31;7011.00;0.7970;KGL;MEA;25.00;GR;5587.77;COA-MCO-20260924-3;2026-09-24T15:37:48Z;BPA-DN-339222;Verified;fuel.ops@airline.com;2026-09-24T17:48:48Z;HD-MCO-12;MTR-HD-MCO-12;ELECTRONIC;2026-09-24T15:48:48Z;SEED_B6_ADSB;2026-09-24T15:48:48Z;SEED_B6_ADSB;78ee7c8a-c411-537f-b251-6b16e913d3b5;1.2376;8676.81;USD
cc01705c-4abc-5f19-b556-63f2a3af7034;e452d86f-9866-518b-b206-2fa502f0c442;MATCHED;E;c5d5f344-211e-59ef-a876-570d12585820;WFS-BOS-478888;;FT-BOS-20260924-0046;N3269J;N3269J;B6249;5508.00;LTR;401927.10;407435.10;5508.00;0.8068;KGL;MEA;14.80;GR;4443.85;COA-BOS-20260924-3;2026-09-24T15:30:51Z;WFS-DN-478888;Verified;fuel.ops@airline.com;2026-09-24T17:40:51Z;HD-BOS-04;MTR-HD-BOS-04;ELECTRONIC;2026-09-24T15:40:51Z;SEED_B6_ADSB;2026-09-24T15:40:51Z;SEED_B6_ADSB;e4ad860a-197e-59a0-9b52-4f1d0f534576;1.3094;7212.18;USD
4cb75aad-fc1a-506a-b267-6704c5e09c54;3e52028e-bd7a-5fa4-8dbb-5ec25fb5b1ec;MATCHED;M;a7035c45-eece-5b16-ae14-bbf7936fc438;WFS-PVD-219747;;FT-PVD-20260924-0003;N563JB;N563JB;B62087;8717.00;LTR;498114.27;506831.27;8717.00;0.7997;KGL;MEA;16.00;GR;6970.98;COA-PVD-20260924-1;2026-09-24T15:33:28Z;WFS-DN-219747;Verified;fuel.ops@airline.com;2026-09-24T17:51:28Z;RF-PVD-19;MTR-RF-PVD-19;MANUAL;2026-09-24T15:51:28Z;SEED_B6_ADSB;2026-09-24T15:51:28Z;SEED_B6_ADSB;cb59578c-a6a5-505e-b8d7-4196b576a3ad;1.3495;11763.59;USD
6253cc7c-0cac-5c57-b0c9-1d5f7d9a7586;794f6e36-e943-52b1-96bd-6adc1fdb2ba8;MATCHED;M;abf59171-f26f-55bd-ae75-250c6792ba18;WFS-ACK-768079;;FT-ACK-20260924-0003;N3289J;N3289J;B6831;2051.00;LTR;290568.30;292619.30;2051.00;0.8061;KGL;MEA;15.90;GR;1653.31;COA-ACK-20260924-2;2026-09-24T15:41:44Z;WFS-DN-768079;Verified;fuel.ops@airline.com;2026-09-24T17:48:44Z;RF-ACK-10;MTR-RF-ACK-10;MANUAL;2026-09-24T15:48:44Z;SEED_B6_ADSB;2026-09-24T15:48:44Z;SEED_B6_ADSB;0ddfd6a3-a6bb-546f-918e-909abe244bcb;1.3159;2698.91;USD
f72130ea-431f-51b1-aaaf-8ff9e8a0018c;4d5addd1-5619-5ad8-a59d-d976c64891b0;MATCHED;E;afa20504-609e-5436-98ad-c838d1120b14;WFS-FLL-457497;;FT-FLL-20260924-0034;N729JB;N729JB;B6272;9162.00;LTR;417185.95;426347.95;9162.00;0.7922;KGL;MEA;25.60;GR;7258.14;COA-FLL-20260924-2;2026-09-24T15:44:45Z;WFS-DN-457497;Verified;fuel.ops@airline.com;2026-09-24T17:58:45Z;HD-FLL-13;MTR-HD-FLL-13;ELECTRONIC;2026-09-24T15:58:45Z;SEED_B6_ADSB;2026-09-24T15:58:45Z;SEED_B6_ADSB;441c6646-2162-5de4-8cd3-77d45aa5fa75;1.2317;11284.84;USD
11fccafc-73e2-5412-aac8-6627bc827044;b1525848-7995-56b1-a0dd-ce0ed5ea710f;MATCHED;E;901ef6b0-953e-5a27-806f-f6a82f1537d9;SHL-MCO-595706;;FT-MCO-20260924-0016;N524JB;N524JB;B6133;13350.00;LTR;310325.97;323675.97;13350.00;0.7993;KGL;MEA;22.10;GR;10670.66;COA-MCO-20260924-3;2026-09-24T15:29:44Z;SHL-DN-595706;Verified;fuel.ops@airline.com;2026-09-24T17:48:44Z;HD-MCO-10;MTR-HD-MCO-10;ELECTRONIC;2026-09-24T15:48:44Z;SEED_B6_ADSB;2026-09-24T15:48:44Z;SEED_B6_ADSB;e4645e84-510f-561a-a390-ba6050f972aa;1.2432;16596.72;USD
89063e14-e5c5-5f3d-bada-1406a96f0d5a;bb285713-184b-5e7c-b8db-74ca776a90a8;MATCHED;E;00c62a8d-68b3-54a0-a6c4-76810fb61e29;WFS-JFK-403808;;FT-JFK-20260924-0044;N954JB;N954JB;B61603;12898.00;LTR;372012.70;384910.70;12898.00;0.8036;KGL;MEA;16.40;GR;10364.83;COA-JFK-20260924-1;2026-09-24T15:31:42Z;WFS-DN-403808;Verified;fuel.ops@airline.com;2026-09-24T17:49:42Z;HD-JFK-17;MTR-HD-JFK-17;ELECTRONIC;2026-09-24T15:49:42Z;SEED_B6_ADSB;2026-09-24T15:49:42Z;SEED_B6_ADSB;7d8ed019-b9c1-5b92-b21d-3548b1676013;1.2966;16723.55;USD
0d39422b-0c4d-5964-a634-eb1d3d9a1608;e3df8160-10a9-5a48-9881-6b4909333e5b;MATCHED;E;1a2a5c83-55e8-5e2b-b3d0-a2c1174ee362;SHL-BOS-696828;;FT-BOS-20260924-0047;N3152J;N3152J;B6915;2861.00;LTR;671758.99;674619.99;2861.00;0.8067;KGL;MEA;14.90;GR;2307.97;COA-BOS-20260924-3;2026-09-24T15:45:03Z;SHL-DN-696828;Verified;fuel.ops@airline.com;2026-09-24T17:52:03Z;HD-BOS-09;MTR-HD-BOS-09;ELECTRONIC;2026-09-24T15:52:03Z;SEED_B6_ADSB;2026-09-24T15:52:03Z;SEED_B6_ADSB;e5461e72-8c00-5ceb-88dd-c1f85672ce2d;1.3061;3736.75;USD
a07d8210-e4d4-522b-9514-a2175f3d2eb4;ded34ce6-d785-5d85-b9bd-aeb43438604b;MATCHED;E;2fc47b5c-4b09-5345-9c73-7502db0d7348;SHL-FLL-485080;;FT-FLL-20260924-0035;N3145J;N3145J;B61680;6723.00;LTR;306909.24;313632.24;6723.00;0.7920;KGL;MEA;25.90;GR;5324.62;COA-FLL-20260924-2;2026-09-24T15:55:20Z;SHL-DN-485080;Verified;fuel.ops@airline.com;2026-09-24T18:06:20Z;HD-FLL-24;MTR-HD-FLL-24;ELECTRONIC;2026-09-24T16:06:20Z;SEED_B6_ADSB;2026-09-24T16:06:20Z;SEED_B6_ADSB;48a64442-19d1-5cc1-bf3f-3d64a895a531;1.2280;8255.84;USD
c57299a5-8865-5157-943c-d58d52dba3d8;1d5093bb-58c8-5c7d-9c2b-224d1e5cc094;MATCHED;E;aeefd80e-1d6f-58f7-88ef-df926feb81ee;SHL-MCO-595707;;FT-MCO-20260924-0017;N794JB;N794JB;B61133;7758.00;LTR;596331.25;604089.25;7758.00;0.7979;KGL;MEA;23.90;GR;6190.11;COA-MCO-20260924-3;2026-09-24T15:41:27Z;SHL-DN-595707;Verified;fuel.ops@airline.com;2026-09-24T17:54:27Z;HD-MCO-04;MTR-HD-MCO-04;ELECTRONIC;2026-09-24T15:54:27Z;SEED_B6_ADSB;2026-09-24T15:54:27Z;SEED_B6_ADSB;6f290150-f766-53ef-ae14-ed0443b4a92e;1.2432;9644.75;USD
04d6959c-aca2-5751-aa33-d05b80923248;8c6d411d-ab9d-5c03-9ed9-70d2919b62aa;MATCHED;M;f043a90a-63fb-50e3-90fb-318e160de7c9;SHL-PBI-381664;;FT-PBI-20260924-0006;N784JB;N784JB;B6468;6061.00;LTR;670082.45;676143.45;6061.00;0.7918;KGL;MEA;27.00;GR;4799.1;COA-PBI-20260924-3;2026-09-24T15:56:31Z;SHL-DN-381664;Verified;fuel.ops@airline.com;2026-09-24T18:10:31Z;RF-PBI-23;MTR-RF-PBI-23;MANUAL;2026-09-24T16:10:31Z;SEED_B6_ADSB;2026-09-24T16:10:31Z;SEED_B6_ADSB;d99e865d-1065-5f04-9ef9-642b902e7988;1.2634;7657.47;USD
28fcbbe9-b394-5108-9c18-b4f6480dda01;490f1358-c8b8-545f-afb1-3a572a2d92b1;MATCHED;E;7509e0e9-bc49-5ad0-8ba9-a65fcd786833;WFS-BOS-478891;;FT-BOS-20260924-0048;N978JB;N978JB;B61487;21075.00;LTR;671758.99;692833.99;21075.00;0.8042;KGL;MEA;18.00;GR;16948.51;COA-BOS-20260924-3;2026-09-24T15:50:51Z;WFS-DN-478891;Verified;fuel.ops@airline.com;2026-09-24T18:17:51Z;HD-BOS-09;MTR-HD-BOS-09;ELECTRONIC;2026-09-24T16:17:51Z;SEED_B6_ADSB;2026-09-24T16:17:51Z;SEED_B6_ADSB;ce2442e2-b8e1-51ac-8979-2c9e878d2ee1;1.3094;27595.6;USD
9fe58782-e876-5f2e-bea3-74fa842a3bc2;e82a6809-b4a3-59dd-b4d8-6d2c4d473ddf;MATCHED;E;32fa2c5f-e61b-5785-9cd8-cc01251294d2;WFS-JFK-403810;;FT-JFK-20260924-0045;N2038J;N2038J;B683;7128.00;LTR;363066.04;370194.04;7128.00;0.8031;KGL;MEA;17.00;GR;5724.5;COA-JFK-20260924-1;2026-09-24T15:34:25Z;WFS-DN-403810;Verified;fuel.ops@airline.com;2026-09-24T17:45:25Z;HD-JFK-18;MTR-HD-JFK-18;ELECTRONIC;2026-09-24T15:45:25Z;SEED_B6_ADSB;2026-09-24T15:45:25Z;SEED_B6_ADSB;ca2929a8-3499-5d06-b2eb-127e13f8ddb5;1.2966;9242.16;USD
fc093323-ec56-545e-b768-a88423840c76;c5dd4814-f447-55a2-8005-8847845da4c3;MATCHED;E;8fd75727-a2a9-53cf-ba1a-0fb2e8953715;WFS-LGA-756508;;FT-LGA-20260924-0005;N3142J;N3142J;B62432;631.00;LTR;849429.73;850060.73;631.00;0.8055;KGL;MEA;16.90;GR;508.27;COA-LGA-20260924-2;2026-09-24T15:54:27Z;WFS-DN-756508;Verified;fuel.ops@airline.com;2026-09-24T17:58:27Z;HD-LGA-05;MTR-HD-LGA-05;ELECTRONIC;2026-09-24T15:58:27Z;SEED_B6_ADSB;2026-09-24T15:58:27Z;SEED_B6_ADSB;e571d3f2-c7ab-5baf-99df-827ba11532e4;1.3018;821.44;USD
bdbfd539-e095-5359-acf6-9f63e36eb681;7b0a3fe1-d0bc-5e50-afef-6dc68f93148a;MATCHED;M;693d5d83-b226-5298-ba42-041a4fc09393;BPA-MKE-788573;;FT-MKE-20260924-0001;N3260J;N3260J;B62230;6688.00;LTR;387752.51;394440.51;6688.00;0.8011;KGL;MEA;16.90;GR;5357.76;COA-MKE-20260924-2;2026-09-24T15:58:47Z;BPA-DN-788573;Verified;fuel.ops@airline.com;2026-09-24T18:13:47Z;RF-MKE-10;MTR-RF-MKE-10;MANUAL;2026-09-24T16:13:47Z;SEED_B6_ADSB;2026-09-24T16:13:47Z;SEED_B6_ADSB;314bbfa5-049d-586a-a1e1-805ca2e8bf61;1.2681;8481.05;USD
d17eb720-62fe-504a-a11b-38c8dec2bc26;54d9bb67-3408-5342-88bc-7d0806e5b5c7;MATCHED;E;8a22e537-db8b-596e-8e19-7bfead7f321c;SHL-FLL-485081;;FT-FLL-20260924-0036;N3258J;N3258J;B62094;5637.00;LTR;878116.54;883753.54;5637.00;0.7920;KGL;MEA;25.90;GR;4464.5;COA-FLL-20260924-2;2026-09-24T15:51:20Z;SHL-DN-485081;Verified;fuel.ops@airline.com;2026-09-24T18:01:20Z;HD-FLL-09;MTR-HD-FLL-09;ELECTRONIC;2026-09-24T16:01:20Z;SEED_B6_ADSB;2026-09-24T16:01:20Z;SEED_B6_ADSB;b4ee4ddd-771a-5aa8-85d0-912f657c3432;1.2280;6922.24;USD
a41636ea-20bc-5240-975b-889914723348;be037d26-0190-569d-82e5-1bdd5719e700;MATCHED;M;0820d98d-0dcf-52f6-8cee-2754310b65ea;AVF-JAX-322588;;FT-JAX-20260924-0003;N3085J;N3085J;B61310;6426.00;LTR;136723.53;143149.53;6426.00;0.8044;KGL;MEA;20.80;GR;5169.07;COA-JAX-20260924-3;2026-09-24T16:02:57Z;AVF-DN-322588;Verified;fuel.ops@airline.com;2026-09-24T18:16:57Z;RF-JAX-19;MTR-RF-JAX-19;MANUAL;2026-09-24T16:16:57Z;SEED_B6_ADSB;2026-09-24T16:16:57Z;SEED_B6_ADSB;92b72f0e-1a19-5d97-9bd2-2316ff0f65d0;1.2640;8122.46;USD
5a2fcc6f-a2f3-5456-aed3-b50201cdaeaa;bb1841e7-635c-5493-a606-f9aefb0831bc;MATCHED;E;3e1862da-e16f-549d-8bd0-0a5eb8c72b6b;CGA-IAH-360676;;FT-IAH-20260924-0002;N638JB;N638JB;B6932;10406.00;LTR;829628.77;840034.77;10406.00;0.7912;KGL;MEA;23.80;GR;8233.23;COA-IAH-20260924-2;2026-09-24T16:06:30Z;CGA-DN-360676;Verified;fuel.ops@airline.com;2026-09-24T18:21:30Z;HD-IAH-14;MTR-HD-IAH-14;ELECTRONIC;2026-09-24T16:21:30Z;SEED_B6_ADSB;2026-09-24T16:21:30Z;SEED_B6_ADSB;bbe13ece-4af7-5811-917c-a32573ea616b;1.2227;12723.42;USD
63c1018b-0d2d-5df8-974e-587677c37732;8fde0b7f-64c9-571d-8aa5-1bd8e45442ea;MATCHED;M;de73bb79-46e0-5a80-8747-939e064293e5;WFS-HPN-788016;;FT-HPN-20260924-0008;N523JB;N523JB;B61251;8333.00;LTR;408885.43;417218.43;8333.00;0.8031;KGL;MEA;20.30;GR;6692.23;COA-HPN-20260924-1;2026-09-24T16:06:58Z;WFS-DN-788016;Verified;fuel.ops@airline.com;2026-09-24T18:23:58Z;RF-HPN-06;MTR-RF-HPN-06;MANUAL;2026-09-24T16:23:58Z;SEED_B6_ADSB;2026-09-24T16:23:58Z;SEED_B6_ADSB;b0c594fd-b55f-5c74-9dd4-74381f3441a0;1.3533;11277.05;USD
7e0177a3-24bd-5901-9c1c-5ac03d08f986;3eaab76d-9fe0-50c5-b90c-75afb46cdeb8;MATCHED;E;7936066e-a935-5812-81f8-c4de9b5e4ced;BPA-MCO-339223;;FT-MCO-20260924-0018;N3272J;N3272J;B62656;5583.00;LTR;658497.82;664080.82;5583.00;0.7977;KGL;MEA;24.20;GR;4453.56;COA-MCO-20260924-3;2026-09-24T16:06:21Z;BPA-DN-339223;Verified;fuel.ops@airline.com;2026-09-24T18:16:21Z;HD-MCO-14;MTR-HD-MCO-14;ELECTRONIC;2026-09-24T16:16:21Z;SEED_B6_ADSB;2026-09-24T16:16:21Z;SEED_B6_ADSB;c4c2c9a0-96f7-5939-815e-556b7a83253b;1.2376;6909.52;USD
e8091c71-07f4-5d63-bae9-1f7caa65ce53;579f75c3-4a76-5548-bd53-459dc131d852;MATCHED;E;e3068908-5975-59f4-a690-515911c0da2a;CGA-IAH-360678;;FT-IAH-20260924-0003;N3291J;N3291J;B61382;8016.00;LTR;604238.65;612254.65;8016.00;0.7939;KGL;MEA;20.40;GR;6363.9;COA-IAH-20260924-2;2026-09-24T16:03:25Z;CGA-DN-360678;Verified;fuel.ops@airline.com;2026-09-24T18:16:25Z;HD-IAH-01;MTR-HD-IAH-01;ELECTRONIC;2026-09-24T16:16:25Z;SEED_B6_ADSB;2026-09-24T16:16:25Z;SEED_B6_ADSB;d828367d-d7ea-5814-adfc-455a515b5435;1.2227;9801.16;USD
533984a8-2eb5-5c38-9629-d7242cd3043d;c2f74a69-166e-55e0-9735-663b1b84f95b;MATCHED;M;46352fb8-fc45-5fb6-be49-fee41ca5c6c5;WFS-RDU-697021;;FT-RDU-20260924-0004;N661JB;N661JB;B62925;5165.00;LTR;825993.62;831158.62;5165.00;0.8002;KGL;MEA;17.60;GR;4133.03;COA-RDU-20260924-3;2026-09-24T16:17:31Z;WFS-DN-697021;Verified;fuel.ops@airline.com;2026-09-24T18:29:31Z;RF-RDU-04;MTR-RF-RDU-04;MANUAL;2026-09-24T16:29:31Z;SEED_B6_ADSB;2026-09-24T16:29:31Z;SEED_B6_ADSB;9ee422e5-37a5-5fa3-a57c-5815e2c4e66d;1.2713;6566.26;USD
47d85774-0229-55b2-afb1-83f7f9a7c4cb;bf33fcf5-2493-50c7-b30d-dc9a907e667f;MATCHED;E;1729e9ef-9de1-5a1d-b517-12257569cbc2;WFS-BOS-478894;;FT-BOS-20260924-0049;N655JB;N655JB;B6509;7100.00;LTR;152655.50;159755.50;7100.00;0.8065;KGL;MEA;15.10;GR;5726.15;COA-BOS-20260924-3;2026-09-24T16:00:07Z;WFS-DN-478894;Verified;fuel.ops@airline.com;2026-09-24T18:11:07Z;HD-BOS-10;MTR-HD-BOS-10;ELECTRONIC;2026-09-24T16:11:07Z;SEED_B6_ADSB;2026-09-24T16:11:07Z;SEED_B6_ADSB;a6ada0d9-a955-5147-9a96-452cad5c95cf;1.3094;9296.74;USD
2a42a3ec-a6b5-570a-8206-57811abb5238;169096a3-4fa2-5be8-b856-0728b13c7f64;MATCHED;M;08f7174b-80ce-58ad-beb5-6ce89438ec6c;WFS-ROC-474929;;FT-ROC-20260924-0002;N505JB;N505JB;B61043;6495.00;LTR;146546.98;153041.98;6495.00;0.8065;KGL;MEA;15.60;GR;5238.22;COA-ROC-20260924-1;2026-09-24T16:11:13Z;WFS-DN-474929;Verified;fuel.ops@airline.com;2026-09-24T18:25:13Z;RF-ROC-19;MTR-RF-ROC-19;MANUAL;2026-09-24T16:25:13Z;SEED_B6_ADSB;2026-09-24T16:25:13Z;SEED_B6_ADSB;0ebb27be-4857-5cb1-8b4c-74eee44c7a0a;1.3300;8638.35;USD
5771b526-c968-5b68-9986-aa6156cd40a6;9bc02c65-13cb-5ea2-a88d-d33bde2014bc;MATCHED;E;156cac85-44ef-5995-a1db-10d9a9aed996;BPA-MCO-339224;;FT-MCO-20260924-0019;N956JT;N956JT;B6546;5843.00;LTR;869443.24;875286.24;5843.00;0.7976;KGL;MEA;24.30;GR;4660.38;COA-MCO-20260924-3;2026-09-24T16:32:18Z;BPA-DN-339224;Verified;fuel.ops@airline.com;2026-09-24T18:42:18Z;HD-MCO-03;MTR-HD-MCO-03;ELECTRONIC;2026-09-24T16:42:18Z;SEED_B6_ADSB;2026-09-24T16:42:18Z;SEED_B6_ADSB;86ae1d75-aaf3-5ee9-882a-547f3e480823;1.2376;7231.3;USD
7ac7c24c-53e7-5ec3-9c17-86e0fe1f75e4;c95b4db6-96f3-516d-bb27-8bc17125b5e2;MATCHED;E;dd805eb4-cb1f-57b2-8308-9cdb336a0dca;WFS-LAX-154032;;FT-LAX-20260924-0006;N945JT;N945JT;B6424;18081.00;LTR;265281.30;283362.30;18081.00;0.8070;KGL;MEA;19.40;GR;14591.37;COA-LAX-20260924-3;2026-09-24T16:16:19Z;WFS-DN-154032;Verified;fuel.ops@airline.com;2026-09-24T18:40:19Z;HD-LAX-22;MTR-HD-LAX-22;ELECTRONIC;2026-09-24T16:40:19Z;SEED_B6_ADSB;2026-09-24T16:40:19Z;SEED_B6_ADSB;af33e691-2cef-55ec-9fdd-ff473b5c782d;1.2923;23366.08;USD
ef4d2b8d-4fb0-52bf-b74f-c5f76d7aebbd;90052997-1a37-55eb-bad8-0c57fbe6f31e;MATCHED;E;c52e27b2-79b7-53de-953d-c990ae9a2eab;CGA-DFW-294813;;FT-DFW-20260924-0002;N599JB;N599JB;B6482;7015.00;LTR;417334.92;424349.92;7015.00;0.7969;KGL;MEA;22.50;GR;5590.25;COA-DFW-20260924-1;2026-09-24T16:33:26Z;CGA-DN-294813;Verified;fuel.ops@airline.com;2026-09-24T18:45:26Z;HD-DFW-06;MTR-HD-DFW-06;ELECTRONIC;2026-09-24T16:45:26Z;SEED_B6_ADSB;2026-09-24T16:45:26Z;SEED_B6_ADSB;bcea2ffe-862e-54c6-ba84-8514cec53c26;1.2291;8622.14;USD
bd99b2c6-a890-5124-9529-4bbefbf7f594;c3ce25f3-d1ea-5ca5-989f-b4b7c6d8d22d;MATCHED;E;f8dff8a6-a2a1-53b4-ad16-67ec374f0da7;WFS-ATL-755175;;FT-ATL-20260924-0004;N3280J;N3280J;B62097;4078.00;LTR;515882.54;519960.54;4078.00;0.7945;KGL;MEA;19.70;GR;3239.97;COA-ATL-20260924-3;2026-09-24T16:39:14Z;WFS-DN-755175;Verified;fuel.ops@airline.com;2026-09-24T18:47:14Z;HD-ATL-13;MTR-HD-ATL-13;ELECTRONIC;2026-09-24T16:47:14Z;SEED_B6_ADSB;2026-09-24T16:47:14Z;SEED_B6_ADSB;7e347611-2828-54fb-9529-b8a6ba756ef6;1.2074;4923.78;USD
fdea4974-67c6-58e5-abe1-be826cb52e4e;30d0d74d-de4a-581a-b371-7f726d747734;MATCHED;M;999e08fa-05b0-5a40-be17-397710b01a1f;WFS-RDU-697022;;FT-RDU-20260924-0005;N3118J;N3118J;B62786;3925.00;LTR;545123.53;549048.53;3925.00;0.7974;KGL;MEA;21.20;GR;3129.8;COA-RDU-20260924-3;2026-09-24T16:28:47Z;WFS-DN-697022;Verified;fuel.ops@airline.com;2026-09-24T18:38:47Z;RF-RDU-17;MTR-RF-RDU-17;MANUAL;2026-09-24T16:38:47Z;SEED_B6_ADSB;2026-09-24T16:38:47Z;SEED_B6_ADSB;cb4e89fa-349c-5b75-8736-b1239fb05330;1.2713;4989.85;USD
a3aa3958-3722-5ed3-a41c-017b9267bc1c;a88256c2-a500-550c-9cf3-1416bc2c84ad;MATCHED;E;e5e4a580-208d-53e4-b28f-552eacb9dbcd;SHL-BOS-696830;;FT-BOS-20260924-0050;N3194J;N3194J;B61859;4251.00;LTR;671758.99;676009.99;4251.00;0.8056;KGL;MEA;16.30;GR;3424.61;COA-BOS-20260924-3;2026-09-24T16:35:04Z;SHL-DN-696830;Verified;fuel.ops@airline.com;2026-09-24T18:43:04Z;HD-BOS-09;MTR-HD-BOS-09;ELECTRONIC;2026-09-24T16:43:04Z;SEED_B6_ADSB;2026-09-24T16:43:04Z;SEED_B6_ADSB;b35abf71-07c9-5d4b-9be6-b297eb610e57;1.3061;5552.23;USD
63ecce9b-a341-5bca-bf76-e2888f34e0c4;52813c61-8991-5411-902c-9e897fa25757;MATCHED;E;66b87e61-446a-5c14-a2ca-7a2c4c4fccbc;CGA-SAN-368867;;FT-SAN-20260924-0001;N967JT;N967JT;B6190;18387.00;LTR;505512.17;523899.17;18387.00;0.8024;KGL;MEA;23.90;GR;14753.73;COA-SAN-20260924-1;2026-09-24T16:51:36Z;CGA-DN-368867;Verified;fuel.ops@airline.com;2026-09-24T19:15:36Z;HD-SAN-02;MTR-HD-SAN-02;ELECTRONIC;2026-09-24T17:15:36Z;SEED_B6_ADSB;2026-09-24T17:15:36Z;SEED_B6_ADSB;cbe19568-4a48-533d-a8ec-32193473a7af;1.2997;23897.58;USD
f6a499b4-614a-5c72-9f09-96f4d2f97b6f;9f8a1946-155e-5388-a4e7-2bf7f78a9000;MATCHED;M;f2174eea-16c0-5299-ac16-737616030ee8;AVF-CHS-586547;;FT-CHS-20260924-0002;N3322J;N3322J;B6568;5463.00;LTR;257447.09;262910.09;5463.00;0.8043;KGL;MEA;21.70;GR;4393.89;COA-CHS-20260924-1;2026-09-24T16:53:34Z;AVF-DN-586547;Verified;fuel.ops@airline.com;2026-09-24T19:06:34Z;RF-CHS-16;MTR-RF-CHS-16;MANUAL;2026-09-24T17:06:34Z;SEED_B6_ADSB;2026-09-24T17:06:34Z;SEED_B6_ADSB;3596b9db-df5c-5f63-acef-688e1b53cb3c;1.2570;6866.99;USD
4f22a4a2-8fab-54ed-ab0d-fb67e207702c;a5171adb-7b18-5eb1-8cd7-3df6bede1e57;MATCHED;E;93dfb795-47cb-5735-bfb9-b959d42b94ae;SHL-BOS-696833;;FT-BOS-20260924-0051;N3065J;N3065J;B61397;6414.00;LTR;246163.33;252577.33;6414.00;0.8040;KGL;MEA;18.20;GR;5156.86;COA-BOS-20260924-3;2026-09-24T16:50:30Z;SHL-DN-696833;Verified;fuel.ops@airline.com;2026-09-24T19:01:30Z;HD-BOS-14;MTR-HD-BOS-14;ELECTRONIC;2026-09-24T17:01:30Z;SEED_B6_ADSB;2026-09-24T17:01:30Z;SEED_B6_ADSB;76d0a428-004e-516f-a842-0461d24332bc;1.3061;8377.33;USD
9216c0a2-7dc6-5a8f-b0f9-5c7255b575ee;a45c54da-06bb-5d65-b93d-a7433dcfe726;MATCHED;E;3b35c4fb-89e0-5b26-be82-224b0c683e69;SHL-JFK-512641;;FT-JFK-20260924-0046;N3149J;N3149J;B6281;8912.00;LTR;623172.70;632084.70;8912.00;0.8045;KGL;MEA;15.20;GR;7169.7;COA-JFK-20260924-1;2026-09-24T16:44:45Z;SHL-DN-512641;Verified;fuel.ops@airline.com;2026-09-24T18:57:45Z;HD-JFK-23;MTR-HD-JFK-23;ELECTRONIC;2026-09-24T16:57:45Z;SEED_B6_ADSB;2026-09-24T16:57:45Z;SEED_B6_ADSB;45d21932-1f4e-5582-bcc7-200bad9d6a57;1.3053;11632.83;USD
0fc550df-36e6-5ef8-ae68-bf9e126c7f5e;d8d792f7-e8e4-55da-9d2f-320fc5dbeca9;MATCHED;E;8e9cbc3a-528a-5bb4-a46e-565e768f701c;SHL-FLL-485084;;FT-FLL-20260924-0037;N529JB;N529JB;B61453;6192.00;LTR;361820.64;368012.64;6192.00;0.7922;KGL;MEA;25.60;GR;4905.3;COA-FLL-20260924-2;2026-09-24T16:54:28Z;SHL-DN-485084;Verified;fuel.ops@airline.com;2026-09-24T19:05:28Z;HD-FLL-03;MTR-HD-FLL-03;ELECTRONIC;2026-09-24T17:05:28Z;SEED_B6_ADSB;2026-09-24T17:05:28Z;SEED_B6_ADSB;883bf99a-5532-57a8-bc09-6d58ce77ec71;1.2280;7603.78;USD
953b1e51-7443-51a1-a091-d7ea285e0b32;1d06c916-1ad8-535d-b810-0d8ef6f7ff72;MATCHED;E;b0a45490-5f9d-55e2-b7b4-f3affa4ec6f7;SHL-BOS-696836;;FT-BOS-20260924-0052;N3298J;N3298J;B6855;2927.00;LTR;511336.59;514263.59;2927.00;0.8048;KGL;MEA;17.30;GR;2355.65;COA-BOS-20260924-3;2026-09-24T16:42:32Z;SHL-DN-696836;Verified;fuel.ops@airline.com;2026-09-24T18:49:32Z;HD-BOS-16;MTR-HD-BOS-16;ELECTRONIC;2026-09-24T16:49:32Z;SEED_B6_ADSB;2026-09-24T16:49:32Z;SEED_B6_ADSB;a577f098-f39f-57f0-9724-abc5b6524d91;1.3061;3822.95;USD
21d3c56d-7cd7-560e-87f4-539c2698ddc1;27b1148e-3547-58d9-836e-a09fe6ab0349;MATCHED;E;df9f4c3e-50a3-5b7f-a899-ca2dc9018316;BPA-EWR-657008;;FT-EWR-20260924-0006;N646JB;N646JB;B6127;5643.00;LTR;476426.30;482069.30;5643.00;0.7981;KGL;MEA;19.00;GR;4503.68;COA-EWR-20260924-3;2026-09-24T16:39:27Z;BPA-DN-657008;Verified;fuel.ops@airline.com;2026-09-24T18:49:27Z;HD-EWR-21;MTR-HD-EWR-21;ELECTRONIC;2026-09-24T16:49:27Z;SEED_B6_ADSB;2026-09-24T16:49:27Z;SEED_B6_ADSB;17c1d622-c620-58a8-b46d-880ce93cd237;1.3098;7391.2;USD
83edff09-0016-573c-a52c-ecf891657636;7b953504-3feb-5341-af55-52302ec651cd;MATCHED;E;05069845-7f83-5ff2-84ba-d224f84d15ec;BPA-MCO-339226;;FT-MCO-20260924-0020;N712JB;N712JB;B62324;4252.00;LTR;246759.80;251011.80;4252.00;0.7990;KGL;MEA;22.50;GR;3397.35;COA-MCO-20260924-3;2026-09-24T16:46:27Z;BPA-DN-339226;Verified;fuel.ops@airline.com;2026-09-24T18:54:27Z;HD-MCO-23;MTR-HD-MCO-23;ELECTRONIC;2026-09-24T16:54:27Z;SEED_B6_ADSB;2026-09-24T16:54:27Z;SEED_B6_ADSB;7f11af72-12ee-5981-b9c2-2011c1c82b18;1.2376;5262.28;USD
3f1ef26d-d726-5307-acab-65a444e28d11;ef55b5c1-390d-5e8c-ab61-a45d6d154b16;MATCHED;E;b212da9b-9891-575a-a03a-85d90979a286;WFS-LGA-756509;;FT-LGA-20260924-0006;N592JB;N592JB;B6499;7612.00;LTR;586061.31;593673.31;7612.00;0.8046;KGL;MEA;18.00;GR;6124.62;COA-LGA-20260924-2;2026-09-24T16:53:55Z;WFS-DN-756509;Verified;fuel.ops@airline.com;2026-09-24T19:05:55Z;HD-LGA-19;MTR-HD-LGA-19;ELECTRONIC;2026-09-24T17:05:55Z;SEED_B6_ADSB;2026-09-24T17:05:55Z;SEED_B6_ADSB;dce1bc02-c491-5b49-b7cb-4e88a1e85615;1.3018;9909.3;USD
92faa246-5ccf-51d9-a4dc-c0cd72413b13;cbaaffc6-2313-56e0-bbff-2fdc256dd75f;MATCHED;M;a97b7677-8f2a-5288-b277-87dde27479a7;AVF-BHM-522090;;FT-BHM-20260924-0001;N606JB;N606JB;B68620;3752.00;LTR;523493.81;527245.81;3752.00;0.8025;KGL;MEA;22.60;GR;3010.98;COA-BHM-20260924-1;2026-09-24T17:05:34Z;AVF-DN-522090;Verified;fuel.ops@airline.com;2026-09-24T19:15:34Z;RF-BHM-04;MTR-RF-BHM-04;MANUAL;2026-09-24T17:15:34Z;SEED_B6_ADSB;2026-09-24T17:15:34Z;SEED_B6_ADSB;0c468d65-8862-5cd6-865c-63814145b050;1.2711;4769.17;USD
18893757-e053-5b56-920b-a2abc6177ed4;5c9f8dd7-db2a-53af-aa66-42337dea4e3f;MATCHED;E;4feff486-8f0e-5a83-97a3-eece32c30297;BPA-TPA-704084;;FT-TPA-20260924-0005;N999JQ;N999JQ;B61751;10568.00;LTR;753857.12;764425.12;10568.00;0.8063;KGL;MEA;21.90;GR;8520.98;COA-TPA-20260924-1;2026-09-24T17:01:39Z;BPA-DN-704084;Verified;fuel.ops@airline.com;2026-09-24T19:16:39Z;HD-TPA-02;MTR-HD-TPA-02;ELECTRONIC;2026-09-24T17:16:39Z;SEED_B6_ADSB;2026-09-24T17:16:39Z;SEED_B6_ADSB;2c747939-c32a-5e2d-9fc7-abc263923e7b;1.2208;12901.41;USD
230ba777-3c5b-5854-a72c-7c299fb61a2a;b321c278-fa88-5a6f-9c0c-46248d2bd0cb;MATCHED;E;f3639dca-41f8-5d1d-8a5f-ed8174b720e0;WFS-BOS-478896;;FT-BOS-20260924-0053;N3125J;N3125J;B6407;5983.00;LTR;511336.59;517319.59;5983.00;0.8072;KGL;MEA;14.30;GR;4829.48;COA-BOS-20260924-3;2026-09-24T16:58:54Z;WFS-DN-478896;Verified;fuel.ops@airline.com;2026-09-24T19:08:54Z;HD-BOS-16;MTR-HD-BOS-16;ELECTRONIC;2026-09-24T17:08:54Z;SEED_B6_ADSB;2026-09-24T17:08:54Z;SEED_B6_ADSB;fe917bd9-85ab-547c-a523-0b29def29daa;1.3094;7834.14;USD
58d9c70d-36c8-5001-b8b6-46cb88e57aa9;c58e28e4-b4b5-53fa-8ce8-4e08d578fd05;MATCHED;M;09b7bc9a-9e07-58d3-8c1a-65ae752e23e9;SHL-PBI-381667;;FT-PBI-20260924-0007;N998JE;N998JE;B622;10458.00;LTR;731167.22;741625.22;10458.00;0.7924;KGL;MEA;26.20;GR;8286.92;COA-PBI-20260924-3;2026-09-24T17:00:53Z;SHL-DN-381667;Verified;fuel.ops@airline.com;2026-09-24T19:21:53Z;RF-PBI-09;MTR-RF-PBI-09;MANUAL;2026-09-24T17:21:53Z;SEED_B6_ADSB;2026-09-24T17:21:53Z;SEED_B6_ADSB;84163df9-bc81-5971-95e7-a74b1677fa26;1.2634;13212.64;USD
5d944965-9f57-5261-acfe-89f9fb56f908;baef33d1-bd47-57b6-9b66-dcaa6fe9bc98;MATCHED;M;768d6f3e-3ff0-5ffb-a4e3-ec3271780a85;WFS-ORH-515270;;FT-ORH-20260924-0001;N598JB;N598JB;B6987;7776.00;LTR;250774.67;258550.67;7776.00;0.8011;KGL;MEA;15.50;GR;6229.35;COA-ORH-20260924-2;2026-09-24T17:03:30Z;WFS-DN-515270;Verified;fuel.ops@airline.com;2026-09-24T19:19:30Z;RF-ORH-07;MTR-RF-ORH-07;MANUAL;2026-09-24T17:19:30Z;SEED_B6_ADSB;2026-09-24T17:19:30Z;SEED_B6_ADSB;6f576a0a-3f95-50bd-bbea-88b4a4b5c1e3;1.3617;10588.58;USD
ef677e82-7e5d-5840-89a4-852b165d98ec;73a30c6b-bde9-5d90-b512-94bc2e8037a3;MATCHED;E;a5b28a4e-3449-51c9-ba83-7578ed3ffebe;PMA-SJU-755443;;FT-SJU-20260924-0010;N613JB;N613JB;B61334;8295.00;LTR;414170.33;422465.33;8295.00;0.7966;KGL;MEA;25.90;GR;6607.8;COA-SJU-20260924-2;2026-09-24T17:05:22Z;PMA-DN-755443;Verified;fuel.ops@airline.com;2026-09-24T19:18:22Z;HD-SJU-17;MTR-HD-SJU-17;ELECTRONIC;2026-09-24T17:18:22Z;SEED_B6_ADSB;2026-09-24T17:18:22Z;SEED_B6_ADSB;e33ebebb-aff6-5d12-ba1a-26ad78e5314e;1.2932;10727.09;USD
26cb6837-eef4-528d-8e6b-40a3bd34bf55;f2ea8a08-5942-5fa3-bde4-9f5280d6323f;MATCHED;M;452ebdc6-7fea-576a-9e94-5b2219f08409;AVF-JAX-322590;;FT-JAX-20260924-0004;N580JB;N580JB;B62117;1948.00;LTR;428905.81;430853.81;1948.00;0.8040;KGL;MEA;21.20;GR;1566.19;COA-JAX-20260924-3;2026-09-24T17:07:01Z;AVF-DN-322590;Verified;fuel.ops@airline.com;2026-09-24T19:14:01Z;RF-JAX-03;MTR-RF-JAX-03;MANUAL;2026-09-24T17:14:01Z;SEED_B6_ADSB;2026-09-24T17:14:01Z;SEED_B6_ADSB;f23a3eaf-dff7-5a13-9d07-b808185d2982;1.2640;2462.27;USD
accb4459-58dc-5816-a27d-6684f8e6414d;aad383cd-7ac5-51b8-a139-8f1c17865a06;MATCHED;E;cec96bcc-eab4-5ab9-b7c6-53af92fdce44;WFS-FLL-457498;;FT-FLL-20260924-0038;N612JB;N612JB;B62182;8613.00;LTR;268219.66;276832.66;8613.00;0.7952;KGL;MEA;21.80;GR;6849.06;COA-FLL-20260924-2;2026-09-24T17:11:31Z;WFS-DN-457498;Verified;fuel.ops@airline.com;2026-09-24T19:24:31Z;HD-FLL-06;MTR-HD-FLL-06;ELECTRONIC;2026-09-24T17:24:31Z;SEED_B6_ADSB;2026-09-24T17:24:31Z;SEED_B6_ADSB;f970faba-e13c-59a5-950a-0787ee9098b0;1.2317;10608.63;USD
31a37b8c-7700-5c3b-811a-81ba85190848;9b5757db-e9b8-5770-822c-2ea8abc86bec;MATCHED;E;a9ad633d-9023-5d3d-9f96-de6b8aac198b;CGA-IAH-360680;;FT-IAH-20260924-0004;N623JB;N623JB;B62780;6498.00;LTR;213813.83;220311.83;6498.00;0.7929;KGL;MEA;21.70;GR;5152.26;COA-IAH-20260924-2;2026-09-24T17:19:45Z;CGA-DN-360680;Verified;fuel.ops@airline.com;2026-09-24T19:30:45Z;HD-IAH-20;MTR-HD-IAH-20;ELECTRONIC;2026-09-24T17:30:45Z;SEED_B6_ADSB;2026-09-24T17:30:45Z;SEED_B6_ADSB;b01cec56-2540-5442-89bb-aaca08cc71e8;1.2227;7945.1;USD
37a898ca-7cdc-5073-b4c6-0dff28c1a214;70cdc78b-6beb-5ece-ad9b-84ddb86d7d2b;MATCHED;M;26a1a6c3-89dd-5882-8f21-c833a53735fc;AVF-SAV-611648;;FT-SAV-20260924-0001;N591JB;N591JB;B6342;4136.00;LTR;885133.57;889269.57;4136.00;0.7951;KGL;MEA;19.70;GR;3288.53;COA-SAV-20260924-2;2026-09-24T16:58:54Z;AVF-DN-611648;Verified;fuel.ops@airline.com;2026-09-24T19:08:54Z;RF-SAV-03;MTR-RF-SAV-03;MANUAL;2026-09-24T17:08:54Z;SEED_B6_ADSB;2026-09-24T17:08:54Z;SEED_B6_ADSB;85abc5cf-ee7a-5c78-9969-2b5ac26f7976;1.2473;5158.83;USD
33c6c804-a549-5dc2-9b02-5f8a10ae3d43;bcb9be61-a0b2-52cd-9848-9b77f6efecbb;MATCHED;E;c44e5197-ba25-57c3-88dd-480cd9a1632d;BPA-PHL-493063;;FT-PHL-20260924-0005;N552JB;N552JB;B62275;9913.00;LTR;366781.15;376694.15;9913.00;0.8063;KGL;MEA;18.30;GR;7992.85;COA-PHL-20260924-1;2026-09-24T17:01:21Z;BPA-DN-493063;Verified;fuel.ops@airline.com;2026-09-24T19:16:21Z;HD-PHL-24;MTR-HD-PHL-24;ELECTRONIC;2026-09-24T17:16:21Z;SEED_B6_ADSB;2026-09-24T17:16:21Z;SEED_B6_ADSB;7b42a236-c612-50df-9106-f714f0d43172;1.3171;13056.41;USD
d8374c86-44eb-537a-b30a-8915f119560b;aacbd8bb-1665-58a4-948f-f2632237f101;MATCHED;E;910b339e-e3f1-5a25-9f0b-ecfc5b8366cb;SHL-MCO-595709;;FT-MCO-20260924-0021;N608JB;N608JB;B6670;4043.00;LTR;507716.31;511759.31;4043.00;0.7986;KGL;MEA;23.00;GR;3228.74;COA-MCO-20260924-3;2026-09-24T17:03:17Z;SHL-DN-595709;Verified;fuel.ops@airline.com;2026-09-24T19:11:17Z;HD-MCO-12;MTR-HD-MCO-12;ELECTRONIC;2026-09-24T17:11:17Z;SEED_B6_ADSB;2026-09-24T17:11:17Z;SEED_B6_ADSB;aa2dbc5e-bd93-52af-aba0-0d1510707a9d;1.2432;5026.26;USD
883f1554-322a-5e74-9cd3-fc52f1737bb7;1fab5c78-1084-5565-9d8b-c8cc61538e4c;MATCHED;M;9822f858-283d-5756-8ecb-9d0a472f3f51;WFS-BDL-333660;;FT-BDL-20260924-0005;N590JB;N590JB;B61475;12654.00;LTR;738246.25;750900.25;12654.00;0.7974;KGL;MEA;18.90;GR;10090.3;COA-BDL-20260924-2;2026-09-24T17:09:24Z;WFS-DN-333660;Verified;fuel.ops@airline.com;2026-09-24T19:34:24Z;RF-BDL-08;MTR-RF-BDL-08;MANUAL;2026-09-24T17:34:24Z;SEED_B6_ADSB;2026-09-24T17:34:24Z;SEED_B6_ADSB;60b8c7f5-1937-591f-a9c5-5d5218038965;1.3411;16970.28;USD
9a9c0f49-33e0-50a6-97aa-6d92da9c2d2a;a3b654fd-23b4-5e82-b289-b9a4b0ea4238;MATCHED;E;c35faefc-40ba-5530-87d7-924c7a21e417;BPA-TPA-704086;;FT-TPA-20260924-0006;N645JB;N645JB;B62076;2747.00;LTR;385872.05;388619.05;2747.00;0.8057;KGL;MEA;22.60;GR;2213.26;COA-TPA-20260924-1;2026-09-24T17:14:25Z;BPA-DN-704086;Verified;fuel.ops@airline.com;2026-09-24T19:21:25Z;HD-TPA-24;MTR-HD-TPA-24;ELECTRONIC;2026-09-24T17:21:25Z;SEED_B6_ADSB;2026-09-24T17:21:25Z;SEED_B6_ADSB;74dff572-d0aa-52c1-899c-bce6b341d90e;1.2208;3353.54;USD
8c61dfe9-348f-5ecf-bd6c-b5c2e635cb59;ca4375f1-ef02-560c-8ea2-fdd211aa5d95;MATCHED;E;90241cc1-0666-5d07-8227-370d9592d369;WFS-ATL-755177;;FT-ATL-20260924-0005;N3242J;N3242J;B6896;5399.00;LTR;101432.13;106831.13;5399.00;0.7912;KGL;MEA;23.90;GR;4271.69;COA-ATL-20260924-3;2026-09-24T17:09:32Z;WFS-DN-755177;Verified;fuel.ops@airline.com;2026-09-24T19:18:32Z;HD-ATL-04;MTR-HD-ATL-04;ELECTRONIC;2026-09-24T17:18:32Z;SEED_B6_ADSB;2026-09-24T17:18:32Z;SEED_B6_ADSB;1282ad24-1966-5d25-a8de-da530e68e52c;1.2074;6518.75;USD
1c1e1442-5768-52fc-a424-5228210d1256;32c29e9a-ce4d-5924-9f44-4c2a7d8d9d18;MATCHED;E;2be3319c-fcc3-52cf-902e-adcaba5045d6;WFS-BOS-478899;;FT-BOS-20260924-0054;N3229J;N3229J;B6781;3040.00;LTR;633383.50;636423.50;3040.00;0.8060;KGL;MEA;15.70;GR;2450.24;COA-BOS-20260924-3;2026-09-24T17:16:54Z;WFS-DN-478899;Verified;fuel.ops@airline.com;2026-09-24T19:23:54Z;HD-BOS-13;MTR-HD-BOS-13;ELECTRONIC;2026-09-24T17:23:54Z;SEED_B6_ADSB;2026-09-24T17:23:54Z;SEED_B6_ADSB;b6fb5f02-9567-52f6-b8c9-9f9b2f2ddb05;1.3094;3980.58;USD
f6afeb77-ca11-5487-9cd8-e275c57fd94d;ed10419a-014b-504d-b976-80f01c354cf7;MATCHED;E;45042b0a-4aef-5039-9f98-d83d8468b7ae;SHL-BOS-696839;;FT-BOS-20260924-0055;N903JB;N903JB;B62251;9521.00;LTR;558108.00;567629.00;9521.00;0.8036;KGL;MEA;18.70;GR;7651.08;COA-BOS-20260924-3;2026-09-24T17:20:31Z;SHL-DN-696839;Verified;fuel.ops@airline.com;2026-09-24T19:34:31Z;HD-BOS-08;MTR-HD-BOS-08;ELECTRONIC;2026-09-24T17:34:31Z;SEED_B6_ADSB;2026-09-24T17:34:31Z;SEED_B6_ADSB;76fcbee8-ddc5-5af7-9788-9333b0b0be19;1.3061;12435.38;USD
a562a894-6a35-5710-bccb-0afe3fb55379;c8b10331-33bc-52e1-a718-86b90556c653;MATCHED;M;6057c1b6-c01e-5bc0-a888-a71fb5e60243;WFS-BDL-333662;;FT-BDL-20260924-0006;N632JB;N632JB;B6437;7825.00;LTR;293914.90;301739.90;7825.00;0.7978;KGL;MEA;18.40;GR;6242.78;COA-BDL-20260924-2;2026-09-24T17:18:57Z;WFS-DN-333662;Verified;fuel.ops@airline.com;2026-09-24T19:35:57Z;RF-BDL-17;MTR-RF-BDL-17;MANUAL;2026-09-24T17:35:57Z;SEED_B6_ADSB;2026-09-24T17:35:57Z;SEED_B6_ADSB;2f906147-be1b-537c-ba94-e62caac523b6;1.3411;10494.11;USD
a4caf043-01ff-5d7b-b3cc-022bf315f650;7f6d3169-44be-58d3-91c4-0adff4f474a3;MATCHED;E;82d41915-773f-5beb-96b4-a4614d43daa6;CGA-SFO-275619;;FT-SFO-20260924-0004;N935JB;N935JB;B6578;18213.00;LTR;224776.28;242989.28;18213.00;0.8013;KGL;MEA;19.70;GR;14594.08;COA-SFO-20260924-1;2026-09-24T17:24:34Z;CGA-DN-275619;Verified;fuel.ops@airline.com;2026-09-24T19:48:34Z;HD-SFO-13;MTR-HD-SFO-13;ELECTRONIC;2026-09-24T17:48:34Z;SEED_B6_ADSB;2026-09-24T17:48:34Z;SEED_B6_ADSB;c4ea1b42-ec6f-5fec-a2db-7c66b02548f3;1.3161;23970.13;USD
d47d72bf-23ee-5e5d-9d65-6e89292a2535;623b0ca5-9861-530e-8c48-6d4493dd6ca4;MATCHED;E;7ee170bd-e3dc-5eae-bea3-eae79c229d43;WFS-FLL-457501;;FT-FLL-20260924-0039;N537JT;N537JT;B68575;907.00;LTR;166320.58;167227.58;907.00;0.7925;KGL;MEA;25.20;GR;718.8;COA-FLL-20260924-2;2026-09-24T17:41:50Z;WFS-DN-457501;Verified;fuel.ops@airline.com;2026-09-24T19:46:50Z;HD-FLL-12;MTR-HD-FLL-12;ELECTRONIC;2026-09-24T17:46:50Z;SEED_B6_ADSB;2026-09-24T17:46:50Z;SEED_B6_ADSB;5e349fd1-669a-576c-ac8c-a341fbcbd22a;1.2317;1117.15;USD
1692619d-ba04-5fcb-b735-4627367000b8;aecdf99e-82b0-5c1e-bc43-bd9ba3474262;MATCHED;E;f262e82e-c89b-5cfe-866e-99ec8c0b04d6;CGA-LAS-427482;;FT-LAS-20260924-0003;N2156J;N2156J;B61448;12702.00;LTR;847360.55;860062.55;12702.00;0.8036;KGL;MEA;20.80;GR;10207.33;COA-LAS-20260924-1;2026-09-24T17:20:41Z;CGA-DN-427482;Verified;fuel.ops@airline.com;2026-09-24T19:38:41Z;HD-LAS-08;MTR-HD-LAS-08;ELECTRONIC;2026-09-24T17:38:41Z;SEED_B6_ADSB;2026-09-24T17:38:41Z;SEED_B6_ADSB;171d568e-6710-52a7-804c-c61b0ad508fc;1.2976;16482.12;USD
5cc178dd-a027-5096-b56f-0318dab5dd0c;e428eb22-c6dc-588f-b2d2-6d59d0ea417b;MATCHED;E;98e5b999-239d-5548-82f7-febdc98b51d6;BPA-DCA-429154;;FT-DCA-20260924-0008;N3221J;N3221J;B6754;3803.00;LTR;566045.07;569848.07;3803.00;0.7962;KGL;MEA;20.90;GR;3027.95;COA-DCA-20260924-1;2026-09-24T17:33:06Z;BPA-DN-429154;Verified;fuel.ops@airline.com;2026-09-24T19:41:06Z;HD-DCA-09;MTR-HD-DCA-09;ELECTRONIC;2026-09-24T17:41:06Z;SEED_B6_ADSB;2026-09-24T17:41:06Z;SEED_B6_ADSB;f563864b-07a3-577c-8478-beda6e6eadd0;1.3051;4963.3;USD
9731d7c3-b79f-5d53-aa18-8a74bdb599a7;0a271058-1b5f-5ccb-ac8a-221ec98f2d3c;MATCHED;E;7d8c801d-3970-5960-98e3-032c8cdd321c;CGA-LAX-552051;;FT-LAX-20260924-0007;N947JB;N947JB;B61700;14653.00;LTR;314228.60;328881.60;14653.00;0.8067;KGL;MEA;19.70;GR;11820.58;COA-LAX-20260924-3;2026-09-24T17:31:58Z;CGA-DN-552051;Verified;fuel.ops@airline.com;2026-09-24T19:51:58Z;HD-LAX-15;MTR-HD-LAX-15;ELECTRONIC;2026-09-24T17:51:58Z;SEED_B6_ADSB;2026-09-24T17:51:58Z;SEED_B6_ADSB;9b845b17-6b70-55e8-ba8f-cbebb0d931c1;1.2974;19010.8;USD
0e023864-05dd-504e-a589-132471c63615;b9ae2b5d-9d33-5739-99d4-38e3f6c86bf7;MATCHED;E;776f59ac-7bbc-5a61-8de9-264bda594db3;CGA-LAX-552053;;FT-LAX-20260924-0008;N964JT;N964JT;B61874;17807.00;LTR;706059.80;723866.80;17807.00;0.8045;KGL;MEA;22.50;GR;14325.73;COA-LAX-20260924-3;2026-09-24T17:24:46Z;CGA-DN-552053;Verified;fuel.ops@airline.com;2026-09-24T19:47:46Z;HD-LAX-19;MTR-HD-LAX-19;ELECTRONIC;2026-09-24T17:47:46Z;SEED_B6_ADSB;2026-09-24T17:47:46Z;SEED_B6_ADSB;eb244dcd-07cb-571b-80fb-526640c6a54b;1.2974;23102.8;USD
ab139a82-9e37-5818-b580-f84d3acdf0aa;d7c10695-d1d6-53ed-9709-b01f98f34373;MATCHED;M;a1f798de-0f3b-593e-8bdf-790fb6405d78;SHL-PBI-381668;;FT-PBI-20260924-0008;N649JB;N649JB;B624;5908.00;LTR;806677.56;812585.56;5908.00;0.7919;KGL;MEA;26.80;GR;4678.55;COA-PBI-20260924-3;2026-09-24T17:43:42Z;SHL-DN-381668;Verified;fuel.ops@airline.com;2026-09-24T19:56:42Z;RF-PBI-22;MTR-RF-PBI-22;MANUAL;2026-09-24T17:56:42Z;SEED_B6_ADSB;2026-09-24T17:56:42Z;SEED_B6_ADSB;c65d7dba-b665-5da9-bbd2-f19c6cd0c759;1.2634;7464.17;USD
f24a0800-b75d-5739-8aa2-03673e418117;9964d978-0783-519f-b311-46cbf8694057;MATCHED;E;56eccb44-df89-5196-8cb0-3b81372be6ed;BPA-MCO-339228;;FT-MCO-20260924-0022;N970JB;N970JB;B61084;7477.00;LTR;596331.25;603808.25;7477.00;0.7998;KGL;MEA;21.50;GR;5980.1;COA-MCO-20260924-3;2026-09-24T17:48:51Z;BPA-DN-339228;Verified;fuel.ops@airline.com;2026-09-24T20:00:51Z;HD-MCO-04;MTR-HD-MCO-04;ELECTRONIC;2026-09-24T18:00:51Z;SEED_B6_ADSB;2026-09-24T18:00:51Z;SEED_B6_ADSB;b794e92a-ad73-5034-937f-2ae0dde221d0;1.2376;9253.54;USD
9319e53a-e2ab-5243-81dc-334960a3bb52;4f93b06b-6123-590f-85a6-776750349950;MATCHED;E;831460ad-a8b8-550b-a915-61cbc4740f52;SHL-JFK-512644;;FT-JFK-20260924-0047;N3113J;N3113J;B62902;1923.00;LTR;388598.99;390521.99;1923.00;0.8008;KGL;MEA;19.90;GR;1539.94;COA-JFK-20260924-1;2026-09-24T17:26:25Z;SHL-DN-512644;Verified;fuel.ops@airline.com;2026-09-24T19:32:25Z;HD-JFK-06;MTR-HD-JFK-06;ELECTRONIC;2026-09-24T17:32:25Z;SEED_B6_ADSB;2026-09-24T17:32:25Z;SEED_B6_ADSB;a5c6e76a-1db6-568b-a03f-46de42f40484;1.3053;2510.09;USD
3ec160c0-2879-5c0d-a6d4-828a26c2c223;978241e8-efa0-5dc6-ad0f-48198cd5b37a;MATCHED;E;842c34ee-12b1-57cb-860c-5c3b35ed81c2;BPA-MCO-339231;;FT-MCO-20260924-0023;N657JB;N657JB;B6698;5878.00;LTR;131594.17;137472.17;5878.00;0.7960;KGL;MEA;26.30;GR;4678.89;COA-MCO-20260924-3;2026-09-24T17:44:46Z;BPA-DN-339231;Verified;fuel.ops@airline.com;2026-09-24T19:54:46Z;HD-MCO-02;MTR-HD-MCO-02;ELECTRONIC;2026-09-24T17:54:46Z;SEED_B6_ADSB;2026-09-24T17:54:46Z;SEED_B6_ADSB;1afa70da-7ea5-58ff-8415-5915c2f66a2f;1.2376;7274.61;USD
60e5c343-d571-50df-b61e-800c832874de;af18e042-6f01-5e11-80ce-51aa1af9ea78;MATCHED;E;fb01c5d2-ad6d-5363-b200-7b2730e7ecb8;SHL-BOS-696842;;FT-BOS-20260924-0056;N3121J;N3121J;B62383;4520.00;LTR;603541.16;608061.16;4520.00;0.8036;KGL;MEA;18.70;GR;3632.27;COA-BOS-20260924-3;2026-09-24T17:34:48Z;SHL-DN-696842;Verified;fuel.ops@airline.com;2026-09-24T19:42:48Z;HD-BOS-11;MTR-HD-BOS-11;ELECTRONIC;2026-09-24T17:42:48Z;SEED_B6_ADSB;2026-09-24T17:42:48Z;SEED_B6_ADSB;b256232e-86ed-592e-953e-3c803ff65223;1.3061;5903.57;USD
ccc346a1-c02a-51b0-88bd-d11d7dd99b32;4a066f9d-13a6-5ad3-950e-131ed7c50751;MATCHED;E;f6dde6c8-3b2c-5504-a1e5-45cda8700a63;CGA-LAX-552056;;FT-LAX-20260924-0009;N2165J;N2165J;B6224;14775.00;LTR;283120.13;297895.13;14775.00;0.8082;KGL;MEA;17.90;GR;11941.16;COA-LAX-20260924-3;2026-09-24T17:32:49Z;CGA-DN-552056;Verified;fuel.ops@airline.com;2026-09-24T19:52:49Z;HD-LAX-21;MTR-HD-LAX-21;ELECTRONIC;2026-09-24T17:52:49Z;SEED_B6_ADSB;2026-09-24T17:52:49Z;SEED_B6_ADSB;5e760ba0-29c1-597b-b748-2221a70cb2c3;1.2974;19169.09;USD
30c20d80-94d2-5e85-b048-19be409e0650;7d876fa2-2d1b-55c1-9e27-1d8c803f1d78;MATCHED;E;e0832dcd-784c-51fc-9db3-da4e91b56e9b;WFS-ATL-755179;;FT-ATL-20260924-0006;N3138J;N3138J;B6120;4651.00;LTR;314827.58;319478.58;4651.00;0.7914;KGL;MEA;23.60;GR;3680.8;COA-ATL-20260924-3;2026-09-24T17:34:37Z;WFS-DN-755179;Verified;fuel.ops@airline.com;2026-09-24T19:43:37Z;HD-ATL-11;MTR-HD-ATL-11;ELECTRONIC;2026-09-24T17:43:37Z;SEED_B6_ADSB;2026-09-24T17:43:37Z;SEED_B6_ADSB;5ca751e1-494d-570a-8534-a2e24b606d92;1.2074;5615.62;USD
d5aeb8bf-37c9-5368-869b-0e4af40e08af;c8bbf69a-3c2d-5445-9f10-2e8e1c2949b5;MATCHED;E;cb9f8b03-b438-51c7-8cb2-df7f02c3108c;CGA-LAS-427483;;FT-LAS-20260924-0004;N942JB;N942JB;B6708;14901.00;LTR;247874.96;262775.96;14901.00;0.8024;KGL;MEA;22.30;GR;11956.56;COA-LAS-20260924-1;2026-09-24T17:52:18Z;CGA-DN-427483;Verified;fuel.ops@airline.com;2026-09-24T20:13:18Z;HD-LAS-23;MTR-HD-LAS-23;ELECTRONIC;2026-09-24T18:13:18Z;SEED_B6_ADSB;2026-09-24T18:13:18Z;SEED_B6_ADSB;0a8bae7c-a66d-547d-a79e-76ab234cdae9;1.2976;19335.54;USD
50aef949-b7de-55e7-90af-e940021caa64;e8610c77-9174-53e0-a9f5-0ac90d93170f;MATCHED;M;bac7329a-6143-5a53-8bed-2c55957e670c;CGA-MSY-537676;;FT-MSY-20260924-0003;N559JB;N559JB;B62722;3881.00;LTR;453988.37;457869.37;3881.00;0.7965;KGL;MEA;20.30;GR;3091.22;COA-MSY-20260924-2;2026-09-24T17:52:38Z;CGA-DN-537676;Verified;fuel.ops@airline.com;2026-09-24T20:03:38Z;RF-MSY-07;MTR-RF-MSY-07;MANUAL;2026-09-24T18:03:38Z;SEED_B6_ADSB;2026-09-24T18:03:38Z;SEED_B6_ADSB;1662b01a-0ac8-5bfc-b43f-8ac4a80ae2ba;1.2450;4831.85;USD
6a8d4bfb-a888-527f-9d2e-f4b481cf976f;a6f8a518-192b-5234-a629-076440056eed;MATCHED;E;5733a195-40d1-5057-a3f6-9b40c7445d53;SHL-JFK-512647;;FT-JFK-20260924-0048;N3276J;N3276J;B6920;2884.00;LTR;889502.03;892386.03;2884.00;0.8035;KGL;MEA;16.50;GR;2317.29;COA-JFK-20260924-1;2026-09-24T17:55:41Z;SHL-DN-512647;Verified;fuel.ops@airline.com;2026-09-24T20:02:41Z;HD-JFK-15;MTR-HD-JFK-15;ELECTRONIC;2026-09-24T18:02:41Z;SEED_B6_ADSB;2026-09-24T18:02:41Z;SEED_B6_ADSB;8f819944-1dc6-5ae5-b3ff-12a8f52173a4;1.3053;3764.49;USD
428e80bd-ad9b-51e9-9a84-d9cb07038f56;fb761733-9840-522c-bfc7-1cc60149b654;MATCHED;M;108afeb4-17c9-52d3-acb6-ad8766854cba;SHL-PBI-381671;;FT-PBI-20260924-0009;N806JB;N806JB;B6368;7562.00;LTR;375495.17;383057.17;7562.00;0.7938;KGL;MEA;24.50;GR;6002.72;COA-PBI-20260924-3;2026-09-24T17:52:49Z;SHL-DN-381671;Verified;fuel.ops@airline.com;2026-09-24T20:08:49Z;RF-PBI-02;MTR-RF-PBI-02;MANUAL;2026-09-24T18:08:49Z;SEED_B6_ADSB;2026-09-24T18:08:49Z;SEED_B6_ADSB;64d3eb3e-6737-593c-9ac9-cfa4173e8ab4;1.2634;9553.83;USD
c6b05a6b-00c4-5b9c-b808-9a25de618e29;36188e08-607b-5da2-9a80-e7b7b574af38;MATCHED;M;a9f04a86-7be2-52b7-b06d-ccc0f842b79e;SOL-KIN-442784;;FT-KIN-20260924-0002;N584JB;N584JB;B61576;5240.00;LTR;498710.60;503950.60;5240.00;0.7892;KGL;MEA;26.60;GR;4135.41;COA-KIN-20260924-1;2026-09-24T17:54:32Z;SOL-DN-442784;Verified;fuel.ops@airline.com;2026-09-24T20:06:32Z;RF-KIN-12;MTR-RF-KIN-12;MANUAL;2026-09-24T18:06:32Z;SEED_B6_ADSB;2026-09-24T18:06:32Z;SEED_B6_ADSB;d7ca695a-9fee-5dee-9493-37bd75b583ab;1.3631;7142.64;USD
d1f9ede9-50c3-51c1-a3d6-d966520611b8;7c26809d-2132-5624-8779-93a581a3410f;MATCHED;E;1752ac25-e07e-5174-9aa1-3d6e58c4d37d;WFS-LGA-756510;;FT-LGA-20260924-0007;N3289J;N3289J;B6399;6105.00;LTR;379240.25;385345.25;6105.00;0.8036;KGL;MEA;19.30;GR;4905.98;COA-LGA-20260924-2;2026-09-24T17:51:44Z;WFS-DN-756510;Verified;fuel.ops@airline.com;2026-09-24T20:01:44Z;HD-LGA-12;MTR-HD-LGA-12;ELECTRONIC;2026-09-24T18:01:44Z;SEED_B6_ADSB;2026-09-24T18:01:44Z;SEED_B6_ADSB;084eed89-b3e9-5f55-851d-ec47e27c004a;1.3018;7947.49;USD
e3962941-9adf-5263-97d2-7f75c425ad36;9a15e19e-ca26-5b93-9eab-41ab92269e4f;MATCHED;E;3df9b6d2-cdd5-5101-a6ad-83ad0d71c770;WFS-BOS-478902;;FT-BOS-20260924-0057;N905JB;N905JB;B6269;10443.00;LTR;318985.36;329428.36;10443.00;0.8051;KGL;MEA;16.90;GR;8407.66;COA-BOS-20260924-3;2026-09-24T18:04:58Z;WFS-DN-478902;Verified;fuel.ops@airline.com;2026-09-24T20:19:58Z;HD-BOS-22;MTR-HD-BOS-22;ELECTRONIC;2026-09-24T18:19:58Z;SEED_B6_ADSB;2026-09-24T18:19:58Z;SEED_B6_ADSB;d610a490-31fc-59bf-8223-ce52ab02872e;1.3094;13674.06;USD
edef5dee-54be-55f3-85dd-455baefddcfd;dc70ed5d-9a22-5ab3-a116-7ce62faf2e35;MATCHED;E;c28033e8-4b54-5f2d-a49b-6584cdc81985;CGA-SFO-275622;;FT-SFO-20260924-0005;N988JT;N988JT;B61734;18000.00;LTR;561584.16;579584.16;18000.00;0.8040;KGL;MEA;16.30;GR;14472;COA-SFO-20260924-1;2026-09-24T17:52:21Z;CGA-DN-275622;Verified;fuel.ops@airline.com;2026-09-24T20:16:21Z;HD-SFO-23;MTR-HD-SFO-23;ELECTRONIC;2026-09-24T18:16:21Z;SEED_B6_ADSB;2026-09-24T18:16:21Z;SEED_B6_ADSB;ff239700-3086-515c-b4b8-185c2ccb93c9;1.3161;23689.8;USD
0fa939f0-059b-53fb-bbd7-315cdee5536d;885d3007-62b1-556d-b5e8-b209dc92170e;MATCHED;M;a6cd540b-260b-5d55-b8cb-de079402827b;WFS-HPN-788018;;FT-HPN-20260924-0009;N804JB;N804JB;B6367;9036.00;LTR;219108.54;228144.54;9036.00;0.8030;KGL;MEA;20.40;GR;7255.91;COA-HPN-20260924-1;2026-09-24T18:08:37Z;WFS-DN-788018;Verified;fuel.ops@airline.com;2026-09-24T20:27:37Z;RF-HPN-11;MTR-RF-HPN-11;MANUAL;2026-09-24T18:27:37Z;SEED_B6_ADSB;2026-09-24T18:27:37Z;SEED_B6_ADSB;7943cb12-4b4d-5813-9c86-e4f6f01fb327;1.3533;12228.42;USD
7fe7fbf6-d31e-5145-b37c-3c7169aea8ec;39acc967-d638-5601-a32b-d6892b882dfc;MATCHED;M;86d32aaa-b777-5b94-80a3-a9e6839eb796;AVF-RSW-496412;;FT-RSW-20260924-0003;N637JB;N637JB;B61950;9202.00;LTR;213888.23;223090.23;9202.00;0.8035;KGL;MEA;24.00;GR;7393.81;COA-RSW-20260924-3;2026-09-24T18:06:00Z;AVF-DN-496412;Verified;fuel.ops@airline.com;2026-09-24T20:25:00Z;RF-RSW-16;MTR-RF-RSW-16;MANUAL;2026-09-24T18:25:00Z;SEED_B6_ADSB;2026-09-24T18:25:00Z;SEED_B6_ADSB;763bf847-af4d-58e6-8941-807daa006a46;1.2726;11710.47;USD
c8d3f969-39af-57a1-add7-5fb9db6df059;30b66834-ed78-5a23-be24-c8526733deaa;MATCHED;E;2fcc9536-d595-5011-b0c2-7cfaf982460d;PMA-SJU-755446;;FT-SJU-20260924-0011;N975JT;N975JT;B6934;9321.00;LTR;195385.25;204706.25;9321.00;0.7929;KGL;MEA;30.60;GR;7390.62;COA-SJU-20260924-2;2026-09-24T18:03:00Z;PMA-DN-755446;Verified;fuel.ops@airline.com;2026-09-24T20:17:00Z;HD-SJU-10;MTR-HD-SJU-10;ELECTRONIC;2026-09-24T18:17:00Z;SEED_B6_ADSB;2026-09-24T18:17:00Z;SEED_B6_ADSB;9d6bf349-1f9a-5cc6-98c5-cab2b215001b;1.2932;12053.92;USD
85df095c-d456-544a-8a55-d8d124723d6f;b6952480-4422-5c0d-82ee-1aea12a893f4;MATCHED;E;dea7bdcc-c8e4-52f8-b67e-6f1eab985369;PMA-SJU-755449;;FT-SJU-20260924-0012;N652JB;N652JB;B61990;11554.00;LTR;372898.89;384452.89;11554.00;0.7937;KGL;MEA;29.50;GR;9170.41;COA-SJU-20260924-2;2026-09-24T18:12:11Z;PMA-DN-755449;Verified;fuel.ops@airline.com;2026-09-24T20:28:11Z;HD-SJU-13;MTR-HD-SJU-13;ELECTRONIC;2026-09-24T18:28:11Z;SEED_B6_ADSB;2026-09-24T18:28:11Z;SEED_B6_ADSB;2594b3a1-7c3e-597c-9af3-cb15ed165107;1.2932;14941.63;USD
a4efdaa2-6825-5bed-9b66-f6d7cdb357d9;53d4caf7-a04e-50c7-bb08-06f368b1d74d;MATCHED;E;9eedf0a4-ec28-5f8a-92fb-c6e3c8f9c774;WFS-JFK-403812;;FT-JFK-20260924-0049;N2039J;N2039J;B6483;5154.00;LTR;594312.28;599466.28;5154.00;0.8018;KGL;MEA;18.70;GR;4132.48;COA-JFK-20260924-1;2026-09-24T18:19:10Z;WFS-DN-403812;Verified;fuel.ops@airline.com;2026-09-24T20:28:10Z;HD-JFK-02;MTR-HD-JFK-02;ELECTRONIC;2026-09-24T18:28:10Z;SEED_B6_ADSB;2026-09-24T18:28:10Z;SEED_B6_ADSB;809db08a-6837-59a1-9c75-02e827646b0d;1.2966;6682.68;USD
6f0bb7b0-e6ed-5c4a-81de-28219ca7dbb0;455a190d-0fd7-5d0a-bb23-e3235bd985e5;MATCHED;E;0d1ba724-ab5c-5a01-9123-10e6b57ac0b6;WFS-JFK-403815;;FT-JFK-20260924-0050;N959JB;N959JB;B653;7321.00;LTR;316509.34;323830.34;7321.00;0.8043;KGL;MEA;15.50;GR;5888.28;COA-JFK-20260924-1;2026-09-24T18:15:18Z;WFS-DN-403815;Verified;fuel.ops@airline.com;2026-09-24T20:27:18Z;HD-JFK-11;MTR-HD-JFK-11;ELECTRONIC;2026-09-24T18:27:18Z;SEED_B6_ADSB;2026-09-24T18:27:18Z;SEED_B6_ADSB;a4ebc81b-90f4-589e-aa40-7b0c7e24bec2;1.2966;9492.41;USD
b62563d8-3d8e-5bac-8de2-d109d1f77a4e;fc1953d9-c02c-500b-95d4-fe711b336665;MATCHED;E;69efdd07-fca6-587a-92a2-2622ef2defd7;SHL-FLL-485085;;FT-FLL-20260924-0040;N944JT;N944JT;B6507;16531.00;LTR;771888.39;788419.39;16531.00;0.7941;KGL;MEA;23.20;GR;13127.27;COA-FLL-20260924-2;2026-09-24T18:23:11Z;SHL-DN-485085;Verified;fuel.ops@airline.com;2026-09-24T20:45:11Z;HD-FLL-17;MTR-HD-FLL-17;ELECTRONIC;2026-09-24T18:45:11Z;SEED_B6_ADSB;2026-09-24T18:45:11Z;SEED_B6_ADSB;5442ac1e-8974-5f06-8b77-1aca5087381f;1.2280;20300.07;USD
092ba63c-eada-54d5-af2c-0eefb320ffc6;e52a65e3-c3d8-5cb5-b78b-94106c934a31;MATCHED;E;bc74eb88-ce0c-5268-aa72-76cfcf6c35fe;WFS-BOS-478905;;FT-BOS-20260924-0058;N3241J;N3241J;B6755;3672.00;LTR;404295.91;407967.91;3672.00;0.8069;KGL;MEA;14.60;GR;2962.94;COA-BOS-20260924-3;2026-09-24T18:14:52Z;WFS-DN-478905;Verified;fuel.ops@airline.com;2026-09-24T20:22:52Z;HD-BOS-01;MTR-HD-BOS-01;ELECTRONIC;2026-09-24T18:22:52Z;SEED_B6_ADSB;2026-09-24T18:22:52Z;SEED_B6_ADSB;2e5438cd-f5be-5df7-9685-c7f51d8fb617;1.3094;4808.12;USD
bd2c327e-52c0-5521-a5aa-8f2c68903777;0773f0dc-f72a-57e6-8ef6-115ba72cd620;MATCHED;E;3d86cb5f-ed25-522a-92a3-98495484371a;CGA-LAS-427484;;FT-LAS-20260924-0005;N2142J;N2142J;B61578;12410.00;LTR;386776.64;399186.64;12410.00;0.8046;KGL;MEA;19.50;GR;9985.09;COA-LAS-20260924-1;2026-09-24T18:19:24Z;CGA-DN-427484;Verified;fuel.ops@airline.com;2026-09-24T20:36:24Z;HD-LAS-19;MTR-HD-LAS-19;ELECTRONIC;2026-09-24T18:36:24Z;SEED_B6_ADSB;2026-09-24T18:36:24Z;SEED_B6_ADSB;6fa7f689-4364-536b-b9e9-b68897bfd1dd;1.2976;16103.22;USD
2e6bcbfa-9c32-52f4-94f6-bf0b9d1ee09c;52965c72-da45-5d05-b2ce-154a69b271a3;MATCHED;M;015356cf-5099-59b4-a174-cab07c2af201;WFS-CLT-174243;;FT-CLT-20260924-0002;N643JB;N643JB;B61148;5121.00;LTR;897022.50;902143.50;5121.00;0.8021;KGL;MEA;23.00;GR;4107.55;COA-CLT-20260924-2;2026-09-24T18:37:38Z;WFS-DN-174243;Verified;fuel.ops@airline.com;2026-09-24T20:50:38Z;RF-CLT-24;MTR-RF-CLT-24;MANUAL;2026-09-24T18:50:38Z;SEED_B6_ADSB;2026-09-24T18:50:38Z;SEED_B6_ADSB;b1e1b522-71b4-53f3-bd77-c3a9fb9a3829;1.2712;6509.82;USD
c910962b-34a0-5b4a-8b09-117c47f6ea1c;cfa642d1-b99f-51f1-8406-9049fa59d136;MATCHED;E;6423bc10-e5ed-5c97-be45-b17fe63e25ba;SHL-FLL-485086;;FT-FLL-20260924-0041;N809JB;N809JB;B62379;7210.00;LTR;755494.07;762704.07;7210.00;0.7945;KGL;MEA;22.70;GR;5728.35;COA-FLL-20260924-2;2026-09-24T18:33:58Z;SHL-DN-485086;Verified;fuel.ops@airline.com;2026-09-24T20:44:58Z;HD-FLL-23;MTR-HD-FLL-23;ELECTRONIC;2026-09-24T18:44:58Z;SEED_B6_ADSB;2026-09-24T18:44:58Z;SEED_B6_ADSB;d02edd6e-e9e3-5c54-b2a3-e7481b212062;1.2280;8853.88;USD
340b095d-e5e1-5b08-b77e-da8c3d77cd8c;f6b50468-66e9-5138-aec9-c4a5a359027d;MATCHED;E;2c92ef45-6d9a-5867-b9ae-9b8f8e11ca44;BPA-EWR-657011;;FT-EWR-20260924-0007;N508JL;N508JL;B62143;8233.00;LTR;429013.72;437246.72;8233.00;0.7969;KGL;MEA;20.60;GR;6560.88;COA-EWR-20260924-3;2026-09-24T18:21:09Z;BPA-DN-657011;Verified;fuel.ops@airline.com;2026-09-24T20:34:09Z;HD-EWR-22;MTR-HD-EWR-22;ELECTRONIC;2026-09-24T18:34:09Z;SEED_B6_ADSB;2026-09-24T18:34:09Z;SEED_B6_ADSB;379d0e42-21bf-5b3b-b56c-5c47bf0f9273;1.3098;10783.58;USD
eb6403d2-5cc1-54b5-9d04-63a132fc7ceb;a7697d18-aa74-5923-b152-289e97de670f;MATCHED;E;9fe871c6-5c70-5c08-b6ae-ca61207e0ebf;PMA-SJU-755451;;FT-SJU-20260924-0013;N520JB;N520JB;B61454;8320.00;LTR;598160.63;606480.63;8320.00;0.7929;KGL;MEA;30.60;GR;6596.93;COA-SJU-20260924-2;2026-09-24T18:25:01Z;PMA-DN-755451;Verified;fuel.ops@airline.com;2026-09-24T20:38:01Z;HD-SJU-06;MTR-HD-SJU-06;ELECTRONIC;2026-09-24T18:38:01Z;SEED_B6_ADSB;2026-09-24T18:38:01Z;SEED_B6_ADSB;465d2d9d-d000-5ce0-902b-6b83fa84fd5d;1.2932;10759.42;USD
67516713-18ab-59d2-a97a-e846c68f26c9;d8e616e0-b6d0-58fe-acbb-d4f354ecd933;MATCHED;M;42737764-6c06-5245-9a5d-dda5a22e9f1c;BPA-PIT-505313;;FT-PIT-20260924-0004;N3304J;N3304J;B6386;3740.00;LTR;154772.79;158512.79;3740.00;0.8098;KGL;MEA;17.10;GR;3028.65;COA-PIT-20260924-2;2026-09-24T18:34:33Z;BPA-DN-505313;Verified;fuel.ops@airline.com;2026-09-24T20:44:33Z;RF-PIT-23;MTR-RF-PIT-23;MANUAL;2026-09-24T18:44:33Z;SEED_B6_ADSB;2026-09-24T18:44:33Z;SEED_B6_ADSB;38dd7b15-34f1-5c91-93e4-ab345708eda9;1.3387;5006.74;USD
2ee6144a-15ef-516a-b9a3-680503eadb44;e7ac8048-6450-5922-9ebd-8c1b7415598e;MATCHED;E;c69f8039-92ab-54ec-9fd6-14d090eb96e8;CGA-SFO-275623;;FT-SFO-20260924-0006;N929JB;N929JB;B6216;18326.00;LTR;442947.08;461273.08;18326.00;0.8007;KGL;MEA;20.40;GR;14673.63;COA-SFO-20260924-1;2026-09-24T18:16:58Z;CGA-DN-275623;Verified;fuel.ops@airline.com;2026-09-24T20:40:58Z;HD-SFO-24;MTR-HD-SFO-24;ELECTRONIC;2026-09-24T18:40:58Z;SEED_B6_ADSB;2026-09-24T18:40:58Z;SEED_B6_ADSB;9ca00b07-a402-53e9-975f-229d528eafb6;1.3161;24118.85;USD
f7d18abd-cc15-55fd-b15e-16c0b19db365;c971109e-6b28-58d0-8566-49ece7c80e3b;MATCHED;E;ec60d15f-3895-5ad6-b2fb-43a24ddb80fc;BPA-DCA-429157;;FT-DCA-20260924-0009;N3195J;N3195J;B61254;1713.00;LTR;194603.81;196316.81;1713.00;0.7992;KGL;MEA;17.20;GR;1369.03;COA-DCA-20260924-1;2026-09-24T18:34:28Z;BPA-DN-429157;Verified;fuel.ops@airline.com;2026-09-24T20:39:28Z;HD-DCA-02;MTR-HD-DCA-02;ELECTRONIC;2026-09-24T18:39:28Z;SEED_B6_ADSB;2026-09-24T18:39:28Z;SEED_B6_ADSB;82c7348b-73c3-5631-a8da-251c37c7fe40;1.3051;2235.64;USD
2854810a-e9b6-5364-b631-2b085b95c41d;7de3c3c0-1a7f-591c-8515-46938d26906a;MATCHED;M;fb10d7f3-7c25-58b8-b3a5-f67fb0e1c709;WFS-HPN-788021;;FT-HPN-20260924-0010;N665JB;N665JB;B6595;6005.00;LTR;820037.43;826042.43;6005.00;0.8052;KGL;MEA;17.60;GR;4835.23;COA-HPN-20260924-1;2026-09-24T18:38:39Z;WFS-DN-788021;Verified;fuel.ops@airline.com;2026-09-24T20:52:39Z;RF-HPN-23;MTR-RF-HPN-23;MANUAL;2026-09-24T18:52:39Z;SEED_B6_ADSB;2026-09-24T18:52:39Z;SEED_B6_ADSB;bf2b322a-8ca4-59af-889c-deac9986fd46;1.3533;8126.57;USD
a86d75d3-50b9-557c-9b26-a165e6ecd469;c2af3767-8e62-5f8c-b00c-242b67ddaab0;MATCHED;E;49805111-5658-5e6c-8074-447d7a07b7d9;SHL-JFK-512649;;FT-JFK-20260924-0051;N3244J;N3244J;B61118;1519.00;LTR;228457.33;229976.33;1519.00;0.8027;KGL;MEA;17.50;GR;1219.3;COA-JFK-20260924-1;2026-09-24T18:36:04Z;SHL-DN-512649;Verified;fuel.ops@airline.com;2026-09-24T20:41:04Z;HD-JFK-01;MTR-HD-JFK-01;ELECTRONIC;2026-09-24T18:41:04Z;SEED_B6_ADSB;2026-09-24T18:41:04Z;SEED_B6_ADSB;36aee0c8-3ad9-5fb9-9f66-527416825dcc;1.3053;1982.75;USD
886b4981-fa80-5b90-81c8-9736e3922a25;a2572fbb-51c7-5e33-95ab-2115aadfbe76;MATCHED;E;ed909808-d0b7-5dd2-8cfa-de83b47df1f1;WFS-FLL-457503;;FT-FLL-20260924-0042;N603JB;N603JB;B61823;4020.00;LTR;771888.39;775908.39;4020.00;0.7936;KGL;MEA;23.80;GR;3190.27;COA-FLL-20260924-2;2026-09-24T18:41:08Z;WFS-DN-457503;Verified;fuel.ops@airline.com;2026-09-24T20:49:08Z;HD-FLL-17;MTR-HD-FLL-17;ELECTRONIC;2026-09-24T18:49:08Z;SEED_B6_ADSB;2026-09-24T18:49:08Z;SEED_B6_ADSB;60959345-4513-53d3-9a56-2b9455803314;1.2317;4951.43;USD
759ad8df-4b89-5b0f-9a86-034cc14640c0;9af46197-e247-5ecb-a927-812dbef10b05;MATCHED;E;f48b2bc8-304c-5339-aff6-fe94d1781758;WFS-BOS-478907;;FT-BOS-20260924-0059;N605JB;N605JB;B62321;7867.00;LTR;558108.00;565975.00;7867.00;0.8036;KGL;MEA;18.70;GR;6321.92;COA-BOS-20260924-3;2026-09-24T18:34:16Z;WFS-DN-478907;Verified;fuel.ops@airline.com;2026-09-24T20:46:16Z;HD-BOS-08;MTR-HD-BOS-08;ELECTRONIC;2026-09-24T18:46:16Z;SEED_B6_ADSB;2026-09-24T18:46:16Z;SEED_B6_ADSB;3ff03d17-074e-56a5-a0e3-522b1032578d;1.3094;10301.05;USD
dba1b97d-6457-5428-9f23-f518a1bb4699;e1e41007-364d-5044-8031-e36de1c8c87f;MATCHED;E;180b47cd-d2a1-5b51-b214-99ea21d734bf;BPA-TPA-704088;;FT-TPA-20260924-0007;N965JT;N965JT;B62726;7489.00;LTR;797455.92;804944.92;7489.00;0.8038;KGL;MEA;24.90;GR;6019.66;COA-TPA-20260924-1;2026-09-24T18:42:25Z;BPA-DN-704088;Verified;fuel.ops@airline.com;2026-09-24T20:54:25Z;HD-TPA-11;MTR-HD-TPA-11;ELECTRONIC;2026-09-24T18:54:25Z;SEED_B6_ADSB;2026-09-24T18:54:25Z;SEED_B6_ADSB;997fe1f8-1f56-53ef-b8f8-6b96467e7099;1.2208;9142.57;USD
24291c1f-2417-587c-8392-e3b782913070;8f15a19e-854e-5332-85ba-9eed69a861a5;MATCHED;E;60080a5d-3957-564b-8723-40e384c5a6b7;WFS-EWR-719336;;FT-EWR-20260924-0008;N991JT;N991JT;B61873;17795.00;LTR;249343.75;267138.75;17795.00;0.7982;KGL;MEA;18.90;GR;14203.97;COA-EWR-20260924-3;2026-09-24T18:33:49Z;WFS-DN-719336;Verified;fuel.ops@airline.com;2026-09-24T20:56:49Z;HD-EWR-14;MTR-HD-EWR-14;ELECTRONIC;2026-09-24T18:56:49Z;SEED_B6_ADSB;2026-09-24T18:56:49Z;SEED_B6_ADSB;5846b204-91ba-5aec-9f6e-238b3845c793;1.2997;23128.16;USD
d0982abb-a18e-52ea-ab1e-89160780ba55;afa553a1-3fab-5c13-a333-4bc958c0c1f2;MATCHED;M;91b58e4b-54da-519f-bdc8-544f7e7464f6;WFS-BNA-688042;;FT-BNA-20260924-0004;N651JB;N651JB;B62582;4366.00;LTR;175845.21;180211.21;4366.00;0.7962;KGL;MEA;17.70;GR;3476.21;COA-BNA-20260924-2;2026-09-24T18:53:14Z;WFS-DN-688042;Verified;fuel.ops@airline.com;2026-09-24T21:04:14Z;RF-BNA-10;MTR-RF-BNA-10;MANUAL;2026-09-24T19:04:14Z;SEED_B6_ADSB;2026-09-24T19:04:14Z;SEED_B6_ADSB;671bd896-0926-57db-8d87-2d0b9f43f276;1.2679;5535.65;USD
e1c739ab-67ad-529a-9fb4-82e542f60103;ae9f5379-1b67-502c-ad63-5088fbfbdce1;MATCHED;E;17481359-7be1-5ab8-8722-ba67ae2c1369;SHL-MCO-595710;;FT-MCO-20260924-0024;N3044J;N3044J;B61075;5513.00;LTR;369020.83;374533.83;5513.00;0.7993;KGL;MEA;22.10;GR;4406.54;COA-MCO-20260924-3;2026-09-24T18:45:17Z;SHL-DN-595710;Verified;fuel.ops@airline.com;2026-09-24T20:55:17Z;HD-MCO-17;MTR-HD-MCO-17;ELECTRONIC;2026-09-24T18:55:17Z;SEED_B6_ADSB;2026-09-24T18:55:17Z;SEED_B6_ADSB;eb4d0393-2b70-52de-a8da-37da150f68af;1.2432;6853.76;USD
5af0efa4-64a8-5f7a-9689-09d5778dd8d4;3d64f4e2-808b-596f-adaf-a1de625204cd;MATCHED;M;1af03fc8-7d88-5afc-812d-a8a848887724;BPA-DTW-753871;;FT-DTW-20260924-0005;N531JL;N531JL;B6789;7663.00;LTR;649481.26;657144.26;7663.00;0.8054;KGL;MEA;14.70;GR;6171.78;COA-DTW-20260924-1;2026-09-24T19:02:13Z;BPA-DN-753871;Verified;fuel.ops@airline.com;2026-09-24T21:18:13Z;RF-DTW-18;MTR-RF-DTW-18;MANUAL;2026-09-24T19:18:13Z;SEED_B6_ADSB;2026-09-24T19:18:13Z;SEED_B6_ADSB;69b268d7-5140-50c7-b9bd-8f0bc658d7b1;1.2998;9960.37;USD
6edb3abb-b07a-5a47-b9e1-7c1a6ace7cc9;99c6c1b6-a319-5546-ace4-184975f4a3ef;MATCHED;M;d33f6209-7883-5ce2-ba4f-a4d2b80fabc1;WFS-ISP-635073;;FT-ISP-20260924-0002;N796JB;N796JB;B6545;8365.00;LTR;663920.37;672285.37;8365.00;0.8071;KGL;MEA;15.00;GR;6751.39;COA-ISP-20260924-3;2026-09-24T18:45:33Z;WFS-DN-635073;Verified;fuel.ops@airline.com;2026-09-24T21:02:33Z;RF-ISP-14;MTR-RF-ISP-14;MANUAL;2026-09-24T19:02:33Z;SEED_B6_ADSB;2026-09-24T19:02:33Z;SEED_B6_ADSB;634f39e2-22ae-53ff-bc53-bb84df7dfe03;1.3489;11283.55;USD
7378f43c-6ca5-5fdc-872f-4e06922c7874;60e97c38-1752-5879-86ad-56796c49c784;MATCHED;E;7603aa24-d595-5a1c-bb99-5e48230fc577;SHL-JFK-512652;;FT-JFK-20260924-0052;N993JE;N993JE;B61523;19503.00;LTR;812277.90;831780.90;19503.00;0.8012;KGL;MEA;19.40;GR;15625.8;COA-JFK-20260924-1;2026-09-24T18:53:22Z;SHL-DN-512652;Verified;fuel.ops@airline.com;2026-09-24T21:18:22Z;HD-JFK-12;MTR-HD-JFK-12;ELECTRONIC;2026-09-24T19:18:22Z;SEED_B6_ADSB;2026-09-24T19:18:22Z;SEED_B6_ADSB;8f2f6287-616c-5e05-94e3-36c19d0907b9;1.3053;25457.27;USD
11fc2e99-f101-580f-a750-24dddb91092e;edb96a82-057a-5017-9215-ab22284a5d3f;MATCHED;E;7ec6ac07-a593-5a3b-8885-5f43d7310a0b;BPA-EWR-657012;;FT-EWR-20260924-0009;N630JB;N630JB;B6685;8993.00;LTR;288204.62;297197.62;8993.00;0.7985;KGL;MEA;18.50;GR;7180.91;COA-EWR-20260924-3;2026-09-24T18:41:56Z;BPA-DN-657012;Verified;fuel.ops@airline.com;2026-09-24T20:55:56Z;HD-EWR-01;MTR-HD-EWR-01;ELECTRONIC;2026-09-24T18:55:56Z;SEED_B6_ADSB;2026-09-24T18:55:56Z;SEED_B6_ADSB;aa5fb564-bc0d-58a2-9a9d-f56ed5eeec23;1.3098;11779.03;USD
b462664d-efb0-549c-a865-dbb78c055d2d;3d626fd4-1e44-5733-81fd-0c65cb457d2a;MATCHED;E;0c396cd5-8ba1-565b-a476-b163f413d811;SHL-JFK-512655;;FT-JFK-20260924-0053;N3023J;N3023J;B6677;5677.00;LTR;398783.17;404460.17;5677.00;0.8035;KGL;MEA;16.50;GR;4561.47;COA-JFK-20260924-1;2026-09-24T18:50:35Z;SHL-DN-512655;Verified;fuel.ops@airline.com;2026-09-24T21:00:35Z;HD-JFK-20;MTR-HD-JFK-20;ELECTRONIC;2026-09-24T19:00:35Z;SEED_B6_ADSB;2026-09-24T19:00:35Z;SEED_B6_ADSB;99b37aee-d385-56a9-a505-9146a93098d9;1.3053;7410.19;USD
a72dadab-9bb5-58e7-ae93-85c61db0ca55;e3f21a7c-c4cf-5fe2-b18f-6ef14bb5e186;MATCHED;E;8e8e067e-d3a5-5ad3-9ede-12b1d26503cf;WFS-BOS-478910;;FT-BOS-20260924-0060;N3077J;N3077J;B61785;3826.00;LTR;511336.59;515162.59;3826.00;0.8051;KGL;MEA;16.90;GR;3080.31;COA-BOS-20260924-3;2026-09-24T18:43:34Z;WFS-DN-478910;Verified;fuel.ops@airline.com;2026-09-24T20:51:34Z;HD-BOS-16;MTR-HD-BOS-16;ELECTRONIC;2026-09-24T18:51:34Z;SEED_B6_ADSB;2026-09-24T18:51:34Z;SEED_B6_ADSB;f50c5e60-4e8b-5127-995c-91abc6c66da6;1.3094;5009.76;USD
9e19b82c-760a-5cc6-953c-aa734aa02ed4;8c19d5e6-8be8-592f-a893-60b6e2c23bac;MATCHED;M;1895f679-c7d9-5302-9fbe-47bbb6c90591;SOL-POS-657434;;FT-POS-20260924-0001;N2047J;N2047J;B62018;12199.00;LTR;680157.68;692356.68;12199.00;0.7942;KGL;MEA;25.20;GR;9688.45;COA-POS-20260924-2;2026-09-24T19:09:38Z;SOL-DN-657434;Verified;fuel.ops@airline.com;2026-09-24T21:33:38Z;RF-POS-13;MTR-RF-POS-13;MANUAL;2026-09-24T19:33:38Z;SEED_B6_ADSB;2026-09-24T19:33:38Z;SEED_B6_ADSB;750c1f59-c325-50ec-a6d0-f5299bb2c298;1.3734;16754.11;USD
4dcef813-944c-50c9-8efd-5c0d2dc901e5;10c75bd8-aa4a-594e-92d4-e0b582443d1d;MATCHED;E;0ae7b8dc-e610-53cc-8deb-9dc72afce970;CGA-LAX-552057;;FT-LAX-20260924-0010;N989JT;N989JT;B6324;17938.00;LTR;714585.81;732523.81;17938.00;0.8067;KGL;MEA;19.70;GR;14470.58;COA-LAX-20260924-3;2026-09-24T19:06:13Z;CGA-DN-552057;Verified;fuel.ops@airline.com;2026-09-24T21:29:13Z;HD-LAX-24;MTR-HD-LAX-24;ELECTRONIC;2026-09-24T19:29:13Z;SEED_B6_ADSB;2026-09-24T19:29:13Z;SEED_B6_ADSB;83c09d3b-b301-5774-a55d-5694d06c4599;1.2974;23272.76;USD
73b8498f-d8d6-5d10-b225-107b0d461aab;d9479e02-fb3e-55fc-bbfb-247a52334c52;MATCHED;E;f03aa6da-32dc-5221-aac8-38c5d18cc492;SHL-MCO-595713;;FT-MCO-20260924-0025;N653JB;N653JB;B6605;9921.00;LTR;457760.77;467681.77;9921.00;0.7976;KGL;MEA;24.30;GR;7912.99;COA-MCO-20260924-3;2026-09-24T19:12:24Z;SHL-DN-595713;Verified;fuel.ops@airline.com;2026-09-24T21:26:24Z;HD-MCO-06;MTR-HD-MCO-06;ELECTRONIC;2026-09-24T19:26:24Z;SEED_B6_ADSB;2026-09-24T19:26:24Z;SEED_B6_ADSB;a1e71bc9-f9ae-5864-9bb5-f3a3a036de40;1.2432;12333.79;USD
9f523720-a65d-5d96-b0af-8fcea64c569f;d76313e3-0750-50a4-b5b8-fc44d51feb53;MATCHED;E;0dc92485-cd18-58cf-a073-b58597da63bc;WFS-JFK-403818;;FT-JFK-20260924-0054;N2044J;N2044J;B6803;9824.00;LTR;126413.80;136237.80;9824.00;0.8046;KGL;MEA;15.10;GR;7904.39;COA-JFK-20260924-1;2026-09-24T18:58:53Z;WFS-DN-403818;Verified;fuel.ops@airline.com;2026-09-24T21:12:53Z;HD-JFK-08;MTR-HD-JFK-08;ELECTRONIC;2026-09-24T19:12:53Z;SEED_B6_ADSB;2026-09-24T19:12:53Z;SEED_B6_ADSB;3099b5c9-16ca-5d5a-9291-319c4455195a;1.2966;12737.8;USD
84398d96-7fe6-5a03-af3c-6423b7480eb8;0e8d3fce-db9a-5ff0-bb42-9d6d0e1a8d09;MATCHED;E;a76baeea-9ba9-58a1-a06c-5063326860f9;PMA-SJU-755453;;FT-SJU-20260924-0014;N948JB;N948JB;B61004;12311.00;LTR;147628.41;159939.41;12311.00;0.7966;KGL;MEA;25.90;GR;9806.94;COA-SJU-20260924-2;2026-09-24T19:01:25Z;PMA-DN-755453;Verified;fuel.ops@airline.com;2026-09-24T21:18:25Z;HD-SJU-15;MTR-HD-SJU-15;ELECTRONIC;2026-09-24T19:18:25Z;SEED_B6_ADSB;2026-09-24T19:18:25Z;SEED_B6_ADSB;59da22c8-1f3f-5b6e-9864-0440b8bae411;1.2932;15920.59;USD
f22aee04-a4e1-5f7d-a27e-37f9cafff86c;6bd1532d-7fb6-5fd2-a14e-515ba4dca70f;MATCHED;E;8b1311b1-8267-545e-a03d-5532407bd662;WFS-JFK-403820;;FT-JFK-20260924-0055;N3112J;N3112J;B6163;5688.00;LTR;839484.96;845172.96;5688.00;0.8041;KGL;MEA;15.70;GR;4573.72;COA-JFK-20260924-1;2026-09-24T19:10:58Z;WFS-DN-403820;Verified;fuel.ops@airline.com;2026-09-24T21:20:58Z;HD-JFK-10;MTR-HD-JFK-10;ELECTRONIC;2026-09-24T19:20:58Z;SEED_B6_ADSB;2026-09-24T19:20:58Z;SEED_B6_ADSB;d9ced902-eefc-506c-8a7e-5f624976ca5c;1.2966;7375.06;USD
5e34c789-a0ee-5502-b43f-ff8b901a2073;346ba1ac-ba42-5728-bfd6-377e38fb7f54;MATCHED;E;c8ff96d5-b2a5-5526-8cdc-a8ca0f8645f3;SHL-FLL-485088;;FT-FLL-20260924-0043;N983JT;N983JT;B6101;15927.00;LTR;495787.00;511714.00;15927.00;0.7931;KGL;MEA;24.50;GR;12631.7;COA-FLL-20260924-2;2026-09-24T19:15:17Z;SHL-DN-485088;Verified;fuel.ops@airline.com;2026-09-24T21:36:17Z;HD-FLL-08;MTR-HD-FLL-08;ELECTRONIC;2026-09-24T19:36:17Z;SEED_B6_ADSB;2026-09-24T19:36:17Z;SEED_B6_ADSB;f6e0bc34-334a-5b71-ab68-bb5b13ea57f6;1.2280;19558.36;USD
b9eb9cd0-9eff-5824-8b3f-ae524e2aef34;0e37afe3-eeb1-5db5-abf5-500dae543df3;MATCHED;E;a1679504-1479-5a51-909f-79b202788ccb;BPA-BWI-463112;;FT-BWI-20260924-0002;N3258J;N3258J;B62595;7647.00;LTR;589407.79;597054.79;7647.00;0.8037;KGL;MEA;17.40;GR;6145.89;COA-BWI-20260924-1;2026-09-24T19:14:32Z;BPA-DN-463112;Verified;fuel.ops@airline.com;2026-09-24T21:26:32Z;HD-BWI-13;MTR-HD-BWI-13;ELECTRONIC;2026-09-24T19:26:32Z;SEED_B6_ADSB;2026-09-24T19:26:32Z;SEED_B6_ADSB;08b38831-c954-566d-989c-8270ba3c657d;1.3143;10050.45;USD
c0e03e4e-0f9a-5e75-99db-c60df789d7b3;3a4c0cb6-6b1b-559b-a77b-958d540e70f0;MATCHED;M;0ebecdf1-8abd-5596-aec7-aa5ba2ef6cf0;SOL-KIN-442786;;FT-KIN-20260924-0003;N519JB;N519JB;B61376;5011.00;LTR;257160.99;262171.99;5011.00;0.7899;KGL;MEA;25.70;GR;3958.19;COA-KIN-20260924-1;2026-09-24T19:05:02Z;SOL-DN-442786;Verified;fuel.ops@airline.com;2026-09-24T21:17:02Z;RF-KIN-20;MTR-RF-KIN-20;MANUAL;2026-09-24T19:17:02Z;SEED_B6_ADSB;2026-09-24T19:17:02Z;SEED_B6_ADSB;c5b5e7eb-14f3-54db-87c7-65917fb1e2da;1.3631;6830.49;USD
35a29b2f-94ad-537c-90f2-a14778f5ddf8;5d3ee66f-2aa0-5e1d-aa8c-70a08a9b2105;MATCHED;E;0d176c9c-ae78-5609-8498-5545b6bc9be1;WFS-JFK-403823;;FT-JFK-20260924-0056;N2048J;N2048J;B61256;5216.00;LTR;228457.33;233673.33;5216.00;0.8039;KGL;MEA;16.00;GR;4193.14;COA-JFK-20260924-1;2026-09-24T19:14:16Z;WFS-DN-403823;Verified;fuel.ops@airline.com;2026-09-24T21:23:16Z;HD-JFK-01;MTR-HD-JFK-01;ELECTRONIC;2026-09-24T19:23:16Z;SEED_B6_ADSB;2026-09-24T19:23:16Z;SEED_B6_ADSB;1c7e892e-5c7b-51b8-8dae-394bf4f9b9c7;1.2966;6763.07;USD
8e15a7e8-e2ec-5585-8a0a-d70cb75e134e;d56dc954-bd42-5775-bec4-d0ad7e68b177;MATCHED;E;932372f7-6587-5ab9-b536-089b96bcf534;BPA-ORD-551292;;FT-ORD-20260924-0004;N805JB;N805JB;B6864;6820.00;LTR;218554.60;225374.60;6820.00;0.8049;KGL;MEA;19.10;GR;5489.42;COA-ORD-20260924-1;2026-09-24T19:07:51Z;BPA-DN-551292;Verified;fuel.ops@airline.com;2026-09-24T21:18:51Z;HD-ORD-24;MTR-HD-ORD-24;ELECTRONIC;2026-09-24T19:18:51Z;SEED_B6_ADSB;2026-09-24T19:18:51Z;SEED_B6_ADSB;b49fab3f-8a62-5d06-8dcd-c125dd240d22;1.2352;8424.06;USD
d4cf64ad-e8ca-57eb-8476-eef10642a128;9be015e5-e767-51fc-ab68-26cbad0112db;MATCHED;E;c2caa0ce-ddb9-52b4-a96f-fb1d908ae4f2;SHL-JFK-512657;;FT-JFK-20260924-0057;N962JT;N962JT;B6415;18811.00;LTR;178127.08;196938.08;18811.00;0.8045;KGL;MEA;15.20;GR;15133.45;COA-JFK-20260924-1;2026-09-24T19:18:22Z;SHL-DN-512657;Verified;fuel.ops@airline.com;2026-09-24T21:42:22Z;HD-JFK-24;MTR-HD-JFK-24;ELECTRONIC;2026-09-24T19:42:22Z;SEED_B6_ADSB;2026-09-24T19:42:22Z;SEED_B6_ADSB;abdbe2bb-3b44-5981-828b-41ba594b3c10;1.3053;24554;USD
27faca97-d04c-5a1c-8fea-d60e6dd9321b;414129fd-a880-5d89-8dcb-3ac990e45fc3;MATCHED;E;881565f9-5c7a-5db2-8a86-07be29458426;WFS-BOS-478913;;FT-BOS-20260924-0061;N2199J;N2199J;B61187;13905.00;LTR;864342.21;878247.21;13905.00;0.8044;KGL;MEA;17.80;GR;11185.18;COA-BOS-20260924-3;2026-09-24T19:11:49Z;WFS-DN-478913;Verified;fuel.ops@airline.com;2026-09-24T21:30:49Z;HD-BOS-03;MTR-HD-BOS-03;ELECTRONIC;2026-09-24T19:30:49Z;SEED_B6_ADSB;2026-09-24T19:30:49Z;SEED_B6_ADSB;1a450ce2-baf9-50a1-82b2-0b852b770f38;1.3094;18207.21;USD
bc431e3f-a8a6-59d3-803b-6b4bd0906f4f;e6ff44b5-c8cf-5976-b4a9-17fb1df8e474;MATCHED;E;6e9426c6-e765-5966-bc4f-0eb2fed65699;WFS-JFK-403825;;FT-JFK-20260924-0058;N968JT;N968JT;B61211;18842.00;LTR;795226.17;814068.17;18842.00;0.8028;KGL;MEA;17.40;GR;15126.36;COA-JFK-20260924-1;2026-09-24T19:03:25Z;WFS-DN-403825;Verified;fuel.ops@airline.com;2026-09-24T21:27:25Z;HD-JFK-21;MTR-HD-JFK-21;ELECTRONIC;2026-09-24T19:27:25Z;SEED_B6_ADSB;2026-09-24T19:27:25Z;SEED_B6_ADSB;85d0e638-5bc4-59bb-ac87-c4685d3f238f;1.2966;24430.54;USD
63790fcc-72e4-5013-8808-dc4cab00110c;cadd4348-0723-5b7d-b5d2-5bdde4e6b80d;MATCHED;M;c5bc0c18-3422-51c2-b9dc-162dad31fa06;AVF-ILM-254148;;FT-ILM-20260924-0001;N3162J;N3162J;B61290;2859.00;LTR;525003.98;527862.98;2859.00;0.8000;KGL;MEA;23.30;GR;2287.2;COA-ILM-20260924-1;2026-09-24T19:17:46Z;AVF-DN-254148;Verified;fuel.ops@airline.com;2026-09-24T21:25:46Z;RF-ILM-17;MTR-RF-ILM-17;MANUAL;2026-09-24T19:25:46Z;SEED_B6_ADSB;2026-09-24T19:25:46Z;SEED_B6_ADSB;1991f1b9-662c-5c14-8548-99dc1e0b8546;1.2703;3631.79;USD
7da72b8f-b662-5ebe-adea-76e6167a4210;2159a6f5-9ef3-57a8-83c0-e063b98f6f01;MATCHED;M;b28a6e2a-c739-5336-91bb-80bc1d24d05c;WFS-HPN-788022;;FT-HPN-20260924-0011;N784JB;N784JB;B61567;7451.00;LTR;470957.50;478408.50;7451.00;0.8066;KGL;MEA;15.90;GR;6009.98;COA-HPN-20260924-1;2026-09-24T19:20:05Z;WFS-DN-788022;Verified;fuel.ops@airline.com;2026-09-24T21:36:05Z;RF-HPN-22;MTR-RF-HPN-22;MANUAL;2026-09-24T19:36:05Z;SEED_B6_ADSB;2026-09-24T19:36:05Z;SEED_B6_ADSB;e8db9923-7cbc-5b07-a12e-453f0ecc1d7b;1.3533;10083.44;USD
1acdf568-59ee-53ca-b224-74dd74570e67;6596100b-55cd-5911-9a1d-a1fe4cc62a06;MATCHED;E;9e3b4750-be87-5d31-be13-51d4099c71b3;WFS-BOS-478914;;FT-BOS-20260924-0062;N3260J;N3260J;B61355;3246.00;LTR;671758.99;675004.99;3246.00;0.8050;KGL;MEA;17.00;GR;2613.03;COA-BOS-20260924-3;2026-09-24T19:25:22Z;WFS-DN-478914;Verified;fuel.ops@airline.com;2026-09-24T21:32:22Z;HD-BOS-09;MTR-HD-BOS-09;ELECTRONIC;2026-09-24T19:32:22Z;SEED_B6_ADSB;2026-09-24T19:32:22Z;SEED_B6_ADSB;0423d9de-7a9f-5023-9748-1fb875104035;1.3094;4250.31;USD
1e725073-4102-586e-af42-7cdea9a7e148;68366911-b159-570c-9a2c-75f3b88fdb31;MATCHED;M;a2e7d3cc-e2b5-587a-b517-e267ff45bcdf;WFS-BUF-723674;;FT-BUF-20260924-0004;N3152J;N3152J;B6916;1810.00;LTR;359631.34;361441.34;1810.00;0.7975;KGL;MEA;18.80;GR;1443.47;COA-BUF-20260924-3;2026-09-24T19:24:17Z;WFS-DN-723674;Verified;fuel.ops@airline.com;2026-09-24T21:30:17Z;RF-BUF-03;MTR-RF-BUF-03;MANUAL;2026-09-24T19:30:17Z;SEED_B6_ADSB;2026-09-24T19:30:17Z;SEED_B6_ADSB;7bac45fc-e88e-5e28-8896-e40ba250dc24;1.3240;2396.44;USD
a85052fe-19c5-5368-84b7-dd4af32734be;caca5c36-e473-51fd-a45d-d37c1d464b48;MATCHED;E;afbda2b0-f1e7-514f-a6ef-c20941e2b2aa;WFS-JFK-403828;;FT-JFK-20260924-0059;N3308J;N3308J;B6419;4053.00;LTR;363066.04;367119.04;4053.00;0.8037;KGL;MEA;16.30;GR;3257.4;COA-JFK-20260924-1;2026-09-24T19:22:35Z;WFS-DN-403828;Verified;fuel.ops@airline.com;2026-09-24T21:30:35Z;HD-JFK-18;MTR-HD-JFK-18;ELECTRONIC;2026-09-24T19:30:35Z;SEED_B6_ADSB;2026-09-24T19:30:35Z;SEED_B6_ADSB;cfc7fe9e-13ff-5852-9982-ec6040e7796f;1.2966;5255.12;USD
c0223962-eb90-5b00-8c5a-e348d38f771f;1989a059-161e-5a12-bf5d-9a34c58eb538;MATCHED;E;bb9a9f69-6d1d-5abd-8b86-d98f929170f3;SHL-BOS-696844;;FT-BOS-20260924-0063;N3085J;N3085J;B62459;2331.00;LTR;671758.99;674089.99;2331.00;0.8061;KGL;MEA;15.60;GR;1879.02;COA-BOS-20260924-3;2026-09-24T19:27:10Z;SHL-DN-696844;Verified;fuel.ops@airline.com;2026-09-24T21:33:10Z;HD-BOS-09;MTR-HD-BOS-09;ELECTRONIC;2026-09-24T19:33:10Z;SEED_B6_ADSB;2026-09-24T19:33:10Z;SEED_B6_ADSB;b7a22d90-94aa-58cb-84dd-b8197b8bc000;1.3061;3044.52;USD
6e69a2fc-1e2f-5bfb-9bab-1ebfa8d53a5f;6772d609-a8f2-59f6-97c0-6c43365015cb;MATCHED;E;a85549de-bb89-5f64-8d5f-ad9165c571f0;SHL-JFK-512659;;FT-JFK-20260924-0060;N3169J;N3169J;B6618;3456.00;LTR;889502.03;892958.03;3456.00;0.8026;KGL;MEA;17.60;GR;2773.79;COA-JFK-20260924-1;2026-09-24T19:22:01Z;SHL-DN-512659;Verified;fuel.ops@airline.com;2026-09-24T21:29:01Z;HD-JFK-15;MTR-HD-JFK-15;ELECTRONIC;2026-09-24T19:29:01Z;SEED_B6_ADSB;2026-09-24T19:29:01Z;SEED_B6_ADSB;e70b6393-85a6-5da3-bdad-24b3fede3ae3;1.3053;4511.12;USD
5e89270e-4c52-5d20-b4e4-014131845306;61c206c1-74f1-5778-8f62-811b9f692bc0;MATCHED;M;ce4aff05-7060-5518-80b7-0dbda5a6193e;AVF-CHS-586549;;FT-CHS-20260924-0003;N3232J;N3232J;B668;4414.00;LTR;311096.27;315510.27;4414.00;0.8058;KGL;MEA;19.90;GR;3556.8;COA-CHS-20260924-1;2026-09-24T19:32:27Z;AVF-DN-586549;Verified;fuel.ops@airline.com;2026-09-24T21:43:27Z;RF-CHS-18;MTR-RF-CHS-18;MANUAL;2026-09-24T19:43:27Z;SEED_B6_ADSB;2026-09-24T19:43:27Z;SEED_B6_ADSB;955d68c4-8bc2-5254-a0c1-3b31af3a7dab;1.2570;5548.4;USD
b802dcb9-694e-56e0-964f-d099d4aeea49;f18b2b0a-3053-5f03-896b-9ef1f93bd14e;MATCHED;E;4e990166-96fc-51a1-a217-f8832d61e516;BPA-DCA-429158;;FT-DCA-20260924-0010;N3298J;N3298J;B62494;2403.00;LTR;178054.81;180457.81;2403.00;0.7996;KGL;MEA;16.60;GR;1921.44;COA-DCA-20260924-1;2026-09-24T19:30:04Z;BPA-DN-429158;Verified;fuel.ops@airline.com;2026-09-24T21:36:04Z;HD-DCA-23;MTR-HD-DCA-23;ELECTRONIC;2026-09-24T19:36:04Z;SEED_B6_ADSB;2026-09-24T19:36:04Z;SEED_B6_ADSB;e7014e3a-53ba-5eca-94a1-aab23815f6ec;1.3051;3136.16;USD
6de8d4a5-d259-5a36-83e9-a2e022c2bbe2;471468a0-1214-584a-be41-eea12a286255;MATCHED;E;1ffe875b-50f1-5bec-bb24-67e08cb6ecb7;SHL-JFK-512661;;FT-JFK-20260924-0061;N3118J;N3118J;B61485;1783.00;LTR;812277.90;814060.90;1783.00;0.8045;KGL;MEA;15.20;GR;1434.42;COA-JFK-20260924-1;2026-09-24T19:22:25Z;SHL-DN-512661;Verified;fuel.ops@airline.com;2026-09-24T21:28:25Z;HD-JFK-12;MTR-HD-JFK-12;ELECTRONIC;2026-09-24T19:28:25Z;SEED_B6_ADSB;2026-09-24T19:28:25Z;SEED_B6_ADSB;9f2f7eea-52d2-5cc3-9050-51eb30fa0c14;1.3053;2327.35;USD
0c63ff2d-e4fe-53c0-a70a-24933b1e370a;97dc58c8-a8f7-5225-87f1-ba229b5088e1;MATCHED;E;98e4520e-b208-5388-8bfc-4f2a9fd1098d;BPA-MCO-339232;;FT-MCO-20260924-0026;N537JT;N537JT;B61077;15201.00;LTR;573517.42;588718.42;15201.00;0.7986;KGL;MEA;23.00;GR;12139.52;COA-MCO-20260924-3;2026-09-24T19:44:19Z;BPA-DN-339232;Verified;fuel.ops@airline.com;2026-09-24T22:04:19Z;HD-MCO-19;MTR-HD-MCO-19;ELECTRONIC;2026-09-24T20:04:19Z;SEED_B6_ADSB;2026-09-24T20:04:19Z;SEED_B6_ADSB;5b098601-9ba3-55dd-8cda-80f66d9e112a;1.2376;18812.76;USD
083863bc-ff06-5fe1-a5a7-b6f85d3471e6;66e5c702-ee53-51e7-a39a-5b3ae32cd40e;MATCHED;E;6836a30b-1b7c-5973-afe6-e5b0d7c69631;PMA-SJU-755454;;FT-SJU-20260924-0015;N794JB;N794JB;B6154;8741.00;LTR;270618.05;279359.05;8741.00;0.7967;KGL;MEA;25.80;GR;6963.95;COA-SJU-20260924-2;2026-09-24T19:36:01Z;PMA-DN-755454;Verified;fuel.ops@airline.com;2026-09-24T21:50:01Z;HD-SJU-03;MTR-HD-SJU-03;ELECTRONIC;2026-09-24T19:50:01Z;SEED_B6_ADSB;2026-09-24T19:50:01Z;SEED_B6_ADSB;353088c1-4357-5eca-b64e-21a17594c963;1.2932;11303.86;USD
8ed57373-3302-52f3-becb-80d46d11fae4;e6490112-ed9f-504a-91da-7f421eac6f00;MATCHED;M;1408d96b-8d80-5c73-abb5-58fd9ce75a7f;WFS-BUF-723676;;FT-BUF-20260924-0005;N3113J;N3113J;B62901;2412.00;LTR;376507.85;378919.85;2412.00;0.7980;KGL;MEA;18.10;GR;1924.78;COA-BUF-20260924-3;2026-09-24T19:45:09Z;WFS-DN-723676;Verified;fuel.ops@airline.com;2026-09-24T21:53:09Z;RF-BUF-20;MTR-RF-BUF-20;MANUAL;2026-09-24T19:53:09Z;SEED_B6_ADSB;2026-09-24T19:53:09Z;SEED_B6_ADSB;0cd49085-c3a4-56b7-9917-d4bad2422e46;1.3240;3193.49;USD
3d1c783f-1a30-5f1e-ab6d-b8056ef915e0;20f48592-efa5-554c-afc3-674c5817d3a1;MATCHED;E;af0c3247-1c82-56f7-a805-d2dadce48030;SHL-FLL-485089;;FT-FLL-20260924-0044;N661JB;N661JB;B61738;9267.00;LTR;771888.39;781155.39;9267.00;0.7947;KGL;MEA;22.50;GR;7364.48;COA-FLL-20260924-2;2026-09-24T19:45:30Z;SHL-DN-485089;Verified;fuel.ops@airline.com;2026-09-24T21:59:30Z;HD-FLL-17;MTR-HD-FLL-17;ELECTRONIC;2026-09-24T19:59:30Z;SEED_B6_ADSB;2026-09-24T19:59:30Z;SEED_B6_ADSB;2c3c358a-4256-50f3-ab80-758277c7c23f;1.2280;11379.88;USD
349d4b20-35f4-56d6-982b-1fdc1f7cde95;e5c6ea18-e668-5cd9-83f4-3e2b74082f74;MATCHED;M;173e8fe1-92f4-5711-b4ae-80a6bea5524f;WFS-SYR-619679;;FT-SYR-20260924-0003;N3272J;N3272J;B62655;6062.00;LTR;279827.71;285889.71;6062.00;0.8053;KGL;MEA;14.80;GR;4881.73;COA-SYR-20260924-3;2026-09-24T19:44:32Z;WFS-DN-619679;Verified;fuel.ops@airline.com;2026-09-24T21:58:32Z;RF-SYR-16;MTR-RF-SYR-16;MANUAL;2026-09-24T19:58:32Z;SEED_B6_ADSB;2026-09-24T19:58:32Z;SEED_B6_ADSB;a3d2f76b-a708-555e-afc0-6aa5874fd7e5;1.3525;8198.85;USD
5c7ded60-e93f-59e8-bee7-6521151e9163;664fe2d0-9f35-5dc0-8880-3912a36bf3b2;MATCHED;M;5892595e-e882-5660-afb2-1e96b63704b3;WFS-ISP-635076;;FT-ISP-20260924-0003;N956JT;N956JT;B6547;8629.00;LTR;583697.93;592326.93;8629.00;0.8051;KGL;MEA;17.50;GR;6947.21;COA-ISP-20260924-3;2026-09-24T19:47:06Z;WFS-DN-635076;Verified;fuel.ops@airline.com;2026-09-24T22:05:06Z;RF-ISP-22;MTR-RF-ISP-22;MANUAL;2026-09-24T20:05:06Z;SEED_B6_ADSB;2026-09-24T20:05:06Z;SEED_B6_ADSB;e7955cd7-0410-5503-b653-65a64063ea27;1.3489;11639.66;USD
1ab14bc9-f00a-5e75-b46c-e91a34874668;297e1ace-b45e-5fa7-9d2e-3e887b112650;MATCHED;E;4b12a022-da86-5c67-8d1c-e216b148045d;BPA-DCA-429160;;FT-DCA-20260924-0011;N3145J;N3145J;B61579;5540.00;LTR;873865.35;879405.35;5540.00;0.8003;KGL;MEA;15.80;GR;4433.66;COA-DCA-20260924-1;2026-09-24T19:52:18Z;BPA-DN-429160;Verified;fuel.ops@airline.com;2026-09-24T22:02:18Z;HD-DCA-18;MTR-HD-DCA-18;ELECTRONIC;2026-09-24T20:02:18Z;SEED_B6_ADSB;2026-09-24T20:02:18Z;SEED_B6_ADSB;eadaccb7-ea46-572a-bf4e-844ee78a4f24;1.3051;7230.25;USD
772833bb-5817-539b-90ed-1cc06d809176;b0c86538-5205-5563-9e0a-5dfde2aea6fb;MATCHED;E;346555b1-1908-513c-b480-6e6bbffeb7b1;WFS-BOS-478917;;FT-BOS-20260924-0064;N595JB;N595JB;B6319;18251.00;LTR;404295.91;422546.91;18251.00;0.8052;KGL;MEA;16.80;GR;14695.71;COA-BOS-20260924-3;2026-09-24T19:51:15Z;WFS-DN-478917;Verified;fuel.ops@airline.com;2026-09-24T22:15:15Z;HD-BOS-01;MTR-HD-BOS-01;ELECTRONIC;2026-09-24T20:15:15Z;SEED_B6_ADSB;2026-09-24T20:15:15Z;SEED_B6_ADSB;7036dfbd-86a0-5035-a7f7-ca8cd1089aa2;1.3094;23897.86;USD
17b366fc-4e18-50fb-a975-0386475494f5;f9d0d826-99fc-542d-aabb-2cf46d2c9099;MATCHED;E;ecd2ed20-fbfc-5ffc-a340-113de4a52efe;WFS-JFK-403829;;FT-JFK-20260924-0062;N2180J;N2180J;B6623;13705.00;LTR;795226.17;808931.17;13705.00;0.8029;KGL;MEA;17.30;GR;11003.74;COA-JFK-20260924-1;2026-09-24T19:58:07Z;WFS-DN-403829;Verified;fuel.ops@airline.com;2026-09-24T22:17:07Z;HD-JFK-21;MTR-HD-JFK-21;ELECTRONIC;2026-09-24T20:17:07Z;SEED_B6_ADSB;2026-09-24T20:17:07Z;SEED_B6_ADSB;660bafee-6c05-5b18-8834-23cd3b7a6a6c;1.2966;17769.9;USD
ae575956-12d4-5073-8a29-3cb1a624a7c6;a1272254-c9b5-5cea-a4fc-9b4364ea1c5e;MATCHED;E;1a693261-1411-57ac-9713-653dac907b13;PMA-SJU-755455;;FT-SJU-20260924-0016;N524JB;N524JB;B6606;15075.00;LTR;792772.45;807847.45;15075.00;0.7958;KGL;MEA;26.90;GR;11996.68;COA-SJU-20260924-2;2026-09-24T20:01:54Z;PMA-DN-755455;Verified;fuel.ops@airline.com;2026-09-24T22:21:54Z;HD-SJU-07;MTR-HD-SJU-07;ELECTRONIC;2026-09-24T20:21:54Z;SEED_B6_ADSB;2026-09-24T20:21:54Z;SEED_B6_ADSB;c1000b68-460a-57ae-aa20-294411dfd775;1.2932;19494.99;USD
877d0718-a524-541a-bfed-10c3713ad56f;1d967220-ba7a-503f-9749-0a613d72ee0c;MATCHED;M;7ad30303-2302-5ec7-8989-3d3f13841064;AVF-RSW-496415;;FT-RSW-20260924-0004;N523JB;N523JB;B61530;7272.00;LTR;645714.14;652986.14;7272.00;0.8013;KGL;MEA;26.70;GR;5827.05;COA-RSW-20260924-3;2026-09-24T20:01:28Z;AVF-DN-496415;Verified;fuel.ops@airline.com;2026-09-24T22:17:28Z;RF-RSW-24;MTR-RF-RSW-24;MANUAL;2026-09-24T20:17:28Z;SEED_B6_ADSB;2026-09-24T20:17:28Z;SEED_B6_ADSB;07875fe2-681f-5be3-b810-8600f8e51f39;1.2726;9254.35;USD
463d1c33-9506-52b0-9c0d-99e5ecd9434d;57f3679a-2056-580e-9b9a-8fba98d7fa7c;MATCHED;E;f9d49a9b-7831-56d9-b89e-96175fdb53f0;SHL-FLL-485092;;FT-FLL-20260924-0045;N645JB;N645JB;B61130;4326.00;LTR;843260.62;847586.62;4326.00;0.7924;KGL;MEA;25.40;GR;3427.92;COA-FLL-20260924-2;2026-09-24T20:04:49Z;SHL-DN-485092;Verified;fuel.ops@airline.com;2026-09-24T22:13:49Z;HD-FLL-15;MTR-HD-FLL-15;ELECTRONIC;2026-09-24T20:13:49Z;SEED_B6_ADSB;2026-09-24T20:13:49Z;SEED_B6_ADSB;2d188051-8abf-5892-9a7c-20bfc6639820;1.2280;5312.33;USD
0c828fe7-895f-504f-9923-ef0f149d787f;acac5d1d-4e15-5a18-8c9a-7278629d1b49;MATCHED;E;565cb15e-da36-5ef7-bb41-8b00bbf8f6f2;WFS-LGA-756511;;FT-LGA-20260924-0008;N729JB;N729JB;B61761;7137.00;LTR;721513.69;728650.69;7137.00;0.8045;KGL;MEA;18.10;GR;5741.72;COA-LGA-20260924-2;2026-09-24T19:44:58Z;WFS-DN-756511;Verified;fuel.ops@airline.com;2026-09-24T21:55:58Z;HD-LGA-16;MTR-HD-LGA-16;ELECTRONIC;2026-09-24T19:55:58Z;SEED_B6_ADSB;2026-09-24T19:55:58Z;SEED_B6_ADSB;b3cf98c5-ba0e-5103-bebe-fa4e65352c62;1.3018;9290.95;USD
f65c7e02-fe82-550c-8237-a45e325d895f;fc3cd24c-6929-5531-b5bb-cd5ca4d53006;MATCHED;E;e69329d6-eed4-5d6a-b279-03bb0ffe6456;WFS-LAX-154035;;FT-LAX-20260924-0011;N946JL;N946JL;B6988;18763.00;LTR;190610.20;209373.20;18763.00;0.8043;KGL;MEA;22.70;GR;15091.08;COA-LAX-20260924-3;2026-09-24T19:44:18Z;WFS-DN-154035;Verified;fuel.ops@airline.com;2026-09-24T22:09:18Z;HD-LAX-06;MTR-HD-LAX-06;ELECTRONIC;2026-09-24T20:09:18Z;SEED_B6_ADSB;2026-09-24T20:09:18Z;SEED_B6_ADSB;3b635dd2-1caa-5cb9-9f21-9b13f7b2f90e;1.2923;24247.42;USD
e08c2c1d-d077-52d2-b628-1c0cc5344d8b;63a265a1-9cfa-573c-9ac0-c854ce1055b9;MATCHED;E;5887e8f3-1eaa-5e04-b9d2-9e2152ca7a68;WFS-LAX-154038;;FT-LAX-20260924-0012;N985JT;N985JT;B61200;14508.00;LTR;714585.81;729093.81;14508.00;0.8064;KGL;MEA;20.10;GR;11699.25;COA-LAX-20260924-3;2026-09-24T19:56:26Z;WFS-DN-154038;Verified;fuel.ops@airline.com;2026-09-24T22:16:26Z;HD-LAX-24;MTR-HD-LAX-24;ELECTRONIC;2026-09-24T20:16:26Z;SEED_B6_ADSB;2026-09-24T20:16:26Z;SEED_B6_ADSB;b17cbff4-05a5-5b23-9695-e8c854937bfc;1.2923;18748.69;USD
dfcdf3ef-0607-5d07-87ba-efe5cc6470ab;9a2c94db-1587-55c8-9a98-37cb838ffd43;MATCHED;E;8a466c22-b2df-5e6d-8af0-08a63da8b675;WFS-BOS-478920;;FT-BOS-20260924-0065;N3221J;N3221J;B6641;3587.00;LTR;152655.50;156242.50;3587.00;0.8055;KGL;MEA;16.40;GR;2889.33;COA-BOS-20260924-3;2026-09-24T20:00:39Z;WFS-DN-478920;Verified;fuel.ops@airline.com;2026-09-24T22:07:39Z;HD-BOS-10;MTR-HD-BOS-10;ELECTRONIC;2026-09-24T20:07:39Z;SEED_B6_ADSB;2026-09-24T20:07:39Z;SEED_B6_ADSB;8387a59c-6701-57eb-9050-6c3226e9b3d1;1.3094;4696.82;USD
2d1bdd04-32e0-5df1-aa9c-4bae41062606;50a289fd-ddc9-57b8-9df9-2703536c114d;MATCHED;E;aa312065-97b4-554e-ad48-b90f633d4b66;CGA-DEN-616017;;FT-DEN-20260924-0001;N3157J;N3157J;B6394;7457.00;LTR;335155.94;342612.94;7457.00;0.8109;KGL;MEA;16.80;GR;6046.88;COA-DEN-20260924-3;2026-09-24T20:14:08Z;CGA-DN-616017;Verified;fuel.ops@airline.com;2026-09-24T22:26:08Z;HD-DEN-16;MTR-HD-DEN-16;ELECTRONIC;2026-09-24T20:26:08Z;SEED_B6_ADSB;2026-09-24T20:26:08Z;SEED_B6_ADSB;08764e9e-ccf1-5f71-9eee-b0bb5cfcc982;1.2688;9461.44;USD
ff37b71a-5d38-55e7-b67c-b24046c669e8;99479998-93c4-5b11-9edb-403ff5df2f79;MATCHED;M;360e052d-b881-5323-bdc1-33f7338a4be2;AVF-RSW-496418;;FT-RSW-20260924-0005;N571JB;N571JB;B61252;8223.00;LTR;540815.65;549038.65;8223.00;0.8049;KGL;MEA;22.20;GR;6618.69;COA-RSW-20260924-3;2026-09-24T20:11:15Z;AVF-DN-496418;Verified;fuel.ops@airline.com;2026-09-24T22:28:15Z;RF-RSW-09;MTR-RF-RSW-09;MANUAL;2026-09-24T20:28:15Z;SEED_B6_ADSB;2026-09-24T20:28:15Z;SEED_B6_ADSB;ccec98e1-0ac4-52f7-bc0b-e84f7258224d;1.2726;10464.59;USD
ab810f5b-3f69-5df2-b29a-8bf6687cae0a;92fd9683-5ddf-5619-9dad-a76aad7fb302;MATCHED;E;2af33416-ad60-59bc-affa-659b2c3630c9;SHL-FLL-485094;;FT-FLL-20260924-0046;N589JB;N589JB;B68614;5807.00;LTR;843260.62;849067.62;5807.00;0.7909;KGL;MEA;27.20;GR;4592.76;COA-FLL-20260924-2;2026-09-24T20:17:10Z;SHL-DN-485094;Verified;fuel.ops@airline.com;2026-09-24T22:27:10Z;HD-FLL-15;MTR-HD-FLL-15;ELECTRONIC;2026-09-24T20:27:10Z;SEED_B6_ADSB;2026-09-24T20:27:10Z;SEED_B6_ADSB;e29fb1c9-e713-5578-8d3a-563f3376daf1;1.2280;7131;USD
f6b347e7-0a16-52e0-bc42-1441a0ec55dd;1836494d-98d7-514f-b7d7-84ca3ccc3e2e;MATCHED;E;f766f987-a528-5c29-9eb6-97ec0ab5689d;WFS-LGA-756514;;FT-LGA-20260924-0009;N535JB;N535JB;B6598;8558.00;LTR;488470.36;497028.36;8558.00;0.8052;KGL;MEA;17.20;GR;6890.9;COA-LGA-20260924-2;2026-09-24T19:55:43Z;WFS-DN-756514;Verified;fuel.ops@airline.com;2026-09-24T22:08:43Z;HD-LGA-14;MTR-HD-LGA-14;ELECTRONIC;2026-09-24T20:08:43Z;SEED_B6_ADSB;2026-09-24T20:08:43Z;SEED_B6_ADSB;7df9e63b-b33e-54c7-8e8f-e8e1ab35c87d;1.3018;11140.8;USD
0b570043-235c-5f2c-b1b4-bb1e9d409870;4d7546b9-64cc-5c71-85d7-204fd4cf5914;MATCHED;M;955c8d95-da6f-5c15-ac1a-7816278535db;BPA-RIC-112598;;FT-RIC-20260924-0003;N608JB;N608JB;B6969;5316.00;LTR;137649.71;142965.71;5316.00;0.8062;KGL;MEA;16.90;GR;4285.76;COA-RIC-20260924-1;2026-09-24T20:10:12Z;BPA-DN-112598;Verified;fuel.ops@airline.com;2026-09-24T22:23:12Z;RF-RIC-01;MTR-RF-RIC-01;MANUAL;2026-09-24T20:23:12Z;SEED_B6_ADSB;2026-09-24T20:23:12Z;SEED_B6_ADSB;5c4dc6a1-7320-58f4-8e4d-03dd4a0e7a6f;1.3625;7243.05;USD
e9c4a77f-0986-5ab8-96ab-0d6eecd4e46b;3990eec3-833d-5ad4-92a4-0567b363a59d;MATCHED;E;9ba6efb8-2cde-51e1-81b7-9c860eee8c5e;CGA-LAX-552060;;FT-LAX-20260924-0013;N984JB;N984JB;B6624;18090.00;LTR;441279.80;459369.80;18090.00;0.8070;KGL;MEA;19.30;GR;14598.63;COA-LAX-20260924-3;2026-09-24T20:10:17Z;CGA-DN-552060;Verified;fuel.ops@airline.com;2026-09-24T22:34:17Z;HD-LAX-01;MTR-HD-LAX-01;ELECTRONIC;2026-09-24T20:34:17Z;SEED_B6_ADSB;2026-09-24T20:34:17Z;SEED_B6_ADSB;ac6f3fd3-5bd0-5235-a749-bbae9051c175;1.2974;23469.97;USD
61faa966-4246-550e-9fcd-baf386b848ee;133621d1-4e11-5a63-bf6a-004ebf2dd851;MATCHED;M;7eb1f4fa-32e9-5d36-9f06-bdb1be6c8106;CGA-PHX-757918;;FT-PHX-20260924-0001;N828JB;N828JB;B6136;12911.00;LTR;849265.26;862176.26;12911.00;0.8062;KGL;MEA;22.10;GR;10408.85;COA-PHX-20260924-2;2026-09-24T20:15:20Z;CGA-DN-757918;Verified;fuel.ops@airline.com;2026-09-24T22:40:20Z;RF-PHX-19;MTR-RF-PHX-19;MANUAL;2026-09-24T20:40:20Z;SEED_B6_ADSB;2026-09-24T20:40:20Z;SEED_B6_ADSB;8e9bb340-3273-512a-9bce-87fa5460fb59;1.3176;17011.53;USD
f5f87bf7-2bb4-5a7e-98de-356beec1c9a4;e36a80f4-d9d7-50f8-a014-15f03ffa279c;MATCHED;E;be76fff4-3baa-5b69-9106-a0e5dd75f9b8;BPA-DCA-429162;;FT-DCA-20260924-0012;N3196J;N3196J;B61354;1922.00;LTR;677226.68;679148.68;1922.00;0.7969;KGL;MEA;20.00;GR;1531.64;COA-DCA-20260924-1;2026-09-24T20:11:29Z;BPA-DN-429162;Verified;fuel.ops@airline.com;2026-09-24T22:17:29Z;HD-DCA-22;MTR-HD-DCA-22;ELECTRONIC;2026-09-24T20:17:29Z;SEED_B6_ADSB;2026-09-24T20:17:29Z;SEED_B6_ADSB;2d89ca90-9783-59f3-8cbd-fe67c4e48e32;1.3051;2508.4;USD
8e03d655-44bb-571a-b260-edd67439ddd5;38363bbf-aae6-5199-8c06-85cdab864375;MATCHED;E;30cbac63-17b5-59b5-97bc-706d64ed5d84;WFS-JFK-403831;;FT-JFK-20260924-0063;N958JB;N958JB;B61201;9000.00;LTR;795226.17;804226.17;9000.00;0.8041;KGL;MEA;15.80;GR;7236.9;COA-JFK-20260924-1;2026-09-24T20:06:38Z;WFS-DN-403831;Verified;fuel.ops@airline.com;2026-09-24T22:19:38Z;HD-JFK-21;MTR-HD-JFK-21;ELECTRONIC;2026-09-24T20:19:38Z;SEED_B6_ADSB;2026-09-24T20:19:38Z;SEED_B6_ADSB;219dd101-7092-5475-b1e8-eb8e2df7e474;1.2966;11669.4;USD
d8dca6bc-dae5-59b9-9c02-e627c4d70c49;b0c3fdcc-59d0-5b0c-9858-4480dd4ec5f4;MATCHED;E;12f2f996-7f21-546b-9530-156781d2624d;SHL-MCO-595715;;FT-MCO-20260924-0027;N579JB;N579JB;B62919;7063.00;LTR;726750.82;733813.82;7063.00;0.7974;KGL;MEA;24.50;GR;5632.04;COA-MCO-20260924-3;2026-09-24T20:09:40Z;SHL-DN-595715;Verified;fuel.ops@airline.com;2026-09-24T22:20:40Z;HD-MCO-09;MTR-HD-MCO-09;ELECTRONIC;2026-09-24T20:20:40Z;SEED_B6_ADSB;2026-09-24T20:20:40Z;SEED_B6_ADSB;14ff4cae-837f-5945-bf18-ae054550556b;1.2432;8780.72;USD
b2d1ae85-84aa-59f6-be9c-a932bb76bdf1;1ae5b61c-fa20-5154-949c-54cae602d8a8;MATCHED;E;7a479da2-16d9-5c79-969e-434cc9a86602;SHL-FLL-485097;;FT-FLL-20260924-0047;N599JB;N599JB;B62098;6195.00;LTR;722069.68;728264.68;6195.00;0.7927;KGL;MEA;25.00;GR;4910.78;COA-FLL-20260924-2;2026-09-24T20:17:55Z;SHL-DN-485097;Verified;fuel.ops@airline.com;2026-09-24T22:28:55Z;HD-FLL-18;MTR-HD-FLL-18;ELECTRONIC;2026-09-24T20:28:55Z;SEED_B6_ADSB;2026-09-24T20:28:55Z;SEED_B6_ADSB;8d8b6429-157f-5760-b266-a1a051f36389;1.2280;7607.46;USD
98e113ad-575e-59d2-93ff-b601669bb877;44028370-3a38-5818-89c0-ddd6c2ff5515;MATCHED;M;63027024-72ce-5a22-a08b-03ed2cd91b50;SHL-PBI-381673;;FT-PBI-20260924-0010;N563JB;N563JB;B61168;5824.00;LTR;590185.66;596009.66;5824.00;0.7951;KGL;MEA;22.80;GR;4630.66;COA-PBI-20260924-3;2026-09-24T20:11:35Z;SHL-DN-381673;Verified;fuel.ops@airline.com;2026-09-24T22:24:35Z;RF-PBI-11;MTR-RF-PBI-11;MANUAL;2026-09-24T20:24:35Z;SEED_B6_ADSB;2026-09-24T20:24:35Z;SEED_B6_ADSB;e35d0659-6717-5ae3-8f27-d0bae49eb56a;1.2634;7358.04;USD
79875ea2-5cb4-5ac1-9a0e-f2eaf79d1457;ccf67e15-0a97-5a6c-9082-643f95e6553c;MATCHED;E;ae6b831c-c933-5c37-a413-d5c12c02efb7;WFS-JFK-403833;;FT-JFK-20260924-0064;N635JB;N635JB;B61173;5196.00;LTR;754992.14;760188.14;5196.00;0.8025;KGL;MEA;17.70;GR;4169.79;COA-JFK-20260924-1;2026-09-24T20:05:23Z;WFS-DN-403833;Verified;fuel.ops@airline.com;2026-09-24T22:14:23Z;HD-JFK-03;MTR-HD-JFK-03;ELECTRONIC;2026-09-24T20:14:23Z;SEED_B6_ADSB;2026-09-24T20:14:23Z;SEED_B6_ADSB;3a910165-7b72-5344-b047-f354261dbeb5;1.2966;6737.13;USD
48327acc-4e8b-5300-b411-c03fb23ad772;818fc5b1-93ca-5375-b79e-f67bea5e92da;MATCHED;E;c8d96f1e-8de8-5930-be44-1f956d150bd9;CGA-SFO-275626;;FT-SFO-20260924-0007;N2157J;N2157J;B61034;13441.00;LTR;183796.09;197237.09;13441.00;0.8012;KGL;MEA;19.80;GR;10768.93;COA-SFO-20260924-1;2026-09-24T20:08:41Z;CGA-DN-275626;Verified;fuel.ops@airline.com;2026-09-24T22:26:41Z;HD-SFO-07;MTR-HD-SFO-07;ELECTRONIC;2026-09-24T20:26:41Z;SEED_B6_ADSB;2026-09-24T20:26:41Z;SEED_B6_ADSB;76c2cdd1-1db6-5a19-b9a5-00f55f082ae0;1.3161;17689.7;USD
70b5b828-f6bf-5393-a702-0a569d6cb1dc;2c50d8c0-a215-56f9-844f-b16265ccfb9d;MATCHED;E;13d315e2-4a79-529f-baef-f442a8790897;WFS-BOS-478922;;FT-BOS-20260924-0066;N3322J;N3322J;B6811;4363.00;LTR;246163.33;250526.33;4363.00;0.8052;KGL;MEA;16.70;GR;3513.09;COA-BOS-20260924-3;2026-09-24T20:13:33Z;WFS-DN-478922;Verified;fuel.ops@airline.com;2026-09-24T22:22:33Z;HD-BOS-14;MTR-HD-BOS-14;ELECTRONIC;2026-09-24T20:22:33Z;SEED_B6_ADSB;2026-09-24T20:22:33Z;SEED_B6_ADSB;5c308ea9-3baf-5ca7-b234-e96d205bb06e;1.3094;5712.91;USD
e8bc1ed5-a446-5f1f-ae0a-0e78c50d728d;ff287dff-be55-5e91-be7c-baf9b4adf799;MATCHED;E;21b8ec60-4a1f-58f9-9b22-ae34fee5e7ce;SHL-MCO-595717;;FT-MCO-20260924-0028;N913JB;N913JB;B62984;7592.00;LTR;635501.57;643093.57;7592.00;0.7976;KGL;MEA;24.30;GR;6055.38;COA-MCO-20260924-3;2026-09-24T20:25:28Z;SHL-DN-595717;Verified;fuel.ops@airline.com;2026-09-24T22:37:28Z;HD-MCO-21;MTR-HD-MCO-21;ELECTRONIC;2026-09-24T20:37:28Z;SEED_B6_ADSB;2026-09-24T20:37:28Z;SEED_B6_ADSB;6d268d80-0377-59e3-8c4d-35251d04c790;1.2432;9438.37;USD
35e8aeae-4616-5ca6-a5af-ebdbab6e1243;5c686e31-c1c2-5342-9240-e9fe9edced9c;MATCHED;M;9279463e-f2d0-5f31-90af-084bd11a9293;CGA-AUS-601308;;FT-AUS-20260924-0002;N566JB;N566JB;B61972;7063.00;LTR;364665.81;371728.81;7063.00;0.7918;KGL;MEA;23.50;GR;5592.48;COA-AUS-20260924-3;2026-09-24T20:34:28Z;CGA-DN-601308;Verified;fuel.ops@airline.com;2026-09-24T22:49:28Z;RF-AUS-02;MTR-RF-AUS-02;MANUAL;2026-09-24T20:49:28Z;SEED_B6_ADSB;2026-09-24T20:49:28Z;SEED_B6_ADSB;808f6775-bee2-5ba7-924c-ee63984b04bd;1.2531;8850.65;USD
1c97c904-6f2f-5226-babb-b9f5008b70bf;b54a8f41-1d06-5f4c-b564-59df85798f0a;MATCHED;E;8f121c77-b859-5497-a7b8-9edddf013940;PMA-SJU-755456;;FT-SJU-20260924-0017;N3102J;N3102J;B62602;8845.00;LTR;372898.89;381743.89;8845.00;0.7957;KGL;MEA;27.10;GR;7037.97;COA-SJU-20260924-2;2026-09-24T20:17:33Z;PMA-DN-755456;Verified;fuel.ops@airline.com;2026-09-24T22:30:33Z;HD-SJU-13;MTR-HD-SJU-13;ELECTRONIC;2026-09-24T20:30:33Z;SEED_B6_ADSB;2026-09-24T20:30:33Z;SEED_B6_ADSB;f73f0a9b-5427-5249-9bcb-170b6cbb45e1;1.2932;11438.35;USD
9a23a1f0-ce25-5f5c-b622-cffdee5b1614;3a6bc7ff-e16d-555a-9a7e-b40caade0e1b;MATCHED;E;8b97fc7f-f975-5f47-ac8d-a483b343425e;SHL-FLL-485098;;FT-FLL-20260924-0048;N580JB;N580JB;B6472;8996.00;LTR;854496.24;863492.24;8996.00;0.7941;KGL;MEA;23.20;GR;7143.72;COA-FLL-20260924-2;2026-09-24T20:40:41Z;SHL-DN-485098;Verified;fuel.ops@airline.com;2026-09-24T22:53:41Z;HD-FLL-14;MTR-HD-FLL-14;ELECTRONIC;2026-09-24T20:53:41Z;SEED_B6_ADSB;2026-09-24T20:53:41Z;SEED_B6_ADSB;1818eefc-4991-5f03-abc1-6ef84c1a48ea;1.2280;11047.09;USD
356d1e2e-5e5e-525d-a60b-c9f832a628ee;47767814-909e-56de-b4b1-fd78bbbbd5cf;MATCHED;M;7544dfde-c1e1-5f04-9a04-3bcdc1453d8c;CGA-AUS-601311;;FT-AUS-20260924-0003;N3251J;N3251J;B61238;9860.00;LTR;364665.81;374525.81;9860.00;0.7925;KGL;MEA;22.60;GR;7814.05;COA-AUS-20260924-3;2026-09-24T20:39:53Z;CGA-DN-601311;Verified;fuel.ops@airline.com;2026-09-24T22:59:53Z;RF-AUS-02;MTR-RF-AUS-02;MANUAL;2026-09-24T20:59:53Z;SEED_B6_ADSB;2026-09-24T20:59:53Z;SEED_B6_ADSB;5e69087d-3c23-5e37-ab82-9dc5ea6e52a1;1.2531;12355.57;USD
c556f602-12a2-5c9c-a2e0-96321fb60c4f;d371c6d5-0a78-5d3e-8c31-f26191fdfa6e;MATCHED;M;895ee9a9-418b-56c2-97bd-06698969651b;WFS-RDU-697024;;FT-RDU-20260924-0006;N588JB;N588JB;B62184;4637.00;LTR;460948.92;465585.92;4637.00;0.7962;KGL;MEA;22.70;GR;3691.98;COA-RDU-20260924-3;2026-09-24T20:46:26Z;WFS-DN-697024;Verified;fuel.ops@airline.com;2026-09-24T22:57:26Z;RF-RDU-03;MTR-RF-RDU-03;MANUAL;2026-09-24T20:57:26Z;SEED_B6_ADSB;2026-09-24T20:57:26Z;SEED_B6_ADSB;1694ed17-6b09-5e84-8c5e-658804a805fa;1.2713;5895.02;USD
4b5e2c52-1f1d-56ff-b243-094cec360378;000c752a-8aaa-554c-91b6-c9e9566409fe;MATCHED;E;d71ee620-ff19-50f5-9b56-5542583d24ac;SHL-BOS-696845;;FT-BOS-20260924-0067;N703JB;N703JB;B61237;5197.00;LTR;780380.43;785577.43;5197.00;0.8028;KGL;MEA;19.80;GR;4172.15;COA-BOS-20260924-3;2026-09-24T20:24:59Z;SHL-DN-696845;Verified;fuel.ops@airline.com;2026-09-24T22:34:59Z;HD-BOS-18;MTR-HD-BOS-18;ELECTRONIC;2026-09-24T20:34:59Z;SEED_B6_ADSB;2026-09-24T20:34:59Z;SEED_B6_ADSB;d144742d-517b-5fb5-830d-513ec9c2aee5;1.3061;6787.8;USD
302d71b9-674c-575d-86f0-08eb9d3124d8;0ba1a0f4-a0b7-5f60-a77e-a1f518919bdd;MATCHED;M;d55be1a5-ac91-5eb4-8475-d91c5ac8ea08;BPA-DTW-753874;;FT-DTW-20260924-0006;N3276J;N3276J;B6819;3937.00;LTR;371556.86;375493.86;3937.00;0.8034;KGL;MEA;17.30;GR;3162.99;COA-DTW-20260924-1;2026-09-24T20:42:06Z;BPA-DN-753874;Verified;fuel.ops@airline.com;2026-09-24T22:52:06Z;RF-DTW-06;MTR-RF-DTW-06;MANUAL;2026-09-24T20:52:06Z;SEED_B6_ADSB;2026-09-24T20:52:06Z;SEED_B6_ADSB;1bb7eb7e-709b-558e-86ef-aca9a8128ab7;1.2998;5117.31;USD
63980aca-afb9-55b3-80ad-5fa4515aad68;c570ecac-97bb-5f77-9e98-e923a28c8039;MATCHED;E;fd6bb662-6f3d-5892-90d1-ff57ffb84e2d;SHL-MCO-595719;;FT-MCO-20260924-0029;N646JB;N646JB;B61098;8718.00;LTR;635501.57;644219.57;8718.00;0.8001;KGL;MEA;21.20;GR;6975.27;COA-MCO-20260924-3;2026-09-24T20:42:45Z;SHL-DN-595719;Verified;fuel.ops@airline.com;2026-09-24T22:56:45Z;HD-MCO-21;MTR-HD-MCO-21;ELECTRONIC;2026-09-24T20:56:45Z;SEED_B6_ADSB;2026-09-24T20:56:45Z;SEED_B6_ADSB;37a97be1-9883-5851-a01f-7c293c58a032;1.2432;10838.22;USD
596576b9-de1e-5361-bddb-9a0c294c19f2;38b52aac-59e0-5365-bd51-6371fbf54285;MATCHED;E;32a289a3-d4f5-5e63-9c00-4f49dc480bbe;WFS-BOS-478925;;FT-BOS-20260924-0068;N982JB;N982JB;B6733;20971.00;LTR;246163.33;267134.33;20971.00;0.8057;KGL;MEA;16.10;GR;16896.33;COA-BOS-20260924-3;2026-09-24T20:37:56Z;WFS-DN-478925;Verified;fuel.ops@airline.com;2026-09-24T23:04:56Z;HD-BOS-14;MTR-HD-BOS-14;ELECTRONIC;2026-09-24T21:04:56Z;SEED_B6_ADSB;2026-09-24T21:04:56Z;SEED_B6_ADSB;ae11cd69-ab8a-5aff-a189-0a903d4ee4a2;1.3094;27459.43;USD
6a4cc36b-546a-52be-8ca2-8ec67468a8fd;1f3e074a-655e-5e3b-a5ab-aebdadaf1995;MATCHED;E;008e0233-2532-5c23-85cc-7c0d3777a1a5;SHL-JFK-512663;;FT-JFK-20260924-0065;N3123J;N3123J;B6358;13073.00;LTR;271565.84;284638.84;13073.00;0.8033;KGL;MEA;16.80;GR;10501.54;COA-JFK-20260924-1;2026-09-24T20:27:05Z;SHL-DN-512663;Verified;fuel.ops@airline.com;2026-09-24T22:45:05Z;HD-JFK-07;MTR-HD-JFK-07;ELECTRONIC;2026-09-24T20:45:05Z;SEED_B6_ADSB;2026-09-24T20:45:05Z;SEED_B6_ADSB;f6ea99b9-09d9-568e-9b00-04293cc228fd;1.3053;17064.19;USD
bfc96f07-60c9-516e-b1e4-77fb419767bd;6f5cdd34-23dd-524c-bdf2-6e2e48f08acd;MATCHED;M;1d4e1df5-5e0f-58e2-9656-b544bb4712ec;WFS-ORH-515273;;FT-ORH-20260924-0002;N597JB;N597JB;B62119;8741.00;LTR;892519.79;901260.79;8741.00;0.8002;KGL;MEA;16.70;GR;6994.55;COA-ORH-20260924-2;2026-09-24T20:40:33Z;WFS-DN-515273;Verified;fuel.ops@airline.com;2026-09-24T22:58:33Z;RF-ORH-15;MTR-RF-ORH-15;MANUAL;2026-09-24T20:58:33Z;SEED_B6_ADSB;2026-09-24T20:58:33Z;SEED_B6_ADSB;e5116282-99c8-5de0-bf60-b8b97cef415b;1.3617;11902.62;USD
335a12ba-35a0-5702-94b2-49fa89a2e1c7;3d40b23d-24cd-5803-b952-dfe5399b8ff7;MATCHED;E;b13e7d7a-04c8-587a-8ba1-8be5feb64e9d;CGA-LAS-427485;;FT-LAS-20260924-0006;N977JE;N977JE;B62832;13636.00;LTR;255270.73;268906.73;13636.00;0.8048;KGL;MEA;19.30;GR;10974.25;COA-LAS-20260924-1;2026-09-24T20:42:16Z;CGA-DN-427485;Verified;fuel.ops@airline.com;2026-09-24T23:01:16Z;HD-LAS-03;MTR-HD-LAS-03;ELECTRONIC;2026-09-24T21:01:16Z;SEED_B6_ADSB;2026-09-24T21:01:16Z;SEED_B6_ADSB;84b69a2a-405f-532a-84d4-d0262cf8bb90;1.2976;17694.07;USD
2d308aa8-ef7d-560f-9187-7ce9eb685a5d;b207962a-0771-5150-9a6b-0bd5e6bb5ff8;MATCHED;E;ba714b6f-b103-517f-80f9-f1710d3eeaff;WFS-JFK-403835;;FT-JFK-20260924-0066;N591JB;N591JB;B6263;17263.00;LTR;388598.99;405861.99;17263.00;0.8013;KGL;MEA;19.30;GR;13832.84;COA-JFK-20260924-1;2026-09-24T20:51:47Z;WFS-DN-403835;Verified;fuel.ops@airline.com;2026-09-24T23:14:47Z;HD-JFK-06;MTR-HD-JFK-06;ELECTRONIC;2026-09-24T21:14:47Z;SEED_B6_ADSB;2026-09-24T21:14:47Z;SEED_B6_ADSB;29a0ee92-056b-539c-bf81-1f50c4f90fc0;1.2966;22383.21;USD
c0948b26-0e90-5bda-b86f-1cdd6a5019a6;42c8dbd4-80d0-5a37-8996-b760f9b7f4c7;MATCHED;M;e4b6855d-9992-5510-a622-2350f5dd9f3c;WFS-ACK-768080;;FT-ACK-20260924-0004;N3142J;N3142J;B61151;1165.00;LTR;222954.69;224119.69;1165.00;0.8040;KGL;MEA;18.50;GR;936.66;COA-ACK-20260924-2;2026-09-24T20:54:49Z;WFS-DN-768080;Verified;fuel.ops@airline.com;2026-09-24T22:59:49Z;RF-ACK-02;MTR-RF-ACK-02;MANUAL;2026-09-24T20:59:49Z;SEED_B6_ADSB;2026-09-24T20:59:49Z;SEED_B6_ADSB;87c39c6d-77d0-5b6c-aa9d-60b716e69c33;1.3159;1533.02;USD
499e9652-857a-52db-b635-86e8f3041a56;89459899-30c2-54e0-ab11-a3ab8ffc86f1;MATCHED;E;a459f2ab-5ed5-53ec-9c6b-bf40b01c80a2;WFS-LAX-154039;;FT-LAX-20260924-0014;N979JT;N979JT;B62088;19506.00;LTR;283120.13;302626.13;19506.00;0.8060;KGL;MEA;20.60;GR;15721.84;COA-LAX-20260924-3;2026-09-24T20:43:42Z;WFS-DN-154039;Verified;fuel.ops@airline.com;2026-09-24T23:08:42Z;HD-LAX-21;MTR-HD-LAX-21;ELECTRONIC;2026-09-24T21:08:42Z;SEED_B6_ADSB;2026-09-24T21:08:42Z;SEED_B6_ADSB;2dea292f-53a9-5295-a603-4d3ff0c3cf1f;1.2923;25207.6;USD
ebbf6ce6-6c94-5862-8518-808c4c7d5ed7;61909641-cfd2-5c66-9cb5-707933e12122;MATCHED;E;cc0112f5-ff5c-5d00-8cbb-0f9ec29e5b69;SHL-JFK-512665;;FT-JFK-20260924-0067;N4074J;N4074J;B68358;622.00;LTR;103973.97;104595.97;622.00;0.8044;KGL;MEA;15.40;GR;500.34;COA-JFK-20260924-1;2026-09-24T20:50:52Z;SHL-DN-512665;Verified;fuel.ops@airline.com;2026-09-24T22:54:52Z;HD-JFK-09;MTR-HD-JFK-09;ELECTRONIC;2026-09-24T20:54:52Z;SEED_B6_ADSB;2026-09-24T20:54:52Z;SEED_B6_ADSB;a9cf5d2b-4836-535a-af45-41d0a0690c35;1.3053;811.9;USD
6ec40bd2-d4a5-5b56-a60f-15322f2c3da3;df2111ae-6525-5633-96a7-f1c0496d3010;MATCHED;E;d57530f5-d4e1-5e62-946e-38b47834b7fa;BPA-MCO-339235;;FT-MCO-20260924-0030;N3115J;N3115J;B61586;4406.00;LTR;869443.24;873849.24;4406.00;0.7977;KGL;MEA;24.10;GR;3514.67;COA-MCO-20260924-3;2026-09-24T20:59:18Z;BPA-DN-339235;Verified;fuel.ops@airline.com;2026-09-24T23:07:18Z;HD-MCO-03;MTR-HD-MCO-03;ELECTRONIC;2026-09-24T21:07:18Z;SEED_B6_ADSB;2026-09-24T21:07:18Z;SEED_B6_ADSB;558c1a6c-7294-5f7b-9219-2c373fd6ae24;1.2376;5452.87;USD
8931b301-28bb-5153-99cc-d8a59eb5edd7;bb195e7e-0b8c-5888-ae18-aaee80a6c7e8;MATCHED;E;bccb95e3-8a5f-5434-8685-387b2199c38d;CGA-DFW-294815;;FT-DFW-20260924-0003;N612JB;N612JB;B61882;6721.00;LTR;233695.66;240416.66;6721.00;0.8002;KGL;MEA;18.40;GR;5378.14;COA-DFW-20260924-1;2026-09-24T20:48:30Z;CGA-DN-294815;Verified;fuel.ops@airline.com;2026-09-24T23:00:30Z;HD-DFW-04;MTR-HD-DFW-04;ELECTRONIC;2026-09-24T21:00:30Z;SEED_B6_ADSB;2026-09-24T21:00:30Z;SEED_B6_ADSB;090058f3-10c2-522b-84f0-d6dfc1784835;1.2291;8260.78;USD
b8c08ed6-173d-5bac-ad99-6855072a2060;c0206821-86b1-55b4-9fe7-e2256daaa391;MATCHED;E;a7b091b6-2e2f-50dd-b5c1-ea1d6bdf3169;WFS-BOS-478926;;FT-BOS-20260924-0069;N3307J;N3307J;B6317;2996.00;LTR;109495.48;112491.48;2996.00;0.8062;KGL;MEA;15.50;GR;2415.38;COA-BOS-20260924-3;2026-09-24T20:44:08Z;WFS-DN-478926;Verified;fuel.ops@airline.com;2026-09-24T22:51:08Z;HD-BOS-12;MTR-HD-BOS-12;ELECTRONIC;2026-09-24T20:51:08Z;SEED_B6_ADSB;2026-09-24T20:51:08Z;SEED_B6_ADSB;a2a4e2b7-dde0-5838-bbc1-4c78738e34e6;1.3094;3922.96;USD
d9f2730c-6505-5743-87a3-9098a7a52d76;dc6c38c2-a79c-5684-b841-ef77b7a800bd;MATCHED;E;8495a426-d5ab-5318-a41b-b0c39d2726e1;WFS-LGA-756515;;FT-LGA-20260924-0010;N656JB;N656JB;B61371;7811.00;LTR;646096.65;653907.65;7811.00;0.8071;KGL;MEA;14.90;GR;6304.26;COA-LGA-20260924-2;2026-09-24T20:57:12Z;WFS-DN-756515;Verified;fuel.ops@airline.com;2026-09-24T23:09:12Z;HD-LGA-04;MTR-HD-LGA-04;ELECTRONIC;2026-09-24T21:09:12Z;SEED_B6_ADSB;2026-09-24T21:09:12Z;SEED_B6_ADSB;b271a382-e4bd-569a-8904-9f12351fc6d2;1.3018;10168.36;USD
483a8840-ab9e-5f2d-b7a2-186524784757;e8288818-7774-5b73-8e1b-2efd14b0531d;MATCHED;M;f756154a-5ff9-5847-8787-425f167992a6;AVF-JAX-322592;;FT-JAX-20260924-0005;N655JB;N655JB;B6810;6721.00;LTR;364878.62;371599.62;6721.00;0.8049;KGL;MEA;20.10;GR;5409.73;COA-JAX-20260924-3;2026-09-24T21:10:24Z;AVF-DN-322592;Verified;fuel.ops@airline.com;2026-09-24T23:25:24Z;RF-JAX-16;MTR-RF-JAX-16;MANUAL;2026-09-24T21:25:24Z;SEED_B6_ADSB;2026-09-24T21:25:24Z;SEED_B6_ADSB;bc9f9925-75f1-5fef-87d1-d0a351cb0727;1.2640;8495.34;USD
0d4ccf70-5b0a-58d1-99dc-f7b8a279861a;85e47aed-5ae8-5489-a262-d0c5f22dfd04;MATCHED;E;452947d0-bb56-55b4-89ce-f560eaf95c34;CGA-SFO-275628;;FT-SFO-20260924-0008;N981JT;N981JT;B6416;18572.00;LTR;186390.42;204962.42;18572.00;0.8032;KGL;MEA;17.20;GR;14917.03;COA-SFO-20260924-1;2026-09-24T20:48:47Z;CGA-DN-275628;Verified;fuel.ops@airline.com;2026-09-24T23:12:47Z;HD-SFO-05;MTR-HD-SFO-05;ELECTRONIC;2026-09-24T21:12:47Z;SEED_B6_ADSB;2026-09-24T21:12:47Z;SEED_B6_ADSB;6ecc9805-bf27-5984-9711-bdc43c0ca789;1.3161;24442.61;USD
58f3eda3-56ec-5b8e-9469-37781c6c4eb4;ff8514ed-3a39-5307-9730-6029467398b3;MATCHED;E;17f9d6c5-0457-57a1-b4a7-267dc42ba3d1;BPA-TPA-704090;;FT-TPA-20260924-0008;N556JB;N556JB;B6592;7807.00;LTR;543924.10;551731.10;7807.00;0.8056;KGL;MEA;22.70;GR;6289.32;COA-TPA-20260924-1;2026-09-24T21:12:17Z;BPA-DN-704090;Verified;fuel.ops@airline.com;2026-09-24T23:24:17Z;HD-TPA-12;MTR-HD-TPA-12;ELECTRONIC;2026-09-24T21:24:17Z;SEED_B6_ADSB;2026-09-24T21:24:17Z;SEED_B6_ADSB;46dc6a21-9bde-5df2-8671-976d6b4ec9cb;1.2208;9530.79;USD
ba7467ee-bb81-5427-bf33-bb3b33a40d94;c8eed832-b4a3-53f9-a15c-3ed8192f91d3;MATCHED;E;eff01330-c4fe-538d-9047-21648a260203;WFS-BOS-478927;;FT-BOS-20260924-0070;N3195J;N3195J;B61955;3205.00;LTR;204193.06;207398.06;3205.00;0.8041;KGL;MEA;18.10;GR;2577.14;COA-BOS-20260924-3;2026-09-24T21:05:27Z;WFS-DN-478927;Verified;fuel.ops@airline.com;2026-09-24T23:12:27Z;HD-BOS-23;MTR-HD-BOS-23;ELECTRONIC;2026-09-24T21:12:27Z;SEED_B6_ADSB;2026-09-24T21:12:27Z;SEED_B6_ADSB;883bbd06-9a61-5e5e-8649-1b4bcbefef71;1.3094;4196.63;USD
3d08e778-83a5-5acc-9ce0-57d7f4a08c56;6dc1cbe6-bab9-5eca-8030-df7178ab25e6;MATCHED;E;f50e3909-6b8a-5a41-9152-f21bd697b7aa;CGA-LAS-427488;;FT-LAS-20260924-0007;N966JT;N966JT;B6348;15153.00;LTR;316558.49;331711.49;15153.00;0.8044;KGL;MEA;19.80;GR;12189.07;COA-LAS-20260924-1;2026-09-24T21:19:52Z;CGA-DN-427488;Verified;fuel.ops@airline.com;2026-09-24T23:39:52Z;HD-LAS-21;MTR-HD-LAS-21;ELECTRONIC;2026-09-24T21:39:52Z;SEED_B6_ADSB;2026-09-24T21:39:52Z;SEED_B6_ADSB;e85d9a9d-9896-55c6-a57c-fb4204425419;1.2976;19662.53;USD
7feacda6-e8aa-505f-9649-32b6bfef6ae7;4649e62e-8d36-5b0b-b514-b84af2689320;MATCHED;E;5d813b7c-b72a-5049-b1a7-0de101a2ac9e;PMA-SJU-755458;;FT-SJU-20260924-0018;N708JB;N708JB;B61348;10695.00;LTR;261043.15;271738.15;10695.00;0.7955;KGL;MEA;27.30;GR;8507.87;COA-SJU-20260924-2;2026-09-24T21:19:25Z;PMA-DN-755458;Verified;fuel.ops@airline.com;2026-09-24T23:34:25Z;HD-SJU-24;MTR-HD-SJU-24;ELECTRONIC;2026-09-24T21:34:25Z;SEED_B6_ADSB;2026-09-24T21:34:25Z;SEED_B6_ADSB;2669ee43-0133-5a19-8c71-07fe52cdcdaa;1.2932;13830.77;USD
8518eadd-e88f-5dd4-9df1-6b0d8bb23dd4;3b0fbdee-261f-5076-8751-00296dc4b856;MATCHED;E;ea6988f4-8785-56c9-88c6-730cdd8163eb;SHL-MCO-595721;;FT-MCO-20260924-0031;N598JB;N598JB;B61947;2834.00;LTR;867550.60;870384.60;2834.00;0.7984;KGL;MEA;23.30;GR;2262.67;COA-MCO-20260924-3;2026-09-24T21:06:35Z;SHL-DN-595721;Verified;fuel.ops@airline.com;2026-09-24T23:13:35Z;HD-MCO-07;MTR-HD-MCO-07;ELECTRONIC;2026-09-24T21:13:35Z;SEED_B6_ADSB;2026-09-24T21:13:35Z;SEED_B6_ADSB;389d241e-5ea5-510e-b7b0-65474d60ad0a;1.2432;3523.23;USD
5de55022-25eb-5214-8bcc-d0720090cb52;fa3d2411-8d72-5b37-ac01-0846afee6c55;MATCHED;E;ff61a43a-daca-5bcd-a624-7b4728f917dd;WFS-JFK-403836;;FT-JFK-20260924-0068;N992JB;N992JB;B61189;18871.00;LTR;754992.14;773863.14;18871.00;0.8006;KGL;MEA;20.10;GR;15108.12;COA-JFK-20260924-1;2026-09-24T21:15:37Z;WFS-DN-403836;Verified;fuel.ops@airline.com;2026-09-24T23:40:37Z;HD-JFK-03;MTR-HD-JFK-03;ELECTRONIC;2026-09-24T21:40:37Z;SEED_B6_ADSB;2026-09-24T21:40:37Z;SEED_B6_ADSB;a2695734-98f7-525b-a25a-dfd001074877;1.2966;24468.14;USD
d8137807-da20-5098-b49d-0599735d36a1;1df14546-92b9-5ef5-b04c-741cd6a350cc;MATCHED;E;57f688e0-9933-5ca0-8034-1d142b1e4676;WFS-BOS-478928;;FT-BOS-20260924-0071;N3242J;N3242J;B62185;3497.00;LTR;246163.33;249660.33;3497.00;0.8042;KGL;MEA;18.00;GR;2812.29;COA-BOS-20260924-3;2026-09-24T21:17:17Z;WFS-DN-478928;Verified;fuel.ops@airline.com;2026-09-24T23:24:17Z;HD-BOS-14;MTR-HD-BOS-14;ELECTRONIC;2026-09-24T21:24:17Z;SEED_B6_ADSB;2026-09-24T21:24:17Z;SEED_B6_ADSB;45b3fc9f-fda9-5ead-86ea-eb7ed472a106;1.3094;4578.97;USD
95a45020-18d0-527d-981d-7abad2bb0220;f6eb75b6-51d7-5eeb-ad6b-182498927021;MATCHED;E;79022fc4-bddf-50ed-823b-01b54343b7a4;SHL-BOS-696848;;FT-BOS-20260924-0072;N3296J;N3296J;B62065;7403.00;LTR;226607.65;234010.65;7403.00;0.8044;KGL;MEA;17.70;GR;5954.97;COA-BOS-20260924-3;2026-09-24T21:10:40Z;SHL-DN-696848;Verified;fuel.ops@airline.com;2026-09-24T23:22:40Z;HD-BOS-06;MTR-HD-BOS-06;ELECTRONIC;2026-09-24T21:22:40Z;SEED_B6_ADSB;2026-09-24T21:22:40Z;SEED_B6_ADSB;9bb0bae2-ee61-5c18-a3e4-c376461f2fa2;1.3061;9669.06;USD
0110db08-752a-5bb8-af1f-d7fecea19dac;99773287-5133-5e2d-9c33-12552e184555;MATCHED;E;e2e3dac0-fa1d-56bb-8637-3ec00b25e2bc;WFS-JFK-403837;;FT-JFK-20260924-0069;N970JB;N970JB;B6161;17863.00;LTR;889502.03;907365.03;17863.00;0.8041;KGL;MEA;15.80;GR;14363.64;COA-JFK-20260924-1;2026-09-24T21:26:42Z;WFS-DN-403837;Verified;fuel.ops@airline.com;2026-09-24T23:49:42Z;HD-JFK-15;MTR-HD-JFK-15;ELECTRONIC;2026-09-24T21:49:42Z;SEED_B6_ADSB;2026-09-24T21:49:42Z;SEED_B6_ADSB;ad6377ad-ea32-59b6-896f-10225921fd30;1.2966;23161.17;USD
5cc45c65-6bda-50bd-92e9-4bde0e7fcd73;42554c99-93e7-5f7b-a407-4aa9d8474899;MATCHED;E;cc04b3ae-4238-5665-9e05-4d80d0dc89e4;CGA-SAN-368870;;FT-SAN-20260924-0002;N2205J;N2205J;B6220;14645.00;LTR;255092.45;269737.45;14645.00;0.8061;KGL;MEA;19.30;GR;11805.33;COA-SAN-20260924-1;2026-09-24T21:16:41Z;CGA-DN-368870;Verified;fuel.ops@airline.com;2026-09-24T23:36:41Z;HD-SAN-18;MTR-HD-SAN-18;ELECTRONIC;2026-09-24T21:36:41Z;SEED_B6_ADSB;2026-09-24T21:36:41Z;SEED_B6_ADSB;ea08d164-29da-5177-b4c1-f34e55180f8b;1.2997;19034.11;USD
ba9ba4f3-0026-5c7f-8b4a-dd60a2054c08;865fe749-5f2e-5c08-b317-1cc78eac8a47;MATCHED;E;241726be-c416-5046-b0de-36b2a882eaa5;BPA-MCO-339237;;FT-MCO-20260924-0032;N632JB;N632JB;B6138;7636.00;LTR;189191.98;196827.98;7636.00;0.7970;KGL;MEA;25.00;GR;6085.89;COA-MCO-20260924-3;2026-09-24T21:32:02Z;BPA-DN-339237;Verified;fuel.ops@airline.com;2026-09-24T23:44:02Z;HD-MCO-15;MTR-HD-MCO-15;ELECTRONIC;2026-09-24T21:44:02Z;SEED_B6_ADSB;2026-09-24T21:44:02Z;SEED_B6_ADSB;96ec8baf-c960-5b70-ae1a-40a0f9b8db41;1.2376;9450.31;USD
d2cd1cd9-b23c-51fd-8912-a252adc4638e;e2457e3b-853b-5727-9b88-8b35f8e2b477;MATCHED;E;397212c5-8035-5f99-92be-218a937141b2;SHL-BOS-696849;;FT-BOS-20260924-0073;N949JT;N949JT;B6387;20760.00;LTR;404295.91;425055.91;20760.00;0.8063;KGL;MEA;15.40;GR;16738.79;COA-BOS-20260924-3;2026-09-24T21:23:07Z;SHL-DN-696849;Verified;fuel.ops@airline.com;2026-09-24T23:50:07Z;HD-BOS-01;MTR-HD-BOS-01;ELECTRONIC;2026-09-24T21:50:07Z;SEED_B6_ADSB;2026-09-24T21:50:07Z;SEED_B6_ADSB;c5362677-1625-5f10-b6ac-27ec2dfeddf9;1.3061;27114.64;USD
69b1f510-18d0-51e1-b9f6-467cc1b8dbc7;c4ca38a9-f255-5719-801d-44d9a43c23a7;MATCHED;E;aab1619d-2ea7-5e31-8a7c-e82eef1e2a0f;SHL-BOS-696850;;FT-BOS-20260924-0074;N986JB;N986JB;B6177;18139.00;LTR;533909.80;552048.80;18139.00;0.8044;KGL;MEA;17.70;GR;14591.01;COA-BOS-20260924-3;2026-09-24T21:22:19Z;SHL-DN-696850;Verified;fuel.ops@airline.com;2026-09-24T23:46:19Z;HD-BOS-21;MTR-HD-BOS-21;ELECTRONIC;2026-09-24T21:46:19Z;SEED_B6_ADSB;2026-09-24T21:46:19Z;SEED_B6_ADSB;e7f4cbfd-3ed4-5517-8eca-8de8a9431409;1.3061;23691.35;USD
5b2dd42c-8f92-5ad3-b1bd-fd09593bb6af;7c3109c2-fe3e-511f-af04-0019d857fa7d;MATCHED;E;63131cad-c5bc-5b13-9900-77eb48c03cfd;CGA-IAH-360681;;FT-IAH-20260924-0005;N3149J;N3149J;B6282;8162.00;LTR;689030.90;697192.90;8162.00;0.7912;KGL;MEA;23.80;GR;6457.77;COA-IAH-20260924-2;2026-09-24T21:35:57Z;CGA-DN-360681;Verified;fuel.ops@airline.com;2026-09-24T23:48:57Z;HD-IAH-22;MTR-HD-IAH-22;ELECTRONIC;2026-09-24T21:48:57Z;SEED_B6_ADSB;2026-09-24T21:48:57Z;SEED_B6_ADSB;7da81d60-b5b8-5b8c-b49f-9dfc239cae86;1.2227;9979.68;USD
54bd4c04-23c8-54ec-8baa-30c24c1c98cb;650d9e84-b859-57b6-a81e-ccf8e5c063fe;MATCHED;E;b46fa653-9c20-5a82-9fb7-b9ccbdb0ec67;WFS-BOS-478931;;FT-BOS-20260924-0075;N3304J;N3304J;B61341;3492.00;LTR;558108.00;561600.00;3492.00;0.8027;KGL;MEA;19.90;GR;2803.03;COA-BOS-20260924-3;2026-09-24T21:21:24Z;WFS-DN-478931;Verified;fuel.ops@airline.com;2026-09-24T23:28:24Z;HD-BOS-08;MTR-HD-BOS-08;ELECTRONIC;2026-09-24T21:28:24Z;SEED_B6_ADSB;2026-09-24T21:28:24Z;SEED_B6_ADSB;e3bc8cde-b6c7-51c0-82d0-4237f995e008;1.3094;4572.42;USD
ec19226f-01c7-549e-804a-55e4a0fbba04;77210fe5-cb80-5c47-981a-6b6c23f56ac4;MATCHED;E;da1d73e4-58e4-5801-b497-e4669f6f92d6;WFS-JFK-403838;;FT-JFK-20260924-0070;N3138J;N3138J;B61202;3672.00;LTR;398783.17;402455.17;3672.00;0.8023;KGL;MEA;18.00;GR;2946.05;COA-JFK-20260924-1;2026-09-24T21:20:41Z;WFS-DN-403838;Verified;fuel.ops@airline.com;2026-09-24T23:28:41Z;HD-JFK-20;MTR-HD-JFK-20;ELECTRONIC;2026-09-24T21:28:41Z;SEED_B6_ADSB;2026-09-24T21:28:41Z;SEED_B6_ADSB;be1ba2b1-a016-59af-b9ba-cbcd54cdd6bb;1.2966;4761.12;USD
48237ede-35df-51b0-a5e6-2cfe5d26cdfb;ba3914bf-a388-5dc1-8812-66723ab651ca;MATCHED;E;f85f891b-9b4b-5b0a-a257-25f5ce96a132;BPA-PHL-493064;;FT-PHL-20260924-0006;N3194J;N3194J;B61860;1102.00;LTR;423248.62;424350.62;1102.00;0.8063;KGL;MEA;18.30;GR;888.54;COA-PHL-20260924-1;2026-09-24T21:25:45Z;BPA-DN-493064;Verified;fuel.ops@airline.com;2026-09-24T23:30:45Z;HD-PHL-18;MTR-HD-PHL-18;ELECTRONIC;2026-09-24T21:30:45Z;SEED_B6_ADSB;2026-09-24T21:30:45Z;SEED_B6_ADSB;874162ec-132e-508d-8e79-c31dfcdf00a0;1.3171;1451.44;USD
3702b039-a237-5cb4-8bff-fcfb5e2665ea;978af588-041c-5bd0-8dda-d90d406afdc0;MATCHED;E;e92f1272-6c4c-578b-950b-ab3b555a7a97;CGA-LAS-427489;;FT-LAS-20260924-0008;N934JB;N934JB;B61178;17276.00;LTR;738609.84;755885.84;17276.00;0.8064;KGL;MEA;17.30;GR;13931.37;COA-LAS-20260924-1;2026-09-24T21:45:24Z;CGA-DN-427489;Verified;fuel.ops@airline.com;2026-09-25T00:08:24Z;HD-LAS-22;MTR-HD-LAS-22;ELECTRONIC;2026-09-24T22:08:24Z;SEED_B6_ADSB;2026-09-24T22:08:24Z;SEED_B6_ADSB;b4aa0390-ad17-5648-9975-bd553a3bc01a;1.2976;22417.34;USD
5485eebc-1b34-5303-b14a-173b9f12d403;8a2f52a7-6851-5e73-a8d8-4e8d66cd7e36;MATCHED;M;55e1cdd6-a663-5f30-91d9-27d43a7b16f1;AVF-BHM-522092;;FT-BHM-20260924-0002;N593JB;N593JB;B68621;2856.00;LTR;303264.53;306120.53;2856.00;0.8040;KGL;MEA;20.80;GR;2296.22;COA-BHM-20260924-1;2026-09-24T21:45:21Z;AVF-DN-522092;Verified;fuel.ops@airline.com;2026-09-24T23:53:21Z;RF-BHM-21;MTR-RF-BHM-21;MANUAL;2026-09-24T21:53:21Z;SEED_B6_ADSB;2026-09-24T21:53:21Z;SEED_B6_ADSB;b542de71-8c4a-56f6-8d07-97f2887b72d0;1.2711;3630.26;USD
6571b70d-ca8f-5c11-a45a-09e9a69b20ef;2dbe108a-8f90-5022-af43-b509abbcbd54;MATCHED;E;e9e98fc6-4002-5d3a-a442-d7fb173f1d41;WFS-BOS-478932;;FT-BOS-20260924-0076;N638JB;N638JB;B6369;9651.00;LTR;109495.48;119146.48;9651.00;0.8040;KGL;MEA;18.20;GR;7759.4;COA-BOS-20260924-3;2026-09-24T21:32:32Z;WFS-DN-478932;Verified;fuel.ops@airline.com;2026-09-24T23:46:32Z;HD-BOS-12;MTR-HD-BOS-12;ELECTRONIC;2026-09-24T21:46:32Z;SEED_B6_ADSB;2026-09-24T21:46:32Z;SEED_B6_ADSB;4d227722-4a35-5277-8861-2e460d95cab7;1.3094;12637.02;USD
56fe7469-7301-5fa9-a8ff-5eb2957a90e1;c261bf92-5b3c-5392-90f3-cf2be2aeb2ab;MATCHED;E;71069ec8-775c-5f66-b312-cb3e698c1484;CGA-DEN-616019;;FT-DEN-20260924-0002;N3104J;N3104J;B61498;8177.00;LTR;375098.37;383275.37;8177.00;0.8076;KGL;MEA;20.80;GR;6603.75;COA-DEN-20260924-3;2026-09-24T21:33:05Z;CGA-DN-616019;Verified;fuel.ops@airline.com;2026-09-24T23:46:05Z;HD-DEN-17;MTR-HD-DEN-17;ELECTRONIC;2026-09-24T21:46:05Z;SEED_B6_ADSB;2026-09-24T21:46:05Z;SEED_B6_ADSB;f97af589-ddd2-569f-9233-92d59c9d9a82;1.2688;10374.98;USD
a510b4f3-302b-540a-bf00-d3f17d1e7d74;4ec6c498-0ceb-5f7a-ac17-aa297ead9684;MATCHED;E;0c339328-2eb0-5a95-9f28-c07587c4c15b;WFS-JFK-403839;;FT-JFK-20260924-0071;N3275J;N3275J;B6355;15103.00;LTR;594312.28;609415.28;15103.00;0.8033;KGL;MEA;16.80;GR;12132.24;COA-JFK-20260924-1;2026-09-24T21:37:34Z;WFS-DN-403839;Verified;fuel.ops@airline.com;2026-09-24T23:57:34Z;HD-JFK-02;MTR-HD-JFK-02;ELECTRONIC;2026-09-24T21:57:34Z;SEED_B6_ADSB;2026-09-24T21:57:34Z;SEED_B6_ADSB;76f927fc-63f2-55bd-97ab-6cefc28adef3;1.2966;19582.55;USD
ced732a5-4463-5356-967e-9cba4a031a80;5042412d-d303-57ff-982a-5079787f6ece;MATCHED;E;017832dc-3b83-500c-af77-98516cda5842;CGA-IAH-360682;;FT-IAH-20260924-0006;N809JB;N809JB;B62180;5788.00;LTR;291504.62;297292.62;5788.00;0.7910;KGL;MEA;24.10;GR;4578.31;COA-IAH-20260924-2;2026-09-24T21:42:29Z;CGA-DN-360682;Verified;fuel.ops@airline.com;2026-09-24T23:52:29Z;HD-IAH-24;MTR-HD-IAH-24;ELECTRONIC;2026-09-24T21:52:29Z;SEED_B6_ADSB;2026-09-24T21:52:29Z;SEED_B6_ADSB;5fb082ff-1bd5-5206-a93c-c15f9af427e3;1.2227;7076.99;USD
1f1058d3-ebc4-5f12-b0a6-8fc31f97f763;b629dcf0-4887-5b0d-9fee-eedfab42607b;MATCHED;M;80f8b8f7-b93d-5da0-81f6-451d710cc981;WFS-ACK-768082;;FT-ACK-20260924-0005;N3298J;N3298J;B62122;1383.00;LTR;225763.95;227146.95;1383.00;0.8030;KGL;MEA;19.80;GR;1110.55;COA-ACK-20260924-2;2026-09-24T21:50:20Z;WFS-DN-768082;Verified;fuel.ops@airline.com;2026-09-24T23:56:20Z;RF-ACK-21;MTR-RF-ACK-21;MANUAL;2026-09-24T21:56:20Z;SEED_B6_ADSB;2026-09-24T21:56:20Z;SEED_B6_ADSB;88c4f546-4cfc-509f-b184-1448749273da;1.3159;1819.89;USD
7faafc9d-bc27-5b50-b4af-606a5646bf9b;9c486c6c-0c33-50a6-b247-1a338479e122;MATCHED;E;87a645da-4835-5f90-82c8-1aa7ec71d2e1;SHL-JFK-512666;;FT-JFK-20260924-0072;N994JL;N994JL;B61023;17787.00;LTR;594312.28;612099.28;17787.00;0.8030;KGL;MEA;17.10;GR;14282.96;COA-JFK-20260924-1;2026-09-24T21:32:56Z;SHL-DN-512666;Verified;fuel.ops@airline.com;2026-09-24T23:55:56Z;HD-JFK-02;MTR-HD-JFK-02;ELECTRONIC;2026-09-24T21:55:56Z;SEED_B6_ADSB;2026-09-24T21:55:56Z;SEED_B6_ADSB;a3e6fdfc-69e0-59a6-ac09-e167538fe87b;1.3053;23217.37;USD
1d0d8bf6-483a-5445-94c2-74c26a71524b;7d49d5f5-5253-5942-9f50-9ff65db5508e;MATCHED;E;39d239ce-905c-5490-bcf9-e08413ff2e85;SHL-JFK-512668;;FT-JFK-20260924-0073;N943JT;N943JT;B6615;20214.00;LTR;388598.99;408812.99;20214.00;0.8004;KGL;MEA;20.40;GR;16179.29;COA-JFK-20260924-1;2026-09-24T21:29:06Z;SHL-DN-512668;Verified;fuel.ops@airline.com;2026-09-24T23:55:06Z;HD-JFK-06;MTR-HD-JFK-06;ELECTRONIC;2026-09-24T21:55:06Z;SEED_B6_ADSB;2026-09-24T21:55:06Z;SEED_B6_ADSB;597d09b0-a986-58c6-9a32-bcc053a2c833;1.3053;26385.33;USD
81b31dc8-b3d4-5a5c-98ba-cbb7cde3f384;8df83d30-1085-558d-bfca-a1f88a18bc34;MATCHED;E;5df93883-5d8c-5849-a99e-0ff6281c945a;SHL-BOS-696852;;FT-BOS-20260924-0077;N3244J;N3244J;B6715;3776.00;LTR;511336.59;515112.59;3776.00;0.8041;KGL;MEA;18.10;GR;3036.28;COA-BOS-20260924-3;2026-09-24T21:31:44Z;SHL-DN-696852;Verified;fuel.ops@airline.com;2026-09-24T23:39:44Z;HD-BOS-16;MTR-HD-BOS-16;ELECTRONIC;2026-09-24T21:39:44Z;SEED_B6_ADSB;2026-09-24T21:39:44Z;SEED_B6_ADSB;531cd360-a081-5075-9045-ac9d20efee66;1.3061;4931.83;USD
23b9f374-dbf2-5262-a949-cdcac02363b4;36d80001-d2ef-5abe-8e09-3bd16e11a857;MATCHED;E;b23d6988-a3da-56d6-9686-55fc862253bf;WFS-JFK-403840;;FT-JFK-20260924-0074;N995JL;N995JL;B61801;8816.00;LTR;754992.14;763808.14;8816.00;0.8037;KGL;MEA;16.30;GR;7085.42;COA-JFK-20260924-1;2026-09-24T21:31:31Z;WFS-DN-403840;Verified;fuel.ops@airline.com;2026-09-24T23:45:31Z;HD-JFK-03;MTR-HD-JFK-03;ELECTRONIC;2026-09-24T21:45:31Z;SEED_B6_ADSB;2026-09-24T21:45:31Z;SEED_B6_ADSB;9933b503-f87c-5942-b3a4-9d1290fe476b;1.2966;11430.83;USD
45a9b39b-7346-5295-b4f4-5d34b6514159;7bcf221e-2265-59a0-bd53-af828088d94c;MATCHED;M;03bb759a-75cd-5a45-b5f6-36f02b7e3fae;AVF-SAV-611651;;FT-SAV-20260924-0002;N3269J;N3269J;B6150;4593.00;LTR;196919.93;201512.93;4593.00;0.7924;KGL;MEA;23.10;GR;3639.49;COA-SAV-20260924-2;2026-09-24T21:44:46Z;AVF-DN-611651;Verified;fuel.ops@airline.com;2026-09-24T23:55:46Z;RF-SAV-02;MTR-RF-SAV-02;MANUAL;2026-09-24T21:55:46Z;SEED_B6_ADSB;2026-09-24T21:55:46Z;SEED_B6_ADSB;19b258ae-1ed5-5c4b-b3a5-13775d1d9d0a;1.2473;5728.85;USD
cb4b60b0-e638-5d5c-a37d-02ef1b2128dd;c77ab19c-5599-50a5-a69b-e6624897f9eb;MATCHED;E;41c73552-767d-5ea9-9d69-ade3c9761828;PMA-SJU-755459;;FT-SJU-20260924-0019;N521JB;N521JB;B62134;8406.00;LTR;419137.68;427543.68;8406.00;0.7932;KGL;MEA;30.20;GR;6667.64;COA-SJU-20260924-2;2026-09-24T21:44:48Z;PMA-DN-755459;Verified;fuel.ops@airline.com;2026-09-24T23:57:48Z;HD-SJU-09;MTR-HD-SJU-09;ELECTRONIC;2026-09-24T21:57:48Z;SEED_B6_ADSB;2026-09-24T21:57:48Z;SEED_B6_ADSB;3834ada7-9f9a-5c3f-840e-24255a1d2c6e;1.2932;10870.64;USD
ff39fc06-f8de-51b7-b32d-12d72d27bf9e;d584ee24-fbb3-56d6-8dfd-9955dd177327;MATCHED;E;0ad1fc36-317f-5868-ba6f-8061192f87f7;WFS-BOS-478935;;FT-BOS-20260924-0078;N4062J;N4062J;B6331;19983.00;LTR;404295.91;424278.91;19983.00;0.8036;KGL;MEA;18.70;GR;16058.34;COA-BOS-20260924-3;2026-09-24T21:42:40Z;WFS-DN-478935;Verified;fuel.ops@airline.com;2026-09-25T00:08:40Z;HD-BOS-01;MTR-HD-BOS-01;ELECTRONIC;2026-09-24T22:08:40Z;SEED_B6_ADSB;2026-09-24T22:08:40Z;SEED_B6_ADSB;e4e25f6a-4c5f-5912-90a9-a675144e4a4d;1.3094;26165.74;USD
078a125e-ca76-56ff-9cda-efacb85d0bc4;97d255cd-69bd-5cb6-909c-6f71c3dc85d6;MATCHED;M;aa353883-0686-550e-a825-047a157bcbd6;WFS-RDU-697027;;FT-RDU-20260924-0007;N3121J;N3121J;B62384;5690.00;LTR;832474.69;838164.69;5690.00;0.7968;KGL;MEA;21.90;GR;4533.79;COA-RDU-20260924-3;2026-09-24T21:47:42Z;WFS-DN-697027;Verified;fuel.ops@airline.com;2026-09-25T00:00:42Z;RF-RDU-12;MTR-RF-RDU-12;MANUAL;2026-09-24T22:00:42Z;SEED_B6_ADSB;2026-09-24T22:00:42Z;SEED_B6_ADSB;34d180e1-7801-5a3f-9b56-e01de24440e4;1.2713;7233.7;USD
04efebc7-ad3e-5584-8546-e46339c376a6;b99f3d51-c875-5b2a-8973-1726ac75ceb2;MATCHED;M;028b007c-1aef-518c-8790-2d53ccc368e5;WFS-HPN-788023;;FT-HPN-20260924-0012;N806JB;N806JB;B6467;7892.00;LTR;661938.91;669830.91;7892.00;0.8067;KGL;MEA;15.70;GR;6366.48;COA-HPN-20260924-1;2026-09-24T21:52:40Z;WFS-DN-788023;Verified;fuel.ops@airline.com;2026-09-25T00:09:40Z;RF-HPN-20;MTR-RF-HPN-20;MANUAL;2026-09-24T22:09:40Z;SEED_B6_ADSB;2026-09-24T22:09:40Z;SEED_B6_ADSB;0242643b-7f5b-55f1-9d27-d99d53a38216;1.3533;10680.24;USD
df7ed18e-2df0-5719-bedf-6705f0aa021a;e94945ab-f84b-5ef4-bd26-cd0fa32e037b;MATCHED;E;017d90f5-b770-59f6-88e5-6f9c32f46747;WFS-BOS-478937;;FT-BOS-20260924-0079;N3152J;N3152J;B62255;2936.00;LTR;678919.57;681855.57;2936.00;0.8034;KGL;MEA;19.00;GR;2358.78;COA-BOS-20260924-3;2026-09-24T21:56:37Z;WFS-DN-478937;Verified;fuel.ops@airline.com;2026-09-25T00:03:37Z;HD-BOS-19;MTR-HD-BOS-19;ELECTRONIC;2026-09-24T22:03:37Z;SEED_B6_ADSB;2026-09-24T22:03:37Z;SEED_B6_ADSB;cc4e861f-c447-57d1-9296-b680eac86b00;1.3094;3844.4;USD
8a13c054-508b-5fb7-a3b0-adfb233dc5aa;bb08f574-746a-566e-81b1-84ea5ddae7b7;MATCHED;M;c40a33d7-0cf6-52a6-bbed-699ff54e1a3e;SHL-PBI-381674;;FT-PBI-20260924-0011;N804JB;N804JB;B61142;7078.00;LTR;688698.80;695776.80;7078.00;0.7964;KGL;MEA;21.20;GR;5636.92;COA-PBI-20260924-3;2026-09-24T22:00:06Z;SHL-DN-381674;Verified;fuel.ops@airline.com;2026-09-25T00:15:06Z;RF-PBI-19;MTR-RF-PBI-19;MANUAL;2026-09-24T22:15:06Z;SEED_B6_ADSB;2026-09-24T22:15:06Z;SEED_B6_ADSB;651cdda9-56d4-539a-a21a-c17f820000cb;1.2634;8942.35;USD
29341c42-219c-5aee-977d-11dc8daebae7;bed4b9de-2931-5064-a60b-666f1e631711;MATCHED;E;111bb4a7-d3df-55cf-a5ec-21bbbc5f2100;SHL-FLL-485101;;FT-FLL-20260924-0049;N2017J;N2017J;B62702;6953.00;LTR;495787.00;502740.00;6953.00;0.7916;KGL;MEA;26.40;GR;5503.99;COA-FLL-20260924-2;2026-09-24T22:04:19Z;SHL-DN-485101;Verified;fuel.ops@airline.com;2026-09-25T00:15:19Z;HD-FLL-08;MTR-HD-FLL-08;ELECTRONIC;2026-09-24T22:15:19Z;SEED_B6_ADSB;2026-09-24T22:15:19Z;SEED_B6_ADSB;b03b0a0f-c25e-5739-87c4-91d450e090d3;1.2280;8538.28;USD
52b48e74-383c-52f2-a487-e7264bf73e78;6176b768-52e4-5ed0-9a4d-a08dde1ffd5d;MATCHED;E;029cbdb4-0445-52b1-a495-ab13208a728e;BPA-DCA-429163;;FT-DCA-20260924-0013;N3260J;N3260J;B623;4875.00;LTR;861903.04;866778.04;4875.00;0.7958;KGL;MEA;21.40;GR;3879.52;COA-DCA-20260924-1;2026-09-24T21:58:38Z;BPA-DN-429163;Verified;fuel.ops@airline.com;2026-09-25T00:07:38Z;HD-DCA-10;MTR-HD-DCA-10;ELECTRONIC;2026-09-24T22:07:38Z;SEED_B6_ADSB;2026-09-24T22:07:38Z;SEED_B6_ADSB;d4c8e454-cd64-5f94-8198-08fe5450108e;1.3051;6362.36;USD
f488374d-fd7e-5d8a-a00d-97f07eddd918;a6fc692a-3e4b-5ac5-84ec-8b52dc0bf3a8;MATCHED;M;e66f7195-18d7-50b0-85af-2defb58b0dd7;BPA-RIC-112599;;FT-RIC-20260924-0004;N3229J;N3229J;B6782;2763.00;LTR;537996.17;540759.17;2763.00;0.8065;KGL;MEA;16.50;GR;2228.36;COA-RIC-20260924-1;2026-09-24T21:55:23Z;BPA-DN-112599;Verified;fuel.ops@airline.com;2026-09-25T00:03:23Z;RF-RIC-02;MTR-RF-RIC-02;MANUAL;2026-09-24T22:03:23Z;SEED_B6_ADSB;2026-09-24T22:03:23Z;SEED_B6_ADSB;2ed5e74c-3d71-5b77-9902-dcdb573b1a2f;1.3625;3764.59;USD
49b35fcd-67c5-5512-b85f-1e21abad87a3;8ff21d90-f91e-57f2-ac13-ad2ba9fbc021;MATCHED;E;74573518-96f4-5da1-959a-246f9fc6359a;BPA-DCA-429166;;FT-DCA-20260924-0014;N712JB;N712JB;B62523;5626.00;LTR;677226.68;682852.68;5626.00;0.7990;KGL;MEA;17.40;GR;4495.17;COA-DCA-20260924-1;2026-09-24T22:05:56Z;BPA-DN-429166;Verified;fuel.ops@airline.com;2026-09-25T00:15:56Z;HD-DCA-22;MTR-HD-DCA-22;ELECTRONIC;2026-09-24T22:15:56Z;SEED_B6_ADSB;2026-09-24T22:15:56Z;SEED_B6_ADSB;4b860dcb-e676-5333-a502-c871cb82633a;1.3051;7342.49;USD
2cec84ea-d44d-5caf-8efc-3c427ab4341e;eb14f6cf-a07c-51e0-adc1-70c108d69b15;MATCHED;E;db28ef3c-cb73-518e-8ca2-52d09fc3c666;WFS-BOS-478938;;FT-BOS-20260924-0080;N4073J;N4073J;B61620;19161.00;LTR;152655.50;171816.50;19161.00;0.8041;KGL;MEA;18.10;GR;15407.36;COA-BOS-20260924-3;2026-09-24T21:58:12Z;WFS-DN-478938;Verified;fuel.ops@airline.com;2026-09-25T00:23:12Z;HD-BOS-10;MTR-HD-BOS-10;ELECTRONIC;2026-09-24T22:23:12Z;SEED_B6_ADSB;2026-09-24T22:23:12Z;SEED_B6_ADSB;d8182eab-4ce6-5690-a203-37a82132724c;1.3094;25089.41;USD
acd8b0c1-dc81-55f1-b1f4-c14b48d7a26e;9fc161a4-7f44-5ce1-9bfa-77eb1c32b833;MATCHED;E;cf25d84a-3f1a-5b10-8240-6f3df6feede3;WFS-LGA-756517;;FT-LGA-20260924-0011;N657JB;N657JB;B6371;7192.00;LTR;125342.49;132534.49;7192.00;0.8036;KGL;MEA;19.20;GR;5779.49;COA-LGA-20260924-2;2026-09-24T22:07:54Z;WFS-DN-756517;Verified;fuel.ops@airline.com;2026-09-25T00:18:54Z;HD-LGA-06;MTR-HD-LGA-06;ELECTRONIC;2026-09-24T22:18:54Z;SEED_B6_ADSB;2026-09-24T22:18:54Z;SEED_B6_ADSB;6c16de4f-fa12-5640-9845-132846f4b2cf;1.3018;9362.55;USD
88a60aac-28d9-55c7-b828-ffaf5dd7b9e2;8120f904-7e92-5576-ab28-1eaaf75f55d3;MATCHED;E;fde5a11e-a9df-5bab-8ec8-21ab823aa0b7;CGA-LAS-427490;;FT-LAS-20260924-0009;N987JT;N987JT;B6248;15805.00;LTR;136310.87;152115.87;15805.00;0.8041;KGL;MEA;20.10;GR;12708.8;COA-LAS-20260924-1;2026-09-24T22:14:56Z;CGA-DN-427490;Verified;fuel.ops@airline.com;2026-09-25T00:35:56Z;HD-LAS-17;MTR-HD-LAS-17;ELECTRONIC;2026-09-24T22:35:56Z;SEED_B6_ADSB;2026-09-24T22:35:56Z;SEED_B6_ADSB;0b27bcf5-fa7a-553d-8919-637807b86a98;1.2976;20508.57;USD
cdd03be4-f56f-5cca-ba08-9fc42a2aa4c2;7efff919-e140-550d-a817-7c4c8ccf0ddf;MATCHED;M;9c02fb05-af0a-55bf-8ae7-cccae7848341;SHL-PBI-381677;;FT-PBI-20260924-0012;N508JL;N508JL;B61962;7091.00;LTR;406680.71;413771.71;7091.00;0.7961;KGL;MEA;21.50;GR;5645.15;COA-PBI-20260924-3;2026-09-24T22:16:12Z;SHL-DN-381677;Verified;fuel.ops@airline.com;2026-09-25T00:31:12Z;RF-PBI-08;MTR-RF-PBI-08;MANUAL;2026-09-24T22:31:12Z;SEED_B6_ADSB;2026-09-24T22:31:12Z;SEED_B6_ADSB;fec818b1-f9d0-5b3f-b4d8-d6a0326b5248;1.2634;8958.77;USD
fe910a71-b91b-5405-a227-66f04f11e5c7;a71adef8-a3bf-59d5-89f6-03a676ffc951;MATCHED;E;561396c7-9d46-55b8-9bd5-9d39e440a83c;SHL-FLL-485104;;FT-FLL-20260924-0050;N663JB;N663JB;B6672;8031.00;LTR;166320.58;174351.58;8031.00;0.7937;KGL;MEA;23.70;GR;6374.2;COA-FLL-20260924-2;2026-09-24T22:13:49Z;SHL-DN-485104;Verified;fuel.ops@airline.com;2026-09-25T00:25:49Z;HD-FLL-12;MTR-HD-FLL-12;ELECTRONIC;2026-09-24T22:25:49Z;SEED_B6_ADSB;2026-09-24T22:25:49Z;SEED_B6_ADSB;efe686f1-13d2-52ff-a54b-970d6ecbab6c;1.2280;9862.07;USD
6ef09db8-f654-567e-a399-c32b63ae03e5;9dc73d76-eb06-5fd4-865f-1a10d3fc5c28;MATCHED;M;1ea5b083-6adc-579a-803f-e75532972fd5;CGA-MSY-537677;;FT-MSY-20260924-0004;N603JB;N603JB;B6400;8151.00;LTR;818469.98;826620.98;8151.00;0.7932;KGL;MEA;24.50;GR;6465.37;COA-MSY-20260924-2;2026-09-24T22:03:50Z;CGA-DN-537677;Verified;fuel.ops@airline.com;2026-09-25T00:21:50Z;RF-MSY-15;MTR-RF-MSY-15;MANUAL;2026-09-24T22:21:50Z;SEED_B6_ADSB;2026-09-24T22:21:50Z;SEED_B6_ADSB;86c57c2f-6374-56d8-9422-9862b7ffbaab;1.2450;10148;USD
aac96bcf-ab73-5279-9632-f8cc978bf0b8;766f9470-74db-5290-841a-a58c2f341ac7;MATCHED;M;5b93c5e7-3d07-5f31-b055-6d7bb4629814;SHL-PBI-381680;;FT-PBI-20260924-0013;N959JB;N959JB;B61054;8127.00;LTR;322432.35;330559.35;8127.00;0.7932;KGL;MEA;25.20;GR;6446.34;COA-PBI-20260924-3;2026-09-24T22:13:09Z;SHL-DN-381680;Verified;fuel.ops@airline.com;2026-09-25T00:30:09Z;RF-PBI-04;MTR-RF-PBI-04;MANUAL;2026-09-24T22:30:09Z;SEED_B6_ADSB;2026-09-24T22:30:09Z;SEED_B6_ADSB;f16447ab-9db1-5f85-87b7-770c7f6737c8;1.2634;10267.65;USD
f4ee20aa-8070-521b-9c50-5868622a5d22;848d3d64-7fd0-5433-add0-2978d1da336f;MATCHED;E;da9a5b5b-a399-596f-a618-edc0c187696b;WFS-JFK-403841;;FT-JFK-20260924-0075;N969JT;N969JT;B6603;22127.00;LTR;812277.90;834404.90;22127.00;0.8037;KGL;MEA;16.20;GR;17783.47;COA-JFK-20260924-1;2026-09-24T22:07:23Z;WFS-DN-403841;Verified;fuel.ops@airline.com;2026-09-25T00:35:23Z;HD-JFK-12;MTR-HD-JFK-12;ELECTRONIC;2026-09-24T22:35:23Z;SEED_B6_ADSB;2026-09-24T22:35:23Z;SEED_B6_ADSB;81761751-75aa-516f-9409-6d492be74ef3;1.2966;28689.87;USD
77b077ad-408c-5b80-a7ba-ccd8b2f58138;15ac1dda-20fe-5fcd-be9e-4d938d3f6464;MATCHED;M;33d7e190-a12d-535d-ac47-6780ebfb4834;WFS-RDU-697028;;FT-RDU-20260924-0008;N3118J;N3118J;B61486;3868.00;LTR;771719.96;775587.96;3868.00;0.7979;KGL;MEA;20.60;GR;3086.28;COA-RDU-20260924-3;2026-09-24T22:06:07Z;WFS-DN-697028;Verified;fuel.ops@airline.com;2026-09-25T00:16:07Z;RF-RDU-06;MTR-RF-RDU-06;MANUAL;2026-09-24T22:16:07Z;SEED_B6_ADSB;2026-09-24T22:16:07Z;SEED_B6_ADSB;27abc3bc-644b-5190-9db3-9501b0e2a924;1.2713;4917.39;USD
3ce2fd6a-25d4-53ff-b4a7-f3f6e67c70f4;84bfe2a9-dfa6-590f-8a30-0cabdc924370;MATCHED;E;ce82454a-58fb-593c-ab54-d9a8b2a01b58;SHL-MCO-595724;;FT-MCO-20260924-0033;N662JB;N662JB;B61728;7118.00;LTR;344028.94;351146.94;7118.00;0.7969;KGL;MEA;25.20;GR;5672.33;COA-MCO-20260924-3;2026-09-24T22:21:24Z;SHL-DN-595724;Verified;fuel.ops@airline.com;2026-09-25T00:32:24Z;HD-MCO-13;MTR-HD-MCO-13;ELECTRONIC;2026-09-24T22:32:24Z;SEED_B6_ADSB;2026-09-24T22:32:24Z;SEED_B6_ADSB;5ca91912-3e50-587a-a9ab-ad46bc20f21f;1.2432;8849.1;USD
839b8c23-775b-5082-aade-d815b9feddee;766704b1-50eb-55b5-8663-1c1dcaa2910e;MATCHED;E;cc9a040e-2895-564e-a7d7-213450b03dec;SHL-FLL-485106;;FT-FLL-20260924-0051;N709JB;N709JB;B61880;7454.00;LTR;771888.39;779342.39;7454.00;0.7915;KGL;MEA;26.50;GR;5899.84;COA-FLL-20260924-2;2026-09-24T22:14:24Z;SHL-DN-485106;Verified;fuel.ops@airline.com;2026-09-25T00:26:24Z;HD-FLL-17;MTR-HD-FLL-17;ELECTRONIC;2026-09-24T22:26:24Z;SEED_B6_ADSB;2026-09-24T22:26:24Z;SEED_B6_ADSB;303f5aba-ec57-5876-a8b7-83af351f7eb2;1.2280;9153.51;USD
6687d44f-ab9e-5d83-a943-11439a9b539b;060d09cd-b3dc-5290-be03-ca50025686dd;MATCHED;E;433565b1-363c-5ba3-961a-31eae86dadf9;PMA-SJU-755462;;FT-SJU-20260924-0020;N529JB;N529JB;B6462;10832.00;LTR;722351.64;733183.64;10832.00;0.7954;KGL;MEA;27.40;GR;8615.77;COA-SJU-20260924-2;2026-09-24T22:10:02Z;PMA-DN-755462;Verified;fuel.ops@airline.com;2026-09-25T00:26:02Z;HD-SJU-05;MTR-HD-SJU-05;ELECTRONIC;2026-09-24T22:26:02Z;SEED_B6_ADSB;2026-09-24T22:26:02Z;SEED_B6_ADSB;d4ada2d7-3464-56be-91b8-116ec96367e4;1.2932;14007.94;USD
432e84ee-787c-5e87-bb30-f85d0afc6488;644972cb-ad7c-5661-94cd-6f82ff1647fe;MATCHED;E;48e92f93-dbfb-52b1-bdf9-51da7ec40040;BPA-MCO-339238;;FT-MCO-20260924-0034;N975JT;N975JT;B6433;8490.00;LTR;658497.82;666987.82;8490.00;0.7986;KGL;MEA;23.00;GR;6780.11;COA-MCO-20260924-3;2026-09-24T22:22:02Z;BPA-DN-339238;Verified;fuel.ops@airline.com;2026-09-25T00:35:02Z;HD-MCO-14;MTR-HD-MCO-14;ELECTRONIC;2026-09-24T22:35:02Z;SEED_B6_ADSB;2026-09-24T22:35:02Z;SEED_B6_ADSB;477d2033-2aa7-5d98-a684-6a7501db0663;1.2376;10507.22;USD
ea14372a-cdc1-54c6-baf2-2041fa524793;14f48e9a-fc6a-52f6-aefa-ea62a848529f;MATCHED;E;b6e4f36a-8772-52ab-8690-2ad3ad9ef7f4;SHL-FLL-485108;;FT-FLL-20260924-0052;N520JB;N520JB;B6914;7356.00;LTR;306909.24;314265.24;7356.00;0.7947;KGL;MEA;22.50;GR;5845.81;COA-FLL-20260924-2;2026-09-24T22:13:46Z;SHL-DN-485108;Verified;fuel.ops@airline.com;2026-09-25T00:25:46Z;HD-FLL-24;MTR-HD-FLL-24;ELECTRONIC;2026-09-24T22:25:46Z;SEED_B6_ADSB;2026-09-24T22:25:46Z;SEED_B6_ADSB;9f7d3e73-4ef2-598b-a972-6c34c31aaf92;1.2280;9033.17;USD
02739f92-6a61-5027-9ea8-47d5dd651f43;eef007e4-104b-56b1-a413-b73197856d85;MATCHED;M;bb666e26-4398-5301-bebf-ddd0876295c3;AVF-JAX-322594;;FT-JAX-20260924-0006;N3023J;N3023J;B6678;5066.00;LTR;388701.05;393767.05;5066.00;0.8036;KGL;MEA;21.80;GR;4071.04;COA-JAX-20260924-3;2026-09-24T22:27:02Z;AVF-DN-322594;Verified;fuel.ops@airline.com;2026-09-25T00:39:02Z;RF-JAX-12;MTR-RF-JAX-12;MANUAL;2026-09-24T22:39:02Z;SEED_B6_ADSB;2026-09-24T22:39:02Z;SEED_B6_ADSB;35475170-35dc-523d-93c3-47971407b097;1.2640;6403.42;USD
aee7caae-f933-5ac9-b566-120c11722505;4bb619aa-2a34-5b38-8e18-6aeecc16a60b;MATCHED;E;802ebfe3-36af-5937-826d-f933012ff523;SHL-BOS-696853;;FT-BOS-20260924-0081;N3162J;N3162J;B6817;2940.00;LTR;109495.48;112435.48;2940.00;0.8054;KGL;MEA;16.50;GR;2367.88;COA-BOS-20260924-3;2026-09-24T22:08:36Z;SHL-DN-696853;Verified;fuel.ops@airline.com;2026-09-25T00:15:36Z;HD-BOS-12;MTR-HD-BOS-12;ELECTRONIC;2026-09-24T22:15:36Z;SEED_B6_ADSB;2026-09-24T22:15:36Z;SEED_B6_ADSB;f053eb1c-4964-5074-b080-98ff502bdf20;1.3061;3839.93;USD
8be9f38a-9630-596f-b40b-6c3e973da7fe;5fbba4da-e2dd-5bfd-a7ca-f352566a00e0;MATCHED;E;d74e384b-b29a-5dc5-a15a-f3c468a2f4a6;SHL-MCO-595727;;FT-MCO-20260924-0035;N2039J;N2039J;B61184;6677.00;LTR;131594.17;138271.17;6677.00;0.7985;KGL;MEA;23.10;GR;5331.58;COA-MCO-20260924-3;2026-09-24T22:20:27Z;SHL-DN-595727;Verified;fuel.ops@airline.com;2026-09-25T00:31:27Z;HD-MCO-02;MTR-HD-MCO-02;ELECTRONIC;2026-09-24T22:31:27Z;SEED_B6_ADSB;2026-09-24T22:31:27Z;SEED_B6_ADSB;e8b09900-677a-5e62-bbe2-1240be410e9e;1.2432;8300.85;USD
7c79eefd-cdc9-5474-9276-12dbfaa8f731;d411e205-30d0-5217-81c8-5e3072817c82;MATCHED;E;7049b1ab-1294-5cdf-bb3e-cc4dc3983c53;CGA-SFO-275630;;FT-SFO-20260924-0009;N980JT;N980JT;B61234;19686.00;LTR;265871.31;285557.31;19686.00;0.8024;KGL;MEA;18.20;GR;15796.05;COA-SFO-20260924-1;2026-09-24T22:07:37Z;CGA-DN-275630;Verified;fuel.ops@airline.com;2026-09-25T00:32:37Z;HD-SFO-22;MTR-HD-SFO-22;ELECTRONIC;2026-09-24T22:32:37Z;SEED_B6_ADSB;2026-09-24T22:32:37Z;SEED_B6_ADSB;2b94dfd2-07a6-5c68-a911-3fc1bdf5a96a;1.3161;25908.74;USD
f3dc0e20-ae95-529b-95ae-30d67eb35b64;2363e675-7d21-5c4f-8517-c7ab63d03556;MATCHED;E;e0d301e8-0385-5c0e-854a-1655d90bc542;WFS-ATL-755182;;FT-ATL-20260924-0007;N3065J;N3065J;B61396;6403.00;LTR;314827.58;321230.58;6403.00;0.7952;KGL;MEA;18.80;GR;5091.67;COA-ATL-20260924-3;2026-09-24T22:25:13Z;WFS-DN-755182;Verified;fuel.ops@airline.com;2026-09-25T00:36:13Z;HD-ATL-11;MTR-HD-ATL-11;ELECTRONIC;2026-09-24T22:36:13Z;SEED_B6_ADSB;2026-09-24T22:36:13Z;SEED_B6_ADSB;e93752d0-9abe-5534-8ae0-64b7bb62cf99;1.2074;7730.98;USD
d7242014-ba55-5f4a-804b-052935774b0a;6ff5e319-09a6-59db-b3ab-c073474cf27c;MATCHED;E;b976197c-eb3e-5997-aef9-1aeac45e1485;WFS-BOS-478940;;FT-BOS-20260924-0082;N937JB;N937JB;B6933;20977.00;LTR;542900.71;563877.71;20977.00;0.8057;KGL;MEA;16.10;GR;16901.17;COA-BOS-20260924-3;2026-09-24T22:36:33Z;WFS-DN-478940;Verified;fuel.ops@airline.com;2026-09-25T01:03:33Z;HD-BOS-20;MTR-HD-BOS-20;ELECTRONIC;2026-09-24T23:03:33Z;SEED_B6_ADSB;2026-09-24T23:03:33Z;SEED_B6_ADSB;29f89629-076e-5d79-8a91-4b416560c5cc;1.3094;27467.28;USD
2d3c1b7d-c0a0-5cba-864b-99ef4d4c19f8;cb055dd1-e1e3-5472-acce-fb1e0efa2cbb;MATCHED;E;502dd5a6-1798-5c38-8504-dc0335974496;WFS-ATL-755185;;FT-ATL-20260924-0008;N3308J;N3308J;B6520;4285.00;LTR;101558.79;105843.79;4285.00;0.7947;KGL;MEA;19.40;GR;3405.29;COA-ATL-20260924-3;2026-09-24T22:26:07Z;WFS-DN-755185;Verified;fuel.ops@airline.com;2026-09-25T00:34:07Z;HD-ATL-22;MTR-HD-ATL-22;ELECTRONIC;2026-09-24T22:34:07Z;SEED_B6_ADSB;2026-09-24T22:34:07Z;SEED_B6_ADSB;f920d7ed-4550-56bd-8838-71a9ed9c5940;1.2074;5173.71;USD
2665891b-fd17-576a-9a00-e67f7a236e89;b67384b1-07f3-5d75-a9f9-f679473f8dee;MATCHED;E;8229e040-3971-51a5-a328-21d7ff75ccbd;BPA-MCO-339239;;FT-MCO-20260924-0036;N3289J;N3289J;B6798;6189.00;LTR;747726.78;753915.78;6189.00;0.7988;KGL;MEA;22.80;GR;4943.77;COA-MCO-20260924-3;2026-09-24T22:33:03Z;BPA-DN-339239;Verified;fuel.ops@airline.com;2026-09-25T00:43:03Z;HD-MCO-20;MTR-HD-MCO-20;ELECTRONIC;2026-09-24T22:43:03Z;SEED_B6_ADSB;2026-09-24T22:43:03Z;SEED_B6_ADSB;95e215dc-3609-562b-9d7b-ce5d35ffe1a5;1.2376;7659.51;USD
ffc90ba3-eecc-594d-b6c0-c7acad1ddd12;679c64f6-3d61-50a4-83f8-2093f7cd3ba2;MATCHED;M;2c748758-9001-53f5-ae57-955b0bc8b1c4;AVF-CHS-586551;;FT-CHS-20260924-0004;N645JB;N645JB;B61131;3705.00;LTR;548844.26;552549.26;3705.00;0.8034;KGL;MEA;22.90;GR;2976.6;COA-CHS-20260924-1;2026-09-24T22:34:56Z;AVF-DN-586551;Verified;fuel.ops@airline.com;2026-09-25T00:44:56Z;RF-CHS-05;MTR-RF-CHS-05;MANUAL;2026-09-24T22:44:56Z;SEED_B6_ADSB;2026-09-24T22:44:56Z;SEED_B6_ADSB;28ade87d-5fa9-5ae9-9c86-5065bdefcfed;1.2570;4657.18;USD
57bef078-8bb0-515c-bf80-5636ccc50f2a;e93aa893-0f3a-540f-99cd-8b1afc43cf65;MATCHED;E;e0d11a78-0004-531e-b048-b44b40d092d8;SHL-BOS-696855;;FT-BOS-20260924-0083;N3196J;N3196J;B6907;6160.00;LTR;511336.59;517496.59;6160.00;0.8055;KGL;MEA;16.40;GR;4961.88;COA-BOS-20260924-3;2026-09-24T22:32:10Z;SHL-DN-696855;Verified;fuel.ops@airline.com;2026-09-25T00:42:10Z;HD-BOS-16;MTR-HD-BOS-16;ELECTRONIC;2026-09-24T22:42:10Z;SEED_B6_ADSB;2026-09-24T22:42:10Z;SEED_B6_ADSB;8901a9c3-2fe8-54f8-a839-8efa39e4bca2;1.3061;8045.58;USD
64547430-2ba1-578a-88a2-1f8e1fb4e0f9;984471fb-00be-5c9c-9bb8-c279322a46e9;MATCHED;M;47922646-abda-51bb-aeb6-56437540b1db;AVF-SRQ-376433;;FT-SRQ-20260924-0001;N3112J;N3112J;B6164;7809.00;LTR;359277.85;367086.85;7809.00;0.7987;KGL;MEA;25.40;GR;6237.05;COA-SRQ-20260924-3;2026-09-24T22:46:22Z;AVF-DN-376433;Verified;fuel.ops@airline.com;2026-09-25T01:02:22Z;RF-SRQ-21;MTR-RF-SRQ-21;MANUAL;2026-09-24T23:02:22Z;SEED_B6_ADSB;2026-09-24T23:02:22Z;SEED_B6_ADSB;5e78bfcc-1f24-5082-a901-7aa80ce482f2;1.2717;9930.71;USD
67cebf79-63c9-5f18-b078-d497ea7d2632;291e25fd-72d8-5235-b88a-ccd73b3a24f1;MATCHED;E;b07badaf-9818-512a-80da-e4557f729f30;SHL-BOS-696858;;FT-BOS-20260924-0084;N3271J;N3271J;B6845;1400.00;LTR;204193.06;205593.06;1400.00;0.8032;KGL;MEA;19.30;GR;1124.48;COA-BOS-20260924-3;2026-09-24T22:29:34Z;SHL-DN-696858;Verified;fuel.ops@airline.com;2026-09-25T00:34:34Z;HD-BOS-23;MTR-HD-BOS-23;ELECTRONIC;2026-09-24T22:34:34Z;SEED_B6_ADSB;2026-09-24T22:34:34Z;SEED_B6_ADSB;8e32b546-fc8a-5502-bc99-4fd316ac08ea;1.3061;1828.54;USD
5b4dc145-9b55-505d-b409-dcf203dcc157;c3059bd2-6ed9-505f-9b8a-f638295989a4;MATCHED;E;d4e69bdb-6e2f-5caf-aeb2-c8a251da28a9;SHL-BOS-696861;;FT-BOS-20260924-0085;N998JE;N998JE;B6397;19063.00;LTR;246163.33;265226.33;19063.00;0.8056;KGL;MEA;16.30;GR;15357.15;COA-BOS-20260924-3;2026-09-24T22:42:41Z;SHL-DN-696861;Verified;fuel.ops@airline.com;2026-09-25T01:07:41Z;HD-BOS-14;MTR-HD-BOS-14;ELECTRONIC;2026-09-24T23:07:41Z;SEED_B6_ADSB;2026-09-24T23:07:41Z;SEED_B6_ADSB;49807508-1ce2-564c-9e81-69535c84acc8;1.3061;24898.18;USD
87ae3c3e-2fd5-5c0c-9330-45179e8f69f5;60daf266-2f90-5b51-ab1a-fcae25dedb8a;MATCHED;E;b8a2471a-c199-5c0c-a95c-89c96f559de2;SHL-BOS-696864;;FT-BOS-20260924-0086;N3169J;N3169J;B6451;5555.00;LTR;759828.93;765383.93;5555.00;0.8047;KGL;MEA;17.40;GR;4470.11;COA-BOS-20260924-3;2026-09-24T22:39:54Z;SHL-DN-696864;Verified;fuel.ops@airline.com;2026-09-25T00:49:54Z;HD-BOS-15;MTR-HD-BOS-15;ELECTRONIC;2026-09-24T22:49:54Z;SEED_B6_ADSB;2026-09-24T22:49:54Z;SEED_B6_ADSB;1c70f637-528b-5d34-8310-19df059e8c36;1.3061;7255.39;USD
bdac5005-d14e-5515-847e-acdfe1ecab22;fcb026f2-53d3-5675-beab-266d429b4b12;MATCHED;E;2f7985cd-991e-5aab-8212-24c8e5495233;CGA-LAX-552062;;FT-LAX-20260924-0015;N978JB;N978JB;B6924;16818.00;LTR;682521.02;699339.02;16818.00;0.8059;KGL;MEA;20.70;GR;13553.63;COA-LAX-20260924-3;2026-09-24T22:42:20Z;CGA-DN-552062;Verified;fuel.ops@airline.com;2026-09-25T01:04:20Z;HD-LAX-05;MTR-HD-LAX-05;ELECTRONIC;2026-09-24T23:04:20Z;SEED_B6_ADSB;2026-09-24T23:04:20Z;SEED_B6_ADSB;44d9e12c-23de-555b-8b32-6d19ec1b1b72;1.2974;21819.67;USD
7f12a1ed-b334-5548-b40e-9bc318dc2189;8b379439-af10-5e9c-97a6-e095f29a32af;MATCHED;M;922e05a9-aaf4-5f11-a06f-be2e53ad9a5a;WFS-BUF-723677;;FT-BUF-20260924-0006;N637JB;N637JB;B6516;2459.00;LTR;376507.85;378966.85;2459.00;0.8011;KGL;MEA;14.30;GR;1969.9;COA-BUF-20260924-3;2026-09-24T22:50:50Z;WFS-DN-723677;Verified;fuel.ops@airline.com;2026-09-25T00:57:50Z;RF-BUF-20;MTR-RF-BUF-20;MANUAL;2026-09-24T22:57:50Z;SEED_B6_ADSB;2026-09-24T22:57:50Z;SEED_B6_ADSB;ad2bd006-f796-5060-8440-d8ef4652bb76;1.3240;3255.72;USD
60cafdd0-ec76-55ad-b0e9-d0685e7521bf;f9bce5d5-7129-5e2c-8978-ec6c94d8c711;MATCHED;E;68a37de2-9f99-5a65-b415-f6a7d7f89989;WFS-FLL-457506;;FT-FLL-20260924-0053;N643JB;N643JB;B6106;8606.00;LTR;304108.46;312714.46;8606.00;0.7916;KGL;MEA;26.30;GR;6812.51;COA-FLL-20260924-2;2026-09-24T22:46:12Z;WFS-DN-457506;Verified;fuel.ops@airline.com;2026-09-25T00:59:12Z;HD-FLL-22;MTR-HD-FLL-22;ELECTRONIC;2026-09-24T22:59:12Z;SEED_B6_ADSB;2026-09-24T22:59:12Z;SEED_B6_ADSB;2dfeb79e-c301-55f6-8119-b3647e17b807;1.2317;10600.01;USD
b1601667-fdba-5b3f-b761-50f208d0f184;3f236406-9bc2-5f3d-82f5-081978c205f4;MATCHED;E;2a806449-a2a0-52d0-bb36-ad6339fe9fe4;SHL-MCO-595729;;FT-MCO-20260924-0037;N627JB;N627JB;B62424;4840.00;LTR;845507.51;850347.51;4840.00;0.7992;KGL;MEA;22.30;GR;3868.13;COA-MCO-20260924-3;2026-09-24T22:58:45Z;SHL-DN-595729;Verified;fuel.ops@airline.com;2026-09-25T01:07:45Z;HD-MCO-18;MTR-HD-MCO-18;ELECTRONIC;2026-09-24T23:07:45Z;SEED_B6_ADSB;2026-09-24T23:07:45Z;SEED_B6_ADSB;f2fa0930-128f-5b5b-a16e-c2bfbff1fb7e;1.2432;6017.09;USD
9b9d07f2-5305-5b72-a16a-05f26f1e9e10;081f4838-afaf-5351-ac8e-dba04c19683d;MATCHED;E;404bafcd-23a1-5afb-a77b-fc61b7a6edd2;WFS-JFK-403842;;FT-JFK-20260924-0076;N775JB;N775JB;B665;12450.00;LTR;255081.69;267531.69;12450.00;0.8045;KGL;MEA;15.20;GR;10016.02;COA-JFK-20260924-1;2026-09-24T22:58:21Z;WFS-DN-403842;Verified;fuel.ops@airline.com;2026-09-25T01:15:21Z;HD-JFK-14;MTR-HD-JFK-14;ELECTRONIC;2026-09-24T23:15:21Z;SEED_B6_ADSB;2026-09-24T23:15:21Z;SEED_B6_ADSB;1a5e71c4-f212-551d-9885-a024508aaac7;1.2966;16142.67;USD
5c3d7c6d-130f-50c0-a3da-9be21b388cf1;5b0193a1-fca7-572e-aace-09a2d55281f6;MATCHED;E;1d54b5a6-9045-5e70-a437-117bb6cd8ef0;BPA-DCA-429167;;FT-DCA-20260924-0015;N649JB;N649JB;B61979;6886.00;LTR;873865.35;880751.35;6886.00;0.7996;KGL;MEA;16.70;GR;5506.05;COA-DCA-20260924-1;2026-09-24T22:48:26Z;BPA-DN-429167;Verified;fuel.ops@airline.com;2026-09-25T00:59:26Z;HD-DCA-18;MTR-HD-DCA-18;ELECTRONIC;2026-09-24T22:59:26Z;SEED_B6_ADSB;2026-09-24T22:59:26Z;SEED_B6_ADSB;53423d1b-dba6-5c5b-8cb8-9f958a40b3bd;1.3051;8986.92;USD
a7d57b45-3ccd-570b-b132-0b478afe6d17;2649d8d1-bf9d-5076-bf27-0a818b3193ea;MATCHED;E;cb74534f-b393-576d-a515-6296a8d7ce84;BPA-MCO-339242;;FT-MCO-20260924-0038;N2038J;N2038J;B61152;6347.00;LTR;131594.17;137941.17;6347.00;0.7984;KGL;MEA;23.30;GR;5067.44;COA-MCO-20260924-3;2026-09-24T22:59:53Z;BPA-DN-339242;Verified;fuel.ops@airline.com;2026-09-25T01:09:53Z;HD-MCO-02;MTR-HD-MCO-02;ELECTRONIC;2026-09-24T23:09:53Z;SEED_B6_ADSB;2026-09-24T23:09:53Z;SEED_B6_ADSB;6c59cf98-a0f2-59e9-a290-2b80823865b5;1.2376;7855.05;USD
7f5f60de-5c72-5d3e-943f-5b6d286a7724;cc6ef5ec-d4db-56be-a543-d84b00b69c12;MATCHED;E;8b4ddf9a-488a-55fd-ba24-e5d7d564f33a;BPA-TPA-704092;;FT-TPA-20260924-0009;N527JL;N527JL;B6548;7092.00;LTR;199286.23;206378.23;7092.00;0.8035;KGL;MEA;25.30;GR;5698.42;COA-TPA-20260924-1;2026-09-24T22:59:11Z;BPA-DN-704092;Verified;fuel.ops@airline.com;2026-09-25T01:10:11Z;HD-TPA-19;MTR-HD-TPA-19;ELECTRONIC;2026-09-24T23:10:11Z;SEED_B6_ADSB;2026-09-24T23:10:11Z;SEED_B6_ADSB;ddd47f27-24d9-5250-844e-ecff55dcac3b;1.2208;8657.91;USD
56680925-b7ec-52f1-a850-96894743ce97;8ac555dc-b671-568e-9333-021c119b22bd;MATCHED;M;67926e39-3428-55cf-ace7-e773dc0a37f3;SHL-PBI-381683;;FT-PBI-20260924-0014;N784JB;N784JB;B6388;8387.00;LTR;375495.17;383882.17;8387.00;0.7929;KGL;MEA;25.60;GR;6650.05;COA-PBI-20260924-3;2026-09-24T22:54:45Z;SHL-DN-381683;Verified;fuel.ops@airline.com;2026-09-25T01:12:45Z;RF-PBI-02;MTR-RF-PBI-02;MANUAL;2026-09-24T23:12:45Z;SEED_B6_ADSB;2026-09-24T23:12:45Z;SEED_B6_ADSB;3363e8fd-66a5-5ee5-aa65-c08efee08b6e;1.2634;10596.14;USD
e1e9c9d1-0e5b-5a95-8b0e-fd3d658b56fc;bcf64d93-c224-5f13-9bb7-ee83b282cf65;MATCHED;M;c3032167-95ec-54da-bdfa-a2986687ab16;WFS-BNA-688043;;FT-BNA-20260924-0005;N3125J;N3125J;B6406;6542.00;LTR;770105.39;776647.39;6542.00;0.7967;KGL;MEA;17.00;GR;5212.01;COA-BNA-20260924-2;2026-09-24T23:07:44Z;WFS-DN-688043;Verified;fuel.ops@airline.com;2026-09-25T01:21:44Z;RF-BNA-04;MTR-RF-BNA-04;MANUAL;2026-09-24T23:21:44Z;SEED_B6_ADSB;2026-09-24T23:21:44Z;SEED_B6_ADSB;ad5355ae-d34c-574d-bc0e-a05715cad18d;1.2679;8294.6;USD
44e01301-518b-5499-8aea-6460d01c21d6;d22e044e-f808-585b-a771-4103c08fa7b3;MATCHED;E;24983dfc-90a2-52a7-a7a7-f4be8de2cfff;WFS-ATL-755186;;FT-ATL-20260924-0009;N599JB;N599JB;B61697;3406.00;LTR;515882.54;519288.54;3406.00;0.7946;KGL;MEA;19.60;GR;2706.41;COA-ATL-20260924-3;2026-09-24T22:59:52Z;WFS-DN-755186;Verified;fuel.ops@airline.com;2026-09-25T01:07:52Z;HD-ATL-13;MTR-HD-ATL-13;ELECTRONIC;2026-09-24T23:07:52Z;SEED_B6_ADSB;2026-09-24T23:07:52Z;SEED_B6_ADSB;9851de26-8168-5b24-be7c-fc5e6f9b22eb;1.2074;4112.4;USD
304a8ff0-eaaa-5b8a-96f1-13005431dc27;08327a3f-288c-52e0-b579-0c012410a70c;MATCHED;E;77b31927-a907-5ee2-9bfc-875f39b42206;BPA-DCA-429170;;FT-DCA-20260924-0016;N3241J;N3241J;B62954;3791.00;LTR;623596.66;627387.66;3791.00;0.7961;KGL;MEA;21.10;GR;3018.02;COA-DCA-20260924-1;2026-09-24T22:54:15Z;BPA-DN-429170;Verified;fuel.ops@airline.com;2026-09-25T01:02:15Z;HD-DCA-07;MTR-HD-DCA-07;ELECTRONIC;2026-09-24T23:02:15Z;SEED_B6_ADSB;2026-09-24T23:02:15Z;SEED_B6_ADSB;aef9630a-7cb2-507e-957f-78cdf693fcb7;1.3051;4947.63;USD
4f81a46b-fad1-5934-880d-4257105dd8dd;05c4861a-b076-5a59-b886-71e9c52ce4fe;MATCHED;E;c395aabd-c164-54e7-b838-d8e80c45bec8;SHL-BOS-696865;;FT-BOS-20260924-0087;N3232J;N3232J;B61337;4780.00;LTR;401927.10;406707.10;4780.00;0.8047;KGL;MEA;17.40;GR;3846.47;COA-BOS-20260924-3;2026-09-24T23:04:02Z;SHL-DN-696865;Verified;fuel.ops@airline.com;2026-09-25T01:13:02Z;HD-BOS-04;MTR-HD-BOS-04;ELECTRONIC;2026-09-24T23:13:02Z;SEED_B6_ADSB;2026-09-24T23:13:02Z;SEED_B6_ADSB;5aefc597-7ca9-50a0-b3d1-dd0a9441062b;1.3061;6243.16;USD
ec8adf21-9a21-5b88-9048-0ac2cb018d79;8e4cb37b-c664-5dad-a8aa-9a2c73370359;MATCHED;M;f835b714-8b60-56f4-a519-36d6753559de;BPA-PIT-505316;;FT-PIT-20260924-0005;N3077J;N3077J;B61786;3554.00;LTR;455413.48;458967.48;3554.00;0.8093;KGL;MEA;17.70;GR;2876.25;COA-PIT-20260924-2;2026-09-24T23:19:23Z;BPA-DN-505316;Verified;fuel.ops@airline.com;2026-09-25T01:28:23Z;RF-PIT-15;MTR-RF-PIT-15;MANUAL;2026-09-24T23:28:23Z;SEED_B6_ADSB;2026-09-24T23:28:23Z;SEED_B6_ADSB;44a978e2-e2c4-56c7-9d6b-42eafa17c146;1.3387;4757.74;USD
ea8374a6-c521-5c38-91eb-c77d2cd5738a;e03e0b97-8d70-5102-bbe1-f4c5d06fbf10;MATCHED;E;7effdab7-39ec-5ef3-a98f-61ce3d65732f;WFS-EWR-719337;;FT-EWR-20260924-0010;N652JB;N652JB;B61827;5490.00;LTR;553675.38;559165.38;5490.00;0.7987;KGL;MEA;18.30;GR;4384.86;COA-EWR-20260924-3;2026-09-24T23:10:17Z;WFS-DN-719337;Verified;fuel.ops@airline.com;2026-09-25T01:20:17Z;HD-EWR-19;MTR-HD-EWR-19;ELECTRONIC;2026-09-24T23:20:17Z;SEED_B6_ADSB;2026-09-24T23:20:17Z;SEED_B6_ADSB;e4fff3d6-b76f-5ec4-9862-fbe7c8ae3155;1.2997;7135.35;USD
5f0ad3f8-d4d1-5b7a-a7f7-381d48df17c2;b923d99c-4a04-5a7d-8831-25485d48c23d;MATCHED;E;d429b903-4617-5482-9d3b-3c9087d5bf1e;WFS-FLL-457507;;FT-FLL-20260924-0054;N554JB;N554JB;B62779;7821.00;LTR;843260.62;851081.62;7821.00;0.7920;KGL;MEA;25.90;GR;6194.23;COA-FLL-20260924-2;2026-09-24T23:17:24Z;WFS-DN-457507;Verified;fuel.ops@airline.com;2026-09-25T01:29:24Z;HD-FLL-15;MTR-HD-FLL-15;ELECTRONIC;2026-09-24T23:29:24Z;SEED_B6_ADSB;2026-09-24T23:29:24Z;SEED_B6_ADSB;257ba457-30b4-51d6-a598-eeb269e04556;1.2317;9633.13;USD
3cea92dd-6106-57d6-8d86-c79c82b9c95b;2e5de147-d48e-53c9-ac03-86bb20ac5f2d;MATCHED;M;f9e6a710-4d4c-550d-8481-6fb16e0a03c3;BPA-DTW-753876;;FT-DTW-20260924-0007;N703JB;N703JB;B61136;4772.00;LTR;520179.64;524951.64;4772.00;0.8022;KGL;MEA;18.80;GR;3828.1;COA-DTW-20260924-1;2026-09-24T23:35:40Z;BPA-DN-753876;Verified;fuel.ops@airline.com;2026-09-25T01:47:40Z;RF-DTW-19;MTR-RF-DTW-19;MANUAL;2026-09-24T23:47:40Z;SEED_B6_ADSB;2026-09-24T23:47:40Z;SEED_B6_ADSB;b32fafe0-b3e3-5e59-a763-155e49d7cab8;1.2998;6202.65;USD
255f66ff-cce6-5cb9-8abb-b03fbfc0d3c0;f76bd11e-c03a-5fc5-86f3-6f2d9d573ce7;MATCHED;E;38696ab4-aa68-5b18-a407-1315a306ff17;WFS-JFK-403845;;FT-JFK-20260924-0077;N965JT;N965JT;B62725;8319.00;LTR;754992.14;763311.14;8319.00;0.8018;KGL;MEA;18.70;GR;6670.17;COA-JFK-20260924-1;2026-09-24T23:25:44Z;WFS-DN-403845;Verified;fuel.ops@airline.com;2026-09-25T01:38:44Z;HD-JFK-03;MTR-HD-JFK-03;ELECTRONIC;2026-09-24T23:38:44Z;SEED_B6_ADSB;2026-09-24T23:38:44Z;SEED_B6_ADSB;f872c877-8b85-592d-b2aa-677abcd2641b;1.2966;10786.42;USD
ce798372-9c0b-5eb2-9744-1a546469c7c9;f77b9bcd-ff4e-5474-b96e-47d3418d850e;MATCHED;E;6c48feab-0fb0-56fd-b1bc-61ca661e1e26;SHL-FLL-485110;;FT-FLL-20260924-0055;N564JB;N564JB;B62271;8692.00;LTR;155062.56;163754.56;8692.00;0.7909;KGL;MEA;27.30;GR;6874.5;COA-FLL-20260924-2;2026-09-24T23:27:38Z;SHL-DN-485110;Verified;fuel.ops@airline.com;2026-09-25T01:40:38Z;HD-FLL-16;MTR-HD-FLL-16;ELECTRONIC;2026-09-24T23:40:38Z;SEED_B6_ADSB;2026-09-24T23:40:38Z;SEED_B6_ADSB;40904514-b357-530a-8226-8b112d05847b;1.2280;10673.78;USD
dbc14aa3-5054-5946-8da4-1cfe32774f20;0bd00f42-70da-54a8-999f-0d21abddbd45;MATCHED;M;1f88b5a4-cd5b-58f4-85b0-43a1c864344b;WFS-BUF-723678;;FT-BUF-20260924-0007;N3138J;N3138J;B6201;2366.00;LTR;768772.52;771138.52;2366.00;0.7999;KGL;MEA;15.70;GR;1892.56;COA-BUF-20260924-3;2026-09-24T23:39:03Z;WFS-DN-723678;Verified;fuel.ops@airline.com;2026-09-25T01:46:03Z;RF-BUF-11;MTR-RF-BUF-11;MANUAL;2026-09-24T23:46:03Z;SEED_B6_ADSB;2026-09-24T23:46:03Z;SEED_B6_ADSB;ca51feaf-567a-5ecd-bef9-d2fe9c837c11;1.3240;3132.58;USD
a17aca96-fbd5-58f9-b883-3bb09f4bb379;c38355e3-ddbb-51a7-96af-2cc3d4ce8485;MATCHED;E;2c0cbed7-d20e-58fd-a6c1-a173bd69c463;SHL-FLL-485113;;FT-FLL-20260924-0056;N615JB;N615JB;B6572;6815.00;LTR;500222.44;507037.44;6815.00;0.7950;KGL;MEA;22.10;GR;5417.93;COA-FLL-20260924-2;2026-09-24T23:31:41Z;SHL-DN-485113;Verified;fuel.ops@airline.com;2026-09-25T01:42:41Z;HD-FLL-21;MTR-HD-FLL-21;ELECTRONIC;2026-09-24T23:42:41Z;SEED_B6_ADSB;2026-09-24T23:42:41Z;SEED_B6_ADSB;957a1231-c64e-5abf-9e46-809523840a10;1.2280;8368.82;USD
f484e6c0-7847-5240-a54a-a446a12dca3a;7a797bf4-7da3-5ac6-a279-56b6b112400c;MATCHED;E;9441176c-456b-56f8-9c93-13a4aacd020c;BPA-PHL-493066;;FT-PHL-20260924-0007;N3085J;N3085J;B6560;1703.00;LTR;254436.92;256139.92;1703.00;0.8042;KGL;MEA;20.90;GR;1369.55;COA-PHL-20260924-1;2026-09-24T23:35:24Z;BPA-DN-493066;Verified;fuel.ops@airline.com;2026-09-25T01:40:24Z;HD-PHL-01;MTR-HD-PHL-01;ELECTRONIC;2026-09-24T23:40:24Z;SEED_B6_ADSB;2026-09-24T23:40:24Z;SEED_B6_ADSB;f48984b2-ced2-55a6-bdf3-7cc4fe4e09ef;1.3171;2243.02;USD
f3cb3201-a3f8-5a8c-ace2-c63a9d7d7720;1152a221-1837-51ea-83ea-aaf951b95dac;MATCHED;E;aa97cc7b-7c26-594c-be7e-5b2c52c1d06e;BPA-MCO-339245;;FT-MCO-20260924-0039;N608JB;N608JB;B61694;7350.00;LTR;609584.73;616934.73;7350.00;0.7966;KGL;MEA;25.50;GR;5855.01;COA-MCO-20260924-3;2026-09-24T23:34:30Z;BPA-DN-339245;Verified;fuel.ops@airline.com;2026-09-25T01:46:30Z;HD-MCO-16;MTR-HD-MCO-16;ELECTRONIC;2026-09-24T23:46:30Z;SEED_B6_ADSB;2026-09-24T23:46:30Z;SEED_B6_ADSB;5478c5ab-3413-5d35-9392-a0d0395ce5ff;1.2376;9096.36;USD
890438e9-4dec-5bff-9870-8dbae76454ee;6d1bd006-b2a7-5c12-8205-07e5971f9bfe;MATCHED;M;1997ee6d-4493-5d8a-a93b-c6e3435c0d0f;WFS-SYR-619681;;FT-SYR-20260924-0004;N661JB;N661JB;B61739;8493.00;LTR;229183.25;237676.25;8493.00;0.8028;KGL;MEA;17.90;GR;6818.18;COA-SYR-20260924-3;2026-09-24T23:39:41Z;WFS-DN-619681;Verified;fuel.ops@airline.com;2026-09-25T01:57:41Z;RF-SYR-18;MTR-RF-SYR-18;MANUAL;2026-09-24T23:57:41Z;SEED_B6_ADSB;2026-09-24T23:57:41Z;SEED_B6_ADSB;622e4e33-45f3-5a68-a588-268545a8ea62;1.3525;11486.78;USD
6d7f340d-fd18-5e94-9e3a-806ebb5020b8;e5f06248-89ac-5ce7-a6cf-209f167637ed;MATCHED;E;075cd75c-dd2f-5545-9e1b-4fe5552c780f;SHL-JFK-512669;;FT-JFK-20260924-0078;N4077J;N4077J;B61407;18405.00;LTR;126413.80;144818.80;18405.00;0.8046;KGL;MEA;15.10;GR;14808.66;COA-JFK-20260924-1;2026-09-24T23:32:05Z;SHL-DN-512669;Verified;fuel.ops@airline.com;2026-09-25T01:56:05Z;HD-JFK-08;MTR-HD-JFK-08;ELECTRONIC;2026-09-24T23:56:05Z;SEED_B6_ADSB;2026-09-24T23:56:05Z;SEED_B6_ADSB;fa67de57-773e-54f1-9640-0780e5dfef5a;1.3053;24024.05;USD
a01372de-d32c-5aec-b540-d156c340becf;a48d0dd8-d3e3-55e2-9f5e-95896b46c07f;MATCHED;M;8a92e4ed-bb22-5156-b74c-63fb489ba74d;BPA-CLE-201334;;FT-CLE-20260924-0005;N3221J;N3221J;B6640;4693.00;LTR;494937.32;499630.32;4693.00;0.8074;KGL;MEA;20.30;GR;3789.13;COA-CLE-20260924-1;2026-09-24T23:26:21Z;BPA-DN-201334;Verified;fuel.ops@airline.com;2026-09-25T01:37:21Z;RF-CLE-17;MTR-RF-CLE-17;MANUAL;2026-09-24T23:37:21Z;SEED_B6_ADSB;2026-09-24T23:37:21Z;SEED_B6_ADSB;535b0548-8ee6-5c40-be2e-565c3cf0f959;1.3006;6103.72;USD
f7b4459b-c678-5b14-99a6-3c416c02a76b;3f585590-012f-5fb7-aeff-b697135607d9;MATCHED;E;fefb5ea6-f16d-5efa-86d3-30ecc13200a6;SHL-FLL-485115;;FT-FLL-20260924-0057;N793JB;N793JB;B688;6806.00;LTR;854496.24;861302.24;6806.00;0.7936;KGL;MEA;23.80;GR;5401.24;COA-FLL-20260924-2;2026-09-24T23:27:55Z;SHL-DN-485115;Verified;fuel.ops@airline.com;2026-09-25T01:38:55Z;HD-FLL-14;MTR-HD-FLL-14;ELECTRONIC;2026-09-24T23:38:55Z;SEED_B6_ADSB;2026-09-24T23:38:55Z;SEED_B6_ADSB;85e02dec-d821-55bf-8d82-789639fa86fd;1.2280;8357.77;USD
3955cca9-82e7-59c3-b163-d5f318308363;1ec0057f-e3c1-5322-9613-69286551767e;MATCHED;M;5d39851f-8e73-5dff-9ad1-9938b52fe0e2;SHL-PBI-381685;;FT-PBI-20260924-0015;N796JB;N796JB;B62144;8110.00;LTR;264276.05;272386.05;8110.00;0.7954;KGL;MEA;22.50;GR;6450.69;COA-PBI-20260924-3;2026-09-24T23:31:40Z;SHL-DN-381685;Verified;fuel.ops@airline.com;2026-09-25T01:48:40Z;RF-PBI-21;MTR-RF-PBI-21;MANUAL;2026-09-24T23:48:40Z;SEED_B6_ADSB;2026-09-24T23:48:40Z;SEED_B6_ADSB;68065895-4091-55d9-bb51-8d737ca735a9;1.2634;10246.17;USD
aa0fb042-1b00-58d8-bc74-45cadbba8d67;afa8b398-3e8b-529b-885b-d6a29f03055d;MATCHED;E;afcfc414-c7c3-5259-8c78-ffd9dd113520;WFS-FLL-457510;;FT-FLL-20260924-0058;N746JB;N746JB;B62626;4963.00;LTR;638097.26;643060.26;4963.00;0.7910;KGL;MEA;27.10;GR;3925.73;COA-FLL-20260924-2;2026-09-24T23:27:15Z;WFS-DN-457510;Verified;fuel.ops@airline.com;2026-09-25T01:36:15Z;HD-FLL-05;MTR-HD-FLL-05;ELECTRONIC;2026-09-24T23:36:15Z;SEED_B6_ADSB;2026-09-24T23:36:15Z;SEED_B6_ADSB;cd0acd2f-fd1c-5db9-b323-606ff4dc8b9c;1.2317;6112.93;USD
2e917218-53d2-5ea8-8d86-e1f14a48b2f4;555478ac-9cb0-58db-bce0-af79c441a295;MATCHED;M;425c79f8-de14-504d-b04e-240b44657641;SHL-PBI-381687;;FT-PBI-20260924-0016;N605JB;N605JB;B62322;8652.00;LTR;432853.48;441505.48;8652.00;0.7919;KGL;MEA;26.90;GR;6851.52;COA-PBI-20260924-3;2026-09-24T23:46:54Z;SHL-DN-381687;Verified;fuel.ops@airline.com;2026-09-25T02:05:54Z;RF-PBI-13;MTR-RF-PBI-13;MANUAL;2026-09-25T00:05:54Z;SEED_B6_ADSB;2026-09-25T00:05:54Z;SEED_B6_ADSB;23c03e39-5e4b-516a-9f83-5894cbe8f328;1.2634;10930.94;USD
52ed4235-8cb9-57be-825d-acc699da5b82;3d59dea1-c987-5ac1-a35a-27424005d64d;MATCHED;M;2f33ab12-e43a-5241-b728-a18086886fe6;SHL-PBI-381689;;FT-PBI-20260924-0017;N729JB;N729JB;B61468;6721.00;LTR;718319.90;725040.90;6721.00;0.7956;KGL;MEA;22.20;GR;5347.23;COA-PBI-20260924-3;2026-09-24T23:35:26Z;SHL-DN-381689;Verified;fuel.ops@airline.com;2026-09-25T01:50:26Z;RF-PBI-03;MTR-RF-PBI-03;MANUAL;2026-09-24T23:50:26Z;SEED_B6_ADSB;2026-09-24T23:50:26Z;SEED_B6_ADSB;0e951d1b-cf3c-5558-82aa-316115dc4097;1.2634;8491.31;USD
56ed14d2-2b8c-52b4-82e8-c7f52c570791;95d9f23f-d811-5fcb-9858-8e45b1a5a82e;MATCHED;E;09f25742-0bc7-5a2e-a059-fc99415c7df3;WFS-FLL-457511;;FT-FLL-20260924-0059;N766JB;N766JB;B62290;8721.00;LTR;306909.24;315630.24;8721.00;0.7950;KGL;MEA;22.10;GR;6933.2;COA-FLL-20260924-2;2026-09-24T23:46:37Z;WFS-DN-457511;Verified;fuel.ops@airline.com;2026-09-25T01:59:37Z;HD-FLL-24;MTR-HD-FLL-24;ELECTRONIC;2026-09-24T23:59:37Z;SEED_B6_ADSB;2026-09-24T23:59:37Z;SEED_B6_ADSB;c90faffb-024f-508e-adef-4e5f8e6abc5b;1.2317;10741.66;USD
ab915323-c424-5b28-91bd-907018694c00;fb432a07-e8bb-5f0e-910b-616fa8ad472f;MATCHED;E;62cb834c-239c-5d2a-a929-3c419b1ac84f;BPA-DCA-429171;;FT-DCA-20260924-0017;N3195J;N3195J;B62754;3328.00;LTR;583342.25;586670.25;3328.00;0.7996;KGL;MEA;16.60;GR;2661.07;COA-DCA-20260924-1;2026-09-24T23:32:26Z;BPA-DN-429171;Verified;fuel.ops@airline.com;2026-09-25T01:39:26Z;HD-DCA-15;MTR-HD-DCA-15;ELECTRONIC;2026-09-24T23:39:26Z;SEED_B6_ADSB;2026-09-24T23:39:26Z;SEED_B6_ADSB;5ac516bf-a9a0-518e-b08a-a88f186d4421;1.3051;4343.37;USD
3f20b3b5-aa12-564f-99e6-584f8e8fdb4c;24d9f560-6cca-588e-9aa1-48ed9ac89e80;MATCHED;E;da3b673f-e47d-5b83-b433-531131fde556;WFS-FLL-457513;;FT-FLL-20260924-0060;N623JB;N623JB;B61905;1762.00;LTR;336381.81;338143.81;1762.00;0.7932;KGL;MEA;24.30;GR;1397.62;COA-FLL-20260924-2;2026-09-24T23:39:31Z;WFS-DN-457513;Verified;fuel.ops@airline.com;2026-09-25T01:45:31Z;HD-FLL-20;MTR-HD-FLL-20;ELECTRONIC;2026-09-24T23:45:31Z;SEED_B6_ADSB;2026-09-24T23:45:31Z;SEED_B6_ADSB;e8b1e9ea-0ba7-5675-96a2-6a85a09a48d8;1.2317;2170.26;USD
9a32a67a-b1fe-5344-99b7-136eb2b50f40;0eb70781-56a1-52a0-9e4f-a6772cdb9fda;MATCHED;M;28890496-f1e9-5f91-aa55-fbc86af5d97d;WFS-BNA-688045;;FT-BNA-20260924-0006;N635JB;N635JB;B61174;7297.00;LTR;768402.91;775699.91;7297.00;0.7966;KGL;MEA;17.20;GR;5812.79;COA-BNA-20260924-2;2026-09-24T23:49:46Z;WFS-DN-688045;Verified;fuel.ops@airline.com;2026-09-25T02:05:46Z;RF-BNA-24;MTR-RF-BNA-24;MANUAL;2026-09-25T00:05:46Z;SEED_B6_ADSB;2026-09-25T00:05:46Z;SEED_B6_ADSB;f429a01a-3138-5f1a-9dc6-0536e0f09046;1.2679;9251.87;USD
10a1ab41-8019-5d14-81d8-db05624b5e4b;74f976d1-fa32-5ca2-a07b-d0d74a665dd2;MATCHED;E;5ce57553-8349-5ef4-94e8-a7951ab70020;WFS-BOS-478941;;FT-BOS-20260924-0088;N4064J;N4064J;B631;17643.00;LTR;533909.80;551552.80;17643.00;0.8048;KGL;MEA;17.30;GR;14199.09;COA-BOS-20260924-3;2026-09-24T23:48:56Z;WFS-DN-478941;Verified;fuel.ops@airline.com;2026-09-25T02:11:56Z;HD-BOS-21;MTR-HD-BOS-21;ELECTRONIC;2026-09-25T00:11:56Z;SEED_B6_ADSB;2026-09-25T00:11:56Z;SEED_B6_ADSB;98009eee-60b7-5862-94e7-86cba030e012;1.3094;23101.74;USD
ec167cfb-2a75-51d6-8a67-202f11e6e1cc;6bed7a61-5f06-5f34-9e16-e299dc765aef;MATCHED;E;00f5fa05-37b4-5068-a328-7a86afad404e;WFS-JFK-403846;;FT-JFK-20260924-0079;N3307J;N3307J;B6818;689.00;LTR;178127.08;178816.08;689.00;0.8014;KGL;MEA;19.10;GR;552.16;COA-JFK-20260924-1;2026-09-24T23:40:34Z;WFS-DN-403846;Verified;fuel.ops@airline.com;2026-09-25T01:44:34Z;HD-JFK-24;MTR-HD-JFK-24;ELECTRONIC;2026-09-24T23:44:34Z;SEED_B6_ADSB;2026-09-24T23:44:34Z;SEED_B6_ADSB;5449f2ad-dc6f-5bde-8f08-964a5ad1747b;1.2966;893.36;USD
ce2b4299-0366-54d0-befe-f8f85fd7295d;ac0d8d15-8ad0-5ce1-a802-9df7214b1ff9;MATCHED;E;14812c17-7fa9-549a-9e65-5c12135e0aab;WFS-FLL-457514;;FT-FLL-20260924-0061;N559JB;N559JB;B670;9376.00;LTR;336381.81;345757.81;9376.00;0.7950;KGL;MEA;22.10;GR;7453.92;COA-FLL-20260924-2;2026-09-24T23:45:13Z;WFS-DN-457514;Verified;fuel.ops@airline.com;2026-09-25T01:59:13Z;HD-FLL-20;MTR-HD-FLL-20;ELECTRONIC;2026-09-24T23:59:13Z;SEED_B6_ADSB;2026-09-24T23:59:13Z;SEED_B6_ADSB;389967a5-db3e-5e60-993f-8925322f1cbc;1.2317;11548.42;USD
8cc5410a-0116-5d79-94fb-934b538671f7;4d886e5a-1e72-5ca7-957c-4186645a98fa;MATCHED;E;822cad2f-0264-5c9b-92ab-7663a898d9e0;WFS-BOS-478943;;FT-BOS-20260924-0089;N547JB;N547JB;B6561;11996.00;LTR;678919.57;690915.57;11996.00;0.8041;KGL;MEA;18.10;GR;9645.98;COA-BOS-20260924-3;2026-09-24T23:51:13Z;WFS-DN-478943;Verified;fuel.ops@airline.com;2026-09-25T02:08:13Z;HD-BOS-19;MTR-HD-BOS-19;ELECTRONIC;2026-09-25T00:08:13Z;SEED_B6_ADSB;2026-09-25T00:08:13Z;SEED_B6_ADSB;dd3f6608-3915-5e91-9c7c-9399c030c7bc;1.3094;15707.56;USD
49ae3d7b-939a-52e6-ae12-8b76992513af;9125acd5-5359-5d7d-9996-6d662a07b96d;MATCHED;E;65a7c139-1772-545e-a246-67820bcacc3d;WFS-FLL-457515;;FT-FLL-20260924-0062;N942JB;N942JB;B6607;18190.00;LTR;106151.06;124341.06;18190.00;0.7939;KGL;MEA;23.50;GR;14441.04;COA-FLL-20260924-2;2026-09-24T23:46:37Z;WFS-DN-457515;Verified;fuel.ops@airline.com;2026-09-25T02:11:37Z;HD-FLL-04;MTR-HD-FLL-04;ELECTRONIC;2026-09-25T00:11:37Z;SEED_B6_ADSB;2026-09-25T00:11:37Z;SEED_B6_ADSB;69a36eb1-65e5-5140-8354-806b833f214b;1.2317;22404.62;USD
1eec8d54-2ad0-5cbd-a46b-bb6b6a06458a;7dede1e7-b599-5065-a2c9-2e7352774c24;MATCHED;E;15bfc955-e3a6-5841-8f66-40b331d1086f;WFS-JFK-403849;;FT-JFK-20260924-0080;N945JT;N945JT;B6515;19648.00;LTR;103973.97;123621.97;19648.00;0.8022;KGL;MEA;18.20;GR;15761.63;COA-JFK-20260924-1;2026-09-24T23:48:08Z;WFS-DN-403849;Verified;fuel.ops@airline.com;2026-09-25T02:14:08Z;HD-JFK-09;MTR-HD-JFK-09;ELECTRONIC;2026-09-25T00:14:08Z;SEED_B6_ADSB;2026-09-25T00:14:08Z;SEED_B6_ADSB;f3a951d9-0b92-55a1-8f44-fc8b78622190;1.2966;25475.6;USD
37529e6a-344b-55e4-a6f9-dbbc35e6bde4;f739f3f5-078b-580e-8e0c-2645bcb6708c;MATCHED;E;19abd832-3137-5128-a570-1f41e6c893ae;WFS-FLL-457518;;FT-FLL-20260924-0063;N531JL;N531JL;B62279;7671.00;LTR;155062.56;162733.56;7671.00;0.7915;KGL;MEA;26.50;GR;6071.6;COA-FLL-20260924-2;2026-09-25T00:04:27Z;WFS-DN-457518;Verified;fuel.ops@airline.com;2026-09-25T02:16:27Z;HD-FLL-16;MTR-HD-FLL-16;ELECTRONIC;2026-09-25T00:16:27Z;SEED_B6_ADSB;2026-09-25T00:16:27Z;SEED_B6_ADSB;07715f93-ff89-5627-893f-6c489f867703;1.2317;9448.37;USD
542f3777-7e17-56de-b921-0d03faa0f146;19aa8210-cb2e-538e-accc-b1ed104d1780;MATCHED;E;a0eb0439-732c-5219-93dc-6d9b1caece62;WFS-FLL-457520;;FT-FLL-20260924-0064;N3145J;N3145J;B61590;5603.00;LTR;268219.66;273822.66;5603.00;0.7923;KGL;MEA;25.50;GR;4439.26;COA-FLL-20260924-2;2026-09-24T23:46:18Z;WFS-DN-457520;Verified;fuel.ops@airline.com;2026-09-25T01:56:18Z;HD-FLL-06;MTR-HD-FLL-06;ELECTRONIC;2026-09-24T23:56:18Z;SEED_B6_ADSB;2026-09-24T23:56:18Z;SEED_B6_ADSB;192f9227-d7e3-5309-b668-d1af1df1d894;1.2317;6901.22;USD
0dd4ae0e-14d5-51b0-965f-819e76a373fd;df9e3a94-01c4-5e22-b8a1-f3ae501dbb9b;MATCHED;E;996a4d9d-d89e-5b22-87dc-bc976f4156ca;SHL-FLL-485116;;FT-FLL-20260924-0065;N794JB;N794JB;B61196;7660.00;LTR;166320.58;173980.58;7660.00;0.7928;KGL;MEA;24.80;GR;6072.85;COA-FLL-20260924-2;2026-09-25T00:05:28Z;SHL-DN-485116;Verified;fuel.ops@airline.com;2026-09-25T02:18:28Z;HD-FLL-12;MTR-HD-FLL-12;ELECTRONIC;2026-09-25T00:18:28Z;SEED_B6_ADSB;2026-09-25T00:18:28Z;SEED_B6_ADSB;f94af42b-7ed6-5874-9515-2a2df5f0ad20;1.2280;9406.48;USD
f41ae281-6f9b-58ae-857f-a0cf7287aed4;f44c0051-a730-5c85-8e07-bf9cb4251ea2;MATCHED;E;fb5948d0-214d-525b-af8e-03b6abf617af;SHL-FLL-485119;;FT-FLL-20260924-0066;N705JB;N705JB;B6460;8527.00;LTR;655391.00;663918.00;8527.00;0.7909;KGL;MEA;27.20;GR;6744;COA-FLL-20260924-2;2026-09-24T23:58:45Z;SHL-DN-485119;Verified;fuel.ops@airline.com;2026-09-25T02:11:45Z;HD-FLL-10;MTR-HD-FLL-10;ELECTRONIC;2026-09-25T00:11:45Z;SEED_B6_ADSB;2026-09-25T00:11:45Z;SEED_B6_ADSB;0207872f-a393-529a-a835-f00dddd4d8d9;1.2280;10471.16;USD
662d2c5a-72e4-55c7-81d3-07613f892d5e;e3ed7ff2-ed78-5f1c-aea2-2dc8cedda931;MATCHED;E;7c5d8525-eec6-557d-9ce3-b8f4028b49ff;SHL-FLL-485121;;FT-FLL-20260924-0067;N935JB;N935JB;B6277;20382.00;LTR;137731.48;158113.48;20382.00;0.7931;KGL;MEA;24.40;GR;16164.96;COA-FLL-20260924-2;2026-09-24T23:56:19Z;SHL-DN-485121;Verified;fuel.ops@airline.com;2026-09-25T02:22:19Z;HD-FLL-01;MTR-HD-FLL-01;ELECTRONIC;2026-09-25T00:22:19Z;SEED_B6_ADSB;2026-09-25T00:22:19Z;SEED_B6_ADSB;ea60e7d7-1d68-5b31-a0d1-1edcce565ab7;1.2280;25029.1;USD
d8197b78-3ebb-5f3f-8651-3a370f1dfc72;81dd462f-8844-5017-a128-cfe80d407fc7;MATCHED;E;8b91c3ee-e6fb-5e51-aac8-b1f542ec6fab;WFS-BOS-478944;;FT-BOS-20260924-0090;N996JL;N996JL;B6251;9018.00;LTR;485786.72;494804.72;9018.00;0.8026;KGL;MEA;20.00;GR;7237.85;COA-BOS-20260924-3;2026-09-24T23:45:42Z;WFS-DN-478944;Verified;fuel.ops@airline.com;2026-09-25T01:59:42Z;HD-BOS-07;MTR-HD-BOS-07;ELECTRONIC;2026-09-24T23:59:42Z;SEED_B6_ADSB;2026-09-24T23:59:42Z;SEED_B6_ADSB;1584a2d3-3b1a-5fa2-b1bf-af3ddf2fb7fd;1.3094;11808.17;USD
ee4915c8-748c-5a10-807f-1cf56d5a8a55;2414532c-d3c1-58ba-bd0f-5888a5aaa21f;MATCHED;E;b27b60ee-3b95-5824-b8c6-ff2248eb52cf;SHL-FLL-485123;;FT-FLL-20260924-0068;N606JB;N606JB;B61800;5410.00;LTR;155062.56;160472.56;5410.00;0.7935;KGL;MEA;23.90;GR;4292.84;COA-FLL-20260924-2;2026-09-24T23:54:56Z;SHL-DN-485123;Verified;fuel.ops@airline.com;2026-09-25T02:04:56Z;HD-FLL-16;MTR-HD-FLL-16;ELECTRONIC;2026-09-25T00:04:56Z;SEED_B6_ADSB;2026-09-25T00:04:56Z;SEED_B6_ADSB;24e72eb9-3d94-5031-9101-de878660ac44;1.2280;6643.48;USD
417a7fbb-d96d-5ed3-82ad-3cd6149efc6d;26eea980-0902-52b2-ab93-92609ca91dec;MATCHED;E;8c0b1db0-89c6-5634-b018-ed330a6d9aa4;SHL-JFK-512670;;FT-JFK-20260924-0081;N706JB;N706JB;B62918;623.00;LTR;812277.90;812900.90;623.00;0.8024;KGL;MEA;17.90;GR;499.9;COA-JFK-20260924-1;2026-09-24T23:57:14Z;SHL-DN-512670;Verified;fuel.ops@airline.com;2026-09-25T02:01:14Z;HD-JFK-12;MTR-HD-JFK-12;ELECTRONIC;2026-09-25T00:01:14Z;SEED_B6_ADSB;2026-09-25T00:01:14Z;SEED_B6_ADSB;d246d430-177a-5d63-81b8-67fcbd9672c6;1.3053;813.2;USD
e257808b-dc84-54ac-9dc2-23662bcb3543;1df3e971-499e-549c-a82a-b007c5b0d69f;MATCHED;E;65b78506-37de-561e-a8c0-fdf57394e603;WFS-BOS-478945;;FT-BOS-20260924-0091;N4083J;N4083J;B6345;21577.00;LTR;657638.32;679215.32;21577.00;0.8041;KGL;MEA;18.10;GR;17350.07;COA-BOS-20260924-3;2026-09-25T00:04:26Z;WFS-DN-478945;Verified;fuel.ops@airline.com;2026-09-25T02:31:26Z;HD-BOS-02;MTR-HD-BOS-02;ELECTRONIC;2026-09-25T00:31:26Z;SEED_B6_ADSB;2026-09-25T00:31:26Z;SEED_B6_ADSB;5d82e1c9-d8ce-50ed-b098-7046691d677f;1.3094;28252.92;USD
19961fa4-e2d2-58e0-81b4-c3169600a7a4;361b1b63-5974-5262-8762-8642315faedb;MATCHED;E;9bf0374e-b89c-512e-b15b-5368147db55e;SHL-JFK-512671;;FT-JFK-20260924-0082;N3291J;N3291J;B671;14609.00;LTR;388598.99;403207.99;14609.00;0.8017;KGL;MEA;18.80;GR;11712.04;COA-JFK-20260924-1;2026-09-24T23:56:19Z;SHL-DN-512671;Verified;fuel.ops@airline.com;2026-09-25T02:16:19Z;HD-JFK-06;MTR-HD-JFK-06;ELECTRONIC;2026-09-25T00:16:19Z;SEED_B6_ADSB;2026-09-25T00:16:19Z;SEED_B6_ADSB;ea0792f0-8ef6-5c10-9479-871188c6e5bc;1.3053;19069.13;USD
9755d58e-e663-5a0c-b827-503edc289543;50ef1e8c-58b6-504c-bc4e-4e7d15bdefcd;MATCHED;E;9975913d-135f-58ca-97ea-103074722d91;WFS-FLL-457522;;FT-FLL-20260924-0069;N519JB;N519JB;B61146;6846.00;LTR;500222.44;507068.44;6846.00;0.7944;KGL;MEA;22.80;GR;5438.46;COA-FLL-20260924-2;2026-09-24T23:59:35Z;WFS-DN-457522;Verified;fuel.ops@airline.com;2026-09-25T02:11:35Z;HD-FLL-21;MTR-HD-FLL-21;ELECTRONIC;2026-09-25T00:11:35Z;SEED_B6_ADSB;2026-09-25T00:11:35Z;SEED_B6_ADSB;65072e3e-8afe-5fb3-8aec-dba5496adfd7;1.2317;8432.22;USD
6f120dd2-9250-52ce-991e-bd23348ba6f9;7b2d8696-a1a0-58be-ba2f-06683869688e;MATCHED;E;a2c0257f-bf57-5354-977c-d2761d983460;SHL-FLL-485126;;FT-FLL-20260924-0070;N947JB;N947JB;B62501;19220.00;LTR;155062.56;174282.56;19220.00;0.7949;KGL;MEA;22.20;GR;15277.98;COA-FLL-20260924-2;2026-09-25T00:05:43Z;SHL-DN-485126;Verified;fuel.ops@airline.com;2026-09-25T02:30:43Z;HD-FLL-16;MTR-HD-FLL-16;ELECTRONIC;2026-09-25T00:30:43Z;SEED_B6_ADSB;2026-09-25T00:30:43Z;SEED_B6_ADSB;bb3c1b31-70fb-5349-a556-702e2b8bc168;1.2280;23602.16;USD
07ff7fc4-bc4d-5acb-8bab-b6a84ac45a15;6637e4e2-8c9f-5294-b75e-da3bb545bcdf;MATCHED;M;fa433a4f-5a1d-5f3c-b4d1-99e19516062b;WFS-HPN-788025;;FT-HPN-20260924-0013;N563JB;N563JB;B6613;7736.00;LTR;820037.43;827773.43;7736.00;0.8048;KGL;MEA;18.10;GR;6225.93;COA-HPN-20260924-1;2026-09-25T00:20:11Z;WFS-DN-788025;Verified;fuel.ops@airline.com;2026-09-25T02:36:11Z;RF-HPN-23;MTR-RF-HPN-23;MANUAL;2026-09-25T00:36:11Z;SEED_B6_ADSB;2026-09-25T00:36:11Z;SEED_B6_ADSB;34cb1080-6e14-5689-82ee-78d4ac59be5d;1.3533;10469.13;USD
64ca9c97-8c1f-5a40-9d5f-e6bb56e3284c;f48713dd-4aea-5b62-a36e-d7a53e8e3853;MATCHED;E;0c224d37-69ed-5baa-bb64-30d4dbf928f0;SHL-FLL-485127;;FT-FLL-20260924-0071;N3280J;N3280J;B61798;2864.00;LTR;495787.00;498651.00;2864.00;0.7911;KGL;MEA;27.00;GR;2265.71;COA-FLL-20260924-2;2026-09-25T00:00:39Z;SHL-DN-485127;Verified;fuel.ops@airline.com;2026-09-25T02:07:39Z;HD-FLL-08;MTR-HD-FLL-08;ELECTRONIC;2026-09-25T00:07:39Z;SEED_B6_ADSB;2026-09-25T00:07:39Z;SEED_B6_ADSB;dfca8d64-aa76-57a4-9886-44c88df84c44;1.2280;3516.99;USD
cc8f9569-c02d-5afb-aa20-586a4aa1e8c5;02f5b046-f19c-59c1-aa94-605fa7ae0f5a;MATCHED;M;0ba2c234-8225-593a-87c6-8f44fd5963a4;WFS-HPN-788026;;FT-HPN-20260924-0014;N571JB;N571JB;B6195;6763.00;LTR;408885.43;415648.43;6763.00;0.8071;KGL;MEA;15.20;GR;5458.42;COA-HPN-20260924-1;2026-09-25T00:22:49Z;WFS-DN-788026;Verified;fuel.ops@airline.com;2026-09-25T02:37:49Z;RF-HPN-06;MTR-RF-HPN-06;MANUAL;2026-09-25T00:37:49Z;SEED_B6_ADSB;2026-09-25T00:37:49Z;SEED_B6_ADSB;ced12208-46ca-5cc3-a862-a7625e94ecd7;1.3533;9152.37;USD
980b5463-0d8e-5566-9d62-7644e608cfba;5ec259df-b683-55be-99a8-3962eddc4507;MATCHED;E;4a859396-995d-5e20-8c47-c764a3d6b8bf;SHL-MCO-595732;;FT-MCO-20260924-0040;N593JB;N593JB;B62128;8502.00;LTR;457760.77;466262.77;8502.00;0.7991;KGL;MEA;22.40;GR;6793.95;COA-MCO-20260924-3;2026-09-25T00:10:55Z;SHL-DN-595732;Verified;fuel.ops@airline.com;2026-09-25T02:23:55Z;HD-MCO-06;MTR-HD-MCO-06;ELECTRONIC;2026-09-25T00:23:55Z;SEED_B6_ADSB;2026-09-25T00:23:55Z;SEED_B6_ADSB;29d14686-c217-55d2-b924-92b961b06a46;1.2432;10569.69;USD
286af585-1b2f-59c1-ba46-4486f53ffb3a;828f9cce-5b1e-5cd6-8c58-bfdac658b45a;MATCHED;E;63ee5ff2-b1dd-585f-8ccd-b505f8ccd2ec;SHL-FLL-485129;;FT-FLL-20260924-0072;N598JB;N598JB;B6376;7355.00;LTR;655391.00;662746.00;7355.00;0.7945;KGL;MEA;22.70;GR;5843.55;COA-FLL-20260924-2;2026-09-25T00:08:33Z;SHL-DN-485129;Verified;fuel.ops@airline.com;2026-09-25T02:20:33Z;HD-FLL-10;MTR-HD-FLL-10;ELECTRONIC;2026-09-25T00:20:33Z;SEED_B6_ADSB;2026-09-25T00:20:33Z;SEED_B6_ADSB;09b904ff-be54-52f6-b1e2-9588d2c702a8;1.2280;9031.94;USD
ff19f6da-d982-56bf-b15c-e7a627594d75;19d04374-96ca-5ad9-a0cb-1be868d5fbf5;MATCHED;E;52c7a1d9-0503-5918-9e31-6b21cb8e20dc;SHL-FLL-485132;;FT-FLL-20260924-0073;N905JB;N905JB;B61902;10323.00;LTR;155062.56;165385.56;10323.00;0.7910;KGL;MEA;27.10;GR;8165.49;COA-FLL-20260924-2;2026-09-25T00:18:30Z;SHL-DN-485132;Verified;fuel.ops@airline.com;2026-09-25T02:33:30Z;HD-FLL-16;MTR-HD-FLL-16;ELECTRONIC;2026-09-25T00:33:30Z;SEED_B6_ADSB;2026-09-25T00:33:30Z;SEED_B6_ADSB;ec0c9e0f-06f0-596d-ba86-4e848f95b513;1.2280;12676.64;USD
c4db56bf-881c-5425-98b7-41c60cdd670f;102b2a69-3bc6-5b67-b6ae-409a215c21ac;MATCHED;E;8bd0747f-0019-5f18-9b3c-f7547d106890;SHL-FLL-485135;;FT-FLL-20260924-0074;N607JB;N607JB;B61948;625.00;LTR;136107.81;136732.81;625.00;0.7912;KGL;MEA;26.80;GR;494.5;COA-FLL-20260924-2;2026-09-25T00:12:44Z;SHL-DN-485135;Verified;fuel.ops@airline.com;2026-09-25T02:16:44Z;HD-FLL-11;MTR-HD-FLL-11;ELECTRONIC;2026-09-25T00:16:44Z;SEED_B6_ADSB;2026-09-25T00:16:44Z;SEED_B6_ADSB;f6be677c-104f-5562-a6f2-e56d68f0663b;1.2280;767.5;USD
c3cabe28-2bcb-5c82-a3bf-98c8d33a5a20;25bcff11-dca5-53cc-948e-bcc3550eb37f;MATCHED;E;ccdb531c-842c-5b36-a948-cd0aea264cdf;BPA-MCO-339247;;FT-MCO-20260924-0041;N3272J;N3272J;B61952;6267.00;LTR;136383.69;142650.69;6267.00;0.7960;KGL;MEA;26.30;GR;4988.53;COA-MCO-20260924-3;2026-09-25T00:32:00Z;BPA-DN-339247;Verified;fuel.ops@airline.com;2026-09-25T02:42:00Z;HD-MCO-05;MTR-HD-MCO-05;ELECTRONIC;2026-09-25T00:42:00Z;SEED_B6_ADSB;2026-09-25T00:42:00Z;SEED_B6_ADSB;1b01c87b-46f3-5139-a06b-81d406df9f06;1.2376;7756.04;USD
797f4722-12e7-5706-84c0-3b8b18b909ef;f3d4841b-c941-5d80-98d7-b879ddd7b3e4;MATCHED;E;93d33e49-3c66-53d3-8eac-dd5366e502ad;WFS-JFK-403851;;FT-JFK-20260924-0083;N967JT;N967JT;B61223;20941.00;LTR;271565.84;292506.84;20941.00;0.8021;KGL;MEA;18.30;GR;16796.78;COA-JFK-20260924-1;2026-09-25T00:19:39Z;WFS-DN-403851;Verified;fuel.ops@airline.com;2026-09-25T02:46:39Z;HD-JFK-07;MTR-HD-JFK-07;ELECTRONIC;2026-09-25T00:46:39Z;SEED_B6_ADSB;2026-09-25T00:46:39Z;SEED_B6_ADSB;504d9ec2-c261-51a0-896c-630fa8851fb1;1.2966;27152.1;USD
ca1378fd-9c43-5e6c-b7a1-6b9e5377da7c;b5633310-5c4f-5e53-9184-c0b4a72f2b2b;MATCHED;E;78cdeadd-1812-50b4-8bce-a4c9b364db65;WFS-BOS-478946;;FT-BOS-20260924-0092;N3142J;N3142J;B62783;5737.00;LTR;542900.71;548637.71;5737.00;0.8039;KGL;MEA;18.40;GR;4611.97;COA-BOS-20260924-3;2026-09-25T00:14:38Z;WFS-DN-478946;Verified;fuel.ops@airline.com;2026-09-25T02:24:38Z;HD-BOS-20;MTR-HD-BOS-20;ELECTRONIC;2026-09-25T00:24:38Z;SEED_B6_ADSB;2026-09-25T00:24:38Z;SEED_B6_ADSB;a49ceb0f-a1d3-5dc7-8b41-ac2c4a02a946;1.3094;7512.03;USD
4721cbd2-3383-51ae-a78f-5e430fd08bcf;f03f456b-7f8e-57bb-8f3b-2f380925e8b1;MATCHED;E;00fa8392-b093-5864-a964-9baadfa121d5;SHL-FLL-485136;;FT-FLL-20260924-0075;N566JB;N566JB;B62149;5028.00;LTR;336381.81;341409.81;5028.00;0.7914;KGL;MEA;26.60;GR;3979.16;COA-FLL-20260924-2;2026-09-25T00:28:20Z;SHL-DN-485136;Verified;fuel.ops@airline.com;2026-09-25T02:37:20Z;HD-FLL-20;MTR-HD-FLL-20;ELECTRONIC;2026-09-25T00:37:20Z;SEED_B6_ADSB;2026-09-25T00:37:20Z;SEED_B6_ADSB;1bb152a6-8107-5710-a958-0ed7466c82c1;1.2280;6174.38;USD
bfcfa9c7-48bc-5ccb-944c-5c3a6bb48a4b;e86c7eb4-46ed-5b80-94d4-a8b3702c7bdf;MATCHED;E;025c6ef1-7ebe-59e9-a65b-80086e1a4028;WFS-JFK-403852;;FT-JFK-20260924-0084;N3267J;N3267J;B62768;2083.00;LTR;579897.80;581980.80;2083.00;0.8028;KGL;MEA;17.40;GR;1672.23;COA-JFK-20260924-1;2026-09-25T00:20:09Z;WFS-DN-403852;Verified;fuel.ops@airline.com;2026-09-25T02:26:09Z;HD-JFK-19;MTR-HD-JFK-19;ELECTRONIC;2026-09-25T00:26:09Z;SEED_B6_ADSB;2026-09-25T00:26:09Z;SEED_B6_ADSB;b6f89391-1fa5-5680-ae9c-04f9759665fc;1.2966;2700.82;USD
56d3614e-c759-54ed-87b1-357216e1ebe6;c0e1915b-7152-5bbc-9c02-b2872bb05df8;MATCHED;E;9c49ef52-df83-5df2-a300-4b9baa236349;WFS-LGA-756519;;FT-LGA-20260924-0012;N646JB;N646JB;B6571;7785.00;LTR;537864.08;545649.08;7785.00;0.8062;KGL;MEA;16.00;GR;6276.27;COA-LGA-20260924-2;2026-09-25T00:28:57Z;WFS-DN-756519;Verified;fuel.ops@airline.com;2026-09-25T02:40:57Z;HD-LGA-07;MTR-HD-LGA-07;ELECTRONIC;2026-09-25T00:40:57Z;SEED_B6_ADSB;2026-09-25T00:40:57Z;SEED_B6_ADSB;ee6cae28-01bc-5538-9ba2-a67a555b1211;1.3018;10134.51;USD
6d7ece1f-f633-5e83-8c26-c6a884145715;46fea7c3-3ee7-5551-a63e-fc38dddc32f3;MATCHED;E;fbe4800b-7387-5c33-9748-9f1a28d3ca1a;SHL-JFK-512672;;FT-JFK-20260924-0085;N3058J;N3058J;B6719;3831.00;LTR;228457.33;232288.33;3831.00;0.8002;KGL;MEA;20.70;GR;3065.57;COA-JFK-20260924-1;2026-09-25T00:17:08Z;SHL-DN-512672;Verified;fuel.ops@airline.com;2026-09-25T02:25:08Z;HD-JFK-01;MTR-HD-JFK-01;ELECTRONIC;2026-09-25T00:25:08Z;SEED_B6_ADSB;2026-09-25T00:25:08Z;SEED_B6_ADSB;56847a48-af1b-5caf-8117-6b68881cdcc0;1.3053;5000.6;USD
3a5ad4e0-733f-5021-ac5c-59c81e68653e;e0682a4d-3c75-54fa-aa68-74ae8fb98bf7;MATCHED;E;054b1d31-530c-57b0-aa75-7ccb89c131b0;SHL-JFK-512673;;FT-JFK-20260924-0086;N973JT;N973JT;B6283;6972.00;LTR;579897.80;586869.80;6972.00;0.8003;KGL;MEA;20.50;GR;5579.69;COA-JFK-20260924-1;2026-09-25T00:22:02Z;SHL-DN-512673;Verified;fuel.ops@airline.com;2026-09-25T02:33:02Z;HD-JFK-19;MTR-HD-JFK-19;ELECTRONIC;2026-09-25T00:33:02Z;SEED_B6_ADSB;2026-09-25T00:33:02Z;SEED_B6_ADSB;9248fb9b-4c0e-50e8-99b7-fd1b2172a024;1.3053;9100.55;USD
bbc19a4a-e900-5c65-b0ad-c73a11f6e350;5b2d7c27-6139-5e75-a9c6-4f5eb6c95095;MATCHED;E;3e163d3c-5e87-5761-9e68-2551d8e43fe5;WFS-BOS-478948;;FT-BOS-20260924-0093;N4074J;N4074J;B633;19515.00;LTR;864342.21;883857.21;19515.00;0.8038;KGL;MEA;18.50;GR;15686.16;COA-BOS-20260924-3;2026-09-25T00:25:35Z;WFS-DN-478948;Verified;fuel.ops@airline.com;2026-09-25T02:50:35Z;HD-BOS-03;MTR-HD-BOS-03;ELECTRONIC;2026-09-25T00:50:35Z;SEED_B6_ADSB;2026-09-25T00:50:35Z;SEED_B6_ADSB;840d3d63-0f3e-58ae-af90-b5ec00407eef;1.3094;25552.94;USD
9fb7d608-466f-5f87-a1fc-23739d457764;3916099e-8be0-5604-b947-fedcb95c0371;MATCHED;E;821a5a21-aae1-58e6-a327-4861926df613;WFS-BOS-478951;;FT-BOS-20260924-0094;N3194J;N3194J;B6381;3005.00;LTR;152655.50;155660.50;3005.00;0.8072;KGL;MEA;14.20;GR;2425.64;COA-BOS-20260924-3;2026-09-25T00:21:02Z;WFS-DN-478951;Verified;fuel.ops@airline.com;2026-09-25T02:28:02Z;HD-BOS-10;MTR-HD-BOS-10;ELECTRONIC;2026-09-25T00:28:02Z;SEED_B6_ADSB;2026-09-25T00:28:02Z;SEED_B6_ADSB;2d68c605-2528-5d29-9322-ffaa0f232ee9;1.3094;3934.75;USD
f1b77bbb-86cb-53e9-9884-7a9b332b89d3;b9ca3606-4a70-5d02-950a-408918ce1b87;MATCHED;E;7c0b36b2-6c5d-50a8-ab63-5c192b8c73d1;BPA-ORD-551295;;FT-ORD-20260924-0005;N3322J;N3322J;B61012;5877.00;LTR;166176.67;172053.67;5877.00;0.8087;KGL;MEA;14.40;GR;4752.73;COA-ORD-20260924-1;2026-09-25T00:28:03Z;BPA-DN-551295;Verified;fuel.ops@airline.com;2026-09-25T02:38:03Z;HD-ORD-06;MTR-HD-ORD-06;ELECTRONIC;2026-09-25T00:38:03Z;SEED_B6_ADSB;2026-09-25T00:38:03Z;SEED_B6_ADSB;43c7a081-e5b1-5843-b837-6e0099d2bcff;1.2352;7259.27;USD
b4c31fb6-9112-5b44-b8e6-8fff9635af68;4cd84d7f-1353-5caa-a6be-1e9be7dcd937;MATCHED;M;adc7389d-6aaa-5275-b47e-9d0e233ebba7;BPA-PIT-505318;;FT-PIT-20260924-0006;N3242J;N3242J;B62186;3514.00;LTR;458424.11;461938.11;3514.00;0.8091;KGL;MEA;18.00;GR;2843.18;COA-PIT-20260924-2;2026-09-25T00:39:03Z;BPA-DN-505318;Verified;fuel.ops@airline.com;2026-09-25T02:48:03Z;RF-PIT-20;MTR-RF-PIT-20;MANUAL;2026-09-25T00:48:03Z;SEED_B6_ADSB;2026-09-25T00:48:03Z;SEED_B6_ADSB;d922c8f1-4b66-5a18-8836-9f1e419d1923;1.3387;4704.19;USD
44bac977-c268-53e5-a5c1-4fbeece98daf;f2c6008a-3ab2-5734-ada0-09d2940a013b;MATCHED;E;2c034517-e675-54b6-a0f2-d3bf7d57e44d;SHL-FLL-485137;;FT-FLL-20260924-0076;N658JB;N658JB;B6863;10441.00;LTR;361820.64;372261.64;10441.00;0.7916;KGL;MEA;26.40;GR;8265.1;COA-FLL-20260924-2;2026-09-25T00:27:57Z;SHL-DN-485137;Verified;fuel.ops@airline.com;2026-09-25T02:42:57Z;HD-FLL-03;MTR-HD-FLL-03;ELECTRONIC;2026-09-25T00:42:57Z;SEED_B6_ADSB;2026-09-25T00:42:57Z;SEED_B6_ADSB;665c3b55-cdd4-556b-bd24-e88a6e6c4dfb;1.2280;12821.55;USD
38f9839f-2062-5555-8b33-f8575c385c9a;5058d4f3-a3a4-5286-899e-71e9b1336b20;MATCHED;E;a000706a-d922-53fd-9471-398ba16098d5;SHL-FLL-485138;;FT-FLL-20260924-0077;N597JB;N597JB;B618;2370.00;LTR;304108.46;306478.46;2370.00;0.7919;KGL;MEA;26.00;GR;1876.8;COA-FLL-20260924-2;2026-09-25T00:35:15Z;SHL-DN-485138;Verified;fuel.ops@airline.com;2026-09-25T02:41:15Z;HD-FLL-22;MTR-HD-FLL-22;ELECTRONIC;2026-09-25T00:41:15Z;SEED_B6_ADSB;2026-09-25T00:41:15Z;SEED_B6_ADSB;9aee386a-95c3-52f5-841b-88fc4ba56c72;1.2280;2910.36;USD
55664166-4775-5817-aac4-9ae24056ca72;6298c807-f8f1-580a-9f2a-5c4c70198715;MATCHED;E;aad08016-f62d-5db1-86bb-ef94af82b86e;SHL-FLL-485140;;FT-FLL-20260924-0078;N636JB;N636JB;B6470;8018.00;LTR;878116.54;886134.54;8018.00;0.7931;KGL;MEA;24.40;GR;6359.08;COA-FLL-20260924-2;2026-09-25T00:53:14Z;SHL-DN-485140;Verified;fuel.ops@airline.com;2026-09-25T03:05:14Z;HD-FLL-09;MTR-HD-FLL-09;ELECTRONIC;2026-09-25T01:05:14Z;SEED_B6_ADSB;2026-09-25T01:05:14Z;SEED_B6_ADSB;d4d74252-6576-590d-97a1-68693adcad4f;1.2280;9846.1;USD
e133c6d9-5101-52d9-a883-c31cc88aa83d;6a3a710a-7820-5820-8606-d81890927eb0;MATCHED;E;329e4eab-4b98-5239-a377-7f3427b68dad;BPA-DCA-429172;;FT-DCA-20260924-0018;N3152J;N3152J;B61854;3095.00;LTR;616703.28;619798.28;3095.00;0.7992;KGL;MEA;17.10;GR;2473.52;COA-DCA-20260924-1;2026-09-25T00:38:41Z;BPA-DN-429172;Verified;fuel.ops@airline.com;2026-09-25T02:45:41Z;HD-DCA-03;MTR-HD-DCA-03;ELECTRONIC;2026-09-25T00:45:41Z;SEED_B6_ADSB;2026-09-25T00:45:41Z;SEED_B6_ADSB;b794e958-8db0-52d2-83f3-6968ff1b52a5;1.3051;4039.28;USD
c8dc97c2-0a0a-5712-9bfa-4c70db66be91;1268bea1-6615-523b-b2e2-8b8da2fbf537;MATCHED;E;521555f9-5e83-5fb5-ada1-8fae7030aa25;WFS-JFK-403855;;FT-JFK-20260924-0087;N3113J;N3113J;B6405;4926.00;LTR;588096.69;593022.69;4926.00;0.8008;KGL;MEA;19.90;GR;3944.74;COA-JFK-20260924-1;2026-09-25T00:33:02Z;WFS-DN-403855;Verified;fuel.ops@airline.com;2026-09-25T02:42:02Z;HD-JFK-05;MTR-HD-JFK-05;ELECTRONIC;2026-09-25T00:42:02Z;SEED_B6_ADSB;2026-09-25T00:42:02Z;SEED_B6_ADSB;f1dc6839-7ea0-5e07-8ae9-55b74c452645;1.2966;6387.05;USD
c478dae2-524f-5168-8db1-9a69226dacd8;0a6ff78a-dfd3-5dcc-86b1-97140fafb38a;MATCHED;E;01b6cf51-ede6-5975-a16e-a6bd25d212c6;SHL-FLL-485143;;FT-FLL-20260924-0079;N3203J;N3203J;B62008;5317.00;LTR;495787.00;501104.00;5317.00;0.7926;KGL;MEA;25.10;GR;4214.25;COA-FLL-20260924-2;2026-09-25T00:48:39Z;SHL-DN-485143;Verified;fuel.ops@airline.com;2026-09-25T02:58:39Z;HD-FLL-08;MTR-HD-FLL-08;ELECTRONIC;2026-09-25T00:58:39Z;SEED_B6_ADSB;2026-09-25T00:58:39Z;SEED_B6_ADSB;eb01092e-5e62-5848-9800-847e8e61835d;1.2280;6529.28;USD
6a97e8c5-5ad6-5b0a-964c-ee3259085061;460d6889-0cda-58e6-9a1d-a13061289d67;MATCHED;E;3be58794-bc4f-556e-b242-2763b1652ec6;WFS-EWR-719340;;FT-EWR-20260924-0011;N964JT;N964JT;B62073;19257.00;LTR;374924.89;394181.89;19257.00;0.7967;KGL;MEA;20.80;GR;15342.05;COA-EWR-20260924-3;2026-09-25T00:40:35Z;WFS-DN-719340;Verified;fuel.ops@airline.com;2026-09-25T03:06:35Z;HD-EWR-23;MTR-HD-EWR-23;ELECTRONIC;2026-09-25T01:06:35Z;SEED_B6_ADSB;2026-09-25T01:06:35Z;SEED_B6_ADSB;feb1a2ed-9b26-52ad-b4c5-6da1c457a348;1.2997;25028.32;USD
1e93f126-da6e-53f4-a29d-4383e3a43891;6e57d8fd-1d20-566d-8c63-b8b49f285500;MATCHED;E;41186acf-dfad-524b-a49e-a301765bae61;WFS-LGA-756520;;FT-LGA-20260924-0013;N580JB;N580JB;B6699;6556.00;LTR;706629.19;713185.19;6556.00;0.8036;KGL;MEA;19.30;GR;5268.4;COA-LGA-20260924-2;2026-09-25T00:44:06Z;WFS-DN-756520;Verified;fuel.ops@airline.com;2026-09-25T02:55:06Z;HD-LGA-20;MTR-HD-LGA-20;ELECTRONIC;2026-09-25T00:55:06Z;SEED_B6_ADSB;2026-09-25T00:55:06Z;SEED_B6_ADSB;ca56294c-0883-5a34-9ab1-04eda5d469d6;1.3018;8534.6;USD
b616fe03-d439-500a-9e7d-b46e13d04417;18d8ddc5-0654-5cb8-b89f-63e8093cfffb;MATCHED;E;8a5e2726-e55f-5585-86d7-67f1f5d232c8;WFS-FLL-457524;;FT-FLL-20260924-0080;N584JB;N584JB;B6514;8447.00;LTR;336381.81;344828.81;8447.00;0.7924;KGL;MEA;25.30;GR;6693.4;COA-FLL-20260924-2;2026-09-25T01:00:36Z;WFS-DN-457524;Verified;fuel.ops@airline.com;2026-09-25T03:13:36Z;HD-FLL-20;MTR-HD-FLL-20;ELECTRONIC;2026-09-25T01:13:36Z;SEED_B6_ADSB;2026-09-25T01:13:36Z;SEED_B6_ADSB;e3a6f6a8-2e90-5508-8ba2-576431f1d45e;1.2317;10404.17;USD
067181a5-3ee8-5dd9-a2c7-ad30f3df2cc8;0751e2b3-574d-5c1a-a52f-2e30fa7f408e;MATCHED;E;579ae573-fb49-5ec7-b89c-278d6c6c3821;WFS-BOS-478952;;FT-BOS-20260924-0095;N2142J;N2142J;B6353;15840.00;LTR;671758.99;687598.99;15840.00;0.8046;KGL;MEA;17.50;GR;12744.86;COA-BOS-20260924-3;2026-09-25T00:47:04Z;WFS-DN-478952;Verified;fuel.ops@airline.com;2026-09-25T03:08:04Z;HD-BOS-09;MTR-HD-BOS-09;ELECTRONIC;2026-09-25T01:08:04Z;SEED_B6_ADSB;2026-09-25T01:08:04Z;SEED_B6_ADSB;643f913b-5540-5225-b86a-3cf58c2f9d21;1.3094;20740.9;USD
924c37f9-0f16-505d-80a9-6e8917c1b5f6;b94066c2-7bcf-55b8-998e-6dff40276d7d;MATCHED;E;77b7adba-4bc1-579b-be23-778f3aa58c03;WFS-FLL-457527;;FT-FLL-20260924-0081;N809JB;N809JB;B62823;6470.00;LTR;878116.54;884586.54;6470.00;0.7920;KGL;MEA;25.80;GR;5124.24;COA-FLL-20260924-2;2026-09-25T00:57:39Z;WFS-DN-457527;Verified;fuel.ops@airline.com;2026-09-25T03:08:39Z;HD-FLL-09;MTR-HD-FLL-09;ELECTRONIC;2026-09-25T01:08:39Z;SEED_B6_ADSB;2026-09-25T01:08:39Z;SEED_B6_ADSB;e7ad7b9f-ba30-5509-99d1-7d434c134c4d;1.2317;7969.1;USD
22e39794-266d-5836-bfd8-48a42514da74;d1d1a9b7-ef27-5928-832b-75c70514ba3e;MATCHED;E;76b4718a-d826-574d-b6c1-617d578825f3;SHL-BOS-696868;;FT-BOS-20260924-0096;N556JB;N556JB;B6591;8621.00;LTR;558108.00;566729.00;8621.00;0.8057;KGL;MEA;16.10;GR;6945.94;COA-BOS-20260924-3;2026-09-25T00:51:23Z;SHL-DN-696868;Verified;fuel.ops@airline.com;2026-09-25T03:04:23Z;HD-BOS-08;MTR-HD-BOS-08;ELECTRONIC;2026-09-25T01:04:23Z;SEED_B6_ADSB;2026-09-25T01:04:23Z;SEED_B6_ADSB;02354e86-0a7a-5314-bb02-0b4d6d5c380d;1.3061;11259.89;USD
726fc744-449b-5385-b9d7-721a6dc9307e;1f30265b-d4d1-555a-97b8-4139d6e16e5e;MATCHED;E;03bff07c-62b8-5e7f-a9e0-ca95b67c3db4;SHL-FLL-485144;;FT-FLL-20260924-0082;N656JB;N656JB;B6706;8510.00;LTR;155062.56;163572.56;8510.00;0.7923;KGL;MEA;25.50;GR;6742.47;COA-FLL-20260924-2;2026-09-25T01:13:33Z;SHL-DN-485144;Verified;fuel.ops@airline.com;2026-09-25T03:26:33Z;HD-FLL-16;MTR-HD-FLL-16;ELECTRONIC;2026-09-25T01:26:33Z;SEED_B6_ADSB;2026-09-25T01:26:33Z;SEED_B6_ADSB;db91695e-3d04-5888-b5bc-3a345e4155d0;1.2280;10450.28;USD
4b1897ec-8d57-5bd4-972b-c6fc9bb38f42;aea91bc7-809a-5eee-90a2-db6faea785c4;MATCHED;E;c3793d9b-ec57-5cb5-8110-4bb05ea9606d;SHL-BOS-696870;;FT-BOS-20260924-0097;N988JT;N988JT;B6777;19661.00;LTR;376431.38;396092.38;19661.00;0.8042;KGL;MEA;18.00;GR;15811.38;COA-BOS-20260924-3;2026-09-25T00:58:13Z;SHL-DN-696870;Verified;fuel.ops@airline.com;2026-09-25T03:23:13Z;HD-BOS-24;MTR-HD-BOS-24;ELECTRONIC;2026-09-25T01:23:13Z;SEED_B6_ADSB;2026-09-25T01:23:13Z;SEED_B6_ADSB;2cb842c0-a11c-5a54-8d54-fd9fc7059acc;1.3061;25679.23;USD
6eb2e631-8a2f-5aff-8b93-4803a1c8a50e;b88fd569-ce0c-5ba1-aaa4-4001171fb72e;MATCHED;E;497b54b8-4ec4-5c3a-b51b-8a470570ade4;WFS-JFK-403857;;FT-JFK-20260924-0088;N2165J;N2165J;B673;17929.00;LTR;438252.06;456181.06;17929.00;0.8005;KGL;MEA;20.30;GR;14352.16;COA-JFK-20260924-1;2026-09-25T01:11:16Z;WFS-DN-403857;Verified;fuel.ops@airline.com;2026-09-25T03:34:16Z;HD-JFK-04;MTR-HD-JFK-04;ELECTRONIC;2026-09-25T01:34:16Z;SEED_B6_ADSB;2026-09-25T01:34:16Z;SEED_B6_ADSB;f3637cd7-61e9-5c5a-898d-3aebac854631;1.2966;23246.74;USD
eaa8f959-821f-50b4-b0e6-e3877200fbf2;16acfa73-c6cc-5484-854f-05da0d080aaa;MATCHED;E;b8fe3583-ca4d-5c9c-a2df-d1f66fb1fdba;WFS-JFK-403860;;FT-JFK-20260924-0089;N3162J;N3162J;B6955;1980.00;LTR;623172.70;625152.70;1980.00;0.8002;KGL;MEA;20.70;GR;1584.4;COA-JFK-20260924-1;2026-09-25T01:15:13Z;WFS-DN-403860;Verified;fuel.ops@airline.com;2026-09-25T03:21:13Z;HD-JFK-23;MTR-HD-JFK-23;ELECTRONIC;2026-09-25T01:21:13Z;SEED_B6_ADSB;2026-09-25T01:21:13Z;SEED_B6_ADSB;2430fd3f-401c-559e-9533-da07fe0dc240;1.2966;2567.27;USD
62b6fb6a-a23a-56b8-99f7-85d5a9241b3d;128e22e8-5223-5aaf-9266-107a875d876e;MATCHED;E;cb411732-f3cc-57e5-bd66-3927b68b29e4;WFS-BOS-478955;;FT-BOS-20260924-0098;N3157J;N3157J;B6159;2533.00;LTR;246163.33;248696.33;2533.00;0.8036;KGL;MEA;18.80;GR;2035.52;COA-BOS-20260924-3;2026-09-25T01:13:59Z;WFS-DN-478955;Verified;fuel.ops@airline.com;2026-09-25T03:19:59Z;HD-BOS-14;MTR-HD-BOS-14;ELECTRONIC;2026-09-25T01:19:59Z;SEED_B6_ADSB;2026-09-25T01:19:59Z;SEED_B6_ADSB;8dd27fc5-9d9b-5a00-a22b-084d6992b179;1.3094;3316.71;USD
7ef5ddae-8977-58b2-b4b1-90f9c5ed7cc1;f0d2820f-f624-5109-9f22-2d624fd4940a;MATCHED;E;da7bb3e2-0871-51e6-b175-a0a037cf0d1f;WFS-JFK-403861;;FT-JFK-20260924-0090;N523JB;N523JB;B6185;3580.00;LTR;271565.84;275145.84;3580.00;0.8018;KGL;MEA;18.70;GR;2870.44;COA-JFK-20260924-1;2026-09-25T01:18:37Z;WFS-DN-403861;Verified;fuel.ops@airline.com;2026-09-25T03:25:37Z;HD-JFK-07;MTR-HD-JFK-07;ELECTRONIC;2026-09-25T01:25:37Z;SEED_B6_ADSB;2026-09-25T01:25:37Z;SEED_B6_ADSB;399fb7d1-403a-5577-837b-1f7c17d2c6fe;1.2966;4641.83;USD
87491c1a-df88-570b-91b6-6330a5655ba1;197413df-bbd8-5f56-afb4-3547d9dba402;MATCHED;M;57b7de3e-de30-5d00-972a-91f092981110;AVF-RSW-496420;;FT-RSW-20260924-0006;N3296J;N3296J;B62066;7409.00;LTR;414505.40;421914.40;7409.00;0.8028;KGL;MEA;24.80;GR;5947.95;COA-RSW-20260924-3;2026-09-25T01:21:59Z;AVF-DN-496420;Verified;fuel.ops@airline.com;2026-09-25T03:37:59Z;RF-RSW-20;MTR-RF-RSW-20;MANUAL;2026-09-25T01:37:59Z;SEED_B6_ADSB;2026-09-25T01:37:59Z;SEED_B6_ADSB;e0db9862-2056-5325-898f-a2160008d12c;1.2726;9428.69;USD
05bb3f5e-dce6-591e-aaa3-bc1201334d85;3d6e0b1c-46d0-5c8d-88c0-60271c6d4f43;MATCHED;E;eb9d6ef5-5396-5fa5-a0f7-af2307dc6f14;WFS-JFK-403864;;FT-JFK-20260924-0091;N583JB;N583JB;B6820;4817.00;LTR;839484.96;844301.96;4817.00;0.8041;KGL;MEA;15.70;GR;3873.35;COA-JFK-20260924-1;2026-09-25T01:37:23Z;WFS-DN-403864;Verified;fuel.ops@airline.com;2026-09-25T03:46:23Z;HD-JFK-10;MTR-HD-JFK-10;ELECTRONIC;2026-09-25T01:46:23Z;SEED_B6_ADSB;2026-09-25T01:46:23Z;SEED_B6_ADSB;693bd6b3-df2e-52cc-9675-d6f8d3e69741;1.2966;6245.72;USD
cd03b1f6-dc84-50ad-9dca-4a9eaf465e46;3c864340-fc39-5c9b-b82c-14750cc4cc58;MATCHED;E;c0b56029-747f-5726-8696-c9bc8feb2138;SHL-JFK-512675;;FT-JFK-20260924-0092;N4076J;N4076J;B67;17343.00;LTR;812277.90;829620.90;17343.00;0.8010;KGL;MEA;19.60;GR;13891.74;COA-JFK-20260924-1;2026-09-25T01:30:27Z;SHL-DN-512675;Verified;fuel.ops@airline.com;2026-09-25T03:53:27Z;HD-JFK-12;MTR-HD-JFK-12;ELECTRONIC;2026-09-25T01:53:27Z;SEED_B6_ADSB;2026-09-25T01:53:27Z;SEED_B6_ADSB;d58285fc-5510-5ef8-9c0b-a55c626c6cd8;1.3053;22637.82;USD
911bae61-2741-5e53-86fc-ed817479f25e;107100d0-f832-516e-9c45-c5f1edd2ff7c;MATCHED;E;73d3bb91-8be8-5203-a7f8-482bd54f2133;SHL-JFK-512676;;FT-JFK-20260924-0093;N618JB;N618JB;B61186;2402.00;LTR;126413.80;128815.80;2402.00;0.8011;KGL;MEA;19.50;GR;1924.24;COA-JFK-20260924-1;2026-09-25T01:28:28Z;SHL-DN-512676;Verified;fuel.ops@airline.com;2026-09-25T03:34:28Z;HD-JFK-08;MTR-HD-JFK-08;ELECTRONIC;2026-09-25T01:34:28Z;SEED_B6_ADSB;2026-09-25T01:34:28Z;SEED_B6_ADSB;bc80c9e5-cc81-5364-9dcf-ceb5b37e1343;1.3053;3135.33;USD
a2fcd79a-7adf-5a5c-b3bb-684b7c010624;ad329e05-b006-561f-8659-a3b5c67efff1;MATCHED;E;8e89d64d-675b-5db7-85db-2c8c9902394a;WFS-JFK-403865;;FT-JFK-20260924-0094;N3118J;N3118J;B61195;2719.00;LTR;594312.28;597031.28;2719.00;0.8022;KGL;MEA;18.20;GR;2181.18;COA-JFK-20260924-1;2026-09-25T01:30:06Z;WFS-DN-403865;Verified;fuel.ops@airline.com;2026-09-25T03:36:06Z;HD-JFK-02;MTR-HD-JFK-02;ELECTRONIC;2026-09-25T01:36:06Z;SEED_B6_ADSB;2026-09-25T01:36:06Z;SEED_B6_ADSB;c0639b16-31c2-53ae-90cb-7160db6dc942;1.2966;3525.46;USD
b6648a68-67d0-546e-85ac-643fcf129d22;16b9ec80-b288-50e3-9560-132672e934a2;MATCHED;E;a051fcf0-1873-5023-8320-bc3458c79d62;WFS-JFK-403868;;FT-JFK-20260924-0095;N929JB;N929JB;B6923;18619.00;LTR;795226.17;813845.17;18619.00;0.8025;KGL;MEA;17.80;GR;14941.75;COA-JFK-20260924-1;2026-09-25T01:46:52Z;WFS-DN-403868;Verified;fuel.ops@airline.com;2026-09-25T04:10:52Z;HD-JFK-21;MTR-HD-JFK-21;ELECTRONIC;2026-09-25T02:10:52Z;SEED_B6_ADSB;2026-09-25T02:10:52Z;SEED_B6_ADSB;cc0922a0-e8d1-58a8-880b-5ff0c157b4ac;1.2966;24141.4;USD
b949fc57-deb8-5996-9165-182871d18bb1;c5570873-bb3c-5c60-acf7-cbaa205af33a;MATCHED;E;b37091c9-bbc0-599c-ac5b-c371f77fdd9c;SHL-BOS-696873;;FT-BOS-20260924-0099;N2151J;N2151J;B61079;17822.00;LTR;710064.39;727886.39;17822.00;0.8028;KGL;MEA;19.70;GR;14307.5;COA-BOS-20260924-3;2026-09-25T01:53:18Z;SHL-DN-696873;Verified;fuel.ops@airline.com;2026-09-25T04:16:18Z;HD-BOS-05;MTR-HD-BOS-05;ELECTRONIC;2026-09-25T02:16:18Z;SEED_B6_ADSB;2026-09-25T02:16:18Z;SEED_B6_ADSB;1418a4d1-cdb0-56d7-a89d-eb4ac2e36c1e;1.3061;23277.31;USD
1d837310-a25a-577a-a752-75b16c177d76;19e5afd9-f884-53bb-95a4-8415a2dff90b;MATCHED;E;8c2c1a7d-d2ba-5392-b621-6a48df726a73;SHL-BOS-696875;;FT-BOS-20260924-0100;N3241J;N3241J;B61897;5093.00;LTR;376431.38;381524.38;5093.00;0.8068;KGL;MEA;14.80;GR;4109.03;COA-BOS-20260924-3;2026-09-25T01:43:21Z;SHL-DN-696875;Verified;fuel.ops@airline.com;2026-09-25T03:52:21Z;HD-BOS-24;MTR-HD-BOS-24;ELECTRONIC;2026-09-25T01:52:21Z;SEED_B6_ADSB;2026-09-25T01:52:21Z;SEED_B6_ADSB;ae2c966f-7662-528f-88dc-c75b54eed775;1.3061;6651.97;USD
c53225e2-1150-5b04-87ec-587577f62093;2d2b95c8-825a-5f2e-9173-556d7e62aba9;MATCHED;E;101ea581-c34f-5521-bbd7-217c3c3e3cdc;WFS-JFK-403869;;FT-JFK-20260924-0096;N3023J;N3023J;B61516;1166.00;LTR;398783.17;399949.17;1166.00;0.8039;KGL;MEA;16.00;GR;937.35;COA-JFK-20260924-1;2026-09-25T02:00:19Z;WFS-DN-403869;Verified;fuel.ops@airline.com;2026-09-25T04:05:19Z;HD-JFK-20;MTR-HD-JFK-20;ELECTRONIC;2026-09-25T02:05:19Z;SEED_B6_ADSB;2026-09-25T02:05:19Z;SEED_B6_ADSB;37ef09fc-757a-5d06-b119-5679a34571b5;1.2966;1511.84;USD
57287c3c-7e2c-5ffd-b468-3e94d4dd3490;e76bc863-19da-5d35-83b7-01fe6506048e;MATCHED;E;16a53449-0f18-5d2c-be4e-1702dfab2e7d;WFS-JFK-403872;;FT-JFK-20260924-0097;N989JT;N989JT;B61411;18429.00;LTR;812277.90;830706.90;18429.00;0.8018;KGL;MEA;18.60;GR;14776.37;COA-JFK-20260924-1;2026-09-25T02:04:13Z;WFS-DN-403872;Verified;fuel.ops@airline.com;2026-09-25T04:28:13Z;HD-JFK-12;MTR-HD-JFK-12;ELECTRONIC;2026-09-25T02:28:13Z;SEED_B6_ADSB;2026-09-25T02:28:13Z;SEED_B6_ADSB;42d7615c-7e80-5ac7-96d8-d5d4932ac299;1.2966;23895.04;USD
79591fd3-4230-51cc-8051-0ee5f8d411ff;16699908-223b-5dbf-b79b-8cb626706c78;MATCHED;E;a4b1c0cd-17e3-5f5b-b35a-bbc129f93a50;WFS-JFK-403875;;FT-JFK-20260924-0098;N3138J;N3138J;B6102;1818.00;LTR;178127.08;179945.08;1818.00;0.8022;KGL;MEA;18.20;GR;1458.4;COA-JFK-20260924-1;2026-09-25T02:13:12Z;WFS-DN-403875;Verified;fuel.ops@airline.com;2026-09-25T04:18:12Z;HD-JFK-24;MTR-HD-JFK-24;ELECTRONIC;2026-09-25T02:18:12Z;SEED_B6_ADSB;2026-09-25T02:18:12Z;SEED_B6_ADSB;a1e25c06-ff03-5667-bd93-da1ba1b6bcc0;1.2966;2357.22;USD
4962f6f8-c06b-5659-8c58-21d466428233;74ced217-ead4-5a20-a4df-3dbc7be9f85a;MATCHED;E;aa21759d-689a-59b2-a18f-a6fac0f93354;WFS-JFK-403876;;FT-JFK-20260924-0099;N561JB;N561JB;B61128;1648.00;LTR;228457.33;230105.33;1648.00;0.8019;KGL;MEA;18.50;GR;1321.53;COA-JFK-20260924-1;2026-09-25T02:19:48Z;WFS-DN-403876;Verified;fuel.ops@airline.com;2026-09-25T04:25:48Z;HD-JFK-01;MTR-HD-JFK-01;ELECTRONIC;2026-09-25T02:25:48Z;SEED_B6_ADSB;2026-09-25T02:25:48Z;SEED_B6_ADSB;fb2bd47c-89f5-5c48-aa4b-5b0950fb0f27;1.2966;2136.8;USD
ccf9c68c-b63f-501a-ad0d-a3ac77180138;326c7ab7-921c-5ed5-9112-4a9a5325f37b;MATCHED;E;1f1f0e6c-2317-5d0c-8252-5cea9c8b0804;SHL-JFK-512678;;FT-JFK-20260924-0100;N828JB;N828JB;B6308;1641.00;LTR;470234.78;471875.78;1641.00;0.8035;KGL;MEA;16.50;GR;1318.54;COA-JFK-20260924-1;2026-09-25T02:19:30Z;SHL-DN-512678;Verified;fuel.ops@airline.com;2026-09-25T04:24:30Z;HD-JFK-16;MTR-HD-JFK-16;ELECTRONIC;2026-09-25T02:24:30Z;SEED_B6_ADSB;2026-09-25T02:24:30Z;SEED_B6_ADSB;486e6def-7322-5cbf-b0e5-131c3577121a;1.3053;2142;USD
275fc000-11ba-515d-92ce-802fb0eb5048;c869d01c-1146-5eb4-b9be-7c2b5c4d9777;MATCHED;E;b64ee0e0-59c8-5399-92fc-b38400d8437c;SHL-JFK-512679;;FT-JFK-20260924-0101;N834JB;N834JB;B6675;625.00;LTR;594312.28;594937.28;625.00;0.8018;KGL;MEA;18.70;GR;501.12;COA-JFK-20260924-1;2026-09-25T02:14:18Z;SHL-DN-512679;Verified;fuel.ops@airline.com;2026-09-25T04:18:18Z;HD-JFK-02;MTR-HD-JFK-02;ELECTRONIC;2026-09-25T02:18:18Z;SEED_B6_ADSB;2026-09-25T02:18:18Z;SEED_B6_ADSB;e602e646-9a50-57ad-bda8-6d8c4a44000a;1.3053;815.81;USD
7d9079e5-f66d-59c7-8dea-f7efaaea27f4;e58315aa-1060-5588-897d-ac64a678cc5d;MATCHED;E;8d35c286-8424-5459-a44e-36ee788a7a40;SHL-BOS-696876;;FT-BOS-20260924-0101;N4080J;N4080J;B62261;18577.00;LTR;204193.06;222770.06;18577.00;0.8045;KGL;MEA;17.60;GR;14945.2;COA-BOS-20260924-3;2026-09-25T02:21:44Z;SHL-DN-696876;Verified;fuel.ops@airline.com;2026-09-25T04:45:44Z;HD-BOS-23;MTR-HD-BOS-23;ELECTRONIC;2026-09-25T02:45:44Z;SEED_B6_ADSB;2026-09-25T02:45:44Z;SEED_B6_ADSB;49258b28-af22-5db1-b20a-78e1470bf3cc;1.3061;24263.42;USD
03c2b58a-0f30-5504-8383-5745128427ba;23db2c50-6a80-59b9-9d71-984ef1ea13aa;MATCHED;M;bba0a7ca-9eef-55b6-ac34-29fd27e601e4;WFS-PVD-219748;;FT-PVD-20260924-0004;N784JB;N784JB;B62876;7995.00;LTR;498114.27;506109.27;7995.00;0.7969;KGL;MEA;19.60;GR;6371.22;COA-PVD-20260924-1;2026-09-25T02:38:10Z;WFS-DN-219748;Verified;fuel.ops@airline.com;2026-09-25T04:55:10Z;RF-PVD-19;MTR-RF-PVD-19;MANUAL;2026-09-25T02:55:10Z;SEED_B6_ADSB;2026-09-25T02:55:10Z;SEED_B6_ADSB;b6171d48-8d19-52a1-806e-43a96e280dd2;1.3495;10789.25;USD
80fe0eab-7c1a-504a-9c5e-3f2bb74fcc59;937633f9-7040-5a04-9840-b029f4725ddc;MATCHED;E;ab979d2c-a4f3-5747-8ccb-ef5358c7f1c3;CGA-LAX-552065;;FT-LAX-20260924-0016;N2199J;N2199J;B6188;15947.00;LTR;563600.59;579547.59;15947.00;0.8039;KGL;MEA;23.20;GR;12819.79;COA-LAX-20260924-3;2026-09-25T02:50:07Z;CGA-DN-552065;Verified;fuel.ops@airline.com;2026-09-25T05:11:07Z;HD-LAX-14;MTR-HD-LAX-14;ELECTRONIC;2026-09-25T03:11:07Z;SEED_B6_ADSB;2026-09-25T03:11:07Z;SEED_B6_ADSB;b7ce51d9-ae0a-5733-899b-484b317794c9;1.2974;20689.64;USD
1156b4d1-f99b-581d-950a-482fccd8323c;7f1a162b-9a03-5eed-a9bb-e0797667b1dc;MATCHED;E;8f355fd2-f9fe-5a6c-9446-3dd7d72e6a68;SHL-JFK-512682;;FT-JFK-20260924-0102;N594JB;N594JB;B61318;1472.00;LTR;178127.08;179599.08;1472.00;0.8018;KGL;MEA;18.70;GR;1180.25;COA-JFK-20260924-1;2026-09-25T02:45:48Z;SHL-DN-512682;Verified;fuel.ops@airline.com;2026-09-25T04:50:48Z;HD-JFK-24;MTR-HD-JFK-24;ELECTRONIC;2026-09-25T02:50:48Z;SEED_B6_ADSB;2026-09-25T02:50:48Z;SEED_B6_ADSB;3fccc9c1-d5e2-565e-b7e2-be869390baec;1.3053;1921.4;USD
bab0ce0a-d9f9-5b68-b371-8ae96ec6b009;3384323c-c7d3-5769-9c72-84aad9041115;MATCHED;E;1cd0b5f2-2a41-5395-8a74-84d1e141bacb;CGA-LAS-427493;;FT-LAS-20260924-0010;N968JT;N968JT;B6778;15083.00;LTR;652731.29;667814.29;15083.00;0.8021;KGL;MEA;22.60;GR;12098.07;COA-LAS-20260924-1;2026-09-25T02:39:55Z;CGA-DN-427493;Verified;fuel.ops@airline.com;2026-09-25T04:59:55Z;HD-LAS-04;MTR-HD-LAS-04;ELECTRONIC;2026-09-25T02:59:55Z;SEED_B6_ADSB;2026-09-25T02:59:55Z;SEED_B6_ADSB;632a2198-efd1-5e65-9384-8391fe98d3ed;1.2976;19571.7;USD
b7f0d25a-18fd-5ade-a3d8-600b9c622e7c;25019d32-539e-5bd5-a21b-e3d5feeca8d3;MATCHED;E;bcee3507-88f7-5141-ab77-83691a804448;CGA-SFO-275633;;FT-SFO-20260924-0010;N962JT;N962JT;B616;19978.00;LTR;722866.92;742844.92;19978.00;0.8010;KGL;MEA;20.00;GR;16002.38;COA-SFO-20260924-1;2026-09-25T02:54:57Z;CGA-DN-275633;Verified;fuel.ops@airline.com;2026-09-25T05:20:57Z;HD-SFO-19;MTR-HD-SFO-19;ELECTRONIC;2026-09-25T03:20:57Z;SEED_B6_ADSB;2026-09-25T03:20:57Z;SEED_B6_ADSB;3c52e15a-b655-56ed-ba4f-26d7663667be;1.3161;26293.05;USD
99e9af48-b349-533f-88f6-0be13d267667;7356b9e1-2b29-5975-8f8d-dfa6d31d5fd2;MATCHED;E;0ce0b86f-2f5f-5576-ad71-851fde7beee7;WFS-LAX-154041;;FT-LAX-20260924-0017;N983JT;N983JT;B61574;16786.00;LTR;603362.47;620148.47;16786.00;0.8070;KGL;MEA;19.40;GR;13546.3;COA-LAX-20260924-3;2026-09-25T03:12:04Z;WFS-DN-154041;Verified;fuel.ops@airline.com;2026-09-25T05:34:04Z;HD-LAX-11;MTR-HD-LAX-11;ELECTRONIC;2026-09-25T03:34:04Z;SEED_B6_ADSB;2026-09-25T03:34:04Z;SEED_B6_ADSB;178777dd-4061-5182-bed6-2f04b7c9d806;1.2923;21692.55;USD
d99eb8a4-41da-5bc5-b82e-31cf11656a88;8b0dfefa-79f2-5dff-8b16-9fb68911dbb0;MATCHED;E;e528200b-70b5-5ec0-801b-d7f638ab0af8;CGA-SAN-368873;;FT-SAN-20260924-0003;N595JB;N595JB;B62120;4407.00;LTR;388823.05;393230.05;4407.00;0.8051;KGL;MEA;20.50;GR;3548.08;COA-SAN-20260924-1;2026-09-25T03:11:15Z;CGA-DN-368873;Verified;fuel.ops@airline.com;2026-09-25T05:19:15Z;HD-SAN-08;MTR-HD-SAN-08;ELECTRONIC;2026-09-25T03:19:15Z;SEED_B6_ADSB;2026-09-25T03:19:15Z;SEED_B6_ADSB;e4f9febb-b53a-5359-9567-9c50c0293372;1.2997;5727.78;USD
5c65aed2-8544-54a3-a7a4-3e393c4ac35a;af726f00-5e93-5aa1-b1d6-b657e1eb1201;MATCHED;E;714f2e74-00f7-5e78-be79-8bb6c2b48c09;WFS-BOS-478958;;FT-BOS-20260924-0102;N946JL;N946JL;B6413;20707.00;LTR;404295.91;425002.91;20707.00;0.8069;KGL;MEA;14.60;GR;16708.48;COA-BOS-20260924-3;2026-09-25T03:22:32Z;WFS-DN-478958;Verified;fuel.ops@airline.com;2026-09-25T05:48:32Z;HD-BOS-01;MTR-HD-BOS-01;ELECTRONIC;2026-09-25T03:48:32Z;SEED_B6_ADSB;2026-09-25T03:48:32Z;SEED_B6_ADSB;e211c66b-8503-5be0-a0e8-e69c3a8f5493;1.3094;27113.75;USD
2d1d774c-d877-5093-baa1-69a046fc5bbb;e40d22bc-80d9-56db-b52c-5c263f363791;MATCHED;M;6d86d288-6076-5873-84fd-865dcf2e5a15;CGA-BUR-132123;;FT-BUR-20260924-0001;N3123J;N3123J;B6359;12813.00;LTR;354749.28;367562.28;12813.00;0.7971;KGL;MEA;23.60;GR;10213.24;COA-BUR-20260924-3;2026-09-25T03:30:39Z;CGA-DN-132123;Verified;fuel.ops@airline.com;2026-09-25T05:55:39Z;RF-BUR-10;MTR-RF-BUR-10;MANUAL;2026-09-25T03:55:39Z;SEED_B6_ADSB;2026-09-25T03:55:39Z;SEED_B6_ADSB;e75b580b-4a1c-5bcb-bd73-adc4bcbd9cdd;1.3380;17143.79;USD
c019b43c-cbc8-5dac-8d6b-e83e622eb1b3;2934b4f1-c2c5-57ff-ad9b-fd3d93b577e8;MATCHED;E;ccc501bf-3335-52d8-bb60-6040304258a2;CGA-LAX-552068;;FT-LAX-20260924-0018;N2180J;N2180J;B61524;14911.00;LTR;293626.61;308537.61;14911.00;0.8066;KGL;MEA;19.90;GR;12027.21;COA-LAX-20260924-3;2026-09-25T03:38:15Z;CGA-DN-552068;Verified;fuel.ops@airline.com;2026-09-25T05:58:15Z;HD-LAX-17;MTR-HD-LAX-17;ELECTRONIC;2026-09-25T03:58:15Z;SEED_B6_ADSB;2026-09-25T03:58:15Z;SEED_B6_ADSB;89d61be4-90f6-519e-af45-02d7be24360b;1.2974;19345.53;USD
8fa6b242-5324-51d3-b9ee-927fe837c07f;d82bed10-e041-57bb-a8bd-c8e315793722;MATCHED;E;8f86c1f1-9ad4-5454-b6dc-bf84e9e669fe;CGA-SAN-368876;;FT-SAN-20260924-0004;N992JB;N992JB;B61190;17205.00;LTR;722671.56;739876.56;17205.00;0.8032;KGL;MEA;22.80;GR;13819.06;COA-SAN-20260924-1;2026-09-25T03:57:16Z;CGA-DN-368876;Verified;fuel.ops@airline.com;2026-09-25T06:20:16Z;HD-SAN-24;MTR-HD-SAN-24;ELECTRONIC;2026-09-25T04:20:16Z;SEED_B6_ADSB;2026-09-25T04:20:16Z;SEED_B6_ADSB;e67b0225-49c2-598b-b595-291b623eae88;1.2997;22361.34;USD
6fceb6ce-ff35-54ae-9bf5-cf64f68b8dc1;db966e25-f96f-5bd4-92cd-c543301669a4;MATCHED;E;1f80ca1f-9224-5819-ac6b-1c8d495467db;CGA-SEA-788542;;FT-SEA-20260924-0001;N591JB;N591JB;B6264;14555.00;LTR;678140.92;692695.92;14555.00;0.7974;KGL;MEA;16.90;GR;11606.16;COA-SEA-20260924-1;2026-09-25T04:12:30Z;CGA-DN-788542;Verified;fuel.ops@airline.com;2026-09-25T06:32:30Z;HD-SEA-11;MTR-HD-SEA-11;ELECTRONIC;2026-09-25T04:32:30Z;SEED_B6_ADSB;2026-09-25T04:32:30Z;SEED_B6_ADSB;33bfdf67-5d5c-5e05-b42f-3fcb1888cce2;1.3132;19113.63;USD
7dc49c5a-1cd8-5bf3-bdc1-c4dd6094588c;738d257c-4db1-525e-a23e-af0db6303248;MATCHED;E;6cab0fc3-8aa0-5ac5-a698-3467e3312208;CGA-LAX-552069;;FT-LAX-20260924-0019;N991JT;N991JT;B61400;16932.00;LTR;190610.20;207542.20;16932.00;0.8070;KGL;MEA;19.40;GR;13664.12;COA-LAX-20260924-3;2026-09-25T04:08:25Z;CGA-DN-552069;Verified;fuel.ops@airline.com;2026-09-25T06:30:25Z;HD-LAX-06;MTR-HD-LAX-06;ELECTRONIC;2026-09-25T04:30:25Z;SEED_B6_ADSB;2026-09-25T04:30:25Z;SEED_B6_ADSB;f1ca75e5-85ce-52f5-aade-2a2ec162c880;1.2974;21967.58;USD
aed756ca-14aa-5367-8652-1a6afe442eb8;84ccc08f-b4be-5ac0-852e-1fb46fd3933f;MATCHED;E;034f87e6-51fd-54bb-ad8e-016f919a752b;CGA-SFO-275634;;FT-SFO-20260924-0011;N982JB;N982JB;B6134;18890.00;LTR;168668.15;187558.15;18890.00;0.8029;KGL;MEA;17.60;GR;15166.78;COA-SFO-20260924-1;2026-09-25T03:58:03Z;CGA-DN-275634;Verified;fuel.ops@airline.com;2026-09-25T06:23:03Z;HD-SFO-21;MTR-HD-SFO-21;ELECTRONIC;2026-09-25T04:23:03Z;SEED_B6_ADSB;2026-09-25T04:23:03Z;SEED_B6_ADSB;73b43fc0-005e-58bd-bd11-eebcdd769df5;1.3161;24861.13;USD
8eb5cece-bbb5-5792-9b4e-3a2480e601c7;1e5a5f18-f222-5320-83ee-e6dee54cdd37;MATCHED;M;b52942b1-c148-50a9-a9b3-3dfc0b6005fd;CGA-ABQ-567987;;FT-ABQ-20260924-0001;N775JB;N775JB;B666;9866.00;LTR;565473.56;575339.56;9866.00;0.8016;KGL;MEA;20.60;GR;7908.59;COA-ABQ-20260924-1;2026-09-25T04:24:35Z;CGA-DN-567987;Verified;fuel.ops@airline.com;2026-09-25T06:44:35Z;RF-ABQ-01;MTR-RF-ABQ-01;MANUAL;2026-09-25T04:44:35Z;SEED_B6_ADSB;2026-09-25T04:44:35Z;SEED_B6_ADSB;2ceb0695-62c2-5d30-8fb4-106a7ca63fcb;1.3006;12831.72;USD
02974f55-0478-5271-9035-2da73a1ab785;895fb6b8-1a37-5234-9282-d1ebd217fcc1;MATCHED;E;344e8edc-dfce-5033-8162-da886dd31105;CGA-LAS-427496;;FT-LAS-20260924-0011;N986JB;N986JB;B6608;15094.00;LTR;455087.26;470181.26;15094.00;0.8055;KGL;MEA;18.40;GR;12158.22;COA-LAS-20260924-1;2026-09-25T04:45:22Z;CGA-DN-427496;Verified;fuel.ops@airline.com;2026-09-25T07:05:22Z;HD-LAS-24;MTR-HD-LAS-24;ELECTRONIC;2026-09-25T05:05:22Z;SEED_B6_ADSB;2026-09-25T05:05:22Z;SEED_B6_ADSB;692cc6ee-9439-5ed4-8ded-cfc439411ba3;1.2976;19585.97;USD
e80dfe1e-0099-599c-8091-4bc54b928049;7c594656-cb4d-5792-939e-5fdd83f405ed;MATCHED;M;6a2afd7e-6820-5a13-a1b0-c15bebb16771;CGA-ONT-591176;;FT-ONT-20260924-0001;N3275J;N3275J;B6454;11164.00;LTR;899455.66;910619.66;11164.00;0.7935;KGL;MEA;21.50;GR;8858.63;COA-ONT-20260924-1;2026-09-25T05:04:37Z;CGA-DN-591176;Verified;fuel.ops@airline.com;2026-09-25T07:26:37Z;RF-ONT-21;MTR-RF-ONT-21;MANUAL;2026-09-25T05:26:37Z;SEED_B6_ADSB;2026-09-25T05:26:37Z;SEED_B6_ADSB;8398f84a-f09e-5219-a54c-9faf8b26276f;1.3327;14878.26;USD
92609549-285f-5208-9e12-3f96d250fe0b;6fee656f-7833-5985-95b8-cfe135c17cf2;MATCHED;E;aeaf2e0d-ab0d-50f7-a7d3-d2e4cfc24048;CGA-LAS-427499;;FT-LAS-20260924-0012;N944JT;N944JT;B6948;14401.00;LTR;510235.73;524636.73;14401.00;0.8062;KGL;MEA;17.50;GR;11610.09;COA-LAS-20260924-1;2026-09-25T05:11:39Z;CGA-DN-427499;Verified;fuel.ops@airline.com;2026-09-25T07:31:39Z;HD-LAS-16;MTR-HD-LAS-16;ELECTRONIC;2026-09-25T05:31:39Z;SEED_B6_ADSB;2026-09-25T05:31:39Z;SEED_B6_ADSB;e7e0ce7e-7a84-52ac-b3ec-e07f989b80c3;1.2976;18686.74;USD
08c30e0c-565f-5719-ba3d-46c272028bac;8892a35e-2aa5-5c74-ae2b-d59a3391ec24;MATCHED;E;c7c5808b-d4fb-5a07-a7ef-c141868a400a;CGA-LAX-552070;;FT-LAX-20260924-0020;N949JT;N949JT;B61488;18938.00;LTR;892038.79;910976.79;18938.00;0.8078;KGL;MEA;18.40;GR;15298.12;COA-LAX-20260924-3;2026-09-25T05:16:05Z;CGA-DN-552070;Verified;fuel.ops@airline.com;2026-09-25T07:41:05Z;HD-LAX-07;MTR-HD-LAX-07;ELECTRONIC;2026-09-25T05:41:05Z;SEED_B6_ADSB;2026-09-25T05:41:05Z;SEED_B6_ADSB;9a04c483-c64b-5e21-b8f0-ae1628de0bd9;1.2974;24570.16;USD
75975114-24ce-5576-aa0a-0fd8579b016c;85aaa8f2-c187-558e-a572-e21064df4734;MATCHED;M;e4482185-60e2-5be3-b77c-59cc72dc782f;CGA-SLC-512651;;FT-SLC-20260925-0001;N595JB;N595JB;B62120;11359.00;LTR;883445.06;894804.06;11359.00;0.8039;KGL;MEA;17.60;GR;9131.5;COA-SLC-20260925-1;2026-09-25T05:45:40Z;CGA-DN-512651;Verified;fuel.ops@airline.com;2026-09-25T08:07:40Z;RF-SLC-13;MTR-RF-SLC-13;MANUAL;2026-09-25T06:07:40Z;SEED_B6_ADSB;2026-09-25T06:07:40Z;SEED_B6_ADSB;9def09a6-90fc-5742-b96c-17dc7aba3f02;1.2859;14606.54;USD
c63dacf4-3572-5121-8eb4-ced11f548de5;f76e5fe6-277b-500a-8064-8d79bb6d68c9;MATCHED;M;6b9eacd0-6557-57e7-9894-c199818c7217;WFC-YVR-133592;;FT-YVR-20260924-0001;N969JT;N969JT;B6604;14896.00;LTR;310924.40;325820.40;14896.00;0.8088;KGL;MEA;11.20;GR;12047.88;COA-YVR-20260924-1;2026-09-25T05:33:52Z;WFC-DN-133592;Verified;fuel.ops@airline.com;2026-09-25T08:01:52Z;RF-YVR-14;MTR-RF-YVR-14;MANUAL;2026-09-25T06:01:52Z;SEED_B6_ADSB;2026-09-25T06:01:52Z;SEED_B6_ADSB;20967063-ab76-54c4-bb7a-f0c7eb019533;1.3497;20105.13;USD
d0a0c3f8-5519-5155-8463-b9dec40877c5;deb3729a-c389-52c1-86aa-dc0adf002522;MATCHED;M;c01d7f5e-b4ba-5c30-9750-7b357ef3098a;CGA-SLC-512654;;FT-SLC-20260925-0002;N3291J;N3291J;B6372;8172.00;LTR;114131.02;122303.02;8172.00;0.8055;KGL;MEA;15.60;GR;6582.55;COA-SLC-20260925-1;2026-09-25T05:44:34Z;CGA-DN-512654;Verified;fuel.ops@airline.com;2026-09-25T08:01:34Z;RF-SLC-19;MTR-RF-SLC-19;MANUAL;2026-09-25T06:01:34Z;SEED_B6_ADSB;2026-09-25T06:01:34Z;SEED_B6_ADSB;6cbbcad8-5a35-5c1d-a2d0-520294a1b91b;1.2859;10508.37;USD
73235c1a-5b22-504c-a42e-1a85ae63db98;5a0fadfc-e29b-5f1e-a516-ddc85b94810a;MATCHED;M;09213c1f-1165-546a-a4d6-dc488cc5aeb4;CGA-SMF-257447;;FT-SMF-20260924-0001;N970JB;N970JB;B6162;18029.00;LTR;824822.28;842851.28;18029.00;0.8060;KGL;MEA;21.10;GR;14531.37;COA-SMF-20260924-2;2026-09-25T05:45:10Z;CGA-DN-257447;Verified;fuel.ops@airline.com;2026-09-25T08:19:10Z;RF-SMF-02;MTR-RF-SMF-02;MANUAL;2026-09-25T06:19:10Z;SEED_B6_ADSB;2026-09-25T06:19:10Z;SEED_B6_ADSB;b478f461-f158-54e2-8d72-df1be709bbaa;1.3541;24413.07;USD
82c99cf5-b455-5854-a3c1-fbad86ade49d;cf03d5f5-eeb5-5b8c-b91e-92ef9e11493b;MATCHED;E;b766c0ee-8d04-5262-89b8-872783b59c85;CGA-SFO-275637;;FT-SFO-20260924-0012;N937JB;N937JB;B6278;17756.00;LTR;112741.47;130497.47;17756.00;0.8035;KGL;MEA;16.90;GR;14266.95;COA-SFO-20260924-1;2026-09-25T06:00:23Z;CGA-DN-275637;Verified;fuel.ops@airline.com;2026-09-25T08:23:23Z;HD-SFO-02;MTR-HD-SFO-02;ELECTRONIC;2026-09-25T06:23:23Z;SEED_B6_ADSB;2026-09-25T06:23:23Z;SEED_B6_ADSB;2902565d-8b21-566c-b1c9-0b443c03daf2;1.3161;23368.67;USD
d48db941-2be6-5836-8516-1bdc7f83d2e0;f25c9734-263e-5520-a760-cb57c893a19e;MATCHED;E;811141c8-28e6-5d84-83df-e5eaf6b4ad12;CGA-SEA-788545;;FT-SEA-20260924-0002;N998JE;N998JE;B6398;17703.00;LTR;519160.99;536863.99;17703.00;0.8003;KGL;MEA;13.20;GR;14167.71;COA-SEA-20260924-1;2026-09-25T06:12:00Z;CGA-DN-788545;Verified;fuel.ops@airline.com;2026-09-25T08:35:00Z;HD-SEA-17;MTR-HD-SEA-17;ELECTRONIC;2026-09-25T06:35:00Z;SEED_B6_ADSB;2026-09-25T06:35:00Z;SEED_B6_ADSB;62bd66bf-0895-5e3c-aad9-f2af293cddb7;1.3132;23247.58;USD
472fdd70-4f62-50f3-8aab-01b3f040a97f;b9c0801d-db5f-5b25-af8f-e97722659656;MATCHED;E;f6e29deb-31dd-5c99-86fd-aa8209a4a032;CGA-LAS-427502;;FT-LAS-20260924-0013;N942JB;N942JB;B6178;15623.00;LTR;136310.87;151933.87;15623.00;0.8040;KGL;MEA;20.20;GR;12560.89;COA-LAS-20260924-1;2026-09-25T06:16:24Z;CGA-DN-427502;Verified;fuel.ops@airline.com;2026-09-25T08:37:24Z;HD-LAS-17;MTR-HD-LAS-17;ELECTRONIC;2026-09-25T06:37:24Z;SEED_B6_ADSB;2026-09-25T06:37:24Z;SEED_B6_ADSB;e919cfb4-e789-55fb-847d-ceea18d0e38f;1.2976;20272.4;USD
64656b17-501d-5d9d-9f71-b8cf624fa02c;3f0a8a3b-17d0-5f9b-b6fd-1f9bd4d43e71;MATCHED;E;a36b8163-143f-56c2-b55c-2dd3522eadbb;CGA-SFO-275639;;FT-SFO-20260924-0013;N943JT;N943JT;B6616;18057.00;LTR;567545.25;585602.25;18057.00;0.7999;KGL;MEA;21.40;GR;14443.79;COA-SFO-20260924-1;2026-09-25T06:34:47Z;CGA-DN-275639;Verified;fuel.ops@airline.com;2026-09-25T08:58:47Z;HD-SFO-15;MTR-HD-SFO-15;ELECTRONIC;2026-09-25T06:58:47Z;SEED_B6_ADSB;2026-09-25T06:58:47Z;SEED_B6_ADSB;b96b515e-e26a-54db-ac40-15c9d2b275a3;1.3161;23764.82;USD
84b1a3c6-bf32-5422-a6cb-816c0e2bcd9d;b6a378fb-022c-5e06-9dbb-58bb0b97f405;MATCHED;E;321ae868-1fc9-506e-ac11-129df3cd76a7;WFS-LAX-154043;;FT-LAX-20260925-0001;N947JB;N947JB;B61224;17809.00;LTR;329908.86;347717.86;17809.00;0.7936;KGL;MEA;21.70;GR;14133.22;COA-LAX-20260925-1;2026-09-25T06:41:38Z;WFS-DN-154043;Verified;fuel.ops@airline.com;2026-09-25T09:04:38Z;HD-LAX-04;MTR-HD-LAX-04;ELECTRONIC;2026-09-25T07:04:38Z;SEED_B6_ADSB;2026-09-25T07:04:38Z;SEED_B6_ADSB;29312397-db5c-5ec5-9a70-be140bc2ff36;1.3029;23203.35;USD
a20190f9-da08-556b-be39-c97e19d9dbe1;0a651fe6-f046-55ed-a92b-dbdbc2f97649;MATCHED;E;190d116c-e131-5d66-9d47-ed99eea18580;BPK-LHR-315501;;FT-LHR-20260925-0001;N4073J;N4073J;B61621;19656.00;LTR;541663.13;561319.13;19656.00;0.8054;KGL;MEA;15.80;GR;15830.94;COA-LHR-20260925-1;2026-09-25T06:54:17Z;BPK-DN-315501;Verified;fuel.ops@airline.com;2026-09-25T09:19:17Z;HD-LHR-11;MTR-HD-LHR-11;ELECTRONIC;2026-09-25T07:19:17Z;SEED_B6_ADSB;2026-09-25T07:19:17Z;SEED_B6_ADSB;966c2648-c342-5e89-b0ff-3b843edef3d8;1.2859;25275.65;USD
9deb94d9-5bf7-5653-936a-271c38d7094e;eed8902e-47aa-54c6-b7ac-ef54cfe3ad4a;MATCHED;E;b6b7478b-32ab-5c19-bd13-3d294ca3f552;ENI-MXP-485370;;FT-MXP-20260925-0001;N4062J;N4062J;B6332;23450.00;LTR;309495.03;332945.03;23450.00;0.8109;KGL;MEA;12.80;GR;19015.6;COA-MXP-20260925-2;2026-09-25T07:54:02Z;ENI-DN-485370;Verified;fuel.ops@airline.com;2026-09-25T10:37:02Z;RF-MXP-13;MTR-RF-MXP-13;ELECTRONIC;2026-09-25T08:37:02Z;SEED_B6_ADSB;2026-09-25T08:37:02Z;SEED_B6_ADSB;d5949195-cc5f-5528-aa35-5143027375df;1.2880;30203.6;USD
313fca3c-ba27-58dc-b75b-4eb6b5689f86;d057f5a6-03bd-5861-b18e-ae08730a552f;MATCHED;E;a805aa00-2fab-55e3-8221-9f07cce38139;WFS-BOS-478961;;FT-BOS-20260925-0001;N3195J;N3195J;B6717;2088.00;LTR;559800.99;561888.99;2088.00;0.8100;KGL;MEA;14.10;GR;1691.28;COA-BOS-20260925-3;2026-09-25T08:13:58Z;WFS-DN-478961;Verified;fuel.ops@airline.com;2026-09-25T10:19:58Z;HD-BOS-17;MTR-HD-BOS-17;ELECTRONIC;2026-09-25T08:19:58Z;SEED_B6_ADSB;2026-09-25T08:19:58Z;SEED_B6_ADSB;5dbe02c5-47bc-5ae8-91dc-a248e60e4ee2;1.3199;2755.95;USD
40e7e942-6602-5f50-9123-a1576a0f4130;a24e1291-3235-56ac-b53e-023950973041;MATCHED;E;f1269722-900b-599c-aa95-e22bd3ceec23;WFS-LAX-154045;;FT-LAX-20260925-0002;N967JT;N967JT;B61024;16492.00;LTR;818509.90;835001.90;16492.00;0.7920;KGL;MEA;23.70;GR;13061.66;COA-LAX-20260925-1;2026-09-25T08:21:59Z;WFS-DN-154045;Verified;fuel.ops@airline.com;2026-09-25T10:43:59Z;HD-LAX-22;MTR-HD-LAX-22;ELECTRONIC;2026-09-25T08:43:59Z;SEED_B6_ADSB;2026-09-25T08:43:59Z;SEED_B6_ADSB;32717ce5-0e96-5ceb-8481-40d50f253e55;1.3029;21487.43;USD
c5c7d465-fbdb-5108-b417-cb271068605e;2933b015-0e4d-5606-9897-77206be49b6a;MATCHED;E;9ea64b74-c0e8-5517-a93a-1ec275c69667;PMA-SJU-755465;;FT-SJU-20260925-0001;N763JB;N763JB;B6562;11148.00;LTR;162511.44;173659.44;11148.00;0.8017;KGL;MEA;26.40;GR;8937.35;COA-SJU-20260925-3;2026-09-25T08:25:22Z;PMA-DN-755465;Verified;fuel.ops@airline.com;2026-09-25T10:41:22Z;HD-SJU-06;MTR-HD-SJU-06;ELECTRONIC;2026-09-25T08:41:22Z;SEED_B6_ADSB;2026-09-25T08:41:22Z;SEED_B6_ADSB;3c801c1f-1895-5fef-8621-65f92fe67f18;1.3038;14534.76;USD
72330e28-eb3f-55f6-964d-459265ce49ec;1657dc78-8c10-58cc-b089-e9d9d5ebb532;MATCHED;E;e9dc894b-5c6c-5a5c-945f-f2feb3ecab87;ATI-CDG-343441;;FT-CDG-20260925-0001;N4077J;N4077J;B634;20109.00;LTR;331263.93;351372.93;20109.00;0.8133;KGL;MEA;12.60;GR;16354.65;COA-CDG-20260925-2;2026-09-25T08:26:00Z;ATI-DN-343441;Verified;fuel.ops@airline.com;2026-09-25T10:52:00Z;HD-CDG-13;MTR-HD-CDG-13;ELECTRONIC;2026-09-25T08:52:00Z;SEED_B6_ADSB;2026-09-25T08:52:00Z;SEED_B6_ADSB;6bb073d6-12cb-5e16-9ec1-1b8b9014012c;1.2736;25610.82;USD
7b1f74fb-192c-54e7-89f3-fd80f99fd882;abed6aec-410c-5f19-b06a-f5dcb8b13ec0;MATCHED;E;515ad11f-d8ed-523c-961a-b055daef1a7e;SNL-AMS-485592;;FT-AMS-20260925-0001;N4064J;N4064J;B632;20630.00;LTR;369333.50;389963.50;20630.00;0.8030;KGL;MEA;10.00;GR;16565.89;COA-AMS-20260925-3;2026-09-25T08:40:04Z;SNL-DN-485592;Verified;fuel.ops@airline.com;2026-09-25T11:06:04Z;HD-AMS-05;MTR-HD-AMS-05;ELECTRONIC;2026-09-25T09:06:04Z;SEED_B6_ADSB;2026-09-25T09:06:04Z;SEED_B6_ADSB;88501ce2-640c-5c00-9d0d-31114438a1bb;1.2882;26575.57;USD
58e97f58-dd7f-588e-9ab7-53daa51b87d9;3da3f9e4-c630-53d6-8836-6d3e7d3c7124;MATCHED;M;ad88396b-a230-5f26-8975-883ab9ea493e;WFS-SYR-619684;;FT-SYR-20260925-0001;N3023J;N3023J;B61515;2067.00;LTR;176319.03;178386.03;2067.00;0.7990;KGL;MEA;14.60;GR;1651.53;COA-SYR-20260925-3;2026-09-25T08:58:14Z;WFS-DN-619684;Verified;fuel.ops@airline.com;2026-09-25T11:05:14Z;RF-SYR-23;MTR-RF-SYR-23;MANUAL;2026-09-25T09:05:14Z;SEED_B6_ADSB;2026-09-25T09:05:14Z;SEED_B6_ADSB;0263a3d2-4b36-580f-98ee-842eef8f94b0;1.3631;2817.53;USD
224929fc-392b-5465-8fec-4a9b0a1f1376;365ba497-7f94-5da8-bc1d-000d64b8e86a;MATCHED;E;039f9c25-f7e2-506d-a2d3-eb8703202163;SHL-FLL-485145;;FT-FLL-20260925-0001;N985JT;N985JT;B6577;20722.00;LTR;136093.97;156815.97;20722.00;0.7939;KGL;MEA;21.60;GR;16451.2;COA-FLL-20260925-3;2026-09-25T09:08:35Z;SHL-DN-485145;Verified;fuel.ops@airline.com;2026-09-25T11:35:35Z;HD-FLL-19;MTR-HD-FLL-19;ELECTRONIC;2026-09-25T09:35:35Z;SEED_B6_ADSB;2026-09-25T09:35:35Z;SEED_B6_ADSB;7775a40b-eef9-5019-b2dc-3a353c2fcce0;1.2386;25666.27;USD
60434cd0-c7c9-53df-b953-41c67e6cb2b8;ab6cfc68-b57c-5dd3-8d79-446a15198d52;MATCHED;E;aca5c365-46a1-54cd-a7e7-bdfc2a32a59e;PMA-SJU-755467;;FT-SJU-20260925-0002;N975JT;N975JT;B62904;14643.00;LTR;294749.83;309392.83;14643.00;0.8021;KGL;MEA;25.90;GR;11745.15;COA-SJU-20260925-3;2026-09-25T09:04:58Z;PMA-DN-755467;Verified;fuel.ops@airline.com;2026-09-25T11:24:58Z;HD-SJU-13;MTR-HD-SJU-13;ELECTRONIC;2026-09-25T09:24:58Z;SEED_B6_ADSB;2026-09-25T09:24:58Z;SEED_B6_ADSB;c7b5ccc7-73bc-50e9-ae28-05a79fc46e97;1.3038;19091.54;USD
bfab9925-f28d-517b-af07-3c63a16fc385;3c6ad5bf-e277-5e49-9e4f-dad9b71f7c4b;MATCHED;E;b65338a9-1f0d-56bc-9570-cec295e96bac;SHL-FLL-485147;;FT-FLL-20260925-0002;N638JB;N638JB;B6302;7810.00;LTR;333271.42;341081.42;7810.00;0.7902;KGL;MEA;26.30;GR;6171.46;COA-FLL-20260925-3;2026-09-25T09:17:45Z;SHL-DN-485147;Verified;fuel.ops@airline.com;2026-09-25T11:29:45Z;HD-FLL-06;MTR-HD-FLL-06;ELECTRONIC;2026-09-25T09:29:45Z;SEED_B6_ADSB;2026-09-25T09:29:45Z;SEED_B6_ADSB;6793c8a2-b060-5332-a678-f631764b3ba8;1.2386;9673.47;USD
1f5b4f4e-f64b-5baa-986b-0f0e6a54a475;4f733020-072f-58a0-b9c4-51329bbdd3ff;MATCHED;M;1c18c6a8-6ca2-5ef0-be0c-6ea8f3046c37;WFS-RDU-697031;;FT-RDU-20260925-0001;N3142J;N3142J;B61484;2825.00;LTR;107750.93;110575.93;2825.00;0.8040;KGL;MEA;20.40;GR;2271.3;COA-RDU-20260925-1;2026-09-25T09:11:25Z;WFS-DN-697031;Verified;fuel.ops@airline.com;2026-09-25T11:19:25Z;RF-RDU-12;MTR-RF-RDU-12;MANUAL;2026-09-25T09:19:25Z;SEED_B6_ADSB;2026-09-25T09:19:25Z;SEED_B6_ADSB;c88f2a1c-03ad-5420-93d7-c68a7bf7814f;1.2819;3621.37;USD
c1d948c1-c081-59d8-97ac-ce18111c4d41;b8d818a5-ce1d-5808-9bd0-da3fa6a574bf;MATCHED;E;e94bf2f9-b298-5e0c-b99e-9edae56e6b7e;PMA-SJU-755469;;FT-SJU-20260925-0003;N547JB;N547JB;B6234;8500.00;LTR;367239.15;375739.15;8500.00;0.7999;KGL;MEA;28.70;GR;6799.15;COA-SJU-20260925-3;2026-09-25T09:03:21Z;PMA-DN-755469;Verified;fuel.ops@airline.com;2026-09-25T11:16:21Z;HD-SJU-16;MTR-HD-SJU-16;ELECTRONIC;2026-09-25T09:16:21Z;SEED_B6_ADSB;2026-09-25T09:16:21Z;SEED_B6_ADSB;5e052193-1028-5e5d-adfb-498bc54069cd;1.3038;11082.3;USD
1361a99e-8e27-5d3c-9299-d8129e87eeac;a6c3cae8-b8dd-5b62-9a1d-8d15adcb0a7f;MATCHED;M;e6592d71-005c-58b7-8c2b-1c4fb1fcfdd8;BPA-PIT-505320;;FT-PIT-20260925-0001;N3118J;N3118J;B61198;3829.00;LTR;748500.25;752329.25;3829.00;0.8045;KGL;MEA;15.00;GR;3080.43;COA-PIT-20260925-2;2026-09-25T09:10:43Z;BPA-DN-505320;Verified;fuel.ops@airline.com;2026-09-25T11:20:43Z;RF-PIT-20;MTR-RF-PIT-20;MANUAL;2026-09-25T09:20:43Z;SEED_B6_ADSB;2026-09-25T09:20:43Z;SEED_B6_ADSB;408bb7f2-dfe4-53b8-9514-96cbf9cb1ab2;1.3492;5166.09;USD
2d51ec4e-c5b3-5c40-933a-6ecf22293c8b;3668fe0d-84e2-595a-9d84-146a3aec2eb3;MATCHED;E;7134a49f-4853-524d-8fee-908177123d32;BPK-DUB-467013;;FT-DUB-20260925-0001;N2142J;N2142J;B6354;17681.00;LTR;525647.66;543328.66;17681.00;0.8133;KGL;MEA;12.50;GR;14379.96;COA-DUB-20260925-3;2026-09-25T09:00:44Z;BPK-DN-467013;Verified;fuel.ops@airline.com;2026-09-25T11:33:44Z;RF-DUB-10;MTR-RF-DUB-10;ELECTRONIC;2026-09-25T09:33:44Z;SEED_B6_ADSB;2026-09-25T09:33:44Z;SEED_B6_ADSB;d3ecac79-7953-5026-8feb-6e37585898b3;1.2983;22955.24;USD
30eda39f-df65-5a19-a1fd-bf3d229660d3;f5d7e10c-edcb-5f4e-b6f9-d724736c0f83;MATCHED;E;6d4445df-c55a-5d0c-bc9a-f0c7d9205370;BPA-PHL-493068;;FT-PHL-20260925-0001;N3157J;N3157J;B6160;3794.00;LTR;700698.71;704492.71;3794.00;0.8010;KGL;MEA;21.10;GR;3038.99;COA-PHL-20260925-2;2026-09-25T08:54:50Z;BPA-DN-493068;Verified;fuel.ops@airline.com;2026-09-25T11:02:50Z;HD-PHL-15;MTR-HD-PHL-15;ELECTRONIC;2026-09-25T09:02:50Z;SEED_B6_ADSB;2026-09-25T09:02:50Z;SEED_B6_ADSB;cce9bfa3-95a4-5d8d-9e81-6299e7d11d42;1.3276;5036.91;USD
871a2b93-eb55-5b69-9182-d95c22a7eb94;73e81cc6-a580-519a-8f2a-cf49ef8d2bea;MATCHED;M;55158722-f990-5f95-a264-c0716c1b3fc3;WFS-BUF-723680;;FT-BUF-20260925-0001;N3115J;N3115J;B62001;2189.00;LTR;706123.88;708312.88;2189.00;0.7993;KGL;MEA;19.20;GR;1749.67;COA-BUF-20260925-3;2026-09-25T09:18:35Z;WFS-DN-723680;Verified;fuel.ops@airline.com;2026-09-25T11:25:35Z;RF-BUF-16;MTR-RF-BUF-16;MANUAL;2026-09-25T09:25:35Z;SEED_B6_ADSB;2026-09-25T09:25:35Z;SEED_B6_ADSB;a9fd35fc-fba3-5418-81ee-124a51422ddb;1.3346;2921.44;USD
e5f16c02-5e24-5c55-ad20-b746c2ff0c72;ae2d89e2-d4b7-54d9-bb72-75d20c648c40;MATCHED;E;c3cf89a9-4101-5efc-a1f4-aa1ce514b344;SHL-BOS-696879;;FT-BOS-20260925-0002;N968JT;N968JT;B6287;19040.00;LTR;226061.70;245101.70;19040.00;0.8097;KGL;MEA;14.50;GR;15416.69;COA-BOS-20260925-3;2026-09-25T09:01:30Z;SHL-DN-696879;Verified;fuel.ops@airline.com;2026-09-25T11:26:30Z;HD-BOS-13;MTR-HD-BOS-13;ELECTRONIC;2026-09-25T09:26:30Z;SEED_B6_ADSB;2026-09-25T09:26:30Z;SEED_B6_ADSB;57cff379-ba3d-5018-8fbf-608c3c87a902;1.3166;25068.06;USD
40492ce7-d359-5883-8654-4e2257e202dd;fcfb4963-1716-5867-8639-30f69ca5684e;MATCHED;M;28f8f854-1a54-549d-b48c-0cbb3028e2e0;SHL-PBI-381692;;FT-PBI-20260925-0001;N806JB;N806JB;B61368;7783.00;LTR;520172.63;527955.63;7783.00;0.8048;KGL;MEA;23.50;GR;6263.76;COA-PBI-20260925-3;2026-09-25T09:22:21Z;SHL-DN-381692;Verified;fuel.ops@airline.com;2026-09-25T11:38:21Z;RF-PBI-12;MTR-RF-PBI-12;MANUAL;2026-09-25T09:38:21Z;SEED_B6_ADSB;2026-09-25T09:38:21Z;SEED_B6_ADSB;77538a46-d2d1-50fb-a531-aabe047a09e0;1.2739;9914.76;USD
c4fde98a-4fef-5e38-9776-864d9f92b51e;bbbe4d8d-eaed-5381-a2a8-90e7252e0cfe;MATCHED;E;aa536a9b-8d07-5085-90ad-ba6f5e243238;SHL-JFK-512684;;FT-JFK-20260925-0001;N715JB;N715JB;B61059;10093.00;LTR;215996.35;226089.35;10093.00;0.8020;KGL;MEA;17.60;GR;8094.59;COA-JFK-20260925-1;2026-09-25T09:09:51Z;SHL-DN-512684;Verified;fuel.ops@airline.com;2026-09-25T11:24:51Z;HD-JFK-07;MTR-HD-JFK-07;ELECTRONIC;2026-09-25T09:24:51Z;SEED_B6_ADSB;2026-09-25T09:24:51Z;SEED_B6_ADSB;978a1eac-82de-532c-a657-9ea1a6e7cead;1.3158;13280.37;USD
48aaa132-d0f0-594b-8c18-aa9472bf9809;db81e456-6cf8-54b8-9bb4-0b19fc7f75c8;MATCHED;E;c004d550-d7e6-5831-993d-017f07f66385;WFS-LGA-756523;;FT-LGA-20260925-0001;N615JB;N615JB;B61471;7889.00;LTR;684188.52;692077.52;7889.00;0.8009;KGL;MEA;15.50;GR;6318.3;COA-LGA-20260925-1;2026-09-25T09:15:54Z;WFS-DN-756523;Verified;fuel.ops@airline.com;2026-09-25T11:27:54Z;HD-LGA-10;MTR-HD-LGA-10;ELECTRONIC;2026-09-25T09:27:54Z;SEED_B6_ADSB;2026-09-25T09:27:54Z;SEED_B6_ADSB;e261be98-d37e-5370-ac43-3a229f05b709;1.3124;10353.52;USD
5ed9ab6c-9ddd-5d82-a4f0-7d329b7aa2ca;391e2b15-540b-5673-80c8-85ee05ed2ddf;MATCHED;M;24380907-8e1d-535e-b372-6471d588d82a;BPA-DTW-753879;;FT-DTW-20260925-0001;N583JB;N583JB;B61419;3617.00;LTR;502926.32;506543.32;3617.00;0.8037;KGL;MEA;16.80;GR;2906.98;COA-DTW-20260925-2;2026-09-25T09:19:41Z;BPA-DN-753879;Verified;fuel.ops@airline.com;2026-09-25T11:28:41Z;RF-DTW-11;MTR-RF-DTW-11;MANUAL;2026-09-25T09:28:41Z;SEED_B6_ADSB;2026-09-25T09:28:41Z;SEED_B6_ADSB;06dd944b-aea6-5c63-9021-1d97be1281ba;1.3104;4739.72;USD
18eb8f0d-296d-5330-8a03-a207d2a5bc39;48154a0b-2df0-593f-b5cb-0d54dab97054;MATCHED;E;5ebd11e1-e943-5c2e-84cf-98a868e672e9;BPA-DCA-429174;;FT-DCA-20260925-0001;N709JB;N709JB;B6379;6101.00;LTR;620568.57;626669.57;6101.00;0.7978;KGL;MEA;17.90;GR;4867.38;COA-DCA-20260925-1;2026-09-25T09:12:51Z;BPA-DN-429174;Verified;fuel.ops@airline.com;2026-09-25T11:22:51Z;HD-DCA-09;MTR-HD-DCA-09;ELECTRONIC;2026-09-25T09:22:51Z;SEED_B6_ADSB;2026-09-25T09:22:51Z;SEED_B6_ADSB;b11fda3e-c9df-5808-a37d-6a4d35954726;1.3157;8027.09;USD
6a699c93-6585-50a5-92e6-5c750091d413;3283dc92-f938-5767-8779-8b263301a8ba;MATCHED;E;9179a21b-8886-56bb-8a07-331487231038;SHL-JFK-512686;;FT-JFK-20260925-0002;N987JT;N987JT;B6123;18601.00;LTR;519477.76;538078.76;18601.00;0.8033;KGL;MEA;16.00;GR;14942.18;COA-JFK-20260925-1;2026-09-25T09:13:11Z;SHL-DN-512686;Verified;fuel.ops@airline.com;2026-09-25T11:37:11Z;HD-JFK-20;MTR-HD-JFK-20;ELECTRONIC;2026-09-25T09:37:11Z;SEED_B6_ADSB;2026-09-25T09:37:11Z;SEED_B6_ADSB;a321cf08-f1ef-5174-b018-a5611ab63aa9;1.3158;24475.2;USD
93904ed1-d0ef-5b4a-9402-eb463b183991;bdc97b4f-272a-54a7-b4d0-a3ab78aa4130;MATCHED;E;436d15fb-932f-5654-a9ef-4c20624d40ba;SHL-FLL-485150;;FT-FLL-20260925-0003;N563JB;N563JB;B6690;9632.00;LTR;783651.66;793283.66;9632.00;0.7909;KGL;MEA;25.40;GR;7617.95;COA-FLL-20260925-3;2026-09-25T09:18:15Z;SHL-DN-485150;Verified;fuel.ops@airline.com;2026-09-25T11:32:15Z;HD-FLL-22;MTR-HD-FLL-22;ELECTRONIC;2026-09-25T09:32:15Z;SEED_B6_ADSB;2026-09-25T09:32:15Z;SEED_B6_ADSB;7a6d08e2-b00d-5104-9f52-6a7692b103e0;1.2386;11930.2;USD
5a997faa-9930-5bcf-8c23-95e948a10c48;616d9019-72ff-514a-8c25-9e0a8d6adf99;MATCHED;M;cc50c0c9-f48f-5876-bf69-271d1a9fcd00;BPA-CLE-201335;;FT-CLE-20260925-0001;N3267J;N3267J;B62769;3472.00;LTR;789600.46;793072.46;3472.00;0.7996;KGL;MEA;14.70;GR;2776.21;COA-CLE-20260925-3;2026-09-25T09:21:04Z;BPA-DN-201335;Verified;fuel.ops@airline.com;2026-09-25T11:31:04Z;RF-CLE-22;MTR-RF-CLE-22;MANUAL;2026-09-25T09:31:04Z;SEED_B6_ADSB;2026-09-25T09:31:04Z;SEED_B6_ADSB;f6c937cb-aa38-59b9-94bf-ab57533c5910;1.3112;4552.49;USD
6c6cc2fc-1f3a-5c2d-b501-6b09779bf8a3;41aee783-03f2-5af1-ac4a-a1d1dd0d7e04;MATCHED;M;5857453b-511c-5a16-8880-e08b43117cf7;BPA-RIC-112602;;FT-RIC-20260925-0001;N3194J;N3194J;B6382;3058.00;LTR;265821.32;268879.32;3058.00;0.7981;KGL;MEA;21.60;GR;2440.59;COA-RIC-20260925-2;2026-09-25T09:33:32Z;BPA-DN-112602;Verified;fuel.ops@airline.com;2026-09-25T11:42:32Z;RF-RIC-22;MTR-RF-RIC-22;MANUAL;2026-09-25T09:42:32Z;SEED_B6_ADSB;2026-09-25T09:42:32Z;SEED_B6_ADSB;6db3b2a9-7eb2-5f28-b8ff-c1fb11de1685;1.3731;4198.94;USD
25e7a86d-78a1-54ce-8cde-988d4380e8b0;ff18ea83-50d4-5546-b798-0a746c70a7a8;MATCHED;E;7f479f80-c20b-5f31-a0f3-4ad871c30148;SHL-JFK-512688;;FT-JFK-20260925-0003;N984JB;N984JB;B6115;21326.00;LTR;268915.16;290241.16;21326.00;0.8037;KGL;MEA;15.50;GR;17139.71;COA-JFK-20260925-1;2026-09-25T09:25:16Z;SHL-DN-512688;Verified;fuel.ops@airline.com;2026-09-25T11:52:16Z;HD-JFK-18;MTR-HD-JFK-18;ELECTRONIC;2026-09-25T09:52:16Z;SEED_B6_ADSB;2026-09-25T09:52:16Z;SEED_B6_ADSB;f0370b19-d26c-5f61-bcca-d636587a66ad;1.3158;28060.75;USD
dea665d7-6ab1-50d2-a509-a00472be00df;b8881d08-7838-52aa-99e7-8d09033d64f8;MATCHED;M;35d8cc1c-a12d-5250-84f4-3f4f97fd0768;WFS-PWM-108827;;FT-PWM-20260925-0001;N828JB;N828JB;B6307;2932.00;LTR;488788.85;491720.85;2932.00;0.8089;KGL;MEA;13.80;GR;2371.69;COA-PWM-20260925-1;2026-09-25T09:26:31Z;WFS-DN-108827;Verified;fuel.ops@airline.com;2026-09-25T11:34:31Z;RF-PWM-17;MTR-RF-PWM-17;MANUAL;2026-09-25T09:34:31Z;SEED_B6_ADSB;2026-09-25T09:34:31Z;SEED_B6_ADSB;f002a457-1f51-51af-9989-6bf9f9109005;1.3402;3929.47;USD
11211f12-0997-5081-9b01-5a90eae40bb5;9c5bef70-bb2d-5389-b4b5-6e9f5356bd7c;MATCHED;E;96cf0018-f124-5b39-bb62-80f99379083b;WFS-ATL-755189;;FT-ATL-20260925-0001;N3058J;N3058J;B61896;6073.00;LTR;388086.51;394159.51;6073.00;0.7973;KGL;MEA;19.00;GR;4842;COA-ATL-20260925-2;2026-09-25T09:20:04Z;WFS-DN-755189;Verified;fuel.ops@airline.com;2026-09-25T11:30:04Z;HD-ATL-17;MTR-HD-ATL-17;ELECTRONIC;2026-09-25T09:30:04Z;SEED_B6_ADSB;2026-09-25T09:30:04Z;SEED_B6_ADSB;3353baf0-c2c8-548a-b569-1f7e83b3c8e6;1.2179;7396.31;USD
07316b90-3989-5772-86a0-bba9984cf553;868ef4f1-ceaf-510d-94c5-7d8fc0c51a15;MATCHED;M;4da2e717-826b-5a0f-a59e-a187467c4a7e;WFS-BDL-333665;;FT-BDL-20260925-0001;N834JB;N834JB;B6676;2810.00;LTR;721886.20;724696.20;2810.00;0.8015;KGL;MEA;15.70;GR;2252.22;COA-BDL-20260925-3;2026-09-25T09:31:17Z;WFS-DN-333665;Verified;fuel.ops@airline.com;2026-09-25T11:39:17Z;RF-BDL-22;MTR-RF-BDL-22;MANUAL;2026-09-25T09:39:17Z;SEED_B6_ADSB;2026-09-25T09:39:17Z;SEED_B6_ADSB;8ea692e1-5a61-5ba6-abd1-67c2ee69f1af;1.3516;3798;USD
27ee1cd6-c8d5-50f6-a727-e5b463324a48;dd81101f-5f80-501e-9123-adac65d6ed4d;MATCHED;E;ee0046d9-ac0f-5144-a79d-f262225945f7;WFS-EWR-719341;;FT-EWR-20260925-0001;N656JB;N656JB;B6927;6191.00;LTR;461776.03;467967.03;6191.00;0.8024;KGL;MEA;18.80;GR;4967.66;COA-EWR-20260925-2;2026-09-25T09:24:33Z;WFS-DN-719341;Verified;fuel.ops@airline.com;2026-09-25T11:34:33Z;HD-EWR-18;MTR-HD-EWR-18;ELECTRONIC;2026-09-25T09:34:33Z;SEED_B6_ADSB;2026-09-25T09:34:33Z;SEED_B6_ADSB;bf9b3a90-f594-5fc2-ab1e-cc5a5ee152d8;1.3103;8112.07;USD
20913aa6-3840-522b-a26f-07010758a9f0;d6a41fe6-c9d4-50ab-8a93-56dca72555da;MATCHED;E;cb8f553c-8895-572f-b214-091fa6dd9ec2;SHL-FLL-485151;;FT-FLL-20260925-0004;N599JB;N599JB;B6172;8437.00;LTR;518936.64;527373.64;8437.00;0.7913;KGL;MEA;24.80;GR;6676.2;COA-FLL-20260925-3;2026-09-25T09:19:12Z;SHL-DN-485151;Verified;fuel.ops@airline.com;2026-09-25T11:33:12Z;HD-FLL-02;MTR-HD-FLL-02;ELECTRONIC;2026-09-25T09:33:12Z;SEED_B6_ADSB;2026-09-25T09:33:12Z;SEED_B6_ADSB;9bf2f1d7-abdd-55a9-baba-355efee4f63a;1.2386;10450.07;USD
d1a3bc3f-26f9-5c1b-95c7-ba8649893aa2;41b47be9-8581-5f10-93b5-63ec8e205a3f;MATCHED;E;e2646938-7823-5ba1-af8b-c9ed924c4e05;WFS-BOS-478964;;FT-BOS-20260925-0003;N637JB;N637JB;B6569;9241.00;LTR;547827.42;557068.42;9241.00;0.8086;KGL;MEA;15.90;GR;7472.27;COA-BOS-20260925-3;2026-09-25T09:21:33Z;WFS-DN-478964;Verified;fuel.ops@airline.com;2026-09-25T11:35:33Z;HD-BOS-07;MTR-HD-BOS-07;ELECTRONIC;2026-09-25T09:35:33Z;SEED_B6_ADSB;2026-09-25T09:35:33Z;SEED_B6_ADSB;297272fc-83da-5595-844b-01cbf2834f60;1.3199;12197.2;USD
16aa0c48-f64b-5d8c-bf11-82ff1e8581fd;ba7c22a6-3f8f-5ed4-a617-faad131a0167;MATCHED;E;4b8c60a8-7c98-5fd1-a5ce-d852118fb1fb;SHL-FLL-485154;;FT-FLL-20260925-0005;N661JB;N661JB;B6753;6152.00;LTR;497855.17;504007.17;6152.00;0.7931;KGL;MEA;22.60;GR;4879.15;COA-FLL-20260925-3;2026-09-25T09:37:13Z;SHL-DN-485154;Verified;fuel.ops@airline.com;2026-09-25T11:48:13Z;HD-FLL-10;MTR-HD-FLL-10;ELECTRONIC;2026-09-25T09:48:13Z;SEED_B6_ADSB;2026-09-25T09:48:13Z;SEED_B6_ADSB;68c7e243-c540-5405-8695-7471e169b528;1.2386;7619.87;USD
91cfb8b7-198b-5f54-b557-79f925eb4044;fd9ec4e0-9819-504e-8cd3-83002f39d259;MATCHED;E;27219ed5-8f50-53d5-96bd-57845e3c1a6f;WFS-JFK-403879;;FT-JFK-20260925-0004;N981JT;N981JT;B6189;17831.00;LTR;435980.43;453811.43;17831.00;0.8017;KGL;MEA;18.00;GR;14295.11;COA-JFK-20260925-1;2026-09-25T09:38:30Z;WFS-DN-403879;Verified;fuel.ops@airline.com;2026-09-25T12:01:30Z;HD-JFK-17;MTR-HD-JFK-17;ELECTRONIC;2026-09-25T10:01:30Z;SEED_B6_ADSB;2026-09-25T10:01:30Z;SEED_B6_ADSB;c8305552-bc96-5761-8090-a54ca428c1be;1.3071;23306.9;USD
209e29e5-c4b1-57e5-8792-e5f638716457;1a38207f-4dbb-54e8-a8ef-47f1b9e42be8;MATCHED;M;8c899523-795e-5a4a-98c9-0a4f90d86ef1;WFS-HPN-788029;;FT-HPN-20260925-0001;N608JB;N608JB;B61447;6869.00;LTR;211240.77;218109.77;6869.00;0.7984;KGL;MEA;18.00;GR;5484.21;COA-HPN-20260925-2;2026-09-25T09:42:45Z;WFS-DN-788029;Verified;fuel.ops@airline.com;2026-09-25T11:57:45Z;RF-HPN-02;MTR-RF-HPN-02;MANUAL;2026-09-25T09:57:45Z;SEED_B6_ADSB;2026-09-25T09:57:45Z;SEED_B6_ADSB;948c65b3-04ee-571e-8b85-8f5a17e054b0;1.3639;9368.63;USD
2cf44d3e-f640-58f9-b1d2-4bc7ad931e1c;94f9525e-8ab1-50ca-b71e-06c1524077e9;MATCHED;E;c33475cf-ada2-5dcd-b36a-b2372f1e0c22;BPA-DCA-429175;;FT-DCA-20260925-0002;N3310J;N3310J;B6254;2285.00;LTR;226876.20;229161.20;2285.00;0.7984;KGL;MEA;17.20;GR;1824.34;COA-DCA-20260925-1;2026-09-25T09:22:56Z;BPA-DN-429175;Verified;fuel.ops@airline.com;2026-09-25T11:28:56Z;HD-DCA-08;MTR-HD-DCA-08;ELECTRONIC;2026-09-25T09:28:56Z;SEED_B6_ADSB;2026-09-25T09:28:56Z;SEED_B6_ADSB;9e141bfe-6889-5426-9dfe-07a66b65b4ce;1.3157;3006.37;USD
050f580c-5371-583c-9149-3edc0f5d1ad4;583d47c9-8a71-5036-9eb6-94302128e1cc;MATCHED;E;0b32f463-ef16-5073-a629-b9ee8f0ad033;ATI-CDG-343443;;FT-CDG-20260925-0002;N4074J;N4074J;B61408;22303.00;LTR;549119.66;571422.66;22303.00;0.8136;KGL;MEA;12.30;GR;18145.72;COA-CDG-20260925-2;2026-09-25T09:43:10Z;ATI-DN-343443;Verified;fuel.ops@airline.com;2026-09-25T12:11:10Z;HD-CDG-17;MTR-HD-CDG-17;ELECTRONIC;2026-09-25T10:11:10Z;SEED_B6_ADSB;2026-09-25T10:11:10Z;SEED_B6_ADSB;ffc8c23e-8e72-574b-baf6-fb836614b074;1.2736;28405.1;USD
9ea418b4-2d39-592e-8ead-eeb9b250adca;f233eb03-de43-5b8e-ae69-e7979728b76d;MATCHED;E;40215d36-72eb-523d-ac6b-672b84467dbf;WFS-BOS-478965;;FT-BOS-20260925-0004;N3221J;N3221J;B61807;5265.00;LTR;124952.94;130217.94;5265.00;0.8091;KGL;MEA;15.20;GR;4259.91;COA-BOS-20260925-3;2026-09-25T09:30:28Z;WFS-DN-478965;Verified;fuel.ops@airline.com;2026-09-25T11:39:28Z;HD-BOS-09;MTR-HD-BOS-09;ELECTRONIC;2026-09-25T09:39:28Z;SEED_B6_ADSB;2026-09-25T09:39:28Z;SEED_B6_ADSB;7f9026cb-f737-5fa1-a7ed-6744880c6533;1.3199;6949.27;USD
576c7cc3-420f-57b9-ba47-186390b8906e;e8687f30-5fa9-5bdb-8751-0945c3bb11af;MATCHED;E;add01928-d1ee-5bb7-b41c-58d87847e3c8;WFS-EWR-719342;;FT-EWR-20260925-0002;N796JB;N796JB;B61505;7152.00;LTR;279129.25;286281.25;7152.00;0.8037;KGL;MEA;17.10;GR;5748.06;COA-EWR-20260925-2;2026-09-25T09:32:52Z;WFS-DN-719342;Verified;fuel.ops@airline.com;2026-09-25T11:43:52Z;HD-EWR-12;MTR-HD-EWR-12;ELECTRONIC;2026-09-25T09:43:52Z;SEED_B6_ADSB;2026-09-25T09:43:52Z;SEED_B6_ADSB;a62e553b-a98f-5ec5-a900-bb4adc892d96;1.3103;9371.27;USD
153daf18-8245-5b79-a52c-a0b4918c7cfb;d354463c-4071-5649-ae49-ce84782ea830;MATCHED;M;c169adf8-2b13-5e5b-b66c-e77b60d071b7;WFS-PVD-219751;;FT-PVD-20260925-0001;N794JB;N794JB;B61197;9027.00;LTR;870995.01;880022.01;9027.00;0.8100;KGL;MEA;18.30;GR;7311.87;COA-PVD-20260925-1;2026-09-25T09:42:24Z;WFS-DN-219751;Verified;fuel.ops@airline.com;2026-09-25T12:00:24Z;RF-PVD-01;MTR-RF-PVD-01;MANUAL;2026-09-25T10:00:24Z;SEED_B6_ADSB;2026-09-25T10:00:24Z;SEED_B6_ADSB;c89c8d32-0534-5bbc-82c6-3a43a83dcea2;1.3601;12277.62;USD
e3998162-f22c-5fee-92d9-4e753be138e7;679206de-1bf6-5666-a0fa-e13611620d9f;MATCHED;E;36086a10-1ff7-590a-a57e-46ec7dc66854;WFS-BOS-478968;;FT-BOS-20260925-0005;N3242J;N3242J;B61585;3844.00;LTR;485106.93;488950.93;3844.00;0.8059;KGL;MEA;19.20;GR;3097.88;COA-BOS-20260925-3;2026-09-25T09:44:41Z;WFS-DN-478968;Verified;fuel.ops@airline.com;2026-09-25T11:52:41Z;HD-BOS-15;MTR-HD-BOS-15;ELECTRONIC;2026-09-25T09:52:41Z;SEED_B6_ADSB;2026-09-25T09:52:41Z;SEED_B6_ADSB;00eaa442-e11b-5caa-ac1a-60119a416106;1.3199;5073.7;USD
566d61af-afed-5555-a10f-495189a62b58;2c22dd18-24b1-5369-9174-27dca37c88de;MATCHED;E;03e17daf-d997-5942-8e0d-bd9c3effcca7;BPK-EDI-411240;;FT-EDI-20260925-0001;N2165J;N2165J;B61080;18682.00;LTR;817150.63;835832.63;18682.00;0.8050;KGL;MEA;9.70;GR;15039.01;COA-EDI-20260925-3;2026-09-25T09:53:34Z;BPK-DN-411240;Verified;fuel.ops@airline.com;2026-09-25T12:28:34Z;RF-EDI-10;MTR-RF-EDI-10;ELECTRONIC;2026-09-25T10:28:34Z;SEED_B6_ADSB;2026-09-25T10:28:34Z;SEED_B6_ADSB;9a6e91b5-b37c-5c5f-a658-55abc22c78bb;1.2742;23804.6;USD
10c031a2-95fb-5509-8dab-4c66d8f94469;145ae75d-7c5f-5cf4-936a-c3f2cf401993;MATCHED;E;fdb0bc7e-1f77-54eb-b825-f62344a2556a;SHL-BOS-696882;;FT-BOS-20260925-0006;N3125J;N3125J;B6351;5752.00;LTR;702373.74;708125.74;5752.00;0.8079;KGL;MEA;16.70;GR;4647.04;COA-BOS-20260925-3;2026-09-25T09:39:07Z;SHL-DN-696882;Verified;fuel.ops@airline.com;2026-09-25T11:49:07Z;HD-BOS-19;MTR-HD-BOS-19;ELECTRONIC;2026-09-25T09:49:07Z;SEED_B6_ADSB;2026-09-25T09:49:07Z;SEED_B6_ADSB;67baf26a-79a3-5f8a-b28d-906a9c6d44ad;1.3166;7573.08;USD
78cbf186-e661-5d86-ba11-d3657ba27365;193ea8c7-7774-5f82-90ad-7e72cbf658fe;MATCHED;E;f39f6a98-b98b-5396-85fd-3f85fa79d3a9;WFS-BOS-478971;;FT-BOS-20260925-0007;N971JT;N971JT;B6165;10115.00;LTR;301966.73;312081.73;10115.00;0.8095;KGL;MEA;14.70;GR;8188.09;COA-BOS-20260925-3;2026-09-25T09:48:18Z;WFS-DN-478971;Verified;fuel.ops@airline.com;2026-09-25T12:03:18Z;HD-BOS-06;MTR-HD-BOS-06;ELECTRONIC;2026-09-25T10:03:18Z;SEED_B6_ADSB;2026-09-25T10:03:18Z;SEED_B6_ADSB;bbab5782-e919-59ae-b481-b854c460152b;1.3199;13350.79;USD
7d52674a-12b5-573d-aa6d-09956813d14f;17bd8700-1409-5c16-a565-c9483ce37748;MATCHED;E;1bda955f-1208-5564-9cc0-75e81b8dbb89;WFS-JFK-403882;;FT-JFK-20260925-0005;N3123J;N3123J;B61602;1429.00;LTR;148372.18;149801.18;1429.00;0.8032;KGL;MEA;16.10;GR;1147.77;COA-JFK-20260925-1;2026-09-25T09:40:55Z;WFS-DN-403882;Verified;fuel.ops@airline.com;2026-09-25T11:45:55Z;HD-JFK-12;MTR-HD-JFK-12;ELECTRONIC;2026-09-25T09:45:55Z;SEED_B6_ADSB;2026-09-25T09:45:55Z;SEED_B6_ADSB;d7fcd5aa-5597-524c-a47f-c4aad5be6552;1.3071;1867.85;USD
5d244299-74c8-5ee8-abd5-1c09f24366a1;358927ac-497a-55bc-b94d-e8459f843ee0;MATCHED;E;ca31206d-3918-543a-bcd2-2dfc84519d91;SHL-BOS-696885;;FT-BOS-20260925-0008;N703JB;N703JB;B6691;8347.00;LTR;332430.48;340777.48;8347.00;0.8055;KGL;MEA;19.80;GR;6723.51;COA-BOS-20260925-3;2026-09-25T09:43:33Z;SHL-DN-696885;Verified;fuel.ops@airline.com;2026-09-25T11:56:33Z;HD-BOS-23;MTR-HD-BOS-23;ELECTRONIC;2026-09-25T09:56:33Z;SEED_B6_ADSB;2026-09-25T09:56:33Z;SEED_B6_ADSB;e8ee2969-88d1-5ca0-b8ed-0974eddcf304;1.3166;10989.66;USD
89a01f0a-5a06-5f81-adec-576c4b5b1a75;9b98ec61-456a-50b3-9ca9-a84f020a5a5a;MATCHED;E;281d194c-0aea-5dd0-888e-03e2cfd4ffe3;SHL-JFK-512690;;FT-JFK-20260925-0006;N2086J;N2086J;B6953;5937.00;LTR;446618.71;452555.71;5937.00;0.8020;KGL;MEA;17.70;GR;4761.47;COA-JFK-20260925-1;2026-09-25T09:56:53Z;SHL-DN-512690;Verified;fuel.ops@airline.com;2026-09-25T12:06:53Z;HD-JFK-01;MTR-HD-JFK-01;ELECTRONIC;2026-09-25T10:06:53Z;SEED_B6_ADSB;2026-09-25T10:06:53Z;SEED_B6_ADSB;7c3469b3-1508-5717-a5ba-7db806074a42;1.3158;7811.9;USD
c76403fc-e402-54a6-9c15-0d9c7b6d41ec;967dbb6e-2647-5cd2-b4c8-ad6933509cdf;MATCHED;E;8d11d5c5-9c3c-5613-b669-a54a04112655;WFS-JFK-403885;;FT-JFK-20260925-0007;N3261J;N3261J;B62718;625.00;LTR;670995.33;671620.33;625.00;0.8000;KGL;MEA;20.10;GR;500;COA-JFK-20260925-1;2026-09-25T09:54:25Z;WFS-DN-403885;Verified;fuel.ops@airline.com;2026-09-25T11:58:25Z;HD-JFK-23;MTR-HD-JFK-23;ELECTRONIC;2026-09-25T09:58:25Z;SEED_B6_ADSB;2026-09-25T09:58:25Z;SEED_B6_ADSB;9ba3ec6f-180d-5200-9129-cdbfd1d8a94d;1.3071;816.94;USD
7b134b0c-8589-59b2-b945-7efb9470dfae;f3f9ced8-a388-542d-9d88-1327a11762eb;MATCHED;E;fc2e0ad2-182e-51ac-8b7f-27d2ccd368c3;WFS-JFK-403887;;FT-JFK-20260925-0008;N2039J;N2039J;B61;6268.00;LTR;550020.91;556288.91;6268.00;0.8013;KGL;MEA;18.50;GR;5022.55;COA-JFK-20260925-1;2026-09-25T09:48:30Z;WFS-DN-403887;Verified;fuel.ops@airline.com;2026-09-25T11:59:30Z;HD-JFK-22;MTR-HD-JFK-22;ELECTRONIC;2026-09-25T09:59:30Z;SEED_B6_ADSB;2026-09-25T09:59:30Z;SEED_B6_ADSB;071bf80c-dedb-5df8-80a8-3979b719e69b;1.3071;8192.9;USD
b9e6d321-86bd-5eaf-bfbc-bbdc9157e680;5f120ec9-4fdd-54bd-aee1-21dbd62304bc;MATCHED;M;e32272df-ac05-52e6-99d9-99a85286d9ef;WFS-BDL-333668;;FT-BDL-20260925-0002;N705JB;N705JB;B6959;8640.00;LTR;343368.74;352008.74;8640.00;0.8001;KGL;MEA;17.50;GR;6912.86;COA-BDL-20260925-3;2026-09-25T10:16:11Z;WFS-DN-333668;Verified;fuel.ops@airline.com;2026-09-25T12:34:11Z;RF-BDL-23;MTR-RF-BDL-23;MANUAL;2026-09-25T10:34:11Z;SEED_B6_ADSB;2026-09-25T10:34:11Z;SEED_B6_ADSB;939032bf-a1ac-5db3-8aa2-c5a49b93446a;1.3516;11677.82;USD
606ac2e5-66c3-5e00-93e6-d56b420d3184;160724a5-5928-5acf-a54f-14e906de04b8;MATCHED;E;d85db0c7-5df5-57e8-aa16-3409d5837e3f;WFS-JFK-403889;;FT-JFK-20260925-0009;N2169J;N2169J;B6411;14714.00;LTR;268915.16;283629.16;14714.00;0.8021;KGL;MEA;17.50;GR;11802.1;COA-JFK-20260925-1;2026-09-25T10:01:33Z;WFS-DN-403889;Verified;fuel.ops@airline.com;2026-09-25T12:21:33Z;HD-JFK-18;MTR-HD-JFK-18;ELECTRONIC;2026-09-25T10:21:33Z;SEED_B6_ADSB;2026-09-25T10:21:33Z;SEED_B6_ADSB;418b2569-89f6-5e3d-b5a7-66effbaf90dd;1.3071;19232.67;USD
b9faa51e-c4a6-595c-aa08-31d867aae328;6793ae43-1724-5cd1-b34b-52dea7aeced5;MATCHED;M;7c458a62-ffd2-5123-94e1-18f0e89aec90;WFS-HPN-788032;;FT-HPN-20260925-0002;N527JL;N527JL;B61551;8356.00;LTR;818677.01;827033.01;8356.00;0.7979;KGL;MEA;18.70;GR;6667.25;COA-HPN-20260925-2;2026-09-25T10:02:57Z;WFS-DN-788032;Verified;fuel.ops@airline.com;2026-09-25T12:19:57Z;RF-HPN-06;MTR-RF-HPN-06;MANUAL;2026-09-25T10:19:57Z;SEED_B6_ADSB;2026-09-25T10:19:57Z;SEED_B6_ADSB;d190668d-d9d1-5bbf-a556-cfeaf03e1115;1.3639;11396.75;USD
73186f32-ecd8-5b74-884e-fc9ca7f3444a;4be0168b-a3ae-588c-a8db-695b6cd2434a;MATCHED;M;9f2ab52b-d946-54e8-aefc-430231c40631;BPA-CLE-201338;;FT-CLE-20260925-0002;N3145J;N3145J;B62289;6112.00;LTR;111366.40;117478.40;6112.00;0.7994;KGL;MEA;15.00;GR;4885.93;COA-CLE-20260925-3;2026-09-25T10:17:36Z;BPA-DN-201338;Verified;fuel.ops@airline.com;2026-09-25T12:31:36Z;RF-CLE-12;MTR-RF-CLE-12;MANUAL;2026-09-25T10:31:36Z;SEED_B6_ADSB;2026-09-25T10:31:36Z;SEED_B6_ADSB;d943d87a-2b50-57f3-aa2b-e083d635507b;1.3112;8014.05;USD
a5d48f94-1de5-525e-b21d-091713c75628;7fda0360-466a-5d78-b510-5a082046207b;MATCHED;E;6addd00e-11b7-5375-9996-a566bfd473f7;BPA-TPA-704094;;FT-TPA-20260925-0001;N965JT;N965JT;B61192;8806.00;LTR;890127.84;898933.84;8806.00;0.8015;KGL;MEA;22.40;GR;7058.01;COA-TPA-20260925-3;2026-09-25T10:15:07Z;BPA-DN-704094;Verified;fuel.ops@airline.com;2026-09-25T12:28:07Z;HD-TPA-11;MTR-HD-TPA-11;ELECTRONIC;2026-09-25T10:28:07Z;SEED_B6_ADSB;2026-09-25T10:28:07Z;SEED_B6_ADSB;bc7cb174-708f-5929-84e8-3277fb3ba29d;1.2313;10842.83;USD
66da51ac-a73e-594a-b298-3872902ca0e7;9551bd52-3f6b-5917-bcae-7027f8d97632;MATCHED;M;8863a27d-de2b-5795-93a8-b0410d7c78a3;BPA-DTW-753880;;FT-DTW-20260925-0002;N766JB;N766JB;B62489;7132.00;LTR;743549.30;750681.30;7132.00;0.8023;KGL;MEA;18.50;GR;5722;COA-DTW-20260925-2;2026-09-25T10:17:27Z;BPA-DN-753880;Verified;fuel.ops@airline.com;2026-09-25T12:32:27Z;RF-DTW-13;MTR-RF-DTW-13;MANUAL;2026-09-25T10:32:27Z;SEED_B6_ADSB;2026-09-25T10:32:27Z;SEED_B6_ADSB;a2efa7ca-092d-56d2-afc2-1f955ab9a14d;1.3104;9345.77;USD
7abf4747-34d3-5df5-8269-902e5d1d91d2;312cc7b9-ed18-5bca-b3aa-a14084c451b1;MATCHED;M;d5586e3f-2a69-5547-9470-2062e6e37317;WFS-ROC-474932;;FT-ROC-20260925-0001;N618JB;N618JB;B61285;2606.00;LTR;111470.22;114076.22;2606.00;0.8088;KGL;MEA;14.60;GR;2107.73;COA-ROC-20260925-1;2026-09-25T10:15:24Z;WFS-DN-474932;Verified;fuel.ops@airline.com;2026-09-25T12:23:24Z;RF-ROC-22;MTR-RF-ROC-22;MANUAL;2026-09-25T10:23:24Z;SEED_B6_ADSB;2026-09-25T10:23:24Z;SEED_B6_ADSB;5d92ec66-fd57-5415-a232-0e3a5451c946;1.3406;3493.6;USD
3d60cc32-025a-5962-a045-3cc9c575114b;590ce516-8c44-5286-9537-84083bd66159;MATCHED;E;f2bbe66d-d8e2-53e5-9837-7e66c6c4d00c;WFS-BOS-478973;;FT-BOS-20260925-0009;N3077J;N3077J;B6111;5332.00;LTR;447143.01;452475.01;5332.00;0.8086;KGL;MEA;15.90;GR;4311.46;COA-BOS-20260925-3;2026-09-25T10:06:46Z;WFS-DN-478973;Verified;fuel.ops@airline.com;2026-09-25T12:15:46Z;HD-BOS-10;MTR-HD-BOS-10;ELECTRONIC;2026-09-25T10:15:46Z;SEED_B6_ADSB;2026-09-25T10:15:46Z;SEED_B6_ADSB;20b9f325-787c-5f1a-8eac-3e05eb23e50d;1.3199;7037.71;USD
2281b226-e118-5efb-a55d-37c10306878c;71f334e7-5019-5fda-8c3b-081ad4834d44;MATCHED;E;ee8d81a6-2e65-55c2-9ed5-e79af93c52ac;BPK-LHR-315503;;FT-LHR-20260925-0002;N4022J;N4022J;B62220;22181.00;LTR;436571.99;458752.99;22181.00;0.8096;KGL;MEA;10.50;GR;17957.74;COA-LHR-20260925-1;2026-09-25T10:14:11Z;BPK-DN-315503;Verified;fuel.ops@airline.com;2026-09-25T12:42:11Z;HD-LHR-02;MTR-HD-LHR-02;ELECTRONIC;2026-09-25T10:42:11Z;SEED_B6_ADSB;2026-09-25T10:42:11Z;SEED_B6_ADSB;996735b7-b16e-5ccc-b65d-fc9208696d5f;1.2859;28522.55;USD
5100dd5f-1608-5840-ac8b-0609c46ad9f2;5fb22b02-7487-582b-bb7b-98fc8733b055;MATCHED;E;100bf9c2-7f5e-546e-aeb2-cf2772acc3e7;CGA-DFW-294818;;FT-DFW-20260925-0001;N531JL;N531JL;B62282;7876.00;LTR;250015.21;257891.21;7876.00;0.7952;KGL;MEA;23.10;GR;6263;COA-DFW-20260925-2;2026-09-25T10:24:27Z;CGA-DN-294818;Verified;fuel.ops@airline.com;2026-09-25T12:36:27Z;HD-DFW-07;MTR-HD-DFW-07;ELECTRONIC;2026-09-25T10:36:27Z;SEED_B6_ADSB;2026-09-25T10:36:27Z;SEED_B6_ADSB;0bd46e24-357d-5969-91bf-9b0420dd3147;1.2397;9763.88;USD
e2e18fc3-92a3-56bf-9fa3-e78587944996;27539bbf-d773-5be6-80d5-379f5099fefc;MATCHED;E;1edd49cd-1cba-5764-b3ba-c197e448fe52;SHL-JFK-512693;;FT-JFK-20260925-0010;N3112J;N3112J;B675;6991.00;LTR;148372.18;155363.18;6991.00;0.8005;KGL;MEA;19.50;GR;5596.3;COA-JFK-20260925-1;2026-09-25T10:09:33Z;SHL-DN-512693;Verified;fuel.ops@airline.com;2026-09-25T12:20:33Z;HD-JFK-12;MTR-HD-JFK-12;ELECTRONIC;2026-09-25T10:20:33Z;SEED_B6_ADSB;2026-09-25T10:20:33Z;SEED_B6_ADSB;640320ab-5fce-5d76-9499-aaed9e625340;1.3158;9198.76;USD
b9ad4eb3-3e88-5af1-a781-bb304f09f6e8;89b73128-76b1-55aa-a0f2-1d845c38eb62;MATCHED;E;0a55b7d9-172e-5292-afc3-a3ecc4d5b7b7;SHL-BOS-696886;;FT-BOS-20260925-0010;N2199J;N2199J;B61577;12756.00;LTR;334682.58;347438.58;12756.00;0.8065;KGL;MEA;18.50;GR;10287.71;COA-BOS-20260925-3;2026-09-25T10:20:27Z;SHL-DN-696886;Verified;fuel.ops@airline.com;2026-09-25T12:38:27Z;HD-BOS-16;MTR-HD-BOS-16;ELECTRONIC;2026-09-25T10:38:27Z;SEED_B6_ADSB;2026-09-25T10:38:27Z;SEED_B6_ADSB;61c7f5f9-5f05-56f2-b41c-9fd37ba1487f;1.3166;16794.55;USD
999de398-db61-5df5-ad93-75f3b154b300;99011326-5b16-5bd4-8351-553d782292f2;MATCHED;E;55875650-c1a5-5e69-9125-f1957f3aa4c9;WFS-FLL-457528;;FT-FLL-20260925-0006;N645JB;N645JB;B6814;9127.00;LTR;136045.94;145172.94;9127.00;0.7939;KGL;MEA;21.60;GR;7245.93;COA-FLL-20260925-3;2026-09-25T10:13:30Z;WFS-DN-457528;Verified;fuel.ops@airline.com;2026-09-25T12:27:30Z;HD-FLL-14;MTR-HD-FLL-14;ELECTRONIC;2026-09-25T10:27:30Z;SEED_B6_ADSB;2026-09-25T10:27:30Z;SEED_B6_ADSB;6dc0fc20-6a46-589c-a1e6-5a0c88fd270b;1.2423;11338.47;USD
f9d160a7-6e67-5a64-b4a2-211d39314b09;7fa16e81-e8d6-5e5d-a053-db2268347235;MATCHED;M;529dd6eb-d2fe-524a-8fde-51573a5c6665;WFS-BNA-688046;;FT-BNA-20260925-0001;N3196J;N3196J;B6806;5612.00;LTR;532650.63;538262.63;5612.00;0.7952;KGL;MEA;20.50;GR;4462.66;COA-BNA-20260925-1;2026-09-25T10:04:38Z;WFS-DN-688046;Verified;fuel.ops@airline.com;2026-09-25T12:17:38Z;RF-BNA-16;MTR-RF-BNA-16;MANUAL;2026-09-25T10:17:38Z;SEED_B6_ADSB;2026-09-25T10:17:38Z;SEED_B6_ADSB;93175ea8-e5cb-58a2-92d7-41dedd3f7f1f;1.2785;7174.94;USD
e2cd2cf6-bc83-5cca-93e9-bfb662431e57;708dfe05-5bdc-5104-9f4e-561bcd7f6f0b;MATCHED;E;fdcbbcbd-9642-5401-8118-9136a86be213;WFS-EWR-719345;;FT-EWR-20260925-0003;N983JT;N983JT;B61573;20812.00;LTR;692053.53;712865.53;20812.00;0.8032;KGL;MEA;17.70;GR;16716.2;COA-EWR-20260925-2;2026-09-25T10:05:37Z;WFS-DN-719345;Verified;fuel.ops@airline.com;2026-09-25T12:32:37Z;HD-EWR-14;MTR-HD-EWR-14;ELECTRONIC;2026-09-25T10:32:37Z;SEED_B6_ADSB;2026-09-25T10:32:37Z;SEED_B6_ADSB;02dc2bc4-1a28-59f5-974b-2b64a1e6ec8f;1.3103;27269.96;USD
ab3fbc96-2d81-5d45-8a30-124efddddef8;7a0ee1d2-8e92-5e2d-9788-cd3c6c0c5fa9;MATCHED;M;3e042684-10f3-5bf8-a627-905199ed98c1;WFS-PVD-219754;;FT-PVD-20260925-0002;N561JB;N561JB;B61129;2280.00;LTR;692168.37;694448.37;2280.00;0.8117;KGL;MEA;16.20;GR;1850.68;COA-PVD-20260925-1;2026-09-25T10:20:41Z;WFS-DN-219754;Verified;fuel.ops@airline.com;2026-09-25T12:28:41Z;RF-PVD-04;MTR-RF-PVD-04;MANUAL;2026-09-25T10:28:41Z;SEED_B6_ADSB;2026-09-25T10:28:41Z;SEED_B6_ADSB;a258201b-0951-5c87-830a-43b02d802dc3;1.3601;3101.03;USD
984f1494-f120-5b75-ac27-d08e2d56c04f;6e5516f7-41e9-5baa-8e8c-79101eae8f23;MATCHED;E;4811cf55-8514-53ea-ade2-264444f9bfb6;BPA-MCO-339248;;FT-MCO-20260925-0001;N3215J;N3215J;B6852;6122.00;LTR;113456.56;119578.56;6122.00;0.7942;KGL;MEA;21.60;GR;4862.09;COA-MCO-20260925-1;2026-09-25T10:28:47Z;BPA-DN-339248;Verified;fuel.ops@airline.com;2026-09-25T12:38:47Z;HD-MCO-18;MTR-HD-MCO-18;ELECTRONIC;2026-09-25T10:38:47Z;SEED_B6_ADSB;2026-09-25T10:38:47Z;SEED_B6_ADSB;bc08eb7d-8b67-5396-b018-c750088f69fd;1.2482;7641.48;USD
501a42e6-ffe8-5ef0-aacc-22ffb54097d3;56fd0636-acac-5207-8fe9-023ef6347f3d;MATCHED;E;1838a7a4-3f67-5288-931c-944aca9e3b67;SHL-FLL-485157;;FT-FLL-20260925-0007;N991JT;N991JT;B61301;16545.00;LTR;126546.92;143091.92;16545.00;0.7921;KGL;MEA;23.90;GR;13105.29;COA-FLL-20260925-3;2026-09-25T10:15:57Z;SHL-DN-485157;Verified;fuel.ops@airline.com;2026-09-25T12:37:57Z;HD-FLL-05;MTR-HD-FLL-05;ELECTRONIC;2026-09-25T10:37:57Z;SEED_B6_ADSB;2026-09-25T10:37:57Z;SEED_B6_ADSB;44105c25-9a5b-521e-b2f9-5e8bf92f4b11;1.2386;20492.64;USD
70af0a3e-a6e6-55a8-ac44-dc2c02bf2e4f;fa12de7f-c893-5903-bd90-a4cc673b2db9;MATCHED;M;aee09966-0902-58e8-b1c7-9527e7ce4965;WFS-RDU-697033;;FT-RDU-20260925-0002;N746JB;N746JB;B62625;5371.00;LTR;541982.31;547353.31;5371.00;0.8066;KGL;MEA;17.10;GR;4332.25;COA-RDU-20260925-1;2026-09-25T10:22:04Z;WFS-DN-697033;Verified;fuel.ops@airline.com;2026-09-25T12:34:04Z;RF-RDU-20;MTR-RF-RDU-20;MANUAL;2026-09-25T10:34:04Z;SEED_B6_ADSB;2026-09-25T10:34:04Z;SEED_B6_ADSB;316f66b4-8937-535e-ba85-e8ced7ac58de;1.2819;6885.08;USD
1f07f864-a906-504c-9097-af66463672a6;34aab45a-ba52-57fb-9606-c66b8e017850;MATCHED;E;8cfc45bc-717d-52b8-9386-b4fcc60b05ff;WFS-LGA-756524;;FT-LGA-20260925-0002;N3289J;N3289J;B61461;5915.00;LTR;699038.37;704953.37;5915.00;0.7980;KGL;MEA;19.10;GR;4720.17;COA-LGA-20260925-1;2026-09-25T10:25:50Z;WFS-DN-756524;Verified;fuel.ops@airline.com;2026-09-25T12:35:50Z;HD-LGA-09;MTR-HD-LGA-09;ELECTRONIC;2026-09-25T10:35:50Z;SEED_B6_ADSB;2026-09-25T10:35:50Z;SEED_B6_ADSB;e52645c2-fab3-5f97-87eb-bed77c94ad33;1.3124;7762.85;USD
84f1e9f4-8166-560d-b59a-f5a9c5689f3f;e6ed2fb9-00a2-5a19-b4d6-837c759e1a2e;MATCHED;E;1edb72ad-9411-5324-8660-d4339c505708;WFS-BOS-478974;;FT-BOS-20260925-0011;N559JB;N559JB;B6917;1871.00;LTR;711261.01;713132.01;1871.00;0.8054;KGL;MEA;19.90;GR;1506.9;COA-BOS-20260925-3;2026-09-25T10:08:25Z;WFS-DN-478974;Verified;fuel.ops@airline.com;2026-09-25T12:14:25Z;HD-BOS-24;MTR-HD-BOS-24;ELECTRONIC;2026-09-25T10:14:25Z;SEED_B6_ADSB;2026-09-25T10:14:25Z;SEED_B6_ADSB;c3ff6494-6627-57d0-b5ee-972ebd053392;1.3199;2469.53;USD
14b72d94-1237-5e70-a08b-62d0042c9457;49870473-5c11-5c6c-92ee-05d08969ffc9;MATCHED;M;30cb203b-cc70-592a-9e3b-d7c7b00253a0;WFS-BUF-723683;;FT-BUF-20260925-0002;N3138J;N3138J;B685;5054.00;LTR;466409.27;471463.27;5054.00;0.7989;KGL;MEA;19.70;GR;4037.64;COA-BUF-20260925-3;2026-09-25T10:27:43Z;WFS-DN-723683;Verified;fuel.ops@airline.com;2026-09-25T12:39:43Z;RF-BUF-20;MTR-RF-BUF-20;MANUAL;2026-09-25T10:39:43Z;SEED_B6_ADSB;2026-09-25T10:39:43Z;SEED_B6_ADSB;4f9e78e6-37ba-5584-96f8-49f7bc6e07e5;1.3346;6745.07;USD
fa5af217-fad2-5d48-a537-825a4671be41;ec5db3b6-4be4-592f-8af8-715f973e9586;MATCHED;M;25726ad9-2b0f-506c-b9bb-9b7800d1c660;WFS-RDU-697035;;FT-RDU-20260925-0003;N523JB;N523JB;B6286;3510.00;LTR;107750.93;111260.93;3510.00;0.8049;KGL;MEA;19.20;GR;2825.2;COA-RDU-20260925-1;2026-09-25T10:24:34Z;WFS-DN-697035;Verified;fuel.ops@airline.com;2026-09-25T12:33:34Z;RF-RDU-12;MTR-RF-RDU-12;MANUAL;2026-09-25T10:33:34Z;SEED_B6_ADSB;2026-09-25T10:33:34Z;SEED_B6_ADSB;fc807b04-70e3-5e3e-b752-ef530279ae42;1.2819;4499.47;USD
2a2f4fc6-a5c5-5c3c-a644-dd3325ba3668;3742c9c4-610f-59ee-b110-8eb530e302e0;MATCHED;E;3be5f3cf-c46f-54bb-960a-7bd1aadd568b;BPA-TPA-704097;;FT-TPA-20260925-0002;N556JB;N556JB;B6226;7596.00;LTR;654689.87;662285.87;7596.00;0.7994;KGL;MEA;25.00;GR;6072.24;COA-TPA-20260925-3;2026-09-25T10:35:50Z;BPA-DN-704097;Verified;fuel.ops@airline.com;2026-09-25T12:47:50Z;HD-TPA-06;MTR-HD-TPA-06;ELECTRONIC;2026-09-25T10:47:50Z;SEED_B6_ADSB;2026-09-25T10:47:50Z;SEED_B6_ADSB;5b3e319d-9f10-52b8-8285-7e2d1b60dd4b;1.2313;9352.95;USD
1127527f-89a6-5b43-a347-fc34409158f9;efffd2e7-5f4e-5e89-873a-a0297d273f1d;MATCHED;M;14aedaac-d2a9-5646-a7c5-e585f2219a4a;AVF-JAX-322595;;FT-JAX-20260925-0001;N597JB;N597JB;B617;2631.00;LTR;848786.15;851417.15;2631.00;0.7945;KGL;MEA;25.20;GR;2090.33;COA-JAX-20260925-3;2026-09-25T10:24:15Z;AVF-DN-322595;Verified;fuel.ops@airline.com;2026-09-25T12:32:15Z;RF-JAX-22;MTR-RF-JAX-22;MANUAL;2026-09-25T10:32:15Z;SEED_B6_ADSB;2026-09-25T10:32:15Z;SEED_B6_ADSB;4cd89667-c4dc-58ad-b17e-7d88c217a0d5;1.2746;3353.47;USD
e0c6dbb6-0132-5cf7-bcf1-ea07715371ba;41dedc61-5b55-529e-bcfc-3f8ca1f80a3e;MATCHED;E;e1e9b08a-8dd3-5b59-8f45-6ca21a12ed44;BPA-DCA-429177;;FT-DCA-20260925-0003;N708JB;N708JB;B62423;5692.00;LTR;664405.94;670097.94;5692.00;0.7976;KGL;MEA;18.20;GR;4539.94;COA-DCA-20260925-1;2026-09-25T10:18:33Z;BPA-DN-429177;Verified;fuel.ops@airline.com;2026-09-25T12:28:33Z;HD-DCA-11;MTR-HD-DCA-11;ELECTRONIC;2026-09-25T10:28:33Z;SEED_B6_ADSB;2026-09-25T10:28:33Z;SEED_B6_ADSB;a2350bbb-1ca7-5aa4-9dcb-99cf2908d99d;1.3157;7488.96;USD
949afa85-1fa4-5aa8-bcb7-ef11262ee45c;c9db685e-77b4-5a06-87ff-fae827df2005;MATCHED;E;ee8dfa24-fe67-51d5-9868-2971fba23686;WFS-JFK-403892;;FT-JFK-20260925-0011;N2180J;N2180J;B6523;14372.00;LTR;235461.23;249833.23;14372.00;0.8043;KGL;MEA;14.80;GR;11559.4;COA-JFK-20260925-1;2026-09-25T10:20:40Z;WFS-DN-403892;Verified;fuel.ops@airline.com;2026-09-25T12:40:40Z;HD-JFK-16;MTR-HD-JFK-16;ELECTRONIC;2026-09-25T10:40:40Z;SEED_B6_ADSB;2026-09-25T10:40:40Z;SEED_B6_ADSB;85f5fb42-c146-51b3-a3ea-617610594dbc;1.3071;18785.64;USD
c33e2fd6-0aa5-5f89-bbe7-b91d3f8e34a2;e2a801b9-8c62-5531-9a61-24fa24b2d694;MATCHED;E;01d6265c-ee21-579f-9645-af5be3686b5f;WFS-BOS-478976;;FT-BOS-20260925-0012;N2205J;N2205J;B6633;17771.00;LTR;568668.86;586439.86;17771.00;0.8081;KGL;MEA;16.50;GR;14360.75;COA-BOS-20260925-3;2026-09-25T10:16:11Z;WFS-DN-478976;Verified;fuel.ops@airline.com;2026-09-25T12:39:11Z;HD-BOS-05;MTR-HD-BOS-05;ELECTRONIC;2026-09-25T10:39:11Z;SEED_B6_ADSB;2026-09-25T10:39:11Z;SEED_B6_ADSB;da815508-f508-5d2a-9929-52abccfcfe3e;1.3199;23455.94;USD
131c5400-050f-5243-82d0-268e5fe1fbac;0b6d6eb2-71fb-5493-85e6-3fa7a994a6c1;MATCHED;E;898e97df-3f36-50c6-9af9-8d828dc8d3f9;BPA-ORD-551296;;FT-ORD-20260925-0001;N658JB;N658JB;B6664;6936.00;LTR;105888.03;112824.03;6936.00;0.8083;KGL;MEA;15.60;GR;5606.37;COA-ORD-20260925-3;2026-09-25T10:18:06Z;BPA-DN-551296;Verified;fuel.ops@airline.com;2026-09-25T12:29:06Z;HD-ORD-22;MTR-HD-ORD-22;ELECTRONIC;2026-09-25T10:29:06Z;SEED_B6_ADSB;2026-09-25T10:29:06Z;SEED_B6_ADSB;aeccc880-9e4b-50cd-a5d3-724abe33c405;1.2458;8640.87;USD
36152f8a-0424-50e3-b767-a54d19eebdda;04a07366-3b53-5bf4-ad07-f2e308e16ea8;MATCHED;E;232d7f97-4e03-5e47-8ff6-dca687ffae0e;CGA-IAH-360685;;FT-IAH-20260925-0001;N554JB;N554JB;B62380;7292.00;LTR;664475.44;671767.44;7292.00;0.8037;KGL;MEA;21.70;GR;5860.58;COA-IAH-20260925-3;2026-09-25T10:38:04Z;CGA-DN-360685;Verified;fuel.ops@airline.com;2026-09-25T12:50:04Z;HD-IAH-05;MTR-HD-IAH-05;ELECTRONIC;2026-09-25T10:50:04Z;SEED_B6_ADSB;2026-09-25T10:50:04Z;SEED_B6_ADSB;2fed5db9-6d10-5290-8901-490d792aef95;1.2332;8992.49;USD
6f9c3772-4fba-5ff0-9c75-3bebba971bac;d4ea54d5-68b1-5229-9f68-9dd66ed2e217;MATCHED;E;6e3ce523-16cf-5c7c-8e13-54f4a05c09ec;BPK-LHR-315505;;FT-LHR-20260925-0003;N4076J;N4076J;B620;20045.00;LTR;255112.79;275157.79;20045.00;0.8099;KGL;MEA;10.10;GR;16234.45;COA-LHR-20260925-1;2026-09-25T10:31:42Z;BPK-DN-315505;Verified;fuel.ops@airline.com;2026-09-25T12:57:42Z;HD-LHR-22;MTR-HD-LHR-22;ELECTRONIC;2026-09-25T10:57:42Z;SEED_B6_ADSB;2026-09-25T10:57:42Z;SEED_B6_ADSB;79046dab-d022-5234-b2eb-8011c9fa59af;1.2859;25775.87;USD
f365295a-cf96-5fb2-bde1-583bc6a1fc65;90730292-55ab-51cd-95ae-f94c8db3d5c8;MATCHED;M;912133f5-6324-51f5-a93f-77b4733d57a5;WFS-ISP-635078;;FT-ISP-20260925-0001;N584JB;N584JB;B6513;8690.00;LTR;875592.02;884282.02;8690.00;0.8076;KGL;MEA;19.80;GR;7018.04;COA-ISP-20260925-3;2026-09-25T10:44:49Z;WFS-DN-635078;Verified;fuel.ops@airline.com;2026-09-25T13:02:49Z;RF-ISP-11;MTR-RF-ISP-11;MANUAL;2026-09-25T11:02:49Z;SEED_B6_ADSB;2026-09-25T11:02:49Z;SEED_B6_ADSB;04ca7ed2-2951-5a0a-8c41-469d93368f0f;1.3595;11814.06;USD
283fa9f5-7e9c-5dcd-a44b-4672712928dd;f801f32d-20ed-57ab-9df0-6e07ee7b3fb9;MATCHED;M;9e2dd793-4843-5e1c-9801-1e4c1af45f66;BPA-RIC-112603;;FT-RIC-20260925-0002;N519JB;N519JB;B61145;7133.00;LTR;265821.32;272954.32;7133.00;0.8009;KGL;MEA;18.00;GR;5712.82;COA-RIC-20260925-2;2026-09-25T10:31:27Z;BPA-DN-112603;Verified;fuel.ops@airline.com;2026-09-25T12:47:27Z;RF-RIC-22;MTR-RF-RIC-22;MANUAL;2026-09-25T10:47:27Z;SEED_B6_ADSB;2026-09-25T10:47:27Z;SEED_B6_ADSB;d3a0183f-a360-5060-aad4-971f52d1ed40;1.3731;9794.32;USD
31c7d785-16f1-55ef-b2c6-0c06b7ef0731;d3ca455b-a10a-53fa-9579-a5b66b184ff1;MATCHED;M;69c274c5-b1ee-5e2d-9574-51b4f04e7af9;CGA-AUS-601312;;FT-AUS-20260925-0001;N564JB;N564JB;B62272;6231.00;LTR;707416.33;713647.33;6231.00;0.8085;KGL;MEA;20.40;GR;5037.76;COA-AUS-20260925-1;2026-09-25T10:49:38Z;CGA-DN-601312;Verified;fuel.ops@airline.com;2026-09-25T13:03:38Z;RF-AUS-03;MTR-RF-AUS-03;MANUAL;2026-09-25T11:03:38Z;SEED_B6_ADSB;2026-09-25T11:03:38Z;SEED_B6_ADSB;3abf2546-10f2-55df-b129-eb311a1570bd;1.2636;7873.49;USD
4ab30388-cae7-5f40-9990-b4c06f79cc8d;9eacb0e2-124f-5fce-ab75-1432d5f2cc8f;MATCHED;E;ce46ce08-13c5-50e6-9107-a23c6d451682;SHL-FLL-485159;;FT-FLL-20260925-0008;N657JB;N657JB;B61480;7216.00;LTR;330314.21;337530.21;7216.00;0.7921;KGL;MEA;23.90;GR;5715.79;COA-FLL-20260925-3;2026-09-25T10:46:51Z;SHL-DN-485159;Verified;fuel.ops@airline.com;2026-09-25T12:58:51Z;HD-FLL-21;MTR-HD-FLL-21;ELECTRONIC;2026-09-25T10:58:51Z;SEED_B6_ADSB;2026-09-25T10:58:51Z;SEED_B6_ADSB;a50407f9-0401-51bf-9b30-6ad1ea0dc56b;1.2386;8937.74;USD
891fd83c-fac4-5021-9048-373f34c6a46b;14ec43ce-c314-5483-90f4-a8a8015a5ba3;MATCHED;M;4c31e60c-5365-5c1b-83d7-dde3b60b9016;BPA-DTW-753882;;FT-DTW-20260925-0003;N3232J;N3232J;B61236;3560.00;LTR;354745.43;358305.43;3560.00;0.8056;KGL;MEA;14.40;GR;2867.94;COA-DTW-20260925-2;2026-09-25T10:45:48Z;BPA-DN-753882;Verified;fuel.ops@airline.com;2026-09-25T12:54:48Z;RF-DTW-10;MTR-RF-DTW-10;MANUAL;2026-09-25T10:54:48Z;SEED_B6_ADSB;2026-09-25T10:54:48Z;SEED_B6_ADSB;23971abf-fb4d-59db-b71e-fbc752e80032;1.3104;4665.02;USD
e230edd1-5547-5758-ae25-ea43251635e1;e1c9de89-b811-5b2d-aec2-07bff59b1faf;MATCHED;M;2a24bb32-58e8-56ec-9819-4596f7bb6e0c;WFS-CLT-174246;;FT-CLT-20260925-0001;N566JB;N566JB;B6848;4355.00;LTR;538987.39;543342.39;4355.00;0.8048;KGL;MEA;21.80;GR;3504.9;COA-CLT-20260925-3;2026-09-25T10:51:21Z;WFS-DN-174246;Verified;fuel.ops@airline.com;2026-09-25T13:02:21Z;RF-CLT-15;MTR-RF-CLT-15;MANUAL;2026-09-25T11:02:21Z;SEED_B6_ADSB;2026-09-25T11:02:21Z;SEED_B6_ADSB;a6753af4-78d3-59fd-8eec-2adb909605e4;1.2818;5582.24;USD
e3fb1e9b-34c0-514b-8a4b-b1b387d5eb7c;0e1270df-c884-59c0-ae2c-e5a4348f8e08;MATCHED;M;32e51364-490d-5ac2-ab22-d5a1f2fcf42d;WFS-HPN-788035;;FT-HPN-20260925-0003;N3298J;N3298J;B62601;10273.00;LTR;518818.88;529091.88;10273.00;0.7985;KGL;MEA;17.90;GR;8202.99;COA-HPN-20260925-2;2026-09-25T10:41:08Z;WFS-DN-788035;Verified;fuel.ops@airline.com;2026-09-25T13:02:08Z;RF-HPN-07;MTR-RF-HPN-07;MANUAL;2026-09-25T11:02:08Z;SEED_B6_ADSB;2026-09-25T11:02:08Z;SEED_B6_ADSB;1095e981-9397-5740-af70-211b248f156e;1.3639;14011.34;USD
a38a9263-b565-534b-b6cb-e3edd06d02d4;1f41b58f-957a-505d-9f38-5def7996dd85;MATCHED;E;7a6aaad1-86c5-56ee-a660-c93bf082be7d;BPK-EDI-411242;;FT-EDI-20260925-0002;N2151J;N2151J;B672;17797.00;LTR;110365.62;128162.62;17797.00;0.8054;KGL;MEA;9.20;GR;14333.7;COA-EDI-20260925-3;2026-09-25T10:58:50Z;BPK-DN-411242;Verified;fuel.ops@airline.com;2026-09-25T13:31:50Z;RF-EDI-07;MTR-RF-EDI-07;ELECTRONIC;2026-09-25T11:31:50Z;SEED_B6_ADSB;2026-09-25T11:31:50Z;SEED_B6_ADSB;f948e4ed-5a0e-580b-8caf-85eb4f5bec3d;1.2742;22676.94;USD
4734fe5d-1053-5cbe-932b-5646e21b3a5f;8d387c48-43e1-50c2-ae8e-facb1cec8c61;MATCHED;E;08fcb701-7e09-5a52-a9be-004b9ecc1227;SHL-JFK-512695;;FT-JFK-20260925-0012;N959JB;N959JB;B6883;7291.00;LTR;574489.02;581780.02;7291.00;0.8012;KGL;MEA;18.70;GR;5841.55;COA-JFK-20260925-1;2026-09-25T10:37:03Z;SHL-DN-512695;Verified;fuel.ops@airline.com;2026-09-25T12:49:03Z;HD-JFK-13;MTR-HD-JFK-13;ELECTRONIC;2026-09-25T10:49:03Z;SEED_B6_ADSB;2026-09-25T10:49:03Z;SEED_B6_ADSB;7feaa879-d9d7-50e3-9f5e-0a57bac0175c;1.3158;9593.5;USD
ed395000-9d39-5516-88e3-accbe6507958;20ad1d4e-707b-505d-89c2-5eeeed4fdaa1;MATCHED;E;cc989dfb-0219-5ac4-ab15-e2dedd93e50d;BPA-MCO-339251;;FT-MCO-20260925-0002;N613JB;N613JB;B62024;6605.00;LTR;680617.23;687222.23;6605.00;0.7950;KGL;MEA;20.60;GR;5250.98;COA-MCO-20260925-1;2026-09-25T10:51:11Z;BPA-DN-339251;Verified;fuel.ops@airline.com;2026-09-25T13:02:11Z;HD-MCO-24;MTR-HD-MCO-24;ELECTRONIC;2026-09-25T11:02:11Z;SEED_B6_ADSB;2026-09-25T11:02:11Z;SEED_B6_ADSB;bd97e852-7172-5af5-a9e2-d6cd79a463d8;1.2482;8244.36;USD
aff0d9a6-ae79-5c4a-ae50-a94c87bfc0ea;371fcae1-41d2-54ea-a4a7-77d500bcea1d;MATCHED;E;b9d6be48-bd5d-52fc-b53d-f8ba506489ce;SHL-FLL-485161;;FT-FLL-20260925-0009;N986JB;N986JB;B6707;16939.00;LTR;867584.80;884523.80;16939.00;0.7916;KGL;MEA;24.50;GR;13408.91;COA-FLL-20260925-3;2026-09-25T10:55:55Z;SHL-DN-485161;Verified;fuel.ops@airline.com;2026-09-25T13:17:55Z;HD-FLL-16;MTR-HD-FLL-16;ELECTRONIC;2026-09-25T11:17:55Z;SEED_B6_ADSB;2026-09-25T11:17:55Z;SEED_B6_ADSB;6afda1e5-7c28-51f9-857b-0a6edc8474fa;1.2386;20980.65;USD
20ab6ad5-b929-532d-8d6e-364402b16f7e;207d0267-9d48-522d-aea4-f6c2f5e0bf46;MATCHED;E;9f648cb5-cacf-5000-a633-636ba69cddc2;BPA-DCA-429178;;FT-DCA-20260925-0004;N3162J;N3162J;B6579;5394.00;LTR;696431.46;701825.46;5394.00;0.7976;KGL;MEA;18.10;GR;4302.25;COA-DCA-20260925-1;2026-09-25T10:53:40Z;BPA-DN-429178;Verified;fuel.ops@airline.com;2026-09-25T13:02:40Z;HD-DCA-02;MTR-HD-DCA-02;ELECTRONIC;2026-09-25T11:02:40Z;SEED_B6_ADSB;2026-09-25T11:02:40Z;SEED_B6_ADSB;14099efd-23ee-51b7-8635-1b951eec7821;1.3157;7096.89;USD
dd68cc5c-2fa2-5ac3-a82a-32c8756d508a;9e0993e6-2071-59cc-b637-be1f2086da25;MATCHED;E;264984a6-8d58-5bae-bdb2-5bc84788da6a;SHL-JFK-512697;;FT-JFK-20260925-0013;N962JT;N962JT;B615;18575.00;LTR;435980.43;454555.43;18575.00;0.8016;KGL;MEA;18.10;GR;14889.72;COA-JFK-20260925-1;2026-09-25T10:51:26Z;SHL-DN-512697;Verified;fuel.ops@airline.com;2026-09-25T13:15:26Z;HD-JFK-17;MTR-HD-JFK-17;ELECTRONIC;2026-09-25T11:15:26Z;SEED_B6_ADSB;2026-09-25T11:15:26Z;SEED_B6_ADSB;2b865676-a06a-5e95-ba5d-12edccf92682;1.3158;24440.99;USD
cf27213e-aa93-53fd-9d24-959e64603639;c2c18bdb-9965-52e1-8eb8-670866503b11;MATCHED;M;5e3112ad-175f-54c9-8292-454aba1f116b;SHL-PBI-381694;;FT-PBI-20260925-0002;N3260J;N3260J;B61062;6848.00;LTR;467413.54;474261.54;6848.00;0.8053;KGL;MEA;22.90;GR;5514.69;COA-PBI-20260925-3;2026-09-25T11:01:22Z;SHL-DN-381694;Verified;fuel.ops@airline.com;2026-09-25T13:16:22Z;RF-PBI-01;MTR-RF-PBI-01;MANUAL;2026-09-25T11:16:22Z;SEED_B6_ADSB;2026-09-25T11:16:22Z;SEED_B6_ADSB;fe5472df-5065-5126-b961-2fafa1700eb4;1.2739;8723.67;USD
6dd109e6-fcb8-5465-814b-408b48811dc9;6e6479a4-5da0-5a00-8691-4c8ebb6cf15e;MATCHED;E;b9e91648-47fe-5ba7-8d60-43922a1477b8;SHL-FLL-485164;;FT-FLL-20260925-0010;N535JB;N535JB;B62179;6647.00;LTR;783651.66;790298.66;6647.00;0.7932;KGL;MEA;22.40;GR;5272.4;COA-FLL-20260925-3;2026-09-25T11:09:28Z;SHL-DN-485164;Verified;fuel.ops@airline.com;2026-09-25T13:20:28Z;HD-FLL-22;MTR-HD-FLL-22;ELECTRONIC;2026-09-25T11:20:28Z;SEED_B6_ADSB;2026-09-25T11:20:28Z;SEED_B6_ADSB;0a87a5f1-5fba-570b-8a69-890ad4cd2b92;1.2386;8232.97;USD
edc46abc-dd99-5ca1-972f-bfa26ddc624a;2c7f2e4d-9e17-5282-aa97-ce584331d6a8;MATCHED;E;1cc19e9b-688e-5cf3-ba85-d8f04d4f3089;WFS-FLL-457530;;FT-FLL-20260925-0011;N646JB;N646JB;B61626;4766.00;LTR;136045.94;140811.94;4766.00;0.7926;KGL;MEA;23.20;GR;3777.53;COA-FLL-20260925-3;2026-09-25T10:59:28Z;WFS-DN-457530;Verified;fuel.ops@airline.com;2026-09-25T13:08:28Z;HD-FLL-14;MTR-HD-FLL-14;ELECTRONIC;2026-09-25T11:08:28Z;SEED_B6_ADSB;2026-09-25T11:08:28Z;SEED_B6_ADSB;a1d83171-b4eb-5d75-ba5b-9f309cc5d4dd;1.2423;5920.8;USD
ed5e3596-e9cf-547d-888b-0ef73d72dced;13a6d7c6-6cad-55c8-9e91-711fd2a37848;MATCHED;E;6ff0c3ab-26b2-500f-93af-c2f843594692;WFS-JFK-403893;;FT-JFK-20260925-0014;N3195J;N3195J;B61273;4083.00;LTR;342485.69;346568.69;4083.00;0.8018;KGL;MEA;17.90;GR;3273.75;COA-JFK-20260925-1;2026-09-25T11:05:43Z;WFS-DN-403893;Verified;fuel.ops@airline.com;2026-09-25T13:13:43Z;HD-JFK-14;MTR-HD-JFK-14;ELECTRONIC;2026-09-25T11:13:43Z;SEED_B6_ADSB;2026-09-25T11:13:43Z;SEED_B6_ADSB;9a8fd741-2640-5927-8678-cc1b81ff3793;1.3071;5336.89;USD
ead36d9d-5b66-58d4-9b79-34bf07f1a893;f781694f-4669-5ef4-bb6d-ffb85dae5cb1;MATCHED;E;57e86b37-771c-5f88-a5b6-64666a3bf587;WFS-BOS-478979;;FT-BOS-20260925-0013;N594JB;N594JB;B6861;18439.00;LTR;610469.84;628908.84;18439.00;0.8099;KGL;MEA;14.20;GR;14933.75;COA-BOS-20260925-3;2026-09-25T11:00:38Z;WFS-DN-478979;Verified;fuel.ops@airline.com;2026-09-25T13:24:38Z;HD-BOS-03;MTR-HD-BOS-03;ELECTRONIC;2026-09-25T11:24:38Z;SEED_B6_ADSB;2026-09-25T11:24:38Z;SEED_B6_ADSB;9eb60a39-906a-5972-9f04-dd75dbf848c4;1.3199;24337.64;USD
8cadd47d-47e4-5a2e-9069-a3b3b53e344e;42b295ef-1260-5347-84ad-ff22422821bf;MATCHED;E;07ae88c3-4b1e-5e82-ba60-81e1c593eedc;REP-BCN-292912;;FT-BCN-20260925-0001;N4083J;N4083J;B6346;25005.00;LTR;627657.95;652662.95;25005.00;0.8092;KGL;MEA;18.30;GR;20234.05;COA-BCN-20260925-3;2026-09-25T11:04:00Z;REP-DN-292912;Verified;fuel.ops@airline.com;2026-09-25T13:49:00Z;RF-BCN-14;MTR-RF-BCN-14;ELECTRONIC;2026-09-25T11:49:00Z;SEED_B6_ADSB;2026-09-25T11:49:00Z;SEED_B6_ADSB;7ab72394-4fe3-541b-9635-42ee4f513ad3;1.2980;32456.49;USD
10c8724e-f495-51a6-baa8-89bef7e72ed5;dcdd6d39-28aa-5cb9-98d2-a4e82388ad1a;MATCHED;E;010dc875-053b-5171-8c0d-2ad858f5122a;WFS-ATL-755191;;FT-ATL-20260925-0002;N3280J;N3280J;B61797;3793.00;LTR;441840.17;445633.17;3793.00;0.7943;KGL;MEA;22.80;GR;3012.78;COA-ATL-20260925-2;2026-09-25T10:57:48Z;WFS-DN-755191;Verified;fuel.ops@airline.com;2026-09-25T13:05:48Z;HD-ATL-16;MTR-HD-ATL-16;ELECTRONIC;2026-09-25T11:05:48Z;SEED_B6_ADSB;2026-09-25T11:05:48Z;SEED_B6_ADSB;31c3df43-a992-568d-83fe-c28660dd825f;1.2179;4619.49;USD
41e9cf70-5fbc-5aab-8e80-6f1dd64df54a;dc87b262-02e6-52be-9680-ad287ef5f196;MATCHED;E;5ee73389-315c-52c1-8419-83bdff2acaea;WFS-LGA-756526;;FT-LGA-20260925-0003;N663JB;N663JB;B6599;5426.00;LTR;893012.81;898438.81;5426.00;0.7992;KGL;MEA;17.60;GR;4336.46;COA-LGA-20260925-1;2026-09-25T11:03:02Z;WFS-DN-756526;Verified;fuel.ops@airline.com;2026-09-25T13:12:02Z;HD-LGA-11;MTR-HD-LGA-11;ELECTRONIC;2026-09-25T11:12:02Z;SEED_B6_ADSB;2026-09-25T11:12:02Z;SEED_B6_ADSB;fc78f57b-370f-556e-ae1b-1317a51b6edd;1.3124;7121.08;USD
09fee143-6dd9-535d-b4e1-5507094517f5;4b3b626a-368d-5d2c-ba3f-6b6a090d96bb;MATCHED;M;1a79bd27-2b2f-58e0-a6ac-6bd544c30150;WFS-BNA-688049;;FT-BNA-20260925-0002;N659JB;N659JB;B62482;5221.00;LTR;787397.30;792618.30;5221.00;0.7939;KGL;MEA;22.20;GR;4144.95;COA-BNA-20260925-1;2026-09-25T11:11:15Z;WFS-DN-688049;Verified;fuel.ops@airline.com;2026-09-25T13:23:15Z;RF-BNA-20;MTR-RF-BNA-20;MANUAL;2026-09-25T11:23:15Z;SEED_B6_ADSB;2026-09-25T11:23:15Z;SEED_B6_ADSB;edc66a92-83de-54ef-af3f-d10352f24456;1.2785;6675.05;USD
53bdb343-8a3b-51ed-b2bb-d58aa8d4eed3;6d2a6f4c-44c1-510c-b4bf-3e36e55817d3;MATCHED;E;decb2dd7-4311-5e0c-a773-1ca7ef9d9610;WFS-JFK-403896;;FT-JFK-20260925-0015;N3308J;N3308J;B61381;9371.00;LTR;235461.23;244832.23;9371.00;0.8009;KGL;MEA;19.00;GR;7505.23;COA-JFK-20260925-1;2026-09-25T11:17:43Z;WFS-DN-403896;Verified;fuel.ops@airline.com;2026-09-25T13:31:43Z;HD-JFK-16;MTR-HD-JFK-16;ELECTRONIC;2026-09-25T11:31:43Z;SEED_B6_ADSB;2026-09-25T11:31:43Z;SEED_B6_ADSB;679b10cf-01d2-5b2c-929f-ead9eca18b60;1.3071;12248.83;USD
c18fe164-2cdd-584e-be77-d3e1ee6b51a5;7447ef9b-4a0e-5f4f-8419-d8bd957adbb8;MATCHED;M;eb10d126-e79b-591a-9221-4de86b9ec08c;WFS-HPN-788036;;FT-HPN-20260925-0004;N520JB;N520JB;B61067;7560.00;LTR;518818.88;526378.88;7560.00;0.7989;KGL;MEA;17.40;GR;6039.68;COA-HPN-20260925-2;2026-09-25T11:14:57Z;WFS-DN-788036;Verified;fuel.ops@airline.com;2026-09-25T13:30:57Z;RF-HPN-07;MTR-RF-HPN-07;MANUAL;2026-09-25T11:30:57Z;SEED_B6_ADSB;2026-09-25T11:30:57Z;SEED_B6_ADSB;5698d265-1d1a-5bed-853b-f1dc9a434fcc;1.3639;10311.08;USD
325c9fa2-d805-583b-b710-180f630bd141;077596ca-6112-500c-90f1-9f57cd034763;MATCHED;E;62777ec5-2aab-5b85-a407-d527fd7fbea9;WFS-BOS-478980;;FT-BOS-20260925-0014;N3322J;N3322J;B62083;4040.00;LTR;672323.33;676363.33;4040.00;0.8089;KGL;MEA;15.50;GR;3267.96;COA-BOS-20260925-3;2026-09-25T11:16:03Z;WFS-DN-478980;Verified;fuel.ops@airline.com;2026-09-25T13:24:03Z;HD-BOS-18;MTR-HD-BOS-18;ELECTRONIC;2026-09-25T11:24:03Z;SEED_B6_ADSB;2026-09-25T11:24:03Z;SEED_B6_ADSB;90ef472c-5730-5ab6-8047-3d91249590ef;1.3199;5332.4;USD
8c8e63b1-1f30-5eda-86e4-a5262ac2f9da;4f9fc6cf-dc06-5267-b111-dd7f5710e5f1;MATCHED;M;93084a51-d27d-5235-af1c-82d2832c04e2;CGA-MSY-537678;;FT-MSY-20260925-0001;N809JB;N809JB;B61822;3682.00;LTR;229276.25;232958.25;3682.00;0.7962;KGL;MEA;20.60;GR;2931.61;COA-MSY-20260925-3;2026-09-25T11:08:18Z;CGA-DN-537678;Verified;fuel.ops@airline.com;2026-09-25T13:18:18Z;RF-MSY-23;MTR-RF-MSY-23;MANUAL;2026-09-25T11:18:18Z;SEED_B6_ADSB;2026-09-25T11:18:18Z;SEED_B6_ADSB;12ace3d7-906e-5744-98f1-e4c9cdbfcde8;1.2555;4622.75;USD
0c6566ca-8166-5636-aa2b-ef02f8a6e5c2;d6c2f166-fe37-52e2-bf57-fbb6f04e3716;MATCHED;E;f41a5f16-90db-527f-a2f6-16477a662c6b;SHL-FLL-485167;;FT-FLL-20260925-0012;N649JB;N649JB;B6686;8521.00;LTR;330314.21;338835.21;8521.00;0.7902;KGL;MEA;26.20;GR;6733.29;COA-FLL-20260925-3;2026-09-25T11:32:40Z;SHL-DN-485167;Verified;fuel.ops@airline.com;2026-09-25T13:45:40Z;HD-FLL-21;MTR-HD-FLL-21;ELECTRONIC;2026-09-25T11:45:40Z;SEED_B6_ADSB;2026-09-25T11:45:40Z;SEED_B6_ADSB;1e1bfb2b-80fe-5112-ad55-2d347b5fe631;1.2386;10554.11;USD
548b744d-28e0-5273-97f9-7d50220b65f9;fc62ea13-d8d5-5977-8b9b-b2f0c8edc65c;MATCHED;E;6c9669d1-3f76-5612-9bc2-5c09156b06f4;WFS-JFK-403897;;FT-JFK-20260925-0016;N992JB;N992JB;B6323;18047.00;LTR;153514.81;171561.81;18047.00;0.8008;KGL;MEA;19.10;GR;14452.04;COA-JFK-20260925-1;2026-09-25T11:15:45Z;WFS-DN-403897;Verified;fuel.ops@airline.com;2026-09-25T13:39:45Z;HD-JFK-11;MTR-HD-JFK-11;ELECTRONIC;2026-09-25T11:39:45Z;SEED_B6_ADSB;2026-09-25T11:39:45Z;SEED_B6_ADSB;3a05b3d9-f748-5528-aa95-284bf9db9a79;1.3071;23589.23;USD
ade33be3-b684-5879-8ffc-9a3f322e0a38;91d22a52-f88d-5f36-88ff-9417bd6598bc;MATCHED;E;8d1d8e1e-db8a-531f-ba95-898ca731e8cb;BPA-DCA-429179;;FT-DCA-20260925-0005;N627JB;N627JB;B61347;11838.00;LTR;248123.33;259961.33;11838.00;0.7990;KGL;MEA;16.40;GR;9458.56;COA-DCA-20260925-1;2026-09-25T11:08:46Z;BPA-DN-429179;Verified;fuel.ops@airline.com;2026-09-25T13:25:46Z;HD-DCA-12;MTR-HD-DCA-12;ELECTRONIC;2026-09-25T11:25:46Z;SEED_B6_ADSB;2026-09-25T11:25:46Z;SEED_B6_ADSB;e6ad02cb-5b9d-5e66-b724-9b7920d56395;1.3157;15575.26;USD
2cd24e59-bc97-5767-a6de-f8ec6c65fcd5;5838477f-6264-5eab-a39c-01eddbc3753e;MATCHED;E;5ca9f189-5a7c-53fa-9e4c-227d46b6fc6c;WFS-BOS-478982;;FT-BOS-20260925-0015;N3296J;N3296J;B61159;3216.00;LTR;672323.33;675539.33;3216.00;0.8053;KGL;MEA;20.00;GR;2589.84;COA-BOS-20260925-3;2026-09-25T11:25:09Z;WFS-DN-478982;Verified;fuel.ops@airline.com;2026-09-25T13:32:09Z;HD-BOS-18;MTR-HD-BOS-18;ELECTRONIC;2026-09-25T11:32:09Z;SEED_B6_ADSB;2026-09-25T11:32:09Z;SEED_B6_ADSB;5d50597a-a88c-5aaf-80cf-f74230712330;1.3199;4244.8;USD
f9a33f1f-9b98-5f00-a01a-57fe5e3341ad;c64ab676-4c61-5e5d-bb75-9f0c4ffb21fa;MATCHED;E;9d73c22c-4fff-5755-a463-8512f00de73b;WFS-LGA-756529;;FT-LGA-20260925-0004;N508JL;N508JL;B6271;8620.00;LTR;591428.24;600048.24;8620.00;0.7996;KGL;MEA;17.20;GR;6892.55;COA-LGA-20260925-1;2026-09-25T11:28:29Z;WFS-DN-756529;Verified;fuel.ops@airline.com;2026-09-25T13:41:29Z;HD-LGA-06;MTR-HD-LGA-06;ELECTRONIC;2026-09-25T11:41:29Z;SEED_B6_ADSB;2026-09-25T11:41:29Z;SEED_B6_ADSB;786ef2a5-ea7a-53b0-8a20-174a44759587;1.3124;11312.89;USD
c786f4ba-884c-5f53-b017-13bb8b6b3167;80d1b8bf-560c-570e-af07-f8fa56624a78;MATCHED;E;794ffe51-9d26-56d4-b30b-06258b47ec4c;SHL-BOS-696888;;FT-BOS-20260925-0016;N3065J;N3065J;B61055;1519.00;LTR;447143.01;448662.01;1519.00;0.8074;KGL;MEA;17.40;GR;1226.44;COA-BOS-20260925-3;2026-09-25T11:25:53Z;SHL-DN-696888;Verified;fuel.ops@airline.com;2026-09-25T13:30:53Z;HD-BOS-10;MTR-HD-BOS-10;ELECTRONIC;2026-09-25T11:30:53Z;SEED_B6_ADSB;2026-09-25T11:30:53Z;SEED_B6_ADSB;5143ffea-6032-56c7-98c1-38e1d2e74e84;1.3166;1999.92;USD
569c32cb-21f5-570a-a4e6-9bab3ee216a8;966308b2-35b1-57c0-80fe-3c047c0a6e11;MATCHED;E;ebefeb06-9b8f-5a6f-843d-d97ba8b053bb;REP-MAD-323092;;FT-MAD-20260925-0001;N4080J;N4080J;B62260;22448.00;LTR;484555.86;507003.86;22448.00;0.7983;KGL;MEA;20.10;GR;17920.24;COA-MAD-20260925-2;2026-09-25T11:25:56Z;REP-DN-323092;Verified;fuel.ops@airline.com;2026-09-25T14:06:56Z;RF-MAD-14;MTR-RF-MAD-14;ELECTRONIC;2026-09-25T12:06:56Z;SEED_B6_ADSB;2026-09-25T12:06:56Z;SEED_B6_ADSB;29dc5032-6617-5323-a6ff-435735b60f55;1.2863;28874.86;USD
076a1941-ab89-5493-85c2-5c58c061c4e9;f0715ef7-9310-526f-b839-5a8990ad65f6;MATCHED;E;40fd796e-7796-5614-8f43-ec5e4b39258e;SHL-FLL-485170;;FT-FLL-20260925-0013;N3255J;N3255J;B62994;5453.00;LTR;851529.67;856982.67;5453.00;0.7894;KGL;MEA;27.30;GR;4304.6;COA-FLL-20260925-3;2026-09-25T11:25:55Z;SHL-DN-485170;Verified;fuel.ops@airline.com;2026-09-25T13:35:55Z;HD-FLL-01;MTR-HD-FLL-01;ELECTRONIC;2026-09-25T11:35:55Z;SEED_B6_ADSB;2026-09-25T11:35:55Z;SEED_B6_ADSB;3e0b0715-21cf-5cae-885d-e4bbe692e7f6;1.2386;6754.09;USD
cce49ff8-c828-5016-818c-09df3e5b2a04;c4824787-804f-560f-9f2b-7931a09cc015;MATCHED;E;eb7fc190-64d3-5b49-bfd3-f07b2079a7db;SHL-JFK-512698;;FT-JFK-20260925-0017;N3291J;N3291J;B6273;5165.00;LTR;519477.76;524642.76;5165.00;0.7996;KGL;MEA;20.70;GR;4129.93;COA-JFK-20260925-1;2026-09-25T11:31:34Z;SHL-DN-512698;Verified;fuel.ops@airline.com;2026-09-25T13:40:34Z;HD-JFK-20;MTR-HD-JFK-20;ELECTRONIC;2026-09-25T11:40:34Z;SEED_B6_ADSB;2026-09-25T11:40:34Z;SEED_B6_ADSB;46804f99-0fe1-5ef6-8e60-8f26717dae8b;1.3158;6796.11;USD
f2cbfd9f-b7f9-5bcd-a249-27a00c5f457f;7eced7ee-07b1-565e-b2fe-c992963dd5d7;MATCHED;E;f64336b4-bcbb-5580-b4d6-66aff73f5f44;WFS-JFK-403900;;FT-JFK-20260925-0018;N3023J;N3023J;B6905;4690.00;LTR;768612.20;773302.20;4690.00;0.8030;KGL;MEA;16.40;GR;3766.07;COA-JFK-20260925-1;2026-09-25T11:35:14Z;WFS-DN-403900;Verified;fuel.ops@airline.com;2026-09-25T13:44:14Z;HD-JFK-10;MTR-HD-JFK-10;ELECTRONIC;2026-09-25T11:44:14Z;SEED_B6_ADSB;2026-09-25T11:44:14Z;SEED_B6_ADSB;0156941d-3662-5852-b1e2-0fb1b0a033d1;1.3071;6130.3;USD
9d728c1b-ee65-5e83-b673-e633a78763af;1cf7a9f5-5b8c-5751-a4c2-1663211981b3;MATCHED;E;ae133c42-faff-5813-9476-b01c36af9a7e;SHL-BOS-696890;;FT-BOS-20260925-0017;N3085J;N3085J;B6109;5311.00;LTR;547827.42;553138.42;5311.00;0.8083;KGL;MEA;16.30;GR;4292.88;COA-BOS-20260925-3;2026-09-25T11:24:48Z;SHL-DN-696890;Verified;fuel.ops@airline.com;2026-09-25T13:33:48Z;HD-BOS-07;MTR-HD-BOS-07;ELECTRONIC;2026-09-25T11:33:48Z;SEED_B6_ADSB;2026-09-25T11:33:48Z;SEED_B6_ADSB;43f06dca-bd16-59b2-ab06-78885751a203;1.3166;6992.46;USD
c14e59ff-ff35-5ce3-979f-1afda7c6f5c7;7292cae5-d9c6-5568-a281-c3f1ca8b049b;MATCHED;M;97d50d0d-79d1-5343-92f0-fbade6d11d0c;WFS-HPN-788038;;FT-HPN-20260925-0005;N729JB;N729JB;B62695;6625.00;LTR;149104.19;155729.19;6625.00;0.7992;KGL;MEA;17.00;GR;5294.7;COA-HPN-20260925-2;2026-09-25T11:37:53Z;WFS-DN-788038;Verified;fuel.ops@airline.com;2026-09-25T13:52:53Z;RF-HPN-11;MTR-RF-HPN-11;MANUAL;2026-09-25T11:52:53Z;SEED_B6_ADSB;2026-09-25T11:52:53Z;SEED_B6_ADSB;05e9a9f3-8232-5e71-9b81-48a79eebbd1c;1.3639;9035.84;USD
735fb4f9-7c55-5560-969a-c29bda029126;b79b9935-8213-5d39-ab38-ad4b14075466;MATCHED;E;c23a88f7-f539-56a2-8136-46294ac8f510;SHL-BOS-696891;;FT-BOS-20260925-0018;N3307J;N3307J;B6203;7401.00;LTR;388095.56;395496.56;7401.00;0.8059;KGL;MEA;19.30;GR;5964.47;COA-BOS-20260925-3;2026-09-25T11:38:17Z;SHL-DN-696891;Verified;fuel.ops@airline.com;2026-09-25T13:50:17Z;HD-BOS-08;MTR-HD-BOS-08;ELECTRONIC;2026-09-25T11:50:17Z;SEED_B6_ADSB;2026-09-25T11:50:17Z;SEED_B6_ADSB;12747f38-adbb-52a6-8de9-dca073242276;1.3166;9744.16;USD
eb31dcd9-30da-577b-842d-097d4050ed48;3066bdf3-e04c-51fe-a433-225b99f12c2c;MATCHED;M;137d2ddb-7943-5a0a-97ce-852ffd8e1f1f;WFS-ALB-625364;;FT-ALB-20260925-0001;N793JB;N793JB;B687;8981.00;LTR;442599.93;451580.93;8981.00;0.8109;KGL;MEA;14.00;GR;7282.69;COA-ALB-20260925-1;2026-09-25T11:42:25Z;WFS-DN-625364;Verified;fuel.ops@airline.com;2026-09-25T14:01:25Z;RF-ALB-15;MTR-RF-ALB-15;MANUAL;2026-09-25T12:01:25Z;SEED_B6_ADSB;2026-09-25T12:01:25Z;SEED_B6_ADSB;7bbf8fda-067d-5506-932f-2088665e106a;1.3680;12286.01;USD
ed03b1db-8784-568b-9070-b4037cf9017d;e9ef2796-4ae1-5040-ae04-e8d2ca4cbe8c;MATCHED;E;b5973230-db9c-51da-80fc-f3b955bf75e7;WFS-BOS-478985;;FT-BOS-20260925-0019;N982JB;N982JB;B6687;21723.00;LTR;559800.99;581523.99;21723.00;0.8079;KGL;MEA;16.70;GR;17550.01;COA-BOS-20260925-3;2026-09-25T11:35:19Z;WFS-DN-478985;Verified;fuel.ops@airline.com;2026-09-25T14:03:19Z;HD-BOS-17;MTR-HD-BOS-17;ELECTRONIC;2026-09-25T12:03:19Z;SEED_B6_ADSB;2026-09-25T12:03:19Z;SEED_B6_ADSB;29015506-f278-577a-892c-71c9a305fe98;1.3199;28672.19;USD
22003b5d-d245-5aa7-8260-2535cc7b976f;50f033ce-f21b-5304-87aa-465a90b25ada;MATCHED;M;eea560a6-6711-5f85-81f4-edb5a6670c00;BPA-ORF-191151;;FT-ORF-20260925-0001;N606JB;N606JB;B61799;5965.00;LTR;346411.93;352376.93;5965.00;0.7984;KGL;MEA;18.50;GR;4762.46;COA-ORF-20260925-3;2026-09-25T11:43:05Z;BPA-DN-191151;Verified;fuel.ops@airline.com;2026-09-25T13:57:05Z;RF-ORF-22;MTR-RF-ORF-22;MANUAL;2026-09-25T11:57:05Z;SEED_B6_ADSB;2026-09-25T11:57:05Z;SEED_B6_ADSB;cb7342d2-2189-5d7f-aef7-223b41f5f535;1.3629;8129.7;USD
42640eec-78c7-5b07-b7f4-7949d7c59909;3e2dff6e-c89b-5a65-a126-ab600240eeaf;MATCHED;E;c39ae21c-c104-5066-a0b2-dd2d1a41c8c4;WFS-BOS-478986;;FT-BOS-20260925-0020;N3121J;N3121J;B62229;3708.00;LTR;559800.99;563508.99;3708.00;0.8083;KGL;MEA;16.30;GR;2997.18;COA-BOS-20260925-3;2026-09-25T11:34:28Z;WFS-DN-478986;Verified;fuel.ops@airline.com;2026-09-25T13:42:28Z;HD-BOS-17;MTR-HD-BOS-17;ELECTRONIC;2026-09-25T11:42:28Z;SEED_B6_ADSB;2026-09-25T11:42:28Z;SEED_B6_ADSB;47eea4a0-c208-50dc-b201-7e269153c20c;1.3199;4894.19;USD
fe63f783-1aaf-5376-8305-8daaa8789b8e;efd854c7-4880-5ec6-9211-7e8e9c9c5d77;MATCHED;E;80df109d-fb5d-5a0f-a5e4-f2a9c2dabfce;BPA-ORD-551297;;FT-ORD-20260925-0002;N3113J;N3113J;B6906;5168.00;LTR;809576.54;814744.54;5168.00;0.8072;KGL;MEA;17.00;GR;4171.61;COA-ORD-20260925-3;2026-09-25T11:43:35Z;BPA-DN-551297;Verified;fuel.ops@airline.com;2026-09-25T13:52:35Z;HD-ORD-11;MTR-HD-ORD-11;ELECTRONIC;2026-09-25T11:52:35Z;SEED_B6_ADSB;2026-09-25T11:52:35Z;SEED_B6_ADSB;f6f29a24-79d9-5ff5-accf-3abbfdf98684;1.2458;6438.29;USD
4bda158e-7d10-5d3c-9c55-083ce8d761b6;99c95778-32f2-5389-b14b-0d11a58a23a8;MATCHED;E;26aeb27e-b95f-549a-91a9-3996412f7ec9;WFS-JFK-403903;;FT-JFK-20260925-0019;N828JB;N828JB;B61601;7375.00;LTR;268915.16;276290.16;7375.00;0.8028;KGL;MEA;16.60;GR;5920.65;COA-JFK-20260925-1;2026-09-25T11:41:14Z;WFS-DN-403903;Verified;fuel.ops@airline.com;2026-09-25T13:53:14Z;HD-JFK-18;MTR-HD-JFK-18;ELECTRONIC;2026-09-25T11:53:14Z;SEED_B6_ADSB;2026-09-25T11:53:14Z;SEED_B6_ADSB;354f8af1-2c19-5c78-b709-606891081b09;1.3071;9639.86;USD
3582803b-f119-56b9-a5bf-690da4e713b1;3becb3a9-53b1-5f72-ba2e-c905a72d1680;MATCHED;E;d47bea26-c68a-5647-a319-b8a94aa6c0f6;WFS-BOS-478989;;FT-BOS-20260925-0021;N529JB;N529JB;B669;9171.00;LTR;378556.41;387727.41;9171.00;0.8092;KGL;MEA;15.10;GR;7421.17;COA-BOS-20260925-3;2026-09-25T11:35:04Z;WFS-DN-478989;Verified;fuel.ops@airline.com;2026-09-25T13:49:04Z;HD-BOS-20;MTR-HD-BOS-20;ELECTRONIC;2026-09-25T11:49:04Z;SEED_B6_ADSB;2026-09-25T11:49:04Z;SEED_B6_ADSB;2ad6efa4-9576-5bfd-8fd1-ca4d29edd83d;1.3199;12104.8;USD
4d9e400f-8dbb-5b4f-bf51-bc68cbcbe5b2;ab5ed875-1e62-57c5-be01-a07aaa3a98a8;MATCHED;E;f925ccc6-f026-5875-a5c2-75f40ed6c20b;SHL-BOS-696893;;FT-BOS-20260925-0022;N3269J;N3269J;B6837;4682.00;LTR;472626.66;477308.66;4682.00;0.8068;KGL;MEA;18.10;GR;3777.44;COA-BOS-20260925-3;2026-09-25T11:47:04Z;SHL-DN-696893;Verified;fuel.ops@airline.com;2026-09-25T13:56:04Z;HD-BOS-01;MTR-HD-BOS-01;ELECTRONIC;2026-09-25T11:56:04Z;SEED_B6_ADSB;2026-09-25T11:56:04Z;SEED_B6_ADSB;09de0df9-2b0d-5a9e-80bf-8100cc11fb3e;1.3166;6164.32;USD
52021afd-4c65-5241-a48e-1a536af62768;0fac0984-d609-572c-8edb-8eb5d61e79f6;MATCHED;E;69747121-d42e-58f5-a0cf-a42503b74a0b;WFS-BOS-478990;;FT-BOS-20260925-0023;N605JB;N605JB;B62033;11685.00;LTR;322120.78;333805.78;11685.00;0.8098;KGL;MEA;14.40;GR;9462.51;COA-BOS-20260925-3;2026-09-25T11:55:31Z;WFS-DN-478990;Verified;fuel.ops@airline.com;2026-09-25T14:11:31Z;HD-BOS-12;MTR-HD-BOS-12;ELECTRONIC;2026-09-25T12:11:31Z;SEED_B6_ADSB;2026-09-25T12:11:31Z;SEED_B6_ADSB;5900e218-2eed-56ca-b425-9a581a84ca65;1.3199;15423.03;USD
04a10932-d762-5f04-a985-8f8fdf86984f;756aa1ba-314e-563a-a9ba-a088e584bc0a;MATCHED;M;8009ec41-f405-58ee-8b37-652e6f8d96f2;WFS-BDL-333670;;FT-BDL-20260925-0003;N632JB;N632JB;B61241;7923.00;LTR;360183.54;368106.54;7923.00;0.7987;KGL;MEA;19.30;GR;6328.1;COA-BDL-20260925-3;2026-09-25T11:56:31Z;WFS-DN-333670;Verified;fuel.ops@airline.com;2026-09-25T14:13:31Z;RF-BDL-07;MTR-RF-BDL-07;MANUAL;2026-09-25T12:13:31Z;SEED_B6_ADSB;2026-09-25T12:13:31Z;SEED_B6_ADSB;dba6ac45-528a-5bca-88cc-be65fa5e180b;1.3516;10708.73;USD
20fdb4ee-1e55-5148-ba85-66175e89974e;027759fe-e61c-56a2-a3af-1beac9a3cff1;MATCHED;E;a15c64b2-afcc-5c69-b24d-3577d144fb6d;SHL-BOS-696894;;FT-BOS-20260925-0024;N3157J;N3157J;B62041;2883.00;LTR;226061.70;228944.70;2883.00;0.8068;KGL;MEA;18.10;GR;2326;COA-BOS-20260925-3;2026-09-25T11:45:45Z;SHL-DN-696894;Verified;fuel.ops@airline.com;2026-09-25T13:52:45Z;HD-BOS-13;MTR-HD-BOS-13;ELECTRONIC;2026-09-25T11:52:45Z;SEED_B6_ADSB;2026-09-25T11:52:45Z;SEED_B6_ADSB;20bb24e1-23cb-5201-9718-fff0d766a02e;1.3166;3795.76;USD
7037797f-0944-5422-b3bb-daaf2d155424;7bb70d4c-cf8e-5851-9851-5ec115333a46;MATCHED;M;e24896b8-ee73-5567-aa57-25eea5ab43d7;WFS-HPN-788040;;FT-HPN-20260925-0006;N3102J;N3102J;B62121;1606.00;LTR;854752.05;856358.05;1606.00;0.7964;KGL;MEA;20.50;GR;1279.02;COA-HPN-20260925-2;2026-09-25T12:01:35Z;WFS-DN-788040;Verified;fuel.ops@airline.com;2026-09-25T14:07:35Z;RF-HPN-23;MTR-RF-HPN-23;MANUAL;2026-09-25T12:07:35Z;SEED_B6_ADSB;2026-09-25T12:07:35Z;SEED_B6_ADSB;218aa16c-c6a0-547e-8d4e-a4bc14f34ba2;1.3639;2190.42;USD
8684e80d-ee10-5b46-bdde-00c5eac20171;b7769ec3-5f4a-5898-a4e3-fb5d004318b4;MATCHED;E;ca2f4415-f509-5dbc-aa71-a413acbb8095;SHL-FLL-485173;;FT-FLL-20260925-0014;N955JB;N955JB;B61002;8427.00;LTR;197403.31;205830.31;8427.00;0.7930;KGL;MEA;22.70;GR;6682.61;COA-FLL-20260925-3;2026-09-25T12:01:53Z;SHL-DN-485173;Verified;fuel.ops@airline.com;2026-09-25T14:14:53Z;HD-FLL-18;MTR-HD-FLL-18;ELECTRONIC;2026-09-25T12:14:53Z;SEED_B6_ADSB;2026-09-25T12:14:53Z;SEED_B6_ADSB;8f253fba-4073-5adc-b51b-d2d3b9f54881;1.2386;10437.68;USD
ed893bba-5563-5459-9a40-c49f4d223630;9676ac99-dece-5c75-938d-cdb9701628d7;MATCHED;E;4c675da9-7d99-5bdf-b8bc-470c1b9810b5;SHL-BOS-696895;;FT-BOS-20260925-0025;N949JT;N949JT;B621;8304.00;LTR;249346.18;257650.18;8304.00;0.8098;KGL;MEA;14.40;GR;6724.58;COA-BOS-20260925-3;2026-09-25T12:00:42Z;SHL-DN-696895;Verified;fuel.ops@airline.com;2026-09-25T14:13:42Z;HD-BOS-04;MTR-HD-BOS-04;ELECTRONIC;2026-09-25T12:13:42Z;SEED_B6_ADSB;2026-09-25T12:13:42Z;SEED_B6_ADSB;3fc14ac0-5766-5268-a5f7-327860658321;1.3166;10933.05;USD
f4fc4a51-2ef2-5158-9e9e-474c48cb2469;fa979555-f104-51be-acf9-04f7bed856d4;MATCHED;E;97b035c6-628f-5fee-a95c-dc3310525666;WFS-BOS-478991;;FT-BOS-20260925-0026;N636JB;N636JB;B61215;3860.00;LTR;226061.70;229921.70;3860.00;0.8058;KGL;MEA;19.40;GR;3110.39;COA-BOS-20260925-3;2026-09-25T12:05:10Z;WFS-DN-478991;Verified;fuel.ops@airline.com;2026-09-25T14:13:10Z;HD-BOS-13;MTR-HD-BOS-13;ELECTRONIC;2026-09-25T12:13:10Z;SEED_B6_ADSB;2026-09-25T12:13:10Z;SEED_B6_ADSB;80eced9b-9b27-599a-9208-2cb1b0a08fc8;1.3199;5094.81;USD
81970ff9-5b17-500e-927a-ed456b029bb2;5b6ca3c3-f113-5abf-a6f9-06e7fdf24774;MATCHED;E;fc5ec844-bf84-554c-b90e-11683b3b6e61;SHL-MCO-595734;;FT-MCO-20260925-0003;N784JB;N784JB;B68378;7926.00;LTR;567456.86;575382.86;7926.00;0.7949;KGL;MEA;20.70;GR;6300.38;COA-MCO-20260925-1;2026-09-25T12:05:39Z;SHL-DN-595734;Verified;fuel.ops@airline.com;2026-09-25T14:17:39Z;HD-MCO-21;MTR-HD-MCO-21;ELECTRONIC;2026-09-25T12:17:39Z;SEED_B6_ADSB;2026-09-25T12:17:39Z;SEED_B6_ADSB;a26a992a-6df0-5052-94c4-9a2a29696f0e;1.2537;9936.83;USD
697445fd-cf69-50ce-840f-37653e39b5ee;b614d6c4-927b-55fc-b174-f3764fcdb104;MATCHED;E;7a343fcf-86aa-50c0-a46d-5b5c21028903;WFS-BOS-478994;;FT-BOS-20260925-0027;N3142J;N3142J;B6567;5470.00;LTR;338832.89;344302.89;5470.00;0.8061;KGL;MEA;19.00;GR;4409.37;COA-BOS-20260925-3;2026-09-25T12:15:21Z;WFS-DN-478994;Verified;fuel.ops@airline.com;2026-09-25T14:25:21Z;HD-BOS-14;MTR-HD-BOS-14;ELECTRONIC;2026-09-25T12:25:21Z;SEED_B6_ADSB;2026-09-25T12:25:21Z;SEED_B6_ADSB;15833b04-1519-5e7f-957c-6a9fdfd487cc;1.3199;7219.85;USD
a3610636-565e-50c4-8066-d6edf9ecffab;9795c14c-c4a0-5d66-aad7-0d734f9e8f39;MATCHED;M;8cf7c654-ef16-5732-bce8-62f943b8bfb3;WFS-BUF-723686;;FT-BUF-20260925-0003;N3123J;N3123J;B6716;3153.00;LTR;437879.82;441032.82;3153.00;0.8035;KGL;MEA;13.90;GR;2533.44;COA-BUF-20260925-3;2026-09-25T12:19:25Z;WFS-DN-723686;Verified;fuel.ops@airline.com;2026-09-25T14:28:25Z;RF-BUF-23;MTR-RF-BUF-23;MANUAL;2026-09-25T12:28:25Z;SEED_B6_ADSB;2026-09-25T12:28:25Z;SEED_B6_ADSB;3b4c2e98-37ba-58fa-a2d0-3baff21923eb;1.3346;4207.99;USD
2c552a33-5a6e-5959-b7fc-32ffc3d2ecd5;f25fa412-886d-5944-a67d-9576247795d2;MATCHED;M;688ede59-4f2e-5df3-a09e-dd2234f490be;WFS-ALB-625366;;FT-ALB-20260925-0002;N579JB;N579JB;B62920;7273.00;LTR;735675.96;742948.96;7273.00;0.8087;KGL;MEA;16.80;GR;5881.68;COA-ALB-20260925-1;2026-09-25T12:03:38Z;WFS-DN-625366;Verified;fuel.ops@airline.com;2026-09-25T14:19:38Z;RF-ALB-16;MTR-RF-ALB-16;MANUAL;2026-09-25T12:19:38Z;SEED_B6_ADSB;2026-09-25T12:19:38Z;SEED_B6_ADSB;f497b5e8-c947-5971-95ab-3d4a77c92e13;1.3680;9949.46;USD
dd70a493-c7c5-5fc0-a476-0ae9609f7d5d;880baae4-080d-5ac2-958b-90392baf6453;MATCHED;E;d5e556d5-0061-5827-b8be-e74b62542969;CGA-LAS-427503;;FT-LAS-20260925-0001;N989JT;N989JT;B62348;14430.00;LTR;371270.20;385700.20;14430.00;0.7933;KGL;MEA;21.40;GR;11447.32;COA-LAS-20260925-2;2026-09-25T12:27:21Z;CGA-DN-427503;Verified;fuel.ops@airline.com;2026-09-25T14:47:21Z;HD-LAS-09;MTR-HD-LAS-09;ELECTRONIC;2026-09-25T12:47:21Z;SEED_B6_ADSB;2026-09-25T12:47:21Z;SEED_B6_ADSB;36f1c10e-3fe6-5571-a1af-8914c3c3052d;1.3082;18877.33;USD
183216e8-cb32-5892-b8cc-a70bfa41fbee;a34e3594-69ba-58c2-8279-fe811a3b0359;MATCHED;E;f9add892-991e-5414-937c-296df544fb8e;CGA-LAX-552073;;FT-LAX-20260925-0003;N964JT;N964JT;B62074;16617.00;LTR;788594.48;805211.48;16617.00;0.7930;KGL;MEA;22.40;GR;13177.28;COA-LAX-20260925-1;2026-09-25T12:20:45Z;CGA-DN-552073;Verified;fuel.ops@airline.com;2026-09-25T14:43:45Z;HD-LAX-10;MTR-HD-LAX-10;ELECTRONIC;2026-09-25T12:43:45Z;SEED_B6_ADSB;2026-09-25T12:43:45Z;SEED_B6_ADSB;7fd5c2d1-5ab4-5abb-9fb3-6e7bae416abb;1.3080;21735.04;USD
89ccb2c1-7a6e-512a-9b45-2220e68f717d;a0794651-96ab-50c9-b0f4-dbbf4c73d1d7;MATCHED;M;8ad7f868-b610-5948-8bba-4b101aba3db4;BPA-PIT-505321;;FT-PIT-20260925-0002;N3242J;N3242J;B61286;3813.00;LTR;199410.66;203223.66;3813.00;0.8035;KGL;MEA;16.30;GR;3063.75;COA-PIT-20260925-2;2026-09-25T12:15:16Z;BPA-DN-505321;Verified;fuel.ops@airline.com;2026-09-25T14:25:16Z;RF-PIT-21;MTR-RF-PIT-21;MANUAL;2026-09-25T12:25:16Z;SEED_B6_ADSB;2026-09-25T12:25:16Z;SEED_B6_ADSB;c8f0bb6d-edb7-513b-9645-0e26ddfae9bf;1.3492;5144.5;USD
9e735a1b-45e2-5a6a-a6ce-ec32897a23c3;a15c7584-2223-5dd3-ba4b-e3c8992339f4;MATCHED;E;b72d32ea-055a-5190-a5f3-af3b7bde5d56;PMA-SJU-755470;;FT-SJU-20260925-0004;N640JB;N640JB;B62154;6968.00;LTR;162511.44;169479.44;6968.00;0.7994;KGL;MEA;29.30;GR;5570.22;COA-SJU-20260925-3;2026-09-25T12:18:53Z;PMA-DN-755470;Verified;fuel.ops@airline.com;2026-09-25T14:29:53Z;HD-SJU-06;MTR-HD-SJU-06;ELECTRONIC;2026-09-25T12:29:53Z;SEED_B6_ADSB;2026-09-25T12:29:53Z;SEED_B6_ADSB;fa428083-df8d-54ab-b872-8928f80322cb;1.3038;9084.88;USD
f6e49fad-6380-58dc-85c8-a9fea4d411c9;eabbb6e8-2e02-5bdc-9266-d7a015b04feb;MATCHED;E;d8d721b2-5ea1-5ad7-be08-7b58adefb682;BPA-EWR-657013;;FT-EWR-20260925-0004;N593JB;N593JB;B6105;6847.00;LTR;205843.32;212690.32;6847.00;0.8053;KGL;MEA;15.10;GR;5513.89;COA-EWR-20260925-2;2026-09-25T12:22:26Z;BPA-DN-657013;Verified;fuel.ops@airline.com;2026-09-25T14:33:26Z;HD-EWR-22;MTR-HD-EWR-22;ELECTRONIC;2026-09-25T12:33:26Z;SEED_B6_ADSB;2026-09-25T12:33:26Z;SEED_B6_ADSB;b963ebf9-ec62-57a9-af9d-3480f12d059c;1.3204;9040.78;USD
c7b2626a-f72e-53b7-b880-dbe04d0a9015;0ae09f04-fd62-5dc4-8924-6510311db34d;MATCHED;M;80843a19-678c-5b85-9b09-27bea3d5d00d;BPA-PIT-505322;;FT-PIT-20260925-0003;N3203J;N3203J;B62005;5437.00;LTR;748500.25;753937.25;5437.00;0.8014;KGL;MEA;18.90;GR;4357.21;COA-PIT-20260925-2;2026-09-25T12:14:32Z;BPA-DN-505322;Verified;fuel.ops@airline.com;2026-09-25T14:26:32Z;RF-PIT-20;MTR-RF-PIT-20;MANUAL;2026-09-25T12:26:32Z;SEED_B6_ADSB;2026-09-25T12:26:32Z;SEED_B6_ADSB;621d8c0a-41e1-54eb-8626-78682c478253;1.3492;7335.6;USD
7079b996-aed6-56ac-99db-73e462def659;c6c940dc-ba17-5e5c-ac6f-8059813bcd96;MATCHED;E;2e0a0e74-da5e-5adb-bf5c-78bfc6411120;BPA-TPA-704100;;FT-TPA-20260925-0003;N623JB;N623JB;B61906;2932.00;LTR;138244.13;141176.13;2932.00;0.7994;KGL;MEA;25.00;GR;2343.84;COA-TPA-20260925-3;2026-09-25T12:14:34Z;BPA-DN-704100;Verified;fuel.ops@airline.com;2026-09-25T14:21:34Z;HD-TPA-14;MTR-HD-TPA-14;ELECTRONIC;2026-09-25T12:21:34Z;SEED_B6_ADSB;2026-09-25T12:21:34Z;SEED_B6_ADSB;af7ac184-3869-5281-b582-c027a1088de8;1.2313;3610.17;USD
9b54ea52-89de-5522-ae74-5a161769035f;3eef9f74-8264-512f-be70-0ae7a7e74017;MATCHED;E;fdbd50a6-f5c7-5b9d-829a-5f780b79e14b;SHL-BOS-696898;;FT-BOS-20260925-0028;N3194J;N3194J;B61281;3350.00;LTR;226061.70;229411.70;3350.00;0.8063;KGL;MEA;18.70;GR;2701.11;COA-BOS-20260925-3;2026-09-25T12:29:59Z;SHL-DN-696898;Verified;fuel.ops@airline.com;2026-09-25T14:36:59Z;HD-BOS-13;MTR-HD-BOS-13;ELECTRONIC;2026-09-25T12:36:59Z;SEED_B6_ADSB;2026-09-25T12:36:59Z;SEED_B6_ADSB;65b0a7ab-c6cd-549b-9deb-41b4e3740b6b;1.3166;4410.61;USD
97bfbc38-32bd-5506-b0e4-12f9810233a8;c6602f3f-af22-5723-ad96-0bc9e57cb0b2;MATCHED;E;bd69b9ef-28d8-5f21-8ca7-26e9a983d7b1;WFS-JFK-403904;;FT-JFK-20260925-0020;N4058J;N4058J;B61107;20177.00;LTR;287224.57;307401.57;20177.00;0.8025;KGL;MEA;17.00;GR;16192.04;COA-JFK-20260925-1;2026-09-25T12:16:42Z;WFS-DN-403904;Verified;fuel.ops@airline.com;2026-09-25T14:42:42Z;HD-JFK-21;MTR-HD-JFK-21;ELECTRONIC;2026-09-25T12:42:42Z;SEED_B6_ADSB;2026-09-25T12:42:42Z;SEED_B6_ADSB;fbfb2c1d-e7c3-5637-a5c5-9646918c0d72;1.3071;26373.36;USD
8dabad55-3bb6-5ab4-9b54-731505c23026;c03d7df2-a297-595f-917e-05821773d72c;MATCHED;E;b00a6385-f242-51a2-9474-d6ae6dffd2da;SHL-MCO-595737;;FT-MCO-20260925-0004;N565JB;N565JB;B694;7322.00;LTR;106540.85;113862.85;7322.00;0.7942;KGL;MEA;21.60;GR;5815.13;COA-MCO-20260925-1;2026-09-25T12:26:48Z;SHL-DN-595737;Verified;fuel.ops@airline.com;2026-09-25T14:38:48Z;HD-MCO-10;MTR-HD-MCO-10;ELECTRONIC;2026-09-25T12:38:48Z;SEED_B6_ADSB;2026-09-25T12:38:48Z;SEED_B6_ADSB;f335676f-a2f0-5a48-8b08-21eb43f034ab;1.2537;9179.59;USD
076fd699-ce4a-5af3-b76d-341d27ee3098;90ad0980-6e0c-5b4a-b733-7daf6c78c047;MATCHED;E;42dcf3ad-d960-55ab-95e1-e5eecff93a57;CGA-SFO-275642;;FT-SFO-20260925-0001;N946JL;N946JL;B6116;17093.00;LTR;726214.38;743307.38;17093.00;0.8055;KGL;MEA;16.30;GR;13768.41;COA-SFO-20260925-1;2026-09-25T12:21:36Z;CGA-DN-275642;Verified;fuel.ops@airline.com;2026-09-25T14:43:36Z;HD-SFO-06;MTR-HD-SFO-06;ELECTRONIC;2026-09-25T12:43:36Z;SEED_B6_ADSB;2026-09-25T12:43:36Z;SEED_B6_ADSB;a17f914a-f3f1-5837-9716-7e3c67abf021;1.3267;22677.28;USD
d75c6ded-1e28-598e-8047-69a0e5f72b00;9af9b04b-6504-52c1-a32f-a03ecdc1c2cf;MATCHED;E;a0a73bed-3965-5825-965c-106e751de76f;WFS-JFK-403907;;FT-JFK-20260925-0021;N3267J;N3267J;B62091;1511.00;LTR;631117.15;632628.15;1511.00;0.8007;KGL;MEA;19.30;GR;1209.86;COA-JFK-20260925-1;2026-09-25T12:35:37Z;WFS-DN-403907;Verified;fuel.ops@airline.com;2026-09-25T14:40:37Z;HD-JFK-09;MTR-HD-JFK-09;ELECTRONIC;2026-09-25T12:40:37Z;SEED_B6_ADSB;2026-09-25T12:40:37Z;SEED_B6_ADSB;b10ae22f-4e0a-503d-a9bc-963defde0c3b;1.3071;1975.03;USD
0d67a8e1-2edc-54c2-a123-8f471af16b00;6a267b61-37ec-58aa-8ef3-a232e5e74cd7;MATCHED;E;fbd33252-7889-5aac-8f0c-4263e414e8b2;SHL-BOS-696899;;FT-BOS-20260925-0029;N3261J;N3261J;B61097;6271.00;LTR;702747.54;709018.54;6271.00;0.8060;KGL;MEA;19.10;GR;5054.43;COA-BOS-20260925-3;2026-09-25T12:31:11Z;SHL-DN-696899;Verified;fuel.ops@airline.com;2026-09-25T14:41:11Z;HD-BOS-22;MTR-HD-BOS-22;ELECTRONIC;2026-09-25T12:41:11Z;SEED_B6_ADSB;2026-09-25T12:41:11Z;SEED_B6_ADSB;2351bfae-e702-5054-a7a3-9961611432b0;1.3166;8256.4;USD
5935239b-a056-5217-9d31-c59a374d4ba8;e0ef01a1-76b3-51ee-ab40-d93d59af7a1f;MATCHED;E;c6e15db5-9383-5339-b483-8074a6d72213;WFS-BOS-478996;;FT-BOS-20260925-0030;N3152J;N3152J;B6393;13258.00;LTR;447143.01;460401.01;13258.00;0.8083;KGL;MEA;16.30;GR;10716.44;COA-BOS-20260925-3;2026-09-25T12:22:20Z;WFS-DN-478996;Verified;fuel.ops@airline.com;2026-09-25T14:40:20Z;HD-BOS-10;MTR-HD-BOS-10;ELECTRONIC;2026-09-25T12:40:20Z;SEED_B6_ADSB;2026-09-25T12:40:20Z;SEED_B6_ADSB;6a1dacb3-dbc9-5867-99aa-15f554aac522;1.3199;17499.23;USD
10611acc-0df4-521e-be05-162d0accc105;8b567951-6aa9-5441-897c-646a35947553;MATCHED;E;27a597d0-0c3a-549c-9c5a-5496d06e57b6;WFS-JFK-403909;;FT-JFK-20260925-0022;N2047J;N2047J;B6117;12847.00;LTR;153514.81;166361.81;12847.00;0.8007;KGL;MEA;19.30;GR;10286.59;COA-JFK-20260925-1;2026-09-25T12:22:00Z;WFS-DN-403909;Verified;fuel.ops@airline.com;2026-09-25T14:40:00Z;HD-JFK-11;MTR-HD-JFK-11;ELECTRONIC;2026-09-25T12:40:00Z;SEED_B6_ADSB;2026-09-25T12:40:00Z;SEED_B6_ADSB;03bd7e18-cc75-5116-b309-c21c29380d07;1.3071;16792.31;USD
2df8e4ea-e90b-5044-8326-2217e2a13563;4213f94c-8e81-5d0f-a7d5-6c656f0af353;MATCHED;E;8598c2d2-50e4-59ae-a9ce-ee6b6ede86b7;BPA-MCO-339253;;FT-MCO-20260925-0005;N625JB;N625JB;B61077;16020.00;LTR;106540.85;122560.85;16020.00;0.7927;KGL;MEA;23.50;GR;12699.05;COA-MCO-20260925-1;2026-09-25T12:29:11Z;BPA-DN-339253;Verified;fuel.ops@airline.com;2026-09-25T14:51:11Z;HD-MCO-10;MTR-HD-MCO-10;ELECTRONIC;2026-09-25T12:51:11Z;SEED_B6_ADSB;2026-09-25T12:51:11Z;SEED_B6_ADSB;15aa3b6a-92f5-5cd8-92c4-0ccb401adccb;1.2482;19996.16;USD
2f3b0d02-81da-5025-ab4f-156a01fcf414;d6443cbe-74c7-5a28-8551-e2d9efdd8a01;MATCHED;M;d73afd40-10ce-5d80-beed-fb6ca7a160c9;BPA-CLE-201341;;FT-CLE-20260925-0003;N3304J;N3304J;B61340;2703.00;LTR;111366.40;114069.40;2703.00;0.7988;KGL;MEA;15.80;GR;2159.16;COA-CLE-20260925-3;2026-09-25T12:39:39Z;BPA-DN-201341;Verified;fuel.ops@airline.com;2026-09-25T14:47:39Z;RF-CLE-12;MTR-RF-CLE-12;MANUAL;2026-09-25T12:47:39Z;SEED_B6_ADSB;2026-09-25T12:47:39Z;SEED_B6_ADSB;1a64169a-9f55-5e01-9210-e684b0d6c777;1.3112;3544.17;USD
262e62dc-74cd-5b06-935f-423cfded49c3;bfdbb657-dfed-5ea0-a8d1-f461d14efdfb;MATCHED;E;254826ef-79fd-5bdf-a6ca-7c1b40c3423a;SHL-FLL-485175;;FT-FLL-20260925-0015;N612JB;N612JB;B6979;9313.00;LTR;518936.64;528249.64;9313.00;0.7899;KGL;MEA;26.60;GR;7356.34;COA-FLL-20260925-3;2026-09-25T12:29:47Z;SHL-DN-485175;Verified;fuel.ops@airline.com;2026-09-25T14:44:47Z;HD-FLL-02;MTR-HD-FLL-02;ELECTRONIC;2026-09-25T12:44:47Z;SEED_B6_ADSB;2026-09-25T12:44:47Z;SEED_B6_ADSB;721d725a-0cff-5800-b25c-2ba46e00f562;1.2386;11535.08;USD
7476670d-9d7d-5bb4-a13c-7f80e9352416;c0c8aa83-8043-5470-8f3c-454c7639552d;MATCHED;E;df8b8e13-6818-5370-92b1-d3ba825ad8df;SHL-BOS-696902;;FT-BOS-20260925-0031;N603JB;N603JB;B62283;4997.00;LTR;559800.99;564797.99;4997.00;0.8082;KGL;MEA;16.40;GR;4038.58;COA-BOS-20260925-3;2026-09-25T12:35:08Z;SHL-DN-696902;Verified;fuel.ops@airline.com;2026-09-25T14:44:08Z;HD-BOS-17;MTR-HD-BOS-17;ELECTRONIC;2026-09-25T12:44:08Z;SEED_B6_ADSB;2026-09-25T12:44:08Z;SEED_B6_ADSB;6d1b4d95-901d-5cf4-8023-039b74ecbccb;1.3166;6579.05;USD
80510d89-60b9-51d3-a44e-805fab5aba04;d5991f04-b924-5b83-bca0-3e22c7d69ee2;MATCHED;E;9142ef1e-dab2-5371-a796-599ba2e122ed;SHL-MCO-595738;;FT-MCO-20260925-0006;N524JB;N524JB;B62547;897.00;LTR;466301.69;467198.69;897.00;0.7932;KGL;MEA;22.80;GR;711.5;COA-MCO-20260925-1;2026-09-25T12:43:26Z;SHL-DN-595738;Verified;fuel.ops@airline.com;2026-09-25T14:47:26Z;HD-MCO-09;MTR-HD-MCO-09;ELECTRONIC;2026-09-25T12:47:26Z;SEED_B6_ADSB;2026-09-25T12:47:26Z;SEED_B6_ADSB;c293103f-88fe-5b44-ab0e-40b423a6c310;1.2537;1124.57;USD
6a37738a-f349-5e1c-8b2e-32de4b8c5fb1;853d374a-6b1d-5c95-8993-2c865403a445;MATCHED;E;340b87cc-9496-5486-b2f5-a128b944e920;WFS-LAX-154046;;FT-LAX-20260925-0004;N929JB;N929JB;B6288;17736.00;LTR;226138.34;243874.34;17736.00;0.7931;KGL;MEA;22.30;GR;14066.42;COA-LAX-20260925-1;2026-09-25T12:27:43Z;WFS-DN-154046;Verified;fuel.ops@airline.com;2026-09-25T14:50:43Z;HD-LAX-12;MTR-HD-LAX-12;ELECTRONIC;2026-09-25T12:50:43Z;SEED_B6_ADSB;2026-09-25T12:50:43Z;SEED_B6_ADSB;a0278c14-e0b2-5561-a25f-1080c58af775;1.3029;23108.23;USD
5301515b-ac15-5e96-9077-99e7affe17a2;f6a5d95e-7889-568d-a2fb-308d8c866a11;MATCHED;E;210e26dc-3a7d-571c-89b9-bf60c2a64777;SHL-MCO-595741;;FT-MCO-20260925-0007;N580JB;N580JB;B61042;6852.00;LTR;310534.38;317386.38;6852.00;0.7952;KGL;MEA;20.30;GR;5448.71;COA-MCO-20260925-1;2026-09-25T12:44:15Z;SHL-DN-595741;Verified;fuel.ops@airline.com;2026-09-25T14:55:15Z;HD-MCO-13;MTR-HD-MCO-13;ELECTRONIC;2026-09-25T12:55:15Z;SEED_B6_ADSB;2026-09-25T12:55:15Z;SEED_B6_ADSB;bc4e20df-a994-513a-8826-121c5e58d7f8;1.2537;8590.35;USD
ac6acad1-1648-513a-828a-b1cc500334d7;d6f72ba0-54fd-5696-adf7-c94bc4d27531;MATCHED;E;5674e7db-d28e-56b9-9642-736f94ff83be;BPA-PHL-493069;;FT-PHL-20260925-0002;N598JB;N598JB;B6375;6808.00;LTR;719758.69;726566.69;6808.00;0.8021;KGL;MEA;19.80;GR;5460.7;COA-PHL-20260925-2;2026-09-25T12:44:12Z;BPA-DN-493069;Verified;fuel.ops@airline.com;2026-09-25T14:55:12Z;HD-PHL-23;MTR-HD-PHL-23;ELECTRONIC;2026-09-25T12:55:12Z;SEED_B6_ADSB;2026-09-25T12:55:12Z;SEED_B6_ADSB;c0d728ae-e130-594e-95c6-811b43cf4ecd;1.3276;9038.3;USD
a306a5f6-2b18-54af-b56c-20b4c0667859;bb7389aa-f226-5da0-8caf-e989ffb2a8c3;MATCHED;E;e0e4af6b-28c5-535f-bb95-3d1f37e68ffc;CGA-LAX-552075;;FT-LAX-20260925-0005;N993JE;N993JE;B6124;19715.00;LTR;128404.71;148119.71;19715.00;0.7929;KGL;MEA;22.60;GR;15632.02;COA-LAX-20260925-1;2026-09-25T12:41:14Z;CGA-DN-552075;Verified;fuel.ops@airline.com;2026-09-25T15:07:14Z;HD-LAX-01;MTR-HD-LAX-01;ELECTRONIC;2026-09-25T13:07:14Z;SEED_B6_ADSB;2026-09-25T13:07:14Z;SEED_B6_ADSB;a93c60e5-4d94-5349-a0c3-b8dc107a6ade;1.3080;25787.22;USD
5b0286fc-bbd9-59f5-a8bd-ffd79e7a266d;d7b46daa-96ba-5e72-8c7a-554cdf09fab6;MATCHED;E;7ba96054-6bf4-5ad0-a785-409ac9e79195;SHL-JFK-512699;;FT-JFK-20260925-0023;N3310J;N3310J;B61018;1061.00;LTR;531558.61;532619.61;1061.00;0.8004;KGL;MEA;19.60;GR;849.22;COA-JFK-20260925-1;2026-09-25T12:46:30Z;SHL-DN-512699;Verified;fuel.ops@airline.com;2026-09-25T14:51:30Z;HD-JFK-03;MTR-HD-JFK-03;ELECTRONIC;2026-09-25T12:51:30Z;SEED_B6_ADSB;2026-09-25T12:51:30Z;SEED_B6_ADSB;6b5827c1-06a5-5c3f-891b-7a97cfd210a5;1.3158;1396.06;USD
5eb5e4c1-97c5-5184-910c-ffa8694a475d;a3696b39-33f1-55ae-b1c4-ab093f3493af;MATCHED;E;472150e1-b0fc-51ff-bfed-ab3b1ef75e01;SHL-FLL-485176;;FT-FLL-20260925-0016;N958JB;N958JB;B69004;6105.00;LTR;697327.97;703432.97;6105.00;0.7926;KGL;MEA;23.20;GR;4838.82;COA-FLL-20260925-3;2026-09-25T12:51:39Z;SHL-DN-485176;Verified;fuel.ops@airline.com;2026-09-25T15:01:39Z;HD-FLL-15;MTR-HD-FLL-15;ELECTRONIC;2026-09-25T13:01:39Z;SEED_B6_ADSB;2026-09-25T13:01:39Z;SEED_B6_ADSB;9a052257-0b5f-5112-8c82-d948ba253d86;1.2386;7561.65;USD
b5fc0267-d2cd-5cdd-b4d5-c363091e0043;d11c2b62-aff5-523f-904f-a8edb900392d;MATCHED;M;a83cb7e2-468d-571b-9dbb-0deb155baaa6;WFS-SYR-619685;;FT-SYR-20260925-0002;N3271J;N3271J;B6374;3101.00;LTR;657260.03;660361.03;3101.00;0.7956;KGL;MEA;18.90;GR;2467.16;COA-SYR-20260925-3;2026-09-25T12:51:13Z;WFS-DN-619685;Verified;fuel.ops@airline.com;2026-09-25T15:00:13Z;RF-SYR-17;MTR-RF-SYR-17;MANUAL;2026-09-25T13:00:13Z;SEED_B6_ADSB;2026-09-25T13:00:13Z;SEED_B6_ADSB;19ff9a2d-9552-5b32-b103-dc8bb1c31de5;1.3631;4226.97;USD
01a231d0-bca1-59e2-87ea-b635703dd766;557c3458-4e5d-58d9-a560-6f023509987c;MATCHED;E;aeb85129-5ddd-51fd-80d9-c7422126e2e9;WFS-JFK-403911;;FT-JFK-20260925-0024;N944JT;N944JT;B6223;19291.00;LTR;631117.15;650408.15;19291.00;0.8020;KGL;MEA;17.70;GR;15471.38;COA-JFK-20260925-1;2026-09-25T12:51:53Z;WFS-DN-403911;Verified;fuel.ops@airline.com;2026-09-25T15:16:53Z;HD-JFK-09;MTR-HD-JFK-09;ELECTRONIC;2026-09-25T13:16:53Z;SEED_B6_ADSB;2026-09-25T13:16:53Z;SEED_B6_ADSB;5d523789-ad4e-5437-807c-7327fbda881d;1.3071;25215.27;USD
1e541f99-f748-5234-b564-fcc652424248;f62bc932-bfb3-512c-a578-80ab5979d217;MATCHED;E;dd655096-6d63-52f4-8137-c655ec71f95b;BPA-MCO-339254;;FT-MCO-20260925-0008;N973JT;N973JT;B6384;8927.00;LTR;113456.56;122383.56;8927.00;0.7929;KGL;MEA;23.20;GR;7078.22;COA-MCO-20260925-1;2026-09-25T12:53:37Z;BPA-DN-339254;Verified;fuel.ops@airline.com;2026-09-25T15:07:37Z;HD-MCO-18;MTR-HD-MCO-18;ELECTRONIC;2026-09-25T13:07:37Z;SEED_B6_ADSB;2026-09-25T13:07:37Z;SEED_B6_ADSB;f94a40e3-1090-5949-b926-34fd2f3cc6f1;1.2482;11142.68;USD
a1ffce58-14a9-5ee3-a1a0-101e40f09f2d;5a929d33-5c61-59d5-82c7-583ab231c9d8;MATCHED;E;ad0b7a4d-d218-5046-940d-8ddbbce0bca2;WFS-JFK-403912;;FT-JFK-20260925-0025;N997JL;N997JL;B6503;15547.00;LTR;215996.35;231543.35;15547.00;0.8008;KGL;MEA;19.10;GR;12450.04;COA-JFK-20260925-1;2026-09-25T12:51:01Z;WFS-DN-403912;Verified;fuel.ops@airline.com;2026-09-25T15:12:01Z;HD-JFK-07;MTR-HD-JFK-07;ELECTRONIC;2026-09-25T13:12:01Z;SEED_B6_ADSB;2026-09-25T13:12:01Z;SEED_B6_ADSB;b15908ab-5392-592f-b849-c0da6f1fa66c;1.3071;20321.48;USD
0f13661c-3e08-59f1-b104-23604d4d95cd;25a6ad03-a7ea-59c8-a346-04569c6ff1e5;MATCHED;E;a0f3bb8b-318c-56a6-9770-8d45b6285904;SHL-FLL-485177;;FT-FLL-20260925-0017;N937JB;N937JB;B62801;18026.00;LTR;309876.72;327902.72;18026.00;0.7913;KGL;MEA;24.80;GR;14263.97;COA-FLL-20260925-3;2026-09-25T13:01:17Z;SHL-DN-485177;Verified;fuel.ops@airline.com;2026-09-25T15:25:17Z;HD-FLL-07;MTR-HD-FLL-07;ELECTRONIC;2026-09-25T13:25:17Z;SEED_B6_ADSB;2026-09-25T13:25:17Z;SEED_B6_ADSB;f8c826fc-b1d8-5142-9b78-fbfdef7331bf;1.2386;22327;USD
be43700a-bfe9-5771-b987-a1a751b3f97d;30fd58ac-c39b-5411-abb8-9813af116d88;MATCHED;E;ddbe9fd1-ee08-5de6-b2fc-adec4eb5ac69;WFS-BOS-478999;;FT-BOS-20260925-0032;N3058J;N3058J;B62355;3315.00;LTR;359019.10;362334.10;3315.00;0.8073;KGL;MEA;17.50;GR;2676.2;COA-BOS-20260925-3;2026-09-25T12:57:40Z;WFS-DN-478999;Verified;fuel.ops@airline.com;2026-09-25T15:04:40Z;HD-BOS-02;MTR-HD-BOS-02;ELECTRONIC;2026-09-25T13:04:40Z;SEED_B6_ADSB;2026-09-25T13:04:40Z;SEED_B6_ADSB;412807be-0799-5daa-8990-4c13c28416b1;1.3199;4375.47;USD
3843cd70-0828-569d-8252-69519f5416be;8f85de0f-3702-547e-92cd-127023de2d0e;MATCHED;E;54e3bee4-a3ad-52ce-ae70-955a98119259;WFS-FLL-457532;;FT-FLL-20260925-0018;N709JB;N709JB;B62371;8752.00;LTR;363265.51;372017.51;8752.00;0.7936;KGL;MEA;22.00;GR;6945.59;COA-FLL-20260925-3;2026-09-25T13:07:29Z;WFS-DN-457532;Verified;fuel.ops@airline.com;2026-09-25T15:20:29Z;HD-FLL-11;MTR-HD-FLL-11;ELECTRONIC;2026-09-25T13:20:29Z;SEED_B6_ADSB;2026-09-25T13:20:29Z;SEED_B6_ADSB;76e0f024-4b88-5ad9-b60d-223f3926848b;1.2423;10872.61;USD
85d0efc6-1b3c-58af-b647-43f46ef33a0f;3284abd7-e7a1-5b4e-84f3-c4a985a96bc1;MATCHED;E;dea593d0-290d-5355-9466-273678009f4f;WFS-BOS-479001;;FT-BOS-20260925-0033;N3251J;N3251J;B61017;2056.00;LTR;334682.58;336738.58;2056.00;0.8098;KGL;MEA;14.40;GR;1664.95;COA-BOS-20260925-3;2026-09-25T12:48:38Z;WFS-DN-479001;Verified;fuel.ops@airline.com;2026-09-25T14:54:38Z;HD-BOS-16;MTR-HD-BOS-16;ELECTRONIC;2026-09-25T12:54:38Z;SEED_B6_ADSB;2026-09-25T12:54:38Z;SEED_B6_ADSB;1542a5dc-aa38-569f-9da3-426d0994c5d6;1.3199;2713.71;USD
86265404-d877-5b84-972a-4f69854d3a75;7f04a98f-20cc-518c-9e42-c2cab31be78a;MATCHED;E;c2c9f84e-d9f7-5910-9347-1d62052c6752;WFS-FLL-457533;;FT-FLL-20260925-0019;N597JB;N597JB;B6872;8418.00;LTR;136093.97;144511.97;8418.00;0.7929;KGL;MEA;22.80;GR;6674.63;COA-FLL-20260925-3;2026-09-25T13:07:26Z;WFS-DN-457533;Verified;fuel.ops@airline.com;2026-09-25T15:20:26Z;HD-FLL-19;MTR-HD-FLL-19;ELECTRONIC;2026-09-25T13:20:26Z;SEED_B6_ADSB;2026-09-25T13:20:26Z;SEED_B6_ADSB;b9169a39-edd6-5e56-9ca8-ed5769b23f67;1.2423;10457.68;USD
6ad88653-4289-52a0-aab3-337d86d34158;8eaf7bfa-5dd0-506c-8744-2c521fabd71e;MATCHED;E;0230861d-c8e9-512c-aec0-c6102d2771dc;SHL-JFK-512702;;FT-JFK-20260925-0026;N969JT;N969JT;B6215;20571.00;LTR;507297.30;527868.30;20571.00;0.8028;KGL;MEA;16.60;GR;16514.4;COA-JFK-20260925-1;2026-09-25T13:02:03Z;SHL-DN-512702;Verified;fuel.ops@airline.com;2026-09-25T15:28:03Z;HD-JFK-08;MTR-HD-JFK-08;ELECTRONIC;2026-09-25T13:28:03Z;SEED_B6_ADSB;2026-09-25T13:28:03Z;SEED_B6_ADSB;3ff7653d-d43f-5a7b-9ab3-486318d814eb;1.3158;27067.32;USD
1782a3e7-7824-5047-b9a3-6cd97db101ce;fd5c782e-8fc5-547c-9f2c-034305126a38;MATCHED;E;bde4e004-4ff3-5f42-b467-330cf32d11b4;BPA-MCO-339256;;FT-MCO-20260925-0009;N977JE;N977JE;B62821;17833.00;LTR;324650.99;342483.99;17833.00;0.7947;KGL;MEA;20.90;GR;14171.89;COA-MCO-20260925-1;2026-09-25T13:16:04Z;BPA-DN-339256;Verified;fuel.ops@airline.com;2026-09-25T15:39:04Z;HD-MCO-20;MTR-HD-MCO-20;ELECTRONIC;2026-09-25T13:39:04Z;SEED_B6_ADSB;2026-09-25T13:39:04Z;SEED_B6_ADSB;63ff214e-9e9a-539b-a9a7-27d16c52d031;1.2482;22259.15;USD
af2597c3-e6bb-5633-b231-9f90f8ddf5cc;c1176ab4-7d84-5e3f-8601-e3e9a896f5f2;MATCHED;E;b0683938-3eb8-5674-b5bf-a6f3cbc10187;WFS-BOS-479002;;FT-BOS-20260925-0034;N706JB;N706JB;B62909;6946.00;LTR;226061.70;233007.70;6946.00;0.8054;KGL;MEA;19.90;GR;5594.31;COA-BOS-20260925-3;2026-09-25T13:03:01Z;WFS-DN-479002;Verified;fuel.ops@airline.com;2026-09-25T15:14:01Z;HD-BOS-13;MTR-HD-BOS-13;ELECTRONIC;2026-09-25T13:14:01Z;SEED_B6_ADSB;2026-09-25T13:14:01Z;SEED_B6_ADSB;9f291bf7-3ab5-5f15-a1a4-f995009cd467;1.3199;9168.03;USD
9be857af-f24e-5400-bba0-96e837731781;9b149a55-9653-5444-8391-869f3fb1fa7f;MATCHED;M;27affdd4-2a00-5d5f-806a-ef547e32609e;WFS-HPN-788042;;FT-HPN-20260925-0007;N806JB;N806JB;B6813;8637.00;LTR;130201.12;138838.12;8637.00;0.8000;KGL;MEA;16.00;GR;6909.6;COA-HPN-20260925-2;2026-09-25T13:08:06Z;WFS-DN-788042;Verified;fuel.ops@airline.com;2026-09-25T15:26:06Z;RF-HPN-04;MTR-RF-HPN-04;MANUAL;2026-09-25T13:26:06Z;SEED_B6_ADSB;2026-09-25T13:26:06Z;SEED_B6_ADSB;ebebeedf-5e26-574d-99ae-7b345dcf9c67;1.3639;11780;USD
96c3c738-4c78-565e-bfe5-0432104323ce;a2c54ec6-9f44-5f8f-9d98-24b831b9ebf3;MATCHED;E;b9419626-44dc-5262-b09b-a3bc002683a8;WFS-JFK-403914;;FT-JFK-20260925-0027;N970JB;N970JB;B6183;6191.00;LTR;168491.28;174682.28;6191.00;0.8016;KGL;MEA;18.10;GR;4962.71;COA-JFK-20260925-1;2026-09-25T13:12:12Z;WFS-DN-403914;Verified;fuel.ops@airline.com;2026-09-25T15:22:12Z;HD-JFK-05;MTR-HD-JFK-05;ELECTRONIC;2026-09-25T13:22:12Z;SEED_B6_ADSB;2026-09-25T13:22:12Z;SEED_B6_ADSB;d499a20d-1ed6-55d0-8864-a133f467b564;1.3071;8092.26;USD
1948bcf9-ed33-5440-966e-d3bae2b20234;630a44c1-b227-54eb-81fe-7fc3733c7cd5;MATCHED;E;19782073-67cb-5c8e-92e6-7934174f5950;CGA-LAS-427506;;FT-LAS-20260925-0002;N988JT;N988JT;B6658;14514.00;LTR;462992.47;477506.47;14514.00;0.7929;KGL;MEA;22.00;GR;11508.15;COA-LAS-20260925-2;2026-09-25T13:07:58Z;CGA-DN-427506;Verified;fuel.ops@airline.com;2026-09-25T15:27:58Z;HD-LAS-13;MTR-HD-LAS-13;ELECTRONIC;2026-09-25T13:27:58Z;SEED_B6_ADSB;2026-09-25T13:27:58Z;SEED_B6_ADSB;8515d524-0be4-5451-ae45-4533d5ce41e3;1.3082;18987.21;USD
04c19a23-ef96-59de-acdb-c23508b4d5c2;ddd0aa96-1536-51eb-b0bc-8f8980d070cf;MATCHED;E;ef7c63bd-451d-581b-a24f-da68eb8ebebd;SHL-FLL-485180;;FT-FLL-20260925-0020;N995JL;N995JL;B6270;9647.00;LTR;363265.51;372912.51;9647.00;0.7909;KGL;MEA;25.40;GR;7629.81;COA-FLL-20260925-3;2026-09-25T13:13:03Z;SHL-DN-485180;Verified;fuel.ops@airline.com;2026-09-25T15:28:03Z;HD-FLL-11;MTR-HD-FLL-11;ELECTRONIC;2026-09-25T13:28:03Z;SEED_B6_ADSB;2026-09-25T13:28:03Z;SEED_B6_ADSB;234330b9-4ef8-55d1-824c-a51e23ec6a9d;1.2386;11948.77;USD
f743fef2-e57a-53a2-8b85-877ab42aef6e;443a4f45-26bf-58c3-a421-61a3ef398206;MATCHED;E;03c9c830-fe3a-5e89-8770-6e8cd0bbc8ef;BPA-MCO-339257;;FT-MCO-20260925-0010;N656JB;N656JB;B62028;5824.00;LTR;191335.65;197159.65;5824.00;0.7933;KGL;MEA;22.70;GR;4620.18;COA-MCO-20260925-1;2026-09-25T13:26:32Z;BPA-DN-339257;Verified;fuel.ops@airline.com;2026-09-25T15:36:32Z;HD-MCO-12;MTR-HD-MCO-12;ELECTRONIC;2026-09-25T13:36:32Z;SEED_B6_ADSB;2026-09-25T13:36:32Z;SEED_B6_ADSB;7a9ce907-68ab-51e2-b295-bc81be9679f1;1.2482;7269.52;USD
1db6223f-1474-5af7-afdf-cef69e11cc17;dea962c3-4f28-5ce2-b8de-8f44584de70f;MATCHED;E;530daf7d-ffbe-5d9f-b26d-83ee93e9e23e;SHL-BOS-696903;;FT-BOS-20260925-0035;N3229J;N3229J;B61439;9963.00;LTR;547827.42;557790.42;9963.00;0.8055;KGL;MEA;19.80;GR;8025.2;COA-BOS-20260925-3;2026-09-25T13:17:50Z;SHL-DN-696903;Verified;fuel.ops@airline.com;2026-09-25T15:32:50Z;HD-BOS-07;MTR-HD-BOS-07;ELECTRONIC;2026-09-25T13:32:50Z;SEED_B6_ADSB;2026-09-25T13:32:50Z;SEED_B6_ADSB;e8deb2a9-d635-520b-a237-18f7d87df143;1.3166;13117.29;USD
c1866789-602b-5534-8652-34c0aac785d0;4d788eb4-849f-5ea6-94ee-d0cc82ac45a4;MATCHED;E;7c1ca13f-9275-5acd-9568-e60d1d32488d;SHL-MCO-595742;;FT-MCO-20260925-0011;N996JL;N996JL;B6552;8572.00;LTR;509450.78;518022.78;8572.00;0.7935;KGL;MEA;22.40;GR;6801.88;COA-MCO-20260925-1;2026-09-25T13:20:17Z;SHL-DN-595742;Verified;fuel.ops@airline.com;2026-09-25T15:33:17Z;HD-MCO-17;MTR-HD-MCO-17;ELECTRONIC;2026-09-25T13:33:17Z;SEED_B6_ADSB;2026-09-25T13:33:17Z;SEED_B6_ADSB;8cea1d26-1f34-5f7f-b78b-1e32824a1283;1.2537;10746.72;USD
cfd19047-4ef2-5c1a-b9b1-c5e67d72385f;4214a6b6-666c-5515-aa3c-188097a77a17;MATCHED;M;8615e238-ca5b-50fd-9b59-25b4474928ed;WFS-BDL-333672;;FT-BDL-20260925-0004;N804JB;N804JB;B6737;6590.00;LTR;215789.10;222379.10;6590.00;0.7992;KGL;MEA;18.60;GR;5266.73;COA-BDL-20260925-3;2026-09-25T13:27:36Z;WFS-DN-333672;Verified;fuel.ops@airline.com;2026-09-25T15:42:36Z;RF-BDL-20;MTR-RF-BDL-20;MANUAL;2026-09-25T13:42:36Z;SEED_B6_ADSB;2026-09-25T13:42:36Z;SEED_B6_ADSB;3c1b763a-5003-5d98-aa1f-47b7140020e5;1.3516;8907.04;USD
e49cc0fa-5cbd-521c-a98b-242856ac9931;be7b7d3f-626f-5203-b906-3b28cb5b6092;MATCHED;M;25b7a10d-b321-583f-ba8a-91c91db016bc;WFS-BNA-688052;;FT-BNA-20260925-0003;N3221J;N3221J;B61806;5050.00;LTR;258914.50;263964.50;5050.00;0.7945;KGL;MEA;21.50;GR;4012.22;COA-BNA-20260925-1;2026-09-25T13:31:30Z;WFS-DN-688052;Verified;fuel.ops@airline.com;2026-09-25T15:43:30Z;RF-BNA-02;MTR-RF-BNA-02;MANUAL;2026-09-25T13:43:30Z;SEED_B6_ADSB;2026-09-25T13:43:30Z;SEED_B6_ADSB;8cc81f0a-1b45-56e0-9737-3c914c2529d3;1.2785;6456.43;USD
0bb8cd16-42f0-5f12-b578-7f99279b8fc5;8ea9afd5-fa53-5282-b2c7-92b1859916df;MATCHED;E;3be43fb8-c7a2-5177-8d61-a9e95d3bbb8a;SHL-FLL-485182;;FT-FLL-20260925-0021;N570JB;N570JB;B69010;6027.00;LTR;497855.17;503882.17;6027.00;0.7929;KGL;MEA;22.80;GR;4778.81;COA-FLL-20260925-3;2026-09-25T13:28:01Z;SHL-DN-485182;Verified;fuel.ops@airline.com;2026-09-25T15:38:01Z;HD-FLL-10;MTR-HD-FLL-10;ELECTRONIC;2026-09-25T13:38:01Z;SEED_B6_ADSB;2026-09-25T13:38:01Z;SEED_B6_ADSB;611f42bf-e129-5b85-a14e-0bf3718d3d78;1.2386;7465.04;USD
f44fdf27-7de4-5e5e-b01f-df2067024de1;30575b50-e860-5114-af41-a0ed94d00122;MATCHED;E;137e8fad-14da-5d79-9f96-ac9ef10ba572;WFS-EWR-719347;;FT-EWR-20260925-0005;N662JB;N662JB;B61889;11880.00;LTR;522761.87;534641.87;11880.00;0.8044;KGL;MEA;16.20;GR;9556.27;COA-EWR-20260925-2;2026-09-25T13:18:02Z;WFS-DN-719347;Verified;fuel.ops@airline.com;2026-09-25T15:35:02Z;HD-EWR-07;MTR-HD-EWR-07;ELECTRONIC;2026-09-25T13:35:02Z;SEED_B6_ADSB;2026-09-25T13:35:02Z;SEED_B6_ADSB;50791e56-edc4-5ad8-abdb-48b8cc2f027c;1.3103;15566.36;USD
a9c6f178-b902-5f03-a257-a21bf01dbe37;b40a4187-3863-5c09-abee-aeca38309b7a;MATCHED;E;c85c6932-dbdd-51cf-880d-24b3e9e5ab03;BPA-MCO-339259;;FT-MCO-20260925-0012;N547JB;N547JB;B6588;8329.00;LTR;656932.51;665261.51;8329.00;0.7950;KGL;MEA;20.50;GR;6621.56;COA-MCO-20260925-1;2026-09-25T13:24:11Z;BPA-DN-339259;Verified;fuel.ops@airline.com;2026-09-25T15:37:11Z;HD-MCO-05;MTR-HD-MCO-05;ELECTRONIC;2026-09-25T13:37:11Z;SEED_B6_ADSB;2026-09-25T13:37:11Z;SEED_B6_ADSB;64ed624d-65f6-56d8-beb2-963e75639e55;1.2482;10396.26;USD
30f1ff65-89b0-58b9-8984-64daa504ec88;3953597c-4497-59e9-bad7-924509ff72f3;MATCHED;E;2ca26649-7d8c-5126-821c-6785872631ae;SHL-JFK-512703;;FT-JFK-20260925-0028;N638JB;N638JB;B6135;15498.00;LTR;661251.88;676749.88;15498.00;0.8031;KGL;MEA;16.30;GR;12446.44;COA-JFK-20260925-1;2026-09-25T13:29:25Z;SHL-DN-512703;Verified;fuel.ops@airline.com;2026-09-25T15:50:25Z;HD-JFK-06;MTR-HD-JFK-06;ELECTRONIC;2026-09-25T13:50:25Z;SEED_B6_ADSB;2026-09-25T13:50:25Z;SEED_B6_ADSB;e29a163e-e259-548d-aa2c-453ee9589df7;1.3158;20392.27;USD
1fa2dd27-b9d9-58c8-82f4-0a52845bb7b4;8e626e13-008c-54bf-92b8-b63ea882deea;MATCHED;E;41717228-ec89-534f-90e0-eff62a1417d3;WFS-ATL-755192;;FT-ATL-20260925-0003;N3241J;N3241J;B61520;4707.00;LTR;437528.39;442235.39;4707.00;0.7969;KGL;MEA;19.50;GR;3751.01;COA-ATL-20260925-2;2026-09-25T13:27:03Z;WFS-DN-755192;Verified;fuel.ops@airline.com;2026-09-25T15:36:03Z;HD-ATL-15;MTR-HD-ATL-15;ELECTRONIC;2026-09-25T13:36:03Z;SEED_B6_ADSB;2026-09-25T13:36:03Z;SEED_B6_ADSB;ea22d655-e25c-5a0f-be9a-9a0a62b742fa;1.2179;5732.66;USD
9ace5186-12ff-581b-930e-a4aee8cf8b16;9aff90ac-7572-5286-941a-4a84c3e83ee1;MATCHED;E;ca0177f7-0afc-5103-a030-a12d723e9461;WFS-JFK-403916;;FT-JFK-20260925-0029;N948JB;N948JB;B69013;5272.00;LTR;833149.42;838421.42;5272.00;0.7996;KGL;MEA;20.60;GR;4215.49;COA-JFK-20260925-1;2026-09-25T13:18:35Z;WFS-DN-403916;Verified;fuel.ops@airline.com;2026-09-25T15:27:35Z;HD-JFK-19;MTR-HD-JFK-19;ELECTRONIC;2026-09-25T13:27:35Z;SEED_B6_ADSB;2026-09-25T13:27:35Z;SEED_B6_ADSB;685dd7ab-7d63-5cf6-b530-50666332411f;1.3071;6891.03;USD
aabce8d1-dc39-58d6-a466-dd3e9a3db638;c6bf8c03-c5f2-57f3-af56-f283f0a9ab6a;MATCHED;E;6d7a3ab3-f2a1-5ed1-be04-b34314c20bc1;WFS-LGA-756531;;FT-LGA-20260925-0005;N599JB;N599JB;B6499;6476.00;LTR;386644.18;393120.18;6476.00;0.8014;KGL;MEA;14.90;GR;5189.87;COA-LGA-20260925-1;2026-09-25T13:36:41Z;WFS-DN-756531;Verified;fuel.ops@airline.com;2026-09-25T15:48:41Z;HD-LGA-05;MTR-HD-LGA-05;ELECTRONIC;2026-09-25T13:48:41Z;SEED_B6_ADSB;2026-09-25T13:48:41Z;SEED_B6_ADSB;a093cf60-fd04-5e2d-8b24-c192fc0afd61;1.3124;8499.1;USD
121a1244-8db5-5678-95be-c20756cdd40d;81371da0-3031-58dc-b766-b8fba10a63b8;MATCHED;E;12dcdb48-c681-51d7-966c-6db4750afd71;PMA-SJU-755473;;FT-SJU-20260925-0005;N2044J;N2044J;B6904;8789.00;LTR;414999.28;423788.28;8789.00;0.8009;KGL;MEA;27.40;GR;7039.11;COA-SJU-20260925-3;2026-09-25T13:31:47Z;PMA-DN-755473;Verified;fuel.ops@airline.com;2026-09-25T15:44:47Z;HD-SJU-01;MTR-HD-SJU-01;ELECTRONIC;2026-09-25T13:44:47Z;SEED_B6_ADSB;2026-09-25T13:44:47Z;SEED_B6_ADSB;380fb1ec-72ce-5306-b7f8-9e36c9be1dc7;1.3038;11459.1;USD
6bae439c-c87c-58b0-acaf-1b69727e8f3f;09c6a08f-bb73-59a0-b074-2e72b728c968;MATCHED;E;4d4a4289-cf19-57d6-a101-28d515696787;WFS-JFK-403918;;FT-JFK-20260925-0030;N561JB;N561JB;B6511;17522.00;LTR;550020.91;567542.91;17522.00;0.8034;KGL;MEA;15.90;GR;14077.17;COA-JFK-20260925-1;2026-09-25T13:25:32Z;WFS-DN-403918;Verified;fuel.ops@airline.com;2026-09-25T15:48:32Z;HD-JFK-22;MTR-HD-JFK-22;ELECTRONIC;2026-09-25T13:48:32Z;SEED_B6_ADSB;2026-09-25T13:48:32Z;SEED_B6_ADSB;c566e9c4-a9ff-5a86-870a-7761a4df4783;1.3071;22903.01;USD
ce141d9f-f2b2-5c2c-830b-735d79dd20d9;bc1fce1b-737e-5a98-abcb-8292b6258906;MATCHED;E;c8ce8041-0d98-57b6-970c-88483771624b;WFS-FLL-457534;;FT-FLL-20260925-0022;N794JB;N794JB;B62276;7601.00;LTR;290584.39;298185.39;7601.00;0.7913;KGL;MEA;24.90;GR;6014.67;COA-FLL-20260925-3;2026-09-25T13:33:40Z;WFS-DN-457534;Verified;fuel.ops@airline.com;2026-09-25T15:45:40Z;HD-FLL-04;MTR-HD-FLL-04;ELECTRONIC;2026-09-25T13:45:40Z;SEED_B6_ADSB;2026-09-25T13:45:40Z;SEED_B6_ADSB;20ca7a2b-895e-57e7-b82d-91861f6bd7c7;1.2423;9442.72;USD
a4125e36-9964-5432-8015-c2ce9c444c9a;16ec1c92-fef7-536c-940e-c753e5ad0051;MATCHED;E;8515d16b-0f74-5bf8-9d89-0a250a846528;WFS-FLL-457536;;FT-FLL-20260925-0023;N805JB;N805JB;B61375;3764.00;LTR;497855.17;501619.17;3764.00;0.7918;KGL;MEA;24.20;GR;2980.34;COA-FLL-20260925-3;2026-09-25T13:34:03Z;WFS-DN-457536;Verified;fuel.ops@airline.com;2026-09-25T15:42:03Z;HD-FLL-10;MTR-HD-FLL-10;ELECTRONIC;2026-09-25T13:42:03Z;SEED_B6_ADSB;2026-09-25T13:42:03Z;SEED_B6_ADSB;cb7461a9-7e34-50c8-bf13-2fb13bac6597;1.2423;4676.02;USD
c2f20ca8-a895-5f92-b046-176daa8fc8b2;acb61387-29ed-5412-be63-99d4acdd6220;MATCHED;E;e598a8cc-7a0c-5415-89ec-a993b28cedf0;SHL-JFK-512706;;FT-JFK-20260925-0031;N3276J;N3276J;B6341;5339.00;LTR;670995.33;676334.33;5339.00;0.8034;KGL;MEA;15.90;GR;4289.35;COA-JFK-20260925-1;2026-09-25T13:45:06Z;SHL-DN-512706;Verified;fuel.ops@airline.com;2026-09-25T15:54:06Z;HD-JFK-23;MTR-HD-JFK-23;ELECTRONIC;2026-09-25T13:54:06Z;SEED_B6_ADSB;2026-09-25T13:54:06Z;SEED_B6_ADSB;de851887-cdec-5c58-89b0-9750f403b1c5;1.3158;7025.06;USD
a955560f-aa87-5d56-9a55-d33ec2c1e397;b647b006-8bb7-5677-b96f-17cce92bb30f;MATCHED;E;8b0086f7-de72-540c-b349-3b02cf8e53c7;SHL-BOS-696905;;FT-BOS-20260925-0036;N2157J;N2157J;B6833;16030.00;LTR;711261.01;727291.01;16030.00;0.8055;KGL;MEA;19.80;GR;12912.16;COA-BOS-20260925-3;2026-09-25T13:37:28Z;SHL-DN-696905;Verified;fuel.ops@airline.com;2026-09-25T15:58:28Z;HD-BOS-24;MTR-HD-BOS-24;ELECTRONIC;2026-09-25T13:58:28Z;SEED_B6_ADSB;2026-09-25T13:58:28Z;SEED_B6_ADSB;8111a2b5-a163-5094-8a9a-c94acdff1888;1.3166;21105.1;USD
299d3efe-2fef-5b27-9509-7cbfc30d6f16;0a7a67a7-f60e-5b37-b7ff-7007ee33144a;MATCHED;E;af33570f-7457-52c1-a7d6-8c06549ab748;WFS-BOS-479005;;FT-BOS-20260925-0037;N563JB;N563JB;B6401;11062.00;LTR;547827.42;558889.42;11062.00;0.8071;KGL;MEA;17.80;GR;8928.14;COA-BOS-20260925-3;2026-09-25T13:36:42Z;WFS-DN-479005;Verified;fuel.ops@airline.com;2026-09-25T15:52:42Z;HD-BOS-07;MTR-HD-BOS-07;ELECTRONIC;2026-09-25T13:52:42Z;SEED_B6_ADSB;2026-09-25T13:52:42Z;SEED_B6_ADSB;acdbe3d4-ea68-5a54-8f2c-5514646d4846;1.3199;14600.73;USD
d1963f14-d2af-5054-a16b-4adf85683380;9e3a263e-3dff-5af9-948f-5326e00fb94a;MATCHED;E;0d343960-f9ea-58d4-85b0-510dc8cf358e;WFS-BOS-479008;;FT-BOS-20260925-0038;N3232J;N3232J;B62352;754.00;LTR;388095.56;388849.56;754.00;0.8096;KGL;MEA;14.60;GR;610.44;COA-BOS-20260925-3;2026-09-25T13:53:18Z;WFS-DN-479008;Verified;fuel.ops@airline.com;2026-09-25T15:57:18Z;HD-BOS-08;MTR-HD-BOS-08;ELECTRONIC;2026-09-25T13:57:18Z;SEED_B6_ADSB;2026-09-25T13:57:18Z;SEED_B6_ADSB;2b6c4c2f-2d4b-5354-a3a9-5e1148bad1e1;1.3199;995.2;USD
e6e79bd6-4699-5a39-8a70-3799f0124342;b54b4ec4-8e5f-5413-9a46-ac141ab73072;MATCHED;E;3c5cd055-8d73-527a-b9c4-e4e81b223643;WFS-BOS-479011;;FT-BOS-20260925-0039;N980JT;N980JT;B61177;18219.00;LTR;672323.33;690542.33;18219.00;0.8084;KGL;MEA;16.10;GR;14728.24;COA-BOS-20260925-3;2026-09-25T13:38:03Z;WFS-DN-479011;Verified;fuel.ops@airline.com;2026-09-25T16:02:03Z;HD-BOS-18;MTR-HD-BOS-18;ELECTRONIC;2026-09-25T14:02:03Z;SEED_B6_ADSB;2026-09-25T14:02:03Z;SEED_B6_ADSB;44fbd9bd-fe55-556e-8a72-51710f365ef3;1.3199;24047.26;USD
7c84afce-be54-50c8-8057-3106a336717a;38c647f5-0703-583f-b296-638810bf1721;MATCHED;E;39ef35e2-4b20-526d-b2f1-8b04dc9ea24a;BPA-PHL-493070;;FT-PHL-20260925-0003;N3296J;N3296J;B61160;2697.00;LTR;843261.32;845958.32;2697.00;0.8033;KGL;MEA;18.20;GR;2166.5;COA-PHL-20260925-2;2026-09-25T13:51:07Z;BPA-DN-493070;Verified;fuel.ops@airline.com;2026-09-25T15:57:07Z;HD-PHL-19;MTR-HD-PHL-19;ELECTRONIC;2026-09-25T13:57:07Z;SEED_B6_ADSB;2026-09-25T13:57:07Z;SEED_B6_ADSB;c3874392-d2f9-535d-95d7-5f2b861cc4bd;1.3276;3580.54;USD
b9d212b7-390b-57e4-924f-5b6fb94e202a;e30d4e0d-6ca9-5ffe-b602-80769f3f7126;MATCHED;E;77c4e5ed-45d7-56b5-8a03-05021e94f53d;SHL-JFK-512707;;FT-JFK-20260925-0032;N3275J;N3275J;B62285;2375.00;LTR;268915.16;271290.16;2375.00;0.8006;KGL;MEA;19.40;GR;1901.42;COA-JFK-20260925-1;2026-09-25T13:51:50Z;SHL-DN-512707;Verified;fuel.ops@airline.com;2026-09-25T15:57:50Z;HD-JFK-18;MTR-HD-JFK-18;ELECTRONIC;2026-09-25T13:57:50Z;SEED_B6_ADSB;2026-09-25T13:57:50Z;SEED_B6_ADSB;3b1e0c4b-f7b7-5582-b94d-05e851a64fc1;1.3158;3125.03;USD
0c665bdf-9c59-5db7-aff3-04f17bc3a673;ad7e8388-832d-57b7-83af-17456e4ea08b;MATCHED;M;b45051e2-10d8-5336-8d6a-90ca3c0ff476;WFS-ACK-768084;;FT-ACK-20260925-0001;N3102J;N3102J;B62493;2769.00;LTR;883481.24;886250.24;2769.00;0.7949;KGL;MEA;19.60;GR;2201.08;COA-ACK-20260925-1;2026-09-25T13:44:35Z;WFS-DN-768084;Verified;fuel.ops@airline.com;2026-09-25T15:52:35Z;RF-ACK-18;MTR-RF-ACK-18;MANUAL;2026-09-25T13:52:35Z;SEED_B6_ADSB;2026-09-25T13:52:35Z;SEED_B6_ADSB;7c4a0db9-570d-505c-9458-e8ac41a26936;1.3264;3672.8;USD
7b19f392-475c-5dba-aa8c-d62e3c14ebd3;a9ee1578-d035-5102-a4d8-cda12c621493;MATCHED;E;dd1a70ca-acd6-5009-afbe-1912bd9f4871;WFS-JFK-403919;;FT-JFK-20260925-0033;N523JB;N523JB;B6279;20847.00;LTR;435980.43;456827.43;20847.00;0.8035;KGL;MEA;15.80;GR;16750.56;COA-JFK-20260925-1;2026-09-25T13:51:02Z;WFS-DN-403919;Verified;fuel.ops@airline.com;2026-09-25T16:18:02Z;HD-JFK-17;MTR-HD-JFK-17;ELECTRONIC;2026-09-25T14:18:02Z;SEED_B6_ADSB;2026-09-25T14:18:02Z;SEED_B6_ADSB;679436bd-e46a-58dc-a9dd-9b9e57541f75;1.3071;27249.11;USD
a5d0b303-711d-5452-bb63-454568a202c7;6b065516-f5a3-5a0c-b6f2-1e55434a01db;MATCHED;E;3447c5fd-6443-5d7e-adaa-8e4bad00a1a3;BPA-ORD-551300;;FT-ORD-20260925-0003;N3077J;N3077J;B6112;5142.00;LTR;243696.53;248838.53;5142.00;0.8084;KGL;MEA;15.50;GR;4156.79;COA-ORD-20260925-3;2026-09-25T13:55:19Z;BPA-DN-551300;Verified;fuel.ops@airline.com;2026-09-25T16:04:19Z;HD-ORD-18;MTR-HD-ORD-18;ELECTRONIC;2026-09-25T14:04:19Z;SEED_B6_ADSB;2026-09-25T14:04:19Z;SEED_B6_ADSB;b22ea826-66b5-57ed-81e5-e265134f70cd;1.2458;6405.9;USD
090324e1-406a-5820-b9e4-858bf43168d8;b071703c-e6c7-56f2-9342-6c7ce8128370;MATCHED;M;e9d1e181-20b8-5867-99de-59a41ce2a63e;AVF-RSW-496421;;FT-RSW-20260925-0001;N527JL;N527JL;B61552;7010.00;LTR;485608.01;492618.01;7010.00;0.7960;KGL;MEA;26.10;GR;5579.96;COA-RSW-20260925-3;2026-09-25T13:49:06Z;AVF-DN-496421;Verified;fuel.ops@airline.com;2026-09-25T16:04:06Z;RF-RSW-10;MTR-RF-RSW-10;MANUAL;2026-09-25T14:04:06Z;SEED_B6_ADSB;2026-09-25T14:04:06Z;SEED_B6_ADSB;e9f68597-eafc-51a4-aaa5-21c016ce2982;1.2831;8994.53;USD
407b04b8-6b3b-5ee1-9c2d-61d3a55eca5e;4d65a50b-bb9c-5727-985d-50dd0c4c5b00;MATCHED;M;d955f3ab-6acf-541f-8994-c633387ee717;SHL-PBI-381695;;FT-PBI-20260925-0003;N2086J;N2086J;B6854;6468.00;LTR;697699.24;704167.24;6468.00;0.8065;KGL;MEA;21.40;GR;5216.44;COA-PBI-20260925-3;2026-09-25T13:53:02Z;SHL-DN-381695;Verified;fuel.ops@airline.com;2026-09-25T16:07:02Z;RF-PBI-23;MTR-RF-PBI-23;MANUAL;2026-09-25T14:07:02Z;SEED_B6_ADSB;2026-09-25T14:07:02Z;SEED_B6_ADSB;4c40ffe1-c819-57e2-934c-6bb0751bf3ae;1.2739;8239.59;USD
0bac5d94-b4a7-5fb7-981c-16eba4c90d7b;35c732cf-cc60-58b5-8c1c-94d08a4a3b20;MATCHED;E;93c30cb6-f8f4-58a5-86a1-7ec97f1b3430;SHL-FLL-485183;;FT-FLL-20260925-0024;N3145J;N3145J;B61698;3774.00;LTR;867584.80;871358.80;3774.00;0.7939;KGL;MEA;21.60;GR;2996.18;COA-FLL-20260925-3;2026-09-25T14:03:30Z;SHL-DN-485183;Verified;fuel.ops@airline.com;2026-09-25T16:11:30Z;HD-FLL-16;MTR-HD-FLL-16;ELECTRONIC;2026-09-25T14:11:30Z;SEED_B6_ADSB;2026-09-25T14:11:30Z;SEED_B6_ADSB;fdd7e164-17f8-5a01-a3f0-90bc693c5c08;1.2386;4674.48;USD
ee38ef15-cce4-5673-b92b-7ba7a94b2403;cb59af59-47ce-5d33-ba83-652a8a5a8904;MATCHED;E;df570b33-8e59-5051-b923-73e8a12504dc;BPA-MCO-339261;;FT-MCO-20260925-0013;N708JB;N708JB;B6438;7981.00;LTR;113456.56;121437.56;7981.00;0.7944;KGL;MEA;21.30;GR;6340.11;COA-MCO-20260925-1;2026-09-25T13:52:13Z;BPA-DN-339261;Verified;fuel.ops@airline.com;2026-09-25T16:04:13Z;HD-MCO-18;MTR-HD-MCO-18;ELECTRONIC;2026-09-25T14:04:13Z;SEED_B6_ADSB;2026-09-25T14:04:13Z;SEED_B6_ADSB;744507e0-ca10-5cd1-9950-2b0865525688;1.2482;9961.88;USD
b39194b5-2f99-5887-8225-352105a9701e;be1c07d7-fc65-5cf8-a093-97a059329ca4;MATCHED;E;3546d542-09a2-50c3-b6bb-6d6d2023f05d;CGA-SFO-275643;;FT-SFO-20260925-0002;N945JT;N945JT;B6434;19162.00;LTR;755295.77;774457.77;19162.00;0.8008;KGL;MEA;22.10;GR;15344.93;COA-SFO-20260925-1;2026-09-25T13:46:01Z;CGA-DN-275643;Verified;fuel.ops@airline.com;2026-09-25T16:12:01Z;HD-SFO-01;MTR-HD-SFO-01;ELECTRONIC;2026-09-25T14:12:01Z;SEED_B6_ADSB;2026-09-25T14:12:01Z;SEED_B6_ADSB;b1b20be0-be48-5480-b198-ffa1f00aef33;1.3267;25422.23;USD
96c9f999-4f6c-5202-ad3d-ea85d99f52c8;dd2c09cf-df63-5baa-9b59-5a1c6d3e055f;MATCHED;E;92247946-bf3d-5017-9bb7-3405462042ec;SHL-BOS-696907;;FT-BOS-20260925-0040;N2038J;N2038J;B6651;6687.00;LTR;610469.84;617156.84;6687.00;0.8061;KGL;MEA;19.00;GR;5390.39;COA-BOS-20260925-3;2026-09-25T13:58:38Z;SHL-DN-696907;Verified;fuel.ops@airline.com;2026-09-25T16:09:38Z;HD-BOS-03;MTR-HD-BOS-03;ELECTRONIC;2026-09-25T14:09:38Z;SEED_B6_ADSB;2026-09-25T14:09:38Z;SEED_B6_ADSB;e1614b84-b96e-5bd1-80c7-7c11cda1a6e0;1.3166;8804.1;USD
64a1db7a-6bef-5c61-ab50-2c9ab90534ca;26adab70-e380-53cd-b523-663cfc8e429c;MATCHED;M;bfa803c2-3dcc-5eb6-ac6e-2c741348990e;SHL-PBI-381696;;FT-PBI-20260925-0004;N3289J;N3289J;B62334;5000.00;LTR;484548.67;489548.67;5000.00;0.8060;KGL;MEA;22.00;GR;4030;COA-PBI-20260925-3;2026-09-25T14:06:41Z;SHL-DN-381696;Verified;fuel.ops@airline.com;2026-09-25T16:18:41Z;RF-PBI-06;MTR-RF-PBI-06;MANUAL;2026-09-25T14:18:41Z;SEED_B6_ADSB;2026-09-25T14:18:41Z;SEED_B6_ADSB;a3ae07d8-fecd-51bb-9a86-ccc7cc0b5d90;1.2739;6369.5;USD
636dbfe6-8f25-5707-b7e5-e59fd01534c8;cf11f647-f979-534e-901a-554cc25f0e01;MATCHED;E;74713e03-b9e3-5123-b122-2a16bf4f0a5f;SHL-MCO-595743;;FT-MCO-20260925-0014;N712JB;N712JB;B6133;7731.00;LTR;650396.04;658127.04;7731.00;0.7905;KGL;MEA;26.30;GR;6111.36;COA-MCO-20260925-1;2026-09-25T14:06:30Z;SHL-DN-595743;Verified;fuel.ops@airline.com;2026-09-25T16:19:30Z;HD-MCO-11;MTR-HD-MCO-11;ELECTRONIC;2026-09-25T14:19:30Z;SEED_B6_ADSB;2026-09-25T14:19:30Z;SEED_B6_ADSB;e5802545-1d78-53d5-9121-964e102b1881;1.2537;9692.35;USD
8c4defc8-7843-5606-ad37-1ac5019bc4bc;89a39c29-f22f-55cc-b0fe-502912f8354f;MATCHED;E;b1d34bd7-b323-5c98-8608-55b082ecc297;SHL-BOS-696910;;FT-BOS-20260925-0041;N3196J;N3196J;B6385;3237.00;LTR;702747.54;705984.54;3237.00;0.8080;KGL;MEA;16.60;GR;2615.5;COA-BOS-20260925-3;2026-09-25T13:53:44Z;SHL-DN-696910;Verified;fuel.ops@airline.com;2026-09-25T16:00:44Z;HD-BOS-22;MTR-HD-BOS-22;ELECTRONIC;2026-09-25T14:00:44Z;SEED_B6_ADSB;2026-09-25T14:00:44Z;SEED_B6_ADSB;00306d8c-c174-56ba-9620-62fa92df9d68;1.3166;4261.83;USD
61f9ee9b-9a75-53ff-886f-f6c14e09f61f;cc85b01a-b072-598b-9fb5-f24eaca74c82;MATCHED;M;f71e5786-0a95-5540-92fa-51a2a117bd27;WFS-RDU-697036;;FT-RDU-20260925-0004;N3322J;N3322J;B62084;4144.00;LTR;778013.58;782157.58;4144.00;0.8037;KGL;MEA;20.70;GR;3330.53;COA-RDU-20260925-1;2026-09-25T14:02:34Z;WFS-DN-697036;Verified;fuel.ops@airline.com;2026-09-25T16:12:34Z;RF-RDU-09;MTR-RF-RDU-09;MANUAL;2026-09-25T14:12:34Z;SEED_B6_ADSB;2026-09-25T14:12:34Z;SEED_B6_ADSB;71121562-d196-5d47-bffa-a3106a39e541;1.2819;5312.19;USD
41910601-74a5-5e28-bbf6-aa1cccda23d3;3f2e1726-b91f-59e8-b3c6-669b1713181e;MATCHED;E;a7c655f5-12a1-59ec-be81-a092ec0e976d;SHL-BOS-696913;;FT-BOS-20260925-0042;N2193J;N2193J;B6219;14788.00;LTR;483678.87;498466.87;14788.00;0.8069;KGL;MEA;18.00;GR;11932.44;COA-BOS-20260925-3;2026-09-25T13:53:05Z;SHL-DN-696913;Verified;fuel.ops@airline.com;2026-09-25T16:13:05Z;HD-BOS-11;MTR-HD-BOS-11;ELECTRONIC;2026-09-25T14:13:05Z;SEED_B6_ADSB;2026-09-25T14:13:05Z;SEED_B6_ADSB;091dd1fe-0263-50d3-88f2-8ae669e50b54;1.3166;19469.88;USD
88d84715-0f5a-598b-9fc2-658c08b66cc9;de80405b-6cb7-5ee2-8d7c-3ed8ab9c859a;MATCHED;M;22c64166-ae52-53b7-9445-4d6cbc282ee3;SOL-KIN-442789;;FT-KIN-20260925-0001;N715JB;N715JB;B61060;12270.00;LTR;716874.27;729144.27;12270.00;0.7951;KGL;MEA;30.90;GR;9755.88;COA-KIN-20260925-2;2026-09-25T14:10:52Z;SOL-DN-442789;Verified;fuel.ops@airline.com;2026-09-25T16:35:52Z;RF-KIN-01;MTR-RF-KIN-01;MANUAL;2026-09-25T14:35:52Z;SEED_B6_ADSB;2026-09-25T14:35:52Z;SEED_B6_ADSB;1e66c70a-5a7a-5c7f-a84e-5c5c77ad121c;1.3736;16854.07;USD
5efd2caa-9862-5f35-94f9-afa7337482bb;b88d5271-9b34-563f-adf0-990d6750ab7c;MATCHED;M;afa20f42-d1fc-577b-843a-0adc81d90772;AVF-RSW-496422;;FT-RSW-20260925-0002;N971JT;N971JT;B6266;9777.00;LTR;395192.55;404969.55;9777.00;0.7972;KGL;MEA;24.50;GR;7794.22;COA-RSW-20260925-3;2026-09-25T14:08:53Z;AVF-DN-496422;Verified;fuel.ops@airline.com;2026-09-25T16:28:53Z;RF-RSW-01;MTR-RF-RSW-01;MANUAL;2026-09-25T14:28:53Z;SEED_B6_ADSB;2026-09-25T14:28:53Z;SEED_B6_ADSB;2f9b7a93-e509-5707-87a8-0346eb1785a8;1.2831;12544.87;USD
dda0155e-2740-526f-9212-9024bea1a36c;a0c47e30-f5c5-5bc2-a337-9d494cf3e74f;MATCHED;E;84d51774-f229-5012-9bd3-4f0134621fc0;BPA-DCA-429182;;FT-DCA-20260925-0006;N613JB;N613JB;B62433;5672.00;LTR;599613.60;605285.60;5672.00;0.7972;KGL;MEA;18.70;GR;4521.72;COA-DCA-20260925-1;2026-09-25T14:10:22Z;BPA-DN-429182;Verified;fuel.ops@airline.com;2026-09-25T16:20:22Z;HD-DCA-24;MTR-HD-DCA-24;ELECTRONIC;2026-09-25T14:20:22Z;SEED_B6_ADSB;2026-09-25T14:20:22Z;SEED_B6_ADSB;50255cf4-cc18-5910-81fd-a910b62c1a8d;1.3157;7462.65;USD
652798f5-d931-5fb1-897a-79c289d19c35;2a2d73f1-824c-5385-abd3-a20ab2a3e3cf;MATCHED;E;0bc76414-bd6a-53b6-b946-6e5a8abd5244;BPA-TPA-704102;;FT-TPA-20260925-0004;N703JB;N703JB;B6692;10006.00;LTR;882461.04;892467.04;10006.00;0.7983;KGL;MEA;26.40;GR;7987.79;COA-TPA-20260925-3;2026-09-25T14:11:35Z;BPA-DN-704102;Verified;fuel.ops@airline.com;2026-09-25T16:26:35Z;HD-TPA-12;MTR-HD-TPA-12;ELECTRONIC;2026-09-25T14:26:35Z;SEED_B6_ADSB;2026-09-25T14:26:35Z;SEED_B6_ADSB;8dcfb1fe-804c-57d0-a05d-35fb2fc8a566;1.2313;12320.39;USD
4f074226-c433-53c9-a56d-fe027a55344a;2b0afc6b-669f-50be-8031-123afa422e2d;MATCHED;E;ee484354-46f1-55e1-b2b9-9358f07ff980;SHL-FLL-485185;;FT-FLL-20260925-0025;N746JB;N746JB;B62922;14578.00;LTR;330314.21;344892.21;14578.00;0.7921;KGL;MEA;23.90;GR;11547.23;COA-FLL-20260925-3;2026-09-25T14:19:34Z;SHL-DN-485185;Verified;fuel.ops@airline.com;2026-09-25T16:39:34Z;HD-FLL-21;MTR-HD-FLL-21;ELECTRONIC;2026-09-25T14:39:34Z;SEED_B6_ADSB;2026-09-25T14:39:34Z;SEED_B6_ADSB;1a24be5e-d998-5faa-b9ea-41d13259e085;1.2386;18056.31;USD
7680076c-14aa-51b7-9b8c-a9a8866b7c8b;02922d26-b16c-5941-99e6-71c04faa1073;MATCHED;E;9685752f-ce4e-5bea-827e-fc67e8348c89;BPA-MCO-339262;;FT-MCO-20260925-0015;N607JB;N607JB;B68604;4286.00;LTR;643128.97;647414.97;4286.00;0.7938;KGL;MEA;22.10;GR;3402.23;COA-MCO-20260925-1;2026-09-25T14:12:42Z;BPA-DN-339262;Verified;fuel.ops@airline.com;2026-09-25T16:21:42Z;HD-MCO-04;MTR-HD-MCO-04;ELECTRONIC;2026-09-25T14:21:42Z;SEED_B6_ADSB;2026-09-25T14:21:42Z;SEED_B6_ADSB;b3549414-8cb7-5b50-8cc7-676784be9faa;1.2482;5349.79;USD
127a4714-77cb-56c2-808a-a78498029b07;043f2538-8fb5-5c56-9a25-02b7a171d4fc;MATCHED;E;9cdac241-17a6-547c-bb48-8d592047974f;SHL-FLL-485186;;FT-FLL-20260925-0026;N623JB;N623JB;B62548;1350.00;LTR;128146.39;129496.39;1350.00;0.7928;KGL;MEA;23.00;GR;1070.28;COA-FLL-20260925-3;2026-09-25T14:28:01Z;SHL-DN-485186;Verified;fuel.ops@airline.com;2026-09-25T16:33:01Z;HD-FLL-03;MTR-HD-FLL-03;ELECTRONIC;2026-09-25T14:33:01Z;SEED_B6_ADSB;2026-09-25T14:33:01Z;SEED_B6_ADSB;de1d71ae-c6b3-5890-9f41-216437e306d2;1.2386;1672.11;USD
4f220506-f88d-5af3-b7a3-6ba35ad95eeb;00805111-e533-577e-be82-fc2602e398cd;MATCHED;E;e3957cf3-c183-5b35-a57a-97c4e7b6adf3;WFS-JFK-403921;;FT-JFK-20260925-0034;N943JT;N943JT;B6423;18135.00;LTR;393983.30;412118.30;18135.00;0.8041;KGL;MEA;15.00;GR;14582.35;COA-JFK-20260925-1;2026-09-25T14:05:53Z;WFS-DN-403921;Verified;fuel.ops@airline.com;2026-09-25T16:29:53Z;HD-JFK-04;MTR-HD-JFK-04;ELECTRONIC;2026-09-25T14:29:53Z;SEED_B6_ADSB;2026-09-25T14:29:53Z;SEED_B6_ADSB;13cce70b-6ba9-5113-a7bb-16b38f702829;1.3071;23704.26;USD
b7b11ba6-7504-5288-bf5b-8899739b1cbf;f6c115d1-422b-5ab0-bb00-f1c5d49419d1;MATCHED;M;1c0fa95b-da59-51fd-9962-dabdacc79370;AVF-CHS-586552;;FT-CHS-20260925-0001;N3195J;N3195J;B62474;4614.00;LTR;352328.88;356942.88;4614.00;0.7975;KGL;MEA;20.30;GR;3679.66;COA-CHS-20260925-1;2026-09-25T14:13:42Z;AVF-DN-586552;Verified;fuel.ops@airline.com;2026-09-25T16:24:42Z;RF-CHS-23;MTR-RF-CHS-23;MANUAL;2026-09-25T14:24:42Z;SEED_B6_ADSB;2026-09-25T14:24:42Z;SEED_B6_ADSB;84cbd64e-eebc-54ce-b52a-00ca25b98f93;1.2676;5848.71;USD
101c8552-53b5-5093-8abc-ccacc6aa181e;6619832b-1677-5a6d-bd9d-da38d0bcfcbd;MATCHED;E;b543a3e1-bd1a-5984-a296-7e827de10cea;BPA-DCA-429183;;FT-DCA-20260925-0007;N3065J;N3065J;B62454;4041.00;LTR;363577.78;367618.78;4041.00;0.7992;KGL;MEA;16.10;GR;3229.57;COA-DCA-20260925-1;2026-09-25T14:15:35Z;BPA-DN-429183;Verified;fuel.ops@airline.com;2026-09-25T16:23:35Z;HD-DCA-22;MTR-HD-DCA-22;ELECTRONIC;2026-09-25T14:23:35Z;SEED_B6_ADSB;2026-09-25T14:23:35Z;SEED_B6_ADSB;b00b14d5-fd69-5085-96a8-c7527e304810;1.3157;5316.74;USD
d8ea1125-835d-5d84-88be-c2e76f58e8ff;d5899470-a1ce-5874-b292-ed009ebbb385;MATCHED;E;7fed5bef-c8bc-5297-82a9-e3922d7b5cd5;WFS-BOS-479012;;FT-BOS-20260925-0043;N979JT;N979JT;B61487;20134.00;LTR;483678.87;503812.87;20134.00;0.8094;KGL;MEA;14.90;GR;16296.46;COA-BOS-20260925-3;2026-09-25T14:14:27Z;WFS-DN-479012;Verified;fuel.ops@airline.com;2026-09-25T16:40:27Z;HD-BOS-11;MTR-HD-BOS-11;ELECTRONIC;2026-09-25T14:40:27Z;SEED_B6_ADSB;2026-09-25T14:40:27Z;SEED_B6_ADSB;51fc240e-c553-5d29-8580-6bf90dbda744;1.3199;26574.87;USD
509ced7e-428b-577f-91f2-c97ffd23ed8f;24c29335-116a-5b64-9e6e-ec51c95edd03;MATCHED;M;54bccb52-3799-56f1-8364-607685ae4039;WFS-HPN-788045;;FT-HPN-20260925-0008;N645JB;N645JB;B61167;6685.00;LTR;174855.86;181540.86;6685.00;0.7991;KGL;MEA;17.10;GR;5341.98;COA-HPN-20260925-2;2026-09-25T14:30:29Z;WFS-DN-788045;Verified;fuel.ops@airline.com;2026-09-25T16:46:29Z;RF-HPN-14;MTR-RF-HPN-14;MANUAL;2026-09-25T14:46:29Z;SEED_B6_ADSB;2026-09-25T14:46:29Z;SEED_B6_ADSB;90eb3721-1690-560a-aa2f-5f8fdb9d0dad;1.3639;9117.67;USD
ff3c4ce0-179f-52d0-9585-2f5db9a8102a;ba2529a9-1c6c-5c15-818c-2ffb78c6fc4b;MATCHED;E;4582dfb6-8e52-5a09-aa52-0ac4d93c67a6;CGA-SFO-275646;;FT-SFO-20260925-0003;N935JB;N935JB;B6316;17383.00;LTR;842475.83;859858.83;17383.00;0.8051;KGL;MEA;16.70;GR;13995.05;COA-SFO-20260925-1;2026-09-25T14:24:29Z;CGA-DN-275646;Verified;fuel.ops@airline.com;2026-09-25T16:47:29Z;HD-SFO-19;MTR-HD-SFO-19;ELECTRONIC;2026-09-25T14:47:29Z;SEED_B6_ADSB;2026-09-25T14:47:29Z;SEED_B6_ADSB;9cf84a9c-1a15-530e-9c19-c02d6d4dbfa2;1.3267;23062.03;USD
e5ea2e48-4895-53d0-850a-5eb534688b80;0ea61c71-189d-5c9d-93bd-360e601b26bb;MATCHED;E;ebe97ee9-b294-5e47-bbb7-d436387e650f;WFS-BOS-479013;;FT-BOS-20260925-0044;N965JT;N965JT;B6791;9164.00;LTR;485106.93;494270.93;9164.00;0.8083;KGL;MEA;16.30;GR;7407.26;COA-BOS-20260925-3;2026-09-25T14:14:02Z;WFS-DN-479013;Verified;fuel.ops@airline.com;2026-09-25T16:28:02Z;HD-BOS-15;MTR-HD-BOS-15;ELECTRONIC;2026-09-25T14:28:02Z;SEED_B6_ADSB;2026-09-25T14:28:02Z;SEED_B6_ADSB;e94f808d-25a7-5e9a-a933-83ee2c96832b;1.3199;12095.56;USD
93ec1cc9-79ed-5d20-9b2f-8ae8500af5c1;a2e06021-f86f-5c66-b247-602f486b0c50;MATCHED;M;be0fd56c-ffcf-5fe2-9430-3c8b84fb1de0;CGA-MSY-537680;;FT-MSY-20260925-0002;N3112J;N3112J;B6176;6163.00;LTR;661974.34;668137.34;6163.00;0.7937;KGL;MEA;23.70;GR;4891.57;COA-MSY-20260925-3;2026-09-25T14:23:03Z;CGA-DN-537680;Verified;fuel.ops@airline.com;2026-09-25T16:37:03Z;RF-MSY-12;MTR-RF-MSY-12;MANUAL;2026-09-25T14:37:03Z;SEED_B6_ADSB;2026-09-25T14:37:03Z;SEED_B6_ADSB;9722e807-51a1-57ea-992a-5da56dbb5172;1.2555;7737.65;USD
5314f780-260b-52e0-8480-04119e3d96fe;37e1ff16-dab6-5d1c-8b92-e69cab70fcd3;MATCHED;E;90bace7a-5ae2-5a5e-977f-aa42aae0d8a0;WFS-FLL-457539;;FT-FLL-20260925-0027;N615JB;N615JB;B61553;5713.00;LTR;721771.00;727484.00;5713.00;0.7926;KGL;MEA;23.20;GR;4528.12;COA-FLL-20260925-3;2026-09-25T14:33:44Z;WFS-DN-457539;Verified;fuel.ops@airline.com;2026-09-25T16:43:44Z;HD-FLL-20;MTR-HD-FLL-20;ELECTRONIC;2026-09-25T14:43:44Z;SEED_B6_ADSB;2026-09-25T14:43:44Z;SEED_B6_ADSB;b7f98a3b-f18f-599e-8fcb-5e7587800541;1.2423;7097.26;USD
7f14d58f-1e67-560b-a96b-d25d1130ad3e;06cb0be8-c3ba-5e31-be76-f66e9794af0e;MATCHED;M;7d848d48-fab8-5ffe-b067-120e25298d56;WFS-ACK-768087;;FT-ACK-20260925-0002;N3267J;N3267J;B692;1695.00;LTR;679844.74;681539.74;1695.00;0.7958;KGL;MEA;18.40;GR;1348.88;COA-ACK-20260925-1;2026-09-25T14:32:42Z;WFS-DN-768087;Verified;fuel.ops@airline.com;2026-09-25T16:39:42Z;RF-ACK-04;MTR-RF-ACK-04;MANUAL;2026-09-25T14:39:42Z;SEED_B6_ADSB;2026-09-25T14:39:42Z;SEED_B6_ADSB;03e3dc52-c3e2-5f45-8f0a-4f2fab013560;1.3264;2248.25;USD
1b2558f4-ec9d-51e9-b9ca-94d98573ed62;10ae8fd9-e6ab-5b4e-8d44-da143ef3e127;MATCHED;E;e3f5dce2-c73d-5699-82d0-5c5ab4cf6719;WFS-BOS-479016;;FT-BOS-20260925-0045;N3215J;N3215J;B61117;3363.00;LTR;711261.01;714624.01;3363.00;0.8064;KGL;MEA;18.60;GR;2711.92;COA-BOS-20260925-3;2026-09-25T14:23:45Z;WFS-DN-479016;Verified;fuel.ops@airline.com;2026-09-25T16:30:45Z;HD-BOS-24;MTR-HD-BOS-24;ELECTRONIC;2026-09-25T14:30:45Z;SEED_B6_ADSB;2026-09-25T14:30:45Z;SEED_B6_ADSB;48e4ff17-42fa-5272-8d4d-b95595e86c9e;1.3199;4438.82;USD
0a9b442c-371a-55d4-86f5-a48d47472bcc;8eeacb74-3307-5279-ae9c-57a6eb63912c;MATCHED;M;b0837bc2-bb83-5e60-ae60-f70790d0fe4a;BPA-CLE-201343;;FT-CLE-20260925-0004;N3157J;N3157J;B62040;2601.00;LTR;333617.82;336218.82;2601.00;0.7969;KGL;MEA;18.10;GR;2072.74;COA-CLE-20260925-3;2026-09-25T14:46:47Z;BPA-DN-201343;Verified;fuel.ops@airline.com;2026-09-25T16:54:47Z;RF-CLE-11;MTR-RF-CLE-11;MANUAL;2026-09-25T14:54:47Z;SEED_B6_ADSB;2026-09-25T14:54:47Z;SEED_B6_ADSB;c24b9ab7-aebd-57ec-98ac-3f5ddddd15ea;1.3112;3410.43;USD
6687337c-068e-52fc-9b04-2eb91d1bb83d;ba5c4ee0-8f85-5353-b686-693e18c41766;MATCHED;E;224adb9c-2fc8-5aed-a11b-662d90146870;SHL-FLL-485188;;FT-FLL-20260925-0028;N658JB;N658JB;B6663;9230.00;LTR;346287.97;355517.97;9230.00;0.7917;KGL;MEA;24.30;GR;7307.39;COA-FLL-20260925-3;2026-09-25T14:43:21Z;SHL-DN-485188;Verified;fuel.ops@airline.com;2026-09-25T16:57:21Z;HD-FLL-24;MTR-HD-FLL-24;ELECTRONIC;2026-09-25T14:57:21Z;SEED_B6_ADSB;2026-09-25T14:57:21Z;SEED_B6_ADSB;895c04db-f134-5f42-8d11-c47a8b920562;1.2386;11432.28;USD
1aafafa5-f65b-58a5-b455-b783026d44fb;6cbebf49-3e49-5a3c-bee2-17cde5c63f94;MATCHED;E;62d70949-082c-551b-ade4-d117a18e5474;PMA-SJU-755474;;FT-SJU-20260925-0006;N633JB;N633JB;B61078;16985.00;LTR;750848.25;767833.25;16985.00;0.8024;KGL;MEA;25.60;GR;13628.76;COA-SJU-20260925-3;2026-09-25T14:50:37Z;PMA-DN-755474;Verified;fuel.ops@airline.com;2026-09-25T17:12:37Z;HD-SJU-04;MTR-HD-SJU-04;ELECTRONIC;2026-09-25T15:12:37Z;SEED_B6_ADSB;2026-09-25T15:12:37Z;SEED_B6_ADSB;04e1ea85-0c05-583b-8b10-10d634a38398;1.3038;22145.04;USD
506ea041-a887-5a7c-9f3d-789aed630882;b308c17d-aee7-58b6-a12b-a862118a1745;MATCHED;M;b3b4b68d-b14a-5d01-ac31-453feba73677;SHL-PBI-381697;;FT-PBI-20260925-0005;N520JB;N520JB;B6544;6849.00;LTR;796004.80;802853.80;6849.00;0.8057;KGL;MEA;22.30;GR;5518.24;COA-PBI-20260925-3;2026-09-25T14:35:00Z;SHL-DN-381697;Verified;fuel.ops@airline.com;2026-09-25T16:50:00Z;RF-PBI-09;MTR-RF-PBI-09;MANUAL;2026-09-25T14:50:00Z;SEED_B6_ADSB;2026-09-25T14:50:00Z;SEED_B6_ADSB;768b2872-8d69-5ffd-9f81-0ced9e26c29b;1.2739;8724.94;USD
e919835c-0923-5c41-9e6b-a09deef218a4;63b8fdf0-b387-5ffa-9181-fd5b4c1f017e;MATCHED;E;e54f12cc-939e-5698-88be-68134b05545e;SHL-JFK-512710;;FT-JFK-20260925-0035;N3189J;N3189J;B6119;4082.00;LTR;519477.76;523559.76;4082.00;0.8016;KGL;MEA;18.20;GR;3272.13;COA-JFK-20260925-1;2026-09-25T14:46:36Z;SHL-DN-512710;Verified;fuel.ops@airline.com;2026-09-25T16:54:36Z;HD-JFK-20;MTR-HD-JFK-20;ELECTRONIC;2026-09-25T14:54:36Z;SEED_B6_ADSB;2026-09-25T14:54:36Z;SEED_B6_ADSB;c15a8369-6cf2-5040-8db7-180e09fa92ca;1.3158;5371.1;USD
3123de52-edac-502a-83e1-bc417c051909;cacd20d7-d4a2-5fc4-810d-d22c55acfd3b;MATCHED;E;d8f86fbe-7afa-52cd-89f0-b3ac3b4d3247;CGA-LAX-552077;;FT-LAX-20260925-0006;N994JL;N994JL;B6524;16926.00;LTR;551391.48;568317.48;16926.00;0.7952;KGL;MEA;19.70;GR;13459.56;COA-LAX-20260925-1;2026-09-25T14:41:47Z;CGA-DN-552077;Verified;fuel.ops@airline.com;2026-09-25T17:03:47Z;HD-LAX-19;MTR-HD-LAX-19;ELECTRONIC;2026-09-25T15:03:47Z;SEED_B6_ADSB;2026-09-25T15:03:47Z;SEED_B6_ADSB;57a10cce-bd79-5163-b83e-4d032165f754;1.3080;22139.21;USD
4ef2d393-5f7e-5ea3-9764-276e457be6ae;524673f4-219c-5f1f-ac71-6c829d58c528;MATCHED;M;2cf1bc0b-a5be-5865-bc62-63644d4d7d4a;BPA-RIC-112605;;FT-RIC-20260925-0003;N3194J;N3194J;B61282;3586.00;LTR;165206.15;168792.15;3586.00;0.8018;KGL;MEA;16.90;GR;2875.25;COA-RIC-20260925-2;2026-09-25T14:44:32Z;BPA-DN-112605;Verified;fuel.ops@airline.com;2026-09-25T16:53:32Z;RF-RIC-04;MTR-RF-RIC-04;MANUAL;2026-09-25T14:53:32Z;SEED_B6_ADSB;2026-09-25T14:53:32Z;SEED_B6_ADSB;61c06c55-8692-5430-ab15-8a1892488293;1.3731;4923.94;USD
136cddb9-fb60-5180-ae3b-2c4d81fc2f73;9c55b73f-67ef-537c-a969-7a21dde5bb9c;MATCHED;E;11c39ada-9245-51ae-9ef2-fbe11afea9d1;SHL-JFK-512713;;FT-JFK-20260925-0036;N559JB;N559JB;B6121;16720.00;LTR;550020.91;566740.91;16720.00;0.8033;KGL;MEA;16.00;GR;13431.18;COA-JFK-20260925-1;2026-09-25T14:43:45Z;SHL-DN-512713;Verified;fuel.ops@airline.com;2026-09-25T17:05:45Z;HD-JFK-22;MTR-HD-JFK-22;ELECTRONIC;2026-09-25T15:05:45Z;SEED_B6_ADSB;2026-09-25T15:05:45Z;SEED_B6_ADSB;c1522fc5-63a8-5303-919d-6903e081510d;1.3158;22000.18;USD
23841078-8855-5cea-bff4-d0277b2b67c5;f0ebe171-9ad7-55c6-8e4d-a708df8333f0;MATCHED;E;d81371e6-21a1-52e0-afdc-e7d119fd4811;WFS-JFK-403922;;FT-JFK-20260925-0037;N568JB;N568JB;B62129;7136.00;LTR;168491.28;175627.28;7136.00;0.8020;KGL;MEA;17.60;GR;5723.07;COA-JFK-20260925-1;2026-09-25T14:51:47Z;WFS-DN-403922;Verified;fuel.ops@airline.com;2026-09-25T17:03:47Z;HD-JFK-05;MTR-HD-JFK-05;ELECTRONIC;2026-09-25T15:03:47Z;SEED_B6_ADSB;2026-09-25T15:03:47Z;SEED_B6_ADSB;4a518cde-4283-5de0-8bb8-eb0502e85a9d;1.3071;9327.47;USD
b8cb7a53-164f-50d2-86df-e9fae7edede0;a15eb35f-0701-5dad-b5b0-93681b5572b9;MATCHED;M;b7fc821e-465d-5214-b5db-b7a280978871;WFS-BNA-688053;;FT-BNA-20260925-0004;N3291J;N3291J;B6274;4208.00;LTR;719737.63;723945.63;4208.00;0.7971;KGL;MEA;18.20;GR;3354.2;COA-BNA-20260925-1;2026-09-25T14:53:21Z;WFS-DN-688053;Verified;fuel.ops@airline.com;2026-09-25T17:03:21Z;RF-BNA-11;MTR-RF-BNA-11;MANUAL;2026-09-25T15:03:21Z;SEED_B6_ADSB;2026-09-25T15:03:21Z;SEED_B6_ADSB;e75f9769-d846-50b8-84be-b638d912d227;1.2785;5379.93;USD
4bbf0a7d-d8fa-5576-9880-21e92469fb7d;9b6be78e-f184-5510-9e19-f0fb923935fb;MATCHED;E;448feefc-dbbf-5587-9397-60de2415a7d4;SHL-FLL-485191;;FT-FLL-20260925-0029;N2039J;N2039J;B62102;8058.00;LTR;363265.51;371323.51;8058.00;0.7895;KGL;MEA;27.10;GR;6361.79;COA-FLL-20260925-3;2026-09-25T14:58:15Z;SHL-DN-485191;Verified;fuel.ops@airline.com;2026-09-25T17:11:15Z;HD-FLL-11;MTR-HD-FLL-11;ELECTRONIC;2026-09-25T15:11:15Z;SEED_B6_ADSB;2026-09-25T15:11:15Z;SEED_B6_ADSB;37b7c50f-3515-5f87-829f-8eb7c16db788;1.2386;9980.64;USD
c7f566f7-f4ad-5ad5-8195-5aaf873f9233;98e6e6a7-4f72-56d1-890e-c1a8e56d1ad0;MATCHED;E;93e20909-3dee-577a-8942-b06c12b28a9e;SHL-BOS-696915;;FT-BOS-20260925-0046;N3123J;N3123J;B61293;4058.00;LTR;378556.41;382614.41;4058.00;0.8077;KGL;MEA;17.00;GR;3277.65;COA-BOS-20260925-3;2026-09-25T14:48:46Z;SHL-DN-696915;Verified;fuel.ops@airline.com;2026-09-25T16:56:46Z;HD-BOS-20;MTR-HD-BOS-20;ELECTRONIC;2026-09-25T14:56:46Z;SEED_B6_ADSB;2026-09-25T14:56:46Z;SEED_B6_ADSB;402fae95-e929-516e-91d3-b9c0bee1f2cf;1.3166;5342.76;USD
c933f874-8cc8-5cce-942b-7ab268420aba;b421c3c1-3e23-5e23-aaaf-8f5397aae8b1;MATCHED;M;a6481251-6aa8-5c49-8a28-8b847e89a225;AVF-JAX-322596;;FT-JAX-20260925-0002;N3085J;N3085J;B61310;6663.00;LTR;415530.22;422193.22;6663.00;0.7986;KGL;MEA;20.00;GR;5321.07;COA-JAX-20260925-3;2026-09-25T14:56:00Z;AVF-DN-322596;Verified;fuel.ops@airline.com;2026-09-25T17:11:00Z;RF-JAX-14;MTR-RF-JAX-14;MANUAL;2026-09-25T15:11:00Z;SEED_B6_ADSB;2026-09-25T15:11:00Z;SEED_B6_ADSB;9cc709ae-163e-5187-ad69-d57aeb442ce9;1.2746;8492.66;USD
81824f8f-ba52-5c77-a627-a0638bba1e5b;d60f1064-407e-5f6f-8374-fc25b2f256a1;MATCHED;E;24d57a39-5f79-57eb-8323-1ac2802f6e51;SHL-FLL-485192;;FT-FLL-20260925-0030;N524JB;N524JB;B6790;7856.00;LTR;309876.72;317732.72;7856.00;0.7894;KGL;MEA;27.20;GR;6201.53;COA-FLL-20260925-3;2026-09-25T15:03:35Z;SHL-DN-485192;Verified;fuel.ops@airline.com;2026-09-25T17:15:35Z;HD-FLL-07;MTR-HD-FLL-07;ELECTRONIC;2026-09-25T15:15:35Z;SEED_B6_ADSB;2026-09-25T15:15:35Z;SEED_B6_ADSB;bdc0c410-2e66-5067-b90a-f721819ca6cf;1.2386;9730.44;USD
4accea8a-370f-590d-8cc6-ba3843e12a98;0d122667-c2c6-57ff-b686-cd38b58b8560;MATCHED;M;a92a5c94-3267-5af1-bcf6-f193b33cd27d;BPA-MKE-788575;;FT-MKE-20260925-0001;N3121J;N3121J;B62230;4726.00;LTR;887825.90;892551.90;4726.00;0.8048;KGL;MEA;14.60;GR;3803.48;COA-MKE-20260925-1;2026-09-25T15:03:54Z;BPA-DN-788575;Verified;fuel.ops@airline.com;2026-09-25T17:14:54Z;RF-MKE-10;MTR-RF-MKE-10;MANUAL;2026-09-25T15:14:54Z;SEED_B6_ADSB;2026-09-25T15:14:54Z;SEED_B6_ADSB;98ca7284-f48d-5e56-842a-80600e078e69;1.2787;6043.14;USD
24428277-7e41-5420-9ecc-9abd14d2fb01;06abcf8b-78df-53b6-8125-0969187a520f;MATCHED;M;29c79454-3b71-5ed1-b1f2-519072e35cf6;SOL-BDA-462135;;FT-BDA-20260925-0001;N3307J;N3307J;B6204;2235.00;LTR;662774.36;665009.36;2235.00;0.7941;KGL;MEA;24.40;GR;1774.81;COA-BDA-20260925-2;2026-09-25T14:57:45Z;SOL-DN-462135;Verified;fuel.ops@airline.com;2026-09-25T17:04:45Z;RF-BDA-02;MTR-RF-BDA-02;MANUAL;2026-09-25T15:04:45Z;SEED_B6_ADSB;2026-09-25T15:04:45Z;SEED_B6_ADSB;cceb3cb5-1c3d-5ec0-bc97-169f3edff595;1.3992;3127.21;USD
0f78e007-2e13-5832-a90d-a92cb68b5c4d;682926b8-aeec-5f1f-9e54-f36db87f3dc8;MATCHED;E;a8ea91f2-2079-564f-ba4a-352ec7d489cb;WFS-JFK-403924;;FT-JFK-20260925-0038;N583JB;N583JB;B6225;6945.00;LTR;531558.61;538503.61;6945.00;0.8031;KGL;MEA;16.30;GR;5577.53;COA-JFK-20260925-1;2026-09-25T15:08:35Z;WFS-DN-403924;Verified;fuel.ops@airline.com;2026-09-25T17:19:35Z;HD-JFK-03;MTR-HD-JFK-03;ELECTRONIC;2026-09-25T15:19:35Z;SEED_B6_ADSB;2026-09-25T15:19:35Z;SEED_B6_ADSB;a66b44df-6aac-5f0d-912c-61bd1b718c12;1.3071;9077.81;USD
9724ee9b-f9b8-5fd6-997c-da3dbb0113fc;377490f7-6e1c-5d62-a589-22bcc4ad2cef;MATCHED;E;fc1e4e87-f823-52b7-b6af-7b370fbca245;BPA-BWI-463113;;FT-BWI-20260925-0001;N3255J;N3255J;B62995;5179.00;LTR;610544.01;615723.01;5179.00;0.8034;KGL;MEA;16.30;GR;4160.81;COA-BWI-20260925-2;2026-09-25T15:07:59Z;BPA-DN-463113;Verified;fuel.ops@airline.com;2026-09-25T17:16:59Z;HD-BWI-21;MTR-HD-BWI-21;ELECTRONIC;2026-09-25T15:16:59Z;SEED_B6_ADSB;2026-09-25T15:16:59Z;SEED_B6_ADSB;1adafe4a-ea40-5d71-b5c6-4ebd9c1feed7;1.3249;6861.66;USD
ede02a8c-3677-599d-ab56-8d6552699e72;7444e62c-39c7-5f5c-8db1-9b2c095121ff;MATCHED;M;a0eccd97-e194-5ccc-9315-69d89a3488e9;BPA-RIC-112606;;FT-RIC-20260925-0004;N3240J;N3240J;B68384;2760.00;LTR;241912.00;244672.00;2760.00;0.7984;KGL;MEA;21.20;GR;2203.58;COA-RIC-20260925-2;2026-09-25T15:07:32Z;BPA-DN-112606;Verified;fuel.ops@airline.com;2026-09-25T17:15:32Z;RF-RIC-12;MTR-RF-RIC-12;MANUAL;2026-09-25T15:15:32Z;SEED_B6_ADSB;2026-09-25T15:15:32Z;SEED_B6_ADSB;9c2cc897-6c8f-54a0-a0ca-cc9d5ceca7f8;1.3731;3789.76;USD
fa7d2d28-ba01-577b-bd96-efae22357797;c3ae2576-68c4-5300-83ea-6349589e1029;MATCHED;E;73daa933-5bc5-54ef-bfbc-2e7c590f2243;BPA-MCO-339265;;FT-MCO-20260925-0016;N663JB;N663JB;B6194;7101.00;LTR;541300.59;548401.59;7101.00;0.7925;KGL;MEA;23.70;GR;5627.54;COA-MCO-20260925-1;2026-09-25T15:05:18Z;BPA-DN-339265;Verified;fuel.ops@airline.com;2026-09-25T17:16:18Z;HD-MCO-19;MTR-HD-MCO-19;ELECTRONIC;2026-09-25T15:16:18Z;SEED_B6_ADSB;2026-09-25T15:16:18Z;SEED_B6_ADSB;1601e661-c121-5687-b04c-6853d5efe493;1.2482;8863.47;USD
01f46e79-32d2-5164-b5a6-4be31b2c977a;3ce39d75-e827-5a7e-ac33-7e47f8f3a2b6;MATCHED;E;f9e6f60d-c50e-51e2-90be-282cb2f73c54;SHL-FLL-485193;;FT-FLL-20260925-0031;N659JB;N659JB;B61005;869.00;LTR;346287.97;347156.97;869.00;0.7934;KGL;MEA;22.20;GR;689.46;COA-FLL-20260925-3;2026-09-25T15:06:36Z;SHL-DN-485193;Verified;fuel.ops@airline.com;2026-09-25T17:10:36Z;HD-FLL-24;MTR-HD-FLL-24;ELECTRONIC;2026-09-25T15:10:36Z;SEED_B6_ADSB;2026-09-25T15:10:36Z;SEED_B6_ADSB;ae19c182-87b1-524f-8740-b5ffdc2ec829;1.2386;1076.34;USD
b248c326-5bdf-5762-8ed1-41c877508d8c;3bf6c3be-20fe-5ace-8ea5-0cdd1437eefd;MATCHED;E;e4458447-3468-5c98-8781-49849f204e2f;WFS-BOS-479019;;FT-BOS-20260925-0047;N3242J;N3242J;B6267;5283.00;LTR;711261.01;716544.01;5283.00;0.8064;KGL;MEA;18.60;GR;4260.21;COA-BOS-20260925-3;2026-09-25T15:16:38Z;WFS-DN-479019;Verified;fuel.ops@airline.com;2026-09-25T17:25:38Z;HD-BOS-24;MTR-HD-BOS-24;ELECTRONIC;2026-09-25T15:25:38Z;SEED_B6_ADSB;2026-09-25T15:25:38Z;SEED_B6_ADSB;97609263-9a3d-597b-ba2b-1c75220cb441;1.3199;6973.03;USD
3cd1492b-35fd-5425-8d82-975c2a9e7efc;65b83ade-e2dd-5e40-89c6-a46b0101a248;MATCHED;M;b606aba4-d782-54c7-bc12-64de6dadd7b0;BPA-DTW-753883;;FT-DTW-20260925-0004;N3269J;N3269J;B61336;3613.00;LTR;570895.84;574508.84;3613.00;0.8050;KGL;MEA;15.10;GR;2908.47;COA-DTW-20260925-2;2026-09-25T15:14:47Z;BPA-DN-753883;Verified;fuel.ops@airline.com;2026-09-25T17:23:47Z;RF-DTW-16;MTR-RF-DTW-16;MANUAL;2026-09-25T15:23:47Z;SEED_B6_ADSB;2026-09-25T15:23:47Z;SEED_B6_ADSB;f7babd11-a597-57be-9d7b-89e4d6488310;1.3104;4734.48;USD
5813f86f-914f-5840-a7c9-c6b093d892ec;7fe07c84-d629-5a33-b2f3-cd70b6f2c53c;MATCHED;E;8ae2ed12-fbda-5ced-b684-0198f27f36e9;CGA-IAH-360687;;FT-IAH-20260925-0002;N535JB;N535JB;B6932;10201.00;LTR;249058.68;259259.68;10201.00;0.8048;KGL;MEA;20.40;GR;8209.76;COA-IAH-20260925-3;2026-09-25T15:19:13Z;CGA-DN-360687;Verified;fuel.ops@airline.com;2026-09-25T17:34:13Z;HD-IAH-07;MTR-HD-IAH-07;ELECTRONIC;2026-09-25T15:34:13Z;SEED_B6_ADSB;2026-09-25T15:34:13Z;SEED_B6_ADSB;ab21ae62-df76-50dd-b8e2-def467920ce1;1.2332;12579.87;USD
5899162f-007b-5f9e-acd1-37043dff0815;4e3cb266-cd1b-54cf-87c2-f0cbeaae10c4;MATCHED;E;be8ed15f-46dc-5ca8-ad14-5331a309a7ca;SHL-FLL-485194;;FT-FLL-20260925-0032;N564JB;N564JB;B6681;10609.00;LTR;851529.67;862138.67;10609.00;0.7935;KGL;MEA;22.10;GR;8418.24;COA-FLL-20260925-3;2026-09-25T15:19:22Z;SHL-DN-485194;Verified;fuel.ops@airline.com;2026-09-25T17:34:22Z;HD-FLL-01;MTR-HD-FLL-01;ELECTRONIC;2026-09-25T15:34:22Z;SEED_B6_ADSB;2026-09-25T15:34:22Z;SEED_B6_ADSB;a7a88ab1-e1a8-511c-a9e9-ee3d7138ecaf;1.2386;13140.31;USD
50dcef91-e871-5f96-b8d3-d2e95ebfd486;d998225b-c536-5fc4-aca3-1710170296be;MATCHED;M;8269abcb-6c3f-565c-aff0-be3507c17a46;WFS-RDU-697038;;FT-RDU-20260925-0005;N646JB;N646JB;B62184;4601.00;LTR;117195.06;121796.06;4601.00;0.8029;KGL;MEA;21.70;GR;3694.14;COA-RDU-20260925-1;2026-09-25T15:24:15Z;WFS-DN-697038;Verified;fuel.ops@airline.com;2026-09-25T17:35:15Z;RF-RDU-15;MTR-RF-RDU-15;MANUAL;2026-09-25T15:35:15Z;SEED_B6_ADSB;2026-09-25T15:35:15Z;SEED_B6_ADSB;570bce61-e455-57b4-ab4c-48117b1b1f98;1.2819;5898.02;USD
8f3d05cb-413e-5448-b509-e2f3e0da78ca;0ea17553-3e2f-585f-a8c8-6383964d12d6;MATCHED;E;6f63ce18-001f-505f-beb7-229404d71bbc;SHL-FLL-485196;;FT-FLL-20260925-0033;N508JL;N508JL;B6749;4877.00;LTR;126546.92;131423.92;4877.00;0.7896;KGL;MEA;27.00;GR;3850.88;COA-FLL-20260925-3;2026-09-25T15:20:40Z;SHL-DN-485196;Verified;fuel.ops@airline.com;2026-09-25T17:29:40Z;HD-FLL-05;MTR-HD-FLL-05;ELECTRONIC;2026-09-25T15:29:40Z;SEED_B6_ADSB;2026-09-25T15:29:40Z;SEED_B6_ADSB;2242777d-0493-523b-8d9d-ec0faa675333;1.2386;6040.65;USD
edd3a68b-b05f-5d21-88ff-f74916f07af1;7c708bbf-dc6d-5345-b25a-48a61dda9562;MATCHED;E;01180d26-b167-5cb0-b7db-b6aa502dd406;BPA-ORD-551301;;FT-ORD-20260925-0004;N3023J;N3023J;B61006;5466.00;LTR;831516.76;836982.76;5466.00;0.8082;KGL;MEA;15.80;GR;4417.62;COA-ORD-20260925-3;2026-09-25T15:17:04Z;BPA-DN-551301;Verified;fuel.ops@airline.com;2026-09-25T17:27:04Z;HD-ORD-21;MTR-HD-ORD-21;ELECTRONIC;2026-09-25T15:27:04Z;SEED_B6_ADSB;2026-09-25T15:27:04Z;SEED_B6_ADSB;d29b7173-27a3-52ca-b340-bc46b49e5555;1.2458;6809.54;USD
adc9e5f8-138f-5587-bedd-cc100fde99ff;62a04559-f4ef-5ac7-9680-3734f53c9365;MATCHED;E;51ec3ad3-806b-594a-9441-ec55f6c2befe;SHL-JFK-512716;;FT-JFK-20260925-0039;N3251J;N3251J;B61497;11242.00;LTR;550020.91;561262.91;11242.00;0.8002;KGL;MEA;19.90;GR;8995.85;COA-JFK-20260925-1;2026-09-25T15:17:11Z;SHL-DN-512716;Verified;fuel.ops@airline.com;2026-09-25T17:33:11Z;HD-JFK-22;MTR-HD-JFK-22;ELECTRONIC;2026-09-25T15:33:11Z;SEED_B6_ADSB;2026-09-25T15:33:11Z;SEED_B6_ADSB;cb8e9b1a-ca62-5a94-8b5a-51bc81543b99;1.3158;14792.22;USD
0d493dea-c3cf-5479-a98e-a466620e7e7d;2704449e-33ef-5bb4-9559-825b69e08e41;MATCHED;E;5a146270-61bc-547e-95eb-ea215650a03f;BPA-DCA-429184;;FT-DCA-20260925-0008;N657JB;N657JB;B61923;5884.00;LTR;630309.65;636193.65;5884.00;0.7989;KGL;MEA;16.50;GR;4700.73;COA-DCA-20260925-1;2026-09-25T15:26:19Z;BPA-DN-429184;Verified;fuel.ops@airline.com;2026-09-25T17:36:19Z;HD-DCA-18;MTR-HD-DCA-18;ELECTRONIC;2026-09-25T15:36:19Z;SEED_B6_ADSB;2026-09-25T15:36:19Z;SEED_B6_ADSB;8b72295b-fefd-5737-ad14-db68c687943b;1.3157;7741.58;USD
322acff1-117c-5c22-bcc2-ac0e01cb1ce0;4fac4b74-0f65-528c-8663-385629968448;MATCHED;E;5aca84d1-da8d-5c3b-906e-f495c1296704;SHL-BOS-696917;;FT-BOS-20260925-0048;N3271J;N3271J;B6915;2269.00;LTR;301966.73;304235.73;2269.00;0.8084;KGL;MEA;16.10;GR;1834.26;COA-BOS-20260925-3;2026-09-25T15:28:14Z;SHL-DN-696917;Verified;fuel.ops@airline.com;2026-09-25T17:34:14Z;HD-BOS-06;MTR-HD-BOS-06;ELECTRONIC;2026-09-25T15:34:14Z;SEED_B6_ADSB;2026-09-25T15:34:14Z;SEED_B6_ADSB;d16edb59-65d3-58c1-8ce0-bc0d1041e34b;1.3166;2987.37;USD
cd63d674-e98d-535b-b096-0d86875266e0;c9516654-3c5a-5e60-84bd-29122eddd9b7;MATCHED;E;b17a3108-c109-5e14-a12c-afee3b9dae3e;WFS-JFK-403925;;FT-JFK-20260925-0040;N947JB;N947JB;B6211;16365.00;LTR;168491.28;184856.28;16365.00;0.8004;KGL;MEA;19.60;GR;13098.55;COA-JFK-20260925-1;2026-09-25T15:21:20Z;WFS-DN-403925;Verified;fuel.ops@airline.com;2026-09-25T17:43:20Z;HD-JFK-05;MTR-HD-JFK-05;ELECTRONIC;2026-09-25T15:43:20Z;SEED_B6_ADSB;2026-09-25T15:43:20Z;SEED_B6_ADSB;88136ecf-6d09-579f-a0b9-dd1921d62c9b;1.3071;21390.69;USD
47b7a055-b6e5-5f90-bdf6-eb9ee0ceb94a;4ef49c02-7a32-5eef-af54-adf0a0fcd242;MATCHED;E;f8801c03-b6de-58ee-a4c2-d0b1e1dc54bc;WFS-LGA-756532;;FT-LGA-20260925-0006;N3260J;N3260J;B62432;1701.00;LTR;693539.62;695240.62;1701.00;0.7978;KGL;MEA;19.40;GR;1357.06;COA-LGA-20260925-1;2026-09-25T15:30:08Z;WFS-DN-756532;Verified;fuel.ops@airline.com;2026-09-25T17:36:08Z;HD-LGA-07;MTR-HD-LGA-07;ELECTRONIC;2026-09-25T15:36:08Z;SEED_B6_ADSB;2026-09-25T15:36:08Z;SEED_B6_ADSB;8630451d-7f42-5dd8-9093-3bc63f9f5dfe;1.3124;2232.39;USD
e7487199-8ccd-5115-8e10-b37636c32118;560f5238-7935-5981-9200-c8d86d869a38;MATCHED;E;745ef584-b7fa-508e-abd5-b81748bceb9d;WFS-JFK-403927;;FT-JFK-20260925-0041;N635JB;N635JB;B61603;17055.00;LTR;287224.57;304279.57;17055.00;0.8000;KGL;MEA;20.20;GR;13644;COA-JFK-20260925-1;2026-09-25T15:26:21Z;WFS-DN-403927;Verified;fuel.ops@airline.com;2026-09-25T17:48:21Z;HD-JFK-21;MTR-HD-JFK-21;ELECTRONIC;2026-09-25T15:48:21Z;SEED_B6_ADSB;2026-09-25T15:48:21Z;SEED_B6_ADSB;a12c3189-35ed-5397-b2bb-65150f1859d2;1.3071;22292.59;USD
34d3f0cc-4888-53f9-9dbf-f04857bf60bc;49cd6863-587a-5bcf-a1e7-48b7fa0354f2;MATCHED;M;4f8d59f4-04f4-577a-87dd-5b1e03d0aa2a;WFS-PVD-219755;;FT-PVD-20260925-0003;N784JB;N784JB;B62087;7270.00;LTR;667879.28;675149.28;7270.00;0.8121;KGL;MEA;15.70;GR;5903.97;COA-PVD-20260925-1;2026-09-25T15:52:59Z;WFS-DN-219755;Verified;fuel.ops@airline.com;2026-09-25T18:08:59Z;RF-PVD-09;MTR-RF-PVD-09;MANUAL;2026-09-25T16:08:59Z;SEED_B6_ADSB;2026-09-25T16:08:59Z;SEED_B6_ADSB;7f89cb1a-371a-5180-9081-8d382b0d0d5f;1.3601;9887.93;USD
8b93855a-78d6-50a1-9ffb-ec6f49652143;195ca1db-0a0a-5c71-8e48-8c1aa6f7b7d8;MATCHED;E;f0124951-9a4b-5912-acb9-1b8622a9c646;SHL-FLL-485197;;FT-FLL-20260925-0034;N3280J;N3280J;B62094;6240.00;LTR;343489.19;349729.19;6240.00;0.7925;KGL;MEA;23.40;GR;4945.2;COA-FLL-20260925-3;2026-09-25T15:43:27Z;SHL-DN-485197;Verified;fuel.ops@airline.com;2026-09-25T17:53:27Z;HD-FLL-08;MTR-HD-FLL-08;ELECTRONIC;2026-09-25T15:53:27Z;SEED_B6_ADSB;2026-09-25T15:53:27Z;SEED_B6_ADSB;91ef98c9-accf-52d2-baeb-01a53640da17;1.2386;7728.86;USD
9cc3ac5b-1f32-5eb9-bff5-858db04855d5;349323d2-8a1e-5ae1-9c28-c7651539810b;MATCHED;E;7acb1035-0272-5b41-83ce-e7c02bc68e47;SHL-FLL-485198;;FT-FLL-20260925-0035;N630JB;N630JB;B62020;8813.00;LTR;438686.87;447499.87;8813.00;0.7913;KGL;MEA;24.80;GR;6973.73;COA-FLL-20260925-3;2026-09-25T15:43:19Z;SHL-DN-485198;Verified;fuel.ops@airline.com;2026-09-25T17:56:19Z;HD-FLL-13;MTR-HD-FLL-13;ELECTRONIC;2026-09-25T15:56:19Z;SEED_B6_ADSB;2026-09-25T15:56:19Z;SEED_B6_ADSB;d94d15a9-fc65-5831-8e4d-62a6774027b6;1.2386;10915.78;USD
78cb6b61-9bb6-56a3-a218-0e2712cb4739;2a80aa02-86be-5a40-aa9c-720118adbe02;MATCHED;E;f6c33a84-47cd-5ac4-acfd-719723b267c4;WFS-BOS-479020;;FT-BOS-20260925-0049;N3310J;N3310J;B6249;5437.00;LTR;483678.87;489115.87;5437.00;0.8053;KGL;MEA;20.00;GR;4378.42;COA-BOS-20260925-3;2026-09-25T15:28:43Z;WFS-DN-479020;Verified;fuel.ops@airline.com;2026-09-25T17:37:43Z;HD-BOS-11;MTR-HD-BOS-11;ELECTRONIC;2026-09-25T15:37:43Z;SEED_B6_ADSB;2026-09-25T15:37:43Z;SEED_B6_ADSB;77d3dfc1-bf19-53a8-9db9-5ec58df8b986;1.3199;7176.3;USD
88bf0331-7657-5bb5-a419-ee72b319854a;3e5f9468-bd61-567e-b35c-59e63008f74a;MATCHED;E;5b2b4749-3356-5d7e-86fd-99ad3e99cbd3;SHL-JFK-512718;;FT-JFK-20260925-0042;N957JB;N957JB;B62201;7311.00;LTR;661251.88;668562.88;7311.00;0.8041;KGL;MEA;15.00;GR;5878.78;COA-JFK-20260925-1;2026-09-25T15:42:40Z;SHL-DN-512718;Verified;fuel.ops@airline.com;2026-09-25T17:54:40Z;HD-JFK-06;MTR-HD-JFK-06;ELECTRONIC;2026-09-25T15:54:40Z;SEED_B6_ADSB;2026-09-25T15:54:40Z;SEED_B6_ADSB;03fdac01-95ce-5732-833f-c1090f251df3;1.3158;9619.81;USD
b5adc37b-48a1-5080-98b6-637cd9d19ff3;0d7eb09a-5461-53b2-8fe5-da0c1bd406a3;MATCHED;E;cd041abc-c6ff-563f-833b-03d23750e056;SHL-FLL-485200;;FT-FLL-20260925-0036;N705JB;N705JB;B61575;2992.00;LTR;330314.21;333306.21;2992.00;0.7928;KGL;MEA;23.00;GR;2372.06;COA-FLL-20260925-3;2026-09-25T15:34:09Z;SHL-DN-485200;Verified;fuel.ops@airline.com;2026-09-25T17:41:09Z;HD-FLL-21;MTR-HD-FLL-21;ELECTRONIC;2026-09-25T15:41:09Z;SEED_B6_ADSB;2026-09-25T15:41:09Z;SEED_B6_ADSB;c6761d9c-9266-5eb5-8c2d-a8594478ef99;1.2386;3705.89;USD
11f95b42-1f06-5811-839e-d9c32963f7ce;cd4b32d9-095a-5634-a685-e953011c17f9;MATCHED;E;4f36bcf1-43c3-57e9-8fce-5eaf062095e8;SHL-MCO-595745;;FT-MCO-20260925-0017;N768JB;N768JB;B61133;7137.00;LTR;466301.69;473438.69;7137.00;0.7932;KGL;MEA;22.80;GR;5661.07;COA-MCO-20260925-1;2026-09-25T15:53:02Z;SHL-DN-595745;Verified;fuel.ops@airline.com;2026-09-25T18:05:02Z;HD-MCO-09;MTR-HD-MCO-09;ELECTRONIC;2026-09-25T16:05:02Z;SEED_B6_ADSB;2026-09-25T16:05:02Z;SEED_B6_ADSB;29b66e6f-5370-51b0-84ad-444ca81a8731;1.2537;8947.66;USD
4a821666-ac5a-5e7a-b367-72e8abc719f4;351638d8-010d-59cd-94bb-05414e998a40;MATCHED;E;6c4c3c4d-e356-51d4-97fa-b87bd6a2de31;BPA-MCO-339267;;FT-MCO-20260925-0018;N3138J;N3138J;B62656;6346.00;LTR;634190.46;640536.46;6346.00;0.7918;KGL;MEA;24.60;GR;5024.76;COA-MCO-20260925-1;2026-09-25T15:37:16Z;BPA-DN-339267;Verified;fuel.ops@airline.com;2026-09-25T17:47:16Z;HD-MCO-22;MTR-HD-MCO-22;ELECTRONIC;2026-09-25T15:47:16Z;SEED_B6_ADSB;2026-09-25T15:47:16Z;SEED_B6_ADSB;a6cf0e04-acc5-5fad-80bb-a458732377bd;1.2482;7921.08;USD
0b861baf-cd7e-54de-88e8-a7bb55ea57ce;7af95207-2c30-5288-80f2-94a71256ca3d;MATCHED;M;e7a4a831-d70a-583e-bb1b-3b50c09b9168;WFS-HPN-788047;;FT-HPN-20260925-0009;N565JB;N565JB;B61251;7995.00;LTR;518818.88;526813.88;7995.00;0.7971;KGL;MEA;19.70;GR;6372.81;COA-HPN-20260925-2;2026-09-25T15:57:38Z;WFS-DN-788047;Verified;fuel.ops@airline.com;2026-09-25T18:15:38Z;RF-HPN-07;MTR-RF-HPN-07;MANUAL;2026-09-25T16:15:38Z;SEED_B6_ADSB;2026-09-25T16:15:38Z;SEED_B6_ADSB;d7d7fa7e-5b57-567d-a586-c0bb56e0c95e;1.3639;10904.38;USD
68b0072e-80fa-521b-a470-9ec4c052237b;e6faf246-9bd9-5882-b3b1-ed4cecc33473;MATCHED;E;6a196962-473e-5fe3-a1d7-498a06541246;WFS-ATL-755194;;FT-ATL-20260925-0004;N3261J;N3261J;B6896;5299.00;LTR;450531.29;455830.29;5299.00;0.7947;KGL;MEA;22.30;GR;4211.12;COA-ATL-20260925-2;2026-09-25T15:50:03Z;WFS-DN-755194;Verified;fuel.ops@airline.com;2026-09-25T17:59:03Z;HD-ATL-21;MTR-HD-ATL-21;ELECTRONIC;2026-09-25T15:59:03Z;SEED_B6_ADSB;2026-09-25T15:59:03Z;SEED_B6_ADSB;ab52721e-77cb-59b1-9bfe-403abd86b10e;1.2179;6453.65;USD
108f515d-a9f0-5767-8580-d80407f8a04d;1c1bb249-54b9-5086-a277-91116215defb;MATCHED;M;a16bc396-c1a0-5f05-a534-a9e8cd396202;WFS-BUF-723689;;FT-BUF-20260925-0004;N3244J;N3244J;B61901;2276.00;LTR;539127.11;541403.11;2276.00;0.8010;KGL;MEA;17.00;GR;1823.08;COA-BUF-20260925-3;2026-09-25T15:45:26Z;WFS-DN-723689;Verified;fuel.ops@airline.com;2026-09-25T17:52:26Z;RF-BUF-09;MTR-RF-BUF-09;MANUAL;2026-09-25T15:52:26Z;SEED_B6_ADSB;2026-09-25T15:52:26Z;SEED_B6_ADSB;91371f4a-6202-5821-aeeb-300b097e512d;1.3346;3037.55;USD
1ea57ea2-c1c1-5cf8-9423-33c6ffc6c2ca;974ab7a3-4cb6-59ac-81db-4264a03b07b2;MATCHED;E;ae418214-a5c8-5720-ba7b-517fe552ce62;SHL-FLL-485201;;FT-FLL-20260925-0037;N3203J;N3203J;B61680;5898.00;LTR;497855.17;503753.17;5898.00;0.7900;KGL;MEA;26.50;GR;4659.42;COA-FLL-20260925-3;2026-09-25T15:50:16Z;SHL-DN-485201;Verified;fuel.ops@airline.com;2026-09-25T18:00:16Z;HD-FLL-10;MTR-HD-FLL-10;ELECTRONIC;2026-09-25T16:00:16Z;SEED_B6_ADSB;2026-09-25T16:00:16Z;SEED_B6_ADSB;196b6bd4-c658-52e9-b811-f0300673072f;1.2386;7305.26;USD
49bd5f66-11a4-51b5-b962-e021c7e23304;a7488dfa-811f-581e-bcfc-f65de786f306;MATCHED;E;30209a7f-7dc5-5a82-9ba9-961312a6ed79;WFS-FLL-457541;;FT-FLL-20260925-0038;N828JB;N828JB;B6272;16317.00;LTR;136093.97;152410.97;16317.00;0.7910;KGL;MEA;25.20;GR;12906.75;COA-FLL-20260925-3;2026-09-25T15:48:53Z;WFS-DN-457541;Verified;fuel.ops@airline.com;2026-09-25T18:10:53Z;HD-FLL-19;MTR-HD-FLL-19;ELECTRONIC;2026-09-25T16:10:53Z;SEED_B6_ADSB;2026-09-25T16:10:53Z;SEED_B6_ADSB;c2331f5c-56e7-5b77-8147-f76badbb44c9;1.2423;20270.61;USD
0c24cb63-a006-5513-a2d7-79b0f1564a48;17dffbd6-882c-51bf-ace7-61f6293e7e33;MATCHED;M;c61b31dc-fcad-5f9c-9f72-9434519b07f8;AVF-CHS-586553;;FT-CHS-20260925-0002;N3142J;N3142J;B6568;5820.00;LTR;551876.95;557696.95;5820.00;0.7990;KGL;MEA;18.40;GR;4650.18;COA-CHS-20260925-1;2026-09-25T15:51:42Z;AVF-DN-586553;Verified;fuel.ops@airline.com;2026-09-25T18:04:42Z;RF-CHS-24;MTR-RF-CHS-24;MANUAL;2026-09-25T16:04:42Z;SEED_B6_ADSB;2026-09-25T16:04:42Z;SEED_B6_ADSB;ef17d210-d1ac-5902-838b-5bcab5361dcb;1.2676;7377.43;USD
2cb08a7f-a55f-53bf-ad9c-159a5fa41295;c1a199fd-b23b-5dbc-bc9a-40e53a1364e9;MATCHED;M;80e76f5f-0919-58e3-a5cd-a7c4276b5fe4;SHL-PBI-381700;;FT-PBI-20260925-0006;N949JT;N949JT;B622;9412.00;LTR;275728.69;285140.69;9412.00;0.8033;KGL;MEA;25.30;GR;7560.66;COA-PBI-20260925-3;2026-09-25T15:53:15Z;SHL-DN-381700;Verified;fuel.ops@airline.com;2026-09-25T18:12:15Z;RF-PBI-22;MTR-RF-PBI-22;MANUAL;2026-09-25T16:12:15Z;SEED_B6_ADSB;2026-09-25T16:12:15Z;SEED_B6_ADSB;721f8c8e-e186-5cf2-8cc0-95c5128bf42e;1.2739;11989.95;USD
fac012e2-8642-50e5-8906-837eed4485a1;2b9d44de-9d60-5d81-8abd-865fa7d35555;MATCHED;E;106a5dda-12f7-5084-aaac-28d91ab90c61;CGA-IAH-360689;;FT-IAH-20260925-0003;N3308J;N3308J;B61382;8630.00;LTR;827092.00;835722.00;8630.00;0.8031;KGL;MEA;22.50;GR;6930.75;COA-IAH-20260925-3;2026-09-25T16:06:36Z;CGA-DN-360689;Verified;fuel.ops@airline.com;2026-09-25T18:19:36Z;HD-IAH-17;MTR-HD-IAH-17;ELECTRONIC;2026-09-25T16:19:36Z;SEED_B6_ADSB;2026-09-25T16:19:36Z;SEED_B6_ADSB;04f21f67-e7cc-59df-9ab6-1c622f65ba8a;1.2332;10642.52;USD
b2ddabfe-b145-5f14-a0b3-4a7638a82ab6;8d2c6a23-a3ba-5d7c-ab1f-d2c8a3c7a7ea;MATCHED;M;5d1f9f9f-b321-56ca-91ce-5078c817a59b;WFS-ROC-474934;;FT-ROC-20260925-0002;N580JB;N580JB;B61043;6582.00;LTR;256617.23;263199.23;6582.00;0.8088;KGL;MEA;14.60;GR;5323.52;COA-ROC-20260925-1;2026-09-25T16:14:17Z;WFS-DN-474934;Verified;fuel.ops@airline.com;2026-09-25T18:28:17Z;RF-ROC-07;MTR-RF-ROC-07;MANUAL;2026-09-25T16:28:17Z;SEED_B6_ADSB;2026-09-25T16:28:17Z;SEED_B6_ADSB;36d2053f-9119-5fb1-924a-5caa38fcdbb8;1.3406;8823.83;USD
b8ad8fa0-0b55-58a0-a253-900be9b677a5;295bd4e6-7919-5672-b66f-6b0f9c16443b;MATCHED;M;f0e1f8bf-7088-5958-ab99-5ce75e631e03;WFS-RDU-697039;;FT-RDU-20260925-0006;N603JB;N603JB;B62925;6311.00;LTR;142416.26;148727.26;6311.00;0.8059;KGL;MEA;18.00;GR;5086.03;COA-RDU-20260925-1;2026-09-25T16:06:47Z;WFS-DN-697039;Verified;fuel.ops@airline.com;2026-09-25T18:20:47Z;RF-RDU-19;MTR-RF-RDU-19;MANUAL;2026-09-25T16:20:47Z;SEED_B6_ADSB;2026-09-25T16:20:47Z;SEED_B6_ADSB;db5f9294-6f9d-5241-a60f-221f503cafb2;1.2819;8090.07;USD
1e833416-903a-59ac-a88e-1ec8e5238982;7f8631e1-52f0-5fa3-a3f8-0ade0887090d;MATCHED;E;a797b6a0-6901-5e13-a98f-5299c5ae6bbd;WFS-BOS-479022;;FT-BOS-20260925-0050;N643JB;N643JB;B6509;7326.00;LTR;332430.48;339756.48;7326.00;0.8088;KGL;MEA;15.60;GR;5925.27;COA-BOS-20260925-3;2026-09-25T15:57:43Z;WFS-DN-479022;Verified;fuel.ops@airline.com;2026-09-25T18:09:43Z;HD-BOS-23;MTR-HD-BOS-23;ELECTRONIC;2026-09-25T16:09:43Z;SEED_B6_ADSB;2026-09-25T16:09:43Z;SEED_B6_ADSB;a8670b9c-8631-55cd-a5f8-29edb15d5925;1.3199;9669.59;USD
350a182a-5ebe-5afb-9177-00250b12050b;e12d5561-4551-51c2-9c0b-8c2adc9e690f;MATCHED;E;a0a3977e-ce42-5b0c-b4f0-fcc9cf7f57eb;WFS-JFK-403930;;FT-JFK-20260925-0043;N955JB;N955JB;B683;7083.00;LTR;168491.28;175574.28;7083.00;0.8035;KGL;MEA;15.80;GR;5691.19;COA-JFK-20260925-1;2026-09-25T16:15:04Z;WFS-DN-403930;Verified;fuel.ops@airline.com;2026-09-25T18:26:04Z;HD-JFK-05;MTR-HD-JFK-05;ELECTRONIC;2026-09-25T16:26:04Z;SEED_B6_ADSB;2026-09-25T16:26:04Z;SEED_B6_ADSB;49e53e1e-1cdf-5d29-8a5e-206177effa8c;1.3071;9258.19;USD
9163cc8a-db72-5ad8-ada5-5abc08c39105;1f4dada2-42a1-54b7-b1ea-bad0b8d45388;MATCHED;E;59483a84-f229-5f4f-b3e8-e3297640b442;PMA-SJU-755475;;FT-SJU-20260925-0007;N999JQ;N999JQ;B61004;14657.00;LTR;224570.25;239227.25;14657.00;0.7992;KGL;MEA;29.60;GR;11713.87;COA-SJU-20260925-3;2026-09-25T16:11:23Z;PMA-DN-755475;Verified;fuel.ops@airline.com;2026-09-25T18:31:23Z;HD-SJU-15;MTR-HD-SJU-15;ELECTRONIC;2026-09-25T16:31:23Z;SEED_B6_ADSB;2026-09-25T16:31:23Z;SEED_B6_ADSB;999687dc-a4f2-5f77-ac76-2cbf4ce16b85;1.3038;19109.8;USD
583511a0-3f02-507a-82f0-160d08ab9230;9475928c-b626-528f-b73b-bc8ec7aeee35;MATCHED;E;e7339b4b-4dd5-5c93-91bd-e59acbe2a2a1;BPA-MCO-339269;;FT-MCO-20260925-0019;N505JB;N505JB;B6546;15412.00;LTR;322831.70;338243.70;15412.00;0.7915;KGL;MEA;25.00;GR;12198.6;COA-MCO-20260925-1;2026-09-25T16:17:04Z;BPA-DN-339269;Verified;fuel.ops@airline.com;2026-09-25T18:38:04Z;HD-MCO-03;MTR-HD-MCO-03;ELECTRONIC;2026-09-25T16:38:04Z;SEED_B6_ADSB;2026-09-25T16:38:04Z;SEED_B6_ADSB;162e69b4-f3a1-5636-963a-d9a7bf5e00a2;1.2482;19237.26;USD
016ea64b-98df-56c1-a29a-acdaa5117191;e78982dd-a787-5831-a7a6-4b3ff1e4ece5;MATCHED;E;b53fd754-4be5-5c1d-98aa-d690079f1d67;WFS-FLL-457543;;FT-FLL-20260925-0039;N593JB;N593JB;B62118;2622.00;LTR;851529.67;854151.67;2622.00;0.7923;KGL;MEA;23.60;GR;2077.41;COA-FLL-20260925-3;2026-09-25T16:30:54Z;WFS-DN-457543;Verified;fuel.ops@airline.com;2026-09-25T18:37:54Z;HD-FLL-01;MTR-HD-FLL-01;ELECTRONIC;2026-09-25T16:37:54Z;SEED_B6_ADSB;2026-09-25T16:37:54Z;SEED_B6_ADSB;b7a9d9aa-074c-5d81-8f21-a2f18466cd7d;1.2423;3257.31;USD
3da9af01-78be-5c7f-9bba-c1973c2b139b;08a69667-7d6a-5c0c-b894-581f0b405e1f;MATCHED;E;61e3294c-e716-5386-a584-dd0bb8712de3;CGA-SFO-275649;;FT-SFO-20260925-0004;N985JT;N985JT;B61734;19573.00;LTR;456761.41;476334.41;19573.00;0.8055;KGL;MEA;16.20;GR;15766.05;COA-SFO-20260925-1;2026-09-25T16:22:55Z;CGA-DN-275649;Verified;fuel.ops@airline.com;2026-09-25T18:47:55Z;HD-SFO-17;MTR-HD-SFO-17;ELECTRONIC;2026-09-25T16:47:55Z;SEED_B6_ADSB;2026-09-25T16:47:55Z;SEED_B6_ADSB;a48153d5-cb60-577d-8e65-8db6313497b2;1.3267;25967.5;USD
88b3d73c-a347-51b8-944b-0c82cfacc86b;49b8cf95-a03d-5790-9e30-04776c9c24a7;MATCHED;E;c2e8aad7-7bc6-5d83-9d70-69cabd559b07;BPA-DCA-429185;;FT-DCA-20260925-0009;N3102J;N3102J;B61254;2584.00;LTR;568193.81;570777.81;2584.00;0.7971;KGL;MEA;18.80;GR;2059.71;COA-DCA-20260925-1;2026-09-25T16:34:04Z;BPA-DN-429185;Verified;fuel.ops@airline.com;2026-09-25T18:40:04Z;HD-DCA-20;MTR-HD-DCA-20;ELECTRONIC;2026-09-25T16:40:04Z;SEED_B6_ADSB;2026-09-25T16:40:04Z;SEED_B6_ADSB;6b921e47-b7fc-55a4-8b5d-1327d52ae703;1.3157;3399.77;USD
c582d0a4-b9ba-5887-910d-42185fc3fea7;37d9c0c2-213f-50ac-a32e-b3a755989332;MATCHED;E;acfe4298-7236-5d21-add7-a9a0d03948b2;WFS-LAX-154047;;FT-LAX-20260925-0007;N987JT;N987JT;B6424;16492.00;LTR;373792.08;390284.08;16492.00;0.7953;KGL;MEA;19.50;GR;13116.09;COA-LAX-20260925-1;2026-09-25T16:16:05Z;WFS-DN-154047;Verified;fuel.ops@airline.com;2026-09-25T18:38:05Z;HD-LAX-17;MTR-HD-LAX-17;ELECTRONIC;2026-09-25T16:38:05Z;SEED_B6_ADSB;2026-09-25T16:38:05Z;SEED_B6_ADSB;8615c973-0f3e-5ada-a5ab-ed600fc89218;1.3029;21487.43;USD
a7cac683-b88c-5838-b338-8d828b1345ed;de10b37f-ddcf-5040-a5f8-a5a4ce72989a;MATCHED;E;1b7f6249-f00c-50cf-8744-cc5cf69f50fb;CGA-DFW-294821;;FT-DFW-20260925-0002;N612JB;N612JB;B6482;7052.00;LTR;317416.71;324468.71;7052.00;0.7953;KGL;MEA;22.90;GR;5608.46;COA-DFW-20260925-2;2026-09-25T16:36:18Z;CGA-DN-294821;Verified;fuel.ops@airline.com;2026-09-25T18:48:18Z;HD-DFW-12;MTR-HD-DFW-12;ELECTRONIC;2026-09-25T16:48:18Z;SEED_B6_ADSB;2026-09-25T16:48:18Z;SEED_B6_ADSB;6f971078-a98c-5ba1-a9c8-cbfb36c9bd7d;1.2397;8742.36;USD
bbb69d47-0326-54e6-b460-77f209fbfb01;631fbf83-fe01-5fd0-97b9-5f79273aeaef;MATCHED;E;e75c5fe8-f41f-5f03-995b-34b13341f623;WFS-FLL-457545;;FT-FLL-20260925-0040;N640JB;N640JB;B62182;9452.00;LTR;697327.97;706779.97;9452.00;0.7918;KGL;MEA;24.20;GR;7484.09;COA-FLL-20260925-3;2026-09-25T16:40:28Z;WFS-DN-457545;Verified;fuel.ops@airline.com;2026-09-25T18:54:28Z;HD-FLL-15;MTR-HD-FLL-15;ELECTRONIC;2026-09-25T16:54:28Z;SEED_B6_ADSB;2026-09-25T16:54:28Z;SEED_B6_ADSB;fb6d9004-e44a-53b3-97d4-d8ed36ddbc59;1.2423;11742.22;USD
8449b388-fe90-508a-8f35-916f36c045b0;25d9cdf4-c708-5e20-b091-c99742ef01ae;MATCHED;E;8413c44b-9373-5990-870f-d955cdad6095;CGA-IAH-360690;;FT-IAH-20260925-0004;N605JB;N605JB;B62780;5435.00;LTR;820400.49;825835.49;5435.00;0.8040;KGL;MEA;21.40;GR;4369.74;COA-IAH-20260925-3;2026-09-25T16:41:06Z;CGA-DN-360690;Verified;fuel.ops@airline.com;2026-09-25T18:50:06Z;HD-IAH-21;MTR-HD-IAH-21;ELECTRONIC;2026-09-25T16:50:06Z;SEED_B6_ADSB;2026-09-25T16:50:06Z;SEED_B6_ADSB;71cc86dd-f035-519e-a81f-ee81d0da7159;1.2332;6702.44;USD
d5b0729d-5134-5a71-bb70-d896a8f2ec38;76f4468f-110f-5eea-9419-254dbe9e0755;MATCHED;E;5315304a-a59e-5d6c-b9b9-678b13dc3a93;SHL-JFK-512721;;FT-JFK-20260925-0044;N3241J;N3241J;B61118;1682.00;LTR;148372.18;150054.18;1682.00;0.8013;KGL;MEA;18.50;GR;1347.79;COA-JFK-20260925-1;2026-09-25T16:23:53Z;SHL-DN-512721;Verified;fuel.ops@airline.com;2026-09-25T18:28:53Z;HD-JFK-12;MTR-HD-JFK-12;ELECTRONIC;2026-09-25T16:28:53Z;SEED_B6_ADSB;2026-09-25T16:28:53Z;SEED_B6_ADSB;62d04646-9d89-5b59-8116-0c46cfe620e6;1.3158;2213.18;USD
5246a437-7a28-599b-9ba3-aed09a073b60;6e47f623-1332-594d-baee-e071a79c3dc7;MATCHED;E;9699f274-a315-5c37-ad13-38dfb785b40c;SHL-BOS-696918;;FT-BOS-20260925-0051;N3296J;N3296J;B6855;2380.00;LTR;334682.58;337062.58;2380.00;0.8056;KGL;MEA;19.60;GR;1917.33;COA-BOS-20260925-3;2026-09-25T16:23:57Z;SHL-DN-696918;Verified;fuel.ops@airline.com;2026-09-25T18:29:57Z;HD-BOS-16;MTR-HD-BOS-16;ELECTRONIC;2026-09-25T16:29:57Z;SEED_B6_ADSB;2026-09-25T16:29:57Z;SEED_B6_ADSB;416d2583-aff2-56a9-b27c-7a47cb34e79e;1.3166;3133.51;USD
55911d82-d41d-5fbb-9ab5-aeb2e1bc3758;0598e931-91a9-5bfc-bb54-91803f0bb005;MATCHED;E;963025ad-d3c2-5a1f-99b7-62e93c6fbf1d;WFS-ATL-755197;;FT-ATL-20260925-0005;N3145J;N3145J;B62097;3208.00;LTR;789200.14;792408.14;3208.00;0.7943;KGL;MEA;22.80;GR;2548.11;COA-ATL-20260925-2;2026-09-25T16:32:37Z;WFS-DN-755197;Verified;fuel.ops@airline.com;2026-09-25T18:39:37Z;HD-ATL-09;MTR-HD-ATL-09;ELECTRONIC;2026-09-25T16:39:37Z;SEED_B6_ADSB;2026-09-25T16:39:37Z;SEED_B6_ADSB;a02158b1-2664-590e-b42c-8420a8bca4ec;1.2179;3907.02;USD
586e3a5b-9222-5118-92ec-0a7496ce43ca;8894baec-476f-569e-a3d1-5bc7bb548876;MATCHED;E;482a409d-a739-5af9-b116-d6503dda758d;CGA-SFO-275650;;FT-SFO-20260925-0005;N984JB;N984JB;B6578;16387.00;LTR;889816.52;906203.52;16387.00;0.8025;KGL;MEA;20.00;GR;13150.57;COA-SFO-20260925-1;2026-09-25T16:42:15Z;CGA-DN-275650;Verified;fuel.ops@airline.com;2026-09-25T19:04:15Z;HD-SFO-04;MTR-HD-SFO-04;ELECTRONIC;2026-09-25T17:04:15Z;SEED_B6_ADSB;2026-09-25T17:04:15Z;SEED_B6_ADSB;b4d129a9-6fb6-53a0-ad0c-662043b6a357;1.3267;21740.63;USD
5f827568-0279-57fe-95c9-146c1eaaea44;45395dd2-613d-5e84-9bfa-15b937f3b0ea;MATCHED;E;3553e150-7d1e-5a3c-a193-f227bd7e81f0;BPA-EWR-657014;;FT-EWR-20260925-0006;N655JB;N655JB;B6127;6626.00;LTR;671767.24;678393.24;6626.00;0.8049;KGL;MEA;15.60;GR;5333.27;COA-EWR-20260925-2;2026-09-25T16:45:59Z;BPA-DN-657014;Verified;fuel.ops@airline.com;2026-09-25T18:56:59Z;HD-EWR-13;MTR-HD-EWR-13;ELECTRONIC;2026-09-25T16:56:59Z;SEED_B6_ADSB;2026-09-25T16:56:59Z;SEED_B6_ADSB;06b8560e-d692-5283-b043-7158701ead1b;1.3204;8748.97;USD
8fc46013-e863-593f-b3c4-e4fcf41ec3a8;a7c77317-523a-5c60-a04c-09a585aa795e;MATCHED;E;be08ebbe-eca1-5f6b-981d-a3ac388bfc39;SHL-BOS-696919;;FT-BOS-20260925-0052;N3304J;N3304J;B61859;2730.00;LTR;322120.78;324850.78;2730.00;0.8055;KGL;MEA;19.80;GR;2199.01;COA-BOS-20260925-3;2026-09-25T16:48:17Z;SHL-DN-696919;Verified;fuel.ops@airline.com;2026-09-25T18:54:17Z;HD-BOS-12;MTR-HD-BOS-12;ELECTRONIC;2026-09-25T16:54:17Z;SEED_B6_ADSB;2026-09-25T16:54:17Z;SEED_B6_ADSB;68468dd9-3200-5da6-9d4d-c6ed6cd41b38;1.3166;3594.32;USD
0441f06b-db83-52ee-b2b3-64d464e27f26;713d0f36-bf3a-5907-a894-e7402828f374;MATCHED;E;a4a89953-84cb-526a-88f5-26b6688bb892;CGA-SAN-368879;;FT-SAN-20260925-0001;N981JT;N981JT;B6190;17300.00;LTR;228973.10;246273.10;17300.00;0.8022;KGL;MEA;20.00;GR;13878.06;COA-SAN-20260925-1;2026-09-25T17:00:43Z;CGA-DN-368879;Verified;fuel.ops@airline.com;2026-09-25T19:23:43Z;HD-SAN-13;MTR-HD-SAN-13;ELECTRONIC;2026-09-25T17:23:43Z;SEED_B6_ADSB;2026-09-25T17:23:43Z;SEED_B6_ADSB;e2cd2791-61d1-5f82-8aba-2dea8689655a;1.3102;22666.46;USD
672d89c6-a0e5-57d6-9e39-898d63a473e7;6df35aab-c591-5640-a17a-872046b321e4;MATCHED;E;de5fa91a-0d35-5ed4-999b-55e1e40006a9;CGA-LAX-552080;;FT-LAX-20260925-0008;N968JT;N968JT;B61700;15303.00;LTR;276217.50;291520.50;15303.00;0.7957;KGL;MEA;19.10;GR;12176.6;COA-LAX-20260925-1;2026-09-25T16:40:37Z;CGA-DN-552080;Verified;fuel.ops@airline.com;2026-09-25T19:00:37Z;HD-LAX-14;MTR-HD-LAX-14;ELECTRONIC;2026-09-25T17:00:37Z;SEED_B6_ADSB;2026-09-25T17:00:37Z;SEED_B6_ADSB;abae63e7-f97f-5f76-9f79-358a3e8e7e10;1.3080;20016.32;USD
0835f6c5-5d8c-5938-86fe-1ada09db7dd0;39e05501-e346-5278-b4bd-05b5f62d14cc;MATCHED;M;17935eac-a2f4-5a9b-a258-866244fb8773;WFS-RDU-697040;;FT-RDU-20260925-0007;N3275J;N3275J;B62786;2995.00;LTR;107750.93;110745.93;2995.00;0.8057;KGL;MEA;18.30;GR;2413.07;COA-RDU-20260925-1;2026-09-25T16:55:02Z;WFS-DN-697040;Verified;fuel.ops@airline.com;2026-09-25T19:04:02Z;RF-RDU-12;MTR-RF-RDU-12;MANUAL;2026-09-25T17:04:02Z;SEED_B6_ADSB;2026-09-25T17:04:02Z;SEED_B6_ADSB;90dd6294-a406-5e07-a4e6-5c0fc497e1b8;1.2819;3839.29;USD
e37aa76c-ef20-57ce-8d9b-def9bec4e3c9;99141d06-d2f6-5558-a4e0-0f81c228f576;MATCHED;E;7eee9cd6-4406-590a-ae58-d2e9f0e8f86f;SHL-BOS-696922;;FT-BOS-20260925-0053;N3065J;N3065J;B61397;4598.00;LTR;334682.58;339280.58;4598.00;0.8091;KGL;MEA;15.20;GR;3720.24;COA-BOS-20260925-3;2026-09-25T16:46:10Z;SHL-DN-696922;Verified;fuel.ops@airline.com;2026-09-25T18:55:10Z;HD-BOS-16;MTR-HD-BOS-16;ELECTRONIC;2026-09-25T16:55:10Z;SEED_B6_ADSB;2026-09-25T16:55:10Z;SEED_B6_ADSB;ae9606b7-3283-5a47-b604-2ab7bade1f77;1.3166;6053.73;USD
287d3a51-4340-5edd-bafa-2f85e9bb318b;79609f45-cb75-55c9-aca1-538388042ede;MATCHED;E;1c7fc93b-6c74-5910-9949-53bae1f8907d;CGA-LAS-427508;;FT-LAS-20260925-0003;N2169J;N2169J;B61578;11777.00;LTR;462992.47;474769.47;11777.00;0.7926;KGL;MEA;22.40;GR;9334.45;COA-LAS-20260925-2;2026-09-25T17:02:12Z;CGA-DN-427508;Verified;fuel.ops@airline.com;2026-09-25T19:19:12Z;HD-LAS-13;MTR-HD-LAS-13;ELECTRONIC;2026-09-25T17:19:12Z;SEED_B6_ADSB;2026-09-25T17:19:12Z;SEED_B6_ADSB;8fccd5d3-a020-5638-9c47-09559993a0a8;1.3082;15406.67;USD
f3aaca24-45e2-5156-90a4-8ef4a6e63598;fc538abb-7526-5b3d-9b50-49a4a7490dd0;MATCHED;M;831684b2-3bb3-5879-a939-d821ff81ffb2;WFS-ACK-768090;;FT-ACK-20260925-0003;N3232J;N3232J;B6831;2487.00;LTR;648596.39;651083.39;2487.00;0.7954;KGL;MEA;18.90;GR;1978.16;COA-ACK-20260925-1;2026-09-25T16:54:28Z;WFS-DN-768090;Verified;fuel.ops@airline.com;2026-09-25T19:02:28Z;RF-ACK-01;MTR-RF-ACK-01;MANUAL;2026-09-25T17:02:28Z;SEED_B6_ADSB;2026-09-25T17:02:28Z;SEED_B6_ADSB;c692d5af-9d6b-5cfe-b7c3-13404a616cdb;1.3264;3298.76;USD
ac43cb32-5f98-5101-b96f-7d3eacc18d42;b1d01277-0f73-5f01-9e80-0f010678b5e2;MATCHED;E;47c8152d-24f9-5cc1-a600-27e30165fc0c;WFS-BOS-479023;;FT-BOS-20260925-0054;N3221J;N3221J;B6407;6875.00;LTR;817566.23;824441.23;6875.00;0.8067;KGL;MEA;18.30;GR;5546.06;COA-BOS-20260925-3;2026-09-25T16:53:21Z;WFS-DN-479023;Verified;fuel.ops@airline.com;2026-09-25T19:04:21Z;HD-BOS-21;MTR-HD-BOS-21;ELECTRONIC;2026-09-25T17:04:21Z;SEED_B6_ADSB;2026-09-25T17:04:21Z;SEED_B6_ADSB;a36c8c67-a393-5594-a7bf-49602f720b39;1.3199;9074.31;USD
2a53d5e6-9e06-5e05-9752-8e8d85f303bd;e6528d32-beb8-5e07-87ff-cc080daf97cb;MATCHED;E;f8dcb3fd-6d9d-5f0f-8c38-129271788d10;BPA-MCO-339271;;FT-MCO-20260925-0020;N579JB;N579JB;B62324;5713.00;LTR;509450.78;515163.78;5713.00;0.7909;KGL;MEA;25.70;GR;4518.41;COA-MCO-20260925-1;2026-09-25T17:01:31Z;BPA-DN-339271;Verified;fuel.ops@airline.com;2026-09-25T19:11:31Z;HD-MCO-17;MTR-HD-MCO-17;ELECTRONIC;2026-09-25T17:11:31Z;SEED_B6_ADSB;2026-09-25T17:11:31Z;SEED_B6_ADSB;d4d7fd49-78b6-5c6a-9fb4-aeb7522db719;1.2482;7130.97;USD
e305fc2f-76f3-5d3a-8337-3d831e7ef989;9abfb7c7-5d34-5097-9f6d-fecf3dd26887;MATCHED;E;6d429020-09b6-54aa-82ef-00c8bf406a3c;BPA-TPA-704105;;FT-TPA-20260925-0005;N659JB;N659JB;B62076;2070.00;LTR;743263.15;745333.15;2070.00;0.8019;KGL;MEA;21.90;GR;1659.93;COA-TPA-20260925-3;2026-09-25T16:58:26Z;BPA-DN-704105;Verified;fuel.ops@airline.com;2026-09-25T19:04:26Z;HD-TPA-15;MTR-HD-TPA-15;ELECTRONIC;2026-09-25T17:04:26Z;SEED_B6_ADSB;2026-09-25T17:04:26Z;SEED_B6_ADSB;aedaa5f4-160e-5893-b71f-4ae5855d0305;1.2313;2548.79;USD
789854a7-9c27-5170-95da-0495b955ba99;87027a78-f330-5d4b-81a3-71567ed827ba;MATCHED;E;b20a368d-f902-50b2-8ab9-9caa4ac3afd6;SHL-FLL-485203;;FT-FLL-20260925-0041;N806JB;N806JB;B62379;6950.00;LTR;126546.92;133496.92;6950.00;0.7909;KGL;MEA;25.40;GR;5496.76;COA-FLL-20260925-3;2026-09-25T17:07:05Z;SHL-DN-485203;Verified;fuel.ops@airline.com;2026-09-25T19:19:05Z;HD-FLL-05;MTR-HD-FLL-05;ELECTRONIC;2026-09-25T17:19:05Z;SEED_B6_ADSB;2026-09-25T17:19:05Z;SEED_B6_ADSB;6387f75a-94d4-5881-8f47-29fc0a84f9d7;1.2386;8608.27;USD
4846046e-1c64-51b5-87f1-5a617d0c51af;a3d69f6e-5880-5330-9028-9ef29eb62be2;MATCHED;M;c87cfa24-aa1a-5380-a4dc-80d9a5162204;AVF-JAX-322597;;FT-JAX-20260925-0003;N661JB;N661JB;B62117;3288.00;LTR;229469.64;232757.64;3288.00;0.7968;KGL;MEA;22.30;GR;2619.88;COA-JAX-20260925-3;2026-09-25T17:05:16Z;AVF-DN-322597;Verified;fuel.ops@airline.com;2026-09-25T19:14:16Z;RF-JAX-13;MTR-RF-JAX-13;MANUAL;2026-09-25T17:14:16Z;SEED_B6_ADSB;2026-09-25T17:14:16Z;SEED_B6_ADSB;6e5ab860-109c-5ec0-868b-a1c4497c761d;1.2746;4190.88;USD
6ee3f1a6-3021-50ba-8eea-1c20b6515db7;33aee057-0cf2-51a1-a636-9cec12dda78f;MATCHED;M;f0fb32ce-00e7-57f4-a8ca-42beb71af962;AVF-MEM-462514;;FT-MEM-20260925-0001;N570JB;N570JB;B68801;12291.00;LTR;816135.57;828426.57;12291.00;0.8088;KGL;MEA;17.40;GR;9940.96;COA-MEM-20260925-2;2026-09-25T17:12:27Z;AVF-DN-462514;Verified;fuel.ops@airline.com;2026-09-25T19:36:27Z;RF-MEM-03;MTR-RF-MEM-03;MANUAL;2026-09-25T17:36:27Z;SEED_B6_ADSB;2026-09-25T17:36:27Z;SEED_B6_ADSB;253b0d2a-a37c-563a-ab52-326b9c8aa20f;1.2645;15541.97;USD
d7eb81af-d38f-5ede-b416-23e413b7c766;472c4a5d-d164-5fd3-9953-be3a6cc9078e;MATCHED;E;6425e807-7858-58ff-97ad-1703329a9177;WFS-LGA-756533;;FT-LGA-20260925-0007;N597JB;N597JB;B61371;9256.00;LTR;894147.53;903403.53;9256.00;0.7977;KGL;MEA;19.60;GR;7383.51;COA-LGA-20260925-1;2026-09-25T17:07:52Z;WFS-DN-756533;Verified;fuel.ops@airline.com;2026-09-25T19:21:52Z;HD-LGA-01;MTR-HD-LGA-01;ELECTRONIC;2026-09-25T17:21:52Z;SEED_B6_ADSB;2026-09-25T17:21:52Z;SEED_B6_ADSB;d64e030c-b01e-5247-9641-6cfcc3282a1b;1.3124;12147.57;USD
f11b9e96-f740-572a-9476-8b1f7df22497;b100c338-90d6-52cf-b4c2-5941054190b2;MATCHED;M;1aa949fc-b1b9-5423-bfe5-bf220dd3d9a5;AVF-SAV-611654;;FT-SAV-20260925-0001;N3276J;N3276J;B6342;3552.00;LTR;541782.24;545334.24;3552.00;0.7940;KGL;MEA;22.10;GR;2820.29;COA-SAV-20260925-1;2026-09-25T17:12:37Z;AVF-DN-611654;Verified;fuel.ops@airline.com;2026-09-25T19:21:37Z;RF-SAV-13;MTR-RF-SAV-13;MANUAL;2026-09-25T17:21:37Z;SEED_B6_ADSB;2026-09-25T17:21:37Z;SEED_B6_ADSB;d4deb16a-e3e6-5f53-8676-071ca502ab9e;1.2579;4468.06;USD
f979e34c-501f-571e-ba6c-e67e34d72d84;bd53b11f-2d9b-5998-8b31-78e3f4ebb523;MATCHED;E;c93fa271-c1b9-5ce1-b85c-ae99396ac4d6;SHL-JFK-512722;;FT-JFK-20260925-0045;N3215J;N3215J;B62902;1566.00;LTR;837353.02;838919.02;1566.00;0.8002;KGL;MEA;19.90;GR;1253.11;COA-JFK-20260925-1;2026-09-25T17:08:09Z;SHL-DN-512722;Verified;fuel.ops@airline.com;2026-09-25T19:13:09Z;HD-JFK-24;MTR-HD-JFK-24;ELECTRONIC;2026-09-25T17:13:09Z;SEED_B6_ADSB;2026-09-25T17:13:09Z;SEED_B6_ADSB;82121530-bec7-55aa-ab9c-5a6f387a13cb;1.3158;2060.54;USD
2fefb7ed-161b-5e8f-856c-8b385619f0e5;0f54cb6a-71f4-5612-8972-677d60fedf7a;MATCHED;E;d4242959-73a0-5951-838c-1baafa1aeffb;WFS-BOS-479025;;FT-BOS-20260925-0055;N3077J;N3077J;B6781;3787.00;LTR;249346.18;253133.18;3787.00;0.8064;KGL;MEA;18.60;GR;3053.84;COA-BOS-20260925-3;2026-09-25T17:24:04Z;WFS-DN-479025;Verified;fuel.ops@airline.com;2026-09-25T19:32:04Z;HD-BOS-04;MTR-HD-BOS-04;ELECTRONIC;2026-09-25T17:32:04Z;SEED_B6_ADSB;2026-09-25T17:32:04Z;SEED_B6_ADSB;c9faddac-8b28-55bc-9a7b-8afd7bbac040;1.3199;4998.46;USD
d83010a8-3020-5110-a078-182189c96263;7165de6c-e9cd-5552-9b0f-988f7e516f95;MATCHED;M;be4650f2-eb17-559b-8b16-517eb3ede3d4;WFS-BDL-333673;;FT-BDL-20260925-0005;N653JB;N653JB;B6437;7508.00;LTR;603868.98;611376.98;7508.00;0.7984;KGL;MEA;19.70;GR;5994.39;COA-BDL-20260925-3;2026-09-25T17:24:36Z;WFS-DN-333673;Verified;fuel.ops@airline.com;2026-09-25T19:40:36Z;RF-BDL-03;MTR-RF-BDL-03;MANUAL;2026-09-25T17:40:36Z;SEED_B6_ADSB;2026-09-25T17:40:36Z;SEED_B6_ADSB;eb72535b-209e-5c03-8464-3e7399750a4e;1.3516;10147.81;USD
0f99a483-08ee-5e15-aafe-6623f787b17d;e717f2b2-b7e3-5d1f-a79a-a5010462e2b3;MATCHED;M;7b15c7db-cdf2-5949-b4dc-89d3d129a5fb;WFS-BUF-723690;;FT-BUF-20260925-0005;N3271J;N3271J;B6916;2481.00;LTR;366611.18;369092.18;2481.00;0.8028;KGL;MEA;14.80;GR;1991.75;COA-BUF-20260925-3;2026-09-25T17:42:37Z;WFS-DN-723690;Verified;fuel.ops@airline.com;2026-09-25T19:50:37Z;RF-BUF-13;MTR-RF-BUF-13;MANUAL;2026-09-25T17:50:37Z;SEED_B6_ADSB;2026-09-25T17:50:37Z;SEED_B6_ADSB;ce5cd82e-26d3-5563-9b07-45c9f8bde7fb;1.3346;3311.14;USD
e6c34f33-3f17-5f12-9718-a832c42316da;b9dd65f1-2522-5d84-baa3-8f145733a6d3;MATCHED;E;cfee4c4c-0f79-5ed8-ae38-4472c69ac757;SHL-BOS-696924;;FT-BOS-20260925-0056;N996JL;N996JL;B62251;9024.00;LTR;322120.78;331144.78;9024.00;0.8092;KGL;MEA;15.10;GR;7302.22;COA-BOS-20260925-3;2026-09-25T17:13:19Z;SHL-DN-696924;Verified;fuel.ops@airline.com;2026-09-25T19:26:19Z;HD-BOS-12;MTR-HD-BOS-12;ELECTRONIC;2026-09-25T17:26:19Z;SEED_B6_ADSB;2026-09-25T17:26:19Z;SEED_B6_ADSB;ebff5291-da94-567e-b294-df69d2c41235;1.3166;11881;USD
de522b86-de43-5e55-8c65-9e489903ad32;738b6426-ccfd-5b41-8ad4-af58b6eb0a49;MATCHED;E;5c705be1-377e-52c3-83e4-503f395d19d9;BPA-PHL-493071;;FT-PHL-20260925-0004;N794JB;N794JB;B62275;7566.00;LTR;367899.20;375465.20;7566.00;0.8029;KGL;MEA;18.70;GR;6074.74;COA-PHL-20260925-2;2026-09-25T17:25:22Z;BPA-DN-493071;Verified;fuel.ops@airline.com;2026-09-25T19:37:22Z;HD-PHL-10;MTR-HD-PHL-10;ELECTRONIC;2026-09-25T17:37:22Z;SEED_B6_ADSB;2026-09-25T17:37:22Z;SEED_B6_ADSB;dba7be1d-5e8b-51b7-b71f-648aa8a18e89;1.3276;10044.62;USD
c2aa00a0-6dae-5b1f-a3bb-deac99d71162;0ac5e6f8-f5d5-5a20-9c30-642559324eae;MATCHED;M;5454a92e-5363-57c2-9814-8b89c0be3a15;WFS-BDL-333675;;FT-BDL-20260925-0006;N708JB;N708JB;B61475;10833.00;LTR;577711.84;588544.84;10833.00;0.8015;KGL;MEA;15.80;GR;8682.65;COA-BDL-20260925-3;2026-09-25T17:39:53Z;WFS-DN-333675;Verified;fuel.ops@airline.com;2026-09-25T20:01:53Z;RF-BDL-14;MTR-RF-BDL-14;MANUAL;2026-09-25T18:01:53Z;SEED_B6_ADSB;2026-09-25T18:01:53Z;SEED_B6_ADSB;1ed9474f-eff1-592c-b83b-9dee8eb7b7dd;1.3516;14641.88;USD
004f34fa-e798-5dba-8154-b1dce6d51067;8d156921-8953-5b36-9905-f405c7655816;MATCHED;E;a97500c2-6158-574e-b2bc-b8f3b5c96006;BPA-DCA-429186;;FT-DCA-20260925-0010;N3289J;N3289J;B61354;2447.00;LTR;584127.95;586574.95;2447.00;0.7971;KGL;MEA;18.80;GR;1950.5;COA-DCA-20260925-1;2026-09-25T17:27:08Z;BPA-DN-429186;Verified;fuel.ops@airline.com;2026-09-25T19:33:08Z;HD-DCA-19;MTR-HD-DCA-19;ELECTRONIC;2026-09-25T17:33:08Z;SEED_B6_ADSB;2026-09-25T17:33:08Z;SEED_B6_ADSB;e71fa26b-3f88-5fc5-9b85-6c071e7b7d7a;1.3157;3219.52;USD
c8ac7242-4545-51fe-bc3d-0f3a56f445ba;c73f78b0-accd-5a20-83d2-3cbfc4720162;MATCHED;E;5ef87c10-6ca2-5e88-8381-33ae166b6495;SHL-BOS-696926;;FT-BOS-20260925-0057;N3322J;N3322J;B62383;3682.00;LTR;249346.18;253028.18;3682.00;0.8073;KGL;MEA;17.50;GR;2972.48;COA-BOS-20260925-3;2026-09-25T17:25:10Z;SHL-DN-696926;Verified;fuel.ops@airline.com;2026-09-25T19:33:10Z;HD-BOS-04;MTR-HD-BOS-04;ELECTRONIC;2026-09-25T17:33:10Z;SEED_B6_ADSB;2026-09-25T17:33:10Z;SEED_B6_ADSB;76270335-7ff0-5d4d-a931-2174a6bda80f;1.3166;4847.72;USD
4869b683-c4da-5e6c-9d60-3c58ee6a964e;c89ba64b-c9bc-5ae4-b091-de7e173affbb;MATCHED;M;8fce3c33-999f-5a73-a5ae-1db28e1ffab0;BPA-PIT-505324;;FT-PIT-20260925-0004;N3196J;N3196J;B6386;4193.00;LTR;354735.43;358928.43;4193.00;0.8014;KGL;MEA;18.90;GR;3360.27;COA-PIT-20260925-2;2026-09-25T17:36:23Z;BPA-DN-505324;Verified;fuel.ops@airline.com;2026-09-25T19:46:23Z;RF-PIT-13;MTR-RF-PIT-13;MANUAL;2026-09-25T17:46:23Z;SEED_B6_ADSB;2026-09-25T17:46:23Z;SEED_B6_ADSB;932f8265-dbf2-559a-bd3a-e96b6a402fec;1.3492;5657.2;USD
aa75b36e-bdaf-5aae-a92c-1f2438118a05;a6321e5b-d2f0-5a12-9558-e2f22a3a2c9e;MATCHED;E;a406a530-9408-5c99-ad52-7b38988b01eb;WFS-LAX-154048;;FT-LAX-20260925-0009;N983JT;N983JT;B6988;17536.00;LTR;544704.77;562240.77;17536.00;0.7938;KGL;MEA;21.40;GR;13920.08;COA-LAX-20260925-1;2026-09-25T17:33:58Z;WFS-DN-154048;Verified;fuel.ops@airline.com;2026-09-25T19:56:58Z;HD-LAX-03;MTR-HD-LAX-03;ELECTRONIC;2026-09-25T17:56:58Z;SEED_B6_ADSB;2026-09-25T17:56:58Z;SEED_B6_ADSB;cde6a49d-8987-50a0-986e-0f13e74a4a3c;1.3029;22847.65;USD
c6a3aa27-7fd9-5ffd-b709-f4ab003b7b6f;1bbe89af-fdda-5a36-a566-b4e547109587;MATCHED;M;b70028a7-7259-5930-85f5-d839f85816bf;SHL-PBI-381703;;FT-PBI-20260925-0007;N613JB;N613JB;B624;7488.00;LTR;796004.80;803492.80;7488.00;0.8020;KGL;MEA;26.90;GR;6005.38;COA-PBI-20260925-3;2026-09-25T17:45:00Z;SHL-DN-381703;Verified;fuel.ops@airline.com;2026-09-25T20:01:00Z;RF-PBI-09;MTR-RF-PBI-09;MANUAL;2026-09-25T18:01:00Z;SEED_B6_ADSB;2026-09-25T18:01:00Z;SEED_B6_ADSB;efc47c2f-5c23-56ee-a7b6-5c8e8c66ba7d;1.2739;9538.96;USD
c94cbd43-0a81-5219-8053-15d83be5770a;7f317d6d-d21f-58a7-9f57-40ba54af463c;MATCHED;M;1f5b93d8-c403-5694-bae1-8806fcc08f4b;SOL-KIN-442790;;FT-KIN-20260925-0002;N805JB;N805JB;B61576;4936.00;LTR;364750.26;369686.26;4936.00;0.7992;KGL;MEA;25.70;GR;3944.85;COA-KIN-20260925-2;2026-09-25T17:37:17Z;SOL-DN-442790;Verified;fuel.ops@airline.com;2026-09-25T19:49:17Z;RF-KIN-17;MTR-RF-KIN-17;MANUAL;2026-09-25T17:49:17Z;SEED_B6_ADSB;2026-09-25T17:49:17Z;SEED_B6_ADSB;dd68969f-667f-5d5e-94ac-88ba24a4bb12;1.3736;6780.09;USD
d730f356-469f-513e-afa6-ad0f955ba894;56f51611-b800-5293-8f4d-58a5658bbe43;MATCHED;M;00dd83cc-a40b-52e4-b6fa-a387ec7576a7;WFS-HPN-788048;;FT-HPN-20260925-0010;N527JL;N527JL;B6367;7466.00;LTR;834531.34;841997.34;7466.00;0.8009;KGL;MEA;14.90;GR;5979.52;COA-HPN-20260925-2;2026-09-25T17:40:55Z;WFS-DN-788048;Verified;fuel.ops@airline.com;2026-09-25T19:56:55Z;RF-HPN-20;MTR-RF-HPN-20;MANUAL;2026-09-25T17:56:55Z;SEED_B6_ADSB;2026-09-25T17:56:55Z;SEED_B6_ADSB;ddc52750-becb-5948-a66e-6a92a2e37dae;1.3639;10182.88;USD
3130a3b1-d168-5308-85b3-fa299631b9c2;4b2effac-3ecd-562b-b71a-f964ea00c784;MATCHED;M;ccb1494c-8aa5-5ad7-b42f-5c79417cabf7;AVF-GSO-191124;;FT-GSO-20260925-0001;N958JB;N958JB;B68777;4840.00;LTR;163171.10;168011.10;4840.00;0.8004;KGL;MEA;22.60;GR;3873.94;COA-GSO-20260925-3;2026-09-25T17:38:03Z;AVF-DN-191124;Verified;fuel.ops@airline.com;2026-09-25T19:49:03Z;RF-GSO-06;MTR-RF-GSO-06;MANUAL;2026-09-25T17:49:03Z;SEED_B6_ADSB;2026-09-25T17:49:03Z;SEED_B6_ADSB;f150ea3f-ab0c-5e96-a30b-5fb506ecb4c1;1.2832;6210.69;USD
4d187ae6-5307-5bde-aed7-8440f36b294f;55962575-d86a-54d5-b59d-fb82cc75a70f;MATCHED;E;48046b86-561c-5b2d-8e30-b6e59a7f419f;CGA-LAX-552083;;FT-LAX-20260925-0010;N991JT;N991JT;B61874;18862.00;LTR;380066.30;398928.30;18862.00;0.7945;KGL;MEA;20.50;GR;14985.86;COA-LAX-20260925-1;2026-09-25T17:51:20Z;CGA-DN-552083;Verified;fuel.ops@airline.com;2026-09-25T20:15:20Z;HD-LAX-05;MTR-HD-LAX-05;ELECTRONIC;2026-09-25T18:15:20Z;SEED_B6_ADSB;2026-09-25T18:15:20Z;SEED_B6_ADSB;1f2bab14-e047-5b10-a022-a37a71a5e14a;1.3080;24671.5;USD
4d94eebc-1e78-534a-b739-0322789b357c;e50554bf-a58b-5803-a134-7b2854afe735;MATCHED;E;5d6aee37-de50-52cb-862e-10b114491bf2;BPA-MCO-339273;;FT-MCO-20260925-0021;N729JB;N729JB;B6598;7058.00;LTR;634190.46;641248.46;7058.00;0.7907;KGL;MEA;26.00;GR;5580.76;COA-MCO-20260925-1;2026-09-25T17:47:16Z;BPA-DN-339273;Verified;fuel.ops@airline.com;2026-09-25T19:58:16Z;HD-MCO-22;MTR-HD-MCO-22;ELECTRONIC;2026-09-25T17:58:16Z;SEED_B6_ADSB;2026-09-25T17:58:16Z;SEED_B6_ADSB;812511da-d004-53f3-b591-865fbb07b75f;1.2482;8809.8;USD
3f38ee27-f512-59d8-b709-b9a1eb3c4f5d;ef46a39e-45cc-54d9-8ceb-cbc0f553508c;MATCHED;E;6d85d96c-cc87-56d5-afa6-fa05dd5fe345;SHL-MCO-595746;;FT-MCO-20260925-0022;N779JB;N779JB;B6605;14161.00;LTR;727955.39;742116.39;14161.00;0.7942;KGL;MEA;21.60;GR;11246.67;COA-MCO-20260925-1;2026-09-25T17:55:17Z;SHL-DN-595746;Verified;fuel.ops@airline.com;2026-09-25T20:14:17Z;HD-MCO-16;MTR-HD-MCO-16;ELECTRONIC;2026-09-25T18:14:17Z;SEED_B6_ADSB;2026-09-25T18:14:17Z;SEED_B6_ADSB;5cc18e94-884a-52ee-8910-455b91d51e39;1.2537;17753.65;USD
1864c3b7-bc4c-5775-940e-df25907829df;eb9ce247-2c12-5a44-963f-335690c56dbc;MATCHED;E;78a93c9e-8ab9-5aef-b92a-0f2234e34c52;CGA-LAS-427509;;FT-LAS-20260925-0004;N986JB;N986JB;B6708;13297.00;LTR;711723.34;725020.34;13297.00;0.7948;KGL;MEA;19.60;GR;10568.46;COA-LAS-20260925-2;2026-09-25T17:41:45Z;CGA-DN-427509;Verified;fuel.ops@airline.com;2026-09-25T19:59:45Z;HD-LAS-12;MTR-HD-LAS-12;ELECTRONIC;2026-09-25T17:59:45Z;SEED_B6_ADSB;2026-09-25T17:59:45Z;SEED_B6_ADSB;51465d09-525c-56cb-9e36-908366b45a3c;1.3082;17395.14;USD
930ef006-fde2-53f7-b77c-53a44dd4edc9;1c0ad239-ae23-5e22-a22b-6f2c5c6b1437;MATCHED;E;df9503b3-f719-53bf-a894-b97f3a58bb5f;WFS-ATL-755198;;FT-ATL-20260925-0006;N3189J;N3189J;B6120;7680.00;LTR;437528.39;445208.39;7680.00;0.7939;KGL;MEA;23.30;GR;6097.15;COA-ATL-20260925-2;2026-09-25T17:50:30Z;WFS-DN-755198;Verified;fuel.ops@airline.com;2026-09-25T20:02:30Z;HD-ATL-15;MTR-HD-ATL-15;ELECTRONIC;2026-09-25T18:02:30Z;SEED_B6_ADSB;2026-09-25T18:02:30Z;SEED_B6_ADSB;dc30aa9a-e506-5100-943b-6b518ddf9e72;1.2179;9353.47;USD
ffbbf471-7866-5aa7-bf5c-5251c2eb04fe;b6ed350c-0ccd-52e0-b2a6-2465bbdeeefb;MATCHED;E;77897fb1-d7b6-5f4c-8a36-a6920ecdef13;CGA-DEN-616021;;FT-DEN-20260925-0001;N3152J;N3152J;B6394;12548.00;LTR;841016.05;853564.05;12548.00;0.8101;KGL;MEA;18.50;GR;10165.13;COA-DEN-20260925-2;2026-09-25T18:02:11Z;CGA-DN-616021;Verified;fuel.ops@airline.com;2026-09-25T20:19:11Z;HD-DEN-02;MTR-HD-DEN-02;ELECTRONIC;2026-09-25T18:19:11Z;SEED_B6_ADSB;2026-09-25T18:19:11Z;SEED_B6_ADSB;0d34d920-fc6e-58da-be54-f4b5d29e2040;1.2793;16052.66;USD
6d59ec21-c5a2-5d52-bd37-d1bc221a7656;d1b4663d-90c9-5ce7-8b12-04f283852426;MATCHED;M;3d81d2af-00e4-5137-81b4-a849edac0304;SHL-PBI-381705;;FT-PBI-20260925-0008;N645JB;N645JB;B6368;7310.00;LTR;218693.32;226003.32;7310.00;0.8037;KGL;MEA;24.80;GR;5875.05;COA-PBI-20260925-3;2026-09-25T17:51:05Z;SHL-DN-381705;Verified;fuel.ops@airline.com;2026-09-25T20:07:05Z;RF-PBI-07;MTR-RF-PBI-07;MANUAL;2026-09-25T18:07:05Z;SEED_B6_ADSB;2026-09-25T18:07:05Z;SEED_B6_ADSB;f8bf465d-3df5-58dc-9183-63a97f7945f1;1.2739;9312.21;USD
5e59be56-042a-568e-895a-ca74e38401d7;f95b0f13-2c01-55be-b744-77f1b079ee2b;MATCHED;E;3142d6dd-68be-5557-87f1-d48ed8a3e575;CGA-LAS-427510;;FT-LAS-20260925-0005;N2199J;N2199J;B61448;12711.00;LTR;594735.15;607446.15;12711.00;0.7923;KGL;MEA;22.70;GR;10070.93;COA-LAS-20260925-2;2026-09-25T18:07:01Z;CGA-DN-427510;Verified;fuel.ops@airline.com;2026-09-25T20:25:01Z;HD-LAS-16;MTR-HD-LAS-16;ELECTRONIC;2026-09-25T18:25:01Z;SEED_B6_ADSB;2026-09-25T18:25:01Z;SEED_B6_ADSB;9b5e6219-efe3-51b9-a516-0710f4f84758;1.3082;16628.53;USD
81043188-abd0-5965-9cc1-300624394064;791f5a7f-a606-597f-a004-d640ff39dde1;MATCHED;E;067edfb5-3bce-5248-bf74-d3f25fe49c5c;BPA-MCO-339276;;FT-MCO-20260925-0023;N970JB;N970JB;B62052;9967.00;LTR;410002.14;419969.14;9967.00;0.7937;KGL;MEA;22.20;GR;7910.81;COA-MCO-20260925-1;2026-09-25T17:58:21Z;BPA-DN-339276;Verified;fuel.ops@airline.com;2026-09-25T20:13:21Z;HD-MCO-01;MTR-HD-MCO-01;ELECTRONIC;2026-09-25T18:13:21Z;SEED_B6_ADSB;2026-09-25T18:13:21Z;SEED_B6_ADSB;68fc3dad-7aff-546e-a087-ea0e2f14473b;1.2482;12440.81;USD
831291bd-b126-5f4e-9220-dc80aca0b898;639c0efc-8c7c-589a-9db0-7e1e2257a686;MATCHED;E;1ca2ddeb-f4fa-55d4-bfd6-4acd230de4b7;PMA-SJU-755478;;FT-SJU-20260925-0008;N997JL;N997JL;B6934;7983.00;LTR;414999.28;422982.28;7983.00;0.8009;KGL;MEA;27.50;GR;6393.58;COA-SJU-20260925-3;2026-09-25T18:12:17Z;PMA-DN-755478;Verified;fuel.ops@airline.com;2026-09-25T20:24:17Z;HD-SJU-01;MTR-HD-SJU-01;ELECTRONIC;2026-09-25T18:24:17Z;SEED_B6_ADSB;2026-09-25T18:24:17Z;SEED_B6_ADSB;38421a58-0534-5c1a-9991-cfb56da3d4aa;1.3038;10408.24;USD
abdd2567-78b1-57f8-8109-016e23e6487e;0f1cfadb-ff38-5f85-b0a1-56fb7fd2bc5d;MATCHED;M;37f9cae9-1166-539e-ab61-a3a6333a5279;AVF-GSP-528982;;FT-GSP-20260925-0001;N948JB;N948JB;B68806;4901.00;LTR;470677.31;475578.31;4901.00;0.7979;KGL;MEA;19.80;GR;3910.51;COA-GSP-20260925-1;2026-09-25T18:07:39Z;AVF-DN-528982;Verified;fuel.ops@airline.com;2026-09-25T20:19:39Z;RF-GSP-15;MTR-RF-GSP-15;MANUAL;2026-09-25T18:19:39Z;SEED_B6_ADSB;2026-09-25T18:19:39Z;SEED_B6_ADSB;a3f2d8b3-7d39-5368-be8d-2481ffff95ce;1.2821;6283.57;USD
f0f49804-7e8d-5a73-ab18-49eb3cfd78f6;a2976581-3799-5496-b7f3-feb27dd7bd05;MATCHED;E;4ca36e4c-281d-5379-bec2-d9a9d76fed0c;PMA-SJU-755480;;FT-SJU-20260925-0009;N615JB;N615JB;B61454;8826.00;LTR;294749.83;303575.83;8826.00;0.7997;KGL;MEA;28.90;GR;7058.15;COA-SJU-20260925-3;2026-09-25T18:09:15Z;PMA-DN-755480;Verified;fuel.ops@airline.com;2026-09-25T20:22:15Z;HD-SJU-13;MTR-HD-SJU-13;ELECTRONIC;2026-09-25T18:22:15Z;SEED_B6_ADSB;2026-09-25T18:22:15Z;SEED_B6_ADSB;ede892c6-8f8b-5b07-88e0-8bac85dfc25b;1.3038;11507.34;USD
219ad3c7-97f3-5587-9952-d82fc63baf30;a7ea87ec-63fe-5054-9483-012271e74bb4;MATCHED;E;096b17b5-d87d-56e0-9683-56435c54162e;WFS-BOS-479027;;FT-BOS-20260925-0058;N995JL;N995JL;B6269;9812.00;LTR;359019.10;368831.10;9812.00;0.8068;KGL;MEA;18.10;GR;7916.32;COA-BOS-20260925-3;2026-09-25T18:05:54Z;WFS-DN-479027;Verified;fuel.ops@airline.com;2026-09-25T20:20:54Z;HD-BOS-02;MTR-HD-BOS-02;ELECTRONIC;2026-09-25T18:20:54Z;SEED_B6_ADSB;2026-09-25T18:20:54Z;SEED_B6_ADSB;9a2168b7-dfe4-55f8-bb37-faf403985477;1.3199;12950.86;USD
54f7da1b-0ae1-51e5-865b-4df3a308d76f;9db3e272-81d5-529f-8b11-720f31b80329;MATCHED;E;7899a8f5-fc67-546c-83b1-6b1801dca82f;SHL-JFK-512724;;FT-JFK-20260925-0046;N585JB;N585JB;B6920;3563.00;LTR;235461.23;239024.23;3563.00;0.8037;KGL;MEA;15.50;GR;2863.58;COA-JFK-20260925-1;2026-09-25T18:15:27Z;SHL-DN-512724;Verified;fuel.ops@airline.com;2026-09-25T20:23:27Z;HD-JFK-16;MTR-HD-JFK-16;ELECTRONIC;2026-09-25T18:23:27Z;SEED_B6_ADSB;2026-09-25T18:23:27Z;SEED_B6_ADSB;343edde3-25d5-5dae-b376-7bd09be1e525;1.3158;4688.2;USD
26c131ef-ed4f-5b2b-bd0a-4435c8a25729;a7e9530a-a2e7-5948-bbb8-46f221082cb2;MATCHED;E;313cf378-a3f8-5210-8ff5-5f43fa65a21a;SHL-MCO-595747;;FT-MCO-20260925-0024;N571JB;N571JB;B61075;7031.00;LTR;650396.04;657427.04;7031.00;0.7912;KGL;MEA;25.30;GR;5562.93;COA-MCO-20260925-1;2026-09-25T18:05:54Z;SHL-DN-595747;Verified;fuel.ops@airline.com;2026-09-25T20:16:54Z;HD-MCO-11;MTR-HD-MCO-11;ELECTRONIC;2026-09-25T18:16:54Z;SEED_B6_ADSB;2026-09-25T18:16:54Z;SEED_B6_ADSB;ce88a7b2-e6a6-5e72-aecd-acccf0a853d1;1.2537;8814.76;USD
a27b0270-f1d6-52a5-aba3-85730394f280;3d66f0cd-0a9c-5608-b7d2-3c4762b66ad7;MATCHED;M;81defa6c-7341-53ec-a6c2-fea848f76222;CGA-MSY-537682;;FT-MSY-20260925-0003;N563JB;N563JB;B62722;2993.00;LTR;686151.13;689144.13;2993.00;0.7952;KGL;MEA;21.80;GR;2380.03;COA-MSY-20260925-3;2026-09-25T18:22:03Z;CGA-DN-537682;Verified;fuel.ops@airline.com;2026-09-25T20:30:03Z;RF-MSY-03;MTR-RF-MSY-03;MANUAL;2026-09-25T18:30:03Z;SEED_B6_ADSB;2026-09-25T18:30:03Z;SEED_B6_ADSB;22024c55-9558-53ab-8051-c17a54de7630;1.2555;3757.71;USD
8c2767c4-d34e-5677-b7c9-eaba02b38e6e;482486c6-fe03-5f97-a868-4ea994a2b0c9;MATCHED;M;8386e695-aecb-5a34-82c6-e3e5464f239c;WFS-ACK-768092;;FT-ACK-20260925-0004;N3260J;N3260J;B61151;1232.00;LTR;863866.90;865098.90;1232.00;0.7957;KGL;MEA;18.50;GR;980.3;COA-ACK-20260925-1;2026-09-25T18:23:29Z;WFS-DN-768092;Verified;fuel.ops@airline.com;2026-09-25T20:29:29Z;RF-ACK-12;MTR-RF-ACK-12;MANUAL;2026-09-25T18:29:29Z;SEED_B6_ADSB;2026-09-25T18:29:29Z;SEED_B6_ADSB;68b3393d-a6e9-5ff8-8f02-79b79d360360;1.3264;1634.12;USD
c597a092-5a88-5935-867e-9cef2cc4c0b7;470707d5-e342-5c53-8254-44c7991f284d;MATCHED;E;ae2a0b2a-ba2a-57a4-b2f3-2736cc2091b5;BPA-EWR-657017;;FT-EWR-20260925-0007;N656JB;N656JB;B62143;7423.00;LTR;150662.15;158085.15;7423.00;0.8033;KGL;MEA;17.60;GR;5962.9;COA-EWR-20260925-2;2026-09-25T18:18:08Z;BPA-DN-657017;Verified;fuel.ops@airline.com;2026-09-25T20:30:08Z;HD-EWR-23;MTR-HD-EWR-23;ELECTRONIC;2026-09-25T18:30:08Z;SEED_B6_ADSB;2026-09-25T18:30:08Z;SEED_B6_ADSB;227067eb-fb43-5c4a-89d9-f5289680f4d8;1.3204;9801.33;USD
81c2aa64-e9c7-5eae-bd0f-9f6a151d9bba;babc29f9-6068-5000-9730-4910ea40b415;MATCHED;E;832ad8f2-6f2f-5e90-ab7a-73333201b37e;PMA-SJU-755481;;FT-SJU-20260925-0010;N712JB;N712JB;B6606;15358.00;LTR;173320.20;188678.20;15358.00;0.8017;KGL;MEA;26.50;GR;12312.51;COA-SJU-20260925-3;2026-09-25T18:18:39Z;PMA-DN-755481;Verified;fuel.ops@airline.com;2026-09-25T20:39:39Z;HD-SJU-10;MTR-HD-SJU-10;ELECTRONIC;2026-09-25T18:39:39Z;SEED_B6_ADSB;2026-09-25T18:39:39Z;SEED_B6_ADSB;b3cbb652-0d88-5b1e-8a38-6fe4fcda0e08;1.3038;20023.76;USD
2c20b4b1-ba22-572e-a338-e930bf76bc31;9e26890a-bf8d-5100-8136-7880c81522e4;MATCHED;E;84a6120c-d83c-5a75-b9bd-eb6d41153ddc;WFS-BOS-479030;;FT-BOS-20260925-0059;N588JB;N588JB;B62321;8439.00;LTR;226061.70;234500.70;8439.00;0.8082;KGL;MEA;16.40;GR;6820.4;COA-BOS-20260925-3;2026-09-25T18:20:13Z;WFS-DN-479030;Verified;fuel.ops@airline.com;2026-09-25T20:33:13Z;HD-BOS-13;MTR-HD-BOS-13;ELECTRONIC;2026-09-25T18:33:13Z;SEED_B6_ADSB;2026-09-25T18:33:13Z;SEED_B6_ADSB;2cab9a36-fb23-55a6-8695-48174a66efc2;1.3199;11138.64;USD
2fc9ec20-e7f6-5a36-8ca2-3836f4b23995;adff370a-7c14-59d2-8ba4-a1e95344b7ff;MATCHED;E;c342f23e-d4a8-59af-a160-026c4e21662b;BPA-MCO-339278;;FT-MCO-20260925-0025;N959JB;N959JB;B61084;8866.00;LTR;128632.29;137498.29;8866.00;0.7914;KGL;MEA;25.10;GR;7016.55;COA-MCO-20260925-1;2026-09-25T18:29:01Z;BPA-DN-339278;Verified;fuel.ops@airline.com;2026-09-25T20:42:01Z;HD-MCO-14;MTR-HD-MCO-14;ELECTRONIC;2026-09-25T18:42:01Z;SEED_B6_ADSB;2026-09-25T18:42:01Z;SEED_B6_ADSB;7da1776f-6aac-5fde-af45-4c421d7cf332;1.2482;11066.54;USD
4c7bb912-5fa8-58eb-be5c-af72d4ae9ba5;8cd71154-2f2d-5aa7-af58-f3837666385b;MATCHED;E;24aed782-7ae4-5f72-932a-3047d3a8abc5;SHL-FLL-485204;;FT-FLL-20260925-0042;N529JB;N529JB;B6400;19911.00;LTR;197403.31;217314.31;19911.00;0.7917;KGL;MEA;24.40;GR;15763.54;COA-FLL-20260925-3;2026-09-25T18:33:49Z;SHL-DN-485204;Verified;fuel.ops@airline.com;2026-09-25T20:59:49Z;HD-FLL-18;MTR-HD-FLL-18;ELECTRONIC;2026-09-25T18:59:49Z;SEED_B6_ADSB;2026-09-25T18:59:49Z;SEED_B6_ADSB;2a70dd1d-39df-5e98-ba71-3b04e76cfa53;1.2386;24661.76;USD
f33bb437-56cb-532d-ad0b-89461e5b80f7;0e35b5c7-d459-5514-8b40-23963fe13cd2;MATCHED;E;57d485e2-dc22-594b-875d-c9bfeac77dc9;WFS-JFK-403933;;FT-JFK-20260925-0047;N2017J;N2017J;B6483;5645.00;LTR;660623.43;666268.43;5645.00;0.8015;KGL;MEA;18.30;GR;4524.47;COA-JFK-20260925-1;2026-09-25T18:28:18Z;WFS-DN-403933;Verified;fuel.ops@airline.com;2026-09-25T20:38:18Z;HD-JFK-02;MTR-HD-JFK-02;ELECTRONIC;2026-09-25T18:38:18Z;SEED_B6_ADSB;2026-09-25T18:38:18Z;SEED_B6_ADSB;25fc6b03-c0d7-5bdb-a0d6-c042b69be9de;1.3071;7378.58;USD
8f6a990a-7b07-56f8-a4f6-d3c3e93f7d91;7db4d2f6-43bd-549b-9538-3cb0d81731c7;MATCHED;E;7f0d3399-ce20-51a2-8e54-c7de985a2fa3;WFS-JFK-403936;;FT-JFK-20260925-0048;N2086J;N2086J;B653;6078.00;LTR;446618.71;452696.71;6078.00;0.8030;KGL;MEA;16.40;GR;4880.63;COA-JFK-20260925-1;2026-09-25T18:17:22Z;WFS-DN-403936;Verified;fuel.ops@airline.com;2026-09-25T20:27:22Z;HD-JFK-01;MTR-HD-JFK-01;ELECTRONIC;2026-09-25T18:27:22Z;SEED_B6_ADSB;2026-09-25T18:27:22Z;SEED_B6_ADSB;5b7a889d-c5ec-596b-9b67-b1e85893da28;1.3071;7944.55;USD
324c7211-bb49-5d50-8b0a-2f7195f7f4f8;996935c2-fdac-5048-81c4-91be905ffd02;MATCHED;E;33dafe9d-5da6-5c21-bc01-4176dec979e0;PMA-SJU-755484;;FT-SJU-20260925-0011;N662JB;N662JB;B61990;13701.00;LTR;562964.68;576665.68;13701.00;0.8026;KGL;MEA;25.30;GR;10996.42;COA-SJU-20260925-3;2026-09-25T18:20:02Z;PMA-DN-755484;Verified;fuel.ops@airline.com;2026-09-25T20:39:02Z;HD-SJU-20;MTR-HD-SJU-20;ELECTRONIC;2026-09-25T18:39:02Z;SEED_B6_ADSB;2026-09-25T18:39:02Z;SEED_B6_ADSB;edc71c85-22f6-5f50-8dc8-28f9547d786a;1.3038;17863.36;USD
6c6c4319-675d-5a30-9284-2515d59d79dd;b078037a-fd63-5b2e-ad36-b12cecc80ef3;MATCHED;M;84755adb-631a-5a05-83d7-6960c8552c33;WFS-CLT-174249;;FT-CLT-20260925-0002;N508JL;N508JL;B61148;3909.00;LTR;241455.22;245364.22;3909.00;0.8061;KGL;MEA;20.20;GR;3151.04;COA-CLT-20260925-3;2026-09-25T18:31:33Z;WFS-DN-174249;Verified;fuel.ops@airline.com;2026-09-25T20:41:33Z;RF-CLT-06;MTR-RF-CLT-06;MANUAL;2026-09-25T18:41:33Z;SEED_B6_ADSB;2026-09-25T18:41:33Z;SEED_B6_ADSB;96bca366-aae1-5ac8-959b-9e0027179745;1.2818;5010.56;USD
85338ff0-01a0-5899-856a-ab1078a6c623;e8906aa1-7a9a-53d7-a094-e5e09863bd69;MATCHED;M;a3d7ae61-39d4-5579-8524-5c05fb9bb138;WFS-ISP-635079;;FT-ISP-20260925-0002;N520JB;N520JB;B6545;7056.00;LTR;470756.98;477812.98;7056.00;0.8083;KGL;MEA;19.00;GR;5703.36;COA-ISP-20260925-3;2026-09-25T18:35:11Z;WFS-DN-635079;Verified;fuel.ops@airline.com;2026-09-25T20:50:11Z;RF-ISP-08;MTR-RF-ISP-08;MANUAL;2026-09-25T18:50:11Z;SEED_B6_ADSB;2026-09-25T18:50:11Z;SEED_B6_ADSB;735aca45-bea0-5e01-902f-2b5ceeb97592;1.3595;9592.63;USD
cb67b9f7-8539-5428-9c3f-cbc1b5e01237;db947cdb-fb1b-52e7-9677-a971d0d5e669;MATCHED;E;c20231aa-4490-5a01-b768-2bee561440ca;BPA-TPA-704107;;FT-TPA-20260925-0006;N583JB;N583JB;B6592;11333.00;LTR;523900.74;535233.74;11333.00;0.8021;KGL;MEA;21.60;GR;9090.2;COA-TPA-20260925-3;2026-09-25T18:33:18Z;BPA-DN-704107;Verified;fuel.ops@airline.com;2026-09-25T20:49:18Z;HD-TPA-13;MTR-HD-TPA-13;ELECTRONIC;2026-09-25T18:49:18Z;SEED_B6_ADSB;2026-09-25T18:49:18Z;SEED_B6_ADSB;bc81b061-86ef-5fa9-b5e2-a518ea61a131;1.2313;13954.32;USD
77ab3f70-8212-57c8-82db-a189b2f541e6;9dd04ed5-50fd-519e-8a19-8f9244af45a7;MATCHED;E;a16de020-3f8c-5cbf-bf5d-4a771e9ed4a6;WFS-BOS-479033;;FT-BOS-20260925-0060;N3157J;N3157J;B6641;4202.00;LTR;817566.23;821768.23;4202.00;0.8091;KGL;MEA;15.20;GR;3399.84;COA-BOS-20260925-3;2026-09-25T18:34:34Z;WFS-DN-479033;Verified;fuel.ops@airline.com;2026-09-25T20:42:34Z;HD-BOS-21;MTR-HD-BOS-21;ELECTRONIC;2026-09-25T18:42:34Z;SEED_B6_ADSB;2026-09-25T18:42:34Z;SEED_B6_ADSB;fb2f4e60-4f44-5ebb-8c56-75dfe0dc0bc9;1.3199;5546.22;USD
01d3005c-3440-5962-87e5-5e4e5915071a;6e6ea8e8-bde1-53ef-9946-b426b2ef518c;MATCHED;M;21e0a3f2-8e98-5453-b2c8-38b290b81b96;WFS-BNA-688054;;FT-BNA-20260925-0005;N564JB;N564JB;B62582;5256.00;LTR;896487.84;901743.84;5256.00;0.7974;KGL;MEA;17.80;GR;4191.13;COA-BNA-20260925-1;2026-09-25T18:29:04Z;WFS-DN-688054;Verified;fuel.ops@airline.com;2026-09-25T20:41:04Z;RF-BNA-15;MTR-RF-BNA-15;MANUAL;2026-09-25T18:41:04Z;SEED_B6_ADSB;2026-09-25T18:41:04Z;SEED_B6_ADSB;a408ada2-702d-59e7-8d11-437ccb1169ad;1.2785;6719.8;USD
55bf659e-6e54-5a20-ac0f-c96e36cbe6c2;7d94a094-8e33-57b7-9350-392bdc6d5b6e;MATCHED;E;b1a6db5d-8db8-5c56-9890-43d839ef869a;WFS-JFK-403939;;FT-JFK-20260925-0049;N3244J;N3244J;B6419;4948.00;LTR;670995.33;675943.33;4948.00;0.8011;KGL;MEA;18.80;GR;3963.84;COA-JFK-20260925-1;2026-09-25T18:35:38Z;WFS-DN-403939;Verified;fuel.ops@airline.com;2026-09-25T20:44:38Z;HD-JFK-23;MTR-HD-JFK-23;ELECTRONIC;2026-09-25T18:44:38Z;SEED_B6_ADSB;2026-09-25T18:44:38Z;SEED_B6_ADSB;8146d062-5ae5-593a-9b2d-c21cf6e973ef;1.3071;6467.53;USD
6eb2bab4-e917-52b4-ba40-45e9f842a868;1b7e9ed7-304f-5f20-8735-9c91552a2321;MATCHED;M;66d2d945-7f1b-532e-9339-7f283007c2f5;WFS-PVD-219756;;FT-PVD-20260925-0004;N3044J;N3044J;B68443;6945.00;LTR;455871.41;462816.41;6945.00;0.8108;KGL;MEA;17.40;GR;5631.01;COA-PVD-20260925-1;2026-09-25T18:45:44Z;WFS-DN-219756;Verified;fuel.ops@airline.com;2026-09-25T21:00:44Z;RF-PVD-15;MTR-RF-PVD-15;MANUAL;2026-09-25T19:00:44Z;SEED_B6_ADSB;2026-09-25T19:00:44Z;SEED_B6_ADSB;97ec3464-c34a-5a57-9d56-a77ea2fd908b;1.3601;9445.89;USD
9f0d2462-2f3e-5e44-b34e-079129c70e2d;c7874d44-d75b-53ed-b2b3-430be1d9c42e;MATCHED;M;54b28717-c51d-5815-ad8b-307a1cba6e14;WFS-HPN-788050;;FT-HPN-20260925-0011;N663JB;N663JB;B6595;6800.00;LTR;233415.88;240215.88;6800.00;0.7972;KGL;MEA;19.50;GR;5420.96;COA-HPN-20260925-2;2026-09-25T18:43:39Z;WFS-DN-788050;Verified;fuel.ops@airline.com;2026-09-25T20:58:39Z;RF-HPN-01;MTR-RF-HPN-01;MANUAL;2026-09-25T18:58:39Z;SEED_B6_ADSB;2026-09-25T18:58:39Z;SEED_B6_ADSB;19539fac-a979-59f0-b238-6e87239223ff;1.3639;9274.52;USD
43d5fdb2-8cc2-5c79-8b54-6e7514561989;e3adb057-9e0d-5afc-ac22-c8c0b5b06e83;MATCHED;E;43bc9712-d40a-5284-8ca2-74de1698bbc6;BPA-EWR-657020;;FT-EWR-20260925-0008;N649JB;N649JB;B6685;7843.00;LTR;485584.88;493427.88;7843.00;0.8013;KGL;MEA;20.10;GR;6284.6;COA-EWR-20260925-2;2026-09-25T18:42:26Z;BPA-DN-657020;Verified;fuel.ops@airline.com;2026-09-25T20:54:26Z;HD-EWR-24;MTR-HD-EWR-24;ELECTRONIC;2026-09-25T18:54:26Z;SEED_B6_ADSB;2026-09-25T18:54:26Z;SEED_B6_ADSB;541bde7c-2b92-5964-bfc9-fbdf647a2f9e;1.3204;10355.9;USD
10571fe3-c884-54c5-be20-778be26340b3;923e5809-c123-5cce-a394-71699bd5e2bb;MATCHED;M;5c3aee14-734a-5228-85fc-328106a015eb;CGA-AUS-601315;;FT-AUS-20260925-0002;N3229J;N3229J;B61238;9637.00;LTR;672860.31;682497.31;9637.00;0.8082;KGL;MEA;20.70;GR;7788.62;COA-AUS-20260925-1;2026-09-25T18:55:56Z;CGA-DN-601315;Verified;fuel.ops@airline.com;2026-09-25T21:15:56Z;RF-AUS-05;MTR-RF-AUS-05;MANUAL;2026-09-25T19:15:56Z;SEED_B6_ADSB;2026-09-25T19:15:56Z;SEED_B6_ADSB;6d75e3c2-4e4e-5609-aaf6-fdccb3635483;1.2636;12177.31;USD
2e19582f-9d37-5181-bd80-4b0526d7ccbf;c49c027d-ee98-51e4-82bb-2113a2579aa9;MATCHED;M;6abb1ab6-ca43-5458-be1a-34e51ed5a8a5;BPA-DTW-753884;;FT-DTW-20260925-0005;N524JB;N524JB;B6789;7965.00;LTR;890544.08;898509.08;7965.00;0.8055;KGL;MEA;14.50;GR;6415.81;COA-DTW-20260925-2;2026-09-25T18:44:57Z;BPA-DN-753884;Verified;fuel.ops@airline.com;2026-09-25T21:01:57Z;RF-DTW-02;MTR-RF-DTW-02;MANUAL;2026-09-25T19:01:57Z;SEED_B6_ADSB;2026-09-25T19:01:57Z;SEED_B6_ADSB;2f952ea3-c8e2-5f42-b061-6a7f3a5305a2;1.3104;10437.34;USD
e46f4e37-e44e-5c49-9419-1447bc3e6a10;bf701a6f-ebba-5afa-8018-62fddaa278bb;MATCHED;E;40190cb2-4183-59c6-84f1-0bf80d399ef9;CGA-LAX-552085;;FT-LAX-20260925-0011;N2180J;N2180J;B6224;14875.00;LTR;501433.41;516308.41;14875.00;0.7947;KGL;MEA;20.30;GR;11821.16;COA-LAX-20260925-1;2026-09-25T18:41:16Z;CGA-DN-552085;Verified;fuel.ops@airline.com;2026-09-25T21:01:16Z;HD-LAX-06;MTR-HD-LAX-06;ELECTRONIC;2026-09-25T19:01:16Z;SEED_B6_ADSB;2026-09-25T19:01:16Z;SEED_B6_ADSB;b27bad43-9c4d-5144-8cc5-ea79b0be9dc3;1.3080;19456.5;USD
ba33566b-e9dc-51c9-82c9-2f6e9fdf77f7;a76c0c7d-f1a9-5dea-bcdf-67194446118b;MATCHED;E;81c1a82b-5623-57d5-9539-fde58d7bbbfa;WFS-EWR-719350;;FT-EWR-20260925-0009;N964JT;N964JT;B61873;20365.00;LTR;185915.05;206280.05;20365.00;0.8052;KGL;MEA;15.30;GR;16397.9;COA-EWR-20260925-2;2026-09-25T18:58:36Z;WFS-DN-719350;Verified;fuel.ops@airline.com;2026-09-25T21:25:36Z;HD-EWR-21;MTR-HD-EWR-21;ELECTRONIC;2026-09-25T19:25:36Z;SEED_B6_ADSB;2026-09-25T19:25:36Z;SEED_B6_ADSB;8e45a08c-3d19-57d2-8dd5-e5ec4137d3b0;1.3103;26684.26;USD
c7be2447-bb23-52a3-89da-f2c950738425;db403941-2d5a-5541-a7f4-c067b7498e9d;MATCHED;E;62f50f03-d44f-53d2-9750-c925df927b6f;SHL-JFK-512726;;FT-JFK-20260925-0050;N989JT;N989JT;B61523;19575.00;LTR;287224.57;306799.57;19575.00;0.7995;KGL;MEA;20.80;GR;15650.21;COA-JFK-20260925-1;2026-09-25T19:00:24Z;SHL-DN-512726;Verified;fuel.ops@airline.com;2026-09-25T21:25:24Z;HD-JFK-21;MTR-HD-JFK-21;ELECTRONIC;2026-09-25T19:25:24Z;SEED_B6_ADSB;2026-09-25T19:25:24Z;SEED_B6_ADSB;7304588c-d6c3-570e-a43b-a89b17cf0bbb;1.3158;25756.78;USD
9bec55a8-1187-5398-a904-e78acc6db772;e50fedcb-6d0b-52f6-b3f5-9ba62abe20ee;MATCHED;M;6eafaed2-97a2-5a82-8c3e-7b0cf327f127;SOL-POS-657437;;FT-POS-20260925-0001;N2047J;N2047J;B62018;13579.00;LTR;805656.27;819235.27;13579.00;0.7883;KGL;MEA;28.60;GR;10704.33;COA-POS-20260925-1;2026-09-25T19:07:00Z;SOL-DN-657437;Verified;fuel.ops@airline.com;2026-09-25T21:33:00Z;RF-POS-24;MTR-RF-POS-24;MANUAL;2026-09-25T19:33:00Z;SEED_B6_ADSB;2026-09-25T19:33:00Z;SEED_B6_ADSB;2e972f6c-f95c-5e8f-9c86-dc92df113b7e;1.3840;18793.34;USD
8b837136-5b09-5ed3-b143-70fac26fd9c2;165f460d-9a8b-5b9c-b3da-4d418bff6441;MATCHED;E;de902d78-276e-582e-b8e7-07f03d50d361;WFS-BOS-479036;;FT-BOS-20260925-0061;N3121J;N3121J;B61785;3641.00;LTR;568668.86;572309.86;3641.00;0.8062;KGL;MEA;18.90;GR;2935.37;COA-BOS-20260925-3;2026-09-25T19:00:32Z;WFS-DN-479036;Verified;fuel.ops@airline.com;2026-09-25T21:08:32Z;HD-BOS-05;MTR-HD-BOS-05;ELECTRONIC;2026-09-25T19:08:32Z;SEED_B6_ADSB;2026-09-25T19:08:32Z;SEED_B6_ADSB;16eb3b52-645a-5e3f-bc6a-092539a69687;1.3199;4805.76;USD
911e37d4-8558-5d5a-890e-d95d6a6094cc;400a4f15-17b3-59d9-bfc2-f4b1b25142af;MATCHED;E;7cd36e2d-d079-5af8-9ed4-5a1ed3583ef4;CGA-LAS-427513;;FT-LAS-20260925-0006;N977JE;N977JE;B61178;14618.00;LTR;816799.31;831417.31;14618.00;0.7958;KGL;MEA;18.30;GR;11633;COA-LAS-20260925-2;2026-09-25T19:03:29Z;CGA-DN-427513;Verified;fuel.ops@airline.com;2026-09-25T21:23:29Z;HD-LAS-04;MTR-HD-LAS-04;ELECTRONIC;2026-09-25T19:23:29Z;SEED_B6_ADSB;2026-09-25T19:23:29Z;SEED_B6_ADSB;e062e562-9a53-5635-b664-ce03a75dd15a;1.3082;19123.27;USD
76786c56-018f-580f-a15f-1b6dd9d7fbe6;b0c39a3b-aa23-59fd-a9a1-1852cef8c69a;MATCHED;E;25614614-3de6-5bbd-b4ab-3aceab8e9cf8;CGA-SFO-275651;;FT-SFO-20260925-0006;N2205J;N2205J;B61034;13916.00;LTR;755295.77;769211.77;13916.00;0.8018;KGL;MEA;20.90;GR;11157.85;COA-SFO-20260925-1;2026-09-25T18:48:32Z;CGA-DN-275651;Verified;fuel.ops@airline.com;2026-09-25T21:07:32Z;HD-SFO-01;MTR-HD-SFO-01;ELECTRONIC;2026-09-25T19:07:32Z;SEED_B6_ADSB;2026-09-25T19:07:32Z;SEED_B6_ADSB;7f7db52f-e411-5094-b72f-38edcf936666;1.3267;18462.36;USD
eab2c738-e842-562e-adbf-5c0b4eefe233;4b39c62c-be0d-5265-a577-dc09f05cba4c;MATCHED;E;81334230-c434-579f-a8a4-ab071fc4ad9d;SHL-MCO-595748;;FT-MCO-20260925-0026;N521JB;N521JB;B61333;8174.00;LTR;310534.38;318708.38;8174.00;0.7927;KGL;MEA;23.50;GR;6479.53;COA-MCO-20260925-1;2026-09-25T19:16:22Z;SHL-DN-595748;Verified;fuel.ops@airline.com;2026-09-25T21:29:22Z;HD-MCO-13;MTR-HD-MCO-13;ELECTRONIC;2026-09-25T19:29:22Z;SEED_B6_ADSB;2026-09-25T19:29:22Z;SEED_B6_ADSB;806cca51-77c5-5c22-b27e-5950230f362a;1.2537;10247.74;USD
b758ac31-7ed3-517b-8f19-72711ef4a93d;e56b0316-b6fc-5178-8626-da2d89448ba0;MATCHED;E;fc80b507-aadd-534c-b7b8-4cf59a48d0a0;SHL-FLL-485207;;FT-FLL-20260925-0043;N988JT;N988JT;B6101;18416.00;LTR;126546.92;144962.92;18416.00;0.7933;KGL;MEA;22.30;GR;14609.41;COA-FLL-20260925-3;2026-09-25T19:01:26Z;SHL-DN-485207;Verified;fuel.ops@airline.com;2026-09-25T21:25:26Z;HD-FLL-05;MTR-HD-FLL-05;ELECTRONIC;2026-09-25T19:25:26Z;SEED_B6_ADSB;2026-09-25T19:25:26Z;SEED_B6_ADSB;b94ebf4f-5aa3-5989-a3be-4bde0605a486;1.2386;22810.06;USD
bc521387-13fe-592c-9e9d-61aa0d8b93ab;b736ea33-7d4c-55dc-9408-e2d70656b6c6;MATCHED;E;7d8d1fac-9f89-53a7-8353-8a1950a570ba;CGA-SFO-275652;;FT-SFO-20260925-0007;N962JT;N962JT;B6216;18321.00;LTR;456761.41;475082.41;18321.00;0.8027;KGL;MEA;19.70;GR;14706.27;COA-SFO-20260925-1;2026-09-25T19:13:37Z;CGA-DN-275652;Verified;fuel.ops@airline.com;2026-09-25T21:37:37Z;HD-SFO-17;MTR-HD-SFO-17;ELECTRONIC;2026-09-25T19:37:37Z;SEED_B6_ADSB;2026-09-25T19:37:37Z;SEED_B6_ADSB;1f52b309-acce-527f-a33e-5146333bd9ba;1.3267;24306.47;USD
9b95d3a5-90f9-5e37-8311-99e1ef65a898;f57ac927-d482-5bab-9552-de9abbefcfeb;MATCHED;E;2adbab9a-d880-54ea-9cb6-0cae38d0931b;SHL-FLL-485209;;FT-FLL-20260925-0044;N659JB;N659JB;B61738;9355.00;LTR;697327.97;706682.97;9355.00;0.7894;KGL;MEA;27.30;GR;7384.84;COA-FLL-20260925-3;2026-09-25T19:07:42Z;SHL-DN-485209;Verified;fuel.ops@airline.com;2026-09-25T21:21:42Z;HD-FLL-15;MTR-HD-FLL-15;ELECTRONIC;2026-09-25T19:21:42Z;SEED_B6_ADSB;2026-09-25T19:21:42Z;SEED_B6_ADSB;b8255866-7289-5ceb-b2c6-f24789364680;1.2386;11587.1;USD
3240651f-9975-53da-8450-ff07edbd775b;4b43334e-fbf2-5040-bd3b-135767e7ed19;MATCHED;E;f822162f-bb39-5ae5-b247-71f8619063d7;BPA-BWI-463115;;FT-BWI-20260925-0002;N3280J;N3280J;B62595;5455.00;LTR;750803.60;756258.60;5455.00;0.8038;KGL;MEA;15.80;GR;4384.73;COA-BWI-20260925-2;2026-09-25T19:00:16Z;BPA-DN-463115;Verified;fuel.ops@airline.com;2026-09-25T21:10:16Z;HD-BWI-11;MTR-HD-BWI-11;ELECTRONIC;2026-09-25T19:10:16Z;SEED_B6_ADSB;2026-09-25T19:10:16Z;SEED_B6_ADSB;7706aedb-0052-588f-b6a6-b847682e6c69;1.3249;7227.33;USD
e1ff32e3-bfa4-58e8-8620-03fa95510c49;ca2e803c-1a39-5620-9d76-b7db17a9bdfe;MATCHED;E;1e7b56cc-3928-5163-a4c8-0fec9748df24;WFS-LGA-756535;;FT-LGA-20260925-0008;N3232J;N3232J;B6399;5971.00;LTR;591428.24;597399.24;5971.00;0.7974;KGL;MEA;19.90;GR;4761.28;COA-LGA-20260925-1;2026-09-25T19:05:57Z;WFS-DN-756535;Verified;fuel.ops@airline.com;2026-09-25T21:15:57Z;HD-LGA-06;MTR-HD-LGA-06;ELECTRONIC;2026-09-25T19:15:57Z;SEED_B6_ADSB;2026-09-25T19:15:57Z;SEED_B6_ADSB;d4d6252e-0206-570b-b02b-e23aa2be4a26;1.3124;7836.34;USD
7a0e3c32-fc01-5bd4-be45-094af253bee5;508a980d-64ff-504f-8895-670f26b7299f;MATCHED;E;3071334f-0703-5a54-a2b0-9b1e12083b23;SHL-JFK-512728;;FT-JFK-20260925-0051;N3062J;N3062J;B6618;625.00;LTR;550020.91;550645.91;625.00;0.8002;KGL;MEA;19.90;GR;500.12;COA-JFK-20260925-1;2026-09-25T19:17:12Z;SHL-DN-512728;Verified;fuel.ops@airline.com;2026-09-25T21:21:12Z;HD-JFK-22;MTR-HD-JFK-22;ELECTRONIC;2026-09-25T19:21:12Z;SEED_B6_ADSB;2026-09-25T19:21:12Z;SEED_B6_ADSB;19be4f49-415a-5c54-a76c-9a692bb9a0ca;1.3158;822.38;USD
85d5257c-7f39-5deb-8e91-14b4f05fd884;81df0107-d4e1-5973-a524-f697b5c1d87f;MATCHED;E;9777fa37-23fe-55c0-a19c-04509e30fd9e;WFS-LAX-154050;;FT-LAX-20260925-0012;N982JB;N982JB;B62088;17965.00;LTR;226138.34;244103.34;17965.00;0.7953;KGL;MEA;19.50;GR;14287.56;COA-LAX-20260925-1;2026-09-25T18:58:46Z;WFS-DN-154050;Verified;fuel.ops@airline.com;2026-09-25T21:21:46Z;HD-LAX-12;MTR-HD-LAX-12;ELECTRONIC;2026-09-25T19:21:46Z;SEED_B6_ADSB;2026-09-25T19:21:46Z;SEED_B6_ADSB;fa37dbd9-8280-56c2-8ec6-e5293f2eab6c;1.3029;23406.6;USD
7fce3f13-ca68-56c9-871a-1ed43c085c04;63b1f3e3-8bf8-502e-9d98-a9b49f7f7956;MATCHED;E;9cda7a5d-979c-517d-adbd-2f5a6767c97a;SHL-BOS-696928;;FT-BOS-20260925-0062;N3269J;N3269J;B62065;8619.00;LTR;124952.94;133571.94;8619.00;0.8056;KGL;MEA;19.60;GR;6943.47;COA-BOS-20260925-3;2026-09-25T18:59:56Z;SHL-DN-696928;Verified;fuel.ops@airline.com;2026-09-25T21:12:56Z;HD-BOS-09;MTR-HD-BOS-09;ELECTRONIC;2026-09-25T19:12:56Z;SEED_B6_ADSB;2026-09-25T19:12:56Z;SEED_B6_ADSB;b23fece6-2ee2-504b-87cc-a262ca64167f;1.3166;11347.78;USD
c5091fb8-351d-5b8b-b1e8-966b96f90014;f85e762e-5a41-580a-9201-35ea81a55cf0;MATCHED;E;72957888-755a-5578-b8be-414c2182ceb2;BPA-ORD-551304;;FT-ORD-20260925-0005;N658JB;N658JB;B6864;7615.00;LTR;782930.43;790545.43;7615.00;0.8082;KGL;MEA;15.80;GR;6154.44;COA-ORD-20260925-3;2026-09-25T19:06:45Z;BPA-DN-551304;Verified;fuel.ops@airline.com;2026-09-25T21:18:45Z;HD-ORD-03;MTR-HD-ORD-03;ELECTRONIC;2026-09-25T19:18:45Z;SEED_B6_ADSB;2026-09-25T19:18:45Z;SEED_B6_ADSB;642e9eeb-043e-5a5a-8919-559dddf3d5c9;1.2458;9486.77;USD
2139dff5-672f-50d5-acda-a31df9c9faaa;0d9db29e-70c7-5410-a369-f54cfe2e24cb;MATCHED;E;55a0c56a-4092-512b-a888-189848bfe099;SHL-JFK-512731;;FT-JFK-20260925-0052;N3291J;N3291J;B6677;4804.00;LTR;833149.42;837953.42;4804.00;0.8038;KGL;MEA;15.40;GR;3861.46;COA-JFK-20260925-1;2026-09-25T19:04:05Z;SHL-DN-512731;Verified;fuel.ops@airline.com;2026-09-25T21:13:05Z;HD-JFK-19;MTR-HD-JFK-19;ELECTRONIC;2026-09-25T19:13:05Z;SEED_B6_ADSB;2026-09-25T19:13:05Z;SEED_B6_ADSB;801bb079-b4c5-54ae-9207-af39df619f3d;1.3158;6321.1;USD
0c0a47ec-9954-5405-b7a7-94c889e4ada1;040ad80a-1c8d-5bee-80ab-69a8f2f8d854;MATCHED;M;4ee3610f-4015-590a-bb4d-29da3b5b038c;SOL-KIN-442792;;FT-KIN-20260925-0003;N705JB;N705JB;B61376;5202.00;LTR;259284.73;264486.73;5202.00;0.7984;KGL;MEA;26.80;GR;4153.28;COA-KIN-20260925-2;2026-09-25T19:14:06Z;SOL-DN-442792;Verified;fuel.ops@airline.com;2026-09-25T21:27:06Z;RF-KIN-15;MTR-RF-KIN-15;MANUAL;2026-09-25T19:27:06Z;SEED_B6_ADSB;2026-09-25T19:27:06Z;SEED_B6_ADSB;35bb9d70-af07-5cc3-87db-db31a1e185cc;1.3736;7145.47;USD
2057b9b4-271f-5d8f-a603-f1d9f0fce61d;1922a098-8be5-57a1-b050-948ec77eb2a0;MATCHED;M;f51a5330-52db-51ef-be80-c03239d131e2;WFS-BUF-723693;;FT-BUF-20260925-0006;N3215J;N3215J;B62901;3481.00;LTR;137436.80;140917.80;3481.00;0.8001;KGL;MEA;18.10;GR;2785.15;COA-BUF-20260925-3;2026-09-25T19:20:22Z;WFS-DN-723693;Verified;fuel.ops@airline.com;2026-09-25T21:29:22Z;RF-BUF-24;MTR-RF-BUF-24;MANUAL;2026-09-25T19:29:22Z;SEED_B6_ADSB;2026-09-25T19:29:22Z;SEED_B6_ADSB;45e3f118-f97c-5580-bf34-9330c36ab781;1.3346;4645.74;USD
85a9509e-0676-5b64-9343-d33e67790deb;aaf78df7-97b5-5e14-be70-02c13f8ab29d;MATCHED;M;b3cfb87e-1756-59c7-b5a0-c67a95968eeb;AVF-SAV-611657;;FT-SAV-20260925-0002;N3310J;N3310J;B6150;5376.00;LTR;400836.27;406212.27;5376.00;0.7927;KGL;MEA;23.70;GR;4261.56;COA-SAV-20260925-1;2026-09-25T19:14:29Z;AVF-DN-611657;Verified;fuel.ops@airline.com;2026-09-25T21:26:29Z;RF-SAV-23;MTR-RF-SAV-23;MANUAL;2026-09-25T19:26:29Z;SEED_B6_ADSB;2026-09-25T19:26:29Z;SEED_B6_ADSB;045957d8-cacc-5126-9081-f1365db4c72d;1.2579;6762.47;USD
e0271034-c052-53ff-a04e-7e89a404c48d;8c206bd4-1d36-5287-b177-7e0e07e8bbf4;MATCHED;E;9ab637fb-4361-5a30-b2ec-c78537d4bc79;BPA-TPA-704109;;FT-TPA-20260925-0007;N965JT;N965JT;B62726;18125.00;LTR;431944.82;450069.82;18125.00;0.8006;KGL;MEA;23.50;GR;14510.88;COA-TPA-20260925-3;2026-09-25T19:19:52Z;BPA-DN-704109;Verified;fuel.ops@airline.com;2026-09-25T21:43:52Z;HD-TPA-07;MTR-HD-TPA-07;ELECTRONIC;2026-09-25T19:43:52Z;SEED_B6_ADSB;2026-09-25T19:43:52Z;SEED_B6_ADSB;78f6f4c2-906d-50f3-80d2-eeee7a4c6996;1.2313;22317.31;USD
5c9112f3-cc9a-5ca8-b382-eb3ad23ade91;ffcdc058-e597-506e-976b-a63d206ca6e9;MATCHED;M;f11f9015-77cc-5e9c-b492-8a02e4adb760;WFS-SYR-619687;;FT-SYR-20260925-0003;N3138J;N3138J;B62655;6421.00;LTR;352596.78;359017.78;6421.00;0.7979;KGL;MEA;16.00;GR;5123.32;COA-SYR-20260925-3;2026-09-25T19:27:40Z;WFS-DN-619687;Verified;fuel.ops@airline.com;2026-09-25T21:41:40Z;RF-SYR-24;MTR-RF-SYR-24;MANUAL;2026-09-25T19:41:40Z;SEED_B6_ADSB;2026-09-25T19:41:40Z;SEED_B6_ADSB;cac529b8-65ea-5c22-860f-4349bdd823e3;1.3631;8752.47;USD
8b7019e1-0706-5ea4-9059-c0cfe3c68c7c;ae6b883e-f34a-505a-b1e0-ba06ccee46aa;MATCHED;E;41f8a377-bafc-5bcc-9b54-af31fcd4173d;BPA-PHL-493074;;FT-PHL-20260925-0005;N3304J;N3304J;B61860;3403.00;LTR;843261.32;846664.32;3403.00;0.8057;KGL;MEA;15.30;GR;2741.8;COA-PHL-20260925-2;2026-09-25T19:19:55Z;BPA-DN-493074;Verified;fuel.ops@airline.com;2026-09-25T21:26:55Z;HD-PHL-19;MTR-HD-PHL-19;ELECTRONIC;2026-09-25T19:26:55Z;SEED_B6_ADSB;2026-09-25T19:26:55Z;SEED_B6_ADSB;b7d0a704-45e5-50a4-926f-9c5938d3fefd;1.3276;4517.82;USD
fd4e9ab2-149f-52f2-b00e-5b718879e68d;c0ba6013-f875-50eb-bbf5-9aacd536ada4;MATCHED;E;9401c606-3ece-5cc4-8e65-ae3e9ae1a1d6;SHL-JFK-512733;;FT-JFK-20260925-0053;N946JL;N946JL;B6415;19540.00;LTR;670995.33;690535.33;19540.00;0.8011;KGL;MEA;18.80;GR;15653.49;COA-JFK-20260925-1;2026-09-25T19:28:41Z;SHL-DN-512733;Verified;fuel.ops@airline.com;2026-09-25T21:53:41Z;HD-JFK-23;MTR-HD-JFK-23;ELECTRONIC;2026-09-25T19:53:41Z;SEED_B6_ADSB;2026-09-25T19:53:41Z;SEED_B6_ADSB;577d2f8d-f11e-5ef9-bbda-44f1f236b2f2;1.3158;25710.73;USD
eadf7e19-fd67-514e-a1f6-20778e829926;eeb0d6bc-709a-516d-93f2-887a3023bfc3;MATCHED;E;4ee758f1-549b-559f-aca1-0086fdac8560;SHL-BOS-696931;;FT-BOS-20260925-0063;N3240J;N3240J;B62459;4173.00;LTR;359019.10;363192.10;4173.00;0.8057;KGL;MEA;19.50;GR;3362.19;COA-BOS-20260925-3;2026-09-25T19:22:42Z;SHL-DN-696931;Verified;fuel.ops@airline.com;2026-09-25T21:30:42Z;HD-BOS-02;MTR-HD-BOS-02;ELECTRONIC;2026-09-25T19:30:42Z;SEED_B6_ADSB;2026-09-25T19:30:42Z;SEED_B6_ADSB;8ebd8445-9224-56d2-9279-56b8908cf071;1.3166;5494.17;USD
cb2b61d8-10cc-50eb-b916-ea832bf98903;7b5dd18a-d161-541f-b22d-923c0be267f1;MATCHED;E;c3033a89-907f-5b5f-b8b4-ee9e91dd8508;WFS-JFK-403941;;FT-JFK-20260925-0054;N978JB;N978JB;B61211;16747.00;LTR;393983.30;410730.30;16747.00;0.8031;KGL;MEA;16.30;GR;13449.52;COA-JFK-20260925-1;2026-09-25T19:31:41Z;WFS-DN-403941;Verified;fuel.ops@airline.com;2026-09-25T21:53:41Z;HD-JFK-04;MTR-HD-JFK-04;ELECTRONIC;2026-09-25T19:53:41Z;SEED_B6_ADSB;2026-09-25T19:53:41Z;SEED_B6_ADSB;742d9a09-d4ac-50ab-8392-557d6e97ab7d;1.3071;21890;USD
37329748-e648-54b0-a155-fa7c49d1866f;8356560f-5052-572b-99d2-c45254a09b32;MATCHED;E;3f614b3b-6caf-5e36-a174-fdbe92ab79cc;WFS-BOS-479038;;FT-BOS-20260925-0064;N929JB;N929JB;B6733;19856.00;LTR;483678.87;503534.87;19856.00;0.8087;KGL;MEA;15.70;GR;16057.55;COA-BOS-20260925-3;2026-09-25T19:27:42Z;WFS-DN-479038;Verified;fuel.ops@airline.com;2026-09-25T21:53:42Z;HD-BOS-11;MTR-HD-BOS-11;ELECTRONIC;2026-09-25T19:53:42Z;SEED_B6_ADSB;2026-09-25T19:53:42Z;SEED_B6_ADSB;afcad0a0-cc2b-53cb-9676-d2acfcbc07c4;1.3199;26207.93;USD
c84dee21-b982-504f-90f4-40b8b85cf4cc;87f979ce-ee7f-5bc7-b00f-2782bfff5c21;MATCHED;E;0493a449-2e6e-5d41-a061-5cf820a60ab0;SHL-FLL-485210;;FT-FLL-20260925-0045;N661JB;N661JB;B61453;5517.00;LTR;290584.39;296101.39;5517.00;0.7935;KGL;MEA;22.10;GR;4377.74;COA-FLL-20260925-3;2026-09-25T19:37:45Z;SHL-DN-485210;Verified;fuel.ops@airline.com;2026-09-25T21:47:45Z;HD-FLL-04;MTR-HD-FLL-04;ELECTRONIC;2026-09-25T19:47:45Z;SEED_B6_ADSB;2026-09-25T19:47:45Z;SEED_B6_ADSB;61fe4d5b-adc4-59af-b2a6-67f57e9165d9;1.2386;6833.36;USD
158634c0-3706-50c5-80a1-c2f34431ec27;adfa5444-7585-58e9-a65e-1985ef9da550;MATCHED;E;3409631a-ec48-592a-8243-eb64bf784bb9;WFS-BOS-479040;;FT-BOS-20260925-0065;N2165J;N2165J;B61187;14882.00;LTR;334682.58;349564.58;14882.00;0.8075;KGL;MEA;17.30;GR;12017.22;COA-BOS-20260925-3;2026-09-25T19:33:10Z;WFS-DN-479040;Verified;fuel.ops@airline.com;2026-09-25T21:53:10Z;HD-BOS-16;MTR-HD-BOS-16;ELECTRONIC;2026-09-25T19:53:10Z;SEED_B6_ADSB;2026-09-25T19:53:10Z;SEED_B6_ADSB;1e758765-5e22-5048-974d-a0382b41dbdf;1.3199;19642.75;USD
b68e0e9c-7635-587a-b4e5-a9e8ea6f60d8;b26c17cd-aa8d-539b-ab47-fd8347802dde;MATCHED;M;b5027612-42ca-55e5-9b98-b2cded96ef72;AVF-JAX-322600;;FT-JAX-20260925-0004;N643JB;N643JB;B6810;6563.00;LTR;415530.22;422093.22;6563.00;0.7950;KGL;MEA;24.60;GR;5217.59;COA-JAX-20260925-3;2026-09-25T19:44:49Z;AVF-DN-322600;Verified;fuel.ops@airline.com;2026-09-25T21:58:49Z;RF-JAX-14;MTR-RF-JAX-14;MANUAL;2026-09-25T19:58:49Z;SEED_B6_ADSB;2026-09-25T19:58:49Z;SEED_B6_ADSB;0f6ee64b-2351-5dcc-9b0a-4ac445f9b4f2;1.2746;8365.2;USD
5cb2d231-d129-5adb-93b4-b421be6c3f3c;d2011bf8-9d48-5a26-999d-594c6ee6413b;MATCHED;E;12affa55-a223-5d14-a22f-67cf3b810e8e;WFS-BOS-479042;;FT-BOS-20260925-0066;N3241J;N3241J;B61813;3250.00;LTR;702373.74;705623.74;3250.00;0.8100;KGL;MEA;14.10;GR;2632.5;COA-BOS-20260925-3;2026-09-25T19:38:20Z;WFS-DN-479042;Verified;fuel.ops@airline.com;2026-09-25T21:45:20Z;HD-BOS-19;MTR-HD-BOS-19;ELECTRONIC;2026-09-25T19:45:20Z;SEED_B6_ADSB;2026-09-25T19:45:20Z;SEED_B6_ADSB;f589480c-e74e-577b-81af-4ec762c953a7;1.3199;4289.68;USD
43e83a8f-2c98-534a-bdb5-5e7616c6da05;14befa94-ffdd-5709-90b0-295dc110eae1;MATCHED;E;a5ceb6c0-da84-56d0-b7e0-988307ac0307;BPA-DCA-429188;;FT-DCA-20260925-0011;N3203J;N3203J;B61579;4876.00;LTR;599613.60;604489.60;4876.00;0.7978;KGL;MEA;17.90;GR;3890.07;COA-DCA-20260925-1;2026-09-25T19:48:30Z;BPA-DN-429188;Verified;fuel.ops@airline.com;2026-09-25T21:57:30Z;HD-DCA-24;MTR-HD-DCA-24;ELECTRONIC;2026-09-25T19:57:30Z;SEED_B6_ADSB;2026-09-25T19:57:30Z;SEED_B6_ADSB;9f07ed0c-f25c-52b1-8cb2-e384b931adf7;1.3157;6415.35;USD
1914600d-4139-5928-94b5-5cf4769aad21;9f99dc0c-b5ed-5c7d-989c-60273d470a48;MATCHED;E;82ea18bc-c369-58d0-889e-42ad675c42a6;SHL-FLL-485212;;FT-FLL-20260925-0046;N603JB;N603JB;B61130;2980.00;LTR;250883.85;253863.85;2980.00;0.7906;KGL;MEA;25.80;GR;2355.99;COA-FLL-20260925-3;2026-09-25T19:55:30Z;SHL-DN-485212;Verified;fuel.ops@airline.com;2026-09-25T22:02:30Z;HD-FLL-09;MTR-HD-FLL-09;ELECTRONIC;2026-09-25T20:02:30Z;SEED_B6_ADSB;2026-09-25T20:02:30Z;SEED_B6_ADSB;78c84be2-48f8-5fac-b555-d4fec0abfee3;1.2386;3691.03;USD
9a082ad7-59ec-568d-92f6-0b2a11608025;3b63b1ca-90e7-5a89-a5c5-f4c376fd4e85;MATCHED;E;fd55be19-536a-5c5d-9d2a-3d4360ac1da0;WFS-BOS-479045;;FT-BOS-20260925-0067;N942JB;N942JB;B6319;20131.00;LTR;547827.42;567958.42;20131.00;0.8055;KGL;MEA;19.70;GR;16215.52;COA-BOS-20260925-3;2026-09-25T19:40:31Z;WFS-DN-479045;Verified;fuel.ops@airline.com;2026-09-25T22:06:31Z;HD-BOS-07;MTR-HD-BOS-07;ELECTRONIC;2026-09-25T20:06:31Z;SEED_B6_ADSB;2026-09-25T20:06:31Z;SEED_B6_ADSB;3fa5ac63-839f-5902-b2b9-ff657cc50600;1.3199;26570.91;USD
9fc3996c-774e-5dcb-abe0-5080dcc71829;4f9de1d6-a9b1-52eb-b1f8-65aa7aefb100;MATCHED;E;9f3dafc0-84d7-5e17-b80b-85d1d6be3195;SHL-JFK-512736;;FT-JFK-20260925-0055;N3275J;N3275J;B61485;2900.00;LTR;837353.02;840253.02;2900.00;0.8006;KGL;MEA;19.40;GR;2321.74;COA-JFK-20260925-1;2026-09-25T19:44:32Z;SHL-DN-512736;Verified;fuel.ops@airline.com;2026-09-25T21:51:32Z;HD-JFK-24;MTR-HD-JFK-24;ELECTRONIC;2026-09-25T19:51:32Z;SEED_B6_ADSB;2026-09-25T19:51:32Z;SEED_B6_ADSB;72a38d96-46d4-5337-88d8-2778335b830e;1.3158;3815.82;USD
0f53caa0-418d-53f9-95f3-7bf0a8615046;b1fc483d-b121-5dbe-9f25-d80604fb9839;MATCHED;E;e3bb038f-611d-5324-9dcc-4c5088073130;BPA-MCO-339279;;FT-MCO-20260925-0027;N599JB;N599JB;B6698;8812.00;LTR;191335.65;200147.65;8812.00;0.7939;KGL;MEA;21.90;GR;6995.85;COA-MCO-20260925-1;2026-09-25T19:46:33Z;BPA-DN-339279;Verified;fuel.ops@airline.com;2026-09-25T22:00:33Z;HD-MCO-12;MTR-HD-MCO-12;ELECTRONIC;2026-09-25T20:00:33Z;SEED_B6_ADSB;2026-09-25T20:00:33Z;SEED_B6_ADSB;b7ff4825-9aec-5262-9d0b-5abc0b7c9bd2;1.2482;10999.14;USD
2d039020-0a78-5b6c-93f2-c932a5bd7a25;97ecb497-6056-5495-baf2-6b9a42f31182;MATCHED;E;30910186-479e-5e6b-8672-e6a1cc213ea0;PMA-SJU-755485;;FT-SJU-20260925-0012;N768JB;N768JB;B6154;7191.00;LTR;120295.55;127486.55;7191.00;0.7982;KGL;MEA;30.80;GR;5739.86;COA-SJU-20260925-3;2026-09-25T19:43:35Z;PMA-DN-755485;Verified;fuel.ops@airline.com;2026-09-25T21:54:35Z;HD-SJU-17;MTR-HD-SJU-17;ELECTRONIC;2026-09-25T19:54:35Z;SEED_B6_ADSB;2026-09-25T19:54:35Z;SEED_B6_ADSB;491934fa-60a9-52ad-9196-617c38af526e;1.3038;9375.63;USD
aead90c7-287f-510c-84c4-0eb0cd8bad35;468e6b89-4912-56f3-a0f0-dd018fb1bc26;MATCHED;E;61523f0a-8026-5ddc-aee6-b7387d55c17f;CGA-LAX-552088;;FT-LAX-20260925-0013;N992JB;N992JB;B6324;20331.00;LTR;226138.34;246469.34;20331.00;0.7949;KGL;MEA;20.00;GR;16161.11;COA-LAX-20260925-1;2026-09-25T19:55:49Z;CGA-DN-552088;Verified;fuel.ops@airline.com;2026-09-25T22:21:49Z;HD-LAX-12;MTR-HD-LAX-12;ELECTRONIC;2026-09-25T20:21:49Z;SEED_B6_ADSB;2026-09-25T20:21:49Z;SEED_B6_ADSB;b2d47c47-27fc-52c0-b429-ff9c1f131484;1.3080;26592.95;USD
5b5d73cc-a970-59bf-a0e5-69a7f6b55f97;4becc48d-edab-554d-afe7-28247f031710;MATCHED;M;1759ac88-fe95-538f-86d1-0b1f8789302b;WFS-ORH-515276;;FT-ORH-20260925-0001;N630JB;N630JB;B62119;7115.00;LTR;137688.00;144803.00;7115.00;0.8079;KGL;MEA;19.70;GR;5748.21;COA-ORH-20260925-2;2026-09-25T20:07:21Z;WFS-DN-515276;Verified;fuel.ops@airline.com;2026-09-25T22:24:21Z;RF-ORH-08;MTR-RF-ORH-08;MANUAL;2026-09-25T20:24:21Z;SEED_B6_ADSB;2026-09-25T20:24:21Z;SEED_B6_ADSB;68509566-5238-5f02-b279-8154e6c5b6e1;1.3722;9763.2;USD
7f2cd00e-470e-554f-8f74-edb5d638404b;6c6c9774-d863-568b-8d8c-c5a8e6b5d3a7;MATCHED;E;6fd578e3-1f6b-5a28-8b9a-772a0a7bdb59;WFS-LAX-154051;;FT-LAX-20260925-0014;N937JB;N937JB;B61200;14844.00;LTR;513758.26;528602.26;14844.00;0.7933;KGL;MEA;22.10;GR;11775.75;COA-LAX-20260925-1;2026-09-25T19:57:24Z;WFS-DN-154051;Verified;fuel.ops@airline.com;2026-09-25T22:17:24Z;HD-LAX-02;MTR-HD-LAX-02;ELECTRONIC;2026-09-25T20:17:24Z;SEED_B6_ADSB;2026-09-25T20:17:24Z;SEED_B6_ADSB;d2aee77a-fbd9-58e1-9e4d-c0e1a43becc7;1.3029;19340.25;USD
96c6421b-c100-5eb7-bd15-984c7cd46345;21a37871-031e-5b01-9579-47851c27669b;MATCHED;M;b4aca23c-8afd-5ee2-9e75-50e8aa798ecf;BPA-MDW-183453;;FT-MDW-20260925-0001;N934JB;N934JB;B69002;5343.00;LTR;349081.43;354424.43;5343.00;0.8094;KGL;MEA;15.30;GR;4324.62;COA-MDW-20260925-3;2026-09-25T20:06:24Z;BPA-DN-183453;Verified;fuel.ops@airline.com;2026-09-25T22:18:24Z;RF-MDW-03;MTR-RF-MDW-03;MANUAL;2026-09-25T20:18:24Z;SEED_B6_ADSB;2026-09-25T20:18:24Z;SEED_B6_ADSB;7d1b08e5-2b51-59f5-8a2f-6e8f66b49f69;1.2938;6912.77;USD
84bae799-4229-54b5-a48a-8f4326d3d78a;c5ff2d26-e4f4-55e6-baf8-d536df9499b4;MATCHED;M;a158c25f-f944-5d34-b821-ce4fc64d997b;BPA-RIC-112607;;FT-RIC-20260925-0005;N3077J;N3077J;B6782;3412.00;LTR;592259.91;595671.91;3412.00;0.7999;KGL;MEA;19.30;GR;2729.26;COA-RIC-20260925-2;2026-09-25T19:53:28Z;BPA-DN-112607;Verified;fuel.ops@airline.com;2026-09-25T22:02:28Z;RF-RIC-03;MTR-RF-RIC-03;MANUAL;2026-09-25T20:02:28Z;SEED_B6_ADSB;2026-09-25T20:02:28Z;SEED_B6_ADSB;009df469-7dd1-55b6-9d60-daefc87475f0;1.3731;4685.02;USD
5d1a9def-0303-5aba-ac70-dfc3cd40032b;0216831d-0684-55ab-a7e8-be6757d50a56;MATCHED;E;92445205-bdce-5830-a0e4-724b20062e23;WFS-BOS-479046;;FT-BOS-20260925-0068;N3085J;N3085J;B6317;1996.00;LTR;301966.73;303962.73;1996.00;0.8072;KGL;MEA;17.60;GR;1611.17;COA-BOS-20260925-3;2026-09-25T20:01:13Z;WFS-DN-479046;Verified;fuel.ops@airline.com;2026-09-25T22:07:13Z;HD-BOS-06;MTR-HD-BOS-06;ELECTRONIC;2026-09-25T20:07:13Z;SEED_B6_ADSB;2026-09-25T20:07:13Z;SEED_B6_ADSB;9ead68a2-f6f0-5601-a314-76971966a9fe;1.3199;2634.52;USD
f6358c27-71ab-5511-b3cf-5768227d05ae;933cf0dc-9b75-5881-bf2d-7d29648d431d;MATCHED;E;70c77ff5-21d5-5a7b-9d65-54283a607023;WFS-JFK-403943;;FT-JFK-20260925-0056;N3185J;N3185J;B61201;5936.00;LTR;550020.91;555956.91;5936.00;0.8042;KGL;MEA;14.90;GR;4773.73;COA-JFK-20260925-1;2026-09-25T19:51:15Z;WFS-DN-403943;Verified;fuel.ops@airline.com;2026-09-25T22:01:15Z;HD-JFK-22;MTR-HD-JFK-22;ELECTRONIC;2026-09-25T20:01:15Z;SEED_B6_ADSB;2026-09-25T20:01:15Z;SEED_B6_ADSB;11fefc2b-d03d-5fa0-8622-d9c16e8b1c44;1.3071;7758.95;USD
836873c3-2053-53e6-84e7-94d6c659c843;0b07935e-dddb-502a-bef9-fb35e149892b;MATCHED;M;5345431f-f40d-59b5-a697-dcb842911f61;CGA-AUS-601318;;FT-AUS-20260925-0003;N709JB;N709JB;B61972;6353.00;LTR;458123.12;464476.12;6353.00;0.8074;KGL;MEA;21.70;GR;5129.41;COA-AUS-20260925-1;2026-09-25T20:06:46Z;CGA-DN-601318;Verified;fuel.ops@airline.com;2026-09-25T22:20:46Z;RF-AUS-10;MTR-RF-AUS-10;MANUAL;2026-09-25T20:20:46Z;SEED_B6_ADSB;2026-09-25T20:20:46Z;SEED_B6_ADSB;f832eb6e-0202-5e4d-aa9c-7844c46a2e7c;1.2636;8027.65;USD
5640bfe2-e149-5b66-9631-9677626ed256;b91e62ee-92c9-51f3-b9ce-ab4cfcfb459f;MATCHED;E;7f9fa2bb-6a33-56a0-90da-8b76f2dd8969;SHL-BOS-696933;;FT-BOS-20260925-0069;N703JB;N703JB;B61237;4914.00;LTR;485106.93;490020.93;4914.00;0.8095;KGL;MEA;14.80;GR;3977.88;COA-BOS-20260925-3;2026-09-25T20:12:10Z;SHL-DN-696933;Verified;fuel.ops@airline.com;2026-09-25T22:21:10Z;HD-BOS-15;MTR-HD-BOS-15;ELECTRONIC;2026-09-25T20:21:10Z;SEED_B6_ADSB;2026-09-25T20:21:10Z;SEED_B6_ADSB;be1c7c4c-e7a9-54b9-a7c5-594234df5e35;1.3166;6469.77;USD
70f60e27-5e0c-5623-bd6e-84a9ad0b0863;d2b5ec8c-6ad5-58f8-97ed-ea92e5cd79b8;MATCHED;M;30d44494-26a2-5c08-a8da-9253bd0f8d1c;AVF-RSW-496425;;FT-RSW-20260925-0003;N568JB;N568JB;B61252;7816.00;LTR;212278.16;220094.16;7816.00;0.7952;KGL;MEA;27.10;GR;6215.28;COA-RSW-20260925-3;2026-09-25T20:15:16Z;AVF-DN-496425;Verified;fuel.ops@airline.com;2026-09-25T22:31:16Z;RF-RSW-17;MTR-RF-RSW-17;MANUAL;2026-09-25T20:31:16Z;SEED_B6_ADSB;2026-09-25T20:31:16Z;SEED_B6_ADSB;cdbebe9d-7591-52b4-af09-d15f5c630bea;1.2831;10028.71;USD
52da50f2-3d80-530c-b632-a50015a11b6f;70780a07-1d73-585e-a919-d6b445e906b8;MATCHED;E;c7a4a170-17d4-5c04-bfa4-6eeea6911ac4;WFS-JFK-403945;;FT-JFK-20260925-0057;N2156J;N2156J;B6623;14635.00;LTR;631117.15;645752.15;14635.00;0.8004;KGL;MEA;19.60;GR;11713.85;COA-JFK-20260925-1;2026-09-25T20:10:40Z;WFS-DN-403945;Verified;fuel.ops@airline.com;2026-09-25T22:31:40Z;HD-JFK-09;MTR-HD-JFK-09;ELECTRONIC;2026-09-25T20:31:40Z;SEED_B6_ADSB;2026-09-25T20:31:40Z;SEED_B6_ADSB;f88ed3ab-ed95-5661-8a04-52aa9203a033;1.3071;19129.41;USD
806add45-87b3-5083-881a-0ea5ac65f409;4c1e3f43-a3ce-5a20-bde8-88bf7309ef99;MATCHED;E;a8df825a-19a1-539d-a1fb-5438e7b745cb;SHL-MCO-595750;;FT-MCO-20260925-0028;N580JB;N580JB;B62919;7695.00;LTR;656932.51;664627.51;7695.00;0.7939;KGL;MEA;22.00;GR;6109.06;COA-MCO-20260925-1;2026-09-25T20:13:54Z;SHL-DN-595750;Verified;fuel.ops@airline.com;2026-09-25T22:25:54Z;HD-MCO-05;MTR-HD-MCO-05;ELECTRONIC;2026-09-25T20:25:54Z;SEED_B6_ADSB;2026-09-25T20:25:54Z;SEED_B6_ADSB;3340a320-8875-5871-b8fb-934bf4e32969;1.2537;9647.22;USD
c61aa128-e983-57a6-976d-9d5b866339f0;91293bbc-9112-5484-ad41-222143683cda;MATCHED;E;4b747eb5-24e2-53d0-af0f-844c9af914df;SHL-MCO-595752;;FT-MCO-20260925-0029;N652JB;N652JB;B6670;5139.00;LTR;643128.97;648267.97;5139.00;0.7920;KGL;MEA;24.40;GR;4070.09;COA-MCO-20260925-1;2026-09-25T20:29:10Z;SHL-DN-595752;Verified;fuel.ops@airline.com;2026-09-25T22:38:10Z;HD-MCO-04;MTR-HD-MCO-04;ELECTRONIC;2026-09-25T20:38:10Z;SEED_B6_ADSB;2026-09-25T20:38:10Z;SEED_B6_ADSB;13601cba-57d5-5e59-b555-675f1526e205;1.2537;6442.76;USD
930ff344-29f7-52d7-af7f-40b27172e12e;468ff419-35c3-57a9-831d-87445899f642;MATCHED;E;399c6ca8-9058-5b39-b14d-21b7b89f5bd8;WFS-BOS-479047;;FT-BOS-20260925-0070;N3196J;N3196J;B61955;4738.00;LTR;338832.89;343570.89;4738.00;0.8072;KGL;MEA;17.60;GR;3824.51;COA-BOS-20260925-3;2026-09-25T20:18:10Z;WFS-DN-479047;Verified;fuel.ops@airline.com;2026-09-25T22:27:10Z;HD-BOS-14;MTR-HD-BOS-14;ELECTRONIC;2026-09-25T20:27:10Z;SEED_B6_ADSB;2026-09-25T20:27:10Z;SEED_B6_ADSB;6b20e117-1ec7-5efb-87a8-99e515019411;1.3199;6253.69;USD
2be4ddca-b608-5f34-9082-cd188b92bc09;9762c050-a972-5717-a8a2-5adad59d8010;MATCHED;M;7a95f781-ba01-5580-a41d-fbedce24c308;WFS-RDU-697042;;FT-RDU-20260925-0008;N3322J;N3322J;B62384;3248.00;LTR;239717.39;242965.39;3248.00;0.8030;KGL;MEA;21.60;GR;2608.14;COA-RDU-20260925-1;2026-09-25T20:26:11Z;WFS-DN-697042;Verified;fuel.ops@airline.com;2026-09-25T22:35:11Z;RF-RDU-11;MTR-RF-RDU-11;MANUAL;2026-09-25T20:35:11Z;SEED_B6_ADSB;2026-09-25T20:35:11Z;SEED_B6_ADSB;ce6e4312-5b9c-534d-9ddd-f4262ff825fe;1.2819;4163.61;USD
0f18f066-1961-5f12-81e3-7e5fa59dff17;b22e408e-ddea-5761-b0ef-7ab34673a981;MATCHED;M;9fb955c5-03aa-5d5f-9222-75ea04748ffc;SHL-PBI-381707;;FT-PBI-20260925-0009;N784JB;N784JB;B61168;8662.00;LTR;871460.36;880122.36;8662.00;0.8053;KGL;MEA;22.90;GR;6975.51;COA-PBI-20260925-3;2026-09-25T20:13:50Z;SHL-DN-381707;Verified;fuel.ops@airline.com;2026-09-25T22:31:50Z;RF-PBI-24;MTR-RF-PBI-24;MANUAL;2026-09-25T20:31:50Z;SEED_B6_ADSB;2026-09-25T20:31:50Z;SEED_B6_ADSB;b2f31aa3-2b36-54a1-957c-c7831db55aca;1.2739;11034.52;USD
155146e8-f1dd-5a77-9274-131b0c0e6d90;f19f91bf-bae3-5a24-a0d6-b7c2c7e14083;MATCHED;E;38421344-f653-5314-b5f7-cf2d6629f4df;WFS-ATL-755201;;FT-ATL-20260925-0007;N3065J;N3065J;B61396;5963.00;LTR;581748.37;587711.37;5963.00;0.7941;KGL;MEA;23.10;GR;4735.22;COA-ATL-20260925-2;2026-09-25T20:18:52Z;WFS-DN-755201;Verified;fuel.ops@airline.com;2026-09-25T22:28:52Z;HD-ATL-23;MTR-HD-ATL-23;ELECTRONIC;2026-09-25T20:28:52Z;SEED_B6_ADSB;2026-09-25T20:28:52Z;SEED_B6_ADSB;c9908e8f-722b-5651-996a-637e34547391;1.2179;7262.34;USD
dac16b8c-9e1a-5aaa-a80a-39a00045dda1;7b26827a-6f9c-5eb5-a3e2-9549ec17ee3f;MATCHED;E;1e09d67b-278f-5bf2-b0a3-b47f1f61e866;BPA-MCO-339280;;FT-MCO-20260925-0030;N955JB;N955JB;B61152;9687.00;LTR;567456.86;577143.86;9687.00;0.7937;KGL;MEA;22.20;GR;7688.57;COA-MCO-20260925-1;2026-09-25T20:33:54Z;BPA-DN-339280;Verified;fuel.ops@airline.com;2026-09-25T22:47:54Z;HD-MCO-21;MTR-HD-MCO-21;ELECTRONIC;2026-09-25T20:47:54Z;SEED_B6_ADSB;2026-09-25T20:47:54Z;SEED_B6_ADSB;e22edb18-88e5-5f6e-ab1b-c86dccfadab1;1.2482;12091.31;USD
00e668d8-2f71-56c6-b2b7-4ea57cac3d58;6444c735-6dea-5fd0-8710-20fbdfd0812f;MATCHED;E;3df920b4-c454-5adc-a60c-071de161fb66;SHL-FLL-485215;;FT-FLL-20260925-0047;N3162J;N3162J;B62068;5334.00;LTR;126546.92;131880.92;5334.00;0.7919;KGL;MEA;24.10;GR;4223.99;COA-FLL-20260925-3;2026-09-25T20:17:06Z;SHL-DN-485215;Verified;fuel.ops@airline.com;2026-09-25T22:26:06Z;HD-FLL-05;MTR-HD-FLL-05;ELECTRONIC;2026-09-25T20:26:06Z;SEED_B6_ADSB;2026-09-25T20:26:06Z;SEED_B6_ADSB;798e3f12-45ca-5f7d-aa2e-916423bab340;1.2386;6606.69;USD
e50ceade-b146-58ea-ac57-3457eee33a95;f6866c37-a702-542c-91ae-d293c3b897de;MATCHED;M;2e1b8e4a-03d6-5648-b0bb-8ed75c1fd20d;WFS-BNA-688057;;FT-BNA-20260925-0006;N3221J;N3221J;B6406;5525.00;LTR;281682.39;287207.39;5525.00;0.7964;KGL;MEA;19.10;GR;4400.11;COA-BNA-20260925-1;2026-09-25T20:22:36Z;WFS-DN-688057;Verified;fuel.ops@airline.com;2026-09-25T22:35:36Z;RF-BNA-18;MTR-RF-BNA-18;MANUAL;2026-09-25T20:35:36Z;SEED_B6_ADSB;2026-09-25T20:35:36Z;SEED_B6_ADSB;77c704d7-078d-5f91-8dfb-c66a499a8e17;1.2785;7063.71;USD
e4ecf2f1-a936-5530-bc43-0daf369ca7b8;9921cc50-3466-5065-aab8-a0dc58ed3c41;MATCHED;E;cdbc1413-0811-5ab0-8696-f2d18705dc2a;WFS-JFK-403948;;FT-JFK-20260925-0058;N821JB;N821JB;B61173;4301.00;LTR;215996.35;220297.35;4301.00;0.8039;KGL;MEA;15.20;GR;3457.57;COA-JFK-20260925-1;2026-09-25T20:27:21Z;WFS-DN-403948;Verified;fuel.ops@airline.com;2026-09-25T22:35:21Z;HD-JFK-07;MTR-HD-JFK-07;ELECTRONIC;2026-09-25T20:35:21Z;SEED_B6_ADSB;2026-09-25T20:35:21Z;SEED_B6_ADSB;ed6a9cd1-0575-5d8b-9f4c-08706bf02b8f;1.3071;5621.84;USD
93ccf806-3df8-5008-ae66-3f00aeb7f362;cd022d4e-eec4-5bea-9477-b737f3851c69;MATCHED;E;8218a1a1-9557-507c-ad24-d1358c129507;SHL-JFK-512739;;FT-JFK-20260925-0059;N3104J;N3104J;B6358;13944.00;LTR;215996.35;229940.35;13944.00;0.8031;KGL;MEA;16.30;GR;11198.43;COA-JFK-20260925-1;2026-09-25T20:36:11Z;SHL-DN-512739;Verified;fuel.ops@airline.com;2026-09-25T22:55:11Z;HD-JFK-07;MTR-HD-JFK-07;ELECTRONIC;2026-09-25T20:55:11Z;SEED_B6_ADSB;2026-09-25T20:55:11Z;SEED_B6_ADSB;b4a9e9bc-f8fb-5d05-a801-1f3f150be749;1.3158;18347.52;USD
d27182e9-cc30-52e6-bb6f-2dcd3732f8ec;2bf8d803-45d0-5277-8812-ad2346d16c72;MATCHED;E;af421785-ae0a-5e28-8c42-3e71e22ecc05;PMA-SJU-755487;;FT-SJU-20260925-0013;N3298J;N3298J;B62602;10172.00;LTR;892889.16;903061.16;10172.00;0.8015;KGL;MEA;26.70;GR;8152.86;COA-SJU-20260925-3;2026-09-25T20:37:17Z;PMA-DN-755487;Verified;fuel.ops@airline.com;2026-09-25T22:52:17Z;HD-SJU-08;MTR-HD-SJU-08;ELECTRONIC;2026-09-25T20:52:17Z;SEED_B6_ADSB;2026-09-25T20:52:17Z;SEED_B6_ADSB;8fed1f90-21d9-5012-a9c1-8c45b0d5b8cf;1.3038;13262.25;USD
5618e7c9-4321-5ae9-92c2-93c9f3d205c4;c1188fb5-ec91-5491-832f-a1897cd80c0d;MATCHED;M;7b0d5349-64bb-5860-8ef4-a1991b3b6299;WFS-ORH-515279;;FT-ORH-20260925-0002;N547JB;N547JB;B6987;7777.00;LTR;614666.41;622443.41;7777.00;0.8113;KGL;MEA;15.50;GR;6309.48;COA-ORH-20260925-2;2026-09-25T20:39:00Z;WFS-DN-515279;Verified;fuel.ops@airline.com;2026-09-25T22:55:00Z;RF-ORH-23;MTR-RF-ORH-23;MANUAL;2026-09-25T20:55:00Z;SEED_B6_ADSB;2026-09-25T20:55:00Z;SEED_B6_ADSB;27ab55bb-2f19-5a19-b150-f61d33fe5804;1.3722;10671.6;USD
7288f45e-1a26-5692-870e-1ef760112c7e;431ae8dc-f625-500a-aa53-b407c5e2ae01;MATCHED;E;77a4d9ec-1cf7-5d1c-a1d1-74b165634272;CGA-LAS-427516;;FT-LAS-20260925-0007;N980JT;N980JT;B62832;14636.00;LTR;590697.84;605333.84;14636.00;0.7967;KGL;MEA;17.10;GR;11660.5;COA-LAS-20260925-2;2026-09-25T20:44:58Z;CGA-DN-427516;Verified;fuel.ops@airline.com;2026-09-25T23:04:58Z;HD-LAS-21;MTR-HD-LAS-21;ELECTRONIC;2026-09-25T21:04:58Z;SEED_B6_ADSB;2026-09-25T21:04:58Z;SEED_B6_ADSB;f7aa6950-59fd-5d75-8209-7ac60bd9df35;1.3082;19146.82;USD
bca64e65-f5d4-5358-aad5-9e26ed58b994;581e1a53-66de-5c82-b419-a9d6fde6d4c7;MATCHED;E;49188581-3956-5c44-aefa-fd6d1dbc91b4;SHL-FLL-485218;;FT-FLL-20260925-0048;N612JB;N612JB;B6472;8511.00;LTR;197403.31;205914.31;8511.00;0.7921;KGL;MEA;23.90;GR;6741.56;COA-FLL-20260925-3;2026-09-25T20:57:06Z;SHL-DN-485218;Verified;fuel.ops@airline.com;2026-09-25T23:10:06Z;HD-FLL-18;MTR-HD-FLL-18;ELECTRONIC;2026-09-25T21:10:06Z;SEED_B6_ADSB;2026-09-25T21:10:06Z;SEED_B6_ADSB;d4f224a6-c2a5-5f96-8437-092d121e8c55;1.2386;10541.72;USD
d754bea2-d2e0-50f3-b054-512c05bb1924;85ec8487-40c3-5de9-9bd8-acc7bd6e7ec5;MATCHED;E;5a354427-a252-5dc7-8a9a-c28b62107153;CGA-DFW-294823;;FT-DFW-20260925-0003;N640JB;N640JB;B61882;6973.00;LTR;470723.58;477696.58;6973.00;0.7976;KGL;MEA;20.00;GR;5561.66;COA-DFW-20260925-2;2026-09-25T20:54:49Z;CGA-DN-294823;Verified;fuel.ops@airline.com;2026-09-25T23:05:49Z;HD-DFW-13;MTR-HD-DFW-13;ELECTRONIC;2026-09-25T21:05:49Z;SEED_B6_ADSB;2026-09-25T21:05:49Z;SEED_B6_ADSB;94f90005-98c1-531c-a735-19e5bfaeee5f;1.2397;8644.43;USD
aa54fc4d-7bd3-51e4-aab4-af8223955c49;59260a6d-81a6-5cce-a957-3b0c1f222098;MATCHED;E;1a95f9b7-b567-5f08-8559-e620356f75f1;CGA-DEN-616023;;FT-DEN-20260925-0002;N3251J;N3251J;B61498;8243.00;LTR;864550.46;872793.46;8243.00;0.8096;KGL;MEA;19.10;GR;6673.53;COA-DEN-20260925-2;2026-09-25T20:48:57Z;CGA-DN-616023;Verified;fuel.ops@airline.com;2026-09-25T23:01:57Z;HD-DEN-03;MTR-HD-DEN-03;ELECTRONIC;2026-09-25T21:01:57Z;SEED_B6_ADSB;2026-09-25T21:01:57Z;SEED_B6_ADSB;24bfdbd4-8226-5070-88b4-5088fbe3c469;1.2793;10545.27;USD
9b92cbbc-d531-568c-8b9f-2b2ced8c7a90;85148d74-3c5c-5635-9a71-2ab7f3ab07e5;MATCHED;E;19760ba7-8796-5b03-9900-d533c04ed675;WFS-JFK-403951;;FT-JFK-20260925-0060;N591JB;N591JB;B6263;16918.00;LTR;531558.61;548476.61;16918.00;0.7998;KGL;MEA;20.40;GR;13531.02;COA-JFK-20260925-1;2026-09-25T20:40:38Z;WFS-DN-403951;Verified;fuel.ops@airline.com;2026-09-25T23:03:38Z;HD-JFK-03;MTR-HD-JFK-03;ELECTRONIC;2026-09-25T21:03:38Z;SEED_B6_ADSB;2026-09-25T21:03:38Z;SEED_B6_ADSB;928e39a7-f78b-51d1-81ef-1a02f434e0d0;1.3071;22113.52;USD
ccecd5e7-db73-5c25-99f5-224856e96c1b;9ab97fc4-0e5e-5478-8a5d-6714109c9d60;MATCHED;E;36184a4c-9b24-547f-a25a-ee559935f03a;WFS-JFK-403952;;FT-JFK-20260925-0061;N3308J;N3308J;B61202;1439.00;LTR;153514.81;154953.81;1439.00;0.8041;KGL;MEA;15.00;GR;1157.1;COA-JFK-20260925-1;2026-09-25T20:52:40Z;WFS-DN-403952;Verified;fuel.ops@airline.com;2026-09-25T22:57:40Z;HD-JFK-11;MTR-HD-JFK-11;ELECTRONIC;2026-09-25T20:57:40Z;SEED_B6_ADSB;2026-09-25T20:57:40Z;SEED_B6_ADSB;130f5285-25a1-59f0-bad4-693e15011803;1.3071;1880.92;USD
c8a1e9fe-08cd-5864-9b82-2d6f10418000;09933e6d-eef6-52e0-9536-3f63b10398bd;MATCHED;M;7bbd7bc1-badd-5823-a8c0-6fa4332ee56d;CGA-PHX-757919;;FT-PHX-20260925-0001;N638JB;N638JB;B6136;16308.00;LTR;140395.37;156703.37;16308.00;0.8095;KGL;MEA;18.90;GR;13201.33;COA-PHX-20260925-1;2026-09-25T20:50:10Z;CGA-DN-757919;Verified;fuel.ops@airline.com;2026-09-25T23:21:10Z;RF-PHX-03;MTR-RF-PHX-03;MANUAL;2026-09-25T21:21:10Z;SEED_B6_ADSB;2026-09-25T21:21:10Z;SEED_B6_ADSB;6ed1a984-6323-5835-900e-df40d196ae66;1.3281;21658.65;USD
79b407ce-8fd4-50d6-bda1-b3562776549e;fb6c5cce-40ec-5c43-a266-06470b4f6a75;MATCHED;E;4c96062b-4927-50fc-8037-b355578fe437;WFS-BOS-479049;;FT-BOS-20260925-0071;N3102J;N3102J;B6811;7165.00;LTR;702747.54;709912.54;7165.00;0.8091;KGL;MEA;15.30;GR;5797.2;COA-BOS-20260925-3;2026-09-25T21:01:31Z;WFS-DN-479049;Verified;fuel.ops@airline.com;2026-09-25T23:12:31Z;HD-BOS-22;MTR-HD-BOS-22;ELECTRONIC;2026-09-25T21:12:31Z;SEED_B6_ADSB;2026-09-25T21:12:31Z;SEED_B6_ADSB;8ceae484-e2b6-5bc6-a0da-054c021cd184;1.3199;9457.08;USD
260796cd-2e45-5522-9b19-e2de1488933f;99f4505c-2eac-5295-aa4d-f74ce8298afa;MATCHED;E;03361367-b95d-5e9f-a54c-b26c8e916bf2;CGA-LAX-552090;;FT-LAX-20260925-0015;N944JT;N944JT;B6624;21103.00;LTR;406046.42;427149.42;21103.00;0.7922;KGL;MEA;23.50;GR;16717.8;COA-LAX-20260925-1;2026-09-25T21:01:06Z;CGA-DN-552090;Verified;fuel.ops@airline.com;2026-09-25T23:28:06Z;HD-LAX-15;MTR-HD-LAX-15;ELECTRONIC;2026-09-25T21:28:06Z;SEED_B6_ADSB;2026-09-25T21:28:06Z;SEED_B6_ADSB;867757ed-46e4-5dbd-b0fb-23ad6abbdba5;1.3080;27602.72;USD
1a244a8c-3276-5b8b-9bf9-f4aac6b7c1f8;550bef4a-8e82-5175-b885-c66b2ac28ec2;MATCHED;M;d92d18ec-3255-5e68-9d3d-7b518e7a04c4;ASA-CUN-110384;;FT-CUN-20260925-0001;N608JB;N608JB;B61014;4926.00;LTR;373459.93;378385.93;4926.00;0.7927;KGL;MEA;26.00;GR;3904.84;COA-CUN-20260925-1;2026-09-25T20:57:15Z;ASA-DN-110384;Verified;fuel.ops@airline.com;2026-09-25T23:09:15Z;RF-CUN-23;MTR-RF-CUN-23;MANUAL;2026-09-25T21:09:15Z;SEED_B6_ADSB;2026-09-25T21:09:15Z;SEED_B6_ADSB;7f7f6833-d135-52c7-8506-b15457fe7413;1.3963;6878.17;USD
066f93cf-330e-592b-a6d5-5119aba0b999;864ac9f9-4b12-5fe3-a17c-efe4b3bb172b;MATCHED;E;7ab49699-0a5e-5959-ae96-9b4b666eb4ea;SHL-BOS-696934;;FT-BOS-20260925-0072;N2142J;N2142J;B6387;15830.00;LTR;559800.99;575630.99;15830.00;0.8088;KGL;MEA;15.60;GR;12803.3;COA-BOS-20260925-3;2026-09-25T21:10:20Z;SHL-DN-696934;Verified;fuel.ops@airline.com;2026-09-25T23:31:20Z;HD-BOS-17;MTR-HD-BOS-17;ELECTRONIC;2026-09-25T21:31:20Z;SEED_B6_ADSB;2026-09-25T21:31:20Z;SEED_B6_ADSB;af5a3a3e-5be5-5275-b158-e885e7d4b984;1.3166;20841.78;USD
6e60fb81-66b5-58a7-9200-22921e52f279;ab1556bf-c4e5-5ee9-8826-312f21ddda27;MATCHED;E;b58cdb38-67db-57ed-9926-cb441265a600;BPA-MCO-339282;;FT-MCO-20260925-0031;N3125J;N3125J;B61586;5878.00;LTR;113456.56;119334.56;5878.00;0.7935;KGL;MEA;22.40;GR;4664.19;COA-MCO-20260925-1;2026-09-25T21:04:20Z;BPA-DN-339282;Verified;fuel.ops@airline.com;2026-09-25T23:14:20Z;HD-MCO-18;MTR-HD-MCO-18;ELECTRONIC;2026-09-25T21:14:20Z;SEED_B6_ADSB;2026-09-25T21:14:20Z;SEED_B6_ADSB;b172b0cb-31aa-5ad2-9570-423a8f95cb47;1.2482;7336.92;USD
6c09e70f-ad3f-5752-825b-c50fbc8dd18d;396fb8b4-3c91-5458-a500-5910b7aa764a;MATCHED;E;ca42ff4d-677b-58a4-aa94-5fdae62aa845;SHL-MCO-595755;;FT-MCO-20260925-0032;N653JB;N653JB;B61947;3164.00;LTR;658407.57;661571.57;3164.00;0.7951;KGL;MEA;20.40;GR;2515.7;COA-MCO-20260925-1;2026-09-25T21:13:20Z;SHL-DN-595755;Verified;fuel.ops@airline.com;2026-09-25T23:20:20Z;HD-MCO-02;MTR-HD-MCO-02;ELECTRONIC;2026-09-25T21:20:20Z;SEED_B6_ADSB;2026-09-25T21:20:20Z;SEED_B6_ADSB;075ba7b8-b358-5bcc-ae3d-955a10d8760e;1.2537;3966.71;USD
5b172206-8bb5-520e-986a-639902bfb2c6;d345ac59-7b68-500b-8e0a-a8ac81df9739;MATCHED;E;51ffc8a9-2881-5e96-a616-860e3264f0c7;WFS-BOS-479052;;FT-BOS-20260925-0073;N3142J;N3142J;B62185;3585.00;LTR;226061.70;229646.70;3585.00;0.8076;KGL;MEA;17.10;GR;2895.25;COA-BOS-20260925-3;2026-09-25T20:57:20Z;WFS-DN-479052;Verified;fuel.ops@airline.com;2026-09-25T23:04:20Z;HD-BOS-13;MTR-HD-BOS-13;ELECTRONIC;2026-09-25T21:04:20Z;SEED_B6_ADSB;2026-09-25T21:04:20Z;SEED_B6_ADSB;d0acdad2-c14f-54e6-bd92-599e35273020;1.3199;4731.84;USD
c46312c7-e695-53ca-8057-603f58f6c369;bde0928a-42ec-5a12-a151-cdab3ccc26fa;MATCHED;M;a7c763d7-2c59-5e9f-92fb-3aabd9943320;AVF-RSW-496426;;FT-RSW-20260925-0004;N565JB;N565JB;B61530;8430.00;LTR;354657.77;363087.77;8430.00;0.7990;KGL;MEA;22.30;GR;6735.57;COA-RSW-20260925-3;2026-09-25T21:16:20Z;AVF-DN-496426;Verified;fuel.ops@airline.com;2026-09-25T23:34:20Z;RF-RSW-23;MTR-RF-RSW-23;MANUAL;2026-09-25T21:34:20Z;SEED_B6_ADSB;2026-09-25T21:34:20Z;SEED_B6_ADSB;7c039b53-68d7-5684-a3f0-9dc959124392;1.2831;10816.53;USD
01bd92a0-b7b8-5d79-8549-6868841ef441;a12dc08e-0906-5646-a9e1-92d80cfea7d4;MATCHED;E;783506e8-c5e7-5328-8f94-687dc4c014fd;CGA-SAN-368880;;FT-SAN-20260925-0002;N2193J;N2193J;B6220;15022.00;LTR;499660.37;514682.37;15022.00;0.8002;KGL;MEA;22.50;GR;12020.6;COA-SAN-20260925-1;2026-09-25T21:09:48Z;CGA-DN-368880;Verified;fuel.ops@airline.com;2026-09-25T23:29:48Z;HD-SAN-01;MTR-HD-SAN-01;ELECTRONIC;2026-09-25T21:29:48Z;SEED_B6_ADSB;2026-09-25T21:29:48Z;SEED_B6_ADSB;bdca1331-0973-57db-8c7f-3b33b06aada1;1.3102;19681.82;USD
50165ab1-068d-5c8e-b7dc-0f0942edd93d;054b1137-8835-501f-8472-298729237d68;MATCHED;E;dd713d9a-7f9c-5130-92f0-1cf846ff4708;SHL-BOS-696935;;FT-BOS-20260925-0074;N3261J;N3261J;B6715;3180.00;LTR;817566.23;820746.23;3180.00;0.8061;KGL;MEA;19.00;GR;2563.4;COA-BOS-20260925-3;2026-09-25T21:11:10Z;SHL-DN-696935;Verified;fuel.ops@airline.com;2026-09-25T23:18:10Z;HD-BOS-21;MTR-HD-BOS-21;ELECTRONIC;2026-09-25T21:18:10Z;SEED_B6_ADSB;2026-09-25T21:18:10Z;SEED_B6_ADSB;b0b767df-84c7-5b9d-9879-54a3b38f9838;1.3166;4186.79;USD
dd3cef69-b6eb-5a67-80ff-79d3309e6e0c;d0660282-680e-5d87-a97b-7e906e2d7b88;MATCHED;E;9d2dd23a-d656-5842-9217-b70ae049e649;WFS-LGA-756538;;FT-LGA-20260925-0009;N729JB;N729JB;B61761;6850.00;LTR;596272.64;603122.64;6850.00;0.7987;KGL;MEA;18.30;GR;5471.09;COA-LGA-20260925-1;2026-09-25T21:17:10Z;WFS-DN-756538;Verified;fuel.ops@airline.com;2026-09-25T23:28:10Z;HD-LGA-14;MTR-HD-LGA-14;ELECTRONIC;2026-09-25T21:28:10Z;SEED_B6_ADSB;2026-09-25T21:28:10Z;SEED_B6_ADSB;28e33f9b-ba0b-5526-9553-4ba2c26144bd;1.3124;8989.94;USD
d770d8bb-9d77-5ff7-8609-26d6831423c5;5bfdfd11-aacc-5266-9070-4f7f3a1ed897;MATCHED;E;ff283b54-dd66-5b4e-8038-d95366cff234;SHL-FLL-485219;;FT-FLL-20260925-0049;N605JB;N605JB;B62098;5607.00;LTR;867584.80;873191.80;5607.00;0.7897;KGL;MEA;26.90;GR;4427.85;COA-FLL-20260925-3;2026-09-25T21:14:16Z;SHL-DN-485219;Verified;fuel.ops@airline.com;2026-09-25T23:24:16Z;HD-FLL-16;MTR-HD-FLL-16;ELECTRONIC;2026-09-25T21:24:16Z;SEED_B6_ADSB;2026-09-25T21:24:16Z;SEED_B6_ADSB;c74a2dd5-52c9-5c5a-9844-4006fdf21197;1.2386;6944.83;USD
5a5b98b7-2205-5d6e-81d8-c8e4aa60061f;10a16526-e463-5c34-89ba-33247a058b0b;MATCHED;E;c71cc40e-01d1-572f-9d15-49659eacae56;CGA-IAH-360692;;FT-IAH-20260925-0005;N806JB;N806JB;B62180;6687.00;LTR;359683.18;366370.18;6687.00;0.8022;KGL;MEA;23.60;GR;5364.31;COA-IAH-20260925-3;2026-09-25T21:27:16Z;CGA-DN-360692;Verified;fuel.ops@airline.com;2026-09-25T23:38:16Z;HD-IAH-19;MTR-HD-IAH-19;ELECTRONIC;2026-09-25T21:38:16Z;SEED_B6_ADSB;2026-09-25T21:38:16Z;SEED_B6_ADSB;8417852d-40cd-5e41-a2b3-6cd5c118e543;1.2332;8246.41;USD
794b64a7-616d-59db-a035-fd5d6fc27ae8;cd1b76a4-ce34-536f-bed5-9338d03ecaa9;MATCHED;E;5ce3894e-8ade-56c9-8ad9-193204da88a2;PMA-SJU-755490;;FT-SJU-20260925-0014;N594JB;N594JB;B61348;10303.00;LTR;347964.75;358267.75;10303.00;0.8010;KGL;MEA;27.30;GR;8252.7;COA-SJU-20260925-3;2026-09-25T21:23:18Z;PMA-DN-755490;Verified;fuel.ops@airline.com;2026-09-25T23:38:18Z;HD-SJU-22;MTR-HD-SJU-22;ELECTRONIC;2026-09-25T21:38:18Z;SEED_B6_ADSB;2026-09-25T21:38:18Z;SEED_B6_ADSB;b42ce5f1-17d2-536b-bd77-ff7281452e2f;1.3038;13433.05;USD
30043e24-3458-5bab-8a13-07fadad536d2;28603691-a404-5353-8d79-98818e01838f;MATCHED;E;edb9e7d7-c7dc-5750-915a-f05ceaf8b5a4;CGA-SFO-275655;;FT-SFO-20260925-0008;N969JT;N969JT;B6416;18242.00;LTR;726214.38;744456.38;18242.00;0.8008;KGL;MEA;22.10;GR;14608.19;COA-SFO-20260925-1;2026-09-25T21:31:00Z;CGA-DN-275655;Verified;fuel.ops@airline.com;2026-09-25T23:55:00Z;HD-SFO-06;MTR-HD-SFO-06;ELECTRONIC;2026-09-25T21:55:00Z;SEED_B6_ADSB;2026-09-25T21:55:00Z;SEED_B6_ADSB;1fafc2a2-e54c-5abe-a93a-ad48a58425e8;1.3267;24201.66;USD
7744e8a3-d250-5b14-84f1-a7e9c4d0a85a;96f6937f-f9ff-5830-8f4c-e654bc1160c7;MATCHED;E;6bdf1fbf-5ecb-55f3-8850-2cc4d7c139a4;CGA-LAX-552091;;FT-LAX-20260925-0016;N979JT;N979JT;B6924;17575.00;LTR;347598.62;365173.62;17575.00;0.7940;KGL;MEA;21.20;GR;13954.55;COA-LAX-20260925-1;2026-09-25T21:33:00Z;CGA-DN-552091;Verified;fuel.ops@airline.com;2026-09-25T23:56:00Z;HD-LAX-23;MTR-HD-LAX-23;ELECTRONIC;2026-09-25T21:56:00Z;SEED_B6_ADSB;2026-09-25T21:56:00Z;SEED_B6_ADSB;cfed5b7e-3222-5550-aae3-cde0444eebdb;1.3080;22988.1;USD
3eda433f-6df8-5b3b-a56a-32f61c7ff20a;19e1143e-a0d6-50f5-b29e-98497ff7d9ff;MATCHED;E;da6e030a-7d93-59ac-97d7-820961a830d7;CGA-LAS-427517;;FT-LAS-20260925-0008;N561JB;N561JB;B6348;13129.00;LTR;721083.22;734212.22;13129.00;0.7936;KGL;MEA;21.10;GR;10419.17;COA-LAS-20260925-2;2026-09-25T21:40:00Z;CGA-DN-427517;Verified;fuel.ops@airline.com;2026-09-25T23:58:00Z;HD-LAS-18;MTR-HD-LAS-18;ELECTRONIC;2026-09-25T21:58:00Z;SEED_B6_ADSB;2026-09-25T21:58:00Z;SEED_B6_ADSB;d5f89f92-db8b-55a1-8107-92c3df854003;1.3082;17175.36;USD
f5918196-37b4-5be9-be91-20e9b80f0957;d0de6900-88e6-5bb1-8109-2a4549dc9fe8;MATCHED;E;06915bc1-97e1-5a76-aa2e-0733b6777ac7;SHL-JFK-512742;;FT-JFK-20260925-0062;N2151J;N2151J;B61023;13188.00;LTR;661251.88;674439.88;13188.00;0.8008;KGL;MEA;19.10;GR;10560.95;COA-JFK-20260925-1;2026-09-25T21:29:01Z;SHL-DN-512742;Verified;fuel.ops@airline.com;2026-09-25T23:47:01Z;HD-JFK-06;MTR-HD-JFK-06;ELECTRONIC;2026-09-25T21:47:01Z;SEED_B6_ADSB;2026-09-25T21:47:01Z;SEED_B6_ADSB;30cf8386-0154-56a3-9c15-07288e466697;1.3158;17352.77;USD
d69c8555-7d07-55ca-9dfd-998040bc381b;ce195f17-6263-50ae-a983-66b94c749941;MATCHED;M;9178a6ea-6d0f-57e0-ba1b-e6fd662d3389;BPA-CLE-201345;;FT-CLE-20260925-0005;N3157J;N3157J;B6640;4621.00;LTR;190878.68;195499.68;4621.00;0.7976;KGL;MEA;17.30;GR;3685.71;COA-CLE-20260925-3;2026-09-25T21:34:01Z;BPA-DN-201345;Verified;fuel.ops@airline.com;2026-09-25T23:45:01Z;RF-CLE-08;MTR-RF-CLE-08;MANUAL;2026-09-25T21:45:01Z;SEED_B6_ADSB;2026-09-25T21:45:01Z;SEED_B6_ADSB;59a4fc44-66b6-5488-8946-2cf05e5a49ff;1.3112;6059.06;USD
e194fe4a-aa5d-5f92-a27b-60731b1fead4;5b032d00-d310-5352-a9d3-f9d63b0c88a0;MATCHED;E;9b3b5466-9c13-5807-9b2a-462d50fec2e6;WFS-JFK-403954;;FT-JFK-20260925-0063;N3189J;N3189J;B6355;13634.00;LTR;446618.71;460252.71;13634.00;0.8000;KGL;MEA;20.10;GR;10907.2;COA-JFK-20260925-1;2026-09-25T22:00:13Z;WFS-DN-403954;Verified;fuel.ops@airline.com;2026-09-26T00:19:13Z;HD-JFK-01;MTR-HD-JFK-01;ELECTRONIC;2026-09-25T22:19:13Z;SEED_B6_ADSB;2026-09-25T22:19:13Z;SEED_B6_ADSB;5ace5d0a-3dfd-5564-b84c-dfb947571032;1.3071;17821;USD
8e17ba4e-a378-50fd-817f-8ac0d6527c00;41f1c637-3166-54b2-af89-ddc1608c3660;MATCHED;E;00735ca3-4889-5de0-a609-987dd9622191;WFS-BOS-479054;;FT-BOS-20260925-0075;N595JB;N595JB;B6369;8240.00;LTR;817566.23;825806.23;8240.00;0.8071;KGL;MEA;17.70;GR;6650.5;COA-BOS-20260925-3;2026-09-25T21:34:50Z;WFS-DN-479054;Verified;fuel.ops@airline.com;2026-09-25T23:47:50Z;HD-BOS-21;MTR-HD-BOS-21;ELECTRONIC;2026-09-25T21:47:50Z;SEED_B6_ADSB;2026-09-25T21:47:50Z;SEED_B6_ADSB;68e2bb4b-1459-595f-8387-61569aa98c42;1.3199;10875.98;USD
eef3be4c-219c-578e-9034-f0adfbfdb25e;e62b5900-3139-56aa-8c15-de2230f9ce05;MATCHED;M;4957f7da-4e33-5f50-bc9c-252fc1056743;WFS-HPN-788053;;FT-HPN-20260925-0012;N645JB;N645JB;B6467;7453.00;LTR;834531.34;841984.34;7453.00;0.7979;KGL;MEA;18.70;GR;5946.75;COA-HPN-20260925-2;2026-09-25T21:31:01Z;WFS-DN-788053;Verified;fuel.ops@airline.com;2026-09-25T23:47:01Z;RF-HPN-20;MTR-RF-HPN-20;MANUAL;2026-09-25T21:47:01Z;SEED_B6_ADSB;2026-09-25T21:47:01Z;SEED_B6_ADSB;95cc72e2-8950-507b-8cf4-30a21a686e55;1.3639;10165.15;USD
17abb2c7-77f6-56b8-bdad-519ee6a6d21c;cd2be32a-99d9-5e39-8049-c380375e4412;MATCHED;M;ea35f49d-c210-5dc7-ac2a-7cbf3b7b9c6c;BPA-PIT-505327;;FT-PIT-20260925-0005;N3121J;N3121J;B61786;3882.00;LTR;783214.54;787096.54;3882.00;0.8043;KGL;MEA;15.30;GR;3122.29;COA-PIT-20260925-2;2026-09-25T21:39:16Z;BPA-DN-505327;Verified;fuel.ops@airline.com;2026-09-25T23:49:16Z;RF-PIT-22;MTR-RF-PIT-22;MANUAL;2026-09-25T21:49:16Z;SEED_B6_ADSB;2026-09-25T21:49:16Z;SEED_B6_ADSB;f7acde22-855f-5691-bd28-7117de1fdc34;1.3492;5237.59;USD
173251d6-0ea5-5f49-897f-292032429563;77b89e9c-1632-5879-a36b-83157de81e16;MATCHED;E;f89b4bfd-0ed8-54a0-8012-5f6ec2b3736f;CGA-SFO-275658;;FT-SFO-20260925-0009;N2157J;N2157J;B61234;14766.00;LTR;359691.39;374457.39;14766.00;0.8008;KGL;MEA;22.20;GR;11824.61;COA-SFO-20260925-1;2026-09-25T21:29:22Z;CGA-DN-275658;Verified;fuel.ops@airline.com;2026-09-25T23:49:22Z;HD-SFO-22;MTR-HD-SFO-22;ELECTRONIC;2026-09-25T21:49:22Z;SEED_B6_ADSB;2026-09-25T21:49:22Z;SEED_B6_ADSB;70477ab8-0230-5cc8-88b9-84c651f202d4;1.3267;19590.05;USD
2e247a9a-2f91-5f32-8813-69df10502d7b;a070e1fd-a0f6-5a6f-8fb0-5232ba02da08;MATCHED;E;ebf3c2d4-191d-5997-bf20-a6cd178ca9cd;SHL-BOS-696936;;FT-BOS-20260925-0076;N945JT;N945JT;B6177;19286.00;LTR;301966.73;321252.73;19286.00;0.8057;KGL;MEA;19.50;GR;15538.73;COA-BOS-20260925-3;2026-09-25T21:27:37Z;SHL-DN-696936;Verified;fuel.ops@airline.com;2026-09-25T23:53:37Z;HD-BOS-06;MTR-HD-BOS-06;ELECTRONIC;2026-09-25T21:53:37Z;SEED_B6_ADSB;2026-09-25T21:53:37Z;SEED_B6_ADSB;fbfb636c-e477-56c4-8c6c-e53c9296aac2;1.3166;25391.95;USD
b670a438-ffd6-540d-be5e-1d55d61dcf36;552432ba-2e4b-59d1-adc1-76209a923435;MATCHED;E;4a41e0f0-0a13-5774-b519-00cdbf7b541f;WFS-BOS-479057;;FT-BOS-20260925-0077;N3271J;N3271J;B62255;2853.00;LTR;359019.10;361872.10;2853.00;0.8099;KGL;MEA;14.30;GR;2310.64;COA-BOS-20260925-3;2026-09-25T21:23:51Z;WFS-DN-479057;Verified;fuel.ops@airline.com;2026-09-25T23:30:51Z;HD-BOS-02;MTR-HD-BOS-02;ELECTRONIC;2026-09-25T21:30:51Z;SEED_B6_ADSB;2026-09-25T21:30:51Z;SEED_B6_ADSB;15a4c315-f18f-5758-a806-909fb6bbf2c9;1.3199;3765.67;USD
e4e28a24-d873-5955-b640-369b7a0ed75c;b13de854-5f46-5635-a735-c5b85fc7fa05;MATCHED;E;7ba1b1df-6fe5-5c80-a593-8651063ee6b6;BPA-DCA-429189;;FT-DCA-20260925-0012;N579JB;N579JB;B62523;5493.00;LTR;391420.10;396913.10;5493.00;0.7962;KGL;MEA;19.90;GR;4373.53;COA-DCA-20260925-1;2026-09-25T21:32:26Z;BPA-DN-429189;Verified;fuel.ops@airline.com;2026-09-25T23:42:26Z;HD-DCA-14;MTR-HD-DCA-14;ELECTRONIC;2026-09-25T21:42:26Z;SEED_B6_ADSB;2026-09-25T21:42:26Z;SEED_B6_ADSB;10d5d602-5dbc-5c7d-bab5-51f106c36e4e;1.3157;7227.14;USD
f0b5ea8d-40bf-5ea5-a0a1-622af3e46531;a423c140-3bca-5031-aeac-cce21b3390d0;MATCHED;E;1eb4bde6-7c96-5f60-962f-30bc2666f781;WFS-BOS-479060;;FT-BOS-20260925-0078;N3289J;N3289J;B61341;3965.00;LTR;547827.42;551792.42;3965.00;0.8067;KGL;MEA;18.30;GR;3198.57;COA-BOS-20260925-3;2026-09-25T21:28:01Z;WFS-DN-479060;Verified;fuel.ops@airline.com;2026-09-25T23:36:01Z;HD-BOS-07;MTR-HD-BOS-07;ELECTRONIC;2026-09-25T21:36:01Z;SEED_B6_ADSB;2026-09-25T21:36:01Z;SEED_B6_ADSB;fba02558-8c43-5d8e-a33a-7c397a206bb2;1.3199;5233.4;USD
e91d7d07-4e91-5aee-9e80-dc656bec51f9;e658b3bd-131f-5867-b3c3-57e54ebc7f26;MATCHED;E;4e889a62-5a33-55f6-90b3-a74fcca7d033;CGA-LAX-552094;;FT-LAX-20260925-0017;N943JT;N943JT;B61300;16622.00;LTR;373792.08;390414.08;16622.00;0.7934;KGL;MEA;21.90;GR;13187.89;COA-LAX-20260925-1;2026-09-25T21:37:04Z;CGA-DN-552094;Verified;fuel.ops@airline.com;2026-09-25T23:59:04Z;HD-LAX-17;MTR-HD-LAX-17;ELECTRONIC;2026-09-25T21:59:04Z;SEED_B6_ADSB;2026-09-25T21:59:04Z;SEED_B6_ADSB;2d79d0c7-9ee1-5029-b698-3bdc3896b023;1.3080;21741.58;USD
faf1bbec-0974-5b95-a278-1bd5ba1d2fb3;10dad724-dd8c-53e7-a02a-fbd93d41f5a2;MATCHED;E;7fdf3efa-f1a3-5a58-be84-85ef37c8cb47;WFS-JFK-403956;;FT-JFK-20260925-0064;N993JE;N993JE;B61189;18654.00;LTR;837353.02;856007.02;18654.00;0.8035;KGL;MEA;15.70;GR;14988.49;COA-JFK-20260925-1;2026-09-25T21:31:45Z;WFS-DN-403956;Verified;fuel.ops@airline.com;2026-09-25T23:55:45Z;HD-JFK-24;MTR-HD-JFK-24;ELECTRONIC;2026-09-25T21:55:45Z;SEED_B6_ADSB;2026-09-25T21:55:45Z;SEED_B6_ADSB;be12ae2b-8c96-5b10-b3f9-5e5561d5eb65;1.3071;24382.64;USD
b9b76b36-5175-5915-afb0-6743f8bbcff3;acb76877-5c64-5d53-9d1e-1026881f88d9;MATCHED;E;31a5b011-e496-5294-8173-551f0212b785;SHL-MCO-595756;;FT-MCO-20260925-0033;N633JB;N633JB;B61728;6104.00;LTR;422837.42;428941.42;6104.00;0.7928;KGL;MEA;23.30;GR;4839.25;COA-MCO-20260925-1;2026-09-25T21:48:56Z;SHL-DN-595756;Verified;fuel.ops@airline.com;2026-09-25T23:58:56Z;HD-MCO-08;MTR-HD-MCO-08;ELECTRONIC;2026-09-25T21:58:56Z;SEED_B6_ADSB;2026-09-25T21:58:56Z;SEED_B6_ADSB;8b9be142-e790-54c1-a733-06c51f41c104;1.2537;7652.58;USD
4a73baa2-ca8b-5227-b68a-17f7128d5a3f;2871823b-afd5-5b7c-b66b-5b0b7ae49172;MATCHED;E;b7b0c5b6-a965-5e6c-8c54-1ca5ecdc7951;PMA-SJU-755491;;FT-SJU-20260925-0015;N627JB;N627JB;B62134;7576.00;LTR;414999.28;422575.28;7576.00;0.8006;KGL;MEA;27.80;GR;6065.35;COA-SJU-20260925-3;2026-09-25T21:41:25Z;PMA-DN-755491;Verified;fuel.ops@airline.com;2026-09-25T23:53:25Z;HD-SJU-01;MTR-HD-SJU-01;ELECTRONIC;2026-09-25T21:53:25Z;SEED_B6_ADSB;2026-09-25T21:53:25Z;SEED_B6_ADSB;907240bc-56e6-5f82-a4f7-6e4eadca7234;1.3038;9877.59;USD
a025b3eb-060c-58e1-a27f-dcb3c372ff21;d2c025f2-6d8b-573e-8021-eb0b091287af;MATCHED;E;b6a1b7ae-b71d-51cd-988c-04ae0b4a6a37;WFS-BOS-479061;;FT-BOS-20260925-0079;N646JB;N646JB;B6561;13349.00;LTR;334682.58;348031.58;13349.00;0.8068;KGL;MEA;18.10;GR;10769.97;COA-BOS-20260925-3;2026-09-25T21:42:54Z;WFS-DN-479061;Verified;fuel.ops@airline.com;2026-09-26T00:00:54Z;HD-BOS-16;MTR-HD-BOS-16;ELECTRONIC;2026-09-25T22:00:54Z;SEED_B6_ADSB;2026-09-25T22:00:54Z;SEED_B6_ADSB;17fffe01-6d64-51f3-894f-9b11c293bae1;1.3199;17619.35;USD
8b493cf1-4ed4-5be3-a6dd-aaa5c91511a2;daee6688-4b79-5116-9f76-b92a5484e3fb;MATCHED;E;3d31f8e1-32ae-56a5-b4a2-4c84be4299fe;WFS-JFK-403957;;FT-JFK-20260925-0065;N999JQ;N999JQ;B6161;18905.00;LTR;507297.30;526202.30;18905.00;0.8035;KGL;MEA;15.70;GR;15190.17;COA-JFK-20260925-1;2026-09-25T21:35:50Z;WFS-DN-403957;Verified;fuel.ops@airline.com;2026-09-25T23:59:50Z;HD-JFK-08;MTR-HD-JFK-08;ELECTRONIC;2026-09-25T21:59:50Z;SEED_B6_ADSB;2026-09-25T21:59:50Z;SEED_B6_ADSB;6dc4a3ac-d710-520d-b1a4-11f9f705683e;1.3071;24710.73;USD
df30dc54-9ceb-537b-bfab-48f349a1c0e4;d94b674a-7585-5d61-90dc-994b25830e96;MATCHED;E;a7c21569-9418-53bb-8f84-8d3eaad2a126;WFS-BOS-479062;;FT-BOS-20260925-0080;N4073J;N4073J;B61620;18739.00;LTR;702373.74;721112.74;18739.00;0.8083;KGL;MEA;16.30;GR;15146.73;COA-BOS-20260925-3;2026-09-25T21:51:59Z;WFS-DN-479062;Verified;fuel.ops@airline.com;2026-09-26T00:15:59Z;HD-BOS-19;MTR-HD-BOS-19;ELECTRONIC;2026-09-25T22:15:59Z;SEED_B6_ADSB;2026-09-25T22:15:59Z;SEED_B6_ADSB;d14ca1b1-063e-51b8-8917-732b9fe61a6a;1.3199;24733.61;USD
4a7bcb45-d8da-5b84-8eff-e0d065e01851;5fc7b59a-15d9-533a-a3a9-4cf4c4e3751c;MATCHED;E;72cbbc96-a317-541f-a743-723ee1019bb0;WFS-JFK-403960;;FT-JFK-20260925-0066;N3112J;N3112J;B6818;1580.00;LTR;153514.81;155094.81;1580.00;0.8032;KGL;MEA;16.10;GR;1269.06;COA-JFK-20260925-1;2026-09-25T21:45:56Z;WFS-DN-403960;Verified;fuel.ops@airline.com;2026-09-25T23:50:56Z;HD-JFK-11;MTR-HD-JFK-11;ELECTRONIC;2026-09-25T21:50:56Z;SEED_B6_ADSB;2026-09-25T21:50:56Z;SEED_B6_ADSB;a5163977-f6c6-591d-9f57-142c801734d1;1.3071;2065.22;USD
872c05a1-7fb2-5d77-bfc7-f8884007936d;50929590-605d-58ce-9834-8791d36cddbc;MATCHED;E;963b57be-4a27-5d06-88c5-3c97540e0f68;WFS-BOS-479065;;FT-BOS-20260925-0081;N4064J;N4064J;B6331;21610.00;LTR;322120.78;343730.78;21610.00;0.8095;KGL;MEA;14.80;GR;17493.29;COA-BOS-20260925-3;2026-09-25T21:36:15Z;WFS-DN-479065;Verified;fuel.ops@airline.com;2026-09-26T00:03:15Z;HD-BOS-12;MTR-HD-BOS-12;ELECTRONIC;2026-09-25T22:03:15Z;SEED_B6_ADSB;2026-09-25T22:03:15Z;SEED_B6_ADSB;e0703430-1bb7-57c1-aec8-c5be057a5a4e;1.3199;28523.04;USD
0ce3b80c-4639-5c92-9c64-3dc916636473;55b46449-cfce-5a3b-a93c-e0b05820e64f;MATCHED;E;54a067be-12da-56d2-b8bd-6cc5b9ae89f4;WFS-FLL-457548;;FT-FLL-20260925-0050;N508JL;N508JL;B6106;10285.00;LTR;595432.29;605717.29;10285.00;0.7930;KGL;MEA;22.70;GR;8156.01;COA-FLL-20260925-3;2026-09-25T21:47:59Z;WFS-DN-457548;Verified;fuel.ops@airline.com;2026-09-26T00:02:59Z;HD-FLL-12;MTR-HD-FLL-12;ELECTRONIC;2026-09-25T22:02:59Z;SEED_B6_ADSB;2026-09-25T22:02:59Z;SEED_B6_ADSB;1021e7bf-3c53-5680-a2eb-57dea314e122;1.2423;12777.06;USD
dc82c161-64f5-5ed0-9aeb-6ceb367351f6;d46c88e4-fca1-5385-9a34-a6718ee65e16;MATCHED;E;2ac536ac-e9a7-513e-9333-3c1eaf8423e9;SHL-FLL-485220;;FT-FLL-20260925-0051;N559JB;N559JB;B61880;7908.00;LTR;136093.97;144001.97;7908.00;0.7910;KGL;MEA;25.30;GR;6255.23;COA-FLL-20260925-3;2026-09-25T21:56:19Z;SHL-DN-485220;Verified;fuel.ops@airline.com;2026-09-26T00:09:19Z;HD-FLL-19;MTR-HD-FLL-19;ELECTRONIC;2026-09-25T22:09:19Z;SEED_B6_ADSB;2026-09-25T22:09:19Z;SEED_B6_ADSB;6daf67fb-0f0f-5457-9851-b55ba7acc3db;1.2386;9794.85;USD
1f7b4fc5-edf3-5b54-b5f0-bed9abe84676;8f6d53b0-27d3-5a49-86fd-5076d9770698;MATCHED;M;7be61eca-1a01-5deb-803e-bb2ccc8e2c41;WFS-BUF-723695;;FT-BUF-20260925-0007;N636JB;N636JB;B6516;4412.00;LTR;545561.47;549973.47;4412.00;0.8012;KGL;MEA;16.70;GR;3534.89;COA-BUF-20260925-3;2026-09-25T21:51:27Z;WFS-DN-723695;Verified;fuel.ops@airline.com;2026-09-26T00:02:27Z;RF-BUF-02;MTR-RF-BUF-02;MANUAL;2026-09-25T22:02:27Z;SEED_B6_ADSB;2026-09-25T22:02:27Z;SEED_B6_ADSB;6fec8241-045f-5c64-a618-1872de5e20c3;1.3346;5888.26;USD
12df8d9a-0f45-5f2d-8569-5086ec900bcf;1f530214-a0ae-5095-874c-4391b903c238;MATCHED;E;65728c20-0c86-559d-a7bd-2f9109101925;BPA-PHL-493076;;FT-PHL-20260925-0006;N3240J;N3240J;B6560;2451.00;LTR;572738.04;575189.04;2451.00;0.8034;KGL;MEA;18.10;GR;1969.13;COA-PHL-20260925-2;2026-09-25T21:51:01Z;BPA-DN-493076;Verified;fuel.ops@airline.com;2026-09-25T23:57:01Z;HD-PHL-02;MTR-HD-PHL-02;ELECTRONIC;2026-09-25T21:57:01Z;SEED_B6_ADSB;2026-09-25T21:57:01Z;SEED_B6_ADSB;79b769a4-d2b9-527b-a723-2cf5d0a90406;1.3276;3253.95;USD
38fa3521-5286-5052-ae9f-aa14b81108df;c4e3f38c-2e80-5b11-aa4f-8d0abf02809d;MATCHED;E;62b5ecda-b623-5459-b24b-fb4bb4e6cfbb;WFS-JFK-403961;;FT-JFK-20260925-0067;N967JT;N967JT;B6603;19210.00;LTR;550020.91;569230.91;19210.00;0.8020;KGL;MEA;17.60;GR;15406.42;COA-JFK-20260925-1;2026-09-25T21:52:39Z;WFS-DN-403961;Verified;fuel.ops@airline.com;2026-09-26T00:17:39Z;HD-JFK-22;MTR-HD-JFK-22;ELECTRONIC;2026-09-25T22:17:39Z;SEED_B6_ADSB;2026-09-25T22:17:39Z;SEED_B6_ADSB;5808ba57-c5f9-57fa-a7aa-b69ea95431b8;1.3071;25109.39;USD
3cf34f17-45af-5956-8493-ff14d4385a78;34bb351e-6fc9-590d-987e-7ff16963e437;MATCHED;E;ab3da3f4-b73f-5be7-ab62-9df1462a7acd;SHL-FLL-485223;;FT-FLL-20260925-0052;N564JB;N564JB;B6914;8205.00;LTR;595432.29;603637.29;8205.00;0.7937;KGL;MEA;21.80;GR;6512.31;COA-FLL-20260925-3;2026-09-25T22:00:38Z;SHL-DN-485223;Verified;fuel.ops@airline.com;2026-09-26T00:13:38Z;HD-FLL-12;MTR-HD-FLL-12;ELECTRONIC;2026-09-25T22:13:38Z;SEED_B6_ADSB;2026-09-25T22:13:38Z;SEED_B6_ADSB;1aa4305a-3732-5c01-8e1b-f6dc77789b2f;1.2386;10162.71;USD
49110b84-45bd-54e5-983c-102286c63686;379c9c40-5834-5c33-b48f-55024cd53bac;MATCHED;E;7b56854e-53f4-5aed-a9c0-f31787aa5e0b;SHL-BOS-696938;;FT-BOS-20260925-0082;N3260J;N3260J;B6907;6850.00;LTR;249346.18;256196.18;6850.00;0.8066;KGL;MEA;18.40;GR;5525.21;COA-BOS-20260925-3;2026-09-25T22:07:05Z;SHL-DN-696938;Verified;fuel.ops@airline.com;2026-09-26T00:18:05Z;HD-BOS-04;MTR-HD-BOS-04;ELECTRONIC;2026-09-25T22:18:05Z;SEED_B6_ADSB;2026-09-25T22:18:05Z;SEED_B6_ADSB;37a0be28-6204-5328-a450-7113e8830319;1.3166;9018.71;USD
1e7c67d3-b45a-5601-b1ae-d18ae2254a7a;5b667b5c-f953-511e-ab4f-4cad2d064d9c;MATCHED;M;64e2a795-ba2b-5752-ae7f-f094969c7b08;BPA-DTW-753886;;FT-DTW-20260925-0006;N585JB;N585JB;B6819;5943.00;LTR;502926.32;508869.32;5943.00;0.8014;KGL;MEA;19.70;GR;4762.72;COA-DTW-20260925-2;2026-09-25T22:09:40Z;BPA-DN-753886;Verified;fuel.ops@airline.com;2026-09-26T00:22:40Z;RF-DTW-11;MTR-RF-DTW-11;MANUAL;2026-09-25T22:22:40Z;SEED_B6_ADSB;2026-09-25T22:22:40Z;SEED_B6_ADSB;9482f76b-753c-5ca3-b3fc-525aa177042a;1.3104;7787.71;USD
675975ff-7e3b-580f-939f-4197ca325461;79d81653-293b-5b98-8571-7261661cf20b;MATCHED;E;0c210d0d-9680-5979-8dc2-9042cc5bb5c0;CGA-LAS-427519;;FT-LAS-20260925-0009;N947JB;N947JB;B6248;15133.00;LTR;109008.24;124141.24;15133.00;0.7932;KGL;MEA;21.60;GR;12003.5;COA-LAS-20260925-2;2026-09-25T22:09:07Z;CGA-DN-427519;Verified;fuel.ops@airline.com;2026-09-26T00:29:07Z;HD-LAS-02;MTR-HD-LAS-02;ELECTRONIC;2026-09-25T22:29:07Z;SEED_B6_ADSB;2026-09-25T22:29:07Z;SEED_B6_ADSB;19be25b8-0899-51b5-9ebc-9832463edb7b;1.3082;19796.99;USD
a4bc203a-27e2-5490-8899-0791aa5e2287;80ef8556-3224-59b2-9cb4-e9329e4c4c6c;MATCHED;E;0cd8e2b7-777f-508d-9a05-81b8414a213a;SHL-JFK-512744;;FT-JFK-20260925-0068;N935JB;N935JB;B6615;20128.00;LTR;670995.33;691123.33;20128.00;0.8007;KGL;MEA;19.30;GR;16116.49;COA-JFK-20260925-1;2026-09-25T21:59:25Z;SHL-DN-512744;Verified;fuel.ops@airline.com;2026-09-26T00:25:25Z;HD-JFK-23;MTR-HD-JFK-23;ELECTRONIC;2026-09-25T22:25:25Z;SEED_B6_ADSB;2026-09-25T22:25:25Z;SEED_B6_ADSB;a44f6485-1b0c-5bef-a50e-7c9578216c1a;1.3158;26484.42;USD
7f259c08-9ed9-5f89-8871-d412b35ba5a5;b7c81eb9-3f05-5bca-bd57-5fcf57db8773;MATCHED;E;0cdd00f7-b08c-5fdf-b9cc-b9b5fc01b70c;WFS-BOS-479066;;FT-BOS-20260925-0083;N3132J;N3132J;B62783;3405.00;LTR;817566.23;820971.23;3405.00;0.8081;KGL;MEA;16.50;GR;2751.58;COA-BOS-20260925-3;2026-09-25T22:20:11Z;WFS-DN-479066;Verified;fuel.ops@airline.com;2026-09-26T00:27:11Z;HD-BOS-21;MTR-HD-BOS-21;ELECTRONIC;2026-09-25T22:27:11Z;SEED_B6_ADSB;2026-09-25T22:27:11Z;SEED_B6_ADSB;74bbf956-8336-5ee2-af7a-9ec78763a82f;1.3199;4494.26;USD
aef34a60-788c-58aa-92ff-5cd01b874194;0aa0a56d-3dbb-5a3b-9bf1-121ee8b6a9e6;MATCHED;E;3ab29056-70a7-51b7-8b8b-64ac81fb1d0f;WFS-JFK-403963;;FT-JFK-20260925-0069;N746JB;N746JB;B665;14229.00;LTR;550020.91;564249.91;14229.00;0.8010;KGL;MEA;18.90;GR;11397.43;COA-JFK-20260925-1;2026-09-25T22:15:55Z;WFS-DN-403963;Verified;fuel.ops@airline.com;2026-09-26T00:34:55Z;HD-JFK-22;MTR-HD-JFK-22;ELECTRONIC;2026-09-25T22:34:55Z;SEED_B6_ADSB;2026-09-25T22:34:55Z;SEED_B6_ADSB;4f85c0e3-c20e-59a1-9f40-593801fd6cbf;1.3071;18598.73;USD
981b1956-cdf6-59a2-9087-10f245e6376c;26bdf570-beeb-5db4-982e-79d1382d893e;MATCHED;M;0cfb609e-2ed7-55be-9c17-c98e076719c4;SHL-PBI-381709;;FT-PBI-20260925-0010;N588JB;N588JB;B62322;9173.00;LTR;484548.67;493721.67;9173.00;0.8054;KGL;MEA;22.70;GR;7387.93;COA-PBI-20260925-3;2026-09-25T22:25:33Z;SHL-DN-381709;Verified;fuel.ops@airline.com;2026-09-26T00:44:33Z;RF-PBI-06;MTR-RF-PBI-06;MANUAL;2026-09-25T22:44:33Z;SEED_B6_ADSB;2026-09-25T22:44:33Z;SEED_B6_ADSB;e5d28c1e-1182-52a7-8fae-f802219fd953;1.2739;11685.48;USD
781a729d-859b-5805-8c76-9ba41101a9a4;c37d8986-8a4f-5e9e-8ec9-717a24e072f5;MATCHED;E;0b081cdf-b621-5403-a5f9-a810c8317bc8;BPA-DCA-429191;;FT-DCA-20260925-0013;N613JB;N613JB;B61979;6212.00;LTR;296485.35;302697.35;6212.00;0.7955;KGL;MEA;20.80;GR;4941.65;COA-DCA-20260925-1;2026-09-25T22:21:54Z;BPA-DN-429191;Verified;fuel.ops@airline.com;2026-09-26T00:32:54Z;HD-DCA-03;MTR-HD-DCA-03;ELECTRONIC;2026-09-25T22:32:54Z;SEED_B6_ADSB;2026-09-25T22:32:54Z;SEED_B6_ADSB;0910ab4b-bcc0-5e2e-a60b-2c27ebf18f1d;1.3157;8173.13;USD
71dbed33-bbc6-5f92-b9ff-90088f3b0244;89cd48dd-958b-5c37-a2ed-d84268312c04;MATCHED;E;79055052-2fe6-5a73-befa-a0a601b4a73c;BPA-MCO-339284;;FT-MCO-20260925-0034;N997JL;N997JL;B6433;7980.00;LTR;456211.30;464191.30;7980.00;0.7951;KGL;MEA;20.40;GR;6344.9;COA-MCO-20260925-1;2026-09-25T22:37:56Z;BPA-DN-339284;Verified;fuel.ops@airline.com;2026-09-26T00:49:56Z;HD-MCO-07;MTR-HD-MCO-07;ELECTRONIC;2026-09-25T22:49:56Z;SEED_B6_ADSB;2026-09-25T22:49:56Z;SEED_B6_ADSB;18ace5fb-8902-59c5-80ed-18155d9a7b6e;1.2482;9960.64;USD
3934515b-6d66-590c-adc9-c24da98b102b;ccef98b9-96a9-5f9a-a6c8-f79aaa46624a;MATCHED;M;a8cb2349-df0a-5d7e-8229-548c13ae808e;WFS-PVD-219758;;FT-PVD-20260925-0005;N571JB;N571JB;B62876;7937.00;LTR;557190.48;565127.48;7937.00;0.8102;KGL;MEA;18.10;GR;6430.56;COA-PVD-20260925-1;2026-09-25T22:35:21Z;WFS-DN-219758;Verified;fuel.ops@airline.com;2026-09-26T00:52:21Z;RF-PVD-22;MTR-RF-PVD-22;MANUAL;2026-09-25T22:52:21Z;SEED_B6_ADSB;2026-09-25T22:52:21Z;SEED_B6_ADSB;8efff1e0-9cac-55a5-86ec-64caee5b1cc4;1.3601;10795.11;USD
5f45ac70-08cd-5563-90b2-9db477642894;5a387575-4108-59cf-a3f4-5380d906a9cb;MATCHED;M;de8b3533-647c-50fc-9f79-72293955962b;BPA-ORF-191154;;FT-ORF-20260925-0002;N3241J;N3241J;B61814;3215.00;LTR;241315.88;244530.88;3215.00;0.7981;KGL;MEA;18.90;GR;2565.89;COA-ORF-20260925-3;2026-09-25T22:36:31Z;BPA-DN-191154;Verified;fuel.ops@airline.com;2026-09-26T00:45:31Z;RF-ORF-09;MTR-RF-ORF-09;MANUAL;2026-09-25T22:45:31Z;SEED_B6_ADSB;2026-09-25T22:45:31Z;SEED_B6_ADSB;14ed8e5f-499e-5c89-99a1-a28bd891f8c0;1.3629;4381.72;USD
3f93f9ac-0c90-58af-b41a-505566bdd438;c0421318-4691-57be-90d9-8e9ada3c4b08;MATCHED;M;0889b58b-5f56-500b-8104-624d9b2cda53;AVF-CHS-586554;;FT-CHS-20260925-0003;N603JB;N603JB;B61131;3836.00;LTR;342032.06;345868.06;3836.00;0.7984;KGL;MEA;19.10;GR;3062.66;COA-CHS-20260925-1;2026-09-25T22:40:58Z;AVF-DN-586554;Verified;fuel.ops@airline.com;2026-09-26T00:50:58Z;RF-CHS-07;MTR-RF-CHS-07;MANUAL;2026-09-25T22:50:58Z;SEED_B6_ADSB;2026-09-25T22:50:58Z;SEED_B6_ADSB;f983e85b-7562-56e2-a6c7-f1d3bab9e850;1.2676;4862.51;USD
696ff0fc-a7b3-5208-a7ec-afde71bc5bd7;f3853320-b19a-508a-af65-f703fe6cf0a6;MATCHED;E;a6ec23e6-0ff1-59ff-842a-020a4a542efc;BPA-TPA-704110;;FT-TPA-20260925-0008;N531JL;N531JL;B6548;6986.00;LTR;882461.04;889447.04;6986.00;0.7984;KGL;MEA;26.20;GR;5577.62;COA-TPA-20260925-3;2026-09-25T22:52:14Z;BPA-DN-704110;Verified;fuel.ops@airline.com;2026-09-26T01:03:14Z;HD-TPA-12;MTR-HD-TPA-12;ELECTRONIC;2026-09-25T23:03:14Z;SEED_B6_ADSB;2026-09-25T23:03:14Z;SEED_B6_ADSB;a5d73d85-2156-5a8e-b4e6-573a90993812;1.2313;8601.86;USD
939ca7ae-10a0-5c67-8bbe-cce7bf27d940;9034afd0-dc2d-5fc2-a38e-de5678491cb4;MATCHED;E;7818f0f9-33d6-54dc-b789-6891dbf1e1d4;SHL-BOS-696939;;FT-BOS-20260925-0084;N3284J;N3284J;B6451;6462.00;LTR;332430.48;338892.48;6462.00;0.8059;KGL;MEA;19.30;GR;5207.73;COA-BOS-20260925-3;2026-09-25T22:34:38Z;SHL-DN-696939;Verified;fuel.ops@airline.com;2026-09-26T00:45:38Z;HD-BOS-23;MTR-HD-BOS-23;ELECTRONIC;2026-09-25T22:45:38Z;SEED_B6_ADSB;2026-09-25T22:45:38Z;SEED_B6_ADSB;b3710b5a-7437-5455-9605-9494416ae692;1.3166;8507.87;USD
f4df2a51-d326-554f-a83d-ba5a528d601f;13e6b2aa-b353-5bbe-95af-df645513ca66;MATCHED;E;4954a17f-5c05-5f5a-af15-3c84fdc87e0b;SHL-JFK-512747;;FT-JFK-20260925-0070;N3215J;N3215J;B671;13184.00;LTR;435980.43;449164.43;13184.00;0.8007;KGL;MEA;19.30;GR;10556.43;COA-JFK-20260925-1;2026-09-25T22:48:32Z;SHL-DN-512747;Verified;fuel.ops@airline.com;2026-09-26T01:06:32Z;HD-JFK-17;MTR-HD-JFK-17;ELECTRONIC;2026-09-25T23:06:32Z;SEED_B6_ADSB;2026-09-25T23:06:32Z;SEED_B6_ADSB;7b96cc5b-5595-58d7-aa4b-55db027a3635;1.3158;17347.51;USD
6514bd83-ca83-5c4b-a79a-05a889a46993;4d7129ee-03e6-5d4a-ba3a-9c064fba6f18;MATCHED;E;99933977-a91c-59d4-996a-06710ca9abcc;PMA-SJU-755494;;FT-SJU-20260925-0016;N708JB;N708JB;B6462;13570.00;LTR;703387.60;716957.60;13570.00;0.8009;KGL;MEA;27.40;GR;10868.21;COA-SJU-20260925-3;2026-09-25T22:41:08Z;PMA-DN-755494;Verified;fuel.ops@airline.com;2026-09-26T01:00:08Z;HD-SJU-09;MTR-HD-SJU-09;ELECTRONIC;2026-09-25T23:00:08Z;SEED_B6_ADSB;2026-09-25T23:00:08Z;SEED_B6_ADSB;8ab6aabe-1a10-56d1-be66-5fba753ca92a;1.3038;17692.57;USD
9e0ef299-604e-508f-a224-32902012d1e8;0a40bf5d-893e-5c0b-9a8f-dea48e44e7f5;MATCHED;E;016cec32-e44a-5635-b8ed-022857d5182b;WFS-JFK-403966;;FT-JFK-20260925-0071;N959JB;N959JB;B61801;7950.00;LTR;515551.30;523501.30;7950.00;0.8004;KGL;MEA;19.70;GR;6363.18;COA-JFK-20260925-1;2026-09-25T22:38:24Z;WFS-DN-403966;Verified;fuel.ops@airline.com;2026-09-26T00:50:24Z;HD-JFK-15;MTR-HD-JFK-15;ELECTRONIC;2026-09-25T22:50:24Z;SEED_B6_ADSB;2026-09-25T22:50:24Z;SEED_B6_ADSB;42b3076e-2b9a-56e9-8e1c-83ad38a87914;1.3071;10391.44;USD
52d935ed-b975-53d6-8985-5149f8851675;b0bfa3c1-170c-5188-b978-c5f48c0c3498;MATCHED;M;648b790a-aae2-5a15-b45c-5bfc34acd4c3;SHL-PBI-381711;;FT-PBI-20260925-0011;N520JB;N520JB;B62144;8600.00;LTR;467413.54;476013.54;8600.00;0.8064;KGL;MEA;21.50;GR;6935.04;COA-PBI-20260925-3;2026-09-25T22:45:17Z;SHL-DN-381711;Verified;fuel.ops@airline.com;2026-09-26T01:03:17Z;RF-PBI-01;MTR-RF-PBI-01;MANUAL;2026-09-25T23:03:17Z;SEED_B6_ADSB;2026-09-25T23:03:17Z;SEED_B6_ADSB;4e1d0089-a05a-5424-af05-3ee3b19a85db;1.2739;10955.54;USD
9cf291fe-3da3-5a4e-b704-ecf515821f36;3b062b9c-fb82-55aa-ab90-24d98db287c7;MATCHED;E;d9bce804-1da4-525f-b388-605a5ac25e42;BPA-DCA-429193;;FT-DCA-20260925-0014;N3196J;N3196J;B62754;1279.00;LTR;212351.82;213630.82;1279.00;0.7993;KGL;MEA;16.00;GR;1022.3;COA-DCA-20260925-1;2026-09-25T23:02:55Z;BPA-DN-429193;Verified;fuel.ops@airline.com;2026-09-26T01:07:55Z;HD-DCA-10;MTR-HD-DCA-10;ELECTRONIC;2026-09-25T23:07:55Z;SEED_B6_ADSB;2026-09-25T23:07:55Z;SEED_B6_ADSB;a342edfe-a6be-5a90-b91c-d8f3e579eb3f;1.3157;1682.78;USD
43988fd0-1c10-56f3-8192-340977539c40;82c67ce3-8600-5031-8853-f6963b3ae391;MATCHED;E;ab77093a-dea8-5e5e-82c0-479ac4f1ddd8;SHL-BOS-696941;;FT-BOS-20260925-0085;N949JT;N949JT;B6397;20457.00;LTR;817566.23;838023.23;20457.00;0.8085;KGL;MEA;16.00;GR;16539.48;COA-BOS-20260925-3;2026-09-25T22:52:34Z;SHL-DN-696941;Verified;fuel.ops@airline.com;2026-09-26T01:18:34Z;HD-BOS-21;MTR-HD-BOS-21;ELECTRONIC;2026-09-25T23:18:34Z;SEED_B6_ADSB;2026-09-25T23:18:34Z;SEED_B6_ADSB;21aa5f02-fe73-5c1c-970f-fd76b75ab94d;1.3166;26933.69;USD
9f51eaf8-429d-563d-9070-e5f58848d1b3;cb1ed932-4fb9-5dea-af8a-2f510559aa9d;MATCHED;E;96ee06cd-8ac6-5843-b26c-c830908e9b3d;SHL-BOS-696944;;FT-BOS-20260925-0086;N3062J;N3062J;B6817;2212.00;LTR;559800.99;562012.99;2212.00;0.8055;KGL;MEA;19.70;GR;1781.77;COA-BOS-20260925-3;2026-09-25T22:39:20Z;SHL-DN-696944;Verified;fuel.ops@airline.com;2026-09-26T00:45:20Z;HD-BOS-17;MTR-HD-BOS-17;ELECTRONIC;2026-09-25T22:45:20Z;SEED_B6_ADSB;2026-09-25T22:45:20Z;SEED_B6_ADSB;419d1889-4e63-51a9-a7ea-d9d94402c7cd;1.3166;2912.32;USD
98f7de79-1890-54e9-84f2-bb5c6a8cc634;d7a481c3-194e-56ff-b9fc-48415cece121;MATCHED;M;3b51b88b-9633-5827-8a5b-6fe0c5a4237f;BPA-DTW-753888;;FT-DTW-20260925-0007;N703JB;N703JB;B61136;4196.00;LTR;122827.44;127023.44;4196.00;0.8044;KGL;MEA;15.90;GR;3375.26;COA-DTW-20260925-2;2026-09-25T22:55:53Z;BPA-DN-753888;Verified;fuel.ops@airline.com;2026-09-26T01:05:53Z;RF-DTW-15;MTR-RF-DTW-15;MANUAL;2026-09-25T23:05:53Z;SEED_B6_ADSB;2026-09-25T23:05:53Z;SEED_B6_ADSB;86312105-005f-5f1a-83ab-5aebdfe214b8;1.3104;5498.44;USD
dc626e37-98d3-5f9a-9ed4-85010ec01283;80d0d32d-e756-5cee-b744-062d56bb2bad;MATCHED;M;ea36e6d2-7877-5fb2-b45f-39e8ddd6a662;WFS-RDU-697045;;FT-RDU-20260925-0009;N3275J;N3275J;B61486;4110.00;LTR;430848.13;434958.13;4110.00;0.8037;KGL;MEA;20.70;GR;3303.21;COA-RDU-20260925-1;2026-09-25T23:08:08Z;WFS-DN-697045;Verified;fuel.ops@airline.com;2026-09-26T01:19:08Z;RF-RDU-18;MTR-RF-RDU-18;MANUAL;2026-09-25T23:19:08Z;SEED_B6_ADSB;2026-09-25T23:19:08Z;SEED_B6_ADSB;c46f5a02-43d4-59f0-aaa4-f40546eae1d8;1.2819;5268.61;USD
34941842-1d62-5a00-897c-0835a07a1e4a;9a83e80b-40ff-513e-9bec-a6693715a3f4;MATCHED;M;3a1d59c5-e514-55fc-96cf-5b716ea56dd7;WFS-SYR-619688;;FT-SYR-20260925-0004;N659JB;N659JB;B61739;6812.00;LTR;113623.28;120435.28;6812.00;0.7989;KGL;MEA;14.80;GR;5442.11;COA-SYR-20260925-3;2026-09-25T22:59:11Z;WFS-DN-619688;Verified;fuel.ops@airline.com;2026-09-26T01:14:11Z;RF-SYR-04;MTR-RF-SYR-04;MANUAL;2026-09-25T23:14:11Z;SEED_B6_ADSB;2026-09-25T23:14:11Z;SEED_B6_ADSB;08619437-64df-5f8c-805d-38f6f8e61f7c;1.3631;9285.44;USD
bd561c08-3b4d-5b6e-9b0c-c6a4bcb62b26;0ba910af-ed6b-5913-865d-47c269c5ae59;MATCHED;E;b9b7276b-d6b8-5ff7-b6c2-ee244abe86a3;SHL-MCO-595757;;FT-MCO-20260925-0035;N996JL;N996JL;B61184;10391.00;LTR;113456.56;123847.56;10391.00;0.7920;KGL;MEA;24.30;GR;8229.67;COA-MCO-20260925-1;2026-09-25T22:59:39Z;SHL-DN-595757;Verified;fuel.ops@airline.com;2026-09-26T01:14:39Z;HD-MCO-18;MTR-HD-MCO-18;ELECTRONIC;2026-09-25T23:14:39Z;SEED_B6_ADSB;2026-09-25T23:14:39Z;SEED_B6_ADSB;5455c4ab-8e5b-5ac0-b46e-16555c25a51e;1.2537;13027.2;USD
6385bb39-cf49-5627-bbe2-a0efe450cac2;44baa8de-3652-51e7-b910-022027a3eab5;MATCHED;E;6f7842e5-3817-531f-a658-0521794cbdd9;SHL-BOS-696946;;FT-BOS-20260925-0087;N3304J;N3304J;B61337;3189.00;LTR;334682.58;337871.58;3189.00;0.8060;KGL;MEA;19.10;GR;2570.33;COA-BOS-20260925-3;2026-09-25T23:09:39Z;SHL-DN-696946;Verified;fuel.ops@airline.com;2026-09-26T01:16:39Z;HD-BOS-16;MTR-HD-BOS-16;ELECTRONIC;2026-09-25T23:16:39Z;SEED_B6_ADSB;2026-09-25T23:16:39Z;SEED_B6_ADSB;381d099e-ae69-5495-8715-7cfe9d8346c7;1.3166;4198.64;USD
fac4b33f-66a3-5afe-8d50-2d2bd3ab7968;d328c907-0855-5393-ba07-90a9f8f1082f;MATCHED;M;bb0fc193-6d37-57eb-abb7-7d9db3652edd;SHL-PBI-381714;;FT-PBI-20260925-0012;N632JB;N632JB;B6388;7931.00;LTR;367356.45;375287.45;7931.00;0.8059;KGL;MEA;22.10;GR;6391.59;COA-PBI-20260925-3;2026-09-25T23:10:24Z;SHL-DN-381714;Verified;fuel.ops@airline.com;2026-09-26T01:27:24Z;RF-PBI-11;MTR-RF-PBI-11;MANUAL;2026-09-25T23:27:24Z;SEED_B6_ADSB;2026-09-25T23:27:24Z;SEED_B6_ADSB;2464ef7c-afab-50ce-975a-50aa003a5c33;1.2739;10103.3;USD
29643ee0-e1e0-5b22-825e-1ec788796538;cefbfa66-a4dd-5c9f-b33c-6a803d49294e;MATCHED;E;1a6ffdf7-4bcf-5ea7-8a67-d4ba76e9ce79;SHL-JFK-512748;;FT-JFK-20260925-0072;N4076J;N4076J;B61407;18943.00;LTR;837353.02;856296.02;18943.00;0.8016;KGL;MEA;18.20;GR;15184.71;COA-JFK-20260925-1;2026-09-25T23:12:59Z;SHL-DN-512748;Verified;fuel.ops@airline.com;2026-09-26T01:37:59Z;HD-JFK-24;MTR-HD-JFK-24;ELECTRONIC;2026-09-25T23:37:59Z;SEED_B6_ADSB;2026-09-25T23:37:59Z;SEED_B6_ADSB;732d5c85-b873-5ca7-a314-8a867f6d8515;1.3158;24925.2;USD
0276636e-e69f-511f-9d30-d78b65113e02;b5c69254-72c6-58dc-8f8e-ca2fdd6a1654;MATCHED;M;932590f1-f85c-55b9-b92e-2337e269fa5f;SHL-PBI-381717;;FT-PBI-20260925-0013;N2086J;N2086J;B61054;9389.00;LTR;604056.20;613445.20;9389.00;0.8032;KGL;MEA;25.40;GR;7541.24;COA-PBI-20260925-3;2026-09-25T23:07:42Z;SHL-DN-381717;Verified;fuel.ops@airline.com;2026-09-26T01:26:42Z;RF-PBI-05;MTR-RF-PBI-05;MANUAL;2026-09-25T23:26:42Z;SEED_B6_ADSB;2026-09-25T23:26:42Z;SEED_B6_ADSB;bde12ff0-de60-5375-91f6-79db16e9237b;1.2739;11960.65;USD
faac4ead-5f30-526d-afdc-5551b8e67bea;2df33568-f170-5ca1-a999-dcea8a195939;MATCHED;E;cbb4979f-7421-5291-bffd-71e8fe937a0a;SHL-FLL-485224;;FT-FLL-20260925-0053;N968JT;N968JT;B62501;17442.00;LTR;783651.66;801093.66;17442.00;0.7925;KGL;MEA;23.40;GR;13822.78;COA-FLL-20260925-3;2026-09-25T23:19:52Z;SHL-DN-485224;Verified;fuel.ops@airline.com;2026-09-26T01:42:52Z;HD-FLL-22;MTR-HD-FLL-22;ELECTRONIC;2026-09-25T23:42:52Z;SEED_B6_ADSB;2026-09-25T23:42:52Z;SEED_B6_ADSB;f224327e-6790-5015-93c0-41badfa8e0a8;1.2386;21603.66;USD
6d4ba60a-fa6f-513d-bd6c-2ca5520e138c;73c78245-7032-5ea7-8b51-1d891ec1f904;MATCHED;E;c09a8f7e-9293-53b7-9b9f-887f593ed806;WFS-FLL-457549;;FT-FLL-20260925-0054;N649JB;N649JB;B62779;7298.00;LTR;343489.19;350787.19;7298.00;0.7894;KGL;MEA;27.30;GR;5761.04;COA-FLL-20260925-3;2026-09-25T23:17:28Z;WFS-DN-457549;Verified;fuel.ops@airline.com;2026-09-26T01:29:28Z;HD-FLL-08;MTR-HD-FLL-08;ELECTRONIC;2026-09-25T23:29:28Z;SEED_B6_ADSB;2026-09-25T23:29:28Z;SEED_B6_ADSB;643c5f5f-a978-55de-8392-b804f207b7c1;1.2423;9066.31;USD
62f3d2ed-503b-5ffa-a74b-ec4a9425dc1c;b6e7ec72-0d42-593f-a7fd-04650a29668e;MATCHED;E;ad9771a7-ff37-5a23-90f1-7d22ac429ddb;SHL-FLL-485226;;FT-FLL-20260925-0055;N653JB;N653JB;B688;7657.00;LTR;136045.94;143702.94;7657.00;0.7922;KGL;MEA;23.70;GR;6065.88;COA-FLL-20260925-3;2026-09-25T23:11:37Z;SHL-DN-485226;Verified;fuel.ops@airline.com;2026-09-26T01:23:37Z;HD-FLL-14;MTR-HD-FLL-14;ELECTRONIC;2026-09-25T23:23:37Z;SEED_B6_ADSB;2026-09-25T23:23:37Z;SEED_B6_ADSB;b6f9cfc3-76f5-5356-9d53-33129f7979e3;1.2386;9483.96;USD
967d687a-fb29-5385-8a56-f953b6b817d7;73ba8249-baca-554d-9bdb-0d52b795da62;MATCHED;E;19cfcacc-99aa-53ae-a589-70e5ff569da6;WFS-ATL-755203;;FT-ATL-20260925-0008;N3244J;N3244J;B6520;5617.00;LTR;388086.51;393703.51;5617.00;0.7962;KGL;MEA;20.40;GR;4472.26;COA-ATL-20260925-2;2026-09-25T23:10:55Z;WFS-DN-755203;Verified;fuel.ops@airline.com;2026-09-26T01:20:55Z;HD-ATL-17;MTR-HD-ATL-17;ELECTRONIC;2026-09-25T23:20:55Z;SEED_B6_ADSB;2026-09-25T23:20:55Z;SEED_B6_ADSB;c00037c4-a174-5016-9f12-afd8fb617809;1.2179;6840.94;USD
a04c6ab4-4d61-5e71-ba64-dd5cd9b2131e;4e737f3d-59f1-566e-8b63-ea7c3d30aef2;MATCHED;E;81259f12-e716-5e7f-8363-d6bc7c1f8b16;SHL-FLL-485229;;FT-FLL-20260925-0056;N584JB;N584JB;B6866;7692.00;LTR;518936.64;526628.64;7692.00;0.7897;KGL;MEA;26.90;GR;6074.37;COA-FLL-20260925-3;2026-09-25T23:15:55Z;SHL-DN-485229;Verified;fuel.ops@airline.com;2026-09-26T01:27:55Z;HD-FLL-02;MTR-HD-FLL-02;ELECTRONIC;2026-09-25T23:27:55Z;SEED_B6_ADSB;2026-09-25T23:27:55Z;SEED_B6_ADSB;123c76b4-7bce-5df0-ad90-dee3ad10827a;1.2386;9527.31;USD
90034791-05d3-5e2a-889a-29975d8e54b8;18dff3dc-970a-5acd-abf1-f64fc598093f;MATCHED;E;fb3fee96-3f25-58f1-bc58-2585be44d15f;SHL-FLL-485231;;FT-FLL-20260925-0057;N3280J;N3280J;B62994;5080.00;LTR;290584.39;295664.39;5080.00;0.7932;KGL;MEA;22.40;GR;4029.46;COA-FLL-20260925-3;2026-09-25T23:28:34Z;SHL-DN-485231;Verified;fuel.ops@airline.com;2026-09-26T01:37:34Z;HD-FLL-04;MTR-HD-FLL-04;ELECTRONIC;2026-09-25T23:37:34Z;SEED_B6_ADSB;2026-09-25T23:37:34Z;SEED_B6_ADSB;17493182-839d-5799-98f1-91b0f9002c5b;1.2386;6292.09;USD
be808b0d-52db-5444-b653-7105bcd42c96;c8e07e93-fef8-5da2-8c18-5a478e101563;MATCHED;E;44337fcb-beed-55be-84d1-7ec7a15a021b;SHL-FLL-485232;;FT-FLL-20260925-0058;N984JB;N984JB;B6277;19940.00;LTR;595432.29;615372.29;19940.00;0.7921;KGL;MEA;23.80;GR;15794.47;COA-FLL-20260925-3;2026-09-25T23:30:08Z;SHL-DN-485232;Verified;fuel.ops@airline.com;2026-09-26T01:56:08Z;HD-FLL-12;MTR-HD-FLL-12;ELECTRONIC;2026-09-25T23:56:08Z;SEED_B6_ADSB;2026-09-25T23:56:08Z;SEED_B6_ADSB;dac0fc13-1377-5da9-b9ac-b64e92178c5b;1.2386;24697.68;USD
b851647f-5a23-58f1-9aa2-00754b640b2b;c59939a7-051b-51c5-88e9-deb4022503f8;MATCHED;M;b4d753bb-e373-5abf-afc1-2c920a4898b7;AVF-JAX-322603;;FT-JAX-20260925-0005;N3291J;N3291J;B6678;7530.00;LTR;747524.42;755054.42;7530.00;0.7979;KGL;MEA;20.90;GR;6008.19;COA-JAX-20260925-3;2026-09-25T23:27:43Z;AVF-DN-322603;Verified;fuel.ops@airline.com;2026-09-26T01:43:43Z;RF-JAX-23;MTR-RF-JAX-23;MANUAL;2026-09-25T23:43:43Z;SEED_B6_ADSB;2026-09-25T23:43:43Z;SEED_B6_ADSB;a3a2e4f6-da01-5074-a56c-24af628af5b0;1.2746;9597.74;USD
b27a3b1d-f4c0-5c26-997d-090f3297b4ff;e33067f8-db16-54c5-ac57-bdffca662553;MATCHED;M;13d7f5f3-828c-5e7d-99a5-c398e3fddc7a;AVF-RSW-496427;;FT-RSW-20260925-0005;N3269J;N3269J;B62066;6376.00;LTR;493011.47;499387.47;6376.00;0.7974;KGL;MEA;24.30;GR;5084.22;COA-RSW-20260925-3;2026-09-25T23:28:55Z;AVF-DN-496427;Verified;fuel.ops@airline.com;2026-09-26T01:42:55Z;RF-RSW-19;MTR-RF-RSW-19;MANUAL;2026-09-25T23:42:55Z;SEED_B6_ADSB;2026-09-25T23:42:55Z;SEED_B6_ADSB;fc915268-c628-55b2-972e-94959d467f1e;1.2831;8181.05;USD
d7fde6f0-c31c-513a-9fa1-f3536314c952;5d6949b1-9668-5cf5-b320-10e10700921b;MATCHED;E;2e871512-9c8c-5438-a454-e93cf2ad1ae8;WFS-FLL-457552;;FT-FLL-20260925-0059;N794JB;N794JB;B62279;8567.00;LTR;126546.92;135113.92;8567.00;0.7931;KGL;MEA;22.60;GR;6794.49;COA-FLL-20260925-3;2026-09-25T23:37:32Z;WFS-DN-457552;Verified;fuel.ops@airline.com;2026-09-26T01:50:32Z;HD-FLL-05;MTR-HD-FLL-05;ELECTRONIC;2026-09-25T23:50:32Z;SEED_B6_ADSB;2026-09-25T23:50:32Z;SEED_B6_ADSB;38a4caf7-b3bb-5d6d-8002-81a59aa6e9c8;1.2423;10642.78;USD
331b7392-ad6e-5387-830c-87c0a970b344;34c2ea42-7bcb-5ed8-8c53-924a9261cd20;MATCHED;E;6918284c-0015-51bc-9d25-85d9295fdd10;BPA-MCO-339287;;FT-MCO-20260925-0036;N3232J;N3232J;B61952;6630.00;LTR;410002.14;416632.14;6630.00;0.7933;KGL;MEA;22.70;GR;5259.58;COA-MCO-20260925-1;2026-09-25T23:23:03Z;BPA-DN-339287;Verified;fuel.ops@airline.com;2026-09-26T01:34:03Z;HD-MCO-01;MTR-HD-MCO-01;ELECTRONIC;2026-09-25T23:34:03Z;SEED_B6_ADSB;2026-09-25T23:34:03Z;SEED_B6_ADSB;b97a0c42-b341-5663-b951-219b721e86af;1.2482;8275.57;USD
5900fb48-013a-521f-841b-8cf91335398d;4df0f7ea-0587-572b-87ff-98a9d31307a9;MATCHED;E;1f89863e-57bd-5a20-acfd-4a58988a6dbe;WFS-FLL-457553;;FT-FLL-20260925-0060;N805JB;N805JB;B62626;6364.00;LTR;363265.51;369629.51;6364.00;0.7933;KGL;MEA;22.30;GR;5048.56;COA-FLL-20260925-3;2026-09-25T23:37:54Z;WFS-DN-457553;Verified;fuel.ops@airline.com;2026-09-26T01:48:54Z;HD-FLL-11;MTR-HD-FLL-11;ELECTRONIC;2026-09-25T23:48:54Z;SEED_B6_ADSB;2026-09-25T23:48:54Z;SEED_B6_ADSB;8db23b19-739b-5fce-8fe1-e50269751e6c;1.2423;7906;USD
1d32eed6-784b-572f-8e2d-f4a691815c46;0c104368-1030-5e77-86e9-7c77314af41f;MATCHED;M;d938b95c-abfb-556c-9f21-50e874cb618a;BPA-RIC-112610;;FT-RIC-20260925-0006;N652JB;N652JB;B6969;4678.00;LTR;241912.00;246590.00;4678.00;0.7981;KGL;MEA;21.60;GR;3733.51;COA-RIC-20260925-2;2026-09-25T23:41:25Z;BPA-DN-112610;Verified;fuel.ops@airline.com;2026-09-26T01:52:25Z;RF-RIC-12;MTR-RF-RIC-12;MANUAL;2026-09-25T23:52:25Z;SEED_B6_ADSB;2026-09-25T23:52:25Z;SEED_B6_ADSB;281f3fb1-8c47-57e4-a4e0-a5cecc5968de;1.3731;6423.36;USD
15a6a155-daf1-5694-b692-52fe449b769c;7f792464-cb46-580f-899c-f3a8734a000d;MATCHED;E;8397b950-04f8-57a8-b1e7-457f33aed27e;WFS-FLL-457555;;FT-FLL-20260925-0061;N796JB;N796JB;B61905;1488.00;LTR;309876.72;311364.72;1488.00;0.7907;KGL;MEA;25.60;GR;1176.56;COA-FLL-20260925-3;2026-09-25T23:42:35Z;WFS-DN-457555;Verified;fuel.ops@airline.com;2026-09-26T01:47:35Z;HD-FLL-07;MTR-HD-FLL-07;ELECTRONIC;2026-09-25T23:47:35Z;SEED_B6_ADSB;2026-09-25T23:47:35Z;SEED_B6_ADSB;e1a2a5e9-49b1-51a1-9af5-c884c2a34287;1.2423;1848.54;USD
db8c3d55-3810-5303-88e8-95b6945fdc8b;dcea0cf7-e8c7-5952-9ff5-743dc645db1b;MATCHED;E;0ff26489-aeb5-57de-ad64-9682124a4fdb;SHL-FLL-485235;;FT-FLL-20260925-0062;N552JB;N552JB;B6460;15063.00;LTR;330314.21;345377.21;15063.00;0.7938;KGL;MEA;21.70;GR;11957.01;COA-FLL-20260925-3;2026-09-25T23:33:38Z;SHL-DN-485235;Verified;fuel.ops@airline.com;2026-09-26T01:53:38Z;HD-FLL-21;MTR-HD-FLL-21;ELECTRONIC;2026-09-25T23:53:38Z;SEED_B6_ADSB;2026-09-25T23:53:38Z;SEED_B6_ADSB;561a28cc-cc2d-577a-b030-d55459e8170e;1.2386;18657.03;USD
70a5ab33-e8f7-580b-822f-7a9705be3ad9;b4a66797-1ce9-50ae-bed6-8367f90be908;MATCHED;E;c0021e82-0ae4-53ea-b313-23d183982839;WFS-BOS-479067;;FT-BOS-20260925-0088;N985JT;N985JT;B6933;18482.00;LTR;483678.87;502160.87;18482.00;0.8088;KGL;MEA;15.60;GR;14948.24;COA-BOS-20260925-3;2026-09-25T23:40:12Z;WFS-DN-479067;Verified;fuel.ops@airline.com;2026-09-26T02:04:12Z;HD-BOS-11;MTR-HD-BOS-11;ELECTRONIC;2026-09-26T00:04:12Z;SEED_B6_ADSB;2026-09-26T00:04:12Z;SEED_B6_ADSB;6337a107-a975-5b17-a771-e2f59074e010;1.3199;24394.39;USD
1abdf51e-2867-5577-ac31-7187dee688e2;6fc1c389-7c5b-54e2-b329-2049ee259fe6;MATCHED;E;02efa000-b9ac-5a85-8e87-02e1e18e8d2d;SHL-FLL-485238;;FT-FLL-20260925-0063;N524JB;N524JB;B62271;7987.00;LTR;721771.00;729758.00;7987.00;0.7939;KGL;MEA;21.60;GR;6340.88;COA-FLL-20260925-3;2026-09-25T23:41:26Z;SHL-DN-485238;Verified;fuel.ops@airline.com;2026-09-26T01:53:26Z;HD-FLL-20;MTR-HD-FLL-20;ELECTRONIC;2026-09-25T23:53:26Z;SEED_B6_ADSB;2026-09-25T23:53:26Z;SEED_B6_ADSB;cfc4250d-1e3e-5285-8ed9-e8206c890e18;1.2386;9892.7;USD
b4dd7c0b-698b-541a-81b2-3200ff2df4b2;c892125d-bd79-58cb-92d9-b8b3e03ee922;MATCHED;M;1b5f1617-4cea-5c77-98af-aac5c6451797;BPA-PIT-505330;;FT-PIT-20260925-0006;N3142J;N3142J;B62186;3533.00;LTR;851637.32;855170.32;3533.00;0.8035;KGL;MEA;16.30;GR;2838.77;COA-PIT-20260925-2;2026-09-25T23:46:53Z;BPA-DN-505330;Verified;fuel.ops@airline.com;2026-09-26T01:55:53Z;RF-PIT-16;MTR-RF-PIT-16;MANUAL;2026-09-25T23:55:53Z;SEED_B6_ADSB;2026-09-25T23:55:53Z;SEED_B6_ADSB;729d1c9e-00ee-562f-bf52-26c0ad3d4f55;1.3492;4766.72;USD
0b13ed7e-1ed2-5db3-9b58-8879345dd7aa;935cfe8e-97bc-52bf-82e4-bb3f2064fe29;MATCHED;E;6d931093-2e38-52c2-a0a3-086809f550bd;SHL-FLL-485239;;FT-FLL-20260925-0064;N590JB;N590JB;B6706;6976.00;LTR;497855.17;504831.17;6976.00;0.7932;KGL;MEA;22.50;GR;5533.36;COA-FLL-20260925-3;2026-09-25T23:39:56Z;SHL-DN-485239;Verified;fuel.ops@airline.com;2026-09-26T01:50:56Z;HD-FLL-10;MTR-HD-FLL-10;ELECTRONIC;2026-09-25T23:50:56Z;SEED_B6_ADSB;2026-09-25T23:50:56Z;SEED_B6_ADSB;4b0eea00-7ed0-5903-a330-fc1f202b9da0;1.2386;8640.47;USD
bedbd65e-6b0a-5362-b56d-ca6f6506b3ee;8d13cbb4-8b4a-5344-88b6-23fc0e1513d4;MATCHED;E;2e988e7a-a288-57df-8430-f79f2cf1dd9b;SHL-FLL-485241;;FT-FLL-20260925-0065;N606JB;N606JB;B61948;1239.00;LTR;333271.42;334510.42;1239.00;0.7914;KGL;MEA;24.70;GR;980.54;COA-FLL-20260925-3;2026-09-25T23:46:13Z;SHL-DN-485241;Verified;fuel.ops@airline.com;2026-09-26T01:51:13Z;HD-FLL-06;MTR-HD-FLL-06;ELECTRONIC;2026-09-25T23:51:13Z;SEED_B6_ADSB;2026-09-25T23:51:13Z;SEED_B6_ADSB;ddf04654-d6cf-5c03-a53f-7b46dfaa6e7d;1.2386;1534.63;USD
a47f0340-0b28-5733-be03-06067f13a91b;1d541e3c-fd1f-565b-a4e3-e4f80da694de;MATCHED;E;d3366bc0-5a99-5407-9d60-07c096889dce;WFS-FLL-457557;;FT-FLL-20260925-0066;N563JB;N563JB;B61146;5766.00;LTR;523896.49;529662.49;5766.00;0.7911;KGL;MEA;25.10;GR;4561.48;COA-FLL-20260925-3;2026-09-25T23:38:33Z;WFS-DN-457557;Verified;fuel.ops@airline.com;2026-09-26T01:48:33Z;HD-FLL-17;MTR-HD-FLL-17;ELECTRONIC;2026-09-25T23:48:33Z;SEED_B6_ADSB;2026-09-25T23:48:33Z;SEED_B6_ADSB;1df5ab21-d599-5010-817f-38a1aac3f8bc;1.2423;7163.1;USD
4694b3f6-3173-539e-8d0c-4783759aaedb;19755d1c-76ec-5b5c-91d1-beec4402c9bb;MATCHED;E;8d104353-2a83-5637-88bd-583fdd5dc5e1;WFS-FLL-457559;;FT-FLL-20260925-0067;N986JB;N986JB;B6607;17591.00;LTR;518936.64;536527.64;17591.00;0.7902;KGL;MEA;26.20;GR;13900.41;COA-FLL-20260925-3;2026-09-25T23:34:49Z;WFS-DN-457559;Verified;fuel.ops@airline.com;2026-09-26T01:57:49Z;HD-FLL-02;MTR-HD-FLL-02;ELECTRONIC;2026-09-25T23:57:49Z;SEED_B6_ADSB;2026-09-25T23:57:49Z;SEED_B6_ADSB;64a26d71-cf0d-5fde-99cb-a25d3c60aba2;1.2423;21853.3;USD
c8b713cc-6353-5e84-9025-b4c32c849387;9faf4a45-f9c4-53ad-beae-08e1959cf1fd;MATCHED;E;5f52a8d5-ca52-5b7d-a6ee-4cf88df6056c;WFS-BOS-479069;;FT-BOS-20260925-0089;N4080J;N4080J;B631;15971.00;LTR;472626.66;488597.66;15971.00;0.8087;KGL;MEA;15.70;GR;12915.75;COA-BOS-20260925-3;2026-09-25T23:43:23Z;WFS-DN-479069;Verified;fuel.ops@airline.com;2026-09-26T02:04:23Z;HD-BOS-01;MTR-HD-BOS-01;ELECTRONIC;2026-09-26T00:04:23Z;SEED_B6_ADSB;2026-09-26T00:04:23Z;SEED_B6_ADSB;90cd51df-cb32-540d-ac9c-724aef6c3d71;1.3199;21080.12;USD
917d7863-7569-5d22-8fd1-7fb735297eb5;72ac4cd9-ad4c-5a18-9648-459509be2974;MATCHED;E;fbd9c076-ee6f-5e76-97a9-584f69360b0d;WFS-FLL-457560;;FT-FLL-20260925-0068;N709JB;N709JB;B6514;9225.00;LTR;128146.39;137371.39;9225.00;0.7906;KGL;MEA;25.80;GR;7293.28;COA-FLL-20260925-3;2026-09-25T23:31:36Z;WFS-DN-457560;Verified;fuel.ops@airline.com;2026-09-26T01:45:36Z;HD-FLL-03;MTR-HD-FLL-03;ELECTRONIC;2026-09-25T23:45:36Z;SEED_B6_ADSB;2026-09-25T23:45:36Z;SEED_B6_ADSB;39fb1358-6bde-5095-aff9-6eb54ec37d51;1.2423;11460.22;USD
763a436c-447f-5b53-8dae-11d0e59ef31b;742cf7e9-4d02-5c47-9567-bd9551bce2cd;MATCHED;E;f99702fd-68d6-532a-b84c-b1d04013ecf9;SHL-FLL-485244;;FT-FLL-20260925-0069;N651JB;N651JB;B61196;8387.00;LTR;783651.66;792038.66;8387.00;0.7902;KGL;MEA;26.20;GR;6627.41;COA-FLL-20260925-3;2026-09-25T23:46:33Z;SHL-DN-485244;Verified;fuel.ops@airline.com;2026-09-26T01:59:33Z;HD-FLL-22;MTR-HD-FLL-22;ELECTRONIC;2026-09-25T23:59:33Z;SEED_B6_ADSB;2026-09-25T23:59:33Z;SEED_B6_ADSB;b8299387-9392-5947-91dc-aff3a4dd77cf;1.2386;10388.14;USD
7e5a6a61-a71c-5c84-8e41-6b2966c9cf85;3453f879-5a64-5b6c-9bea-368b59812436;MATCHED;E;b748bee0-be5b-588e-8b08-77ff39b79953;WFS-FLL-457561;;FT-FLL-20260925-0070;N705JB;N705JB;B62290;9001.00;LTR;363265.51;372266.51;9001.00;0.7905;KGL;MEA;25.90;GR;7115.29;COA-FLL-20260925-3;2026-09-25T23:37:52Z;WFS-DN-457561;Verified;fuel.ops@airline.com;2026-09-26T01:51:52Z;HD-FLL-11;MTR-HD-FLL-11;ELECTRONIC;2026-09-25T23:51:52Z;SEED_B6_ADSB;2026-09-25T23:51:52Z;SEED_B6_ADSB;5ac5ae59-1733-572a-af67-5f3a77a0d111;1.2423;11181.94;USD
75ec8ff8-f52a-5734-9b73-aabe0bfc2d71;7d702bb0-ed51-5e86-8d34-a95deadfb959;MATCHED;E;ea620934-628f-5a4f-9d22-69b8dca3ccfb;SHL-FLL-485246;;FT-FLL-20260925-0071;N519JB;N519JB;B6376;8305.00;LTR;309876.72;318181.72;8305.00;0.7921;KGL;MEA;23.80;GR;6578.39;COA-FLL-20260925-3;2026-09-25T23:46:12Z;SHL-DN-485246;Verified;fuel.ops@airline.com;2026-09-26T01:59:12Z;HD-FLL-07;MTR-HD-FLL-07;ELECTRONIC;2026-09-25T23:59:12Z;SEED_B6_ADSB;2026-09-25T23:59:12Z;SEED_B6_ADSB;4042c38a-2bf1-5b28-a8be-482817c9004d;1.2386;10286.57;USD
4d6244f8-a819-5fe5-b85c-68d9c4af4df8;b615f3de-9f5d-5621-854e-ecab894bdbcc;MATCHED;E;7d420277-4c0b-5d9a-9544-15da11243861;WFS-BOS-479070;;FT-BOS-20260925-0090;N3077J;N3077J;B6381;3056.00;LTR;226061.70;229117.70;3056.00;0.8080;KGL;MEA;16.60;GR;2469.25;COA-BOS-20260925-3;2026-09-25T23:48:17Z;WFS-DN-479070;Verified;fuel.ops@airline.com;2026-09-26T01:55:17Z;HD-BOS-13;MTR-HD-BOS-13;ELECTRONIC;2026-09-25T23:55:17Z;SEED_B6_ADSB;2026-09-25T23:55:17Z;SEED_B6_ADSB;29d85007-f22c-5cf4-9ff2-1aba9b6ff588;1.3199;4033.61;USD
cb4a4ac9-d0ca-59ff-90d0-7cb4bd05eda0;1be54970-a137-5f63-b099-8ae6839f8870;MATCHED;E;0d7a7443-dce8-5f43-90b2-283f9a25ba4b;WFS-JFK-403968;;FT-JFK-20260925-0073;N4022J;N4022J;B68379;625.00;LTR;550020.91;550645.91;625.00;0.7997;KGL;MEA;20.50;GR;499.81;COA-JFK-20260925-1;2026-09-25T23:43:14Z;WFS-DN-403968;Verified;fuel.ops@airline.com;2026-09-26T01:47:14Z;HD-JFK-22;MTR-HD-JFK-22;ELECTRONIC;2026-09-25T23:47:14Z;SEED_B6_ADSB;2026-09-25T23:47:14Z;SEED_B6_ADSB;67b61aaa-aaae-5fcb-bd95-b94cac20f900;1.3071;816.94;USD
8f438159-d4d5-5744-b069-39ae788b395e;6b249f2b-6d18-5e91-9d24-d9c30ce74cbe;MATCHED;E;a8e020ce-ec71-5de1-a8f3-d4cd7902f24b;SHL-FLL-485248;;FT-FLL-20260925-0072;N554JB;N554JB;B6470;9249.00;LTR;523896.49;533145.49;9249.00;0.7913;KGL;MEA;24.90;GR;7318.73;COA-FLL-20260925-3;2026-09-25T23:49:16Z;SHL-DN-485248;Verified;fuel.ops@airline.com;2026-09-26T02:03:16Z;HD-FLL-17;MTR-HD-FLL-17;ELECTRONIC;2026-09-26T00:03:16Z;SEED_B6_ADSB;2026-09-26T00:03:16Z;SEED_B6_ADSB;b5179b19-4881-57af-9130-5a3f0e2d5bd7;1.2386;11455.81;USD
1b40b3b7-0461-5737-84bf-d8fa56c94b9d;f0422d85-e9de-56e4-ae29-9d0bdd436cda;MATCHED;E;94a86f39-b37c-5a70-939d-1a459290f6df;SHL-FLL-485249;;FT-FLL-20260925-0073;N658JB;N658JB;B62581;6617.00;LTR;290584.39;297201.39;6617.00;0.7910;KGL;MEA;25.30;GR;5234.05;COA-FLL-20260925-3;2026-09-25T23:40:02Z;SHL-DN-485249;Verified;fuel.ops@airline.com;2026-09-26T01:51:02Z;HD-FLL-04;MTR-HD-FLL-04;ELECTRONIC;2026-09-25T23:51:02Z;SEED_B6_ADSB;2026-09-25T23:51:02Z;SEED_B6_ADSB;a34a29bf-dbf3-5cea-a6ce-46692e84ac86;1.2386;8195.82;USD
db82e28c-dfd8-58f6-82ba-5ddc77dfe105;e8b4ae0e-d69b-599b-b424-be5ef327e322;MATCHED;E;7cd32c6e-d8fa-50e3-b988-671c86db58ad;WFS-JFK-403971;;FT-JFK-20260925-0074;N987JT;N987JT;B6515;21687.00;LTR;837353.02;859040.02;21687.00;0.8037;KGL;MEA;15.50;GR;17429.84;COA-JFK-20260925-1;2026-09-25T23:34:11Z;WFS-DN-403971;Verified;fuel.ops@airline.com;2026-09-26T02:02:11Z;HD-JFK-24;MTR-HD-JFK-24;ELECTRONIC;2026-09-26T00:02:11Z;SEED_B6_ADSB;2026-09-26T00:02:11Z;SEED_B6_ADSB;ac6e3cee-43b9-5f04-9fb3-e8410a4b7f57;1.3071;28347.08;USD
4725cd0e-2749-5ce6-9ed7-dbe95d7a8a7a;8a17f390-0a6e-5578-9bff-2ad1c7d24dd7;MATCHED;E;430b42bd-8b01-5c4f-8a4c-f5253ab9d15c;WFS-BOS-479073;;FT-BOS-20260925-0091;N3152J;N3152J;B6159;1163.00;LTR;447143.01;448306.01;1163.00;0.8079;KGL;MEA;16.70;GR;939.59;COA-BOS-20260925-3;2026-09-25T23:42:09Z;WFS-DN-479073;Verified;fuel.ops@airline.com;2026-09-26T01:47:09Z;HD-BOS-10;MTR-HD-BOS-10;ELECTRONIC;2026-09-25T23:47:09Z;SEED_B6_ADSB;2026-09-25T23:47:09Z;SEED_B6_ADSB;f8b1d8d0-9728-54ef-8e43-282b0fb06bf9;1.3199;1535.04;USD
ac9deb95-c6d6-57af-b6e9-9b9e2ae107f4;c583d911-0abc-5b10-9506-9ec5d9f650df;MATCHED;E;1e5ab073-4de3-54fc-9817-2dd417fc7a74;SHL-BOS-696948;;FT-BOS-20260925-0092;N583JB;N583JB;B6591;8921.00;LTR;672323.33;681244.33;8921.00;0.8062;KGL;MEA;18.90;GR;7192.11;COA-BOS-20260925-3;2026-09-25T23:54:55Z;SHL-DN-696948;Verified;fuel.ops@airline.com;2026-09-26T02:07:55Z;HD-BOS-18;MTR-HD-BOS-18;ELECTRONIC;2026-09-26T00:07:55Z;SEED_B6_ADSB;2026-09-26T00:07:55Z;SEED_B6_ADSB;17d6a6b4-4e29-54a1-9536-39a0cedda2a6;1.3166;11745.39;USD
d41b2bf9-8cee-5b63-be81-cd05dd01a86a;815b97b2-2873-5ac8-9685-b42ed5c28caa;MATCHED;E;7d96db09-ad6d-5a08-945a-811f181f6338;WFS-BOS-479076;;FT-BOS-20260925-0093;N907JB;N907JB;B6251;7751.00;LTR;388095.56;395846.56;7751.00;0.8056;KGL;MEA;19.60;GR;6244.21;COA-BOS-20260925-3;2026-09-25T23:52:34Z;WFS-DN-479076;Verified;fuel.ops@airline.com;2026-09-26T02:04:34Z;HD-BOS-08;MTR-HD-BOS-08;ELECTRONIC;2026-09-26T00:04:34Z;SEED_B6_ADSB;2026-09-26T00:04:34Z;SEED_B6_ADSB;e0989f0f-5896-5312-b91b-9f72fe9f0fa0;1.3199;10230.54;USD
ae148456-fccc-5b06-9f68-7df7cd675279;3d12312f-1f1e-5fad-8e26-c169f5ad75e4;MATCHED;E;f689e5ac-fdcb-5756-b09b-18a7e873d667;SHL-FLL-485251;;FT-FLL-20260925-0074;N957JB;N957JB;B62702;12357.00;LTR;523896.49;536253.49;12357.00;0.7894;KGL;MEA;27.30;GR;9754.62;COA-FLL-20260925-3;2026-09-25T23:55:46Z;SHL-DN-485251;Verified;fuel.ops@airline.com;2026-09-26T02:13:46Z;HD-FLL-17;MTR-HD-FLL-17;ELECTRONIC;2026-09-26T00:13:46Z;SEED_B6_ADSB;2026-09-26T00:13:46Z;SEED_B6_ADSB;5b239c22-03be-5291-9908-2fe5f2366fee;1.2386;15305.38;USD
991a5ee6-5a37-5382-8719-474035f9d32b;a5552b8f-05bf-5a4c-aa58-0bfb25dd79cc;MATCHED;E;113193fa-ff33-5f14-b3f8-b5dfa3030b93;SHL-BOS-696950;;FT-BOS-20260925-0094;N3123J;N3123J;B6845;1232.00;LTR;485106.93;486338.93;1232.00;0.8075;KGL;MEA;17.30;GR;994.84;COA-BOS-20260925-3;2026-09-26T00:05:29Z;SHL-DN-696950;Verified;fuel.ops@airline.com;2026-09-26T02:10:29Z;HD-BOS-15;MTR-HD-BOS-15;ELECTRONIC;2026-09-26T00:10:29Z;SEED_B6_ADSB;2026-09-26T00:10:29Z;SEED_B6_ADSB;57452b79-f352-5b33-9729-cd4afd604869;1.3166;1622.05;USD
3f1d5240-bd32-5ac6-8156-e1d2b370d599;1a5714b7-2e1a-53e9-a813-2e749113afe8;MATCHED;M;45d1cd6e-9c2b-534b-8861-39a7807894c9;WFS-HPN-788056;;FT-HPN-20260925-0013;N568JB;N568JB;B6195;6547.00;LTR;460794.57;467341.57;6547.00;0.7966;KGL;MEA;20.30;GR;5215.34;COA-HPN-20260925-2;2026-09-26T00:01:22Z;WFS-DN-788056;Verified;fuel.ops@airline.com;2026-09-26T02:16:22Z;RF-HPN-03;MTR-RF-HPN-03;MANUAL;2026-09-26T00:16:22Z;SEED_B6_ADSB;2026-09-26T00:16:22Z;SEED_B6_ADSB;4c3ed16e-3543-5765-b537-07134f9da488;1.3639;8929.45;USD
824b04cb-8910-520c-83d2-8327704690d6;918be0e2-a9b8-5cde-8c95-d4c74fad4ee8;MATCHED;E;92fbe2e3-8c81-544e-81bb-b7cca5d59cd7;SHL-FLL-485252;;FT-FLL-20260925-0075;N3185J;N3185J;B62008;5965.00;LTR;250883.85;256848.85;5965.00;0.7903;KGL;MEA;26.10;GR;4714.14;COA-FLL-20260925-3;2026-09-25T23:56:44Z;SHL-DN-485252;Verified;fuel.ops@airline.com;2026-09-26T02:06:44Z;HD-FLL-09;MTR-HD-FLL-09;ELECTRONIC;2026-09-26T00:06:44Z;SEED_B6_ADSB;2026-09-26T00:06:44Z;SEED_B6_ADSB;70c87e6f-c723-5c87-ad5c-1243dc90661e;1.2386;7388.25;USD
de5c00a9-f604-5286-875f-ab6b27eac7ff;05aec252-fd8a-5805-976c-88c05f4e2c1c;MATCHED;M;437b6d7c-ba8b-5db9-bc41-a2c57b57fa56;BPA-RIC-112612;;FT-RIC-20260925-0007;N536JB;N536JB;B68437;5875.00;LTR;592259.91;598134.91;5875.00;0.7977;KGL;MEA;22.10;GR;4686.49;COA-RIC-20260925-2;2026-09-25T23:55:02Z;BPA-DN-112612;Verified;fuel.ops@airline.com;2026-09-26T02:08:02Z;RF-RIC-03;MTR-RF-RIC-03;MANUAL;2026-09-26T00:08:02Z;SEED_B6_ADSB;2026-09-26T00:08:02Z;SEED_B6_ADSB;d25fe643-8410-59c2-9bbe-de0a8e41904a;1.3731;8066.96;USD
02442c8f-ebf7-5f06-a4ea-3efbae625001;66ba462f-5b31-56a7-8cd0-6ae34a8a4675;MATCHED;E;540b4723-ed57-5983-88dc-0208ec47a9b5;WFS-ATL-755206;;FT-ATL-20260925-0009;N605JB;N605JB;B61697;3712.00;LTR;260442.46;264154.46;3712.00;0.7938;KGL;MEA;23.40;GR;2946.59;COA-ATL-20260925-2;2026-09-26T00:02:16Z;WFS-DN-755206;Verified;fuel.ops@airline.com;2026-09-26T02:10:16Z;HD-ATL-04;MTR-HD-ATL-04;ELECTRONIC;2026-09-26T00:10:16Z;SEED_B6_ADSB;2026-09-26T00:10:16Z;SEED_B6_ADSB;e7534f14-97c7-57d3-9e2a-4d9ae8fa724b;1.2179;4520.84;USD
cb54ef8b-0792-5129-9eb2-e7cabb2f67c3;944c0352-6a64-574f-9bcd-d46ffa938684;MATCHED;M;ea3e0c18-ea34-56f1-86dd-6239c30b1e56;WFS-BNA-688060;;FT-BNA-20260925-0007;N821JB;N821JB;B61174;8384.00;LTR;491607.23;499991.23;8384.00;0.7959;KGL;MEA;19.70;GR;6672.83;COA-BNA-20260925-1;2026-09-26T00:14:56Z;WFS-DN-688060;Verified;fuel.ops@airline.com;2026-09-26T02:31:56Z;RF-BNA-24;MTR-RF-BNA-24;MANUAL;2026-09-26T00:31:56Z;SEED_B6_ADSB;2026-09-26T00:31:56Z;SEED_B6_ADSB;a8efd1d9-7e24-598a-b8ac-825453d0d6a9;1.2785;10718.94;USD
4472b0d1-a2c5-5daf-8ff3-67f5b93fc6ef;b0a93dc8-0539-5337-9c87-3d5890cd863b;MATCHED;E;1d774c43-378f-53e8-acc3-a07d96a81ad4;WFS-EWR-719351;;FT-EWR-20260925-0010;N662JB;N662JB;B61827;5514.00;LTR;466196.86;471710.86;5514.00;0.8023;KGL;MEA;18.90;GR;4423.88;COA-EWR-20260925-2;2026-09-26T00:01:08Z;WFS-DN-719351;Verified;fuel.ops@airline.com;2026-09-26T02:11:08Z;HD-EWR-20;MTR-HD-EWR-20;ELECTRONIC;2026-09-26T00:11:08Z;SEED_B6_ADSB;2026-09-26T00:11:08Z;SEED_B6_ADSB;98402348-26ef-517a-8fd7-33afb7aa81af;1.3103;7224.99;USD
9b175c30-001e-5619-a975-f0d1ec2b3f94;b064e237-7141-568b-8c82-5ca43aaffdf7;MATCHED;M;c6f58612-b140-52d9-a5ea-a9b3780afea5;WFS-HPN-788058;;FT-HPN-20260925-0014;N784JB;N784JB;B6613;6503.00;LTR;518818.88;525321.88;6503.00;0.7998;KGL;MEA;16.30;GR;5201.1;COA-HPN-20260925-2;2026-09-26T00:02:39Z;WFS-DN-788058;Verified;fuel.ops@airline.com;2026-09-26T02:16:39Z;RF-HPN-07;MTR-RF-HPN-07;MANUAL;2026-09-26T00:16:39Z;SEED_B6_ADSB;2026-09-26T00:16:39Z;SEED_B6_ADSB;bfcbcb1e-ca52-5dd3-b728-8276b1df05ab;1.3639;8869.44;USD
901682b1-b20b-501c-bfbc-fcb90cc3c1c6;00e72543-f5ba-5afc-88d1-396c494f3001;MATCHED;M;bf8b1cb9-2190-5d4f-919e-08582dceb570;WFS-BUF-723698;;FT-BUF-20260925-0008;N3308J;N3308J;B6201;4030.00;LTR;366611.18;370641.18;4030.00;0.8035;KGL;MEA;13.90;GR;3238.11;COA-BUF-20260925-3;2026-09-26T00:01:47Z;WFS-DN-723698;Verified;fuel.ops@airline.com;2026-09-26T02:11:47Z;RF-BUF-13;MTR-RF-BUF-13;MANUAL;2026-09-26T00:11:47Z;SEED_B6_ADSB;2026-09-26T00:11:47Z;SEED_B6_ADSB;02d66670-7cca-5780-8840-5cfb4c156a69;1.3346;5378.44;USD
53a01c51-49e9-535c-a82d-431d6eae7192;831a6188-40d9-5e94-9306-8e3db3dd9036;MATCHED;E;1e79af31-b1ec-5502-82ad-1da027a5983c;SHL-FLL-485253;;FT-FLL-20260925-0076;N3203J;N3203J;B61902;9518.00;LTR;197403.31;206921.31;9518.00;0.7900;KGL;MEA;26.50;GR;7519.22;COA-FLL-20260925-3;2026-09-26T00:10:10Z;SHL-DN-485253;Verified;fuel.ops@airline.com;2026-09-26T02:24:10Z;HD-FLL-18;MTR-HD-FLL-18;ELECTRONIC;2026-09-26T00:24:10Z;SEED_B6_ADSB;2026-09-26T00:24:10Z;SEED_B6_ADSB;1f7d28c3-6a7c-56ed-ac38-fc73c2337fde;1.2386;11788.99;USD
5e8dcc3b-42fd-5429-8817-24e48a5aef44;a8ad24b0-c0fe-56ea-99ac-13e4c2b1a6f8;MATCHED;E;17de952a-9948-5bf6-b4ae-f8d043b12cde;SHL-BOS-696951;;FT-BOS-20260925-0095;N934JB;N934JB;B6777;20947.00;LTR;334682.58;355629.58;20947.00;0.8092;KGL;MEA;15.10;GR;16950.31;COA-BOS-20260925-3;2026-09-26T00:01:47Z;SHL-DN-696951;Verified;fuel.ops@airline.com;2026-09-26T02:28:47Z;HD-BOS-16;MTR-HD-BOS-16;ELECTRONIC;2026-09-26T00:28:47Z;SEED_B6_ADSB;2026-09-26T00:28:47Z;SEED_B6_ADSB;5769d6c4-1193-513e-9a7c-2d5ec738663f;1.3166;27578.82;USD
05910b96-8aaa-5eaa-bb24-96fdc0469d0f;647587cc-5b52-54b9-bcc6-ab68cfe74cd9;MATCHED;E;982961ac-e611-59ec-922e-e5c41d29bd89;WFS-BOS-479077;;FT-BOS-20260925-0096;N4083J;N4083J;B6345;18148.00;LTR;338832.89;356980.89;18148.00;0.8083;KGL;MEA;16.30;GR;14669.03;COA-BOS-20260925-3;2026-09-26T00:11:25Z;WFS-DN-479077;Verified;fuel.ops@airline.com;2026-09-26T02:35:25Z;HD-BOS-14;MTR-HD-BOS-14;ELECTRONIC;2026-09-26T00:35:25Z;SEED_B6_ADSB;2026-09-26T00:35:25Z;SEED_B6_ADSB;2ecabbd0-9547-5173-b8e1-a63e079c9265;1.3199;23953.55;USD
98ab53f1-bfb2-5511-90b0-92b1e1663fc7;774ffa9a-4337-5804-b6cd-783c54136e38;MATCHED;E;573dca64-4bdf-50f6-a80e-43dcb78f1d01;WFS-FLL-457564;;FT-FLL-20260925-0077;N3145J;N3145J;B61590;7215.00;LTR;343489.19;350704.19;7215.00;0.7917;KGL;MEA;24.40;GR;5712.12;COA-FLL-20260925-3;2026-09-26T00:25:23Z;WFS-DN-457564;Verified;fuel.ops@airline.com;2026-09-26T02:37:23Z;HD-FLL-08;MTR-HD-FLL-08;ELECTRONIC;2026-09-26T00:37:23Z;SEED_B6_ADSB;2026-09-26T00:37:23Z;SEED_B6_ADSB;57e33baf-2813-50b2-a163-5d6fd669d855;1.2423;8963.19;USD
ecdda40f-2a8f-5cf4-a22d-8749737d53b3;1647837a-ca42-5797-bc4b-d1bd478ba8d0;MATCHED;E;f9a86b2f-f9bc-5466-bcac-734e557420f3;SHL-FLL-485254;;FT-FLL-20260925-0078;N3255J;N3255J;B61798;4919.00;LTR;438686.87;443605.87;4919.00;0.7924;KGL;MEA;23.50;GR;3897.82;COA-FLL-20260925-3;2026-09-26T00:16:34Z;SHL-DN-485254;Verified;fuel.ops@airline.com;2026-09-26T02:25:34Z;HD-FLL-13;MTR-HD-FLL-13;ELECTRONIC;2026-09-26T00:25:34Z;SEED_B6_ADSB;2026-09-26T00:25:34Z;SEED_B6_ADSB;c0b7df67-b930-5cf9-8cdb-2efc54f649a3;1.2386;6092.67;USD
4f6e2cda-f200-53e1-b877-4da71adc7734;80dd8b9c-33c3-5ab2-b84c-d58ca3f0b498;MATCHED;E;b3bf00d5-b889-5ca9-ae02-b7aac1de9cdd;WFS-LGA-756541;;FT-LGA-20260925-0010;N599JB;N599JB;B6371;7041.00;LTR;173343.81;180384.81;7041.00;0.8014;KGL;MEA;14.90;GR;5642.66;COA-LGA-20260925-1;2026-09-26T00:14:54Z;WFS-DN-756541;Verified;fuel.ops@airline.com;2026-09-26T02:26:54Z;HD-LGA-24;MTR-HD-LGA-24;ELECTRONIC;2026-09-26T00:26:54Z;SEED_B6_ADSB;2026-09-26T00:26:54Z;SEED_B6_ADSB;2ec851d1-0dd1-525f-be67-f4f46d4d2835;1.3124;9240.61;USD
dce3f82c-b918-5345-a6f7-daa050ebeba9;a68288b8-a3de-5c2f-8781-21bb90286456;MATCHED;E;3aaabc0a-c383-542c-b646-444d708cb387;WFS-BOS-479080;;FT-BOS-20260925-0097;N2169J;N2169J;B6353;16712.00;LTR;338832.89;355544.89;16712.00;0.8070;KGL;MEA;17.90;GR;13486.58;COA-BOS-20260925-3;2026-09-26T00:17:13Z;WFS-DN-479080;Verified;fuel.ops@airline.com;2026-09-26T02:39:13Z;HD-BOS-14;MTR-HD-BOS-14;ELECTRONIC;2026-09-26T00:39:13Z;SEED_B6_ADSB;2026-09-26T00:39:13Z;SEED_B6_ADSB;ccc3dd33-526a-52cc-8d29-ae5cf88b563b;1.3199;22058.17;USD
97f7738c-29ab-532e-9929-23e9c95b5174;fda76f96-d814-5f34-aaf7-8ecf8652fd20;MATCHED;E;754d1abe-0a97-5cba-be92-2d0507bb3880;SHL-BOS-696954;;FT-BOS-20260925-0098;N3229J;N3229J;B61897;5629.00;LTR;124952.94;130581.94;5629.00;0.8091;KGL;MEA;15.30;GR;4554.42;COA-BOS-20260925-3;2026-09-26T00:26:30Z;SHL-DN-696954;Verified;fuel.ops@airline.com;2026-09-26T02:36:30Z;HD-BOS-09;MTR-HD-BOS-09;ELECTRONIC;2026-09-26T00:36:30Z;SEED_B6_ADSB;2026-09-26T00:36:30Z;SEED_B6_ADSB;22f1f1d8-2369-58ab-904e-2952a92eed1c;1.3166;7411.14;USD
3d2d2933-a21f-5983-9be0-814472be0ecc;1b5f9a2e-bf75-5b86-a679-3b9059173688;MATCHED;E;1b17805a-61d5-54aa-9b3f-21a523f8d640;SHL-MCO-595758;;FT-MCO-20260925-0037;N655JB;N655JB;B61098;8402.00;LTR;324650.99;333052.99;8402.00;0.7931;KGL;MEA;23.00;GR;6663.63;COA-MCO-20260925-1;2026-09-26T00:31:39Z;SHL-DN-595758;Verified;fuel.ops@airline.com;2026-09-26T02:44:39Z;HD-MCO-20;MTR-HD-MCO-20;ELECTRONIC;2026-09-26T00:44:39Z;SEED_B6_ADSB;2026-09-26T00:44:39Z;SEED_B6_ADSB;3a49de22-5219-5941-a448-72a246800b3a;1.2537;10533.59;USD
e30488bb-b874-52b0-9a0b-100a5ac432f8;d3988a3e-7ec4-5bc0-a980-a3031679816d;MATCHED;E;6a66234e-edbc-5d1c-83a0-40c86b15f652;BPA-DCA-429194;;FT-DCA-20260925-0015;N3271J;N3271J;B61854;3162.00;LTR;385053.66;388215.66;3162.00;0.7990;KGL;MEA;16.40;GR;2526.44;COA-DCA-20260925-1;2026-09-26T00:23:40Z;BPA-DN-429194;Verified;fuel.ops@airline.com;2026-09-26T02:30:40Z;HD-DCA-13;MTR-HD-DCA-13;ELECTRONIC;2026-09-26T00:30:40Z;SEED_B6_ADSB;2026-09-26T00:30:40Z;SEED_B6_ADSB;2e2d8b87-d265-56ed-b26c-bbde2bdff57f;1.3157;4160.24;USD
be72e6f5-0574-5251-82e1-25520d0b2641;d8c2c390-3187-5203-9fa3-3dd29ec10f02;MATCHED;E;82043da1-3308-588f-9a30-7fb67b83c7c2;SHL-MCO-595760;;FT-MCO-20260925-0038;N608JB;N608JB;B62424;7538.00;LTR;634190.46;641728.46;7538.00;0.7913;KGL;MEA;25.20;GR;5964.82;COA-MCO-20260925-1;2026-09-26T00:32:27Z;SHL-DN-595760;Verified;fuel.ops@airline.com;2026-09-26T02:44:27Z;HD-MCO-22;MTR-HD-MCO-22;ELECTRONIC;2026-09-26T00:44:27Z;SEED_B6_ADSB;2026-09-26T00:44:27Z;SEED_B6_ADSB;7ac4107e-1542-5a79-af12-1c8bf53e8f6c;1.2537;9450.39;USD
365de7a3-90a5-5988-9f04-c04892d5af1d;c6f3e0b5-2e7f-5989-a2c0-95e7e0a849f5;MATCHED;E;a8792ab8-5bfe-59a1-a6f3-250a4d6b802f;SHL-FLL-485256;;FT-FLL-20260925-0079;N768JB;N768JB;B62149;5288.00;LTR;136093.97;141381.97;5288.00;0.7909;KGL;MEA;25.40;GR;4182.28;COA-FLL-20260925-3;2026-09-26T00:34:37Z;SHL-DN-485256;Verified;fuel.ops@airline.com;2026-09-26T02:44:37Z;HD-FLL-19;MTR-HD-FLL-19;ELECTRONIC;2026-09-26T00:44:37Z;SEED_B6_ADSB;2026-09-26T00:44:37Z;SEED_B6_ADSB;2c2618ac-becd-5e01-b015-58f4d7b9b2d3;1.2386;6549.72;USD
7f7aed76-9174-5fdc-8bcd-4c8ddf4c12ef;6a6cce19-54d1-546c-adaf-85364d7c7d82;MATCHED;E;23bda6dc-5c90-5d7e-8472-fa3d190da063;WFS-FLL-457565;;FT-FLL-20260925-0080;N630JB;N630JB;B62823;6937.00;LTR;136093.97;143030.97;6937.00;0.7921;KGL;MEA;23.90;GR;5494.8;COA-FLL-20260925-3;2026-09-26T00:23:35Z;WFS-DN-457565;Verified;fuel.ops@airline.com;2026-09-26T02:35:35Z;HD-FLL-19;MTR-HD-FLL-19;ELECTRONIC;2026-09-26T00:35:35Z;SEED_B6_ADSB;2026-09-26T00:35:35Z;SEED_B6_ADSB;8f068ebd-a10a-5c15-a4a7-04137fc9d5d9;1.2423;8617.84;USD
72669574-dace-5ad7-ad78-7bdeeb392b7e;b14b3adc-e52d-5d37-8d8a-cbcf9a60ce5d;MATCHED;E;679b5004-4a52-58cd-87d8-8bf580bbe237;WFS-EWR-719352;;FT-EWR-20260925-0011;N991JT;N991JT;B62073;19418.00;LTR;609612.28;629030.28;19418.00;0.8050;KGL;MEA;15.50;GR;15631.49;COA-EWR-20260925-2;2026-09-26T00:37:27Z;WFS-DN-719352;Verified;fuel.ops@airline.com;2026-09-26T03:02:27Z;HD-EWR-08;MTR-HD-EWR-08;ELECTRONIC;2026-09-26T01:02:27Z;SEED_B6_ADSB;2026-09-26T01:02:27Z;SEED_B6_ADSB;808a5860-4165-5496-b8bd-77e0b401abff;1.3103;25443.41;USD
4a4a554e-2bf9-5bf9-8a74-baafb11bc7d0;2d122df1-1715-5236-8d84-f7a68dd0a763;MATCHED;E;9b5581fe-9481-52f7-94bc-f542903e1996;BPA-MCO-339290;;FT-MCO-20260925-0039;N592JB;N592JB;B61694;6681.00;LTR;634190.46;640871.46;6681.00;0.7950;KGL;MEA;20.50;GR;5311.4;COA-MCO-20260925-1;2026-09-26T00:40:28Z;BPA-DN-339290;Verified;fuel.ops@airline.com;2026-09-26T02:51:28Z;HD-MCO-22;MTR-HD-MCO-22;ELECTRONIC;2026-09-26T00:51:28Z;SEED_B6_ADSB;2026-09-26T00:51:28Z;SEED_B6_ADSB;52ed3627-1b31-5450-8b33-a90c15759416;1.2482;8339.22;USD
09f739c4-5407-56a3-8557-de5eb4b3129d;b0825af2-c34b-503c-997b-300858f4e21a;MATCHED;E;e627f96d-4235-517a-90c0-a35940f5ab6e;WFS-FLL-457566;;FT-FLL-20260925-0081;N3118J;N3118J;B62080;4450.00;LTR;343489.19;347939.19;4450.00;0.7926;KGL;MEA;23.20;GR;3527.07;COA-FLL-20260925-3;2026-09-26T00:41:25Z;WFS-DN-457566;Verified;fuel.ops@airline.com;2026-09-26T02:49:25Z;HD-FLL-08;MTR-HD-FLL-08;ELECTRONIC;2026-09-26T00:49:25Z;SEED_B6_ADSB;2026-09-26T00:49:25Z;SEED_B6_ADSB;e87052fc-f4b1-5142-b430-d602ac6f4255;1.2423;5528.23;USD
cba10155-ec3b-557b-8455-43261a62c663;4df3c3b8-298f-5669-896c-329d571de20c;MATCHED;E;d083e4bf-53dd-5b49-8ff4-73663f84aaa8;BPA-ORD-551307;;FT-ORD-20260925-0006;N3102J;N3102J;B61012;4047.00;LTR;831516.76;835563.76;4047.00;0.8094;KGL;MEA;14.30;GR;3275.64;COA-ORD-20260925-3;2026-09-26T00:29:52Z;BPA-DN-551307;Verified;fuel.ops@airline.com;2026-09-26T02:37:52Z;HD-ORD-21;MTR-HD-ORD-21;ELECTRONIC;2026-09-26T00:37:52Z;SEED_B6_ADSB;2026-09-26T00:37:52Z;SEED_B6_ADSB;c753b66c-08fa-5e42-ac45-5ec49710ac2d;1.2458;5041.75;USD
9f23c9b8-9667-5be1-ae36-5bf69773106c;c38a5878-b8df-5b5d-a220-1f7ffdc5a57b;MATCHED;E;ea779875-5b5b-58c7-95dc-bc2325bc2460;SHL-FLL-485257;;FT-FLL-20260925-0082;N623JB;N623JB;B6863;8700.00;LTR;595432.29;604132.29;8700.00;0.7894;KGL;MEA;27.20;GR;6867.78;COA-FLL-20260925-3;2026-09-26T00:49:53Z;SHL-DN-485257;Verified;fuel.ops@airline.com;2026-09-26T03:03:53Z;HD-FLL-12;MTR-HD-FLL-12;ELECTRONIC;2026-09-26T01:03:53Z;SEED_B6_ADSB;2026-09-26T01:03:53Z;SEED_B6_ADSB;829c06de-fb81-500a-bff3-c27f7148b6f4;1.2386;10775.82;USD
644cf89f-b93e-568d-ae36-9d2bacaddb4a;6aca3b00-d08b-5a8e-a572-451d6b8272e2;MATCHED;E;405bb724-d752-5c39-954f-56ab1b7aba3a;WFS-BOS-479083;;FT-BOS-20260925-0099;N4077J;N4077J;B633;18116.00;LTR;485106.93;503222.93;18116.00;0.8088;KGL;MEA;15.60;GR;14652.22;COA-BOS-20260925-3;2026-09-26T00:39:30Z;WFS-DN-479083;Verified;fuel.ops@airline.com;2026-09-26T03:03:30Z;HD-BOS-15;MTR-HD-BOS-15;ELECTRONIC;2026-09-26T01:03:30Z;SEED_B6_ADSB;2026-09-26T01:03:30Z;SEED_B6_ADSB;0bf3514e-f099-5567-817d-06ea5c1f0565;1.3199;23911.31;USD
173fd536-0c9b-5417-b349-eafaceb792a7;889210e1-c899-5019-959c-05587260d984;MATCHED;E;0faa292e-63fc-5599-a2f4-2feb4f6136bb;SHL-FLL-485258;;FT-FLL-20260925-0083;N523JB;N523JB;B618;2877.00;LTR;697327.97;700204.97;2877.00;0.7915;KGL;MEA;24.60;GR;2277.15;COA-FLL-20260925-3;2026-09-26T00:42:43Z;SHL-DN-485258;Verified;fuel.ops@airline.com;2026-09-26T02:49:43Z;HD-FLL-15;MTR-HD-FLL-15;ELECTRONIC;2026-09-26T00:49:43Z;SEED_B6_ADSB;2026-09-26T00:49:43Z;SEED_B6_ADSB;aa72e3ae-0514-57d6-b9ad-1b0e43f557ba;1.2386;3563.45;USD
fe7e8711-ab93-5953-9db6-8ecec8c13c00;876caa91-2e70-5ab4-a689-3060e72a041e;MATCHED;M;628caa41-f1e9-5ac9-ac96-0fc9bcb0d8cc;SHL-PBI-381718;;FT-PBI-20260925-0014;N729JB;N729JB;B61468;8457.00;LTR;367356.45;375813.45;8457.00;0.8036;KGL;MEA;25.00;GR;6796.05;COA-PBI-20260925-3;2026-09-26T00:52:45Z;SHL-DN-381718;Verified;fuel.ops@airline.com;2026-09-26T03:10:45Z;RF-PBI-11;MTR-RF-PBI-11;MANUAL;2026-09-26T01:10:45Z;SEED_B6_ADSB;2026-09-26T01:10:45Z;SEED_B6_ADSB;0b047e98-55a2-54a4-a9d7-30cf3fe5165d;1.2739;10773.37;USD
ccd1b892-f735-5b3d-84f3-95ce43402fb4;7943e45f-4a51-5854-bd83-0973151bf9b2;MATCHED;E;0a9d6a22-88be-550d-bb9c-f0d640de8026;SHL-MCO-595763;;FT-MCO-20260925-0040;N547JB;N547JB;B62128;6008.00;LTR;410002.14;416010.14;6008.00;0.7915;KGL;MEA;25.00;GR;4755.33;COA-MCO-20260925-1;2026-09-26T01:02:11Z;SHL-DN-595763;Verified;fuel.ops@airline.com;2026-09-26T03:13:11Z;HD-MCO-01;MTR-HD-MCO-01;ELECTRONIC;2026-09-26T01:13:11Z;SEED_B6_ADSB;2026-09-26T01:13:11Z;SEED_B6_ADSB;44dc3647-f37a-51a4-bfe2-ada238b79f2c;1.2537;7532.23;USD
2721e686-07a4-5716-9239-42a5289f529b;15e7c8b1-5795-5f6c-8360-e4813abb4a79;MATCHED;E;32e57a18-c32b-5fcb-9cce-c31f8483f814;SHL-BOS-696957;;FT-BOS-20260925-0100;N983JT;N983JT;B68501;4353.00;LTR;359019.10;363372.10;4353.00;0.8076;KGL;MEA;17.10;GR;3515.48;COA-BOS-20260925-3;2026-09-26T00:53:41Z;SHL-DN-696957;Verified;fuel.ops@airline.com;2026-09-26T03:01:41Z;HD-BOS-02;MTR-HD-BOS-02;ELECTRONIC;2026-09-26T01:01:41Z;SEED_B6_ADSB;2026-09-26T01:01:41Z;SEED_B6_ADSB;e46a3b09-c4c6-5100-9445-a6e16456e2a0;1.3166;5731.16;USD
e23f6d29-c9c7-5795-b23c-f9442c9b1228;92ce23a1-47f9-5a4c-ac84-b5c049e0f9f9;MATCHED;E;bd40168a-9b62-587e-bbc1-7b821e2b8d7e;WFS-JFK-403973;;FT-JFK-20260925-0075;N3115J;N3115J;B62768;3674.00;LTR;768612.20;772286.20;3674.00;0.8001;KGL;MEA;20.00;GR;2939.57;COA-JFK-20260925-1;2026-09-26T01:08:21Z;WFS-DN-403973;Verified;fuel.ops@airline.com;2026-09-26T03:16:21Z;HD-JFK-10;MTR-HD-JFK-10;ELECTRONIC;2026-09-26T01:16:21Z;SEED_B6_ADSB;2026-09-26T01:16:21Z;SEED_B6_ADSB;403f426b-6d7f-5878-b076-c7217321385d;1.3071;4802.29;USD
94042e0b-40ca-57c9-8179-e39e2634ad82;a26c8f4a-111a-58b7-bf8e-b5b93d61c882;MATCHED;E;18a40562-6f35-5c0a-80ae-5d48de213f8c;WFS-JFK-403974;;FT-JFK-20260925-0076;N981JT;N981JT;B61223;18846.00;LTR;446618.71;465464.71;18846.00;0.8011;KGL;MEA;18.80;GR;15097.53;COA-JFK-20260925-1;2026-09-26T01:13:41Z;WFS-DN-403974;Verified;fuel.ops@airline.com;2026-09-26T03:38:41Z;HD-JFK-01;MTR-HD-JFK-01;ELECTRONIC;2026-09-26T01:38:41Z;SEED_B6_ADSB;2026-09-26T01:38:41Z;SEED_B6_ADSB;04075da6-2d25-5040-b23e-f3eff1603997;1.3071;24633.61;USD
dec8f49a-ffa6-54b5-ba6b-e907309411ba;abd058f5-1b46-56b5-9d81-1e6931e0c212;MATCHED;E;08bbf5b1-4fde-5837-b184-5bb2e3a6cc49;WFS-LGA-756544;;FT-LGA-20260925-0011;N612JB;N612JB;B6699;6628.00;LTR;225151.10;231779.10;6628.00;0.7984;KGL;MEA;18.60;GR;5291.8;COA-LGA-20260925-1;2026-09-26T01:05:54Z;WFS-DN-756544;Verified;fuel.ops@airline.com;2026-09-26T03:16:54Z;HD-LGA-08;MTR-HD-LGA-08;ELECTRONIC;2026-09-26T01:16:54Z;SEED_B6_ADSB;2026-09-26T01:16:54Z;SEED_B6_ADSB;4bf19c22-7032-5bc7-8dbc-590cd5f89a9b;1.3124;8698.59;USD
7e1b4702-8ba2-565c-bcc6-23cd222ba29d;bb0c13a8-8a80-561f-90ed-82a3b790e528;MATCHED;E;f172ba81-d5b1-51f5-807e-7c428186bec0;SHL-JFK-512750;;FT-JFK-20260925-0077;N3162J;N3162J;B6719;5079.00;LTR;661251.88;666330.88;5079.00;0.8017;KGL;MEA;18.00;GR;4071.83;COA-JFK-20260925-1;2026-09-26T01:28:41Z;SHL-DN-512750;Verified;fuel.ops@airline.com;2026-09-26T03:37:41Z;HD-JFK-06;MTR-HD-JFK-06;ELECTRONIC;2026-09-26T01:37:41Z;SEED_B6_ADSB;2026-09-26T01:37:41Z;SEED_B6_ADSB;4050fedb-c01c-5d33-bae7-7f20eaf2d0c7;1.3158;6682.95;USD
ecb790ae-1e94-512c-9621-833fe18ea6ad;16f05e6f-a0b3-532f-ad78-1be1dd0793c8;MATCHED;E;4d30513a-e374-5726-8cf9-f054611182f3;SHL-BOS-696959;;FT-BOS-20260925-0101;N4048J;N4048J;B62261;19657.00;LTR;472626.66;492283.66;19657.00;0.8058;KGL;MEA;19.40;GR;15839.61;COA-BOS-20260925-3;2026-09-26T01:30:37Z;SHL-DN-696959;Verified;fuel.ops@airline.com;2026-09-26T03:55:37Z;HD-BOS-01;MTR-HD-BOS-01;ELECTRONIC;2026-09-26T01:55:37Z;SEED_B6_ADSB;2026-09-26T01:55:37Z;SEED_B6_ADSB;f98ec711-042d-53b9-817e-3e8c2e56b3a7;1.3166;25880.41;USD
24083f4c-4a9c-5668-96cc-a79a21b8f388;32e1fbad-34f3-5150-ae48-72894f0a69c9;MATCHED;E;bb3bc736-4daf-5a96-a9e1-31746a811a38;SHL-JFK-512752;;FT-JFK-20260925-0078;N994JL;N994JL;B6283;6736.00;LTR;215996.35;222732.35;6736.00;0.8017;KGL;MEA;18.00;GR;5400.25;COA-JFK-20260925-1;2026-09-26T01:44:53Z;SHL-DN-512752;Verified;fuel.ops@airline.com;2026-09-26T03:55:53Z;HD-JFK-07;MTR-HD-JFK-07;ELECTRONIC;2026-09-26T01:55:53Z;SEED_B6_ADSB;2026-09-26T01:55:53Z;SEED_B6_ADSB;bbbe4269-9fc0-57d0-9ec4-6654da3249bc;1.3158;8863.23;USD
e805e21e-4cc2-565f-922e-667edda43216;d795e879-7179-5828-9d38-8216e121ed41;MATCHED;E;96bb2e31-1ef0-5da6-b20f-a5b80db54ad6;WFS-BOS-479086;;FT-BOS-20260925-0102;N982JB;N982JB;B6413;21607.00;LTR;124952.94;146559.94;21607.00;0.8082;KGL;MEA;16.40;GR;17462.78;COA-BOS-20260925-3;2026-09-26T01:41:02Z;WFS-DN-479086;Verified;fuel.ops@airline.com;2026-09-26T04:08:02Z;HD-BOS-09;MTR-HD-BOS-09;ELECTRONIC;2026-09-26T02:08:02Z;SEED_B6_ADSB;2026-09-26T02:08:02Z;SEED_B6_ADSB;6cd8c214-6464-5964-a5e9-8c91a1ea26cc;1.3199;28519.08;USD
53195aee-1bc3-5c48-a099-42cfd0000352;261cfb42-dc75-5d78-8f72-42d953a09986;MATCHED;E;722b4326-89be-5149-8102-ad0b4a2e0718;SHL-JFK-512755;;FT-JFK-20260925-0079;N2188J;N2188J;B6841;17573.00;LTR;435980.43;453553.43;17573.00;0.8040;KGL;MEA;15.10;GR;14128.69;COA-JFK-20260925-1;2026-09-26T01:52:22Z;SHL-DN-512755;Verified;fuel.ops@airline.com;2026-09-26T04:15:22Z;HD-JFK-17;MTR-HD-JFK-17;ELECTRONIC;2026-09-26T02:15:22Z;SEED_B6_ADSB;2026-09-26T02:15:22Z;SEED_B6_ADSB;0a0ffa13-3dd0-5262-b19a-8f202452870f;1.3158;23122.55;USD
4e64d40c-2a24-59ac-9c1c-0e8898788377;fb3590ab-eed4-529e-9f03-c191de2c6825;MATCHED;E;7dccb069-5478-5b5a-93c2-abc76aae825b;SHL-JFK-512758;;FT-JFK-20260925-0080;N4074J;N4074J;B67;19153.00;LTR;519477.76;538630.76;19153.00;0.8021;KGL;MEA;17.50;GR;15362.62;COA-JFK-20260925-1;2026-09-26T01:57:16Z;SHL-DN-512758;Verified;fuel.ops@airline.com;2026-09-26T04:22:16Z;HD-JFK-20;MTR-HD-JFK-20;ELECTRONIC;2026-09-26T02:22:16Z;SEED_B6_ADSB;2026-09-26T02:22:16Z;SEED_B6_ADSB;1b6e4e75-99b1-5ab4-995f-b68323719df7;1.3158;25201.52;USD
6b00209b-7a93-5b25-8562-b68ca3d43657;bcba49b8-d4fa-5431-90d8-825d0c610b41;MATCHED;E;6684c93c-2b7d-5992-b103-c0583e404160;SHL-FLL-485260;;FT-FLL-20260925-0084;N637JB;N637JB;B6672;10017.00;LTR;851529.67;861546.67;10017.00;0.7905;KGL;MEA;25.90;GR;7918.44;COA-FLL-20260925-3;2026-09-26T01:59:21Z;SHL-DN-485260;Verified;fuel.ops@airline.com;2026-09-26T04:14:21Z;HD-FLL-01;MTR-HD-FLL-01;ELECTRONIC;2026-09-26T02:14:21Z;SEED_B6_ADSB;2026-09-26T02:14:21Z;SEED_B6_ADSB;3bbd962f-c61f-5e25-a026-a52b3df1e975;1.2386;12407.06;USD
a819919f-bc7f-580d-bcbd-98f15cebbd43;f2e29213-c632-5da1-a324-143fb4cf9ab2;MATCHED;E;0bafff2d-7dd9-5246-8091-4245814e91c0;WFS-JFK-403977;;FT-JFK-20260925-0081;N565JB;N565JB;B6185;3901.00;LTR;631117.15;635018.15;3901.00;0.8041;KGL;MEA;15.00;GR;3136.79;COA-JFK-20260925-1;2026-09-26T02:14:46Z;WFS-DN-403977;Verified;fuel.ops@airline.com;2026-09-26T04:22:46Z;HD-JFK-09;MTR-HD-JFK-09;ELECTRONIC;2026-09-26T02:22:46Z;SEED_B6_ADSB;2026-09-26T02:22:46Z;SEED_B6_ADSB;a2cdfbee-dc1a-5d3d-afde-492fc3226182;1.3071;5099;USD
8a359980-b198-572c-add9-1ba2849410f5;6ed66add-6f57-5f3b-9391-016f9ca91510;MATCHED;E;1a92a9a3-0f0e-5061-9668-3fd10e67d23b;SHL-JFK-512761;;FT-JFK-20260925-0082;N585JB;N585JB;B61186;2286.00;LTR;342485.69;344771.69;2286.00;0.8007;KGL;MEA;19.30;GR;1830.4;COA-JFK-20260925-1;2026-09-26T02:15:50Z;SHL-DN-512761;Verified;fuel.ops@airline.com;2026-09-26T04:21:50Z;HD-JFK-14;MTR-HD-JFK-14;ELECTRONIC;2026-09-26T02:21:50Z;SEED_B6_ADSB;2026-09-26T02:21:50Z;SEED_B6_ADSB;a77318a3-bc6a-5da4-b8b9-371b8ae63cbd;1.3158;3007.92;USD
ab5a34af-50e9-59ec-ad5e-743a7bebea52;1ad6590e-e358-5884-9e50-a4f6c745e008;MATCHED;E;3eb39ece-5c9f-5e9b-8fca-8332ad6620a8;WFS-JFK-403979;;FT-JFK-20260925-0083;N766JB;N766JB;B6820;4595.00;LTR;393983.30;398578.30;4595.00;0.8026;KGL;MEA;16.90;GR;3687.95;COA-JFK-20260925-1;2026-09-26T02:09:49Z;WFS-DN-403979;Verified;fuel.ops@airline.com;2026-09-26T04:18:49Z;HD-JFK-04;MTR-HD-JFK-04;ELECTRONIC;2026-09-26T02:18:49Z;SEED_B6_ADSB;2026-09-26T02:18:49Z;SEED_B6_ADSB;eac395cc-8426-551e-8a84-6e7d47d5e6b8;1.3071;6006.12;USD
617d41f1-b8bd-5e2a-b1a4-1efce7e5f6d5;a02515b3-a19e-52cd-994b-1f5d2d63678f;MATCHED;M;a943eb94-c3c2-5c55-9898-04045cd7fe5c;SHL-PBI-381721;;FT-PBI-20260925-0015;N656JB;N656JB;B61962;10683.00;LTR;218693.32;229376.32;10683.00;0.8051;KGL;MEA;23.10;GR;8600.88;COA-PBI-20260925-3;2026-09-26T02:13:59Z;SHL-DN-381721;Verified;fuel.ops@airline.com;2026-09-26T04:34:59Z;RF-PBI-07;MTR-RF-PBI-07;MANUAL;2026-09-26T02:34:59Z;SEED_B6_ADSB;2026-09-26T02:34:59Z;SEED_B6_ADSB;c207d22b-65d0-5146-8848-bc7ddbcae9c3;1.2739;13609.07;USD
85907724-ad9d-55dc-86f0-03bc294b2ad2;5f31bb46-da1c-5492-a890-f73b32c6f979;MATCHED;E;d2da141f-7c0f-5a93-9a46-da1830599a2a;BPA-MCO-339292;;FT-MCO-20260925-0041;N3044J;N3044J;B6798;8183.00;LTR;680617.23;688800.23;8183.00;0.7935;KGL;MEA;22.40;GR;6493.21;COA-MCO-20260925-1;2026-09-26T02:41:58Z;BPA-DN-339292;Verified;fuel.ops@airline.com;2026-09-26T04:54:58Z;HD-MCO-24;MTR-HD-MCO-24;ELECTRONIC;2026-09-26T02:54:58Z;SEED_B6_ADSB;2026-09-26T02:54:58Z;SEED_B6_ADSB;69f4e847-bab0-5225-9998-4fe20620f2f0;1.2482;10214.02;USD
0ca997f8-c342-5b27-9b90-dca10bc4eec7;e69c28aa-105a-5001-a505-17e45d1dc53f;MATCHED;E;52e7f77d-c02c-5b66-94c2-5d231bd58a86;SHL-BOS-696962;;FT-BOS-20260925-0103;N2205J;N2205J;B61079;17608.00;LTR;301966.73;319574.73;17608.00;0.8086;KGL;MEA;15.90;GR;14237.83;COA-BOS-20260925-3;2026-09-26T02:30:46Z;SHL-DN-696962;Verified;fuel.ops@airline.com;2026-09-26T04:53:46Z;HD-BOS-06;MTR-HD-BOS-06;ELECTRONIC;2026-09-26T02:53:46Z;SEED_B6_ADSB;2026-09-26T02:53:46Z;SEED_B6_ADSB;48316eef-0308-56a2-86ab-be68c367cb60;1.3166;23182.69;USD
11d621e2-6134-5fb0-a2d8-bea7f65c09ab;b3a9a023-89f9-510f-8ce4-98ecb0081769;MATCHED;E;dbc5cb84-2d3f-5a18-92e9-66fb5e9a6d1d;SHL-JFK-512762;;FT-JFK-20260925-0084;N775JB;N775JB;B6675;1121.00;LTR;670995.33;672116.33;1121.00;0.8013;KGL;MEA;18.50;GR;898.26;COA-JFK-20260925-1;2026-09-26T02:39:51Z;SHL-DN-512762;Verified;fuel.ops@airline.com;2026-09-26T04:44:51Z;HD-JFK-23;MTR-HD-JFK-23;ELECTRONIC;2026-09-26T02:44:51Z;SEED_B6_ADSB;2026-09-26T02:44:51Z;SEED_B6_ADSB;6e069dfa-35d7-5171-8099-429c9b9d4705;1.3158;1475.01;USD
9977588f-12c1-5172-991e-4e3994ee47bb;a5f4b456-d7bb-5011-85cf-999b5e89da7f;MATCHED;E;58b9c01f-2a2f-59c2-b47b-2f51378dd408;SHL-FLL-485262;;FT-FLL-20260925-0085;N566JB;N566JB;B6572;10122.00;LTR;197403.31;207525.31;10122.00;0.7937;KGL;MEA;21.80;GR;8033.83;COA-FLL-20260925-3;2026-09-26T02:47:25Z;SHL-DN-485262;Verified;fuel.ops@airline.com;2026-09-26T05:02:25Z;HD-FLL-18;MTR-HD-FLL-18;ELECTRONIC;2026-09-26T03:02:25Z;SEED_B6_ADSB;2026-09-26T03:02:25Z;SEED_B6_ADSB;fe0ba8ec-56ee-5d4e-9171-a9ae9af55576;1.2386;12537.11;USD
600cff4c-b72c-5b72-9138-326d5d790e6f;62f3e20f-5e6f-582f-b482-ae79e579fdce;MATCHED;E;bee13173-acb1-569b-9554-7e49282c96f0;WFS-JFK-403981;;FT-JFK-20260925-0085;N2180J;N2180J;B673;19505.00;LTR;670995.33;690500.33;19505.00;0.8031;KGL;MEA;16.20;GR;15664.47;COA-JFK-20260925-1;2026-09-26T02:38:53Z;WFS-DN-403981;Verified;fuel.ops@airline.com;2026-09-26T05:03:53Z;HD-JFK-23;MTR-HD-JFK-23;ELECTRONIC;2026-09-26T03:03:53Z;SEED_B6_ADSB;2026-09-26T03:03:53Z;SEED_B6_ADSB;c6c24093-a566-5b2c-ada2-61fd45fd0950;1.3071;25494.99;USD
53d974af-0fbf-55a6-991d-2b4e9074cfa6;b60b2afe-d5c0-53e1-85de-1f4a30447db9;MATCHED;M;ea1ef561-bf07-5953-a532-dc1bb3773e23;WFS-BUF-723699;;FT-BUF-20260925-0009;N561JB;N561JB;B6348;3062.00;LTR;442153.75;445215.75;3062.00;0.8031;KGL;MEA;14.40;GR;2459.09;COA-BUF-20260925-3;2026-09-26T02:59:54Z;WFS-DN-723699;Verified;fuel.ops@airline.com;2026-09-26T05:08:54Z;RF-BUF-04;MTR-RF-BUF-04;MANUAL;2026-09-26T03:08:54Z;SEED_B6_ADSB;2026-09-26T03:08:54Z;SEED_B6_ADSB;871dfe56-a0a6-5589-b08c-28b22ebe5ffa;1.3346;4086.55;USD
c431b8e0-2131-5ebc-b5fb-ea6245f660f2;c21e5285-a815-5e03-b77e-eb103d04ce08;MATCHED;E;9a15ab55-4468-5e9a-9aba-35c6b6bb857e;CGA-LAS-427520;;FT-LAS-20260925-0010;N978JB;N978JB;B6778;16791.00;LTR;530688.29;547479.29;16791.00;0.7926;KGL;MEA;22.40;GR;13308.55;COA-LAS-20260925-2;2026-09-26T02:47:00Z;CGA-DN-427520;Verified;fuel.ops@airline.com;2026-09-26T05:09:00Z;HD-LAS-19;MTR-HD-LAS-19;ELECTRONIC;2026-09-26T03:09:00Z;SEED_B6_ADSB;2026-09-26T03:09:00Z;SEED_B6_ADSB;8c9bc61d-ccf5-599b-af1d-817cca17b867;1.3082;21965.99;USD
0434380e-59fd-56c4-b2eb-6a0989c1270f;49a71769-31bb-5eff-a722-28d6e35eae83;MATCHED;E;370f955f-35a0-5c4c-8b6b-0fb309d8de68;WFS-JFK-403984;;FT-JFK-20260925-0086;N962JT;N962JT;B6923;18324.00;LTR;519477.76;537801.76;18324.00;0.7999;KGL;MEA;20.30;GR;14657.37;COA-JFK-20260925-1;2026-09-26T02:42:11Z;WFS-DN-403984;Verified;fuel.ops@airline.com;2026-09-26T05:06:11Z;HD-JFK-20;MTR-HD-JFK-20;ELECTRONIC;2026-09-26T03:06:11Z;SEED_B6_ADSB;2026-09-26T03:06:11Z;SEED_B6_ADSB;2464fea8-e190-5bbe-9654-882c0028a387;1.3071;23951.3;USD
04141a05-18ff-576d-a159-cadbcd7fbd04;8999f243-3daf-5932-8631-f2ff6a4be1b6;MATCHED;E;9cd36b8c-1b47-54c0-bb31-da2367fd4c27;BPA-DCA-429195;;FT-DCA-20260925-0016;N3058J;N3058J;B62954;3085.00;LTR;385623.47;388708.47;3085.00;0.7978;KGL;MEA;17.90;GR;2461.21;COA-DCA-20260925-1;2026-09-26T02:42:57Z;BPA-DN-429195;Verified;fuel.ops@airline.com;2026-09-26T04:49:57Z;HD-DCA-06;MTR-HD-DCA-06;ELECTRONIC;2026-09-26T02:49:57Z;SEED_B6_ADSB;2026-09-26T02:49:57Z;SEED_B6_ADSB;670a3193-b5a7-58d8-be21-19e59ae44e8d;1.3157;4058.93;USD
796e4ef0-4a34-5d30-93cb-a3ad89b65b38;6ef8cddf-b0be-5cf7-a8ef-99a6b3883fe1;MATCHED;E;fdb4f6e3-f3b2-5c89-a986-f401ae788b8f;CGA-SAN-368881;;FT-SAN-20260925-0003;N942JB;N942JB;B62120;18273.00;LTR;234261.91;252534.91;18273.00;0.8034;KGL;MEA;18.50;GR;14680.53;COA-SAN-20260925-1;2026-09-26T02:45:30Z;CGA-DN-368881;Verified;fuel.ops@airline.com;2026-09-26T05:09:30Z;HD-SAN-06;MTR-HD-SAN-06;ELECTRONIC;2026-09-26T03:09:30Z;SEED_B6_ADSB;2026-09-26T03:09:30Z;SEED_B6_ADSB;c714a50d-88ed-5796-819d-468f9792e160;1.3102;23941.28;USD
eaf72486-7c17-52cb-9777-aee5ec41f998;e35a6062-f74f-5a82-9cda-353fdc3ffc45;MATCHED;M;02cce388-7a71-5ce7-8d6b-a21847e59c51;WFS-ALB-625367;;FT-ALB-20260925-0003;N992JB;N992JB;B6324;1782.00;LTR;437222.16;439004.16;1782.00;0.8067;KGL;MEA;19.30;GR;1437.54;COA-ALB-20260925-1;2026-09-26T02:56:38Z;WFS-DN-625367;Verified;fuel.ops@airline.com;2026-09-26T05:02:38Z;RF-ALB-17;MTR-RF-ALB-17;MANUAL;2026-09-26T03:02:38Z;SEED_B6_ADSB;2026-09-26T03:02:38Z;SEED_B6_ADSB;35912828-0485-58bb-aff0-96410db38522;1.3680;2437.78;USD
89501393-1550-5bed-912f-961bd10ea467;5a64850f-ce91-5a74-abdf-7dc42a0b8312;MATCHED;E;fd742181-ac25-5727-a3b2-e1af13baefa5;WFS-LAX-154053;;FT-LAX-20260925-0018;N964JT;N964JT;B61574;17742.00;LTR;811751.54;829493.54;17742.00;0.7927;KGL;MEA;22.80;GR;14064.08;COA-LAX-20260925-1;2026-09-26T02:54:40Z;WFS-DN-154053;Verified;fuel.ops@airline.com;2026-09-26T05:17:40Z;HD-LAX-08;MTR-HD-LAX-08;ELECTRONIC;2026-09-26T03:17:40Z;SEED_B6_ADSB;2026-09-26T03:17:40Z;SEED_B6_ADSB;8a0577e4-fde9-50b1-93f8-73eeaf25c4e7;1.3029;23116.05;USD
3404e0e1-95e7-5570-a03b-60d5dc585dbe;77875915-0e76-512c-b0a2-d20a37fc8b89;MATCHED;M;5096460e-7500-511f-85ba-d8c197ba93b6;WFS-BDL-333676;;FT-BDL-20260925-0007;N556JB;N556JB;B6158;2013.00;LTR;375121.95;377134.95;2013.00;0.7984;KGL;MEA;19.70;GR;1607.18;COA-BDL-20260925-3;2026-09-26T02:56:49Z;WFS-DN-333676;Verified;fuel.ops@airline.com;2026-09-26T05:03:49Z;RF-BDL-12;MTR-RF-BDL-12;MANUAL;2026-09-26T03:03:49Z;SEED_B6_ADSB;2026-09-26T03:03:49Z;SEED_B6_ADSB;e37b9178-b9de-5e2d-96e2-7a591b723801;1.3516;2720.77;USD
f302c69c-dce1-524a-ad46-e118beb97e3a;f3b36a20-a6f9-5692-a379-2488441efcab;MATCHED;E;66e1a08d-f1eb-5154-aaeb-9e92b4d9cfc6;CGA-SFO-275660;;FT-SFO-20260925-0010;N946JL;N946JL;B616;16984.00;LTR;893889.77;910873.77;16984.00;0.8025;KGL;MEA;20.00;GR;13629.66;COA-SFO-20260925-1;2026-09-26T02:57:50Z;CGA-DN-275660;Verified;fuel.ops@airline.com;2026-09-26T05:19:50Z;HD-SFO-12;MTR-HD-SFO-12;ELECTRONIC;2026-09-26T03:19:50Z;SEED_B6_ADSB;2026-09-26T03:19:50Z;SEED_B6_ADSB;513eabd7-568d-55db-8334-7694f6c15ec6;1.3267;22532.67;USD
795157ff-c8bb-5e34-a81f-b953f4d9ea86;66a6545a-09e7-5f44-b146-81ef7dfa5f61;MATCHED;E;81e6fe76-21a0-5400-8821-7e49d52edd5d;CGA-LAX-552096;;FT-LAX-20260925-0019;N2165J;N2165J;B6188;13712.00;LTR;663311.29;677023.29;13712.00;0.7927;KGL;MEA;22.80;GR;10869.5;COA-LAX-20260925-1;2026-09-26T03:03:58Z;CGA-DN-552096;Verified;fuel.ops@airline.com;2026-09-26T05:22:58Z;HD-LAX-20;MTR-HD-LAX-20;ELECTRONIC;2026-09-26T03:22:58Z;SEED_B6_ADSB;2026-09-26T03:22:58Z;SEED_B6_ADSB;adaf8350-f523-5b32-8025-35ebb99a4394;1.3080;17935.3;USD
90f83fcf-37c2-57ae-bc71-168003b8fdac;62675270-c7df-5459-b42a-91669dc4293b;MATCHED;E;f7cc98c3-e560-5448-b297-b8ca13039c06;CGA-LAX-552099;;FT-LAX-20260925-0020;N2156J;N2156J;B61524;14701.00;LTR;553938.30;568639.30;14701.00;0.7957;KGL;MEA;19.10;GR;11697.59;COA-LAX-20260925-1;2026-09-26T03:03:04Z;CGA-DN-552099;Verified;fuel.ops@airline.com;2026-09-26T05:24:04Z;HD-LAX-09;MTR-HD-LAX-09;ELECTRONIC;2026-09-26T03:24:04Z;SEED_B6_ADSB;2026-09-26T03:24:04Z;SEED_B6_ADSB;9161c6fc-53ba-5626-8982-8bfb92270db7;1.3080;19228.91;USD
e1ed2750-28a2-5782-bd88-1fd072511a02;42ee2c2b-f03e-5e49-8755-de21a598b781;MATCHED;E;ef9e5b38-4055-5f9b-91ff-8c2570266fc8;WFS-JFK-403985;;FT-JFK-20260925-0087;N3291J;N3291J;B61516;748.00;LTR;837353.02;838101.02;748.00;0.8035;KGL;MEA;15.70;GR;601.02;COA-JFK-20260925-1;2026-09-26T03:16:29Z;WFS-DN-403985;Verified;fuel.ops@airline.com;2026-09-26T05:20:29Z;HD-JFK-24;MTR-HD-JFK-24;ELECTRONIC;2026-09-26T03:20:29Z;SEED_B6_ADSB;2026-09-26T03:20:29Z;SEED_B6_ADSB;063608ce-be9d-5106-8f28-222d8c6833d6;1.3071;977.71;USD
3a58c806-6780-559d-82a4-7f922da472ed;79772ab1-a69f-580e-b1cc-d9b96901bc97;MATCHED;E;9a54096e-ad33-54ba-a6e1-149bcc6b5ec5;WFS-JFK-403986;;FT-JFK-20260925-0088;N3308J;N3308J;B6102;2713.00;LTR;531558.61;534271.61;2713.00;0.8036;KGL;MEA;15.60;GR;2180.17;COA-JFK-20260925-1;2026-09-26T03:16:32Z;WFS-DN-403986;Verified;fuel.ops@airline.com;2026-09-26T05:22:32Z;HD-JFK-03;MTR-HD-JFK-03;ELECTRONIC;2026-09-26T03:22:32Z;SEED_B6_ADSB;2026-09-26T03:22:32Z;SEED_B6_ADSB;0cfe0bd2-2103-5e6f-a1c2-f9bc6957b7ea;1.3071;3546.16;USD
bbbe0e51-636e-5cb4-b339-89b6a5fb1720;762da05a-8a45-5f2c-ad7d-9d067a8f414d;MATCHED;E;257ac653-360f-5752-8106-bed6df083bad;WFS-JFK-403987;;FT-JFK-20260925-0089;N3244J;N3244J;B61195;2376.00;LTR;446618.71;448994.71;2376.00;0.8027;KGL;MEA;16.70;GR;1907.22;COA-JFK-20260925-1;2026-09-26T03:14:30Z;WFS-DN-403987;Verified;fuel.ops@airline.com;2026-09-26T05:20:30Z;HD-JFK-01;MTR-HD-JFK-01;ELECTRONIC;2026-09-26T03:20:30Z;SEED_B6_ADSB;2026-09-26T03:20:30Z;SEED_B6_ADSB;86139697-c440-59ac-823b-06576f761cd3;1.3071;3105.67;USD
1f71316d-e086-523e-8b17-deb8abf91366;cf66365f-df49-541b-9944-3c8c01e89a18;MATCHED;E;7b5b9873-839b-5b00-af63-3f1b7289fb10;WFS-JFK-403988;;FT-JFK-20260926-0001;N983JT;N983JT;B61411;16735.00;LTR;384557.76;401292.76;16735.00;0.7987;KGL;MEA;18.10;GR;13366.24;COA-JFK-20260926-3;2026-09-26T03:18:45Z;WFS-DN-403988;Verified;fuel.ops@airline.com;2026-09-26T05:40:45Z;HD-JFK-16;MTR-HD-JFK-16;ELECTRONIC;2026-09-26T03:40:45Z;SEED_B6_ADSB;2026-09-26T03:40:45Z;SEED_B6_ADSB;82afedfb-b39b-5705-aad8-e909e4f82657;1.3151;22008.2;USD
fdb4b6c7-4f10-5092-9ed2-b0d4c641a78a;9fd21cb6-990c-5b20-ae82-8d492633dfec;MATCHED;E;422aad42-a0c5-592e-bb65-90ec06e45245;SHL-JFK-512765;;FT-JFK-20260925-0090;N638JB;N638JB;B6308;1156.00;LTR;446618.71;447774.71;1156.00;0.8027;KGL;MEA;16.70;GR;927.92;COA-JFK-20260925-1;2026-09-26T03:39:20Z;SHL-DN-512765;Verified;fuel.ops@airline.com;2026-09-26T05:44:20Z;HD-JFK-01;MTR-HD-JFK-01;ELECTRONIC;2026-09-26T03:44:20Z;SEED_B6_ADSB;2026-09-26T03:44:20Z;SEED_B6_ADSB;c1656d0c-fe8a-5877-9e7a-7fd5d7fa143d;1.3158;1521.06;USD
6fee5e33-6a3b-5282-a933-c094417ca27a;4f9f5e58-c48b-58e4-b0f2-c54b8842ac5b;MATCHED;M;9a6e07dd-1253-5325-b8a5-54aae6e1eb42;CGA-BUR-132126;;FT-BUR-20260925-0001;N3104J;N3104J;B6359;13323.00;LTR;536969.53;550292.53;13323.00;0.8060;KGL;MEA;17.90;GR;10738.34;COA-BUR-20260925-3;2026-09-26T03:37:57Z;CGA-DN-132126;Verified;fuel.ops@airline.com;2026-09-26T06:03:57Z;RF-BUR-18;MTR-RF-BUR-18;MANUAL;2026-09-26T04:03:57Z;SEED_B6_ADSB;2026-09-26T04:03:57Z;SEED_B6_ADSB;62b413ef-0783-5180-ab26-440c607e5924;1.3486;17967.4;USD
02466901-7a00-5ef0-b7e8-1cd62413496e;27d0b909-c4ba-5be1-ba2a-e6e91958c326;MATCHED;E;807ddda3-cdff-5c7b-9df2-39ce5a46eb80;WFS-JFK-403989;;FT-JFK-20260926-0002;N618JB;N618JB;B61128;2078.00;LTR;471546.18;473624.18;2078.00;0.8005;KGL;MEA;15.90;GR;1663.44;COA-JFK-20260926-3;2026-09-26T03:47:45Z;WFS-DN-403989;Verified;fuel.ops@airline.com;2026-09-26T05:53:45Z;HD-JFK-04;MTR-HD-JFK-04;ELECTRONIC;2026-09-26T03:53:45Z;SEED_B6_ADSB;2026-09-26T03:53:45Z;SEED_B6_ADSB;031f60a3-3d65-5f69-8ddd-c9e60b2a2184;1.3151;2732.78;USD
428b9b1c-469c-5875-b3a3-ee66f59e4cea;ed07b8e8-63c2-506f-ba20-933db1b11a56;MATCHED;E;214bf20a-07c2-5357-bce3-624c6ff1175a;CGA-SEA-788546;;FT-SEA-20260925-0001;N591JB;N591JB;B6264;16765.00;LTR;599674.32;616439.32;16765.00;0.8132;KGL;MEA;12.30;GR;13633.3;COA-SEA-20260925-2;2026-09-26T03:56:30Z;CGA-DN-788546;Verified;fuel.ops@airline.com;2026-09-26T06:18:30Z;HD-SEA-04;MTR-HD-SEA-04;ELECTRONIC;2026-09-26T04:18:30Z;SEED_B6_ADSB;2026-09-26T04:18:30Z;SEED_B6_ADSB;1d954c2b-f628-57e9-97e0-e7465a50e668;1.3238;22193.51;USD
8fa1cd00-8dc0-5047-b444-ae1fba7e701d;77e17986-45cb-528f-b754-f87e6ae3d360;MATCHED;M;d8f2658c-e99e-551e-8076-a4c42c3339b1;CGA-ABQ-567990;;FT-ABQ-20260925-0001;N746JB;N746JB;B666;9995.00;LTR;629643.78;639638.78;9995.00;0.8012;KGL;MEA;21.70;GR;8007.99;COA-ABQ-20260925-3;2026-09-26T04:07:18Z;CGA-DN-567990;Verified;fuel.ops@airline.com;2026-09-26T06:27:18Z;RF-ABQ-21;MTR-RF-ABQ-21;MANUAL;2026-09-26T04:27:18Z;SEED_B6_ADSB;2026-09-26T04:27:18Z;SEED_B6_ADSB;9f351461-68ce-5b5e-9c94-bda462bef2d3;1.3112;13105.44;USD
f9ec03a5-9cce-516d-ae00-035291073d25;a910a909-ce4c-5cff-af5d-78d36606333b;MATCHED;E;a5d1d11f-39d2-5580-b7d7-80f44ead3e2e;WFS-LGA-756545;;FT-LGA-20260925-0012;N655JB;N655JB;B6571;6882.00;LTR;402668.33;409550.33;6882.00;0.8004;KGL;MEA;16.10;GR;5508.35;COA-LGA-20260925-1;2026-09-26T04:15:32Z;WFS-DN-756545;Verified;fuel.ops@airline.com;2026-09-26T06:26:32Z;HD-LGA-13;MTR-HD-LGA-13;ELECTRONIC;2026-09-26T04:26:32Z;SEED_B6_ADSB;2026-09-26T04:26:32Z;SEED_B6_ADSB;69f50810-181c-5862-bed6-ff7e60d239b4;1.3124;9031.94;USD
c17b49b7-1b6a-59f7-9bb9-17e5b0eb6d5a;ebfe2bc9-2284-570b-9846-f9e1132647c9;MATCHED;E;d1babc71-4775-55ec-87af-9e123aae3205;CGA-SFO-275662;;FT-SFO-20260925-0011;N929JB;N929JB;B6134;18465.00;LTR;370825.91;389290.91;18465.00;0.8046;KGL;MEA;17.40;GR;14856.94;COA-SFO-20260925-1;2026-09-26T04:10:57Z;CGA-DN-275662;Verified;fuel.ops@airline.com;2026-09-26T06:34:57Z;HD-SFO-24;MTR-HD-SFO-24;ELECTRONIC;2026-09-26T04:34:57Z;SEED_B6_ADSB;2026-09-26T04:34:57Z;SEED_B6_ADSB;aed10c1e-6508-530f-9907-0fce37f24dac;1.3267;24497.52;USD
cedd2e39-6e2a-5551-8ffc-b909a603004b;5a7bd46f-823e-59b4-bb20-302874b2b1d3;MATCHED;E;7a374aea-9cd2-5942-8e30-f9542e8c849c;SHL-JFK-512766;;FT-JFK-20260926-0003;N516JB;N516JB;B61318;625.00;LTR;191220.89;191845.89;625.00;0.7967;KGL;MEA;20.70;GR;497.94;COA-JFK-20260926-3;2026-09-26T04:08:23Z;SHL-DN-512766;Verified;fuel.ops@airline.com;2026-09-26T06:12:23Z;HD-JFK-09;MTR-HD-JFK-09;ELECTRONIC;2026-09-26T04:12:23Z;SEED_B6_ADSB;2026-09-26T04:12:23Z;SEED_B6_ADSB;637ca5e7-3ce2-54b1-81f4-c7c644cf6d01;1.3238;827.38;USD
90107c89-cf20-5d9d-9265-bf5bfd665730;3ec364a9-ef77-59d1-acaf-b43ae9090d42;MATCHED;E;60481b17-ae38-53e9-8a13-65cf903cddca;CGA-LAS-427522;;FT-LAS-20260925-0011;N961JT;N961JT;B6608;12995.00;LTR;290657.16;303652.16;12995.00;0.7949;KGL;MEA;19.40;GR;10329.73;COA-LAS-20260925-2;2026-09-26T04:32:05Z;CGA-DN-427522;Verified;fuel.ops@airline.com;2026-09-26T06:50:05Z;HD-LAS-24;MTR-HD-LAS-24;ELECTRONIC;2026-09-26T04:50:05Z;SEED_B6_ADSB;2026-09-26T04:50:05Z;SEED_B6_ADSB;704c0694-54be-50d6-83ca-f70932806d40;1.3082;17000.06;USD
0b8f26fa-2aec-5be2-bd23-70c7a076b804;f3ac0d7d-2335-5216-84e4-d4299c3168a8;MATCHED;E;edd38e4d-2052-5745-a927-75514f25c0e7;CGA-SAN-368883;;FT-SAN-20260925-0004;N993JE;N993JE;B61190;18307.00;LTR;552517.32;570824.32;18307.00;0.8001;KGL;MEA;22.60;GR;14647.43;COA-SAN-20260925-1;2026-09-26T04:22:14Z;CGA-DN-368883;Verified;fuel.ops@airline.com;2026-09-26T06:46:14Z;HD-SAN-10;MTR-HD-SAN-10;ELECTRONIC;2026-09-26T04:46:14Z;SEED_B6_ADSB;2026-09-26T04:46:14Z;SEED_B6_ADSB;38ca18ab-6bd2-5eb9-88a8-0ad9e31b5b6f;1.3102;23985.83;USD
7875c5f0-17b0-5f7e-bab2-521527d8e8a4;8161d336-8077-5ed3-af56-d138ae839e1f;MATCHED;E;f15b0b51-f672-5542-935f-6a7639d026d8;CGA-LAX-552101;;FT-LAX-20260925-0021;N2142J;N2142J;B61488;12706.00;LTR;513758.26;526464.26;12706.00;0.7944;KGL;MEA;20.70;GR;10093.65;COA-LAX-20260925-1;2026-09-26T04:29:48Z;CGA-DN-552101;Verified;fuel.ops@airline.com;2026-09-26T06:47:48Z;HD-LAX-02;MTR-HD-LAX-02;ELECTRONIC;2026-09-26T04:47:48Z;SEED_B6_ADSB;2026-09-26T04:47:48Z;SEED_B6_ADSB;1295dc44-c3ce-5b8b-9c57-4db24fd46b84;1.3080;16619.45;USD
09c05d33-4f56-5729-8ec2-e3372344c54a;ce281710-e1fb-5c81-8273-1da59ca7e006;MATCHED;E;fe1bc52f-ad23-5673-b182-6a3e8461e886;BPA-IAD-530728;;FT-IAD-20260926-0001;N4022J;N4022J;B68400;1455.00;LTR;779752.72;781207.72;1455.00;0.8086;KGL;MEA;20.00;GR;1176.51;COA-IAD-20260926-3;2026-09-26T04:45:00Z;BPA-DN-530728;Verified;fuel.ops@airline.com;2026-09-26T06:50:00Z;HD-IAD-23;MTR-HD-IAD-23;ELECTRONIC;2026-09-26T04:50:00Z;SEED_B6_ADSB;2026-09-26T04:50:00Z;SEED_B6_ADSB;770dac26-c4ce-5221-95d9-3b4bf2856f3c;1.3186;1918.56;USD
c0e5c82c-6a5b-56df-a993-255ea0d43a64;9c48f333-b320-53a6-bd5d-e490044be5aa;MATCHED;E;402468a6-014d-5a13-a454-bbd300a38b78;WFS-LAX-154054;;FT-LAX-20260925-0022;N2151J;N2151J;B61024;13118.00;LTR;899845.05;912963.05;13118.00;0.7931;KGL;MEA;22.30;GR;10403.89;COA-LAX-20260925-1;2026-09-26T04:48:25Z;WFS-DN-154054;Verified;fuel.ops@airline.com;2026-09-26T07:06:25Z;HD-LAX-13;MTR-HD-LAX-13;ELECTRONIC;2026-09-26T05:06:25Z;SEED_B6_ADSB;2026-09-26T05:06:25Z;SEED_B6_ADSB;56ddfc43-71be-58de-b948-e975c9975f2b;1.3029;17091.44;USD
7c3ac2cf-819d-53a0-aa7b-ebc29f4e1446;d1072581-7399-590b-826c-1eb8ae1e0fa5;MATCHED;E;7bd0ed19-cc0e-51f7-9ed0-7b6dca44881d;CGA-LAX-552103;;FT-LAX-20260925-0023;N988JT;N988JT;B61400;15680.00;LTR;815014.83;830694.83;15680.00;0.7957;KGL;MEA;19.00;GR;12476.58;COA-LAX-20260925-1;2026-09-26T04:49:12Z;CGA-DN-552103;Verified;fuel.ops@airline.com;2026-09-26T07:10:12Z;HD-LAX-07;MTR-HD-LAX-07;ELECTRONIC;2026-09-26T05:10:12Z;SEED_B6_ADSB;2026-09-26T05:10:12Z;SEED_B6_ADSB;7a217be0-1c83-54de-87db-80c03c0f5f0b;1.3080;20509.44;USD
3c479dca-a994-5672-823c-1a849aa332ce;01ea3ad4-5b45-5142-9bf7-8596e51b17a4;MATCHED;M;781af0f1-0be6-5067-94e4-62db6e705c19;CGA-ONT-591178;;FT-ONT-20260925-0001;N3189J;N3189J;B6454;13718.00;LTR;141405.72;155123.72;13718.00;0.8050;KGL;MEA;23.40;GR;11042.99;COA-ONT-20260925-3;2026-09-26T05:08:16Z;CGA-DN-591178;Verified;fuel.ops@airline.com;2026-09-26T07:35:16Z;RF-ONT-04;MTR-RF-ONT-04;MANUAL;2026-09-26T05:35:16Z;SEED_B6_ADSB;2026-09-26T05:35:16Z;SEED_B6_ADSB;253fa566-e516-5f96-a029-26f1e5855a72;1.3433;18427.39;USD
3f6dc87c-a4f2-546d-9c55-1c95ea4c3d08;0e5399c9-2706-5576-a571-0710fbcfba75;MATCHED;E;8acef302-cec9-5e29-a53e-715a71ccbd0a;CGA-LAS-427523;;FT-LAS-20260925-0012;N945JT;N945JT;B6948;16886.00;LTR;499001.35;515887.35;16886.00;0.7944;KGL;MEA;20.10;GR;13414.24;COA-LAS-20260925-2;2026-09-26T04:53:47Z;CGA-DN-427523;Verified;fuel.ops@airline.com;2026-09-26T07:17:47Z;HD-LAS-15;MTR-HD-LAS-15;ELECTRONIC;2026-09-26T05:17:47Z;SEED_B6_ADSB;2026-09-26T05:17:47Z;SEED_B6_ADSB;1b288237-6401-5d12-a0f1-bb5e0a15417d;1.3082;22090.27;USD
a44e2dc2-12f2-572f-a349-1b0358c67a40;5f8fae14-291d-5e0e-af00-2b3dfe6e9de0;MATCHED;M;0bde46cc-963e-5712-b0ab-3f7bd7d70cee;CGA-SLC-512657;;FT-SLC-20260925-0003;N3215J;N3215J;B6372;8568.00;LTR;138610.21;147178.21;8568.00;0.8028;KGL;MEA;19.00;GR;6878.39;COA-SLC-20260925-1;2026-09-26T05:09:51Z;CGA-DN-512657;Verified;fuel.ops@airline.com;2026-09-26T07:27:51Z;RF-SLC-24;MTR-RF-SLC-24;MANUAL;2026-09-26T05:27:51Z;SEED_B6_ADSB;2026-09-26T05:27:51Z;SEED_B6_ADSB;751e88ef-7e56-5954-b595-4edc61ffb64a;1.2859;11017.59;USD
4ed60164-4aa0-5d05-812f-1f9ce4d25cdc;0482d607-9b29-5b53-98d4-877a394aa948;MATCHED;E;ec801702-0fd3-52f0-b2eb-6f0a5cf3e04b;CGA-SFO-275665;;FT-SFO-20260925-0012;N935JB;N935JB;B6278;17847.00;LTR;444161.71;462008.71;17847.00;0.8037;KGL;MEA;18.50;GR;14343.63;COA-SFO-20260925-1;2026-09-26T05:29:01Z;CGA-DN-275665;Verified;fuel.ops@airline.com;2026-09-26T07:52:01Z;HD-SFO-11;MTR-HD-SFO-11;ELECTRONIC;2026-09-26T05:52:01Z;SEED_B6_ADSB;2026-09-26T05:52:01Z;SEED_B6_ADSB;538d162f-962d-50cf-96c9-61f3666e3b4a;1.3267;23677.61;USD
66a53862-8026-5274-bb89-870eff9396a6;82e8acbf-abb4-562e-808e-a3eaf63b17e7;MATCHED;M;8884ed0f-782a-5d23-bce0-1dd8840308ee;WFC-YVR-133593;;FT-YVR-20260925-0001;N967JT;N967JT;B6604;19364.00;LTR;499099.07;518463.07;19364.00;0.8022;KGL;MEA;13.90;GR;15533.8;COA-YVR-20260925-1;2026-09-26T05:52:08Z;WFC-DN-133593;Verified;fuel.ops@airline.com;2026-09-26T08:28:08Z;RF-YVR-22;MTR-RF-YVR-22;MANUAL;2026-09-26T06:28:08Z;SEED_B6_ADSB;2026-09-26T06:28:08Z;SEED_B6_ADSB;4f0d067c-9377-5a07-a450-4448d832833a;1.3603;26340.85;USD
0cb2a692-b2bf-5508-ba1d-f6ce8789ae96;2d781268-d179-55c9-8609-2774bf56347b;MATCHED;M;9c1cc822-60d3-57c0-9e5c-6b7e96b23e06;CGA-SMF-257450;;FT-SMF-20260925-0001;N999JQ;N999JQ;B6162;18474.00;LTR;588404.25;606878.25;18474.00;0.7950;KGL;MEA;19.20;GR;14686.83;COA-SMF-20260925-3;2026-09-26T05:54:04Z;CGA-DN-257450;Verified;fuel.ops@airline.com;2026-09-26T08:28:04Z;RF-SMF-01;MTR-RF-SMF-01;MANUAL;2026-09-26T06:28:04Z;SEED_B6_ADSB;2026-09-26T06:28:04Z;SEED_B6_ADSB;cad6d97b-db08-593c-89e0-c44f54c78817;1.3647;25211.47;USD
af8258f9-e39f-5193-ace4-6fbbefd64e26;ef688a88-430e-57c9-a11f-7778c78ed881;MATCHED;E;a4cf7221-5195-5599-8255-dfea739e42c5;CGA-LAS-427526;;FT-LAS-20260925-0013;N986JB;N986JB;B6178;16817.00;LTR;307776.88;324593.88;16817.00;0.7937;KGL;MEA;21.00;GR;13347.65;COA-LAS-20260925-2;2026-09-26T06:03:54Z;CGA-DN-427526;Verified;fuel.ops@airline.com;2026-09-26T08:25:54Z;HD-LAS-20;MTR-HD-LAS-20;ELECTRONIC;2026-09-26T06:25:54Z;SEED_B6_ADSB;2026-09-26T06:25:54Z;SEED_B6_ADSB;5ac75bec-c297-5d4f-92e9-397ec16c6a51;1.3082;22000;USD
1948c319-6add-526b-b66c-43c740a4fa6b;28a5a3c6-eba3-53e3-b6ff-b8c38c0eb577;MATCHED;E;bba536ee-4bfb-577b-933f-45f8f38f3094;WFS-LAX-154056;;FT-LAX-20260925-0024;N968JT;N968JT;B61224;18664.00;LTR;226138.34;244802.34;18664.00;0.7954;KGL;MEA;19.40;GR;14845.35;COA-LAX-20260925-1;2026-09-26T06:07:07Z;WFS-DN-154056;Verified;fuel.ops@airline.com;2026-09-26T08:31:07Z;HD-LAX-12;MTR-HD-LAX-12;ELECTRONIC;2026-09-26T06:31:07Z;SEED_B6_ADSB;2026-09-26T06:31:07Z;SEED_B6_ADSB;b9a1fc57-63e4-5e6c-9ab5-77b805138509;1.3029;24317.33;USD
595a8e61-a76d-5c18-96d8-278214959093;2660ef73-ada4-5084-89e9-a05003928904;MATCHED;E;aef70da3-f101-5ddc-9e41-9ff858276920;BPK-LHR-315508;;FT-LHR-20260926-0001;N4058J;N4058J;B62220;18345.00;LTR;747708.19;766053.19;18345.00;0.8131;KGL;MEA;10.60;GR;14916.32;COA-LHR-20260926-1;2026-09-26T06:13:44Z;BPK-DN-315508;Verified;fuel.ops@airline.com;2026-09-26T08:37:44Z;HD-LHR-07;MTR-HD-LHR-07;ELECTRONIC;2026-09-26T06:37:44Z;SEED_B6_ADSB;2026-09-26T06:37:44Z;SEED_B6_ADSB;9729948c-cdda-5651-9c92-d6d26980f2c3;1.2938;23734.76;USD
526f4a1b-fd1f-5f1a-be28-a76f225c7d7e;9bb0233e-de16-597f-a9a5-b7e20eadebf8;MATCHED;E;82e1d55b-734c-5fe4-9c5b-2cb19a2f1c1a;CGA-SEA-788547;;FT-SEA-20260925-0002;N949JT;N949JT;B6398;17272.00;LTR;473127.74;490399.74;17272.00;0.8124;KGL;MEA;13.30;GR;14031.77;COA-SEA-20260925-2;2026-09-26T06:33:49Z;CGA-DN-788547;Verified;fuel.ops@airline.com;2026-09-26T08:56:49Z;HD-SEA-15;MTR-HD-SEA-15;ELECTRONIC;2026-09-26T06:56:49Z;SEED_B6_ADSB;2026-09-26T06:56:49Z;SEED_B6_ADSB;e36011e6-2863-5342-a11f-58c73c03f733;1.3238;22864.67;USD
cfc5e7d8-59a5-548b-b227-490e982c6218;9c6a10ba-65dd-5ca7-bf45-cc7381880cff;MATCHED;E;afbee735-8ff1-5f51-9279-a9576ead2c95;BPK-LHR-315511;;FT-LHR-20260926-0002;N4073J;N4073J;B61621;19653.00;LTR;299870.90;319523.90;19653.00;0.8123;KGL;MEA;11.60;GR;15964.13;COA-LHR-20260926-1;2026-09-26T06:41:04Z;BPK-DN-315511;Verified;fuel.ops@airline.com;2026-09-26T09:06:04Z;HD-LHR-16;MTR-HD-LHR-16;ELECTRONIC;2026-09-26T07:06:04Z;SEED_B6_ADSB;2026-09-26T07:06:04Z;SEED_B6_ADSB;30d1090d-c1c8-5d04-8ce7-095d806541f3;1.2938;25427.05;USD
333ace8b-5030-5508-8995-f007f6c2e873;e1d03bbb-aed9-5e11-9544-cf327ed71681;MATCHED;E;9cb95495-ae30-5d2a-8c66-1b6be7217361;CGA-SFO-275666;;FT-SFO-20260926-0001;N984JB;N984JB;B62916;17405.00;LTR;638078.08;655483.08;17405.00;0.7984;KGL;MEA;16.60;GR;13896.15;COA-SFO-20260926-2;2026-09-26T07:16:17Z;CGA-DN-275666;Verified;fuel.ops@airline.com;2026-09-26T09:39:17Z;HD-SFO-20;MTR-HD-SFO-20;ELECTRONIC;2026-09-26T07:39:17Z;SEED_B6_ADSB;2026-09-26T07:39:17Z;SEED_B6_ADSB;50de18ad-bfa1-5007-88b1-40c8cdca6140;1.3346;23228.71;USD
28e4e8cd-185f-53c0-9d07-331beaa4cf4d;04a1b726-e0ca-58f7-b3be-6516c503eb90;MATCHED;E;23482547-0347-5c63-8df9-4e8ef2939730;ENI-MXP-485371;;FT-MXP-20260926-0001;N4064J;N4064J;B6332;22169.00;LTR;101619.85;123788.85;22169.00;0.8116;KGL;MEA;12.80;GR;17992.36;COA-MXP-20260926-1;2026-09-26T07:59:43Z;ENI-DN-485371;Verified;fuel.ops@airline.com;2026-09-26T10:39:43Z;RF-MXP-21;MTR-RF-MXP-21;ELECTRONIC;2026-09-26T08:39:43Z;SEED_B6_ADSB;2026-09-26T08:39:43Z;SEED_B6_ADSB;2cf128da-4ca9-5f19-8620-5ae72ae3f617;1.2959;28728.81;USD
2eff7277-1f4a-5b3e-bb1e-f68adf5af430;bf909e41-2f4c-5b4e-95e4-03e1f7bf25f8;MATCHED;E;163e16f5-2aa8-52dc-b616-6f597ec3b601;WFS-BOS-479087;;FT-BOS-20260926-0001;N3221J;N3221J;B6717;2626.00;LTR;530617.77;533243.77;2626.00;0.8072;KGL;MEA;19.30;GR;2119.71;COA-BOS-20260926-2;2026-09-26T08:27:54Z;WFS-DN-479087;Verified;fuel.ops@airline.com;2026-09-26T10:33:54Z;HD-BOS-19;MTR-HD-BOS-19;ELECTRONIC;2026-09-26T08:33:54Z;SEED_B6_ADSB;2026-09-26T08:33:54Z;SEED_B6_ADSB;d07e9dcb-4bfa-5439-8c16-7059c44842a2;1.3279;3487.07;USD
b17cda09-dc0d-556c-a10b-e6044de3e87b;22a8c5c7-0912-5407-b1fd-0af7d335bb05;MATCHED;E;da74b9ef-2501-5f85-81bb-81873bce1d0a;ATI-CDG-343446;;FT-CDG-20260926-0001;N4076J;N4076J;B634;20755.00;LTR;103959.12;124714.12;20755.00;0.8119;KGL;MEA;14.90;GR;16850.98;COA-CDG-20260926-2;2026-09-26T08:27:00Z;ATI-DN-343446;Verified;fuel.ops@airline.com;2026-09-26T10:54:00Z;HD-CDG-08;MTR-HD-CDG-08;ELECTRONIC;2026-09-26T08:54:00Z;SEED_B6_ADSB;2026-09-26T08:54:00Z;SEED_B6_ADSB;ad247031-d113-59b0-92f3-5ac36482c617;1.2815;26597.53;USD
bfa75623-486b-5473-a7fa-e688de7ff353;4cb49584-e085-5e77-8b27-03707dfa2596;MATCHED;E;3685328f-7634-5986-9ab7-8539e48cfaf4;SNL-AMS-485593;;FT-AMS-20260926-0001;N4080J;N4080J;B632;21820.00;LTR;413742.07;435562.07;21820.00;0.8130;KGL;MEA;11.90;GR;17739.66;COA-AMS-20260926-3;2026-09-26T08:25:28Z;SNL-DN-485593;Verified;fuel.ops@airline.com;2026-09-26T10:53:28Z;HD-AMS-10;MTR-HD-AMS-10;ELECTRONIC;2026-09-26T08:53:28Z;SEED_B6_ADSB;2026-09-26T08:53:28Z;SEED_B6_ADSB;4cc968cf-68cc-579f-98f3-1a2c6d23fdbd;1.2961;28280.9;USD
068b6c28-99d3-559a-8e78-b1a8846fce68;5c773a02-ad08-5728-ae31-85423e1d14a6;MATCHED;M;cd5b64d7-c883-5307-91b1-e9b788c55fb6;WFS-SYR-619689;;FT-SYR-20260926-0001;N3291J;N3291J;B61515;2748.00;LTR;391609.89;394357.89;2748.00;0.8066;KGL;MEA;17.50;GR;2216.54;COA-SYR-20260926-2;2026-09-26T08:53:18Z;WFS-DN-619689;Verified;fuel.ops@airline.com;2026-09-26T11:01:18Z;RF-SYR-11;MTR-RF-SYR-11;MANUAL;2026-09-26T09:01:18Z;SEED_B6_ADSB;2026-09-26T09:01:18Z;SEED_B6_ADSB;6b2f54fb-902d-53f5-bfd9-9b9b75bcbe22;1.3710;3767.51;USD
5de9b588-e0f0-5972-9734-a7b9737c24ab;f12738bf-dc94-5984-90c8-e088ce9879b9;MATCHED;E;0b69a015-efdd-56b0-b44e-f4c8f700aeee;BPK-DUB-467015;;FT-DUB-20260926-0001;N2169J;N2169J;B6354;18775.00;LTR;112136.71;130911.71;18775.00;0.8068;KGL;MEA;13.70;GR;15147.67;COA-DUB-20260926-2;2026-09-26T09:03:22Z;BPK-DN-467015;Verified;fuel.ops@airline.com;2026-09-26T11:38:22Z;RF-DUB-18;MTR-RF-DUB-18;ELECTRONIC;2026-09-26T09:38:22Z;SEED_B6_ADSB;2026-09-26T09:38:22Z;SEED_B6_ADSB;bf69490c-d49e-586d-a442-8e68b0483d95;1.3062;24523.9;USD
994b2ad0-0049-52e5-9784-e6466a8194a4;cbca76d7-c1d3-58f6-980e-0dad23d7d7d0;MATCHED;M;83cbec8a-d87a-59ab-abc7-dc47e16c260e;WFS-BUF-723702;;FT-BUF-20260926-0001;N3308J;N3308J;B62001;2155.00;LTR;653463.96;655618.96;2155.00;0.8031;KGL;MEA;17.30;GR;1730.68;COA-BUF-20260926-3;2026-09-26T09:12:26Z;WFS-DN-723702;Verified;fuel.ops@airline.com;2026-09-26T11:19:26Z;RF-BUF-21;MTR-RF-BUF-21;MANUAL;2026-09-26T09:19:26Z;SEED_B6_ADSB;2026-09-26T09:19:26Z;SEED_B6_ADSB;8e199346-89b4-5c6d-9b31-b879a3937798;1.3425;2893.09;USD
a0c6475f-08e5-5442-9870-d9ef667d6d7f;9146ec0d-4edb-54d8-8995-c37278c00cd2;MATCHED;M;3ddd3198-6212-548f-8a81-a5e676fb0ea0;BPA-CLE-201347;;FT-CLE-20260926-0001;N3115J;N3115J;B62769;2830.00;LTR;348800.05;351630.05;2830.00;0.7965;KGL;MEA;20.20;GR;2254.09;COA-CLE-20260926-3;2026-09-26T09:08:00Z;BPA-DN-201347;Verified;fuel.ops@airline.com;2026-09-26T11:16:00Z;RF-CLE-06;MTR-RF-CLE-06;MANUAL;2026-09-26T09:16:00Z;SEED_B6_ADSB;2026-09-26T09:16:00Z;SEED_B6_ADSB;5070bdb4-2a6b-59bb-9575-ea7f0d9daf06;1.3191;3733.05;USD
ef2a2b8f-e3a4-5a4f-9dc2-715796629b6f;3ea4ae80-811b-56d4-a93d-548e4cea3e7d;MATCHED;E;76300e25-9c44-5e5f-a426-a1b40b664a70;PMA-SJU-755496;;FT-SJU-20260926-0001;N760JB;N760JB;B6234;13582.00;LTR;751873.59;765455.59;13582.00;0.8013;KGL;MEA;26.00;GR;10883.26;COA-SJU-20260926-3;2026-09-26T08:59:16Z;PMA-DN-755496;Verified;fuel.ops@airline.com;2026-09-26T11:18:16Z;HD-SJU-21;MTR-HD-SJU-21;ELECTRONIC;2026-09-26T09:18:16Z;SEED_B6_ADSB;2026-09-26T09:18:16Z;SEED_B6_ADSB;25ddc8e2-51b6-5a4a-b099-fef833020e5f;1.3117;17815.51;USD
ce53dd76-3272-5970-a261-65a334848919;eef4fb6c-e7ff-5ddf-81d1-ab6e709d0168;MATCHED;E;80d7c253-d726-5808-acf9-656ad5e60a25;PMA-SJU-755499;;FT-SJU-20260926-0002;N793JB;N793JB;B6562;11810.00;LTR;398483.77;410293.77;11810.00;0.8015;KGL;MEA;25.70;GR;9465.72;COA-SJU-20260926-3;2026-09-26T09:11:43Z;PMA-DN-755499;Verified;fuel.ops@airline.com;2026-09-26T11:28:43Z;HD-SJU-04;MTR-HD-SJU-04;ELECTRONIC;2026-09-26T09:28:43Z;SEED_B6_ADSB;2026-09-26T09:28:43Z;SEED_B6_ADSB;8d468c72-bf84-5af6-8cc5-75c03747a0c3;1.3117;15491.18;USD
15114946-d21d-542f-a231-33329b7e1f35;47ce0253-ecec-50e5-ada9-5717b46cad12;MATCHED;M;ff7646d7-befc-5b25-a6d0-bee9150e9405;BPA-PIT-505331;;FT-PIT-20260926-0001;N3185J;N3185J;B61198;3249.00;LTR;785260.89;788509.89;3249.00;0.8054;KGL;MEA;15.80;GR;2616.74;COA-PIT-20260926-1;2026-09-26T09:02:16Z;BPA-DN-505331;Verified;fuel.ops@airline.com;2026-09-26T11:11:16Z;RF-PIT-19;MTR-RF-PIT-19;MANUAL;2026-09-26T09:11:16Z;SEED_B6_ADSB;2026-09-26T09:11:16Z;SEED_B6_ADSB;e3b4e212-ac97-526e-8a85-bd18499e1d43;1.3572;4409.54;USD
5de2ce4e-ac7c-55aa-a701-fb1daa3b005e;a499fa72-d13f-54a6-ac9f-af0ae7fafd78;MATCHED;M;73406910-251d-5538-80d5-d9178b0d0235;BPA-DTW-753889;;FT-DTW-20260926-0001;N766JB;N766JB;B61419;3919.00;LTR;122680.38;126599.38;3919.00;0.8068;KGL;MEA;15.10;GR;3161.85;COA-DTW-20260926-2;2026-09-26T09:17:36Z;BPA-DN-753889;Verified;fuel.ops@airline.com;2026-09-26T11:27:36Z;RF-DTW-22;MTR-RF-DTW-22;MANUAL;2026-09-26T09:27:36Z;SEED_B6_ADSB;2026-09-26T09:27:36Z;SEED_B6_ADSB;a815fb63-f44a-5554-b529-ece59c56bff8;1.3183;5166.42;USD
cc1fa4dd-0ddb-5bbe-8e19-9260a38d7e45;458ae19b-20ef-5088-a56c-af7fecdb99a5;MATCHED;E;acab29da-b263-523a-8729-5d7535f4be09;SHL-FLL-485263;;FT-FLL-20260926-0001;N536JB;N536JB;B6302;8576.00;LTR;851491.60;860067.60;8576.00;0.8031;KGL;MEA;24.60;GR;6887.39;COA-FLL-20260926-1;2026-09-26T09:19:41Z;SHL-DN-485263;Verified;fuel.ops@airline.com;2026-09-26T11:32:41Z;HD-FLL-24;MTR-HD-FLL-24;ELECTRONIC;2026-09-26T09:32:41Z;SEED_B6_ADSB;2026-09-26T09:32:41Z;SEED_B6_ADSB;2108016e-c72f-5179-9d2f-d6e12710a013;1.2465;10689.98;USD
027f9d43-3180-50d4-8fae-f3222cd8993c;c3f73f84-6817-5f8e-a42b-0d455e3dbc87;MATCHED;E;775a18cf-f765-509b-bd43-10f5892e5ff6;SHL-FLL-485266;;FT-FLL-20260926-0002;N603JB;N603JB;B6690;9823.00;LTR;193100.68;202923.68;9823.00;0.8044;KGL;MEA;23.00;GR;7901.62;COA-FLL-20260926-1;2026-09-26T09:14:55Z;SHL-DN-485266;Verified;fuel.ops@airline.com;2026-09-26T11:29:55Z;HD-FLL-07;MTR-HD-FLL-07;ELECTRONIC;2026-09-26T09:29:55Z;SEED_B6_ADSB;2026-09-26T09:29:55Z;SEED_B6_ADSB;23a2e6c9-3d1f-5f83-b8fe-cde9e62771ba;1.2465;12244.37;USD
a17065cd-f4c1-5797-bc37-b84f7a8ac381;46cf9608-1726-5ad9-8e2b-33d3cc556165;MATCHED;E;e9272aff-3381-5cf8-b63f-067032c5b70b;BPA-DCA-429197;;FT-DCA-20260926-0001;N559JB;N559JB;B6379;5516.00;LTR;555769.91;561285.91;5516.00;0.8022;KGL;MEA;18.20;GR;4424.94;COA-DCA-20260926-1;2026-09-26T09:04:05Z;BPA-DN-429197;Verified;fuel.ops@airline.com;2026-09-26T11:14:05Z;HD-DCA-04;MTR-HD-DCA-04;ELECTRONIC;2026-09-26T09:14:05Z;SEED_B6_ADSB;2026-09-26T09:14:05Z;SEED_B6_ADSB;40eb1e52-1e13-56e6-bc6f-63112aa677b9;1.3236;7300.98;USD
7f80ea50-eaa7-530b-80fa-654e1c5010a3;812fc75e-b057-5f3d-9932-45eb3c28e430;MATCHED;M;d71ebded-ac49-549b-8d52-98defb9447b0;WFS-RDU-697047;;FT-RDU-20260926-0001;N3132J;N3132J;B61484;4161.00;LTR;540817.21;544978.21;4161.00;0.8082;KGL;MEA;19.20;GR;3362.92;COA-RDU-20260926-2;2026-09-26T09:09:44Z;WFS-DN-697047;Verified;fuel.ops@airline.com;2026-09-26T11:20:44Z;RF-RDU-01;MTR-RF-RDU-01;MANUAL;2026-09-26T09:20:44Z;SEED_B6_ADSB;2026-09-26T09:20:44Z;SEED_B6_ADSB;5ea306bd-f1f3-5198-b119-51baebaeb516;1.2898;5366.86;USD
e4dff2e8-1e24-5990-8a36-c6fae16a8e50;ecdb0638-f11a-5707-a38a-644e075df1c1;MATCHED;E;dbdaa259-28b0-52c9-80a9-f12de51b4e2a;WFS-EWR-719354;;FT-EWR-20260926-0001;N547JB;N547JB;B6927;6955.00;LTR;598487.80;605442.80;6955.00;0.8014;KGL;MEA;20.10;GR;5573.74;COA-EWR-20260926-3;2026-09-26T09:11:19Z;WFS-DN-719354;Verified;fuel.ops@airline.com;2026-09-26T11:22:19Z;HD-EWR-12;MTR-HD-EWR-12;ELECTRONIC;2026-09-26T09:22:19Z;SEED_B6_ADSB;2026-09-26T09:22:19Z;SEED_B6_ADSB;f80a3dd8-a0b2-5e34-96d9-7a7cf6039874;1.3182;9168.08;USD
28b3bd42-ab96-5bc6-8731-47c5b27f5c62;271bb928-46ff-568f-942d-1d9349cd4e1a;MATCHED;M;4af22473-3375-5deb-be39-c3d6f61e8668;SHL-PBI-381724;;FT-PBI-20260926-0001;N645JB;N645JB;B61368;7788.00;LTR;722942.83;730730.83;7788.00;0.8051;KGL;MEA;23.80;GR;6270.12;COA-PBI-20260926-1;2026-09-26T09:06:20Z;SHL-DN-381724;Verified;fuel.ops@airline.com;2026-09-26T11:22:20Z;RF-PBI-18;MTR-RF-PBI-18;MANUAL;2026-09-26T09:22:20Z;SEED_B6_ADSB;2026-09-26T09:22:20Z;SEED_B6_ADSB;e851d2f5-2a6a-5355-9062-c1418c295964;1.2819;9983.44;USD
ec943b7a-9ae9-5398-a74d-7bfd2d2618e5;e6b4faca-ac3c-5ecb-a0b1-b79df2529bd9;MATCHED;E;18d427ea-7a1f-58c3-8aa6-d0d050123741;BPA-MCO-339293;;FT-MCO-20260926-0001;N2017J;N2017J;B6884;6163.00;LTR;240525.70;246688.70;6163.00;0.8014;KGL;MEA;23.00;GR;4939.03;COA-MCO-20260926-1;2026-09-26T09:04:44Z;BPA-DN-339293;Verified;fuel.ops@airline.com;2026-09-26T11:14:44Z;HD-MCO-10;MTR-HD-MCO-10;ELECTRONIC;2026-09-26T09:14:44Z;SEED_B6_ADSB;2026-09-26T09:14:44Z;SEED_B6_ADSB;efb22aaf-5511-5806-bab2-615c6a858452;1.2561;7741.34;USD
3d519738-61c9-5746-8d70-3e73ff2b4d1d;a1b37a4d-5951-563a-9808-008fcc0d2a22;MATCHED;M;44f670e7-116c-5c20-992c-d285119688da;BPA-RIC-112615;;FT-RIC-20260926-0001;N3077J;N3077J;B6382;3157.00;LTR;772474.59;775631.59;3157.00;0.8041;KGL;MEA;16.80;GR;2538.54;COA-RIC-20260926-1;2026-09-26T09:17:57Z;BPA-DN-112615;Verified;fuel.ops@airline.com;2026-09-26T11:26:57Z;RF-RIC-01;MTR-RF-RIC-01;MANUAL;2026-09-26T09:26:57Z;SEED_B6_ADSB;2026-09-26T09:26:57Z;SEED_B6_ADSB;02ae4fa8-8283-5b13-986f-ddc654a1519d;1.3810;4359.82;USD
02a7fa2d-b91c-5da2-b36a-a7ebc492db3c;dab6fe65-bcd6-5f42-bcc4-e2677af5dd17;MATCHED;M;4224a1d3-5116-5df4-8f6b-6abe16d81704;WFS-PWM-108830;;FT-PWM-20260926-0001;N638JB;N638JB;B6307;3608.00;LTR;689578.16;693186.16;3608.00;0.8011;KGL;MEA;15.00;GR;2890.37;COA-PWM-20260926-1;2026-09-26T09:17:02Z;WFS-DN-108830;Verified;fuel.ops@airline.com;2026-09-26T11:26:02Z;RF-PWM-02;MTR-RF-PWM-02;MANUAL;2026-09-26T09:26:02Z;SEED_B6_ADSB;2026-09-26T09:26:02Z;SEED_B6_ADSB;efba0cf9-db6d-5fec-a63a-722958510e93;1.3481;4863.94;USD
d0bac3ae-76ea-5ece-810c-6d7a1b885ec5;ed1fda9b-6efa-5182-bef9-6ef01107f028;MATCHED;E;12d9fd71-8738-5c75-8af5-7c14944d1b7b;SHL-BOS-696964;;FT-BOS-20260926-0002;N977JE;N977JE;B6287;21900.00;LTR;480140.12;502040.12;21900.00;0.8067;KGL;MEA;20.00;GR;17666.73;COA-BOS-20260926-2;2026-09-26T09:09:05Z;SHL-DN-696964;Verified;fuel.ops@airline.com;2026-09-26T11:37:05Z;HD-BOS-04;MTR-HD-BOS-04;ELECTRONIC;2026-09-26T09:37:05Z;SEED_B6_ADSB;2026-09-26T09:37:05Z;SEED_B6_ADSB;3f2f0f1f-423e-5086-be19-695a2865b025;1.3245;29006.55;USD
bc68c81f-697d-5c78-a532-b2e3fd2ef011;3856757d-14dd-581d-a983-e607f4ff4cec;MATCHED;E;05993668-0da5-5c4f-ba83-8b597d4c094c;BPA-PHL-493077;;FT-PHL-20260926-0001;N3152J;N3152J;B6160;2587.00;LTR;898886.40;901473.40;2587.00;0.8098;KGL;MEA;17.80;GR;2094.95;COA-PHL-20260926-1;2026-09-26T09:21:18Z;BPA-DN-493077;Verified;fuel.ops@airline.com;2026-09-26T11:27:18Z;HD-PHL-23;MTR-HD-PHL-23;ELECTRONIC;2026-09-26T09:27:18Z;SEED_B6_ADSB;2026-09-26T09:27:18Z;SEED_B6_ADSB;fdc8f94d-9d38-5858-b5a4-96dc1e0cf1bb;1.3355;3454.94;USD
c3c7dfb3-56bb-56a2-9525-eee36f63d623;48b4f089-55f2-5c7b-837b-23548dc544dc;MATCHED;E;d97cc8f3-ba28-5d38-a918-beb76b61d803;SHL-JFK-512769;;FT-JFK-20260926-0004;N944JT;N944JT;B615;21074.00;LTR;553168.69;574242.69;21074.00;0.7983;KGL;MEA;18.70;GR;16823.37;COA-JFK-20260926-3;2026-09-26T09:03:25Z;SHL-DN-512769;Verified;fuel.ops@airline.com;2026-09-26T11:30:25Z;HD-JFK-12;MTR-HD-JFK-12;ELECTRONIC;2026-09-26T09:30:25Z;SEED_B6_ADSB;2026-09-26T09:30:25Z;SEED_B6_ADSB;0a740839-3456-58f0-b691-0f6a0d50a9ca;1.3238;27897.76;USD
be8a947b-dc6d-5eac-8ed4-e82a16bfc0de;22a70f63-ba57-5df6-8c73-d3968ebcc9f3;MATCHED;E;d31a6a95-5153-531f-918d-9d5fb9cd1ace;WFS-ATL-755207;;FT-ATL-20260926-0001;N3162J;N3162J;B61896;5904.00;LTR;599589.70;605493.70;5904.00;0.7972;KGL;MEA;18.10;GR;4706.67;COA-ATL-20260926-3;2026-09-26T09:20:41Z;WFS-DN-755207;Verified;fuel.ops@airline.com;2026-09-26T11:30:41Z;HD-ATL-23;MTR-HD-ATL-23;ELECTRONIC;2026-09-26T09:30:41Z;SEED_B6_ADSB;2026-09-26T09:30:41Z;SEED_B6_ADSB;c7b7b81b-6018-536f-8ac5-539778295ef4;1.2259;7237.71;USD
0f7cffe9-9dd4-55ab-be0f-53e9d40f3e2c;ae2612c7-0838-5182-b181-129054f5bb08;MATCHED;E;d72b13bb-6945-589d-9ae5-d870c540ebac;WFS-LGA-756548;;FT-LGA-20260926-0001;N637JB;N637JB;B61471;7598.00;LTR;735168.87;742766.87;7598.00;0.8025;KGL;MEA;19.90;GR;6097.39;COA-LGA-20260926-2;2026-09-26T09:11:04Z;WFS-DN-756548;Verified;fuel.ops@airline.com;2026-09-26T11:23:04Z;HD-LGA-10;MTR-HD-LGA-10;ELECTRONIC;2026-09-26T09:23:04Z;SEED_B6_ADSB;2026-09-26T09:23:04Z;SEED_B6_ADSB;5d31568a-dafe-536d-b8e2-27ea6323652e;1.3203;10031.64;USD
2b0adbc1-59e6-5ad8-b242-e03b77b5d549;8b071ac3-b669-518a-b731-8f0112de7e42;MATCHED;E;1c8f4ed0-0d80-532c-aa4d-008f5df5596f;SHL-FLL-485267;;FT-FLL-20260926-0003;N640JB;N640JB;B6172;7253.00;LTR;454192.41;461445.41;7253.00;0.8049;KGL;MEA;22.30;GR;5837.94;COA-FLL-20260926-1;2026-09-26T09:16:08Z;SHL-DN-485267;Verified;fuel.ops@airline.com;2026-09-26T11:27:08Z;HD-FLL-17;MTR-HD-FLL-17;ELECTRONIC;2026-09-26T09:27:08Z;SEED_B6_ADSB;2026-09-26T09:27:08Z;SEED_B6_ADSB;17d62202-c716-507c-ad5b-bee926e24c26;1.2465;9040.86;USD
0f2be56f-629d-5105-8c06-09f6f36e29bd;74d29000-fd4a-5198-8ad5-9ddf16718f2a;MATCHED;E;2fced13c-1a37-54c0-b5eb-32a9c2c01507;WFS-BOS-479089;;FT-BOS-20260926-0003;N3310J;N3310J;B6165;7895.00;LTR;480140.12;488035.12;7895.00;0.8108;KGL;MEA;14.90;GR;6401.27;COA-BOS-20260926-2;2026-09-26T09:15:22Z;WFS-DN-479089;Verified;fuel.ops@airline.com;2026-09-26T11:27:22Z;HD-BOS-04;MTR-HD-BOS-04;ELECTRONIC;2026-09-26T09:27:22Z;SEED_B6_ADSB;2026-09-26T09:27:22Z;SEED_B6_ADSB;b61665c8-32b8-55fe-9386-37cd8e31560b;1.3279;10483.77;USD
800ec6fb-6110-55bd-8f20-11df3573fade;1ea62e06-3ada-5fad-9c81-2677b68f75be;MATCHED;E;3e31072c-ad95-578d-a512-7e33807c6f29;WFS-JFK-403990;;FT-JFK-20260926-0005;N947JB;N947JB;B6189;18752.00;LTR;183308.87;202060.87;18752.00;0.8006;KGL;MEA;15.80;GR;15012.85;COA-JFK-20260926-3;2026-09-26T09:30:02Z;WFS-DN-403990;Verified;fuel.ops@airline.com;2026-09-26T11:54:02Z;HD-JFK-22;MTR-HD-JFK-22;ELECTRONIC;2026-09-26T09:54:02Z;SEED_B6_ADSB;2026-09-26T09:54:02Z;SEED_B6_ADSB;b881b39c-704c-5912-98a2-3ec8bf72c6e1;1.3151;24660.76;USD
9ca711fa-71a5-59c1-bc65-a957275faf00;c3e16f18-6b27-5f77-a367-32a185bc5174;MATCHED;M;a8c7fe9a-cb1e-5ecd-b39d-f58177d3f847;WFS-HPN-788060;;FT-HPN-20260926-0001;N729JB;N729JB;B61447;6805.00;LTR;566112.11;572917.11;6805.00;0.8037;KGL;MEA;14.70;GR;5469.18;COA-HPN-20260926-2;2026-09-26T09:44:23Z;WFS-DN-788060;Verified;fuel.ops@airline.com;2026-09-26T11:59:23Z;RF-HPN-01;MTR-RF-HPN-01;MANUAL;2026-09-26T09:59:23Z;SEED_B6_ADSB;2026-09-26T09:59:23Z;SEED_B6_ADSB;12866add-54c9-5dda-a026-5ac1c293a8ff;1.3718;9335.1;USD
1b9b0bda-04d8-59ca-9601-c3dd32918167;601c0998-b870-5fda-907c-abd823122c8f;MATCHED;E;e6bf05b7-e060-5c38-bde7-06764ef8974a;SHL-BOS-696965;;FT-BOS-20260926-0004;N3157J;N3157J;B6351;10317.00;LTR;325794.75;336111.75;10317.00;0.8077;KGL;MEA;18.80;GR;8333.04;COA-BOS-20260926-2;2026-09-26T09:40:13Z;SHL-DN-696965;Verified;fuel.ops@airline.com;2026-09-26T11:55:13Z;HD-BOS-06;MTR-HD-BOS-06;ELECTRONIC;2026-09-26T09:55:13Z;SEED_B6_ADSB;2026-09-26T09:55:13Z;SEED_B6_ADSB;122e2fdd-8d31-554e-b671-1aaf40a3c96a;1.3245;13664.87;USD
7e0c95e6-3b72-599c-91d9-83b118a50c14;d336a34c-ba08-5647-bed4-fcf565b680a5;MATCHED;E;b19ebd78-d2fd-58f0-a1de-f9e164d1563e;SHL-FLL-485270;;FT-FLL-20260926-0004;N937JB;N937JB;B6577;20213.00;LTR;779566.22;799779.22;20213.00;0.8033;KGL;MEA;24.30;GR;16237.1;COA-FLL-20260926-1;2026-09-26T09:32:18Z;SHL-DN-485270;Verified;fuel.ops@airline.com;2026-09-26T11:58:18Z;HD-FLL-11;MTR-HD-FLL-11;ELECTRONIC;2026-09-26T09:58:18Z;SEED_B6_ADSB;2026-09-26T09:58:18Z;SEED_B6_ADSB;756e4889-d990-5d61-ba44-90125a320573;1.2465;25195.5;USD
938fb3c1-d693-51a4-8669-7aa50ee38f58;9127d4f9-2d6a-503a-8a4d-60fa73dd2d1a;MATCHED;E;3b87970d-6000-5e93-8dcb-36c51bec346e;WFS-BOS-479092;;FT-BOS-20260926-0005;N708JB;N708JB;B6569;8988.00;LTR;530617.77;539605.77;8988.00;0.8085;KGL;MEA;17.80;GR;7266.8;COA-BOS-20260926-2;2026-09-26T09:36:32Z;WFS-DN-479092;Verified;fuel.ops@airline.com;2026-09-26T11:50:32Z;HD-BOS-19;MTR-HD-BOS-19;ELECTRONIC;2026-09-26T09:50:32Z;SEED_B6_ADSB;2026-09-26T09:50:32Z;SEED_B6_ADSB;fae1f229-58ef-5eaf-811b-f005b1aad712;1.3279;11935.17;USD
8b343d22-a391-5fd4-a22b-050d69c78d28;9ca199aa-271d-5156-a472-1e7f755dabb4;MATCHED;M;77344b8e-a787-58ba-bdf4-a303592a54ca;WFS-PVD-219759;;FT-PVD-20260926-0001;N632JB;N632JB;B61197;8273.00;LTR;802819.27;811092.27;8273.00;0.8081;KGL;MEA;18.50;GR;6685.41;COA-PVD-20260926-2;2026-09-26T09:44:05Z;WFS-DN-219759;Verified;fuel.ops@airline.com;2026-09-26T12:01:05Z;RF-PVD-17;MTR-RF-PVD-17;MANUAL;2026-09-26T10:01:05Z;SEED_B6_ADSB;2026-09-26T10:01:05Z;SEED_B6_ADSB;0ecf8e62-16b7-55ed-a6b6-290c785f9510;1.3680;11317.46;USD
fc384782-8dc3-5a95-8ecb-248e040952e1;1568f003-e832-5498-8977-a9d65fb3ba7a;MATCHED;E;2ebd698a-8db5-5b76-bceb-9267a673d743;WFS-BOS-479093;;FT-BOS-20260926-0006;N3307J;N3307J;B61807;7411.00;LTR;325794.75;333205.75;7411.00;0.8068;KGL;MEA;19.80;GR;5979.19;COA-BOS-20260926-2;2026-09-26T09:40:44Z;WFS-DN-479093;Verified;fuel.ops@airline.com;2026-09-26T11:52:44Z;HD-BOS-06;MTR-HD-BOS-06;ELECTRONIC;2026-09-26T09:52:44Z;SEED_B6_ADSB;2026-09-26T09:52:44Z;SEED_B6_ADSB;805552c7-6a32-5fe7-883c-660f9a002371;1.3279;9841.07;USD
13a32917-2768-53f8-889e-ab17c33ac79b;141fe80e-647e-5a72-a330-cba626032370;MATCHED;E;3e8b436e-bb1d-5dac-bbac-2f3bbaea8145;SHL-FLL-485272;;FT-FLL-20260926-0005;N809JB;N809JB;B6753;6370.00;LTR;779566.22;785936.22;6370.00;0.8016;KGL;MEA;26.50;GR;5106.19;COA-FLL-20260926-1;2026-09-26T09:47:37Z;SHL-DN-485272;Verified;fuel.ops@airline.com;2026-09-26T11:58:37Z;HD-FLL-11;MTR-HD-FLL-11;ELECTRONIC;2026-09-26T09:58:37Z;SEED_B6_ADSB;2026-09-26T09:58:37Z;SEED_B6_ADSB;2037fc95-92ac-5667-8565-522fca9d2c23;1.2465;7940.2;USD
d276bb2c-187b-5015-8e00-313b842b21d0;31fef826-0c3a-54ef-b1b3-07ea68f441de;MATCHED;E;8d96e552-8aa7-5e81-8973-c385dd173ac9;BPK-DUB-467017;;FT-DUB-20260926-0002;N2188J;N2188J;B6842;20177.00;LTR;573564.95;593741.95;20177.00;0.8101;KGL;MEA;9.60;GR;16345.39;COA-DUB-20260926-2;2026-09-26T09:45:37Z;BPK-DN-467017;Verified;fuel.ops@airline.com;2026-09-26T12:22:37Z;RF-DUB-09;MTR-RF-DUB-09;ELECTRONIC;2026-09-26T10:22:37Z;SEED_B6_ADSB;2026-09-26T10:22:37Z;SEED_B6_ADSB;3d61716e-7281-5b7c-8656-cb7e66c93868;1.3062;26355.2;USD
7560003a-8c2b-5af9-9332-1820d9a9b5ee;2ee7e533-81d5-5e40-9928-8c746dae92dc;MATCHED;E;9a9aa633-ae1d-5e02-8c2e-03e4fd261889;ATI-CDG-343447;;FT-CDG-20260926-0002;N4077J;N4077J;B61408;24099.00;LTR;453622.75;477721.75;24099.00;0.8145;KGL;MEA;11.70;GR;19628.64;COA-CDG-20260926-2;2026-09-26T09:35:22Z;ATI-DN-343447;Verified;fuel.ops@airline.com;2026-09-26T12:05:22Z;HD-CDG-01;MTR-HD-CDG-01;ELECTRONIC;2026-09-26T10:05:22Z;SEED_B6_ADSB;2026-09-26T10:05:22Z;SEED_B6_ADSB;ffafff1b-8e9d-5195-9471-ec3e0dce03e7;1.2815;30882.87;USD
cd55b1fc-3ed9-5a43-8b8d-e717e20a0ca9;e3023d76-6bb0-588f-878b-c09bae465f1b;MATCHED;E;164a9eea-e85a-5451-bef3-4385f6897969;WFS-EWR-719356;;FT-EWR-20260926-0002;N590JB;N590JB;B61505;7556.00;LTR;585344.60;592900.60;7556.00;0.8025;KGL;MEA;18.80;GR;6063.69;COA-EWR-20260926-3;2026-09-26T09:54:49Z;WFS-DN-719356;Verified;fuel.ops@airline.com;2026-09-26T12:06:49Z;HD-EWR-20;MTR-HD-EWR-20;ELECTRONIC;2026-09-26T10:06:49Z;SEED_B6_ADSB;2026-09-26T10:06:49Z;SEED_B6_ADSB;d8313796-ff84-5d70-9bd7-311c9e8c50eb;1.3182;9960.32;USD
e9d32cc9-2b33-576b-ba37-d36eb5a9524d;197b80dd-a845-52e1-a4d9-80be25fe9f32;MATCHED;E;f32cb8dc-33b1-5763-8398-d7f0add2834f;WFS-JFK-403993;;FT-JFK-20260926-0006;N3113J;N3113J;B61602;1950.00;LTR;339622.13;341572.13;1950.00;0.7978;KGL;MEA;19.30;GR;1555.71;COA-JFK-20260926-3;2026-09-26T09:51:11Z;WFS-DN-403993;Verified;fuel.ops@airline.com;2026-09-26T11:57:11Z;HD-JFK-24;MTR-HD-JFK-24;ELECTRONIC;2026-09-26T09:57:11Z;SEED_B6_ADSB;2026-09-26T09:57:11Z;SEED_B6_ADSB;c0c3767b-40c4-5a9a-99b5-ca5606dafca3;1.3151;2564.44;USD
85b6a10d-95f7-581f-8ac3-d2194c5d553f;05d88f45-bfd3-592a-948b-3c44d1677666;MATCHED;E;d9d4104e-6a3e-59af-bbfb-e35a3e3880b8;WFS-BOS-479096;;FT-BOS-20260926-0007;N3102J;N3102J;B61585;4050.00;LTR;880798.33;884848.33;4050.00;0.8100;KGL;MEA;15.90;GR;3280.5;COA-BOS-20260926-2;2026-09-26T09:46:56Z;WFS-DN-479096;Verified;fuel.ops@airline.com;2026-09-26T11:54:56Z;HD-BOS-02;MTR-HD-BOS-02;ELECTRONIC;2026-09-26T09:54:56Z;SEED_B6_ADSB;2026-09-26T09:54:56Z;SEED_B6_ADSB;c375fc06-038f-5df7-a63e-7f269ff4d7b9;1.3279;5377.99;USD
807ec6bf-1599-5612-8f65-1898146e0e20;9671e34f-255c-5669-b1c8-78cef28580a2;MATCHED;E;63a7bc58-c1ff-5cda-9391-379eae4be77e;SHL-JFK-512772;;FT-JFK-20260926-0007;N827JB;N827JB;B61059;11121.00;LTR;339622.13;350743.13;11121.00;0.7991;KGL;MEA;17.70;GR;8886.79;COA-JFK-20260926-3;2026-09-26T09:50:34Z;SHL-DN-512772;Verified;fuel.ops@airline.com;2026-09-26T12:06:34Z;HD-JFK-24;MTR-HD-JFK-24;ELECTRONIC;2026-09-26T10:06:34Z;SEED_B6_ADSB;2026-09-26T10:06:34Z;SEED_B6_ADSB;7e5d1936-87ca-5887-bda7-5279918dac07;1.3238;14721.98;USD
84de89b1-b1f0-5652-bd53-3587778c5132;9b0cfd5d-5ece-5988-be7b-81ed3de1297e;MATCHED;E;47066685-45a7-5fbe-b97e-b0860634a89c;PMA-SJU-755500;;FT-SJU-20260926-0003;N537JT;N537JT;B62904;10588.00;LTR;205016.30;215604.30;10588.00;0.8021;KGL;MEA;25.00;GR;8492.63;COA-SJU-20260926-3;2026-09-26T09:56:13Z;PMA-DN-755500;Verified;fuel.ops@airline.com;2026-09-26T12:11:13Z;HD-SJU-08;MTR-HD-SJU-08;ELECTRONIC;2026-09-26T10:11:13Z;SEED_B6_ADSB;2026-09-26T10:11:13Z;SEED_B6_ADSB;3070ea52-2dad-51d2-954e-7be83eac7c68;1.3117;13888.28;USD
0e9d846b-10da-5397-a34c-ca698dc4cdd2;4a7f1d1b-f9e0-53fb-859a-31f9953be2da;MATCHED;E;34f1fcff-4910-5bf4-8454-7dfea4f2acbd;WFS-JFK-403995;;FT-JFK-20260926-0008;N3276J;N3276J;B62718;2300.00;LTR;715319.64;717619.64;2300.00;0.8000;KGL;MEA;16.50;GR;1840;COA-JFK-20260926-3;2026-09-26T09:56:58Z;WFS-DN-403995;Verified;fuel.ops@airline.com;2026-09-26T12:02:58Z;HD-JFK-19;MTR-HD-JFK-19;ELECTRONIC;2026-09-26T10:02:58Z;SEED_B6_ADSB;2026-09-26T10:02:58Z;SEED_B6_ADSB;7841450a-c12a-5519-9bb2-5ef9ad21db1e;1.3151;3024.73;USD
5e81800d-29e2-5257-a122-d475e1860a61;9a603ad6-ee2a-5c9a-b7e1-6d02b9fe3541;MATCHED;M;5e21ad49-0f7f-513d-9276-3af86ce44af4;WFS-PVD-219762;;FT-PVD-20260926-0002;N651JB;N651JB;B61129;2480.00;LTR;241144.08;243624.08;2480.00;0.8094;KGL;MEA;16.90;GR;2007.31;COA-PVD-20260926-2;2026-09-26T09:59:20Z;WFS-DN-219762;Verified;fuel.ops@airline.com;2026-09-26T12:07:20Z;RF-PVD-04;MTR-RF-PVD-04;MANUAL;2026-09-26T10:07:20Z;SEED_B6_ADSB;2026-09-26T10:07:20Z;SEED_B6_ADSB;2e3b7156-f2df-5ba9-86cd-01e708b79322;1.3680;3392.64;USD
95f01ab8-5c49-57a9-a7c0-3ed6dfac7bbf;f365fa18-ed23-5852-ae92-705675b10ed1;MATCHED;E;258d0111-93d3-574c-ace1-1f5046ed0230;SHL-JFK-512773;;FT-JFK-20260926-0009;N2016J;N2016J;B6953;5560.00;LTR;701314.26;706874.26;5560.00;0.7995;KGL;MEA;17.20;GR;4445.22;COA-JFK-20260926-3;2026-09-26T09:47:31Z;SHL-DN-512773;Verified;fuel.ops@airline.com;2026-09-26T11:57:31Z;HD-JFK-17;MTR-HD-JFK-17;ELECTRONIC;2026-09-26T09:57:31Z;SEED_B6_ADSB;2026-09-26T09:57:31Z;SEED_B6_ADSB;86d5f273-fa16-50d4-ab04-f74ee288f4f5;1.3238;7360.33;USD
14253671-6e8f-535d-96b0-d253337ade6c;8b22c391-5734-5cf6-9f04-34254b1e5eab;MATCHED;M;0f03caab-e8a7-5de3-853e-8670ca5ec904;WFS-BNA-688062;;FT-BNA-20260926-0001;N3260J;N3260J;B6806;5190.00;LTR;802944.47;808134.47;5190.00;0.8075;KGL;MEA;20.80;GR;4190.93;COA-BNA-20260926-1;2026-09-26T10:03:31Z;WFS-DN-688062;Verified;fuel.ops@airline.com;2026-09-26T12:15:31Z;RF-BNA-16;MTR-RF-BNA-16;MANUAL;2026-09-26T10:15:31Z;SEED_B6_ADSB;2026-09-26T10:15:31Z;SEED_B6_ADSB;65355448-0a57-5cb8-9748-4f509b1d07c1;1.2864;6676.42;USD
2c879876-53a6-573f-8c44-3c29090427b6;a58c9bd0-40e4-5dea-bf63-0e7051f2df3a;MATCHED;E;2d8b56ba-c04c-5fdd-9022-a298d7e5f464;BPA-TPA-704113;;FT-TPA-20260926-0001;N965JT;N965JT;B61192;6927.00;LTR;441353.21;448280.21;6927.00;0.8064;KGL;MEA;20.50;GR;5585.93;COA-TPA-20260926-2;2026-09-26T09:59:58Z;BPA-DN-704113;Verified;fuel.ops@airline.com;2026-09-26T12:10:58Z;HD-TPA-10;MTR-HD-TPA-10;ELECTRONIC;2026-09-26T10:10:58Z;SEED_B6_ADSB;2026-09-26T10:10:58Z;SEED_B6_ADSB;22ecfa1c-46e7-586c-a3c4-59263f1e86c7;1.2392;8583.94;USD
8812283a-4802-5dd0-aa24-3c80f15d3e62;c051bbdd-54e2-5f83-a542-d9c4864ccf77;MATCHED;M;b2c4db52-5d3d-5f2f-95d7-c6361847fe2e;BPA-PIT-505334;;FT-PIT-20260926-0002;N3244J;N3244J;B62005;5180.00;LTR;785260.89;790440.89;5180.00;0.8058;KGL;MEA;15.20;GR;4174.04;COA-PIT-20260926-1;2026-09-26T10:09:45Z;BPA-DN-505334;Verified;fuel.ops@airline.com;2026-09-26T12:21:45Z;RF-PIT-19;MTR-RF-PIT-19;MANUAL;2026-09-26T10:21:45Z;SEED_B6_ADSB;2026-09-26T10:21:45Z;SEED_B6_ADSB;423f9097-93b5-5377-87b5-69fc1064f063;1.3572;7030.3;USD
98f45795-67d2-5c1d-b462-9a1cfbb82d80;13c16594-dc49-580c-90b8-263fe09cfe56;MATCHED;M;d1e0a067-06d3-59a3-8a3e-81e3d85e0332;BPA-CLE-201349;;FT-CLE-20260926-0002;N3145J;N3145J;B62289;5856.00;LTR;888438.97;894294.97;5856.00;0.8008;KGL;MEA;14.80;GR;4689.48;COA-CLE-20260926-3;2026-09-26T10:13:14Z;BPA-DN-201349;Verified;fuel.ops@airline.com;2026-09-26T12:26:14Z;RF-CLE-02;MTR-RF-CLE-02;MANUAL;2026-09-26T10:26:14Z;SEED_B6_ADSB;2026-09-26T10:26:14Z;SEED_B6_ADSB;1817bb0e-fd07-5bc6-afd4-ee19ed214646;1.3191;7724.65;USD
8c4b5b22-94b9-54f9-8456-3f54bbfb8d8d;cba1eb3d-2d89-50fe-9c44-bfeba0484a92;MATCHED;M;2867ef03-df8e-55bf-99f2-d4c54c56a544;BPA-DTW-753892;;FT-DTW-20260926-0002;N705JB;N705JB;B62489;7238.00;LTR;196771.64;204009.64;7238.00;0.8035;KGL;MEA;19.20;GR;5815.73;COA-DTW-20260926-2;2026-09-26T10:08:28Z;BPA-DN-753892;Verified;fuel.ops@airline.com;2026-09-26T12:25:28Z;RF-DTW-07;MTR-RF-DTW-07;MANUAL;2026-09-26T10:25:28Z;SEED_B6_ADSB;2026-09-26T10:25:28Z;SEED_B6_ADSB;fb7054d8-83e6-5cfa-a6c4-b1a9e180e523;1.3183;9541.86;USD
c27f903e-89b1-5e03-937d-8c027ced7b40;dcb7da46-9752-5f3a-90ba-0b38fe2fa96a;MATCHED;E;516f215e-45be-58aa-bc28-15b2ad8cece2;WFS-FLL-457568;;FT-FLL-20260926-0006;N595JB;N595JB;B6814;7620.00;LTR;427272.81;434892.81;7620.00;0.8054;KGL;MEA;21.70;GR;6137.15;COA-FLL-20260926-1;2026-09-26T10:17:42Z;WFS-DN-457568;Verified;fuel.ops@airline.com;2026-09-26T12:29:42Z;HD-FLL-02;MTR-HD-FLL-02;ELECTRONIC;2026-09-26T10:29:42Z;SEED_B6_ADSB;2026-09-26T10:29:42Z;SEED_B6_ADSB;9e7f510b-c1a6-5e03-b2ed-9b5f848c715c;1.2502;9526.52;USD
f3568cdd-f2c8-5ed0-bfcd-2f9b2a2a9fa2;61ada930-a0f7-5b73-836f-7667ee5b4c1f;MATCHED;E;7f73e4f6-7662-5d18-bfe8-1b0056cb3ab0;WFS-JFK-403997;;FT-JFK-20260926-0010;N2156J;N2156J;B6411;14461.00;LTR;405482.04;419943.04;14461.00;0.8006;KGL;MEA;15.80;GR;11577.48;COA-JFK-20260926-3;2026-09-26T10:06:18Z;WFS-DN-403997;Verified;fuel.ops@airline.com;2026-09-26T12:26:18Z;HD-JFK-01;MTR-HD-JFK-01;ELECTRONIC;2026-09-26T10:26:18Z;SEED_B6_ADSB;2026-09-26T10:26:18Z;SEED_B6_ADSB;d2fa2e76-068d-5907-8952-bd4f126db987;1.3151;19017.66;USD
76a3893d-dd5d-591f-bcdd-d23cce670d3c;d3b1c279-5cd3-54de-a011-b95fe5763de7;MATCHED;M;e0b7b9e5-de35-57d0-80d4-913445af22fa;WFS-HPN-788063;;FT-HPN-20260926-0002;N592JB;N592JB;B61551;8245.00;LTR;676412.94;684657.94;8245.00;0.8002;KGL;MEA;19.20;GR;6597.65;COA-HPN-20260926-2;2026-09-26T10:09:21Z;WFS-DN-788063;Verified;fuel.ops@airline.com;2026-09-26T12:26:21Z;RF-HPN-12;MTR-RF-HPN-12;MANUAL;2026-09-26T10:26:21Z;SEED_B6_ADSB;2026-09-26T10:26:21Z;SEED_B6_ADSB;1927c8f3-a98f-5082-9e9c-bc1068297df1;1.3718;11310.49;USD
3af788cf-246b-5d47-bf22-0cee4096a753;bb8b9727-dc43-5a1e-aee2-fd747db4bd4f;MATCHED;E;3aad39db-53b2-5f63-af2a-b011d24afad5;CGA-DFW-294825;;FT-DFW-20260926-0001;N794JB;N794JB;B62282;7253.00;LTR;568364.58;575617.58;7253.00;0.8018;KGL;MEA;20.00;GR;5815.46;COA-DFW-20260926-1;2026-09-26T10:17:37Z;CGA-DN-294825;Verified;fuel.ops@airline.com;2026-09-26T12:29:37Z;HD-DFW-16;MTR-HD-DFW-16;ELECTRONIC;2026-09-26T10:29:37Z;SEED_B6_ADSB;2026-09-26T10:29:37Z;SEED_B6_ADSB;5178697a-a835-5a81-a8ca-a232be2e029f;1.2476;9048.84;USD
10a46c6f-661d-508c-a6fe-63c1f2dd25a4;2bcc9595-30db-5842-9005-ed013a374d54;MATCHED;E;7a67262c-25d8-5a6e-b478-1a8ce9abe3e5;WFS-LGA-756550;;FT-LGA-20260926-0002;N3044J;N3044J;B61461;5809.00;LTR;553982.58;559791.58;5809.00;0.8062;KGL;MEA;15.20;GR;4683.22;COA-LGA-20260926-2;2026-09-26T09:58:14Z;WFS-DN-756550;Verified;fuel.ops@airline.com;2026-09-26T12:08:14Z;HD-LGA-03;MTR-HD-LGA-03;ELECTRONIC;2026-09-26T10:08:14Z;SEED_B6_ADSB;2026-09-26T10:08:14Z;SEED_B6_ADSB;5531fd4d-8466-55d4-9c85-415cb61380e7;1.3203;7669.62;USD
d0e216ef-7d67-5919-b87a-4bd8e6e87de7;58826d25-fd05-51f5-9ccf-4c4668f7594b;MATCHED;E;2cfe16e8-8cc9-54d7-a017-02aa56fee4d8;SHL-FLL-485273;;FT-FLL-20260926-0007;N943JT;N943JT;B61301;18190.00;LTR;851491.60;869681.60;18190.00;0.8054;KGL;MEA;21.70;GR;14650.23;COA-FLL-20260926-1;2026-09-26T10:06:34Z;SHL-DN-485273;Verified;fuel.ops@airline.com;2026-09-26T12:30:34Z;HD-FLL-24;MTR-HD-FLL-24;ELECTRONIC;2026-09-26T10:30:34Z;SEED_B6_ADSB;2026-09-26T10:30:34Z;SEED_B6_ADSB;4ea64faa-2f7d-502a-94ec-6ddd2d74a862;1.2465;22673.83;USD
3857477b-67a9-50c1-9137-4283da8826e4;8d5d98df-8f39-5281-a5b6-0ac9fb7b9430;MATCHED;E;36606422-d089-54f9-9d62-a571e0c102b0;WFS-BOS-479097;;FT-BOS-20260926-0008;N3269J;N3269J;B6111;4581.00;LTR;113254.00;117835.00;4581.00;0.8104;KGL;MEA;15.40;GR;3712.44;COA-BOS-20260926-2;2026-09-26T10:12:38Z;WFS-DN-479097;Verified;fuel.ops@airline.com;2026-09-26T12:21:38Z;HD-BOS-08;MTR-HD-BOS-08;ELECTRONIC;2026-09-26T10:21:38Z;SEED_B6_ADSB;2026-09-26T10:21:38Z;SEED_B6_ADSB;4501fa46-c6e7-5801-9716-d1a8443aa605;1.3279;6083.11;USD
c38522aa-097a-5a01-b81d-f324df1041c7;3d4dd6d9-e956-5fd2-a0cd-cae1bbfea5ad;MATCHED;E;ce591b02-d0a7-5c59-bc99-e71a85fcfa1f;BPA-DCA-429200;;FT-DCA-20260926-0002;N608JB;N608JB;B62423;4658.00;LTR;610432.22;615090.22;4658.00;0.7995;KGL;MEA;21.50;GR;3724.07;COA-DCA-20260926-1;2026-09-26T10:03:27Z;BPA-DN-429200;Verified;fuel.ops@airline.com;2026-09-26T12:12:27Z;HD-DCA-16;MTR-HD-DCA-16;ELECTRONIC;2026-09-26T10:12:27Z;SEED_B6_ADSB;2026-09-26T10:12:27Z;SEED_B6_ADSB;3516d2cc-e4f9-5b08-bda2-0cbdf35fe828;1.3236;6165.33;USD
a720f8a7-cd2b-56bc-ba97-d646fa8e181b;eddc51a2-1e6f-58a5-842c-8fe840ba4151;MATCHED;E;329d38b2-2027-5e23-8ce4-a444e656b0d5;SHL-BOS-696968;;FT-BOS-20260926-0009;N3196J;N3196J;B6691;7180.00;LTR;885066.69;892246.69;7180.00;0.8109;KGL;MEA;14.80;GR;5822.26;COA-BOS-20260926-2;2026-09-26T10:04:48Z;SHL-DN-696968;Verified;fuel.ops@airline.com;2026-09-26T12:15:48Z;HD-BOS-24;MTR-HD-BOS-24;ELECTRONIC;2026-09-26T10:15:48Z;SEED_B6_ADSB;2026-09-26T10:15:48Z;SEED_B6_ADSB;6136f6c8-01a5-5a82-a64e-d83e19063dcd;1.3245;9509.91;USD
b5741502-6075-5d70-837b-d7ebc740a860;d1530af5-6dac-5f81-a242-544bf08f0fc7;MATCHED;M;5207343e-83c7-5432-aaa1-f5c691e31c7a;WFS-BUF-723704;;FT-BUF-20260926-0002;N584JB;N584JB;B6865;7347.00;LTR;360063.55;367410.55;7347.00;0.8013;KGL;MEA;19.50;GR;5887.15;COA-BUF-20260926-3;2026-09-26T10:04:43Z;WFS-DN-723704;Verified;fuel.ops@airline.com;2026-09-26T12:20:43Z;RF-BUF-07;MTR-RF-BUF-07;MANUAL;2026-09-26T10:20:43Z;SEED_B6_ADSB;2026-09-26T10:20:43Z;SEED_B6_ADSB;cb3da3ab-5ef4-5b2e-b5d5-fa41b53c2a73;1.3425;9863.35;USD
ffade5dd-acef-59cb-836c-2b3f3772d707;5cfe3332-94f8-5506-b7f8-24c14b43ed65;MATCHED;E;72d65e8c-a53e-5714-9c36-f7ac5c9eb159;BPA-PHL-493079;;FT-PHL-20260926-0002;N519JB;N519JB;B6375;6680.00;LTR;719179.47;725859.47;6680.00;0.8112;KGL;MEA;16.10;GR;5418.82;COA-PHL-20260926-1;2026-09-26T10:16:42Z;BPA-DN-493079;Verified;fuel.ops@airline.com;2026-09-26T12:27:42Z;HD-PHL-18;MTR-HD-PHL-18;ELECTRONIC;2026-09-26T10:27:42Z;SEED_B6_ADSB;2026-09-26T10:27:42Z;SEED_B6_ADSB;dc79d163-8f00-562f-8896-6a3f5c85a701;1.3355;8921.14;USD
96e77a94-0eaf-5437-9bce-d7ee49c6cdbf;b7b56e63-d597-54c8-a772-6ab7d8ec20ef;MATCHED;E;6a8fc07b-f3fa-51c0-b719-60e2ff7c8b1f;BPA-MCO-339294;;FT-MCO-20260926-0002;N3284J;N3284J;B6852;6720.00;LTR;469191.77;475911.77;6720.00;0.8028;KGL;MEA;21.30;GR;5394.82;COA-MCO-20260926-1;2026-09-26T10:17:06Z;BPA-DN-339294;Verified;fuel.ops@airline.com;2026-09-26T12:28:06Z;HD-MCO-05;MTR-HD-MCO-05;ELECTRONIC;2026-09-26T10:28:06Z;SEED_B6_ADSB;2026-09-26T10:28:06Z;SEED_B6_ADSB;b71e8db5-1fe4-549f-89f9-124e0ae3191d;1.2561;8440.99;USD
552bb37b-be35-58d3-9650-150d41c698d5;d50a0df8-5195-5acd-b31b-496a232f2159;MATCHED;M;4b88d42f-d7b5-5552-a27a-7737c1ade3a4;WFS-BDL-333679;;FT-BDL-20260926-0001;N775JB;N775JB;B6959;9146.00;LTR;393878.79;403024.79;9146.00;0.8009;KGL;MEA;17.20;GR;7325.03;COA-BDL-20260926-1;2026-09-26T10:08:11Z;WFS-DN-333679;Verified;fuel.ops@airline.com;2026-09-26T12:27:11Z;RF-BDL-02;MTR-RF-BDL-02;MANUAL;2026-09-26T10:27:11Z;SEED_B6_ADSB;2026-09-26T10:27:11Z;SEED_B6_ADSB;fd442686-c7e6-5d33-9f39-c93a4a39c3ff;1.3595;12433.99;USD
ffe2dc8c-3922-5b7b-ad90-fa5e73a73832;67fd2f49-17aa-5ca1-ae64-4e5c9b790715;MATCHED;M;7d66a019-d617-51f7-b97d-ee42c1a721eb;WFS-ROC-474937;;FT-ROC-20260926-0001;N585JB;N585JB;B61285;3612.00;LTR;607951.86;611563.86;3612.00;0.8064;KGL;MEA;15.10;GR;2912.72;COA-ROC-20260926-1;2026-09-26T10:15:35Z;WFS-DN-474937;Verified;fuel.ops@airline.com;2026-09-26T12:24:35Z;RF-ROC-24;MTR-RF-ROC-24;MANUAL;2026-09-26T10:24:35Z;SEED_B6_ADSB;2026-09-26T10:24:35Z;SEED_B6_ADSB;002a53a1-22ec-5736-b0b0-49fffbd1a7a0;1.3485;4870.78;USD
9b570785-5910-5289-99be-535fa4e035a5;a565fb47-1b8e-59db-8f19-dfc256a87b67;MATCHED;E;e0aa397e-1a65-58b4-b15e-23e68eab0a4a;WFS-EWR-719359;;FT-EWR-20260926-0003;N964JT;N964JT;B61573;18663.00;LTR;348346.91;367009.91;18663.00;0.8053;KGL;MEA;15.30;GR;15029.31;COA-EWR-20260926-3;2026-09-26T10:20:46Z;WFS-DN-719359;Verified;fuel.ops@airline.com;2026-09-26T12:44:46Z;HD-EWR-03;MTR-HD-EWR-03;ELECTRONIC;2026-09-26T10:44:46Z;SEED_B6_ADSB;2026-09-26T10:44:46Z;SEED_B6_ADSB;9e39e8b7-c7b8-53df-b4ef-9e3d373b1f6a;1.3182;24601.57;USD
d8702e3d-43e5-55c7-84d0-a00e828609bf;c9a57375-8573-5631-b1b6-9f58ca65fad9;MATCHED;M;587b1716-057c-52ab-b0cd-72a6c6e139d8;WFS-ALB-625370;;FT-ALB-20260926-0001;N653JB;N653JB;B687;8743.00;LTR;617614.13;626357.13;8743.00;0.8040;KGL;MEA;17.30;GR;7029.37;COA-ALB-20260926-1;2026-09-26T10:25:07Z;WFS-DN-625370;Verified;fuel.ops@airline.com;2026-09-26T12:43:07Z;RF-ALB-03;MTR-RF-ALB-03;MANUAL;2026-09-26T10:43:07Z;SEED_B6_ADSB;2026-09-26T10:43:07Z;SEED_B6_ADSB;606f1b6f-ee0c-5ae1-b9d6-4edb0613ff83;1.3760;12030.37;USD
1070ec60-da2f-55a4-80d2-227a503b1876;41adfae2-9db3-58d8-8e2b-3091c4301b6f;MATCHED;M;e525730d-1729-542f-bf1d-43ae8a81e2f9;WFS-ISP-635081;;FT-ISP-20260926-0001;N709JB;N709JB;B6513;6620.00;LTR;720578.35;727198.35;6620.00;0.7993;KGL;MEA;17.30;GR;5291.37;COA-ISP-20260926-3;2026-09-26T10:17:17Z;WFS-DN-635081;Verified;fuel.ops@airline.com;2026-09-26T12:31:17Z;RF-ISP-09;MTR-RF-ISP-09;MANUAL;2026-09-26T10:31:17Z;SEED_B6_ADSB;2026-09-26T10:31:17Z;SEED_B6_ADSB;6490553b-74c9-5373-ac7b-75469aa55dac;1.3674;9052.19;USD
cd039867-2435-5ae8-b00a-d2360b40c231;120c69be-26b2-540d-8765-3d41913fc4b2;MATCHED;E;2d39c849-04c4-5536-b6d8-6a43c7102399;BPK-LHR-315514;;FT-LHR-20260926-0003;N4074J;N4074J;B620;21109.00;LTR;778869.35;799978.35;21109.00;0.8109;KGL;MEA;13.40;GR;17117.29;COA-LHR-20260926-1;2026-09-26T10:25:30Z;BPK-DN-315514;Verified;fuel.ops@airline.com;2026-09-26T12:52:30Z;HD-LHR-17;MTR-HD-LHR-17;ELECTRONIC;2026-09-26T10:52:30Z;SEED_B6_ADSB;2026-09-26T10:52:30Z;SEED_B6_ADSB;8712f1f3-b38c-5d2e-b7d9-3dbac027511f;1.2938;27310.82;USD
f718d186-a465-5dce-9047-95248e0e3409;0f3fee76-84c9-59af-81c6-23d98d6aa92e;MATCHED;E;7f09c63d-9bdd-5107-99ee-ee5bda863461;BPA-TPA-704115;;FT-TPA-20260926-0002;N583JB;N583JB;B6226;6832.00;LTR;362950.66;369782.66;6832.00;0.8025;KGL;MEA;25.30;GR;5482.68;COA-TPA-20260926-2;2026-09-26T10:33:53Z;BPA-DN-704115;Verified;fuel.ops@airline.com;2026-09-26T12:44:53Z;HD-TPA-15;MTR-HD-TPA-15;ELECTRONIC;2026-09-26T10:44:53Z;SEED_B6_ADSB;2026-09-26T10:44:53Z;SEED_B6_ADSB;6cf09309-ca2e-5193-bc7b-b08a95b330a4;1.2392;8466.21;USD
1deb2369-33b9-55b8-9dcc-d9832492f00d;0871dd2f-1f1b-520a-825a-5405e527475f;MATCHED;M;248768a7-de18-5383-975a-fcd3c2ab4203;WFS-RDU-697049;;FT-RDU-20260926-0002;N565JB;N565JB;B6286;4380.00;LTR;492852.32;497232.32;4380.00;0.8053;KGL;MEA;22.80;GR;3527.21;COA-RDU-20260926-2;2026-09-26T10:26:36Z;WFS-DN-697049;Verified;fuel.ops@airline.com;2026-09-26T12:37:36Z;RF-RDU-20;MTR-RF-RDU-20;MANUAL;2026-09-26T10:37:36Z;SEED_B6_ADSB;2026-09-26T10:37:36Z;SEED_B6_ADSB;0eeb6f26-408f-591b-bbe5-4d807783c130;1.2898;5649.32;USD
29d915f8-7ce2-5f45-a234-2885f13df0f8;5db1162d-005b-5c1d-a51f-239b6c4b759c;MATCHED;M;ee1ab57f-40fb-5609-b092-0a8fc17f546e;WFS-BUF-723705;;FT-BUF-20260926-0003;N3125J;N3125J;B685;8436.00;LTR;597185.00;605621.00;8436.00;0.8030;KGL;MEA;17.40;GR;6774.11;COA-BUF-20260926-3;2026-09-26T10:31:31Z;WFS-DN-723705;Verified;fuel.ops@airline.com;2026-09-26T12:49:31Z;RF-BUF-24;MTR-RF-BUF-24;MANUAL;2026-09-26T10:49:31Z;SEED_B6_ADSB;2026-09-26T10:49:31Z;SEED_B6_ADSB;0eff7423-4bd7-5cf2-9157-b6a59b8429a6;1.3425;11325.33;USD
4c0e0c1a-db21-596f-9d51-999f776ede6a;5dcecc5f-0e89-5e49-bdbd-ef6558e3b5d7;MATCHED;E;8edd7ecc-a4a7-5ebb-af5b-a00b351bd156;SHL-BOS-696969;;FT-BOS-20260926-0010;N2193J;N2193J;B61577;15058.00;LTR;229890.14;244948.14;15058.00;0.8075;KGL;MEA;19.00;GR;12159.33;COA-BOS-20260926-2;2026-09-26T10:16:58Z;SHL-DN-696969;Verified;fuel.ops@airline.com;2026-09-26T12:36:58Z;HD-BOS-01;MTR-HD-BOS-01;ELECTRONIC;2026-09-26T10:36:58Z;SEED_B6_ADSB;2026-09-26T10:36:58Z;SEED_B6_ADSB;70957b2d-d6d8-5864-9618-144f80f60e91;1.3245;19944.32;USD
ff9c4419-e4dc-52b2-b8fe-7e13a43e05c3;91735cb6-27d8-558b-a6a8-29c461871125;MATCHED;E;4240cb93-03eb-5369-bd53-79c4a3e2f469;BPA-ORD-551308;;FT-ORD-20260926-0001;N623JB;N623JB;B6664;9692.00;LTR;256004.96;265696.96;9692.00;0.8069;KGL;MEA;18.60;GR;7820.47;COA-ORD-20260926-2;2026-09-26T10:16:27Z;BPA-DN-551308;Verified;fuel.ops@airline.com;2026-09-26T12:31:27Z;HD-ORD-08;MTR-HD-ORD-08;ELECTRONIC;2026-09-26T10:31:27Z;SEED_B6_ADSB;2026-09-26T10:31:27Z;SEED_B6_ADSB;a1e0aeab-5bd9-5400-819b-d6c74631027f;1.2537;12150.86;USD
292852ea-c43c-57f8-a592-23bfcdbca7df;871345e4-392a-57d2-9239-fe28089c24c1;MATCHED;E;f1f15304-5be0-5487-a0e3-e3329974903c;BPA-MCO-339297;;FT-MCO-20260926-0003;N568JB;N568JB;B61033;7735.00;LTR;469191.77;476926.77;7735.00;0.7996;KGL;MEA;25.30;GR;6184.91;COA-MCO-20260926-1;2026-09-26T10:33:38Z;BPA-DN-339297;Verified;fuel.ops@airline.com;2026-09-26T12:45:38Z;HD-MCO-05;MTR-HD-MCO-05;ELECTRONIC;2026-09-26T10:45:38Z;SEED_B6_ADSB;2026-09-26T10:45:38Z;SEED_B6_ADSB;cd97651f-414d-5c0f-842b-c7d1a69c375a;1.2561;9715.93;USD
450115eb-23b3-5a92-8304-82e4f6d130a8;dad6380d-f87e-5da4-9483-be29cbf76fca;MATCHED;M;c0bb05bd-6bbe-5f08-9613-76a0d182652d;AVF-JAX-322606;;FT-JAX-20260926-0001;N523JB;N523JB;B617;2166.00;LTR;514501.81;516667.81;2166.00;0.8016;KGL;MEA;19.60;GR;1736.27;COA-JAX-20260926-3;2026-09-26T10:38:17Z;AVF-DN-322606;Verified;fuel.ops@airline.com;2026-09-26T12:45:17Z;RF-JAX-16;MTR-RF-JAX-16;MANUAL;2026-09-26T10:45:17Z;SEED_B6_ADSB;2026-09-26T10:45:17Z;SEED_B6_ADSB;8bcd226f-aceb-5a5b-9d09-5554b556afd0;1.2825;2777.89;USD
4e70a430-f9c5-584c-bfc7-73df79becf5e;49acf82a-22a3-5553-a476-cd33576cba96;MATCHED;E;0a04a479-126a-5550-b011-8ce2777c110e;WFS-BOS-479098;;FT-BOS-20260926-0011;N2165J;N2165J;B6633;16609.00;LTR;880798.33;897407.33;16609.00;0.8094;KGL;MEA;16.60;GR;13443.32;COA-BOS-20260926-2;2026-09-26T10:21:37Z;WFS-DN-479098;Verified;fuel.ops@airline.com;2026-09-26T12:43:37Z;HD-BOS-02;MTR-HD-BOS-02;ELECTRONIC;2026-09-26T10:43:37Z;SEED_B6_ADSB;2026-09-26T10:43:37Z;SEED_B6_ADSB;e8fa5bca-2959-54ca-82e6-b6863f7695a7;1.3279;22055.09;USD
681c13fe-82ee-5252-ac30-865fd6d70293;fccda229-1910-51e5-9561-a7d9f5f302c8;MATCHED;E;ae6d5783-11cb-5f4d-90ca-9cefa8254051;PMA-SJU-755501;;FT-SJU-20260926-0004;N646JB;N646JB;B61048;10966.00;LTR;630789.78;641755.78;10966.00;0.8015;KGL;MEA;25.70;GR;8789.25;COA-SJU-20260926-3;2026-09-26T10:31:39Z;PMA-DN-755501;Verified;fuel.ops@airline.com;2026-09-26T12:47:39Z;HD-SJU-10;MTR-HD-SJU-10;ELECTRONIC;2026-09-26T10:47:39Z;SEED_B6_ADSB;2026-09-26T10:47:39Z;SEED_B6_ADSB;5c10038c-534c-5b58-916a-8dca9550d1a9;1.3117;14384.1;USD
2379557b-1037-5884-9501-b7965f8b0a28;9e41a0e4-5574-56db-8294-2cc03b0f90d7;MATCHED;E;3e4ee921-a7ec-5d26-909b-f47d01b9cea5;BPK-EDI-411245;;FT-EDI-20260926-0001;N2205J;N2205J;B672;20258.00;LTR;443482.66;463740.66;20258.00;0.8114;KGL;MEA;11.20;GR;16437.34;COA-EDI-20260926-2;2026-09-26T10:21:49Z;BPK-DN-411245;Verified;fuel.ops@airline.com;2026-09-26T12:58:49Z;RF-EDI-10;MTR-RF-EDI-10;ELECTRONIC;2026-09-26T10:58:49Z;SEED_B6_ADSB;2026-09-26T10:58:49Z;SEED_B6_ADSB;68cb3bee-8e49-5af2-ac7f-5ec899a66d8a;1.2821;25972.78;USD
abcdb49c-69c2-5dcb-bdf4-65be4251f798;ed9156d8-6c73-5136-9f32-6862f492987c;MATCHED;E;40f27b87-ee0f-5187-bea4-a4977eb1f7e8;CGA-IAH-360693;;FT-IAH-20260926-0001;N649JB;N649JB;B62380;6621.00;LTR;372111.07;378732.07;6621.00;0.7988;KGL;MEA;20.80;GR;5288.85;COA-IAH-20260926-1;2026-09-26T10:34:13Z;CGA-DN-360693;Verified;fuel.ops@airline.com;2026-09-26T12:45:13Z;HD-IAH-09;MTR-HD-IAH-09;ELECTRONIC;2026-09-26T10:45:13Z;SEED_B6_ADSB;2026-09-26T10:45:13Z;SEED_B6_ADSB;39a3d166-edcb-597e-a059-11de028b8220;1.2412;8217.99;USD
b6ca4a6d-f8bd-51ea-9bc0-599803640c23;1318b248-61dd-5ae3-98a9-5f403914c77e;MATCHED;E;3b18d7a2-dcef-58a6-9e87-536479a37209;BPA-BWI-463117;;FT-BWI-20260926-0001;N3280J;N3280J;B62995;5578.00;LTR;767855.71;773433.71;5578.00;0.7965;KGL;MEA;17.20;GR;4442.88;COA-BWI-20260926-2;2026-09-26T10:24:31Z;BPA-DN-463117;Verified;fuel.ops@airline.com;2026-09-26T12:34:31Z;HD-BWI-24;MTR-HD-BWI-24;ELECTRONIC;2026-09-26T10:34:31Z;SEED_B6_ADSB;2026-09-26T10:34:31Z;SEED_B6_ADSB;092ab9ce-b390-511c-9f3e-4c9c6e2528aa;1.3328;7434.36;USD
dad9e7d8-3ef6-5cd1-bb7f-2ab0235f54ba;d1948cf9-9eb8-57b0-b595-eca7018e45a5;MATCHED;M;b824a09a-55ba-5ab8-89ae-55ab23651d4f;CGA-AUS-601319;;FT-AUS-20260926-0001;N524JB;N524JB;B62272;7112.00;LTR;580767.31;587879.31;7112.00;0.7969;KGL;MEA;23.50;GR;5667.55;COA-AUS-20260926-1;2026-09-26T10:37:18Z;CGA-DN-601319;Verified;fuel.ops@airline.com;2026-09-26T12:52:18Z;RF-AUS-08;MTR-RF-AUS-08;MANUAL;2026-09-26T10:52:18Z;SEED_B6_ADSB;2026-09-26T10:52:18Z;SEED_B6_ADSB;14fda795-af1e-5101-82f9-6786549d8705;1.2715;9042.91;USD
b7040045-f56d-5444-8d9a-d7d7ff8ba5e1;51d33588-9141-5af9-a08b-c4479d6c9b37;MATCHED;E;2a1bdfa4-693f-5686-9d3d-6d76ab6b2269;WFS-BOS-479099;;FT-BOS-20260926-0012;N3121J;N3121J;B6917;2500.00;LTR;402642.36;405142.36;2500.00;0.8077;KGL;MEA;18.80;GR;2019.25;COA-BOS-20260926-2;2026-09-26T10:34:17Z;WFS-DN-479099;Verified;fuel.ops@airline.com;2026-09-26T12:40:17Z;HD-BOS-18;MTR-HD-BOS-18;ELECTRONIC;2026-09-26T10:40:17Z;SEED_B6_ADSB;2026-09-26T10:40:17Z;SEED_B6_ADSB;2e2f2b24-d13e-509f-b6a0-d89f11eed7b4;1.3279;3319.75;USD
4be46f64-ed2b-56e1-aadb-8721d00ee2fd;30bb4084-1c4b-5987-9f6a-06415c50a3fa;MATCHED;E;1ee79294-7d97-551b-9255-e09e13545383;SHL-JFK-512776;;FT-JFK-20260926-0011;N3062J;N3062J;B675;8440.00;LTR;715319.64;723759.64;8440.00;0.8012;KGL;MEA;15.00;GR;6762.13;COA-JFK-20260926-3;2026-09-26T10:39:57Z;SHL-DN-512776;Verified;fuel.ops@airline.com;2026-09-26T12:52:57Z;HD-JFK-19;MTR-HD-JFK-19;ELECTRONIC;2026-09-26T10:52:57Z;SEED_B6_ADSB;2026-09-26T10:52:57Z;SEED_B6_ADSB;1d42d080-8828-59b1-a979-7500edc928d2;1.3238;11172.87;USD
944188aa-e66c-5217-a0d8-cb89ba49adb8;987fd0ef-1bcd-5dc8-ac28-4a334bdf3ddd;MATCHED;E;85312251-50da-57cb-bd86-ac6aeba9332a;SHL-FLL-485276;;FT-FLL-20260926-0008;N961JT;N961JT;B6707;18467.00;LTR;271536.30;290003.30;18467.00;0.8012;KGL;MEA;26.90;GR;14795.76;COA-FLL-20260926-1;2026-09-26T10:48:02Z;SHL-DN-485276;Verified;fuel.ops@airline.com;2026-09-26T13:13:02Z;HD-FLL-12;MTR-HD-FLL-12;ELECTRONIC;2026-09-26T11:13:02Z;SEED_B6_ADSB;2026-09-26T11:13:02Z;SEED_B6_ADSB;329f9c68-ead2-5ad6-a6db-cb5f78388469;1.2465;23019.12;USD
5983ab3e-009c-50e2-b72a-7a6dc9009e82;0a8ceceb-a554-53cd-b5b2-bbf0bae3d7d7;MATCHED;M;1c3d0670-76e3-563a-b973-34237c2e9bf1;BPA-RIC-112618;;FT-RIC-20260926-0002;N563JB;N563JB;B61145;5423.00;LTR;864210.23;869633.23;5423.00;0.8027;KGL;MEA;18.50;GR;4353.04;COA-RIC-20260926-1;2026-09-26T10:39:33Z;BPA-DN-112618;Verified;fuel.ops@airline.com;2026-09-26T12:51:33Z;RF-RIC-02;MTR-RF-RIC-02;MANUAL;2026-09-26T10:51:33Z;SEED_B6_ADSB;2026-09-26T10:51:33Z;SEED_B6_ADSB;d96be843-eb59-5c49-b1d3-f5d0fca36452;1.3810;7489.16;USD
7a203efe-8cf1-5b59-8c34-0146d85434ae;ddf188f3-cc0e-529d-b4b5-48421b73d5a2;MATCHED;E;5f7845ec-4232-5ad9-ad0b-096cc0072aa9;BPA-DCA-429201;;FT-DCA-20260926-0003;N3118J;N3118J;B6579;5541.00;LTR;719604.44;725145.44;5541.00;0.8014;KGL;MEA;19.10;GR;4440.56;COA-DCA-20260926-1;2026-09-26T10:41:15Z;BPA-DN-429201;Verified;fuel.ops@airline.com;2026-09-26T12:51:15Z;HD-DCA-13;MTR-HD-DCA-13;ELECTRONIC;2026-09-26T10:51:15Z;SEED_B6_ADSB;2026-09-26T10:51:15Z;SEED_B6_ADSB;fae742e6-04b7-5a5b-98b9-c5d2781e33be;1.3236;7334.07;USD
4ea3d116-225b-5675-afd9-d3fe48f387f5;8543eb0a-f96a-56a0-909b-ab43f3103086;MATCHED;E;3df609af-6bae-5423-83a1-7a47e6ff6ab4;WFS-LGA-756553;;FT-LGA-20260926-0003;N566JB;N566JB;B6599;8901.00;LTR;869966.52;878867.52;8901.00;0.8037;KGL;MEA;18.40;GR;7153.73;COA-LGA-20260926-2;2026-09-26T10:35:57Z;WFS-DN-756553;Verified;fuel.ops@airline.com;2026-09-26T12:48:57Z;HD-LGA-22;MTR-HD-LGA-22;ELECTRONIC;2026-09-26T10:48:57Z;SEED_B6_ADSB;2026-09-26T10:48:57Z;SEED_B6_ADSB;66b57640-911b-5692-8543-ecdd8850847c;1.3203;11751.99;USD
cdd9adec-e119-5e62-bebd-60fd704652a6;fe872564-1860-53ec-b7c9-d70cfce7479f;MATCHED;E;15aae289-7fef-5f03-9388-0c4cc5e2097c;SHL-BOS-696972;;FT-BOS-20260926-0013;N970JB;N970JB;B621;9994.00;LTR;480140.12;490134.12;9994.00;0.8091;KGL;MEA;17.00;GR;8086.15;COA-BOS-20260926-2;2026-09-26T10:41:49Z;SHL-DN-696972;Verified;fuel.ops@airline.com;2026-09-26T12:56:49Z;HD-BOS-04;MTR-HD-BOS-04;ELECTRONIC;2026-09-26T10:56:49Z;SEED_B6_ADSB;2026-09-26T10:56:49Z;SEED_B6_ADSB;c96c06d8-14db-5aea-9c9f-4f5e7b01a081;1.3245;13237.05;USD
d1b4fbec-61cc-5c82-b62d-a72adb864f75;b839a34c-0703-5bd1-8ee3-4313f6f7792e;MATCHED;E;d8237735-8643-59c8-b96c-0a8b4d351585;SHL-FLL-485279;;FT-FLL-20260926-0009;N655JB;N655JB;B61480;5637.00;LTR;415647.41;421284.41;5637.00;0.8042;KGL;MEA;23.20;GR;4533.28;COA-FLL-20260926-1;2026-09-26T10:50:53Z;SHL-DN-485279;Verified;fuel.ops@airline.com;2026-09-26T13:00:53Z;HD-FLL-18;MTR-HD-FLL-18;ELECTRONIC;2026-09-26T11:00:53Z;SEED_B6_ADSB;2026-09-26T11:00:53Z;SEED_B6_ADSB;3b76c3b6-cd03-593a-ac47-ad7f758493d7;1.2465;7026.52;USD
0aa206a5-6b83-57cc-bd35-e7f975eac58c;e46715fa-edc8-52b9-b5e4-4aa2d02722aa;MATCHED;E;b3c614ec-51cb-5e02-ae1a-706d840196cc;BPA-MCO-339299;;FT-MCO-20260926-0004;N606JB;N606JB;B62024;6458.00;LTR;666405.69;672863.69;6458.00;0.8003;KGL;MEA;24.40;GR;5168.34;COA-MCO-20260926-1;2026-09-26T10:54:15Z;BPA-DN-339299;Verified;fuel.ops@airline.com;2026-09-26T13:05:15Z;HD-MCO-16;MTR-HD-MCO-16;ELECTRONIC;2026-09-26T11:05:15Z;SEED_B6_ADSB;2026-09-26T11:05:15Z;SEED_B6_ADSB;7ec64280-5cb9-5d98-b636-f9142c069f79;1.2561;8111.89;USD
2dc697bd-a9a3-51b7-b1a6-823db8c1540d;45f28613-005c-5273-a40f-67316f8c339a;MATCHED;E;7faa8fae-d680-5dc9-aefd-276e2e093a31;BPK-EDI-411246;;FT-EDI-20260926-0002;N2180J;N2180J;B61080;18356.00;LTR;805870.60;824226.60;18356.00;0.8096;KGL;MEA;13.50;GR;14861.02;COA-EDI-20260926-2;2026-09-26T10:57:53Z;BPK-DN-411246;Verified;fuel.ops@airline.com;2026-09-26T13:31:53Z;RF-EDI-03;MTR-RF-EDI-03;ELECTRONIC;2026-09-26T11:31:53Z;SEED_B6_ADSB;2026-09-26T11:31:53Z;SEED_B6_ADSB;9ef9d593-057c-5c88-af3c-729affdf4b5f;1.2821;23534.23;USD
ca5f771e-71bb-5aea-836b-fab95442488a;d12349fc-fc7a-5753-bd22-048da65633ba;MATCHED;E;bcbde984-9669-513d-9de5-80f15c146c0d;SHL-JFK-512777;;FT-JFK-20260926-0012;N2086J;N2086J;B6883;6294.00;LTR;343134.23;349428.23;6294.00;0.8005;KGL;MEA;15.90;GR;5038.35;COA-JFK-20260926-3;2026-09-26T10:54:04Z;SHL-DN-512777;Verified;fuel.ops@airline.com;2026-09-26T13:04:04Z;HD-JFK-15;MTR-HD-JFK-15;ELECTRONIC;2026-09-26T11:04:04Z;SEED_B6_ADSB;2026-09-26T11:04:04Z;SEED_B6_ADSB;78713f07-df34-56dc-8929-b9a97ecf9508;1.3238;8332;USD
375a6a09-c9c9-5e6e-9fa4-7dec2713a859;a070be03-1995-50c5-ac97-5b3b161ae5ad;MATCHED;E;07a601ba-f07d-5308-a013-826ef0978b38;SHL-FLL-485282;;FT-FLL-20260926-0010;N599JB;N599JB;B62179;7232.00;LTR;504492.45;511724.45;7232.00;0.8041;KGL;MEA;23.30;GR;5815.25;COA-FLL-20260926-1;2026-09-26T11:08:27Z;SHL-DN-485282;Verified;fuel.ops@airline.com;2026-09-26T13:20:27Z;HD-FLL-10;MTR-HD-FLL-10;ELECTRONIC;2026-09-26T11:20:27Z;SEED_B6_ADSB;2026-09-26T11:20:27Z;SEED_B6_ADSB;236cf7e5-eef3-53fb-8229-8656a25b7e98;1.2465;9014.69;USD
92205e54-6e51-50dc-952e-9dfe9a2fddf9;a772ff38-68e4-54a1-b3bf-ee5fe0281e6b;MATCHED;E;a89a9664-afa1-5929-a946-ac3dc1afdd34;WFS-FLL-457570;;FT-FLL-20260926-0011;N806JB;N806JB;B61626;5287.00;LTR;504492.45;509779.45;5287.00;0.8016;KGL;MEA;26.50;GR;4238.06;COA-FLL-20260926-1;2026-09-26T11:07:23Z;WFS-DN-457570;Verified;fuel.ops@airline.com;2026-09-26T13:17:23Z;HD-FLL-10;MTR-HD-FLL-10;ELECTRONIC;2026-09-26T11:17:23Z;SEED_B6_ADSB;2026-09-26T11:17:23Z;SEED_B6_ADSB;67d55469-4332-58ef-91f7-87b030b5bb8f;1.2502;6609.81;USD
56aeddd5-b161-5832-abe7-44a5abc0174e;8ea8e0c5-56b3-5af4-bc21-051681214cd5;MATCHED;M;83d4d7e7-7868-5357-9a70-ee5563f9fc2b;WFS-HPN-788066;;FT-HPN-20260926-0003;N564JB;N564JB;B61067;7769.00;LTR;346272.10;354041.10;7769.00;0.8017;KGL;MEA;17.20;GR;6228.41;COA-HPN-20260926-2;2026-09-26T11:16:41Z;WFS-DN-788066;Verified;fuel.ops@airline.com;2026-09-26T13:32:41Z;RF-HPN-18;MTR-RF-HPN-18;MANUAL;2026-09-26T11:32:41Z;SEED_B6_ADSB;2026-09-26T11:32:41Z;SEED_B6_ADSB;38a6614f-1e78-58d1-98c0-4cf2b716483d;1.3718;10657.51;USD
49f57040-cde3-5f2d-ae2d-d47a6ee11baf;8a036981-feee-5c8d-b999-e51944ded327;MATCHED;E;c923d979-ef65-56fa-82b8-f1e705327f54;WFS-BOS-479102;;FT-BOS-20260926-0014;N3271J;N3271J;B62083;4261.00;LTR;266895.86;271156.86;4261.00;0.8097;KGL;MEA;16.20;GR;3450.13;COA-BOS-20260926-2;2026-09-26T11:11:13Z;WFS-DN-479102;Verified;fuel.ops@airline.com;2026-09-26T13:19:13Z;HD-BOS-10;MTR-HD-BOS-10;ELECTRONIC;2026-09-26T11:19:13Z;SEED_B6_ADSB;2026-09-26T11:19:13Z;SEED_B6_ADSB;d6b06bf9-3fab-5b66-a8bb-4ae8e3465939;1.3279;5658.18;USD
18447bb6-d6dd-54e9-a6b3-95b6b5f08ff4;a8a3938f-4c4a-5586-8c92-7519721ba9b3;MATCHED;M;83af7ed3-1312-5acb-8484-b8e214ff5a7b;BPA-DTW-753893;;FT-DTW-20260926-0003;N3304J;N3304J;B61236;3967.00;LTR;600276.99;604243.99;3967.00;0.8047;KGL;MEA;17.80;GR;3192.24;COA-DTW-20260926-2;2026-09-26T11:11:20Z;BPA-DN-753893;Verified;fuel.ops@airline.com;2026-09-26T13:21:20Z;RF-DTW-17;MTR-RF-DTW-17;MANUAL;2026-09-26T11:21:20Z;SEED_B6_ADSB;2026-09-26T11:21:20Z;SEED_B6_ADSB;6f6a005f-14d6-5e3d-83d1-e87723d017ba;1.3183;5229.7;USD
939cb184-6666-5697-96d5-b9f7a2e1349a;2f2cd699-733f-5abc-a000-2ffbbc2cc767;MATCHED;M;d6e0332a-cfc8-5fd3-ad9c-cbc825963bbb;WFS-BNA-688064;;FT-BNA-20260926-0002;N658JB;N658JB;B62482;5758.00;LTR;655837.61;661595.61;5758.00;0.8104;KGL;MEA;17.20;GR;4666.28;COA-BNA-20260926-1;2026-09-26T11:06:22Z;WFS-DN-688064;Verified;fuel.ops@airline.com;2026-09-26T13:19:22Z;RF-BNA-01;MTR-RF-BNA-01;MANUAL;2026-09-26T11:19:22Z;SEED_B6_ADSB;2026-09-26T11:19:22Z;SEED_B6_ADSB;63044e4a-5ae4-5966-9493-2fae2332d69a;1.2864;7407.09;USD
0160b5ac-916d-5ed3-8310-1552e3c8536c;b1a490f1-9bc6-5e37-9bac-cd8bb4f7456c;MATCHED;M;8c8ade1e-2a19-5723-82f6-eb019577bae3;CGA-MSY-537684;;FT-MSY-20260926-0001;N630JB;N630JB;B61822;3947.00;LTR;401851.82;405798.82;3947.00;0.7945;KGL;MEA;20.10;GR;3135.89;COA-MSY-20260926-1;2026-09-26T11:07:49Z;CGA-DN-537684;Verified;fuel.ops@airline.com;2026-09-26T13:17:49Z;RF-MSY-12;MTR-RF-MSY-12;MANUAL;2026-09-26T11:17:49Z;SEED_B6_ADSB;2026-09-26T11:17:49Z;SEED_B6_ADSB;551f8934-6210-5fba-8a55-3faccd7723ec;1.2634;4986.64;USD
d649be10-3983-5ddf-bb94-91c909bbcb95;9278a883-a0dc-54e6-a0ee-3e55ab8a04fc;MATCHED;M;1183b5b9-9c52-5306-a0e3-24090dcd8dd5;WFS-RDU-697051;;FT-RDU-20260926-0003;N805JB;N805JB;B62625;5071.00;LTR;755383.33;760454.33;5071.00;0.8068;KGL;MEA;21.00;GR;4091.28;COA-RDU-20260926-2;2026-09-26T11:04:04Z;WFS-DN-697051;Verified;fuel.ops@airline.com;2026-09-26T13:16:04Z;RF-RDU-23;MTR-RF-RDU-23;MANUAL;2026-09-26T11:16:04Z;SEED_B6_ADSB;2026-09-26T11:16:04Z;SEED_B6_ADSB;0b5551df-4d1b-5101-b6e8-c9d11f239352;1.2898;6540.58;USD
4508acb3-8268-5075-9236-d91a0163f602;3a6a0899-690b-5e89-b995-f67c3a8f2fd2;MATCHED;E;20540ee4-b75e-59cf-8b8c-be41dcf2862b;WFS-LGA-756556;;FT-LGA-20260926-0004;N656JB;N656JB;B6271;6933.00;LTR;869966.52;876899.52;6933.00;0.8018;KGL;MEA;20.70;GR;5558.88;COA-LGA-20260926-2;2026-09-26T11:00:04Z;WFS-DN-756556;Verified;fuel.ops@airline.com;2026-09-26T13:11:04Z;HD-LGA-22;MTR-HD-LGA-22;ELECTRONIC;2026-09-26T11:11:04Z;SEED_B6_ADSB;2026-09-26T11:11:04Z;SEED_B6_ADSB;19509caf-ee6a-5e76-b84f-6cf785ea63a2;1.3203;9153.64;USD
75dbf225-0684-5693-8a85-b1dd97bf10c2;54b94a29-0ac5-5c81-8856-05e315ed97d1;MATCHED;E;7f8a387e-d198-5cab-8d4a-ea5d1ac26d9c;SHL-BOS-696973;;FT-BOS-20260926-0015;N3112J;N3112J;B6109;6255.00;LTR;650108.13;656363.13;6255.00;0.8093;KGL;MEA;16.70;GR;5062.17;COA-BOS-20260926-2;2026-09-26T11:08:33Z;SHL-DN-696973;Verified;fuel.ops@airline.com;2026-09-26T13:18:33Z;HD-BOS-05;MTR-HD-BOS-05;ELECTRONIC;2026-09-26T11:18:33Z;SEED_B6_ADSB;2026-09-26T11:18:33Z;SEED_B6_ADSB;d2e89b1f-c2dc-59fd-a9a8-c967b6732cad;1.3245;8284.75;USD
601d7419-9bdd-57b0-9be2-5e5584b94f69;a88a1ab9-bd97-505a-9a51-61694edfa276;MATCHED;E;c46a9452-85b0-5f2c-b289-063597da78ae;WFS-ATL-755210;;FT-ATL-20260926-0002;N3229J;N3229J;B61797;4078.00;LTR;805296.52;809374.52;4078.00;0.7936;KGL;MEA;22.70;GR;3236.3;COA-ATL-20260926-3;2026-09-26T10:57:48Z;WFS-DN-755210;Verified;fuel.ops@airline.com;2026-09-26T13:05:48Z;HD-ATL-16;MTR-HD-ATL-16;ELECTRONIC;2026-09-26T11:05:48Z;SEED_B6_ADSB;2026-09-26T11:05:48Z;SEED_B6_ADSB;6c95fe8f-f4af-5809-b71e-79db6a573b25;1.2259;4999.22;USD
70adc5d2-f84b-57e6-b589-7a7470a40e9d;31a5fec4-f670-507d-b39d-aff67beb96dc;MATCHED;E;12235d1a-9b6c-5515-b395-325e1621a2b2;BPA-DCA-429203;;FT-DCA-20260926-0004;N594JB;N594JB;B61347;10363.00;LTR;692343.18;702706.18;10363.00;0.8032;KGL;MEA;16.90;GR;8323.56;COA-DCA-20260926-1;2026-09-26T11:18:31Z;BPA-DN-429203;Verified;fuel.ops@airline.com;2026-09-26T13:33:31Z;HD-DCA-14;MTR-HD-DCA-14;ELECTRONIC;2026-09-26T11:33:31Z;SEED_B6_ADSB;2026-09-26T11:33:31Z;SEED_B6_ADSB;2e64403f-2395-508c-a9d7-43e98ff2bee7;1.3236;13716.47;USD
f47bd12c-500f-5748-82e0-f10f31cf59cb;33a5d91c-b4c4-5011-b6c3-98e4af251e91;MATCHED;E;86deb74c-022d-517e-991e-1d551ebb4f0a;SHL-FLL-485283;;FT-FLL-20260926-0012;N605JB;N605JB;B6686;8234.00;LTR;847535.46;855769.46;8234.00;0.8016;KGL;MEA;26.50;GR;6600.37;COA-FLL-20260926-1;2026-09-26T11:22:33Z;SHL-DN-485283;Verified;fuel.ops@airline.com;2026-09-26T13:35:33Z;HD-FLL-22;MTR-HD-FLL-22;ELECTRONIC;2026-09-26T11:35:33Z;SEED_B6_ADSB;2026-09-26T11:35:33Z;SEED_B6_ADSB;a08b8da4-027a-5f02-b1a5-25c1a4464b79;1.2465;10263.68;USD
73839874-5d99-50b2-b329-2dce549585b0;8221c48f-985b-5864-a991-48de511c4896;MATCHED;E;ec77c6bd-ff74-539a-8e9f-01efe42d11bc;SHL-BOS-696976;;FT-BOS-20260926-0016;N3322J;N3322J;B61055;3452.00;LTR;219637.88;223089.88;3452.00;0.8090;KGL;MEA;17.10;GR;2792.67;COA-BOS-20260926-2;2026-09-26T11:21:27Z;SHL-DN-696976;Verified;fuel.ops@airline.com;2026-09-26T13:28:27Z;HD-BOS-07;MTR-HD-BOS-07;ELECTRONIC;2026-09-26T11:28:27Z;SEED_B6_ADSB;2026-09-26T11:28:27Z;SEED_B6_ADSB;20e0bd9d-b506-507c-8016-4d5a5eba7814;1.3245;4572.17;USD
d36dd6bc-1364-59d6-af9d-ac758e47b7a3;d23c1f3c-90a8-5bac-bcfc-f1be4105154f;MATCHED;E;85349722-c635-54bc-937e-0bdbc02e1592;SHL-BOS-696977;;FT-BOS-20260926-0017;N3241J;N3241J;B6203;8147.00;LTR;263853.27;272000.27;8147.00;0.8108;KGL;MEA;14.90;GR;6605.59;COA-BOS-20260926-2;2026-09-26T11:20:37Z;SHL-DN-696977;Verified;fuel.ops@airline.com;2026-09-26T13:33:37Z;HD-BOS-13;MTR-HD-BOS-13;ELECTRONIC;2026-09-26T11:33:37Z;SEED_B6_ADSB;2026-09-26T11:33:37Z;SEED_B6_ADSB;5e358ea4-e212-546f-a23e-bcc97a0e48b2;1.3245;10790.7;USD
e6c4e5f3-0eeb-589c-9346-537812eb8930;527238af-b28e-5b16-b6f1-c26a94f61e32;MATCHED;E;a6c72bbd-adf4-5c01-9382-2f692cd8d369;WFS-BOS-479103;;FT-BOS-20260926-0018;N588JB;N588JB;B62033;10530.00;LTR;113254.00;123784.00;10530.00;0.8103;KGL;MEA;15.50;GR;8532.46;COA-BOS-20260926-2;2026-09-26T11:15:10Z;WFS-DN-479103;Verified;fuel.ops@airline.com;2026-09-26T13:30:10Z;HD-BOS-08;MTR-HD-BOS-08;ELECTRONIC;2026-09-26T11:30:10Z;SEED_B6_ADSB;2026-09-26T11:30:10Z;SEED_B6_ADSB;67111fd4-62e0-5b61-9fa0-ff7b77d70746;1.3279;13982.79;USD
962f066d-fa44-5636-90b3-3707a0325c1c;d211e258-c0b6-5918-8025-f6f4aa7ba62d;MATCHED;E;da29f890-ded9-5c65-9a25-f79bea35c8dd;WFS-BOS-479106;;FT-BOS-20260926-0019;N3152J;N3152J;B61159;2678.00;LTR;192520.49;195198.49;2678.00;0.8076;KGL;MEA;18.90;GR;2162.75;COA-BOS-20260926-2;2026-09-26T11:26:39Z;WFS-DN-479106;Verified;fuel.ops@airline.com;2026-09-26T13:32:39Z;HD-BOS-15;MTR-HD-BOS-15;ELECTRONIC;2026-09-26T11:32:39Z;SEED_B6_ADSB;2026-09-26T11:32:39Z;SEED_B6_ADSB;5b6728e9-5f91-5438-b35b-bd5f6d86789c;1.3279;3556.12;USD
6808b52a-7c3d-569a-97f5-54e6567abfc5;20023564-3d59-5c07-8056-377bd9e7c71d;MATCHED;E;c3836694-073e-5613-9883-0b9eab6f1565;WFS-BOS-479109;;FT-BOS-20260926-0020;N529JB;N529JB;B669;7856.00;LTR;250689.86;258545.86;7856.00;0.8106;KGL;MEA;15.10;GR;6368.07;COA-BOS-20260926-2;2026-09-26T11:35:59Z;WFS-DN-479109;Verified;fuel.ops@airline.com;2026-09-26T13:47:59Z;HD-BOS-17;MTR-HD-BOS-17;ELECTRONIC;2026-09-26T11:47:59Z;SEED_B6_ADSB;2026-09-26T11:47:59Z;SEED_B6_ADSB;a32ca9d3-d810-5630-a5fc-1251209ab7e4;1.3279;10431.98;USD
0aa32c4a-471e-56cd-b785-553eb526526b;71657504-a36b-5bbf-acb7-12c012da1df9;MATCHED;M;7d78e6bf-7785-52f1-8c39-6a9f823fd43c;WFS-HPN-788067;;FT-HPN-20260926-0004;N531JL;N531JL;B62695;6961.00;LTR;863345.09;870306.09;6961.00;0.8037;KGL;MEA;14.70;GR;5594.56;COA-HPN-20260926-2;2026-09-26T11:36:10Z;WFS-DN-788067;Verified;fuel.ops@airline.com;2026-09-26T13:51:10Z;RF-HPN-06;MTR-RF-HPN-06;MANUAL;2026-09-26T11:51:10Z;SEED_B6_ADSB;2026-09-26T11:51:10Z;SEED_B6_ADSB;7cd12284-0100-5f78-a263-ca4a516630f7;1.3718;9549.1;USD
08d6dd48-ee8c-5fb1-a00c-e223bb0f357c;583efcc6-786c-530d-9871-e666e3b535b7;MATCHED;M;ca16b236-bac4-5e10-be7c-875575f4b40e;WFS-BDL-333680;;FT-BDL-20260926-0002;N665JB;N665JB;B61241;7808.00;LTR;213220.66;221028.66;7808.00;0.8001;KGL;MEA;18.10;GR;6247.18;COA-BDL-20260926-1;2026-09-26T11:32:25Z;WFS-DN-333680;Verified;fuel.ops@airline.com;2026-09-26T13:49:25Z;RF-BDL-01;MTR-RF-BDL-01;MANUAL;2026-09-26T11:49:25Z;SEED_B6_ADSB;2026-09-26T11:49:25Z;SEED_B6_ADSB;05120355-bb79-55cf-8d8a-3bd98e1fdd3d;1.3595;10614.98;USD
01bab871-82bf-58db-9201-478a9a070f11;46740397-ed47-5b87-b93c-f8599993c50c;MATCHED;E;23adb065-cc97-53ab-a3b1-810829bbf12a;WFS-BOS-479112;;FT-BOS-20260926-0021;N636JB;N636JB;B6861;12594.00;LTR;388737.90;401331.90;12594.00;0.8073;KGL;MEA;19.20;GR;10167.14;COA-BOS-20260926-2;2026-09-26T11:38:43Z;WFS-DN-479112;Verified;fuel.ops@airline.com;2026-09-26T13:55:43Z;HD-BOS-22;MTR-HD-BOS-22;ELECTRONIC;2026-09-26T11:55:43Z;SEED_B6_ADSB;2026-09-26T11:55:43Z;SEED_B6_ADSB;966994a4-a480-57c9-be15-2c902c20945c;1.3279;16723.57;USD
ae361013-78da-5414-a6a0-6884a3ce0cb4;21368a27-0b9f-5632-996c-f03983cbca57;MATCHED;E;3da45f57-3613-5ea3-93bb-e76723a71fe2;PMA-SJU-755504;;FT-SJU-20260926-0005;N779JB;N779JB;B61134;11827.00;LTR;632201.75;644028.75;11827.00;0.7974;KGL;MEA;30.80;GR;9430.85;COA-SJU-20260926-3;2026-09-26T11:48:13Z;PMA-DN-755504;Verified;fuel.ops@airline.com;2026-09-26T14:05:13Z;HD-SJU-12;MTR-HD-SJU-12;ELECTRONIC;2026-09-26T12:05:13Z;SEED_B6_ADSB;2026-09-26T12:05:13Z;SEED_B6_ADSB;2c4dac59-7338-5cec-88e4-a87d2dd6d235;1.3117;15513.48;USD
7e28ae42-45f8-5886-b196-cfe628248ee8;aea5b382-722d-59df-8adf-26cbd91588da;MATCHED;M;5574e0d7-110b-5c1a-9255-dac54a61429b;WFS-CLT-174252;;FT-CLT-20260926-0001;N768JB;N768JB;B6848;5728.00;LTR;670568.90;676296.90;5728.00;0.7957;KGL;MEA;21.60;GR;4557.77;COA-CLT-20260926-2;2026-09-26T11:39:37Z;WFS-DN-174252;Verified;fuel.ops@airline.com;2026-09-26T13:53:37Z;RF-CLT-05;MTR-RF-CLT-05;MANUAL;2026-09-26T11:53:37Z;SEED_B6_ADSB;2026-09-26T11:53:37Z;SEED_B6_ADSB;602c4bb7-0d49-5783-997e-6ddd4df4317d;1.2897;7387.4;USD
ef2ffff6-af31-5db7-822f-3b6c3ae9ffa1;3ac89f36-fca9-5435-8bb6-f20abdce5715;MATCHED;E;633364a3-76dc-5e93-a0cf-b15f0b317c72;PMA-SJU-755506;;FT-SJU-20260926-0006;N593JB;N593JB;B6276;11371.00;LTR;205016.30;216387.30;11371.00;0.8010;KGL;MEA;26.40;GR;9108.17;COA-SJU-20260926-3;2026-09-26T11:48:31Z;PMA-DN-755506;Verified;fuel.ops@airline.com;2026-09-26T14:05:31Z;HD-SJU-08;MTR-HD-SJU-08;ELECTRONIC;2026-09-26T12:05:31Z;SEED_B6_ADSB;2026-09-26T12:05:31Z;SEED_B6_ADSB;8eb59e76-470b-570d-8765-f79c2a5c8865;1.3117;14915.34;USD
7f484874-ab2d-587c-8804-422ae6604abc;2b765c71-c427-5473-818e-edfa4b5ed90e;MATCHED;E;42a46325-fde3-541a-bc94-94a26adf3984;WFS-JFK-403999;;FT-JFK-20260926-0013;N3221J;N3221J;B61273;3723.00;LTR;471546.18;475269.18;3723.00;0.7979;KGL;MEA;19.20;GR;2970.58;COA-JFK-20260926-3;2026-09-26T11:39:00Z;WFS-DN-403999;Verified;fuel.ops@airline.com;2026-09-26T13:47:00Z;HD-JFK-04;MTR-HD-JFK-04;ELECTRONIC;2026-09-26T11:47:00Z;SEED_B6_ADSB;2026-09-26T11:47:00Z;SEED_B6_ADSB;e2745d0c-2b7d-5793-90fe-1561e332c4c0;1.3151;4896.12;USD
e4b217b4-4f05-5df7-b718-3facef1c7de3;bb276bc2-0218-5a77-a61c-2182dc4272f8;MATCHED;E;1face35d-e228-5291-840e-dff97174aa6c;WFS-BOS-479113;;FT-BOS-20260926-0022;N3058J;N3058J;B62229;4141.00;LTR;452174.32;456315.32;4141.00;0.8109;KGL;MEA;14.70;GR;3357.94;COA-BOS-20260926-2;2026-09-26T11:32:59Z;WFS-DN-479113;Verified;fuel.ops@airline.com;2026-09-26T13:40:59Z;HD-BOS-12;MTR-HD-BOS-12;ELECTRONIC;2026-09-26T11:40:59Z;SEED_B6_ADSB;2026-09-26T11:40:59Z;SEED_B6_ADSB;bab8849f-af33-5edc-96ab-9685a33f42a8;1.3279;5498.83;USD
8d3f13d2-eb4f-574b-be3d-0f636f36cfda;2ca6081e-6a27-5627-80c0-40e2f3378d0e;MATCHED;M;120169e3-ce05-5fde-9011-b4130b604324;WFS-ALB-625372;;FT-ALB-20260926-0002;N580JB;N580JB;B62920;8425.00;LTR;439712.67;448137.67;8425.00;0.8034;KGL;MEA;18.00;GR;6768.65;COA-ALB-20260926-1;2026-09-26T11:50:55Z;WFS-DN-625372;Verified;fuel.ops@airline.com;2026-09-26T14:07:55Z;RF-ALB-23;MTR-RF-ALB-23;MANUAL;2026-09-26T12:07:55Z;SEED_B6_ADSB;2026-09-26T12:07:55Z;SEED_B6_ADSB;69abffcb-2cac-56af-b19a-ac0f65198bac;1.3760;11592.8;USD
c005b887-3035-59bb-afb6-e8df008a8d9b;0cca3e70-279f-5f67-8d97-56b8a3ff0acd;MATCHED;E;f369294a-ebe5-5bb1-a6c8-28c2ca765519;BPA-TPA-704116;;FT-TPA-20260926-0003;N796JB;N796JB;B61906;3383.00;LTR;602500.20;605883.20;3383.00;0.8048;KGL;MEA;22.50;GR;2722.64;COA-TPA-20260926-2;2026-09-26T11:51:15Z;BPA-DN-704116;Verified;fuel.ops@airline.com;2026-09-26T13:58:15Z;HD-TPA-20;MTR-HD-TPA-20;ELECTRONIC;2026-09-26T11:58:15Z;SEED_B6_ADSB;2026-09-26T11:58:15Z;SEED_B6_ADSB;66b90ffc-573d-5b79-8df3-ebcc00c8ef85;1.2392;4192.21;USD
4185a39b-36e0-515c-9ea8-8b74ec1b5724;07c363c3-862b-58c0-9f0e-9330afc71428;MATCHED;E;385ad242-e50f-5816-9dbf-aed2905eab81;BPA-EWR-657021;;FT-EWR-20260926-0004;N633JB;N633JB;B6105;7380.00;LTR;480564.35;487944.35;7380.00;0.8056;KGL;MEA;14.90;GR;5945.33;COA-EWR-20260926-3;2026-09-26T11:46:44Z;BPA-DN-657021;Verified;fuel.ops@airline.com;2026-09-26T13:58:44Z;HD-EWR-19;MTR-HD-EWR-19;ELECTRONIC;2026-09-26T11:58:44Z;SEED_B6_ADSB;2026-09-26T11:58:44Z;SEED_B6_ADSB;f080bad0-8a25-5ab5-a976-53f7765d5269;1.3283;9802.85;USD
2de06545-6eb6-57f3-9a39-eabd72257d8b;767ea9d9-acc7-53f5-8e95-cabdcc59ae4c;MATCHED;E;916efacb-20ad-5a70-bb9e-51a20c756165;WFS-JFK-404000;;FT-JFK-20260926-0014;N2199J;N2199J;B6223;15513.00;LTR;701314.26;716827.26;15513.00;0.7991;KGL;MEA;17.60;GR;12396.44;COA-JFK-20260926-3;2026-09-26T11:49:28Z;WFS-DN-404000;Verified;fuel.ops@airline.com;2026-09-26T14:10:28Z;HD-JFK-17;MTR-HD-JFK-17;ELECTRONIC;2026-09-26T12:10:28Z;SEED_B6_ADSB;2026-09-26T12:10:28Z;SEED_B6_ADSB;372c1565-43b6-5213-b61c-1fc452b8275e;1.3151;20401.15;USD
8af69d17-e8c6-5736-802d-365ae2d017c3;8b08e22d-a455-5719-a493-165b3cdee08a;MATCHED;E;47b7537b-85b4-5323-8f7b-65bfcec97acb;WFS-JFK-404003;;FT-JFK-20260926-0015;N3104J;N3104J;B61381;7417.00;LTR;701314.26;708731.26;7417.00;0.7997;KGL;MEA;16.90;GR;5931.37;COA-JFK-20260926-3;2026-09-26T11:50:55Z;WFS-DN-404003;Verified;fuel.ops@airline.com;2026-09-26T14:02:55Z;HD-JFK-17;MTR-HD-JFK-17;ELECTRONIC;2026-09-26T12:02:55Z;SEED_B6_ADSB;2026-09-26T12:02:55Z;SEED_B6_ADSB;d9c08331-02aa-508f-80fe-76e727537b8d;1.3151;9754.1;USD
b8df69d3-9d85-5b1a-b3b9-5c44b6f48778;1092987c-a7eb-53de-b31c-8de24ef3a03c;MATCHED;E;864844f4-7e26-5499-a5ed-1c5bdec5d4ea;WFS-BOS-479116;;FT-BOS-20260926-0023;N763JB;N763JB;B61215;3412.00;LTR;885066.69;888478.69;3412.00;0.8101;KGL;MEA;15.70;GR;2764.06;COA-BOS-20260926-2;2026-09-26T12:02:37Z;WFS-DN-479116;Verified;fuel.ops@airline.com;2026-09-26T14:09:37Z;HD-BOS-24;MTR-HD-BOS-24;ELECTRONIC;2026-09-26T12:09:37Z;SEED_B6_ADSB;2026-09-26T12:09:37Z;SEED_B6_ADSB;777a75d1-9418-56a8-bf21-dca250d8c951;1.3279;4530.79;USD
ad36ff00-ba76-5f11-ab3c-f9c80cb73e8a;46545d0f-58f5-5224-9900-b5f87868970f;MATCHED;E;8950c534-8dd6-5f8e-b314-e73183e2dd27;WFS-BOS-479118;;FT-BOS-20260926-0024;N3077J;N3077J;B6567;4945.00;LTR;452174.32;457119.32;4945.00;0.8089;KGL;MEA;17.20;GR;4000.01;COA-BOS-20260926-2;2026-09-26T12:11:46Z;WFS-DN-479118;Verified;fuel.ops@airline.com;2026-09-26T14:20:46Z;HD-BOS-12;MTR-HD-BOS-12;ELECTRONIC;2026-09-26T12:20:46Z;SEED_B6_ADSB;2026-09-26T12:20:46Z;SEED_B6_ADSB;29301e4d-8bce-54b5-80fd-4f1679ff8221;1.3279;6566.47;USD
b4be94c6-6bc6-5f5e-b73a-a440051817f8;6299d901-f3db-587a-b814-a53789b4d5d9;MATCHED;M;0c3e864d-90bc-5b68-a101-cc0ee674a253;BPA-PIT-505336;;FT-PIT-20260926-0003;N3102J;N3102J;B61286;3212.00;LTR;172132.09;175344.09;3212.00;0.8023;KGL;MEA;19.60;GR;2576.99;COA-PIT-20260926-1;2026-09-26T12:21:27Z;BPA-DN-505336;Verified;fuel.ops@airline.com;2026-09-26T14:30:27Z;RF-PIT-12;MTR-RF-PIT-12;MANUAL;2026-09-26T12:30:27Z;SEED_B6_ADSB;2026-09-26T12:30:27Z;SEED_B6_ADSB;997c0ad2-f17e-5d5b-b15b-27f08a886d1e;1.3572;4359.33;USD
633c00f3-d52b-569a-8cfa-a7e615f656d8;f4ec4143-8a21-55d9-810a-942a34f8bc7e;MATCHED;E;fe0a8ee0-9d30-5249-821b-bb5c4696211f;SHL-JFK-512778;;FT-JFK-20260926-0016;N3251J;N3251J;B6273;8321.00;LTR;686415.81;694736.81;8321.00;0.7970;KGL;MEA;20.30;GR;6631.84;COA-JFK-20260926-3;2026-09-26T12:04:39Z;SHL-DN-512778;Verified;fuel.ops@airline.com;2026-09-26T14:17:39Z;HD-JFK-02;MTR-HD-JFK-02;ELECTRONIC;2026-09-26T12:17:39Z;SEED_B6_ADSB;2026-09-26T12:17:39Z;SEED_B6_ADSB;2dce1819-a839-5d2b-8ebf-78dfbc8214ef;1.3238;11015.34;USD
b705db72-1377-5f54-a261-270412720984;16fd72fc-fe6c-59a8-b427-96a7246c4e70;MATCHED;E;bbcfdd64-8316-5340-9b63-b0125ec9f990;SHL-BOS-696978;;FT-BOS-20260926-0025;N3276J;N3276J;B61281;3480.00;LTR;250689.86;254169.86;3480.00;0.8109;KGL;MEA;14.70;GR;2821.93;COA-BOS-20260926-2;2026-09-26T12:02:38Z;SHL-DN-696978;Verified;fuel.ops@airline.com;2026-09-26T14:09:38Z;HD-BOS-17;MTR-HD-BOS-17;ELECTRONIC;2026-09-26T12:09:38Z;SEED_B6_ADSB;2026-09-26T12:09:38Z;SEED_B6_ADSB;f3df9a0e-4c14-53bd-ae78-6e1e04ab0d32;1.3245;4609.26;USD
29e370bc-1d5d-5a39-8946-c7699401e51c;da9245e2-1c8f-5842-9d8e-83825650c889;MATCHED;E;db68fb2b-a198-5420-8844-ad5605969c67;CGA-LAS-427529;;FT-LAS-20260926-0001;N983JT;N983JT;B62348;14629.00;LTR;426374.12;441003.12;14629.00;0.7962;KGL;MEA;20.00;GR;11647.61;COA-LAS-20260926-2;2026-09-26T12:18:33Z;CGA-DN-427529;Verified;fuel.ops@airline.com;2026-09-26T14:38:33Z;HD-LAS-09;MTR-HD-LAS-09;ELECTRONIC;2026-09-26T12:38:33Z;SEED_B6_ADSB;2026-09-26T12:38:33Z;SEED_B6_ADSB;641d49ba-3060-559c-ab53-dfae053f70b9;1.3161;19253.23;USD
59087cdc-6de3-5a7e-a99b-824921eb09e2;9364f21d-3411-56c3-928b-7754400d22dc;MATCHED;E;6be26b56-4ebd-566f-a62c-a8f2d143d63e;CGA-SFO-275669;;FT-SFO-20260926-0002;N985JT;N985JT;B6116;19820.00;LTR;655660.16;675480.16;19820.00;0.7982;KGL;MEA;16.90;GR;15820.32;COA-SFO-20260926-2;2026-09-26T12:17:56Z;CGA-DN-275669;Verified;fuel.ops@airline.com;2026-09-26T14:43:56Z;HD-SFO-08;MTR-HD-SFO-08;ELECTRONIC;2026-09-26T12:43:56Z;SEED_B6_ADSB;2026-09-26T12:43:56Z;SEED_B6_ADSB;4c35f97e-dd51-5654-a8ec-5bd52c9189f9;1.3346;26451.77;USD
ec209cce-95de-527f-8e3f-8135a4a0828e;2d5236dc-f387-54c5-a06f-22d209f68052;MATCHED;E;fa155025-f0d8-5633-bff3-826c7f14c89b;WFS-JFK-404006;;FT-JFK-20260926-0017;N4022J;N4022J;B61107;18526.00;LTR;557028.82;575554.82;18526.00;0.7999;KGL;MEA;16.60;GR;14818.95;COA-JFK-20260926-3;2026-09-26T12:12:41Z;WFS-DN-404006;Verified;fuel.ops@airline.com;2026-09-26T14:36:41Z;HD-JFK-05;MTR-HD-JFK-05;ELECTRONIC;2026-09-26T12:36:41Z;SEED_B6_ADSB;2026-09-26T12:36:41Z;SEED_B6_ADSB;1cbfe3c0-12b7-52b7-8d98-6f159ca1d615;1.3151;24363.54;USD
1f3a27a4-b306-5e99-a4fb-4e8c8aa711b3;8334d0dd-b2d1-5ef8-b84a-2a3d0b57b56d;MATCHED;E;a1b96a22-b6f3-5dd0-add0-5a3c5a58100f;PMA-SJU-755507;;FT-SJU-20260926-0007;N625JB;N625JB;B62154;6791.00;LTR;205016.30;211807.30;6791.00;0.7986;KGL;MEA;29.40;GR;5423.29;COA-SJU-20260926-3;2026-09-26T12:12:20Z;PMA-DN-755507;Verified;fuel.ops@airline.com;2026-09-26T14:23:20Z;HD-SJU-08;MTR-HD-SJU-08;ELECTRONIC;2026-09-26T12:23:20Z;SEED_B6_ADSB;2026-09-26T12:23:20Z;SEED_B6_ADSB;a4c8c165-60b9-5d52-85db-3313c0624dd9;1.3117;8907.75;USD
4718d11e-6294-57c4-8219-0d4166f0e746;ef66869b-8fca-58ce-a38f-95ce87153732;MATCHED;E;e12feffd-79da-5348-9fad-ea1b6af19539;WFS-BOS-479119;;FT-BOS-20260926-0026;N3132J;N3132J;B6393;11248.00;LTR;880798.33;892046.33;11248.00;0.8105;KGL;MEA;15.20;GR;9116.5;COA-BOS-20260926-2;2026-09-26T12:10:10Z;WFS-DN-479119;Verified;fuel.ops@airline.com;2026-09-26T14:26:10Z;HD-BOS-02;MTR-HD-BOS-02;ELECTRONIC;2026-09-26T12:26:10Z;SEED_B6_ADSB;2026-09-26T12:26:10Z;SEED_B6_ADSB;9fdff6eb-51f7-5ae1-8ee8-64d2d8dc8673;1.3279;14936.22;USD
6b2ae5bf-83b6-50cd-990d-c29a9ff495d4;6c513cb4-8477-5eb7-bdae-6eacf7384d8a;MATCHED;M;b27c494e-76b2-5fc5-bcee-de0ae6aa1c1a;WFS-BUF-723708;;FT-BUF-20260926-0004;N3113J;N3113J;B6716;2831.00;LTR;177323.69;180154.69;2831.00;0.8016;KGL;MEA;19.10;GR;2269.33;COA-BUF-20260926-3;2026-09-26T12:13:19Z;WFS-DN-723708;Verified;fuel.ops@airline.com;2026-09-26T14:22:19Z;RF-BUF-22;MTR-RF-BUF-22;MANUAL;2026-09-26T12:22:19Z;SEED_B6_ADSB;2026-09-26T12:22:19Z;SEED_B6_ADSB;63958b44-e757-5484-868f-5b624de6260d;1.3425;3800.62;USD
298c6013-5ddc-52d0-ad13-8f0b7aa54e6f;0aab5600-56b7-5ccb-b8c4-1ef4d636f062;MATCHED;E;0eb1f314-e902-5c31-9005-b7cd40a1452b;CGA-LAX-552105;;FT-LAX-20260926-0001;N962JT;N962JT;B62074;17806.00;LTR;432396.31;450202.31;17806.00;0.8030;KGL;MEA;22.70;GR;14298.22;COA-LAX-20260926-2;2026-09-26T12:18:37Z;CGA-DN-552105;Verified;fuel.ops@airline.com;2026-09-26T14:41:37Z;HD-LAX-10;MTR-HD-LAX-10;ELECTRONIC;2026-09-26T12:41:37Z;SEED_B6_ADSB;2026-09-26T12:41:37Z;SEED_B6_ADSB;4892de37-4145-5e42-bbe5-061569202914;1.3159;23430.92;USD
dac284e7-3d02-5900-bf1b-9c63c03fb1c1;e9bcfe89-a180-576d-81b0-4e56735ff73e;MATCHED;E;95737c22-4fb7-51ab-beea-10af76bad4fc;SHL-FLL-485286;;FT-FLL-20260926-0013;N959JB;N959JB;B61002;9170.00;LTR;325946.20;335116.20;9170.00;0.8040;KGL;MEA;23.50;GR;7372.68;COA-FLL-20260926-1;2026-09-26T12:27:47Z;SHL-DN-485286;Verified;fuel.ops@airline.com;2026-09-26T14:41:47Z;HD-FLL-15;MTR-HD-FLL-15;ELECTRONIC;2026-09-26T12:41:47Z;SEED_B6_ADSB;2026-09-26T12:41:47Z;SEED_B6_ADSB;718c3c95-fa92-5b9e-9f33-67090659a27d;1.2465;11430.4;USD
1627a899-ebc4-58c5-9742-5af7ae7bed2e;d3fa8a48-91ad-5a58-9c72-825be877b6a2;MATCHED;E;d3f2f325-b6ab-5d17-992a-546ce0a99a28;SHL-MCO-595764;;FT-MCO-20260926-0005;N579JB;N579JB;B694;7736.00;LTR;858618.00;866354.00;7736.00;0.7995;KGL;MEA;25.40;GR;6184.93;COA-MCO-20260926-1;2026-09-26T12:14:02Z;SHL-DN-595764;Verified;fuel.ops@airline.com;2026-09-26T14:26:02Z;HD-MCO-04;MTR-HD-MCO-04;ELECTRONIC;2026-09-26T12:26:02Z;SEED_B6_ADSB;2026-09-26T12:26:02Z;SEED_B6_ADSB;46ba6e87-fb9a-599c-bbd9-e7d4745e7707;1.2616;9759.74;USD
27bfc106-2ee2-5db2-97d5-f6f354437bbb;5b2ee05b-bdb5-51ee-a94b-105c1906657d;MATCHED;M;e7136776-e848-5eac-8891-5b5986a3d70e;BPA-CLE-201352;;FT-CLE-20260926-0003;N3289J;N3289J;B61340;4642.00;LTR;242738.88;247380.88;4642.00;0.7983;KGL;MEA;17.90;GR;3705.71;COA-CLE-20260926-3;2026-09-26T12:13:20Z;BPA-DN-201352;Verified;fuel.ops@airline.com;2026-09-26T14:24:20Z;RF-CLE-07;MTR-RF-CLE-07;MANUAL;2026-09-26T12:24:20Z;SEED_B6_ADSB;2026-09-26T12:24:20Z;SEED_B6_ADSB;dd2d7c46-6804-52f6-99ca-3cf730c39309;1.3191;6123.26;USD
95d02cfc-19f7-5736-91ec-d41031442ffc;0b6267a8-3647-5dd2-b304-6db10f4c3295;MATCHED;E;26c1073a-59d4-55ac-b335-918f80ce7762;BPA-MCO-339302;;FT-MCO-20260926-0006;N571JB;N571JB;B61077;13599.00;LTR;460101.98;473700.98;13599.00;0.7992;KGL;MEA;25.80;GR;10868.32;COA-MCO-20260926-1;2026-09-26T12:25:16Z;BPA-DN-339302;Verified;fuel.ops@airline.com;2026-09-26T14:44:16Z;HD-MCO-22;MTR-HD-MCO-22;ELECTRONIC;2026-09-26T12:44:16Z;SEED_B6_ADSB;2026-09-26T12:44:16Z;SEED_B6_ADSB;c104128f-3ac5-5d1e-b02b-043e439cd39c;1.2561;17081.7;USD
a96a6092-4ca5-5fdc-b449-bd0fc7a731e4;82537171-730b-5497-8b59-12260e6f5160;MATCHED;E;4dbc09aa-afef-544b-86ad-f5ce785559f2;SHL-FLL-485287;;FT-FLL-20260926-0014;N659JB;N659JB;B6979;8779.00;LTR;504492.45;513271.45;8779.00;0.8028;KGL;MEA;25.00;GR;7047.78;COA-FLL-20260926-1;2026-09-26T12:17:19Z;SHL-DN-485287;Verified;fuel.ops@airline.com;2026-09-26T14:30:19Z;HD-FLL-10;MTR-HD-FLL-10;ELECTRONIC;2026-09-26T12:30:19Z;SEED_B6_ADSB;2026-09-26T12:30:19Z;SEED_B6_ADSB;0cc769b4-9e8d-5890-9ee1-2c21604f557b;1.2465;10943.02;USD
787b95cd-d1ff-5f2f-81d7-6e6382553733;13658b90-771e-55c1-8e10-f72f9094e823;MATCHED;E;e7fc6b51-9a9b-5305-a0b9-dcbb3dbb2092;SHL-MCO-595765;;FT-MCO-20260926-0007;N624JB;N624JB;B62547;1732.00;LTR;198671.17;200403.17;1732.00;0.8008;KGL;MEA;23.70;GR;1386.99;COA-MCO-20260926-1;2026-09-26T12:33:42Z;SHL-DN-595765;Verified;fuel.ops@airline.com;2026-09-26T14:39:42Z;HD-MCO-15;MTR-HD-MCO-15;ELECTRONIC;2026-09-26T12:39:42Z;SEED_B6_ADSB;2026-09-26T12:39:42Z;SEED_B6_ADSB;45cff6ad-77e8-59fa-a3e5-292b7db41a2c;1.2616;2185.09;USD
f348d9ad-cfd4-5ce0-85c9-1e11af49a693;aa9385d5-a594-5597-bf87-b851b91fee43;MATCHED;M;3027ceaf-dd45-5352-90c9-a6390bae5a03;WFS-SYR-619690;;FT-SYR-20260926-0002;N3123J;N3123J;B6374;3579.00;LTR;378923.14;382502.14;3579.00;0.8093;KGL;MEA;14.10;GR;2896.48;COA-SYR-20260926-2;2026-09-26T12:25:59Z;WFS-DN-619690;Verified;fuel.ops@airline.com;2026-09-26T14:34:59Z;RF-SYR-22;MTR-RF-SYR-22;MANUAL;2026-09-26T12:34:59Z;SEED_B6_ADSB;2026-09-26T12:34:59Z;SEED_B6_ADSB;3916a34b-f21b-58a0-9e5f-e3b5d5bfd0f0;1.3710;4906.81;USD
759670f1-8d39-533a-a90c-1a18dbd809ba;c35332f0-bb34-5fd1-9f91-22c61d2c0d33;MATCHED;E;df67be09-bf4d-5c44-9b08-c9a2db4e4eb8;WFS-BOS-479122;;FT-BOS-20260926-0027;N703JB;N703JB;B62909;8144.00;LTR;491462.45;499606.45;8144.00;0.8099;KGL;MEA;16.00;GR;6595.83;COA-BOS-20260926-2;2026-09-26T12:29:45Z;WFS-DN-479122;Verified;fuel.ops@airline.com;2026-09-26T14:41:45Z;HD-BOS-14;MTR-HD-BOS-14;ELECTRONIC;2026-09-26T12:41:45Z;SEED_B6_ADSB;2026-09-26T12:41:45Z;SEED_B6_ADSB;304fa88d-94e2-5dee-862d-21861abebf3f;1.3279;10814.42;USD
66387435-6854-58d6-b1c8-223c0075c1d7;83f46520-8d6a-56f4-b658-40db75c8c8bc;MATCHED;E;50d192f0-7647-5fba-85a2-a86716bbac0f;WFS-JFK-404009;;FT-JFK-20260926-0018;N3291J;N3291J;B6905;4711.00;LTR;405482.04;410193.04;4711.00;0.7986;KGL;MEA;18.30;GR;3762.2;COA-JFK-20260926-3;2026-09-26T12:33:45Z;WFS-DN-404009;Verified;fuel.ops@airline.com;2026-09-26T14:42:45Z;HD-JFK-01;MTR-HD-JFK-01;ELECTRONIC;2026-09-26T12:42:45Z;SEED_B6_ADSB;2026-09-26T12:42:45Z;SEED_B6_ADSB;5bcbb408-73d9-54bf-9d02-402d5693836e;1.3151;6195.44;USD
571c1eb7-3912-5d6a-80b3-013db4c246e5;81cc2a15-df67-51d1-8bfe-d6d9ed832b05;MATCHED;E;f9612bdc-d401-5c7c-85eb-b5e1deae9729;WFS-JFK-404011;;FT-JFK-20260926-0019;N638JB;N638JB;B61601;7583.00;LTR;555424.55;563007.55;7583.00;0.7999;KGL;MEA;16.60;GR;6065.64;COA-JFK-20260926-3;2026-09-26T12:20:44Z;WFS-DN-404011;Verified;fuel.ops@airline.com;2026-09-26T14:32:44Z;HD-JFK-07;MTR-HD-JFK-07;ELECTRONIC;2026-09-26T12:32:44Z;SEED_B6_ADSB;2026-09-26T12:32:44Z;SEED_B6_ADSB;8a53c93b-650d-51af-8924-4b21f66bd671;1.3151;9972.4;USD
5f088ebe-a1cb-5ac2-971a-acf10458f29f;d2a4ef4d-d15d-53ed-aec0-22ea1067573c;MATCHED;E;5900365c-c52c-59e6-b0b6-acb8170669b8;PMA-SJU-755509;;FT-SJU-20260926-0008;N954JB;N954JB;B6452;10390.00;LTR;751873.59;762263.59;10390.00;0.7988;KGL;MEA;29.10;GR;8299.53;COA-SJU-20260926-3;2026-09-26T12:45:17Z;PMA-DN-755509;Verified;fuel.ops@airline.com;2026-09-26T15:00:17Z;HD-SJU-21;MTR-HD-SJU-21;ELECTRONIC;2026-09-26T13:00:17Z;SEED_B6_ADSB;2026-09-26T13:00:17Z;SEED_B6_ADSB;765dfd6d-7bd9-5b61-94f8-baaeeec053ad;1.3117;13628.56;USD
d6c4d8da-96f7-5d03-a160-afe936b8e2e5;801f6eb7-aac3-5355-86db-25ce166227a9;MATCHED;E;7c5f9b7e-b86f-5378-afcc-280b6b855e3f;CGA-LAS-427532;;FT-LAS-20260926-0002;N570JB;N570JB;B69012;12359.00;LTR;231484.99;243843.99;12359.00;0.7962;KGL;MEA;20.10;GR;9840.24;COA-LAS-20260926-2;2026-09-26T12:32:31Z;CGA-DN-427532;Verified;fuel.ops@airline.com;2026-09-26T14:49:31Z;HD-LAS-24;MTR-HD-LAS-24;ELECTRONIC;2026-09-26T12:49:31Z;SEED_B6_ADSB;2026-09-26T12:49:31Z;SEED_B6_ADSB;13da68eb-2e62-5212-8e84-eabb6e412ac7;1.3161;16265.68;USD
ddd8036f-db33-5bf9-bd48-e8728016e1bc;2afe7295-a47d-59fa-a155-f1b00e7c3a50;MATCHED;M;bb0ad075-17f5-5e97-964d-31687897280c;WFS-PVD-219764;;FT-PVD-20260926-0003;N618JB;N618JB;B62087;8038.00;LTR;194656.58;202694.58;8038.00;0.8094;KGL;MEA;16.90;GR;6505.96;COA-PVD-20260926-2;2026-09-26T12:46:37Z;WFS-DN-219764;Verified;fuel.ops@airline.com;2026-09-26T15:03:37Z;RF-PVD-20;MTR-RF-PVD-20;MANUAL;2026-09-26T13:03:37Z;SEED_B6_ADSB;2026-09-26T13:03:37Z;SEED_B6_ADSB;1f682cab-21f0-5349-8266-cafc7b9ddb38;1.3680;10995.98;USD
dc673910-53b0-5964-a4ec-93e0fddab29d;e9b0e9fd-dbab-56d2-8d2e-f207e13ed347;MATCHED;E;ddfa0e1d-f555-537b-8223-b5bf5530e82c;BPA-MCO-339305;;FT-MCO-20260926-0008;N907JB;N907JB;B6384;7699.00;LTR;858618.00;866317.00;7699.00;0.7988;KGL;MEA;26.20;GR;6149.96;COA-MCO-20260926-1;2026-09-26T12:48:09Z;BPA-DN-339305;Verified;fuel.ops@airline.com;2026-09-26T15:00:09Z;HD-MCO-04;MTR-HD-MCO-04;ELECTRONIC;2026-09-26T13:00:09Z;SEED_B6_ADSB;2026-09-26T13:00:09Z;SEED_B6_ADSB;740c765f-c65a-5cbb-a149-e01d5c0a5b3f;1.2561;9670.71;USD
95d42432-649a-5a41-a5b5-7f1b71fcdf4e;0ad5d952-d097-5ff4-a43b-680ce5fb85ec;MATCHED;E;7b4413ac-eabf-59eb-97a0-e1c840cb574b;WFS-FLL-457573;;FT-FLL-20260926-0015;N523JB;N523JB;B6872;8990.00;LTR;847535.46;856525.46;8990.00;0.8017;KGL;MEA;26.30;GR;7207.28;COA-FLL-20260926-1;2026-09-26T12:51:34Z;WFS-DN-457573;Verified;fuel.ops@airline.com;2026-09-26T15:04:34Z;HD-FLL-22;MTR-HD-FLL-22;ELECTRONIC;2026-09-26T13:04:34Z;SEED_B6_ADSB;2026-09-26T13:04:34Z;SEED_B6_ADSB;d513d7be-de4b-5bc8-9307-c63f0cc66f08;1.2502;11239.3;USD
30cc10ce-3f8a-508b-b997-77ed21244436;e3b09638-d49f-5768-b6dc-8788a5a1904e;MATCHED;E;f5c0c195-f89b-558a-a1e2-f422da309720;SHL-FLL-485289;;FT-FLL-20260926-0016;N988JT;N988JT;B62801;16285.00;LTR;454192.41;470477.41;16285.00;0.8045;KGL;MEA;22.90;GR;13101.28;COA-FLL-20260926-1;2026-09-26T12:55:42Z;SHL-DN-485289;Verified;fuel.ops@airline.com;2026-09-26T15:17:42Z;HD-FLL-17;MTR-HD-FLL-17;ELECTRONIC;2026-09-26T13:17:42Z;SEED_B6_ADSB;2026-09-26T13:17:42Z;SEED_B6_ADSB;e6b06aa6-abb9-5b30-aa4f-33c18d9f38b8;1.2465;20299.25;USD
53a79b9c-d01c-5d81-8b17-299ed4a9112f;8a25e4da-db3f-5b49-9987-5437a6b23a16;MATCHED;E;0ff9121b-fb87-56c1-8571-5d714121a220;WFS-FLL-457575;;FT-FLL-20260926-0017;N559JB;N559JB;B62371;9462.00;LTR;325946.20;335408.20;9462.00;0.8030;KGL;MEA;24.70;GR;7597.99;COA-FLL-20260926-1;2026-09-26T13:04:45Z;WFS-DN-457575;Verified;fuel.ops@airline.com;2026-09-26T15:18:45Z;HD-FLL-15;MTR-HD-FLL-15;ELECTRONIC;2026-09-26T13:18:45Z;SEED_B6_ADSB;2026-09-26T13:18:45Z;SEED_B6_ADSB;b1f62626-57df-5f08-acfb-88b1a1904e6c;1.2502;11829.39;USD
f0af6dc1-8e45-5fde-98cb-7221b2a8d1c3;63171dbb-9671-5e1c-b796-7f3976642e16;MATCHED;E;4f0adaac-5469-5318-96d8-79ce2b33f528;BPA-MCO-339306;;FT-MCO-20260926-0009;N980JT;N980JT;B62821;17512.00;LTR;441456.33;458968.33;17512.00;0.8009;KGL;MEA;23.60;GR;14025.36;COA-MCO-20260926-1;2026-09-26T12:45:48Z;BPA-DN-339306;Verified;fuel.ops@airline.com;2026-09-26T15:08:48Z;HD-MCO-12;MTR-HD-MCO-12;ELECTRONIC;2026-09-26T13:08:48Z;SEED_B6_ADSB;2026-09-26T13:08:48Z;SEED_B6_ADSB;e53dd906-d186-5300-97d5-a73edd290d02;1.2561;21996.82;USD
cf7506fb-7b3b-5ca5-b16d-8b3c60d1b865;a813bcd5-6abe-5910-96cd-dd5eb5a9fa49;MATCHED;E;4efaba42-9d13-5240-b9f0-0ba1532016d6;WFS-LAX-154059;;FT-LAX-20260926-0002;N989JT;N989JT;B6288;18557.00;LTR;672220.04;690777.04;18557.00;0.8034;KGL;MEA;22.30;GR;14908.69;COA-LAX-20260926-2;2026-09-26T12:47:05Z;WFS-DN-154059;Verified;fuel.ops@airline.com;2026-09-26T15:11:05Z;HD-LAX-23;MTR-HD-LAX-23;ELECTRONIC;2026-09-26T13:11:05Z;SEED_B6_ADSB;2026-09-26T13:11:05Z;SEED_B6_ADSB;e313d620-7146-5e19-90d5-8ee24a40fec4;1.3108;24324.52;USD
60eb53bf-5fa0-5348-9b03-d6c12d562d57;2d139db9-0173-573e-802c-82e83f1c1d48;MATCHED;M;2a25d434-3a78-5545-b330-3058694b20c3;WFS-HPN-788070;;FT-HPN-20260926-0005;N645JB;N645JB;B6813;7911.00;LTR;277206.05;285117.05;7911.00;0.7995;KGL;MEA;20.00;GR;6324.84;COA-HPN-20260926-2;2026-09-26T13:00:51Z;WFS-DN-788070;Verified;fuel.ops@airline.com;2026-09-26T15:17:51Z;RF-HPN-22;MTR-RF-HPN-22;MANUAL;2026-09-26T13:17:51Z;SEED_B6_ADSB;2026-09-26T13:17:51Z;SEED_B6_ADSB;734ecde2-edf7-566a-8c31-f640e71a4195;1.3718;10852.31;USD
0e36065f-63a3-5a4d-b431-3c2ce1e28f21;a1354fd0-18d9-5da4-8beb-4bc2f0856d88;MATCHED;E;c3366752-0012-54a6-abbe-0456d6dd365c;SHL-JFK-512779;;FT-JFK-20260926-0020;N766JB;N766JB;B61793;15231.00;LTR;701314.26;716545.26;15231.00;0.7998;KGL;MEA;16.80;GR;12181.75;COA-JFK-20260926-3;2026-09-26T13:00:38Z;SHL-DN-512779;Verified;fuel.ops@airline.com;2026-09-26T15:20:38Z;HD-JFK-17;MTR-HD-JFK-17;ELECTRONIC;2026-09-26T13:20:38Z;SEED_B6_ADSB;2026-09-26T13:20:38Z;SEED_B6_ADSB;b7919222-48af-5fab-9091-676d14b0805b;1.3238;20162.8;USD
69bf81de-15c6-58ee-8668-c6495a58396f;9c8d7690-23f4-51aa-96cc-c921770f26a4;MATCHED;E;03583e13-aff5-53ba-b66d-ae83f5394929;BPA-MCO-339307;;FT-MCO-20260926-0010;N547JB;N547JB;B62028;7075.00;LTR;666405.69;673480.69;7075.00;0.8016;KGL;MEA;22.80;GR;5671.32;COA-MCO-20260926-1;2026-09-26T12:52:59Z;BPA-DN-339307;Verified;fuel.ops@airline.com;2026-09-26T15:03:59Z;HD-MCO-16;MTR-HD-MCO-16;ELECTRONIC;2026-09-26T13:03:59Z;SEED_B6_ADSB;2026-09-26T13:03:59Z;SEED_B6_ADSB;8bd2cad7-cdcf-5925-be64-813e543ad57b;1.2561;8886.91;USD
7eb1dd02-5d08-5ab1-9469-abe88f840c3b;cbe37c05-947c-5239-94f3-c3d65f04ad0e;MATCHED;E;3cd2c367-e585-541b-832e-bd8fb00a96b2;WFS-BOS-479123;;FT-BOS-20260926-0028;N3162J;N3162J;B61017;3082.00;LTR;192520.49;195602.49;3082.00;0.8073;KGL;MEA;19.20;GR;2488.1;COA-BOS-20260926-2;2026-09-26T12:54:56Z;WFS-DN-479123;Verified;fuel.ops@airline.com;2026-09-26T15:01:56Z;HD-BOS-15;MTR-HD-BOS-15;ELECTRONIC;2026-09-26T13:01:56Z;SEED_B6_ADSB;2026-09-26T13:01:56Z;SEED_B6_ADSB;14d79632-739a-5db3-9404-59f456c522d8;1.3279;4092.59;USD
10578ef4-fa49-5d2e-bf29-928607fd3124;b6fa0fc5-0ea1-5cfc-afac-7fdc27ee1eac;MATCHED;E;a963405b-cfb5-5af3-ad99-383bb4f1b1ae;SHL-BOS-696981;;FT-BOS-20260926-0029;N554JB;N554JB;B6771;19089.00;LTR;250689.86;269778.86;19089.00;0.8107;KGL;MEA;15.00;GR;15475.45;COA-BOS-20260926-2;2026-09-26T13:06:09Z;SHL-DN-696981;Verified;fuel.ops@airline.com;2026-09-26T15:31:09Z;HD-BOS-17;MTR-HD-BOS-17;ELECTRONIC;2026-09-26T13:31:09Z;SEED_B6_ADSB;2026-09-26T13:31:09Z;SEED_B6_ADSB;5c37a568-c251-54b6-9d7d-7429e14c2138;1.3245;25283.38;USD
d77c6aeb-df9b-5951-b035-65931cb6bce3;1841efcc-ef27-5492-b338-009f88ffb02c;MATCHED;E;20e173d3-a4b8-52ce-b498-fc9cb586e791;WFS-JFK-404013;;FT-JFK-20260926-0021;N2043J;N2043J;B6117;14335.00;LTR;557028.82;571363.82;14335.00;0.7969;KGL;MEA;20.40;GR;11423.56;COA-JFK-20260926-3;2026-09-26T13:08:49Z;WFS-DN-404013;Verified;fuel.ops@airline.com;2026-09-26T15:28:49Z;HD-JFK-05;MTR-HD-JFK-05;ELECTRONIC;2026-09-26T13:28:49Z;SEED_B6_ADSB;2026-09-26T13:28:49Z;SEED_B6_ADSB;b6aaeaf6-5809-5ce7-9ea9-8f7ca1549dcc;1.3151;18851.96;USD
9dfffa25-d264-5182-b7d9-ce5c4d81686b;192e963c-9815-5f22-bf13-88aff010c116;MATCHED;E;ce4c66a2-467d-5ab3-9f0b-9082ccc53c66;SHL-BOS-696983;;FT-BOS-20260926-0030;N929JB;N929JB;B6219;19628.00;LTR;325794.75;345422.75;19628.00;0.8095;KGL;MEA;16.50;GR;15888.87;COA-BOS-20260926-2;2026-09-26T13:02:34Z;SHL-DN-696983;Verified;fuel.ops@airline.com;2026-09-26T15:27:34Z;HD-BOS-06;MTR-HD-BOS-06;ELECTRONIC;2026-09-26T13:27:34Z;SEED_B6_ADSB;2026-09-26T13:27:34Z;SEED_B6_ADSB;ae487f03-9790-58e2-b22f-a860686866cd;1.3245;25997.29;USD
d90bcb22-641b-5501-b3f1-559faf89fe83;ad32b2ca-3be9-54cb-bbdc-ee46f8e8bd87;MATCHED;E;49596b7c-32e2-5312-8833-8ad6d1798a8e;SHL-JFK-512782;;FT-JFK-20260926-0022;N3115J;N3115J;B61018;2192.00;LTR;553168.69;555360.69;2192.00;0.7987;KGL;MEA;18.10;GR;1750.75;COA-JFK-20260926-3;2026-09-26T13:10:03Z;SHL-DN-512782;Verified;fuel.ops@airline.com;2026-09-26T15:16:03Z;HD-JFK-12;MTR-HD-JFK-12;ELECTRONIC;2026-09-26T13:16:03Z;SEED_B6_ADSB;2026-09-26T13:16:03Z;SEED_B6_ADSB;ada1f9be-6566-5e71-9ed8-c11485e9e9cd;1.3238;2901.77;USD
2d90a9fc-57b9-56aa-94ab-9aaa8814a365;0247a521-cc5e-554c-90d1-48a3fc2552c9;MATCHED;E;bbe5d335-404c-591c-911d-ba651ffd2223;BPA-MCO-339309;;FT-MCO-20260926-0011;N760JB;N760JB;B6588;6466.00;LTR;441456.33;447922.33;6466.00;0.8006;KGL;MEA;24.00;GR;5176.68;COA-MCO-20260926-1;2026-09-26T13:00:04Z;BPA-DN-339309;Verified;fuel.ops@airline.com;2026-09-26T15:11:04Z;HD-MCO-12;MTR-HD-MCO-12;ELECTRONIC;2026-09-26T13:11:04Z;SEED_B6_ADSB;2026-09-26T13:11:04Z;SEED_B6_ADSB;15cd197a-c734-5387-850f-658b8e4473a2;1.2561;8121.94;USD
02c59cc3-9fc2-5450-87a3-f92cef636b85;af98f291-852f-5b21-afe2-a08eb1373787;MATCHED;E;ccd66da6-fd70-5660-bd79-89d473b42041;CGA-LAS-427534;;FT-LAS-20260926-0003;N934JB;N934JB;B6658;12923.00;LTR;155410.91;168333.91;12923.00;0.7980;KGL;MEA;17.80;GR;10312.55;COA-LAS-20260926-2;2026-09-26T13:13:41Z;CGA-DN-427534;Verified;fuel.ops@airline.com;2026-09-26T15:31:41Z;HD-LAS-16;MTR-HD-LAS-16;ELECTRONIC;2026-09-26T13:31:41Z;SEED_B6_ADSB;2026-09-26T13:31:41Z;SEED_B6_ADSB;9d0c2025-5779-5630-8996-328899728b73;1.3161;17007.96;USD
0f34ddf6-9858-592f-acd4-d5e2289c2b21;b7fd6f3b-a56d-5f6c-9a03-eccfc1ce4292;MATCHED;E;c8b81997-7965-518c-9e29-be7ed96cf49d;SHL-MCO-595767;;FT-MCO-20260926-0012;N652JB;N652JB;B61042;6703.00;LTR;468407.69;475110.69;6703.00;0.8019;KGL;MEA;22.40;GR;5375.14;COA-MCO-20260926-1;2026-09-26T13:10:36Z;SHL-DN-595767;Verified;fuel.ops@airline.com;2026-09-26T15:21:36Z;HD-MCO-02;MTR-HD-MCO-02;ELECTRONIC;2026-09-26T13:21:36Z;SEED_B6_ADSB;2026-09-26T13:21:36Z;SEED_B6_ADSB;ab64aa7f-166b-5274-9071-015f60896d96;1.2616;8456.5;USD
e1836dc6-4df6-5ffd-950a-a95d000d2b78;f8282e2b-dd18-591c-9b7c-5edd678fea56;MATCHED;E;229436b7-f863-590c-8e9e-66bc5f935b49;SHL-FLL-485291;;FT-FLL-20260926-0018;N995JL;N995JL;B6270;10520.00;LTR;851491.60;862011.60;10520.00;0.8019;KGL;MEA;26.10;GR;8435.99;COA-FLL-20260926-1;2026-09-26T13:04:23Z;SHL-DN-485291;Verified;fuel.ops@airline.com;2026-09-26T15:20:23Z;HD-FLL-24;MTR-HD-FLL-24;ELECTRONIC;2026-09-26T13:20:23Z;SEED_B6_ADSB;2026-09-26T13:20:23Z;SEED_B6_ADSB;4ca9c7bb-6655-5456-869f-0673c189a268;1.2465;13113.18;USD
dfa88688-f858-5e08-963a-281d2c1421bf;e25cc6a2-954c-5fac-bff2-e685d8d614dd;MATCHED;E;07f5bb7d-57b6-54c2-861f-86065f72c962;SHL-BOS-696986;;FT-BOS-20260926-0031;N3065J;N3065J;B61439;11879.00;LTR;491415.23;503294.23;11879.00;0.8087;KGL;MEA;17.50;GR;9606.55;COA-BOS-20260926-2;2026-09-26T13:06:02Z;SHL-DN-696986;Verified;fuel.ops@airline.com;2026-09-26T15:23:02Z;HD-BOS-16;MTR-HD-BOS-16;ELECTRONIC;2026-09-26T13:23:02Z;SEED_B6_ADSB;2026-09-26T13:23:02Z;SEED_B6_ADSB;a8d78a55-b0c4-569f-b386-84c5cac84174;1.3245;15733.74;USD
3bbd8ce9-b43e-500f-9afe-b0d8c3a790a4;6dfb466b-2ea4-5943-838d-ee653a601375;MATCHED;M;cb14aa19-873c-5fa7-bc0c-2b7df52c76c8;WFS-BDL-333681;;FT-BDL-20260926-0003;N527JL;N527JL;B6737;8459.00;LTR;601712.59;610171.59;8459.00;0.8006;KGL;MEA;17.50;GR;6772.28;COA-BDL-20260926-1;2026-09-26T13:14:09Z;WFS-DN-333681;Verified;fuel.ops@airline.com;2026-09-26T15:31:09Z;RF-BDL-04;MTR-RF-BDL-04;MANUAL;2026-09-26T13:31:09Z;SEED_B6_ADSB;2026-09-26T13:31:09Z;SEED_B6_ADSB;d696db4f-c476-5655-b6c2-ef9740d57737;1.3595;11500.01;USD
6a774018-b6e9-5b60-a550-3b69b8fab021;2f3d4726-bd37-5f1c-acbe-95cc2b05ac00;MATCHED;E;eb6054a9-f4ba-5127-a675-d58bd0b0e83f;WFS-ATL-755212;;FT-ATL-20260926-0003;N3255J;N3255J;B61520;3424.00;LTR;128943.93;132367.93;3424.00;0.7929;KGL;MEA;23.60;GR;2714.89;COA-ATL-20260926-3;2026-09-26T13:23:45Z;WFS-DN-755212;Verified;fuel.ops@airline.com;2026-09-26T15:30:45Z;HD-ATL-01;MTR-HD-ATL-01;ELECTRONIC;2026-09-26T13:30:45Z;SEED_B6_ADSB;2026-09-26T13:30:45Z;SEED_B6_ADSB;b5740b1f-38f8-52ba-aa55-cacdd697c0e5;1.2259;4197.48;USD
d8a8a742-e124-5f1a-bd20-1ddd660d31fb;f088e10d-91c2-50dc-850e-5a6e9bf0bec5;MATCHED;E;fa4270dd-590e-57c3-9389-906e3084d000;WFS-BOS-479125;;FT-BOS-20260926-0032;N603JB;N603JB;B6401;10540.00;LTR;509010.67;519550.67;10540.00;0.8069;KGL;MEA;19.70;GR;8504.73;COA-BOS-20260926-2;2026-09-26T13:26:06Z;WFS-DN-479125;Verified;fuel.ops@airline.com;2026-09-26T15:41:06Z;HD-BOS-09;MTR-HD-BOS-09;ELECTRONIC;2026-09-26T13:41:06Z;SEED_B6_ADSB;2026-09-26T13:41:06Z;SEED_B6_ADSB;b23164a5-ebc8-50d1-8c15-a328607c3b9b;1.3279;13996.07;USD
4c915ec3-704a-53b0-9db3-5b2504af65b8;5f347e4e-c923-5841-a981-7a4fe5f22dc1;MATCHED;M;b32f1003-0014-5dd7-926a-379ee8c5295e;WFS-BNA-688065;;FT-BNA-20260926-0003;N3307J;N3307J;B61806;6046.00;LTR;370677.03;376723.03;6046.00;0.8079;KGL;MEA;20.30;GR;4884.56;COA-BNA-20260926-1;2026-09-26T13:37:02Z;WFS-DN-688065;Verified;fuel.ops@airline.com;2026-09-26T15:51:02Z;RF-BNA-07;MTR-RF-BNA-07;MANUAL;2026-09-26T13:51:02Z;SEED_B6_ADSB;2026-09-26T13:51:02Z;SEED_B6_ADSB;7445a831-c0bf-5082-9bd0-4a9a9faaa767;1.2864;7777.57;USD
e05d3948-ec1d-5980-940d-1590ad119184;f8c21567-2540-5227-a1a6-e10683cd159e;MATCHED;E;5050bd8a-24fe-5553-aa52-ac46ba6d16ea;BPA-MCO-339310;;FT-MCO-20260926-0013;N663JB;N663JB;B6438;7613.00;LTR;460101.98;467714.98;7613.00;0.7992;KGL;MEA;25.70;GR;6084.31;COA-MCO-20260926-1;2026-09-26T13:35:16Z;BPA-DN-339310;Verified;fuel.ops@airline.com;2026-09-26T15:47:16Z;HD-MCO-22;MTR-HD-MCO-22;ELECTRONIC;2026-09-26T13:47:16Z;SEED_B6_ADSB;2026-09-26T13:47:16Z;SEED_B6_ADSB;e8f79218-c6b4-5b89-bc59-210a2529e130;1.2561;9562.69;USD
027108dc-864f-5ece-b04f-be0f2726b9ca;1c9f169f-fea0-5c7e-8c80-693847fddabc;MATCHED;E;4239f39f-5b31-502d-8623-0860ebaea573;WFS-LGA-756559;;FT-LGA-20260926-0005;N640JB;N640JB;B6499;7238.00;LTR;454455.09;461693.09;7238.00;0.8046;KGL;MEA;17.20;GR;5823.69;COA-LGA-20260926-2;2026-09-26T13:30:15Z;WFS-DN-756559;Verified;fuel.ops@airline.com;2026-09-26T15:42:15Z;HD-LGA-05;MTR-HD-LGA-05;ELECTRONIC;2026-09-26T13:42:15Z;SEED_B6_ADSB;2026-09-26T13:42:15Z;SEED_B6_ADSB;c5ee9ab7-95b5-5ed6-8f5b-a1edc874c94c;1.3203;9556.33;USD
20e4d42c-887b-5f82-84cc-00b97251c648;720e35bd-c605-535d-aaef-1ad1e2041f56;MATCHED;E;ad1627ea-c8e0-5005-8550-05874a970708;SHL-MCO-595770;;FT-MCO-20260926-0014;N994JL;N994JL;B6552;11256.00;LTR;220620.78;231876.78;11256.00;0.8030;KGL;MEA;21.00;GR;9038.57;COA-MCO-20260926-1;2026-09-26T13:33:24Z;SHL-DN-595770;Verified;fuel.ops@airline.com;2026-09-26T15:49:24Z;HD-MCO-07;MTR-HD-MCO-07;ELECTRONIC;2026-09-26T13:49:24Z;SEED_B6_ADSB;2026-09-26T13:49:24Z;SEED_B6_ADSB;649ed698-1bc7-5f8e-84e4-461f128d03c0;1.2616;14200.57;USD
a66899bc-a80c-5868-8643-bc148bf185e5;845f41a5-1a4a-5c1d-be7f-1ebca2c61180;MATCHED;E;d5c64b6a-ed23-5cce-a61f-9c34221ec32c;SHL-JFK-512784;;FT-JFK-20260926-0023;N536JB;N536JB;B6135;15460.00;LTR;384557.76;400017.76;15460.00;0.7970;KGL;MEA;20.30;GR;12321.62;COA-JFK-20260926-3;2026-09-26T13:40:00Z;SHL-DN-512784;Verified;fuel.ops@airline.com;2026-09-26T16:01:00Z;HD-JFK-16;MTR-HD-JFK-16;ELECTRONIC;2026-09-26T14:01:00Z;SEED_B6_ADSB;2026-09-26T14:01:00Z;SEED_B6_ADSB;b48ccceb-40f3-5e7c-82da-05ac2435ed2f;1.3238;20465.95;USD
60fd0c9c-69c2-5b19-b10d-ca370553ae59;5903eb15-6351-5083-ab82-12752e6fc455;MATCHED;E;ee45aa2a-40cf-547f-a5e8-410ce859da6d;WFS-BOS-479127;;FT-BOS-20260926-0033;N986JB;N986JB;B61177;18370.00;LTR;115721.10;134091.10;18370.00;0.8086;KGL;MEA;17.60;GR;14853.98;COA-BOS-20260926-2;2026-09-26T13:48:29Z;WFS-DN-479127;Verified;fuel.ops@airline.com;2026-09-26T16:12:29Z;HD-BOS-11;MTR-HD-BOS-11;ELECTRONIC;2026-09-26T14:12:29Z;SEED_B6_ADSB;2026-09-26T14:12:29Z;SEED_B6_ADSB;6bbbf25b-3f80-5870-9fd3-ba0fce33f16b;1.3279;24393.52;USD
fbc5d8d4-9f20-56cd-b28e-f45e961d9003;e2a78893-4bbc-555d-9e8b-de64b86ef34c;MATCHED;E;8bbb64de-dd3e-51d9-a805-4a32f4cf7f1f;SHL-BOS-696987;;FT-BOS-20260926-0034;N955JB;N955JB;B6651;8267.00;LTR;266895.86;275162.86;8267.00;0.8088;KGL;MEA;17.40;GR;6686.35;COA-BOS-20260926-2;2026-09-26T13:36:58Z;SHL-DN-696987;Verified;fuel.ops@airline.com;2026-09-26T15:49:58Z;HD-BOS-10;MTR-HD-BOS-10;ELECTRONIC;2026-09-26T13:49:58Z;SEED_B6_ADSB;2026-09-26T13:49:58Z;SEED_B6_ADSB;b6d49283-50e6-5f6c-ae5c-7e14a5a5c9d6;1.3245;10949.64;USD
b15f77f6-5460-5b7c-980c-9dd326529c2c;ddf4ac2d-025d-5d0f-99c6-2662b4b3dab3;MATCHED;E;054a2fcb-ba06-5695-8ed2-990e237a6a60;WFS-JFK-404014;;FT-JFK-20260926-0024;N996JL;N996JL;B6503;11382.00;LTR;183308.87;194690.87;11382.00;0.7979;KGL;MEA;19.10;GR;9081.7;COA-JFK-20260926-3;2026-09-26T13:38:40Z;WFS-DN-404014;Verified;fuel.ops@airline.com;2026-09-26T15:54:40Z;HD-JFK-22;MTR-HD-JFK-22;ELECTRONIC;2026-09-26T13:54:40Z;SEED_B6_ADSB;2026-09-26T13:54:40Z;SEED_B6_ADSB;548a4e49-04b5-5703-b3a2-cfa8252394c0;1.3151;14968.47;USD
93b28019-f3ab-553c-b33f-7b6a0fef509c;78c69b65-ee38-54db-95ef-6a1c8d83961d;MATCHED;E;6a540a60-57a0-5366-9d8c-f097c7184ef1;SHL-FLL-485294;;FT-FLL-20260926-0019;N3258J;N3258J;B61698;3118.00;LTR;750452.15;753570.15;3118.00;0.8044;KGL;MEA;23.00;GR;2508.12;COA-FLL-20260926-1;2026-09-26T13:50:58Z;SHL-DN-485294;Verified;fuel.ops@airline.com;2026-09-26T15:57:58Z;HD-FLL-13;MTR-HD-FLL-13;ELECTRONIC;2026-09-26T13:57:58Z;SEED_B6_ADSB;2026-09-26T13:57:58Z;SEED_B6_ADSB;8562b8ec-7557-5381-86dd-4348947b0e97;1.2465;3886.59;USD
8f529790-5d4f-5fc3-a3a6-4b5d0f8f223c;4ee8654c-9b81-5445-ba25-82a74b6a6b35;MATCHED;E;3c242e60-8c51-5024-8f90-79e0590b75d0;SHL-MCO-595773;;FT-MCO-20260926-0015;N608JB;N608JB;B6133;7183.00;LTR;527179.48;534362.48;7183.00;0.8009;KGL;MEA;23.60;GR;5752.86;COA-MCO-20260926-1;2026-09-26T14:04:05Z;SHL-DN-595773;Verified;fuel.ops@airline.com;2026-09-26T16:15:05Z;HD-MCO-20;MTR-HD-MCO-20;ELECTRONIC;2026-09-26T14:15:05Z;SEED_B6_ADSB;2026-09-26T14:15:05Z;SEED_B6_ADSB;3c42f914-a204-5112-b472-cfb6d0a83c9c;1.2616;9062.07;USD
3a68901e-f647-5b71-b24a-a627c2d6e628;72c25578-f7d0-5ddb-8b3c-7fd346c3d71f;MATCHED;E;20aa27a9-50f0-5f0f-a436-4dfe6d31b366;WFS-JFK-404016;;FT-JFK-20260926-0025;N2084J;N2084J;B61;5797.00;LTR;451277.38;457074.38;5797.00;0.7983;KGL;MEA;18.70;GR;4627.75;COA-JFK-20260926-3;2026-09-26T13:45:07Z;WFS-DN-404016;Verified;fuel.ops@airline.com;2026-09-26T15:55:07Z;HD-JFK-11;MTR-HD-JFK-11;ELECTRONIC;2026-09-26T13:55:07Z;SEED_B6_ADSB;2026-09-26T13:55:07Z;SEED_B6_ADSB;17050b95-677d-5737-90b1-9ceb4617a678;1.3151;7623.63;USD
5669bee0-ca8e-5d5d-8d55-5a28d9415e13;93b292cc-e4d3-51e7-a1e4-f00232b09f03;MATCHED;E;b2255d43-6566-5eba-b87b-e6934dc2c8f6;BPA-ORD-551309;;FT-ORD-20260926-0002;N3269J;N3269J;B6112;5915.00;LTR;214104.62;220019.62;5915.00;0.8066;KGL;MEA;19.00;GR;4771.04;COA-ORD-20260926-2;2026-09-26T13:48:28Z;BPA-DN-551309;Verified;fuel.ops@airline.com;2026-09-26T15:58:28Z;HD-ORD-02;MTR-HD-ORD-02;ELECTRONIC;2026-09-26T13:58:28Z;SEED_B6_ADSB;2026-09-26T13:58:28Z;SEED_B6_ADSB;64b3de33-283b-56d2-a2c4-ca8cd4169f01;1.2537;7415.64;USD
df9a2c78-a413-5f78-96a4-73ca4c082746;fc61d891-48bd-5022-9011-3393bad87096;MATCHED;E;7eae21b3-2bf5-503c-80b5-08a48eb5c255;BPA-PHL-493081;;FT-PHL-20260926-0003;N3152J;N3152J;B61160;3714.00;LTR;808397.42;812111.42;3714.00;0.8074;KGL;MEA;20.80;GR;2998.68;COA-PHL-20260926-1;2026-09-26T13:56:39Z;BPA-DN-493081;Verified;fuel.ops@airline.com;2026-09-26T16:04:39Z;HD-PHL-13;MTR-HD-PHL-13;ELECTRONIC;2026-09-26T14:04:39Z;SEED_B6_ADSB;2026-09-26T14:04:39Z;SEED_B6_ADSB;77ad446e-a0dc-5bd7-a721-5bce13c2d683;1.3355;4960.05;USD
1e78c3c3-a9a6-5ef2-ae12-9ea9b4121a9d;f4cd2307-29fe-5d8f-b16a-26f8f3914d08;MATCHED;E;730598b8-6c00-50dc-8f7f-799cc0a2eed5;SHL-BOS-696988;;FT-BOS-20260926-0035;N3260J;N3260J;B6385;3254.00;LTR;219637.88;222891.88;3254.00;0.8101;KGL;MEA;15.70;GR;2636.07;COA-BOS-20260926-2;2026-09-26T13:51:58Z;SHL-DN-696988;Verified;fuel.ops@airline.com;2026-09-26T15:58:58Z;HD-BOS-07;MTR-HD-BOS-07;ELECTRONIC;2026-09-26T13:58:58Z;SEED_B6_ADSB;2026-09-26T13:58:58Z;SEED_B6_ADSB;b43b00a1-44c8-5b9e-8342-b77f7741c679;1.3245;4309.92;USD
4d5683b2-6678-5a79-97af-cac24189b421;7d25ca78-b862-5c65-b167-69db20c6a31f;MATCHED;M;77bfbf0c-fd5f-512b-8c7d-d0bd6ac33da8;WFS-HPN-788073;;FT-HPN-20260926-0006;N595JB;N595JB;B61167;5998.00;LTR;417175.32;423173.32;5998.00;0.7998;KGL;MEA;19.60;GR;4797.2;COA-HPN-20260926-2;2026-09-26T13:52:17Z;WFS-DN-788073;Verified;fuel.ops@airline.com;2026-09-26T16:05:17Z;RF-HPN-02;MTR-RF-HPN-02;MANUAL;2026-09-26T14:05:17Z;SEED_B6_ADSB;2026-09-26T14:05:17Z;SEED_B6_ADSB;7b563337-6e6b-5986-8c94-915dcf6b8c1b;1.3718;8228.06;USD
daccdce5-e393-50e8-9b47-a1beef9655f9;b32a48ca-e2fa-522a-8c48-a1c473be2f51;MATCHED;M;3d640e3a-1699-5455-96b9-96bc6466bbed;AVF-RSW-496430;;FT-RSW-20260926-0001;N592JB;N592JB;B61552;7263.00;LTR;493459.96;500722.96;7263.00;0.7959;KGL;MEA;22.80;GR;5780.62;COA-RSW-20260926-1;2026-09-26T14:07:02Z;AVF-DN-496430;Verified;fuel.ops@airline.com;2026-09-26T16:23:02Z;RF-RSW-24;MTR-RF-RSW-24;MANUAL;2026-09-26T14:23:02Z;SEED_B6_ADSB;2026-09-26T14:23:02Z;SEED_B6_ADSB;08a721ae-1f33-5663-abf0-fca8e317c3ac;1.2911;9377.26;USD
25898c3e-10d8-5d95-af9b-cf8849c108d0;39c49fdf-f31d-5e94-9f3d-4c7c1330040a;MATCHED;M;57497c85-e65d-50ad-92be-397e26ae29be;SHL-PBI-381727;;FT-PBI-20260926-0002;N2016J;N2016J;B6854;6484.00;LTR;518914.85;525398.85;6484.00;0.8026;KGL;MEA;26.90;GR;5204.06;COA-PBI-20260926-1;2026-09-26T13:59:44Z;SHL-DN-381727;Verified;fuel.ops@airline.com;2026-09-26T16:13:44Z;RF-PBI-09;MTR-RF-PBI-09;MANUAL;2026-09-26T14:13:44Z;SEED_B6_ADSB;2026-09-26T14:13:44Z;SEED_B6_ADSB;e8633dc6-c8de-5c9e-bd90-50859d191f93;1.2819;8311.84;USD
1143227a-d787-59a0-9492-ddd20770ab95;38ee37a5-58a0-51b4-a948-faa2487c45a2;MATCHED;E;ce4f9fbf-892c-52b1-9dd6-bd87452283f4;SHL-JFK-512786;;FT-JFK-20260926-0026;N967JT;N967JT;B6215;18885.00;LTR;700001.92;718886.92;18885.00;0.7967;KGL;MEA;20.70;GR;15045.68;COA-JFK-20260926-3;2026-09-26T13:50:40Z;SHL-DN-512786;Verified;fuel.ops@airline.com;2026-09-26T16:14:40Z;HD-JFK-18;MTR-HD-JFK-18;ELECTRONIC;2026-09-26T14:14:40Z;SEED_B6_ADSB;2026-09-26T14:14:40Z;SEED_B6_ADSB;2cea7cc0-c0bc-5253-9af0-1ddfc78701ed;1.3238;24999.96;USD
51fe64ec-2424-5d0c-bfe3-20a794ec4524;4545b7cc-f827-541c-a2e5-d65424e6781b;MATCHED;E;aed32a73-51ee-5475-8963-ea0d5a7a8170;CGA-SFO-275671;;FT-SFO-20260926-0003;N987JT;N987JT;B6434;18628.00;LTR;566686.18;585314.18;18628.00;0.7943;KGL;MEA;21.80;GR;14796.22;COA-SFO-20260926-2;2026-09-26T14:08:36Z;CGA-DN-275671;Verified;fuel.ops@airline.com;2026-09-26T16:32:36Z;HD-SFO-14;MTR-HD-SFO-14;ELECTRONIC;2026-09-26T14:32:36Z;SEED_B6_ADSB;2026-09-26T14:32:36Z;SEED_B6_ADSB;93fffd08-b9f5-53c4-8684-e5320b2a3cd2;1.3346;24860.93;USD
80babca7-7b09-506b-8aea-f28080ce49a6;eacc31ad-6a04-5e1d-9fbb-62a838e57f3d;MATCHED;M;1fa5a09b-68da-5087-bd5a-35bd33a86dff;WFS-BUF-723711;;FT-BUF-20260926-0005;N763JB;N763JB;B6635;12191.00;LTR;360063.55;372254.55;12191.00;0.8037;KGL;MEA;16.50;GR;9797.91;COA-BUF-20260926-3;2026-09-26T14:21:51Z;WFS-DN-723711;Verified;fuel.ops@airline.com;2026-09-26T16:45:51Z;RF-BUF-07;MTR-RF-BUF-07;MANUAL;2026-09-26T14:45:51Z;SEED_B6_ADSB;2026-09-26T14:45:51Z;SEED_B6_ADSB;11c0ef77-e6f5-5275-988f-f70723200259;1.3425;16366.42;USD
71556d6d-83e0-519f-9fe6-ec7788529ae3;ff24de98-ea78-535d-aff1-2c89c95dc2f6;MATCHED;E;8d8f7b5c-9cac-5ded-835f-47b570c49ff2;WFS-JFK-404019;;FT-JFK-20260926-0027;N3121J;N3121J;B6225;7051.00;LTR;343134.23;350185.23;7051.00;0.7966;KGL;MEA;20.80;GR;5616.83;COA-JFK-20260926-3;2026-09-26T14:02:38Z;WFS-DN-404019;Verified;fuel.ops@airline.com;2026-09-26T16:13:38Z;HD-JFK-15;MTR-HD-JFK-15;ELECTRONIC;2026-09-26T14:13:38Z;SEED_B6_ADSB;2026-09-26T14:13:38Z;SEED_B6_ADSB;1a065c50-f54e-57a5-af45-e628c420ee00;1.3151;9272.77;USD
40e7cc9b-1516-512e-b972-744f14ce3c3f;562de218-cd6a-5be0-9f47-1b3da8855a92;MATCHED;E;d2579097-9547-5172-b921-d4efef9e870a;CGA-LAX-552108;;FT-LAX-20260926-0003;N981JT;N981JT;B6524;18956.00;LTR;373881.51;392837.51;18956.00;0.8054;KGL;MEA;19.80;GR;15267.16;COA-LAX-20260926-2;2026-09-26T13:52:39Z;CGA-DN-552108;Verified;fuel.ops@airline.com;2026-09-26T16:18:39Z;HD-LAX-15;MTR-HD-LAX-15;ELECTRONIC;2026-09-26T14:18:39Z;SEED_B6_ADSB;2026-09-26T14:18:39Z;SEED_B6_ADSB;66ae96f4-dc07-5a08-9692-d2f20e175141;1.3159;24944.2;USD
d537c336-8e81-55e3-bb2a-d5825fde1665;39b20111-3e5c-51b6-9d98-932ae6c91f1a;MATCHED;E;31f126a2-c655-5cd8-b152-9eed8a6eb7d4;WFS-JFK-404022;;FT-JFK-20260926-0028;N950JT;N950JT;B6183;6420.00;LTR;553168.69;559588.69;6420.00;0.7976;KGL;MEA;19.50;GR;5120.59;COA-JFK-20260926-3;2026-09-26T14:14:23Z;WFS-DN-404022;Verified;fuel.ops@airline.com;2026-09-26T16:25:23Z;HD-JFK-12;MTR-HD-JFK-12;ELECTRONIC;2026-09-26T14:25:23Z;SEED_B6_ADSB;2026-09-26T14:25:23Z;SEED_B6_ADSB;04b921c9-ad77-5ba5-aa8d-4f50c36923d6;1.3151;8442.94;USD
dfe3146f-1fd9-571c-a7df-3986adaba83b;f201862b-243b-554b-8588-5572aadf8643;MATCHED;E;2e0abaca-5249-5c5c-b663-cc6cbf1e1a69;WFS-JFK-404023;;FT-JFK-20260926-0029;N565JB;N565JB;B6279;19735.00;LTR;405482.04;425217.04;19735.00;0.7981;KGL;MEA;18.90;GR;15750.5;COA-JFK-20260926-3;2026-09-26T14:01:40Z;WFS-DN-404023;Verified;fuel.ops@airline.com;2026-09-26T16:26:40Z;HD-JFK-01;MTR-HD-JFK-01;ELECTRONIC;2026-09-26T14:26:40Z;SEED_B6_ADSB;2026-09-26T14:26:40Z;SEED_B6_ADSB;a92284f2-8f8c-5beb-a410-4c6cf6637d8d;1.3151;25953.5;USD
d9b956a2-7381-5512-b91e-0447173bea82;7d0ee298-7879-53a8-a88b-d0cdc2b8eecc;MATCHED;E;ca3a3140-7424-5d7a-83e1-54676cb57205;SHL-BOS-696989;;FT-BOS-20260926-0036;N3304J;N3304J;B61237;3926.00;LTR;880798.33;884724.33;3926.00;0.8077;KGL;MEA;18.70;GR;3171.03;COA-BOS-20260926-2;2026-09-26T14:15:50Z;SHL-DN-696989;Verified;fuel.ops@airline.com;2026-09-26T16:23:50Z;HD-BOS-02;MTR-HD-BOS-02;ELECTRONIC;2026-09-26T14:23:50Z;SEED_B6_ADSB;2026-09-26T14:23:50Z;SEED_B6_ADSB;f9a20529-e8da-5a88-8f3e-66f849a03fea;1.3245;5199.99;USD
7c1bba9f-a387-5ae8-9025-15ec4db05483;559418de-f07c-52b9-9f2b-badf4c20a296;MATCHED;E;41de9b0b-0fe1-5834-975d-8faca0d3bca0;WFS-FLL-457576;;FT-FLL-20260926-0020;N794JB;N794JB;B61553;6308.00;LTR;514006.49;520314.49;6308.00;0.8032;KGL;MEA;24.50;GR;5066.59;COA-FLL-20260926-1;2026-09-26T14:20:05Z;WFS-DN-457576;Verified;fuel.ops@airline.com;2026-09-26T16:31:05Z;HD-FLL-03;MTR-HD-FLL-03;ELECTRONIC;2026-09-26T14:31:05Z;SEED_B6_ADSB;2026-09-26T14:31:05Z;SEED_B6_ADSB;abfbb2a6-ef18-5fa2-867e-4488f242095c;1.2502;7886.26;USD
2de9d87c-8de0-57ba-9145-3cf3dbb9e428;6d140681-cf03-56b6-9339-cd8f49fed319;MATCHED;M;358d7b6a-eb7a-5a80-9ed9-813bf5219c95;WFS-RDU-697053;;FT-RDU-20260926-0004;N3271J;N3271J;B62084;4615.00;LTR;707802.40;712417.40;4615.00;0.8088;KGL;MEA;18.50;GR;3732.61;COA-RDU-20260926-2;2026-09-26T14:33:42Z;WFS-DN-697053;Verified;fuel.ops@airline.com;2026-09-26T16:44:42Z;RF-RDU-10;MTR-RF-RDU-10;MANUAL;2026-09-26T14:44:42Z;SEED_B6_ADSB;2026-09-26T14:44:42Z;SEED_B6_ADSB;7af3df95-632b-5c2e-9d30-d6198816b0a8;1.2898;5952.43;USD
ee0be46c-a544-5ebb-93cd-09d91f817b81;dea3e274-d9e5-5e81-b335-e58fdadcb090;MATCHED;E;908f6437-2efb-5c5f-93fb-1c9a26a2a8b1;CGA-SFO-275673;;FT-SFO-20260926-0004;N982JB;N982JB;B6316;18215.00;LTR;690279.47;708494.47;18215.00;0.7976;KGL;MEA;17.70;GR;14528.28;COA-SFO-20260926-2;2026-09-26T14:24:07Z;CGA-DN-275673;Verified;fuel.ops@airline.com;2026-09-26T16:48:07Z;HD-SFO-24;MTR-HD-SFO-24;ELECTRONIC;2026-09-26T14:48:07Z;SEED_B6_ADSB;2026-09-26T14:48:07Z;SEED_B6_ADSB;f80007d1-2056-573e-ae0a-d8ad55534f5f;1.3346;24309.74;USD
b1db3f43-69d4-5da0-86a8-6c038e6cc8c5;f16007cc-affd-5951-b0cf-7a91d3f9bc44;MATCHED;E;85062b20-42d2-53f2-867e-65eb24ef659a;SHL-JFK-512787;;FT-JFK-20260926-0030;N3189J;N3189J;B6119;4956.00;LTR;339622.13;344578.13;4956.00;0.7978;KGL;MEA;19.30;GR;3953.9;COA-JFK-20260926-3;2026-09-26T14:28:13Z;SHL-DN-512787;Verified;fuel.ops@airline.com;2026-09-26T16:37:13Z;HD-JFK-24;MTR-HD-JFK-24;ELECTRONIC;2026-09-26T14:37:13Z;SEED_B6_ADSB;2026-09-26T14:37:13Z;SEED_B6_ADSB;53c38be9-0568-5f93-8ea5-a0dfee236595;1.3238;6560.75;USD
93e7deb4-3fbd-53f8-b7ee-18f9e26eb462;de61d948-15d3-5acd-a424-1eef5f9f48c1;MATCHED;E;5253696e-7fb1-5ed6-a5bd-324cc69bb267;WFS-BOS-479128;;FT-BOS-20260926-0037;N965JT;N965JT;B6791;9631.00;LTR;113254.00;122885.00;9631.00;0.8102;KGL;MEA;15.60;GR;7803.04;COA-BOS-20260926-2;2026-09-26T14:27:19Z;WFS-DN-479128;Verified;fuel.ops@airline.com;2026-09-26T16:41:19Z;HD-BOS-08;MTR-HD-BOS-08;ELECTRONIC;2026-09-26T14:41:19Z;SEED_B6_ADSB;2026-09-26T14:41:19Z;SEED_B6_ADSB;88064f26-a1dd-578b-bef8-fe81bb2069a0;1.3279;12789;USD
8dea8fe0-0be8-579f-b91e-076e0145eaf3;08ae84d7-d0a4-58a1-a13a-4387206b0c39;MATCHED;E;3ea5d43d-5331-5d2d-8349-15eb3202b583;SHL-FLL-485295;;FT-FLL-20260926-0021;N519JB;N519JB;B62922;14664.00;LTR;415647.41;430311.41;14664.00;0.8045;KGL;MEA;22.90;GR;11797.19;COA-FLL-20260926-1;2026-09-26T14:21:07Z;SHL-DN-485295;Verified;fuel.ops@airline.com;2026-09-26T16:41:07Z;HD-FLL-18;MTR-HD-FLL-18;ELECTRONIC;2026-09-26T14:41:07Z;SEED_B6_ADSB;2026-09-26T14:41:07Z;SEED_B6_ADSB;e1bf1c04-84ec-5158-8e99-5aa54114f3d2;1.2465;18278.68;USD
66551bdc-036e-5211-b1c6-68a9c7c4c4e9;4401947e-0987-5f3a-89e2-bab241203c4b;MATCHED;E;fc1df960-d4e5-50bf-a1be-d728c65e855a;BPA-TPA-704117;;FT-TPA-20260926-0004;N3196J;N3196J;B6692;7644.00;LTR;136927.20;144571.20;7644.00;0.8019;KGL;MEA;26.10;GR;6129.72;COA-TPA-20260926-2;2026-09-26T14:31:12Z;BPA-DN-704117;Verified;fuel.ops@airline.com;2026-09-26T16:43:12Z;HD-TPA-11;MTR-HD-TPA-11;ELECTRONIC;2026-09-26T14:43:12Z;SEED_B6_ADSB;2026-09-26T14:43:12Z;SEED_B6_ADSB;f0da0d65-6320-5301-943b-9ca7e39b4a66;1.2392;9472.44;USD
cfc5a192-15da-5c3f-b803-6055c96b07ed;55a14ee6-6137-5a51-a2b5-620c87e555a0;MATCHED;M;515640b8-1dcf-5b35-b2bf-6b49cebf9cf7;SOL-KIN-442794;;FT-KIN-20260926-0001;N827JB;N827JB;B61060;11977.00;LTR;886652.82;898629.82;11977.00;0.7998;KGL;MEA;30.40;GR;9579.2;COA-KIN-20260926-3;2026-09-26T14:29:35Z;SOL-DN-442794;Verified;fuel.ops@airline.com;2026-09-26T16:52:35Z;RF-KIN-02;MTR-RF-KIN-02;MANUAL;2026-09-26T14:52:35Z;SEED_B6_ADSB;2026-09-26T14:52:35Z;SEED_B6_ADSB;792df094-5065-59e9-9929-319cd5e8ac34;1.3816;16547.42;USD
c02f8d16-1f74-52ab-91b3-f1cd650beb16;6c7f0c94-5434-5b00-bf1e-0766fb43ca8e;MATCHED;M;b04a3c75-abe4-5c69-89f4-15e6f0219612;AVF-CHS-586555;;FT-CHS-20260926-0001;N3221J;N3221J;B62474;3133.00;LTR;796265.67;799398.67;3133.00;0.7911;KGL;MEA;24.10;GR;2478.52;COA-CHS-20260926-1;2026-09-26T14:28:47Z;AVF-DN-586555;Verified;fuel.ops@airline.com;2026-09-26T16:37:47Z;RF-CHS-19;MTR-RF-CHS-19;MANUAL;2026-09-26T14:37:47Z;SEED_B6_ADSB;2026-09-26T14:37:47Z;SEED_B6_ADSB;6dce7e1e-9947-53b4-aa4c-f93a5f270bf2;1.2755;3996.14;USD
ab752e1d-18e2-5c4d-8ad0-cb9c24be2a70;b02390f1-dee1-5eb5-988c-b817e2065e9a;MATCHED;E;9c58deba-f6db-53f0-afa8-e674a32fe8de;SHL-FLL-485297;;FT-FLL-20260926-0022;N796JB;N796JB;B62548;2396.00;LTR;193100.68;195496.68;2396.00;0.8013;KGL;MEA;26.80;GR;1919.91;COA-FLL-20260926-1;2026-09-26T14:33:19Z;SHL-DN-485297;Verified;fuel.ops@airline.com;2026-09-26T16:39:19Z;HD-FLL-07;MTR-HD-FLL-07;ELECTRONIC;2026-09-26T14:39:19Z;SEED_B6_ADSB;2026-09-26T14:39:19Z;SEED_B6_ADSB;fc008c40-822d-5407-ab8e-53a8233194e4;1.2465;2986.61;USD
44933ae8-9c56-5958-820e-2134a9817b13;6df6e734-b054-5446-869f-a4085df1e3a1;MATCHED;E;2c1c7830-7120-5e01-b6a7-5427d87edb62;SHL-JFK-512788;;FT-JFK-20260926-0031;N3149J;N3149J;B62285;1881.00;LTR;557028.82;558909.82;1881.00;0.7977;KGL;MEA;19.40;GR;1500.47;COA-JFK-20260926-3;2026-09-26T14:15:21Z;SHL-DN-512788;Verified;fuel.ops@airline.com;2026-09-26T16:21:21Z;HD-JFK-05;MTR-HD-JFK-05;ELECTRONIC;2026-09-26T14:21:21Z;SEED_B6_ADSB;2026-09-26T14:21:21Z;SEED_B6_ADSB;d65203c9-1861-5e5a-b2a8-10ab6abd9dd1;1.3238;2490.07;USD
c2088fd4-af98-5ec4-8bce-5c55798072ee;9d3be0b6-93fd-560d-8310-01c94e79cc79;MATCHED;E;c8236e47-e542-5aca-ad3c-1ee1ec515d4f;WFS-BOS-479131;;FT-BOS-20260926-0038;N3284J;N3284J;B61117;2218.00;LTR;633042.87;635260.87;2218.00;0.8103;KGL;MEA;15.50;GR;1797.25;COA-BOS-20260926-2;2026-09-26T14:20:02Z;WFS-DN-479131;Verified;fuel.ops@airline.com;2026-09-26T16:26:02Z;HD-BOS-03;MTR-HD-BOS-03;ELECTRONIC;2026-09-26T14:26:02Z;SEED_B6_ADSB;2026-09-26T14:26:02Z;SEED_B6_ADSB;b11243c9-caa1-5b1a-a1b4-027dd2582b19;1.3279;2945.28;USD
946585d0-84dc-5375-a6d7-7fc1115cb585;8fbc8435-e4a9-5b1d-81ab-9b1f23fb98c2;MATCHED;M;3c21d831-19ec-50e9-b676-ff4eacf9b495;CGA-MSY-537687;;FT-MSY-20260926-0002;N3062J;N3062J;B6176;5261.00;LTR;636836.85;642097.85;5261.00;0.7925;KGL;MEA;22.60;GR;4169.34;COA-MSY-20260926-1;2026-09-26T14:42:09Z;CGA-DN-537687;Verified;fuel.ops@airline.com;2026-09-26T16:54:09Z;RF-MSY-22;MTR-RF-MSY-22;MANUAL;2026-09-26T14:54:09Z;SEED_B6_ADSB;2026-09-26T14:54:09Z;SEED_B6_ADSB;3aa385bc-4d09-5b50-8c79-113deb71f3b8;1.2634;6646.75;USD
92a0b567-9aa7-5319-8130-d4c90ddafab4;091879c2-b9ab-5857-ad92-8c10e619f3cc;MATCHED;E;653923bb-8c45-5636-9762-6008ab073199;SHL-FLL-485298;;FT-FLL-20260926-0023;N623JB;N623JB;B6663;8486.00;LTR;681948.88;690434.88;8486.00;0.8012;KGL;MEA;26.90;GR;6798.98;COA-FLL-20260926-1;2026-09-26T14:54:07Z;SHL-DN-485298;Verified;fuel.ops@airline.com;2026-09-26T17:08:07Z;HD-FLL-06;MTR-HD-FLL-06;ELECTRONIC;2026-09-26T15:08:07Z;SEED_B6_ADSB;2026-09-26T15:08:07Z;SEED_B6_ADSB;08f4c983-1c26-58ee-a1a9-30cc5e4c5ae4;1.2465;10577.8;USD
d68ea37a-56fc-5dc8-9e8f-4879ba255970;ce67fe60-30ba-5b54-b4cb-c52c8ba2f32f;MATCHED;M;d11cc08a-bbcc-588b-8cd3-b00fb00d18d2;BPA-RIC-112621;;FT-RIC-20260926-0003;N3276J;N3276J;B61282;3461.00;LTR;489832.78;493293.78;3461.00;0.8016;KGL;MEA;19.90;GR;2774.34;COA-RIC-20260926-1;2026-09-26T14:38:14Z;BPA-DN-112621;Verified;fuel.ops@airline.com;2026-09-26T16:47:14Z;RF-RIC-12;MTR-RF-RIC-12;MANUAL;2026-09-26T14:47:14Z;SEED_B6_ADSB;2026-09-26T14:47:14Z;SEED_B6_ADSB;63929659-d8e6-594b-9455-a0be9dd4a19b;1.3810;4779.64;USD
ff14d204-cbad-5f48-aec6-d39f78ce0c13;89df22ed-20a5-5114-876e-26de16e1632e;MATCHED;E;2b818e08-cd62-5cfc-ba4e-582da6d7771f;SHL-JFK-512790;;FT-JFK-20260926-0032;N905JB;N905JB;B62201;7223.00;LTR;405482.04;412705.04;7223.00;0.7999;KGL;MEA;16.70;GR;5777.68;COA-JFK-20260926-3;2026-09-26T14:34:31Z;SHL-DN-512790;Verified;fuel.ops@airline.com;2026-09-26T16:46:31Z;HD-JFK-01;MTR-HD-JFK-01;ELECTRONIC;2026-09-26T14:46:31Z;SEED_B6_ADSB;2026-09-26T14:46:31Z;SEED_B6_ADSB;9e5a6b59-87ec-5a04-a135-fbf9e4a9a4d5;1.3238;9561.81;USD
2783a5f3-7fb1-53a9-8ed8-566f59caa94f;dbfd56ba-e895-5180-ab4a-8cb867ba83b0;MATCHED;E;6c1ec549-c5c9-5f99-b3fc-24236e791a65;PMA-SJU-755511;;FT-SJU-20260926-0009;N661JB;N661JB;B62896;22502.00;LTR;632201.75;654703.75;22502.00;0.7986;KGL;MEA;29.40;GR;17970.1;COA-SJU-20260926-3;2026-09-26T14:44:48Z;PMA-DN-755511;Verified;fuel.ops@airline.com;2026-09-26T17:13:48Z;HD-SJU-12;MTR-HD-SJU-12;ELECTRONIC;2026-09-26T15:13:48Z;SEED_B6_ADSB;2026-09-26T15:13:48Z;SEED_B6_ADSB;33cde6e9-9793-5cd9-b27e-d89b5999a637;1.3117;29515.87;USD
c539c74d-a9a2-52dd-9388-d624f668b959;f3963e6b-c339-50c6-9b24-a15e9622cd0b;MATCHED;E;842ec032-d310-5e7d-80f1-6ead9b5e39f5;SHL-JFK-512791;;FT-JFK-20260926-0033;N583JB;N583JB;B6121;15606.00;LTR;339622.13;355228.13;15606.00;0.7972;KGL;MEA;20.00;GR;12441.1;COA-JFK-20260926-3;2026-09-26T14:33:44Z;SHL-DN-512791;Verified;fuel.ops@airline.com;2026-09-26T16:54:44Z;HD-JFK-24;MTR-HD-JFK-24;ELECTRONIC;2026-09-26T14:54:44Z;SEED_B6_ADSB;2026-09-26T14:54:44Z;SEED_B6_ADSB;cb7a4577-3ff9-51f1-bb92-f85d38fc5b19;1.3238;20659.22;USD
9ea9a5c9-6428-524e-994e-fce168843d79;d583f1db-8252-55a6-a95d-de866537b1bb;MATCHED;E;2f1104f8-a3d3-5109-9dd3-d207a0f4e854;WFS-JFK-404024;;FT-JFK-20260926-0034;N591JB;N591JB;B62129;7302.00;LTR;686415.81;693717.81;7302.00;0.7995;KGL;MEA;17.10;GR;5837.95;COA-JFK-20260926-3;2026-09-26T14:37:40Z;WFS-DN-404024;Verified;fuel.ops@airline.com;2026-09-26T16:49:40Z;HD-JFK-02;MTR-HD-JFK-02;ELECTRONIC;2026-09-26T14:49:40Z;SEED_B6_ADSB;2026-09-26T14:49:40Z;SEED_B6_ADSB;aadf1d31-2793-56c8-8ea4-3a0b10d579d7;1.3151;9602.86;USD
230b8aa7-3b6c-5841-baf6-deb1d73d1ccd;feabc28a-065a-5222-be0c-5df67310e456;MATCHED;M;7acbdcc7-6c6c-5536-8350-7973461ed922;SHL-PBI-381728;;FT-PBI-20260926-0003;N3044J;N3044J;B62334;4827.00;LTR;102388.24;107215.24;4827.00;0.8035;KGL;MEA;25.80;GR;3878.49;COA-PBI-20260926-1;2026-09-26T14:39:44Z;SHL-DN-381728;Verified;fuel.ops@airline.com;2026-09-26T16:50:44Z;RF-PBI-03;MTR-RF-PBI-03;MANUAL;2026-09-26T14:50:44Z;SEED_B6_ADSB;2026-09-26T14:50:44Z;SEED_B6_ADSB;730ebbec-4e7e-575c-a5e3-2fb5e9a178c3;1.2819;6187.73;USD
6d5944a3-a605-5d3f-b7b5-684e0ee89d21;32d51327-569b-510a-8d30-5a5f85d0e452;MATCHED;E;2a890cea-1059-598f-bd80-55face186624;WFS-BOS-479134;;FT-BOS-20260926-0039;N3113J;N3113J;B6267;5372.00;LTR;192520.49;197892.49;5372.00;0.8090;KGL;MEA;17.10;GR;4345.95;COA-BOS-20260926-2;2026-09-26T14:41:52Z;WFS-DN-479134;Verified;fuel.ops@airline.com;2026-09-26T16:51:52Z;HD-BOS-15;MTR-HD-BOS-15;ELECTRONIC;2026-09-26T14:51:52Z;SEED_B6_ADSB;2026-09-26T14:51:52Z;SEED_B6_ADSB;ee2b1db4-4a64-5e59-9812-ab0489065494;1.3279;7133.48;USD
6fe01748-dcc1-5e03-8489-0e180625560b;1295f6d7-7879-5fee-9a0a-c391b00802cb;MATCHED;M;4c552334-00c1-5327-89d6-4611f6eae670;BPA-MKE-788577;;FT-MKE-20260926-0001;N3058J;N3058J;B62230;6563.00;LTR;594006.89;600569.89;6563.00;0.8018;KGL;MEA;19.10;GR;5262.21;COA-MKE-20260926-2;2026-09-26T14:56:42Z;BPA-DN-788577;Verified;fuel.ops@airline.com;2026-09-26T17:10:42Z;RF-MKE-13;MTR-RF-MKE-13;MANUAL;2026-09-26T15:10:42Z;SEED_B6_ADSB;2026-09-26T15:10:42Z;SEED_B6_ADSB;58d49712-fb55-570a-b88d-3fe0818d700b;1.2866;8443.96;USD
bb5c1f85-6630-5d65-96d3-64d67c086ecf;a424fecc-01dd-5657-b191-3c080ba2d31a;MATCHED;M;b5173007-b308-5c3e-9657-36ccea7e2e9a;SHL-PBI-381730;;FT-PBI-20260926-0004;N564JB;N564JB;B6544;6942.00;LTR;203294.58;210236.58;6942.00;0.8045;KGL;MEA;24.60;GR;5584.84;COA-PBI-20260926-1;2026-09-26T14:51:11Z;SHL-DN-381730;Verified;fuel.ops@airline.com;2026-09-26T17:06:11Z;RF-PBI-22;MTR-RF-PBI-22;MANUAL;2026-09-26T15:06:11Z;SEED_B6_ADSB;2026-09-26T15:06:11Z;SEED_B6_ADSB;e5105db0-f20a-53d1-9c3f-d446a01b54f3;1.2819;8898.95;USD
765cbdc8-1557-5d52-bdea-b47e67160f3d;6ad29d65-8e74-5988-9036-c92dacd9ae3b;MATCHED;M;ee392028-4ea9-5451-b12f-1d54d8fa99db;SOL-BDA-462137;;FT-BDA-20260926-0001;N3241J;N3241J;B6204;1468.00;LTR;363846.92;365314.92;1468.00;0.7950;KGL;MEA;23.60;GR;1167.06;COA-BDA-20260926-1;2026-09-26T14:47:49Z;SOL-DN-462137;Verified;fuel.ops@airline.com;2026-09-26T16:53:49Z;RF-BDA-12;MTR-RF-BDA-12;MANUAL;2026-09-26T14:53:49Z;SEED_B6_ADSB;2026-09-26T14:53:49Z;SEED_B6_ADSB;71b0d11d-4f12-52fc-90b9-b92157ae29de;1.4071;2065.62;USD
e43fa2b7-ca97-50f9-8d01-a6ef2185f712;d6cc0143-5fa3-5847-a9ff-a8fb4c9ca3a2;MATCHED;M;3553b255-bda7-553e-81b1-d4906f1b6cf8;AVF-JAX-322608;;FT-JAX-20260926-0002;N3112J;N3112J;B61310;7007.00;LTR;436447.15;443454.15;7007.00;0.8014;KGL;MEA;19.90;GR;5615.41;COA-JAX-20260926-3;2026-09-26T14:53:25Z;AVF-DN-322608;Verified;fuel.ops@airline.com;2026-09-26T17:08:25Z;RF-JAX-20;MTR-RF-JAX-20;MANUAL;2026-09-26T15:08:25Z;SEED_B6_ADSB;2026-09-26T15:08:25Z;SEED_B6_ADSB;4eb93bcd-44ff-52e3-bad9-05a0a7371155;1.2825;8986.48;USD
f70d808c-1756-559f-8bd3-dfa72b5f4d5d;3895fb6b-74ce-5749-91dd-05f34738d16d;MATCHED;M;c3db9227-ac5f-504e-bb99-fd8824a59672;WFS-BUF-723713;;FT-BUF-20260926-0006;N3261J;N3261J;B61901;1975.00;LTR;100601.28;102576.28;1975.00;0.8023;KGL;MEA;18.30;GR;1584.54;COA-BUF-20260926-3;2026-09-26T15:02:08Z;WFS-DN-723713;Verified;fuel.ops@airline.com;2026-09-26T17:09:08Z;RF-BUF-12;MTR-RF-BUF-12;MANUAL;2026-09-26T15:09:08Z;SEED_B6_ADSB;2026-09-26T15:09:08Z;SEED_B6_ADSB;c64843eb-4c38-5c7d-8677-feaba8990721;1.3425;2651.44;USD
3b17989d-96e0-591f-a177-ec3c12c5cd5d;79ec3911-01ee-598d-b0ff-e11294c440dd;MATCHED;E;a070f737-6ef5-5ec3-9ae8-2e9e6c9b2395;SHL-BOS-696990;;FT-BOS-20260926-0040;N3123J;N3123J;B61293;3145.00;LTR;373055.91;376200.91;3145.00;0.8085;KGL;MEA;17.70;GR;2542.73;COA-BOS-20260926-2;2026-09-26T14:51:26Z;SHL-DN-696990;Verified;fuel.ops@airline.com;2026-09-26T16:58:26Z;HD-BOS-20;MTR-HD-BOS-20;ELECTRONIC;2026-09-26T14:58:26Z;SEED_B6_ADSB;2026-09-26T14:58:26Z;SEED_B6_ADSB;dcc3eb0c-5a39-5d4c-97f6-a2859199f5eb;1.3245;4165.55;USD
9fe3ec33-6008-50b5-9e22-5dd28bbb9518;3365ed04-4e67-581a-8957-a666234209b8;MATCHED;E;564306d5-f10c-515f-9b2f-5bbf4a016082;SHL-FLL-485301;;FT-FLL-20260926-0024;N524JB;N524JB;B6790;8815.00;LTR;415647.41;424462.41;8815.00;0.8009;KGL;MEA;27.30;GR;7059.93;COA-FLL-20260926-1;2026-09-26T15:01:01Z;SHL-DN-485301;Verified;fuel.ops@airline.com;2026-09-26T17:14:01Z;HD-FLL-18;MTR-HD-FLL-18;ELECTRONIC;2026-09-26T15:14:01Z;SEED_B6_ADSB;2026-09-26T15:14:01Z;SEED_B6_ADSB;040cd496-f00f-52b8-86cf-422930293f85;1.2465;10987.9;USD
4bf0e02a-f9d2-56f3-a0e7-d8039121d9af;ba51cef9-2ebd-5f76-a568-575dbf21592b;MATCHED;E;49b49f6c-f442-50e9-9a4e-f029c54932ab;SHL-BOS-696993;;FT-BOS-20260926-0041;N793JB;N793JB;B62283;4815.00;LTR;530617.77;535432.77;4815.00;0.8097;KGL;MEA;16.20;GR;3898.71;COA-BOS-20260926-2;2026-09-26T14:57:53Z;SHL-DN-696993;Verified;fuel.ops@airline.com;2026-09-26T17:06:53Z;HD-BOS-19;MTR-HD-BOS-19;ELECTRONIC;2026-09-26T15:06:53Z;SEED_B6_ADSB;2026-09-26T15:06:53Z;SEED_B6_ADSB;6057a86b-17a1-5d48-9414-aa75da98490e;1.3245;6377.47;USD
bf5620ea-5eaf-57c9-b31f-110c9bddfc25;ddd827d1-71b8-5a10-818e-6762d3cf5c57;MATCHED;E;3e08e771-35f6-5403-b9c6-80c3477bb5d5;BPA-MCO-339312;;FT-MCO-20260926-0016;N566JB;N566JB;B6194;6727.00;LTR;240525.70;247252.70;6727.00;0.8016;KGL;MEA;22.80;GR;5392.36;COA-MCO-20260926-1;2026-09-26T14:53:59Z;BPA-DN-339312;Verified;fuel.ops@airline.com;2026-09-26T17:04:59Z;HD-MCO-10;MTR-HD-MCO-10;ELECTRONIC;2026-09-26T15:04:59Z;SEED_B6_ADSB;2026-09-26T15:04:59Z;SEED_B6_ADSB;9d8085dd-2603-5966-bb41-b753fe1227e3;1.2561;8449.78;USD
217f83b8-85cb-5cd1-96a3-5e7f5db3e03d;f368c49a-433b-5abc-a8ea-a7cf670a0948;MATCHED;E;e77a9d4a-ac7d-5b13-97b2-941b39c12602;WFS-FLL-457578;;FT-FLL-20260926-0025;N705JB;N705JB;B6380;21418.00;LTR;271536.30;292954.30;21418.00;0.8050;KGL;MEA;22.20;GR;17241.49;COA-FLL-20260926-1;2026-09-26T15:03:20Z;WFS-DN-457578;Verified;fuel.ops@airline.com;2026-09-26T17:31:20Z;HD-FLL-12;MTR-HD-FLL-12;ELECTRONIC;2026-09-26T15:31:20Z;SEED_B6_ADSB;2026-09-26T15:31:20Z;SEED_B6_ADSB;c60fbb4a-84f6-5a58-bced-d68ac076772b;1.2502;26776.78;USD
081ffde2-5988-5ae1-a7e8-7f9ea718095b;3ccef061-36d0-5f65-bb16-271e41142657;MATCHED;E;7177653d-f4f4-5fde-8e9c-54524fd18c1c;CGA-IAH-360695;;FT-IAH-20260926-0002;N599JB;N599JB;B6932;12730.00;LTR;433742.77;446472.77;12730.00;0.7995;KGL;MEA;19.90;GR;10177.64;COA-IAH-20260926-1;2026-09-26T15:08:42Z;CGA-DN-360695;Verified;fuel.ops@airline.com;2026-09-26T17:26:42Z;HD-IAH-12;MTR-HD-IAH-12;ELECTRONIC;2026-09-26T15:26:42Z;SEED_B6_ADSB;2026-09-26T15:26:42Z;SEED_B6_ADSB;293cb08b-a035-5d92-8c36-73ad22fe0d1f;1.2412;15800.48;USD
c8bedec8-969b-57fc-ab0b-f0a83d608490;f9bbd37f-45f0-58cf-93f6-4f59ddd73976;MATCHED;M;38884ab1-f63e-54be-bb6a-3517345353e8;WFS-BNA-688068;;FT-BNA-20260926-0004;N3251J;N3251J;B6274;4523.00;LTR;463620.17;468143.17;4523.00;0.8086;KGL;MEA;19.50;GR;3657.3;COA-BNA-20260926-1;2026-09-26T15:10:59Z;WFS-DN-688068;Verified;fuel.ops@airline.com;2026-09-26T17:21:59Z;RF-BNA-08;MTR-RF-BNA-08;MANUAL;2026-09-26T15:21:59Z;SEED_B6_ADSB;2026-09-26T15:21:59Z;SEED_B6_ADSB;2bd96e23-f06b-562c-b503-5cba488a8bbd;1.2864;5818.39;USD
c1de66f5-75b0-5dfe-bd78-a12ae458205c;7d77ecfe-e432-5813-bfc8-68bccf3784b8;MATCHED;E;3ec1df1b-393a-52d8-a6b7-01dad2b72c36;SHL-FLL-485303;;FT-FLL-20260926-0026;N775JB;N775JB;B61005;2469.00;LTR;793151.73;795620.73;2469.00;0.8032;KGL;MEA;24.50;GR;1983.1;COA-FLL-20260926-1;2026-09-26T15:07:08Z;SHL-DN-485303;Verified;fuel.ops@airline.com;2026-09-26T17:13:08Z;HD-FLL-21;MTR-HD-FLL-21;ELECTRONIC;2026-09-26T15:13:08Z;SEED_B6_ADSB;2026-09-26T15:13:08Z;SEED_B6_ADSB;b53c6b4d-b701-56df-be9d-88a22ceb4873;1.2465;3077.61;USD
e395424e-1761-551b-ba82-9f3432c52eb5;207b47e4-0c21-5159-a63a-cbfc229979fa;MATCHED;E;87cc2eb9-03d6-5a3a-bb28-c0f902f8784d;BPA-DCA-429206;;FT-DCA-20260926-0005;N655JB;N655JB;B61923;5779.00;LTR;349684.04;355463.04;5779.00;0.8013;KGL;MEA;19.30;GR;4630.71;COA-DCA-20260926-1;2026-09-26T15:07:13Z;BPA-DN-429206;Verified;fuel.ops@airline.com;2026-09-26T17:17:13Z;HD-DCA-10;MTR-HD-DCA-10;ELECTRONIC;2026-09-26T15:17:13Z;SEED_B6_ADSB;2026-09-26T15:17:13Z;SEED_B6_ADSB;8673e422-e051-52f0-82fb-63bd40e360d5;1.3236;7649.08;USD
af6a9e13-263f-5ae9-8a6a-807afb3fb545;373db8fe-0bb4-58b3-bdf1-b4045de47a0c;MATCHED;E;f4b54518-b047-52b7-a3be-263d6ac5b766;SHL-FLL-485305;;FT-FLL-20260926-0027;N805JB;N805JB;B6681;5886.00;LTR;164305.64;170191.64;5886.00;0.8045;KGL;MEA;22.90;GR;4735.29;COA-FLL-20260926-1;2026-09-26T15:17:54Z;SHL-DN-485305;Verified;fuel.ops@airline.com;2026-09-26T17:27:54Z;HD-FLL-05;MTR-HD-FLL-05;ELECTRONIC;2026-09-26T15:27:54Z;SEED_B6_ADSB;2026-09-26T15:27:54Z;SEED_B6_ADSB;28c66e8e-5a7d-5dd5-af77-9cd5be2ef3b4;1.2465;7336.9;USD
5613bd87-4bc1-5bb9-9e97-75295d75adbc;f648597a-65ed-526c-bdce-d7698dedc7f7;MATCHED;E;32ce054d-4d8e-59be-a7bd-c9e42b5678aa;BPA-PHL-493082;;FT-PHL-20260926-0004;N646JB;N646JB;B61047;12463.00;LTR;719179.47;731642.47;12463.00;0.8085;KGL;MEA;19.50;GR;10076.34;COA-PHL-20260926-1;2026-09-26T15:12:29Z;BPA-DN-493082;Verified;fuel.ops@airline.com;2026-09-26T17:29:29Z;HD-PHL-18;MTR-HD-PHL-18;ELECTRONIC;2026-09-26T15:29:29Z;SEED_B6_ADSB;2026-09-26T15:29:29Z;SEED_B6_ADSB;40e79787-31e5-5db3-b515-87e1597031d9;1.3355;16644.34;USD
ede0de5a-394e-54a3-b46e-972e943e77d0;aa0dbcda-7229-548a-b33c-e9433b9ff64e;MATCHED;M;5e09ff54-7cfd-5789-9499-3e1dd740db1a;SHL-PBI-381731;;FT-PBI-20260926-0005;N970JB;N970JB;B622;9888.00;LTR;851785.85;861673.85;9888.00;0.8039;KGL;MEA;25.30;GR;7948.96;COA-PBI-20260926-1;2026-09-26T15:06:01Z;SHL-DN-381731;Verified;fuel.ops@airline.com;2026-09-26T17:26:01Z;RF-PBI-01;MTR-RF-PBI-01;MANUAL;2026-09-26T15:26:01Z;SEED_B6_ADSB;2026-09-26T15:26:01Z;SEED_B6_ADSB;3944b134-5b6b-5235-883b-c2b87842ee7d;1.2819;12675.43;USD
9b001d8e-b2c8-5ffd-ab7b-5ae3e2392199;c1087dd2-b26c-5713-af33-ef6ffc14aaec;MATCHED;E;666b38e8-8a7a-5819-aec9-6cb1d6670448;SHL-FLL-485308;;FT-FLL-20260926-0028;N768JB;N768JB;B6749;4091.00;LTR;363344.92;367435.92;4091.00;0.8013;KGL;MEA;26.80;GR;3278.12;COA-FLL-20260926-1;2026-09-26T15:21:46Z;SHL-DN-485308;Verified;fuel.ops@airline.com;2026-09-26T17:29:46Z;HD-FLL-16;MTR-HD-FLL-16;ELECTRONIC;2026-09-26T15:29:46Z;SEED_B6_ADSB;2026-09-26T15:29:46Z;SEED_B6_ADSB;62cd604e-0d82-509f-add2-bd5f22e595b5;1.2465;5099.43;USD
5031e31a-bf75-5279-9e03-ec6b78f06d63;4c414739-8303-518c-88ac-ccb454b0ed29;MATCHED;E;11363345-68ab-593f-bc84-b635fa55b34f;WFS-JFK-404025;;FT-JFK-20260926-0035;N3185J;N3185J;B6477;6359.00;LTR;715319.64;721678.64;6359.00;0.8005;KGL;MEA;15.90;GR;5090.38;COA-JFK-20260926-3;2026-09-26T15:20:15Z;WFS-DN-404025;Verified;fuel.ops@airline.com;2026-09-26T17:31:15Z;HD-JFK-19;MTR-HD-JFK-19;ELECTRONIC;2026-09-26T15:31:15Z;SEED_B6_ADSB;2026-09-26T15:31:15Z;SEED_B6_ADSB;6bbb05ec-9d12-5a64-bd61-fd9088c72807;1.3151;8362.72;USD
dfc46741-e86f-5d15-8456-6338348fa43c;714f97a3-f05c-5d0e-954c-1acb10b0da2f;MATCHED;E;8b31a347-92b5-510a-8ab5-98bafdad910e;WFS-JFK-404028;;FT-JFK-20260926-0036;N968JT;N968JT;B6211;17060.00;LTR;289670.43;306730.43;17060.00;0.7967;KGL;MEA;20.70;GR;13591.7;COA-JFK-20260926-3;2026-09-26T15:26:25Z;WFS-DN-404028;Verified;fuel.ops@airline.com;2026-09-26T17:48:25Z;HD-JFK-10;MTR-HD-JFK-10;ELECTRONIC;2026-09-26T15:48:25Z;SEED_B6_ADSB;2026-09-26T15:48:25Z;SEED_B6_ADSB;ccc649d2-7f9f-5689-9a52-041f43c09fc7;1.3151;22435.61;USD
9e010d5a-ff5d-5d26-98b1-b884ab331134;98f18f0c-1314-5498-bb76-28112dbac0af;MATCHED;E;40d1ed63-fd5f-598f-84dd-3cc138b9162a;SHL-JFK-512793;;FT-JFK-20260926-0037;N3162J;N3162J;B61497;9885.00;LTR;405482.04;415367.04;9885.00;0.7994;KGL;MEA;17.30;GR;7902.07;COA-JFK-20260926-3;2026-09-26T15:13:30Z;SHL-DN-512793;Verified;fuel.ops@airline.com;2026-09-26T17:27:30Z;HD-JFK-01;MTR-HD-JFK-01;ELECTRONIC;2026-09-26T15:27:30Z;SEED_B6_ADSB;2026-09-26T15:27:30Z;SEED_B6_ADSB;1e70230b-9ecf-5752-b11d-0c18aa2b6ade;1.3238;13085.76;USD
0cc4feb7-9f12-5d9b-8e4d-6e66230d4243;1a9876aa-62e6-5a75-8712-2c7db87aa90e;MATCHED;E;8aa77f69-e421-5704-b938-0e3619df755b;WFS-FLL-457581;;FT-FLL-20260926-0029;N630JB;N630JB;B6272;8849.00;LTR;847535.46;856384.46;8849.00;0.8056;KGL;MEA;21.50;GR;7128.75;COA-FLL-20260926-1;2026-09-26T15:38:17Z;WFS-DN-457581;Verified;fuel.ops@airline.com;2026-09-26T17:51:17Z;HD-FLL-22;MTR-HD-FLL-22;ELECTRONIC;2026-09-26T15:51:17Z;SEED_B6_ADSB;2026-09-26T15:51:17Z;SEED_B6_ADSB;561eb41f-29c5-5211-abb1-f8a7e09ea0fe;1.2502;11063.02;USD
150a3b67-9402-5695-95a7-63c5cdb8d425;0fd0b936-b476-5eb6-8e61-96a3ca12500b;MATCHED;E;3dc33a74-9de8-5df4-8af7-0d8ad81e1087;WFS-JFK-404031;;FT-JFK-20260926-0038;N2017J;N2017J;B683;5917.00;LTR;183308.87;189225.87;5917.00;0.8003;KGL;MEA;16.10;GR;4735.38;COA-JFK-20260926-3;2026-09-26T15:22:48Z;WFS-DN-404031;Verified;fuel.ops@airline.com;2026-09-26T17:32:48Z;HD-JFK-22;MTR-HD-JFK-22;ELECTRONIC;2026-09-26T15:32:48Z;SEED_B6_ADSB;2026-09-26T15:32:48Z;SEED_B6_ADSB;819e4fd1-bd52-58b6-836a-6ddebb699e11;1.3151;7781.45;USD
abd7967e-7ba1-5876-a778-17b6a79aeb04;094e1945-f3c9-5955-9e79-a85287399fb4;MATCHED;E;8af7cdc9-759c-5753-a018-227329944c79;WFS-JFK-404032;;FT-JFK-20260926-0039;N903JB;N903JB;B61603;14662.00;LTR;557028.82;571690.82;14662.00;0.7988;KGL;MEA;18.00;GR;11712.01;COA-JFK-20260926-3;2026-09-26T15:35:50Z;WFS-DN-404032;Verified;fuel.ops@airline.com;2026-09-26T17:55:50Z;HD-JFK-05;MTR-HD-JFK-05;ELECTRONIC;2026-09-26T15:55:50Z;SEED_B6_ADSB;2026-09-26T15:55:50Z;SEED_B6_ADSB;8302345b-c523-544e-bc8f-d98483c7ae11;1.3151;19282;USD
8f85e61f-34b3-5d90-87a3-f09c7cbd54cb;0e28ea5e-1309-5516-8782-2e01f38136d5;MATCHED;E;ad7fea2f-6d21-5b17-80e7-6d3b07108d33;WFS-BOS-479137;;FT-BOS-20260926-0042;N3115J;N3115J;B6249;6189.00;LTR;480140.12;486329.12;6189.00;0.8099;KGL;MEA;16.00;GR;5012.47;COA-BOS-20260926-2;2026-09-26T15:29:27Z;WFS-DN-479137;Verified;fuel.ops@airline.com;2026-09-26T17:39:27Z;HD-BOS-04;MTR-HD-BOS-04;ELECTRONIC;2026-09-26T15:39:27Z;SEED_B6_ADSB;2026-09-26T15:39:27Z;SEED_B6_ADSB;3044538e-143e-5764-9320-109039d828d7;1.3279;8218.37;USD
0af7cf1a-5d1f-5653-b210-26848d7ccc75;423b8092-2520-5bc8-95b2-e8f64dd9147a;MATCHED;M;3bb57e6b-f373-5ee2-9629-a80215b58bab;SHL-PBI-381733;;FT-PBI-20260926-0006;N665JB;N665JB;B6468;6819.00;LTR;471469.64;478288.64;6819.00;0.8055;KGL;MEA;23.30;GR;5492.7;COA-PBI-20260926-1;2026-09-26T15:32:05Z;SHL-DN-381733;Verified;fuel.ops@airline.com;2026-09-26T17:47:05Z;RF-PBI-15;MTR-RF-PBI-15;MANUAL;2026-09-26T15:47:05Z;SEED_B6_ADSB;2026-09-26T15:47:05Z;SEED_B6_ADSB;4d87b984-7f28-54a7-8120-2192de154155;1.2819;8741.28;USD
edc2d51b-cb56-589c-a90e-2668b946deb1;40f47c90-06d5-59ca-8e26-b199d81a5792;MATCHED;E;49bf26f3-c500-5475-a61a-fd0927e61913;SHL-FLL-485309;;FT-FLL-20260926-0030;N584JB;N584JB;B62020;8662.00;LTR;276792.70;285454.70;8662.00;0.8040;KGL;MEA;23.50;GR;6964.25;COA-FLL-20260926-1;2026-09-26T15:49:29Z;SHL-DN-485309;Verified;fuel.ops@airline.com;2026-09-26T18:02:29Z;HD-FLL-04;MTR-HD-FLL-04;ELECTRONIC;2026-09-26T16:02:29Z;SEED_B6_ADSB;2026-09-26T16:02:29Z;SEED_B6_ADSB;927cc8d0-3c4d-510a-90e1-88fd5fb9569c;1.2465;10797.18;USD
d4a6d471-3193-5182-96b4-8394c8d0eaba;6d4e9b11-c6f3-5c37-86c3-5be888aa992f;MATCHED;E;ef61b05e-214b-57e7-973f-bafd739dabaf;BPA-MCO-339314;;FT-MCO-20260926-0017;N531JL;N531JL;B6598;7566.00;LTR;124401.24;131967.24;7566.00;0.8013;KGL;MEA;23.10;GR;6062.64;COA-MCO-20260926-1;2026-09-26T15:39:31Z;BPA-DN-339314;Verified;fuel.ops@airline.com;2026-09-26T17:51:31Z;HD-MCO-11;MTR-HD-MCO-11;ELECTRONIC;2026-09-26T15:51:31Z;SEED_B6_ADSB;2026-09-26T15:51:31Z;SEED_B6_ADSB;ee7cdfb1-0b5a-51de-bfe7-70b636accf2e;1.2561;9503.65;USD
2866fc1a-c27b-5622-98a4-65dbf8fc5eb2;956fb89e-435d-5a53-a040-9a7b36db05dc;MATCHED;E;ff4bb685-4461-5683-8125-1f82f216fdb9;SHL-FLL-485311;;FT-FLL-20260926-0031;N3280J;N3280J;B62094;6698.00;LTR;847535.46;854233.46;6698.00;0.8021;KGL;MEA;25.80;GR;5372.47;COA-FLL-20260926-1;2026-09-26T15:46:04Z;SHL-DN-485311;Verified;fuel.ops@airline.com;2026-09-26T17:57:04Z;HD-FLL-22;MTR-HD-FLL-22;ELECTRONIC;2026-09-26T15:57:04Z;SEED_B6_ADSB;2026-09-26T15:57:04Z;SEED_B6_ADSB;229159b1-5307-5757-82b6-87f1cc48fe9d;1.2465;8349.06;USD
f73ff4d3-4e72-5b30-b196-66c32eb32236;75818f6f-27f0-5cdb-a9d4-03cfba38d8c4;MATCHED;E;30789e44-791c-54ae-a9b5-6b14f1a89d39;SHL-MCO-595774;;FT-MCO-20260926-0018;N779JB;N779JB;B61133;7008.00;LTR;468407.69;475415.69;7008.00;0.8003;KGL;MEA;24.40;GR;5608.5;COA-MCO-20260926-1;2026-09-26T15:59:56Z;SHL-DN-595774;Verified;fuel.ops@airline.com;2026-09-26T18:10:56Z;HD-MCO-02;MTR-HD-MCO-02;ELECTRONIC;2026-09-26T16:10:56Z;SEED_B6_ADSB;2026-09-26T16:10:56Z;SEED_B6_ADSB;aff3bbf6-2a32-5723-b9db-53c2d7133468;1.2616;8841.29;USD
10a34e12-04a6-52f6-ba21-a062ef50d9bd;62466c18-f1f9-58bd-8c6f-ec981241822c;MATCHED;M;e8961e92-b94b-57d5-85ab-f678906920a0;AVF-CHS-586558;;FT-CHS-20260926-0002;N3077J;N3077J;B6568;5842.00;LTR;166944.05;172786.05;5842.00;0.7940;KGL;MEA;20.50;GR;4638.55;COA-CHS-20260926-1;2026-09-26T15:59:28Z;AVF-DN-586558;Verified;fuel.ops@airline.com;2026-09-26T18:12:28Z;RF-CHS-03;MTR-RF-CHS-03;MANUAL;2026-09-26T16:12:28Z;SEED_B6_ADSB;2026-09-26T16:12:28Z;SEED_B6_ADSB;98f569ef-54da-5b23-9e24-5eb121229265;1.2755;7451.47;USD
1730396b-fe2d-5385-aaff-41c0e2c32ff7;211f6b97-6679-5053-adb3-dfe7444a5c0c;MATCHED;E;5311bee9-ef12-5d57-be2e-f9893e9d5d65;WFS-LAX-154060;;FT-LAX-20260926-0004;N991JT;N991JT;B6988;18931.00;LTR;544668.48;563599.48;18931.00;0.8029;KGL;MEA;22.90;GR;15199.7;COA-LAX-20260926-2;2026-09-26T16:08:23Z;WFS-DN-154060;Verified;fuel.ops@airline.com;2026-09-26T18:33:23Z;HD-LAX-09;MTR-HD-LAX-09;ELECTRONIC;2026-09-26T16:33:23Z;SEED_B6_ADSB;2026-09-26T16:33:23Z;SEED_B6_ADSB;714ca0bf-a8ff-5779-afdd-d315c09c4c5c;1.3108;24814.75;USD
866b446a-c7a6-5f9c-93f2-95e418b8d1f1;d874fc4b-87e2-55ba-8a99-02da82274110;MATCHED;E;f9f82bf2-0d0f-5d26-8e6c-ee04777df6c2;PMA-SJU-755513;;FT-SJU-20260926-0010;N997JL;N997JL;B61004;14000.00;LTR;798377.18;812377.18;14000.00;0.7996;KGL;MEA;28.10;GR;11194.4;COA-SJU-20260926-3;2026-09-26T16:02:25Z;PMA-DN-755513;Verified;fuel.ops@airline.com;2026-09-26T18:21:25Z;HD-SJU-14;MTR-HD-SJU-14;ELECTRONIC;2026-09-26T16:21:25Z;SEED_B6_ADSB;2026-09-26T16:21:25Z;SEED_B6_ADSB;fab58654-033b-51a5-abf2-2e3d7e2cb0cc;1.3117;18363.8;USD
2915b5d6-fb0d-5b90-9892-5cbf2436ca65;da9b2868-0344-56e4-862e-ce75435d7786;MATCHED;E;c88cf7d1-c1c5-50bb-8119-f4d57b2488b0;SHL-BOS-696994;;FT-BOS-20260926-0043;N3240J;N3240J;B6915;1511.00;LTR;480140.12;481651.12;1511.00;0.8093;KGL;MEA;16.80;GR;1222.85;COA-BOS-20260926-2;2026-09-26T16:08:52Z;SHL-DN-696994;Verified;fuel.ops@airline.com;2026-09-26T18:13:52Z;HD-BOS-04;MTR-HD-BOS-04;ELECTRONIC;2026-09-26T16:13:52Z;SEED_B6_ADSB;2026-09-26T16:13:52Z;SEED_B6_ADSB;0ee71f6e-3f8d-558d-b16c-014a2b3c4af6;1.3245;2001.32;USD
803011ab-a6bf-5e32-97c6-058a69bd6d93;73bd6ad0-28e6-5268-83d9-a6c5af46bddd;MATCHED;E;b6f486b7-f999-5d54-987b-bd759ae858ad;WFS-JFK-404035;;FT-JFK-20260926-0040;N969JT;N969JT;B61223;18576.00;LTR;557028.82;575604.82;18576.00;0.7999;KGL;MEA;16.70;GR;14858.94;COA-JFK-20260926-3;2026-09-26T15:53:23Z;WFS-DN-404035;Verified;fuel.ops@airline.com;2026-09-26T18:18:23Z;HD-JFK-05;MTR-HD-JFK-05;ELECTRONIC;2026-09-26T16:18:23Z;SEED_B6_ADSB;2026-09-26T16:18:23Z;SEED_B6_ADSB;8cf06702-fd19-5569-b863-e4d2f6f668ae;1.3151;24429.3;USD
d0b04425-b550-50af-8c6d-a6ee2f2878ef;75592377-2c1d-5259-9e57-4272189108a6;MATCHED;E;bf3b8b62-0c0f-5a44-a24c-aff6870599d5;WFS-BOS-479138;;FT-BOS-20260926-0044;N978JB;N978JB;B6733;20468.00;LTR;480140.12;500608.12;20468.00;0.8111;KGL;MEA;14.50;GR;16601.59;COA-BOS-20260926-2;2026-09-26T15:57:43Z;WFS-DN-479138;Verified;fuel.ops@airline.com;2026-09-26T18:23:43Z;HD-BOS-04;MTR-HD-BOS-04;ELECTRONIC;2026-09-26T16:23:43Z;SEED_B6_ADSB;2026-09-26T16:23:43Z;SEED_B6_ADSB;7d3ee4f3-1b43-568d-9b73-2bd8184f8298;1.3279;27179.46;USD
b04d844e-56ac-5db2-9f4b-440937821ad6;722f55b9-03f7-54c1-a9da-41e74293abc1;MATCHED;E;d66a49b4-9aa9-5b68-9b81-858cdb6fa439;WFS-BOS-479140;;FT-BOS-20260926-0045;N643JB;N643JB;B6509;7951.00;LTR;885066.69;893017.69;7951.00;0.8110;KGL;MEA;14.60;GR;6448.26;COA-BOS-20260926-2;2026-09-26T16:07:51Z;WFS-DN-479140;Verified;fuel.ops@airline.com;2026-09-26T18:19:51Z;HD-BOS-24;MTR-HD-BOS-24;ELECTRONIC;2026-09-26T16:19:51Z;SEED_B6_ADSB;2026-09-26T16:19:51Z;SEED_B6_ADSB;3e7fdbb3-9a87-58c1-9cc3-d23146ef867b;1.3279;10558.13;USD
585c8671-f3ec-525f-b9c3-a23c9d9ea4f4;06129b38-75ed-57e7-b353-c351dd4ed283;MATCHED;E;50b93991-2719-54ba-8050-0e03c3a56a75;BPA-MCO-339317;;FT-MCO-20260926-0019;N712JB;N712JB;B6546;6610.00;LTR;527179.48;533789.48;6610.00;0.8021;KGL;MEA;22.10;GR;5301.88;COA-MCO-20260926-1;2026-09-26T16:19:37Z;BPA-DN-339317;Verified;fuel.ops@airline.com;2026-09-26T18:30:37Z;HD-MCO-20;MTR-HD-MCO-20;ELECTRONIC;2026-09-26T16:30:37Z;SEED_B6_ADSB;2026-09-26T16:30:37Z;SEED_B6_ADSB;02b039f2-5d7e-5967-95ce-3e1a79a2ef78;1.2561;8302.82;USD
167f2352-930e-5c0c-b264-90cbe5f130f1;d5c8f9e9-acfe-5529-bb81-7e4aa9638436;MATCHED;E;77431a0c-cfa4-55cc-a896-e4105dd1d580;SHL-JFK-512794;;FT-JFK-20260926-0041;N3293J;N3293J;B62902;1668.00;LTR;343134.23;344802.23;1668.00;0.7973;KGL;MEA;19.90;GR;1329.9;COA-JFK-20260926-3;2026-09-26T16:17:15Z;SHL-DN-512794;Verified;fuel.ops@airline.com;2026-09-26T18:22:15Z;HD-JFK-15;MTR-HD-JFK-15;ELECTRONIC;2026-09-26T16:22:15Z;SEED_B6_ADSB;2026-09-26T16:22:15Z;SEED_B6_ADSB;2f0b622c-e0e9-57f5-84f7-4d0531687370;1.3238;2208.1;USD
91225fb0-01eb-5def-a1fc-be27f5c28cd8;696c0576-5d34-5a82-aa2d-0f1a40bf6581;MATCHED;E;29308c68-ef20-591f-b91e-8a5cdcc2f462;CGA-DFW-294828;;FT-DFW-20260926-0002;N659JB;N659JB;B6482;6636.00;LTR;250602.74;257238.74;6636.00;0.8018;KGL;MEA;20.00;GR;5320.74;COA-DFW-20260926-1;2026-09-26T16:22:55Z;CGA-DN-294828;Verified;fuel.ops@airline.com;2026-09-26T18:33:55Z;HD-DFW-09;MTR-HD-DFW-09;ELECTRONIC;2026-09-26T16:33:55Z;SEED_B6_ADSB;2026-09-26T16:33:55Z;SEED_B6_ADSB;bb215245-634f-502f-acf1-89d139573e3c;1.2476;8279.07;USD
55c3b173-311f-52ce-86c0-107c89b80b95;0403e11f-123c-5e45-98aa-0e66db66e5ab;MATCHED;E;59cf897c-b426-5f34-bda1-05f47e7d47e6;WFS-FLL-457584;;FT-FLL-20260926-0032;N633JB;N633JB;B62118;2461.00;LTR;514006.49;516467.49;2461.00;0.8045;KGL;MEA;22.80;GR;1979.87;COA-FLL-20260926-1;2026-09-26T16:18:57Z;WFS-DN-457584;Verified;fuel.ops@airline.com;2026-09-26T18:24:57Z;HD-FLL-03;MTR-HD-FLL-03;ELECTRONIC;2026-09-26T16:24:57Z;SEED_B6_ADSB;2026-09-26T16:24:57Z;SEED_B6_ADSB;4c5b435d-bc47-5166-8421-b8faa97b6c79;1.2502;3076.74;USD
405bcd74-dee9-56bc-96dc-e56a931f0623;473f8430-b786-5eea-a824-79e2c0863c20;MATCHED;M;af26042b-97ed-50f9-9e05-b79507ec4434;WFS-RDU-697055;;FT-RDU-20260926-0005;N806JB;N806JB;B62925;6020.00;LTR;899309.71;905329.71;6020.00;0.8089;KGL;MEA;18.40;GR;4869.58;COA-RDU-20260926-2;2026-09-26T16:18:45Z;WFS-DN-697055;Verified;fuel.ops@airline.com;2026-09-26T18:31:45Z;RF-RDU-22;MTR-RF-RDU-22;MANUAL;2026-09-26T16:31:45Z;SEED_B6_ADSB;2026-09-26T16:31:45Z;SEED_B6_ADSB;55249669-4241-5fdd-ad72-ecb6b222093c;1.2898;7764.6;USD
ece80190-be55-52a9-bfc6-94310f9df250;a261469a-27f6-504d-b8a0-9e183cae8718;MATCHED;E;62d720f3-c0c0-55f3-b0eb-a624ee471afd;SHL-JFK-512795;;FT-JFK-20260926-0042;N3255J;N3255J;B61118;1998.00;LTR;715319.64;717317.64;1998.00;0.7972;KGL;MEA;20.00;GR;1592.81;COA-JFK-20260926-3;2026-09-26T16:19:13Z;SHL-DN-512795;Verified;fuel.ops@airline.com;2026-09-26T18:25:13Z;HD-JFK-19;MTR-HD-JFK-19;ELECTRONIC;2026-09-26T16:25:13Z;SEED_B6_ADSB;2026-09-26T16:25:13Z;SEED_B6_ADSB;bf6046fe-d11b-5f91-bd04-eb1c8bd2bc62;1.3238;2644.95;USD
7a42addd-6d91-527d-8e21-04b759ce65c4;f1a16dff-d2d5-58cb-b6ee-5672a91c5088;MATCHED;M;9efdbb85-a69e-5be3-b034-3104f4fb392b;BPA-PIT-505337;;FT-PIT-20260926-0004;N3260J;N3260J;B6386;6093.00;LTR;823794.43;829887.43;6093.00;0.8033;KGL;MEA;18.40;GR;4894.51;COA-PIT-20260926-1;2026-09-26T16:26:16Z;BPA-DN-505337;Verified;fuel.ops@airline.com;2026-09-26T18:40:16Z;RF-PIT-11;MTR-RF-PIT-11;MANUAL;2026-09-26T16:40:16Z;SEED_B6_ADSB;2026-09-26T16:40:16Z;SEED_B6_ADSB;d5bcbd79-3d79-5aad-a029-b953e729a8d8;1.3572;8269.42;USD
12034362-6932-5b6f-86a4-2ee19e5cab5c;29b9db36-3362-5ff2-a4c7-2f7c6ec293d3;MATCHED;E;e3a4e5c4-e15d-5dde-a7b4-7791dbed2266;CGA-IAH-360698;;FT-IAH-20260926-0003;N3104J;N3104J;B61382;9008.00;LTR;211322.57;220330.57;9008.00;0.7970;KGL;MEA;23.00;GR;7179.38;COA-IAH-20260926-1;2026-09-26T16:18:23Z;CGA-DN-360698;Verified;fuel.ops@airline.com;2026-09-26T18:32:23Z;HD-IAH-18;MTR-HD-IAH-18;ELECTRONIC;2026-09-26T16:32:23Z;SEED_B6_ADSB;2026-09-26T16:32:23Z;SEED_B6_ADSB;967b5a4b-a59f-5cdc-ae73-3331cb290f02;1.2412;11180.73;USD
90fb83b4-43aa-59ee-9b3b-2b26886c1d75;894acfc1-8cd3-55c5-868b-cc488abec945;MATCHED;E;b3b4979b-2c5c-5447-8a84-99810f6e688f;BPA-MCO-339318;;FT-MCO-20260926-0020;N3157J;N3157J;B62656;6365.00;LTR;666405.69;672770.69;6365.00;0.7991;KGL;MEA;25.90;GR;5086.27;COA-MCO-20260926-1;2026-09-26T16:24:30Z;BPA-DN-339318;Verified;fuel.ops@airline.com;2026-09-26T18:35:30Z;HD-MCO-16;MTR-HD-MCO-16;ELECTRONIC;2026-09-26T16:35:30Z;SEED_B6_ADSB;2026-09-26T16:35:30Z;SEED_B6_ADSB;944f504a-1a2c-5e7a-b4e3-9e4e7e507ac6;1.2561;7995.08;USD
ceca651e-4fd0-5fb9-b457-5147c712d30f;753dd5a3-2788-57ed-a5fb-ab4ca2efae33;MATCHED;E;e96067c2-2cba-52f1-baa5-98d8daccb3ed;PMA-SJU-755515;;FT-SJU-20260926-0011;N636JB;N636JB;B6634;12835.00;LTR;873822.69;886657.69;12835.00;0.7990;KGL;MEA;28.80;GR;10255.17;COA-SJU-20260926-3;2026-09-26T16:37:40Z;PMA-DN-755515;Verified;fuel.ops@airline.com;2026-09-26T18:55:40Z;HD-SJU-17;MTR-HD-SJU-17;ELECTRONIC;2026-09-26T16:55:40Z;SEED_B6_ADSB;2026-09-26T16:55:40Z;SEED_B6_ADSB;09e84120-4405-565a-b9df-8dad66eb4b16;1.3117;16835.67;USD
0152fff0-b484-540d-9bf9-862158d29809;a0ffcf14-3a44-5245-b113-3493f82d4682;MATCHED;E;13d07c58-607a-5283-8a12-25be556b60a6;WFS-FLL-457586;;FT-FLL-20260926-0033;N625JB;N625JB;B62182;9506.00;LTR;427272.81;436778.81;9506.00;0.8014;KGL;MEA;26.70;GR;7618.11;COA-FLL-20260926-1;2026-09-26T16:33:11Z;WFS-DN-457586;Verified;fuel.ops@airline.com;2026-09-26T18:47:11Z;HD-FLL-02;MTR-HD-FLL-02;ELECTRONIC;2026-09-26T16:47:11Z;SEED_B6_ADSB;2026-09-26T16:47:11Z;SEED_B6_ADSB;2d725c72-85f9-5ba8-bf42-037e4a61b2bf;1.2502;11884.4;USD
a7b14ba7-f520-5945-91f2-21d5a8fa3e84;05babb86-bd69-52e9-b5bc-edfbddf7713a;MATCHED;E;62063cde-5426-50d9-b428-9abc01dce7b2;CGA-SAN-368884;;FT-SAN-20260926-0001;N947JB;N947JB;B6190;18472.00;LTR;599653.50;618125.50;18472.00;0.7949;KGL;MEA;23.40;GR;14683.39;COA-SAN-20260926-1;2026-09-26T16:34:20Z;CGA-DN-368884;Verified;fuel.ops@airline.com;2026-09-26T18:58:20Z;HD-SAN-12;MTR-HD-SAN-12;ELECTRONIC;2026-09-26T16:58:20Z;SEED_B6_ADSB;2026-09-26T16:58:20Z;SEED_B6_ADSB;bfad5f4b-f101-53f5-b6e1-88a36a3622b8;1.3181;24347.94;USD
3ed11d89-1880-5115-80a3-53fc7a0284f8;fd235fb4-7060-5d36-901f-6b26b223994e;MATCHED;E;b3396fbf-80bf-58dc-aef9-553af507c448;BPA-MCO-339321;;FT-MCO-20260926-0021;N580JB;N580JB;B62324;5677.00;LTR;120635.97;126312.97;5677.00;0.7993;KGL;MEA;25.60;GR;4537.63;COA-MCO-20260926-1;2026-09-26T16:41:32Z;BPA-DN-339321;Verified;fuel.ops@airline.com;2026-09-26T18:51:32Z;HD-MCO-19;MTR-HD-MCO-19;ELECTRONIC;2026-09-26T16:51:32Z;SEED_B6_ADSB;2026-09-26T16:51:32Z;SEED_B6_ADSB;a92aab63-0ced-5d70-9689-ebc03d60658a;1.2561;7130.88;USD
20e3289d-0dfe-5ef9-8665-7575c3a6a9d0;ee00d655-0e94-5ea6-811e-e13ff18620df;MATCHED;M;9a3ff256-cfee-50d0-9d81-47df949bc655;WFS-ROC-474940;;FT-ROC-20260926-0002;N652JB;N652JB;B61043;6849.00;LTR;628157.30;635006.30;6849.00;0.8038;KGL;MEA;18.40;GR;5505.23;COA-ROC-20260926-1;2026-09-26T16:34:44Z;WFS-DN-474940;Verified;fuel.ops@airline.com;2026-09-26T18:49:44Z;RF-ROC-10;MTR-RF-ROC-10;MANUAL;2026-09-26T16:49:44Z;SEED_B6_ADSB;2026-09-26T16:49:44Z;SEED_B6_ADSB;4b78471b-77ab-55bc-9f0f-0bae7a6ba2c8;1.3485;9235.88;USD
d04f5132-2587-5fd5-8998-eeb336c053dd;f36bc373-6b0c-549c-84cc-5dc633f8c86a;MATCHED;M;b0cc32da-5a4c-55c3-8057-69e550b2d8c0;WFS-ORH-515282;;FT-ORH-20260926-0001;N760JB;N760JB;B6987;7665.00;LTR;140329.89;147994.89;7665.00;0.7978;KGL;MEA;15.50;GR;6115.14;COA-ORH-20260926-3;2026-09-26T16:47:18Z;WFS-DN-515282;Verified;fuel.ops@airline.com;2026-09-26T19:04:18Z;RF-ORH-09;MTR-RF-ORH-09;MANUAL;2026-09-26T17:04:18Z;SEED_B6_ADSB;2026-09-26T17:04:18Z;SEED_B6_ADSB;d8cf3f26-32fc-5edf-821a-9aa85b0cf8a7;1.3802;10579.23;USD
ab2920c6-c852-577d-b0ec-cce7f30dfddb;c3f746cb-0c68-5138-9dba-383cd3aa1ac1;MATCHED;M;ebecf6a4-3be9-56f9-92a7-ccbb5771dd80;WFS-BDL-333684;;FT-BDL-20260926-0004;N593JB;N593JB;B6437;8415.00;LTR;393878.79;402293.79;8415.00;0.8000;KGL;MEA;18.30;GR;6732;COA-BDL-20260926-1;2026-09-26T16:32:49Z;WFS-DN-333684;Verified;fuel.ops@airline.com;2026-09-26T18:51:49Z;RF-BDL-02;MTR-RF-BDL-02;MANUAL;2026-09-26T16:51:49Z;SEED_B6_ADSB;2026-09-26T16:51:49Z;SEED_B6_ADSB;3f515e2b-58c8-5d42-9021-4119e8ec7fe6;1.3595;11440.19;USD
2f02e0d5-90e1-5eb9-a3dd-0108b9c14b26;43942f97-37c2-586a-961a-bf37654a7583;MATCHED;E;2ffeffd7-8bad-5cf3-be46-65d71fc9ae77;WFS-LGA-756560;;FT-LGA-20260926-0006;N523JB;N523JB;B61371;5876.00;LTR;479031.61;484907.61;5876.00;0.8054;KGL;MEA;16.30;GR;4732.53;COA-LGA-20260926-2;2026-09-26T16:40:39Z;WFS-DN-756560;Verified;fuel.ops@airline.com;2026-09-26T18:50:39Z;HD-LGA-04;MTR-HD-LGA-04;ELECTRONIC;2026-09-26T16:50:39Z;SEED_B6_ADSB;2026-09-26T16:50:39Z;SEED_B6_ADSB;697c1d43-fa34-51b2-bdf0-2e477ca4fd3b;1.3203;7758.08;USD
d3d50d85-3632-5161-b24f-587a152de8f8;6f679c96-824d-5462-b986-8493f9b0f6c9;MATCHED;E;d127b2a4-2122-57ae-a3cf-d362e08a9522;CGA-SFO-275675;;FT-SFO-20260926-0005;N937JB;N937JB;B61734;19018.00;LTR;106168.97;125186.97;19018.00;0.7953;KGL;MEA;20.60;GR;15125.02;COA-SFO-20260926-2;2026-09-26T16:32:58Z;CGA-DN-275675;Verified;fuel.ops@airline.com;2026-09-26T18:57:58Z;HD-SFO-22;MTR-HD-SFO-22;ELECTRONIC;2026-09-26T16:57:58Z;SEED_B6_ADSB;2026-09-26T16:57:58Z;SEED_B6_ADSB;3238ceb9-57b4-5271-91bd-285f6ea4c869;1.3346;25381.42;USD
cdba696c-35ec-5b31-9564-da867011ca2b;b8918f44-b6e8-5b4f-b0dd-2538fda14e2e;MATCHED;E;fa2d58a6-8f21-560f-b025-eb41267dc999;WFS-ATL-755213;;FT-ATL-20260926-0004;N3258J;N3258J;B62097;3298.00;LTR;189450.24;192748.24;3298.00;0.7951;KGL;MEA;20.80;GR;2622.24;COA-ATL-20260926-3;2026-09-26T16:39:22Z;WFS-DN-755213;Verified;fuel.ops@airline.com;2026-09-26T18:46:22Z;HD-ATL-03;MTR-HD-ATL-03;ELECTRONIC;2026-09-26T16:46:22Z;SEED_B6_ADSB;2026-09-26T16:46:22Z;SEED_B6_ADSB;7be32a09-5e1e-52c3-9de3-1f3f687de29e;1.2259;4043.02;USD
8496dea3-3497-59f2-9d3a-a5ec7ad8e4ac;d44ab7d6-27df-5f48-83a5-88a6eac65cee;MATCHED;E;aedf10b6-6494-5967-8128-b4404aaffc28;CGA-LAX-552110;;FT-LAX-20260926-0005;N977JE;N977JE;B61700;14178.00;LTR;624746.60;638924.60;14178.00;0.8060;KGL;MEA;19.00;GR;11427.47;COA-LAX-20260926-2;2026-09-26T16:29:27Z;CGA-DN-552110;Verified;fuel.ops@airline.com;2026-09-26T18:48:27Z;HD-LAX-22;MTR-HD-LAX-22;ELECTRONIC;2026-09-26T16:48:27Z;SEED_B6_ADSB;2026-09-26T16:48:27Z;SEED_B6_ADSB;70db5105-cd65-5e3e-b647-6aa5cf0de8dc;1.3159;18656.83;USD
95a800ae-f8d4-525b-bdd4-f79b4b148e7c;e444ed9a-c0cb-59d2-ae63-9bd9d9d2c5e6;MATCHED;E;efeb3461-6e5b-56c6-b2e2-bdf2e5ae62d7;SHL-JFK-512796;;FT-JFK-20260926-0043;N3275J;N3275J;B6281;9387.00;LTR;572609.73;581996.73;9387.00;0.7987;KGL;MEA;18.20;GR;7497.4;COA-JFK-20260926-3;2026-09-26T16:53:24Z;SHL-DN-512796;Verified;fuel.ops@airline.com;2026-09-26T19:07:24Z;HD-JFK-23;MTR-HD-JFK-23;ELECTRONIC;2026-09-26T17:07:24Z;SEED_B6_ADSB;2026-09-26T17:07:24Z;SEED_B6_ADSB;ee12d93d-3208-58d6-95b3-339cbf31d6fb;1.3238;12426.51;USD
4c73d9b9-1c69-5b5b-80fa-18ef2fe1daab;84c5dfe2-d95e-5153-99fa-21a01328eae1;MATCHED;E;ab123990-a622-518e-bf38-2f3210a0bcb3;CGA-LAS-427537;;FT-LAS-20260926-0004;N2156J;N2156J;B61578;13837.00;LTR;779430.38;793267.38;13837.00;0.7955;KGL;MEA;20.90;GR;11007.33;COA-LAS-20260926-2;2026-09-26T16:42:36Z;CGA-DN-427537;Verified;fuel.ops@airline.com;2026-09-26T19:02:36Z;HD-LAS-18;MTR-HD-LAS-18;ELECTRONIC;2026-09-26T17:02:36Z;SEED_B6_ADSB;2026-09-26T17:02:36Z;SEED_B6_ADSB;610030f8-532e-5815-9859-6d63d45b7a19;1.3161;18210.88;USD
7b04f29e-15ef-5370-9a00-09c102c19b3d;4155dabc-0a99-5c14-a7a0-da8c15249014;MATCHED;E;24773959-7274-5f5f-abce-c5840e59056b;CGA-SFO-275677;;FT-SFO-20260926-0006;N944JT;N944JT;B6578;16711.00;LTR;869804.86;886515.86;16711.00;0.7972;KGL;MEA;18.10;GR;13322.01;COA-SFO-20260926-2;2026-09-26T16:48:28Z;CGA-DN-275677;Verified;fuel.ops@airline.com;2026-09-26T19:10:28Z;HD-SFO-13;MTR-HD-SFO-13;ELECTRONIC;2026-09-26T17:10:28Z;SEED_B6_ADSB;2026-09-26T17:10:28Z;SEED_B6_ADSB;7e4c2f09-790f-5d80-8ba3-de2c90596b35;1.3346;22302.5;USD
e02a4171-59e2-546d-8794-d98ba92acf9e;e4cecac7-9c7d-5a84-9c22-9eec9bf59981;MATCHED;E;a5ccc447-f303-58b7-b168-8e020e8b0b85;BPA-TPA-704118;;FT-TPA-20260926-0005;N954JB;N954JB;B61751;12407.00;LTR;555355.96;567762.96;12407.00;0.8045;KGL;MEA;22.80;GR;9981.43;COA-TPA-20260926-2;2026-09-26T16:52:16Z;BPA-DN-704118;Verified;fuel.ops@airline.com;2026-09-26T19:09:16Z;HD-TPA-01;MTR-HD-TPA-01;ELECTRONIC;2026-09-26T17:09:16Z;SEED_B6_ADSB;2026-09-26T17:09:16Z;SEED_B6_ADSB;3a693743-4fba-5004-992a-e6b62283e020;1.2392;15374.75;USD
7761685c-4f98-5340-b8c0-d3518e473133;bb4cff15-bc4d-5b6f-9fcd-4639cc71f2af;MATCHED;E;4b14ee10-dbec-5d7a-881c-608f23f2c377;WFS-EWR-719361;;FT-EWR-20260926-0005;N508JL;N508JL;B61889;12863.00;LTR;867914.24;880777.24;12863.00;0.8013;KGL;MEA;20.30;GR;10307.12;COA-EWR-20260926-3;2026-09-26T16:46:26Z;WFS-DN-719361;Verified;fuel.ops@airline.com;2026-09-26T19:04:26Z;HD-EWR-10;MTR-HD-EWR-10;ELECTRONIC;2026-09-26T17:04:26Z;SEED_B6_ADSB;2026-09-26T17:04:26Z;SEED_B6_ADSB;b2fcf768-5141-5b9c-8dfd-115f3e10152d;1.3182;16956.01;USD
fac69145-d5bf-53e2-a214-ae0f682e8df5;27f59de8-8d5a-5d53-83c7-ea3bdeb26cbd;MATCHED;E;ae270aa2-4612-5b28-acac-664c1abf4b35;CGA-LAS-427540;;FT-LAS-20260926-0005;N2193J;N2193J;B61448;12705.00;LTR;501383.02;514088.02;12705.00;0.7973;KGL;MEA;18.60;GR;10129.7;COA-LAS-20260926-2;2026-09-26T16:59:22Z;CGA-DN-427540;Verified;fuel.ops@airline.com;2026-09-26T19:17:22Z;HD-LAS-08;MTR-HD-LAS-08;ELECTRONIC;2026-09-26T17:17:22Z;SEED_B6_ADSB;2026-09-26T17:17:22Z;SEED_B6_ADSB;53608b29-c1da-5529-b726-f6f5eeb626fb;1.3161;16721.05;USD
51ecd6d6-7e8e-59b2-9974-8f7cbfb7dfd1;71805169-866a-5439-bcb2-ec1e9b46d311;MATCHED;E;55818aa3-d860-5cfd-b6ec-ce2a0646e440;SHL-FLL-485314;;FT-FLL-20260926-0034;N645JB;N645JB;B62379;8044.00;LTR;193467.44;201511.44;8044.00;0.8025;KGL;MEA;25.40;GR;6455.31;COA-FLL-20260926-1;2026-09-26T17:03:40Z;SHL-DN-485314;Verified;fuel.ops@airline.com;2026-09-26T19:15:40Z;HD-FLL-01;MTR-HD-FLL-01;ELECTRONIC;2026-09-26T17:15:40Z;SEED_B6_ADSB;2026-09-26T17:15:40Z;SEED_B6_ADSB;a7cedf18-7447-59fc-9296-097e658c4e05;1.2465;10026.85;USD
57895b72-2c9f-5ad8-af42-a2766ffe595f;37500ca6-199e-5ebc-85dc-a02a08fb88cb;MATCHED;E;8fe5636f-7bd6-5bb5-a99b-5200b1b69456;CGA-IAH-360701;;FT-IAH-20260926-0004;N588JB;N588JB;B62780;7476.00;LTR;450316.78;457792.78;7476.00;0.7989;KGL;MEA;20.70;GR;5972.58;COA-IAH-20260926-1;2026-09-26T17:00:43Z;CGA-DN-360701;Verified;fuel.ops@airline.com;2026-09-26T19:12:43Z;HD-IAH-04;MTR-HD-IAH-04;ELECTRONIC;2026-09-26T17:12:43Z;SEED_B6_ADSB;2026-09-26T17:12:43Z;SEED_B6_ADSB;f1194b9f-7079-5fd5-8f2b-c96b1251a02a;1.2412;9279.21;USD
e84fbe29-ce65-59bc-a051-3fcb1b72b37d;f811ceec-1f6e-59bf-8950-3e09bc0b6a34;MATCHED;E;2f9dbdb5-6e1f-59f6-ad98-dde158e67552;BPA-TPA-704120;;FT-TPA-20260926-0006;N775JB;N775JB;B62076;2085.00;LTR;680256.48;682341.48;2085.00;0.8050;KGL;MEA;22.20;GR;1678.43;COA-TPA-20260926-2;2026-09-26T17:07:25Z;BPA-DN-704120;Verified;fuel.ops@airline.com;2026-09-26T19:13:25Z;HD-TPA-04;MTR-HD-TPA-04;ELECTRONIC;2026-09-26T17:13:25Z;SEED_B6_ADSB;2026-09-26T17:13:25Z;SEED_B6_ADSB;9ccbce33-34ab-500a-80e4-d0288a1cfba2;1.2392;2583.73;USD
e1b3d4d2-8d8c-5c41-b41c-2db685c011c5;4f80cbf5-548d-5a9f-bcc8-142471224989;MATCHED;E;27117f82-f1c4-554c-b2c6-8d26d223221d;SHL-MCO-595775;;FT-MCO-20260926-0022;N527JL;N527JL;B61075;5996.00;LTR;469191.77;475187.77;5996.00;0.7992;KGL;MEA;25.80;GR;4792;COA-MCO-20260926-1;2026-09-26T17:06:01Z;SHL-DN-595775;Verified;fuel.ops@airline.com;2026-09-26T19:16:01Z;HD-MCO-05;MTR-HD-MCO-05;ELECTRONIC;2026-09-26T17:16:01Z;SEED_B6_ADSB;2026-09-26T17:16:01Z;SEED_B6_ADSB;efd8c62d-9dca-5104-a06f-0234026729d2;1.2616;7564.55;USD
fbec71e2-034d-556b-bac1-56af0f3131dc;0a1ebb3e-151e-5691-9088-4439eb2b531a;MATCHED;M;fe2a24be-168d-554f-b5ab-a6d82e95466d;AVF-SAV-611658;;FT-SAV-20260926-0001;N552JB;N552JB;B6342;4186.00;LTR;838639.16;842825.16;4186.00;0.8089;KGL;MEA;20.00;GR;3386.06;COA-SAV-20260926-2;2026-09-26T17:14:05Z;AVF-DN-611658;Verified;fuel.ops@airline.com;2026-09-26T19:25:05Z;RF-SAV-22;MTR-RF-SAV-22;MANUAL;2026-09-26T17:25:05Z;SEED_B6_ADSB;2026-09-26T17:25:05Z;SEED_B6_ADSB;83c5fcfd-9382-5eb2-be8e-0b4c7a31fa23;1.2658;5298.64;USD
ab28261a-b40e-5a5a-a9bb-4c30b898825c;8919bd17-6f1c-5c4a-9a72-98858034a040;MATCHED;E;d0ffd128-1e4a-5e2e-9277-2d6a6945533f;WFS-BOS-479143;;FT-BOS-20260926-0046;N3307J;N3307J;B6407;13630.00;LTR;113533.73;127163.73;13630.00;0.8077;KGL;MEA;18.70;GR;11008.95;COA-BOS-20260926-2;2026-09-26T17:08:15Z;WFS-DN-479143;Verified;fuel.ops@airline.com;2026-09-26T19:27:15Z;HD-BOS-21;MTR-HD-BOS-21;ELECTRONIC;2026-09-26T17:27:15Z;SEED_B6_ADSB;2026-09-26T17:27:15Z;SEED_B6_ADSB;078f122b-9790-51f8-9024-c8291283f88f;1.3279;18099.28;USD
ec033a39-f9c1-597b-8385-ecbc5ea290f3;5e5b78fa-09a3-534d-8918-8b4f9b477817;MATCHED;M;feae449b-9e92-58b6-aa9d-30b51894fc50;WFS-RDU-697058;;FT-RDU-20260926-0006;N3149J;N3149J;B62786;3820.00;LTR;899309.71;903129.71;3820.00;0.8054;KGL;MEA;22.70;GR;3076.63;COA-RDU-20260926-2;2026-09-26T17:21:31Z;WFS-DN-697058;Verified;fuel.ops@airline.com;2026-09-26T19:31:31Z;RF-RDU-22;MTR-RF-RDU-22;MANUAL;2026-09-26T17:31:31Z;SEED_B6_ADSB;2026-09-26T17:31:31Z;SEED_B6_ADSB;e3cd0959-00df-51a6-beab-0e0787e03fe3;1.2898;4927.04;USD
afe1b147-0ea3-5568-b286-d4c32d9b9b6c;3137d3b5-5387-5216-94d8-94ec47f2d225;MATCHED;E;6b59c1f3-49b9-51e8-82ec-059dbf417c7d;SHL-MCO-595776;;FT-MCO-20260926-0023;N612JB;N612JB;B6670;5010.00;LTR;882508.81;887518.81;5010.00;0.8032;KGL;MEA;20.80;GR;4024.03;COA-MCO-20260926-1;2026-09-26T17:09:07Z;SHL-DN-595776;Verified;fuel.ops@airline.com;2026-09-26T19:19:07Z;HD-MCO-14;MTR-HD-MCO-14;ELECTRONIC;2026-09-26T17:19:07Z;SEED_B6_ADSB;2026-09-26T17:19:07Z;SEED_B6_ADSB;4dc7e195-2986-552a-9239-f183fd9307ff;1.2616;6320.62;USD
84dbefa6-8d01-5e1b-9160-6b19497183e3;d1f373f7-ebde-5e8d-b2c1-c35331d74990;MATCHED;E;165b267d-c519-51cb-8229-67bda73916f6;WFS-BOS-479145;;FT-BOS-20260926-0047;N3269J;N3269J;B6781;3406.00;LTR;322993.00;326399.00;3406.00;0.8095;KGL;MEA;16.50;GR;2757.16;COA-BOS-20260926-2;2026-09-26T17:18:24Z;WFS-DN-479145;Verified;fuel.ops@airline.com;2026-09-26T19:25:24Z;HD-BOS-23;MTR-HD-BOS-23;ELECTRONIC;2026-09-26T17:25:24Z;SEED_B6_ADSB;2026-09-26T17:25:24Z;SEED_B6_ADSB;f5450091-487a-5246-8933-919b4a69adde;1.3279;4522.83;USD
08b5e433-8e12-5cd4-b961-c79574948a71;0a45e629-94ce-5d9e-af44-4a4233e0fa8c;MATCHED;M;0666ae1c-1be4-5974-9ddb-675dc0f2a0bd;WFS-HPN-788074;;FT-HPN-20260926-0007;N579JB;N579JB;B6367;7327.00;LTR;638440.63;645767.63;7327.00;0.7994;KGL;MEA;20.20;GR;5857.2;COA-HPN-20260926-2;2026-09-26T17:16:22Z;WFS-DN-788074;Verified;fuel.ops@airline.com;2026-09-26T19:32:22Z;RF-HPN-23;MTR-RF-HPN-23;MANUAL;2026-09-26T17:32:22Z;SEED_B6_ADSB;2026-09-26T17:32:22Z;SEED_B6_ADSB;ee77a948-d7e8-5d83-9821-420e3d932636;1.3718;10051.18;USD
d166da86-f68e-5e02-a187-6ce014f5c513;4497f2ee-ccbb-5cd4-9210-5ab8ee06a878;MATCHED;E;ae08fff7-7773-5a41-a7a1-4338af779c57;SHL-BOS-696996;;FT-BOS-20260926-0048;N3271J;N3271J;B62383;4126.00;LTR;633042.87;637168.87;4126.00;0.8089;KGL;MEA;17.30;GR;3337.52;COA-BOS-20260926-2;2026-09-26T17:09:05Z;SHL-DN-696996;Verified;fuel.ops@airline.com;2026-09-26T19:17:05Z;HD-BOS-03;MTR-HD-BOS-03;ELECTRONIC;2026-09-26T17:17:05Z;SEED_B6_ADSB;2026-09-26T17:17:05Z;SEED_B6_ADSB;2852a3b7-f65c-5fba-9cc8-1403cb4a1deb;1.3245;5464.89;USD
36861c00-b570-53a8-a8b5-36febfa145e7;bc05acc0-f9f5-556f-b57a-36eccb4d4688;MATCHED;E;30e6d8d7-2f4d-5c7d-8719-68f678651303;SHL-FLL-485315;;FT-FLL-20260926-0035;N784JB;N784JB;B61453;6495.00;LTR;193467.44;199962.44;6495.00;0.8041;KGL;MEA;23.40;GR;5222.63;COA-FLL-20260926-1;2026-09-26T17:24:16Z;SHL-DN-485315;Verified;fuel.ops@airline.com;2026-09-26T19:35:16Z;HD-FLL-01;MTR-HD-FLL-01;ELECTRONIC;2026-09-26T17:35:16Z;SEED_B6_ADSB;2026-09-26T17:35:16Z;SEED_B6_ADSB;691454ac-4aa6-5f68-bd8b-c42cbfa91c41;1.2465;8096.02;USD
41e74a55-af03-55fe-9119-4eebc923fd40;499e9d24-73a8-5c07-89f8-835d7031474e;MATCHED;E;cc971c29-81dc-53ed-bcd9-14c212fed59f;CGA-LAX-552113;;FT-LAX-20260926-0006;N964JT;N964JT;B61874;20197.00;LTR;544668.48;564865.48;20197.00;0.8061;KGL;MEA;18.90;GR;16280.8;COA-LAX-20260926-2;2026-09-26T17:33:23Z;CGA-DN-552113;Verified;fuel.ops@airline.com;2026-09-26T19:59:23Z;HD-LAX-09;MTR-HD-LAX-09;ELECTRONIC;2026-09-26T17:59:23Z;SEED_B6_ADSB;2026-09-26T17:59:23Z;SEED_B6_ADSB;e9f32731-802d-55a0-908d-b8f918905b03;1.3159;26577.23;USD
f61cf2ef-a5f8-5fc9-8e24-f39de7e40201;03f89d68-0418-5b58-829e-b8afe65bdba1;MATCHED;E;033468ee-a75a-510a-ae9a-13b135af926c;SHL-FLL-485316;;FT-FLL-20260926-0036;N2084J;N2084J;B62102;6854.00;LTR;818677.11;825531.11;6854.00;0.8055;KGL;MEA;21.60;GR;5520.9;COA-FLL-20260926-1;2026-09-26T17:27:05Z;SHL-DN-485316;Verified;fuel.ops@airline.com;2026-09-26T19:38:05Z;HD-FLL-20;MTR-HD-FLL-20;ELECTRONIC;2026-09-26T17:38:05Z;SEED_B6_ADSB;2026-09-26T17:38:05Z;SEED_B6_ADSB;7d550795-3e7c-54b7-b151-d9885634f80c;1.2465;8543.51;USD
595a5930-6f35-525d-88dd-425836e85c5a;d6b16543-0430-5322-af7c-eafb4f0feab7;MATCHED;E;52d04947-a908-5a2b-bbc4-5b27c4207585;SHL-MCO-595777;;FT-MCO-20260926-0024;N804JB;N804JB;B6605;13883.00;LTR;114374.61;128257.61;13883.00;0.8008;KGL;MEA;23.80;GR;11117.51;COA-MCO-20260926-1;2026-09-26T17:24:20Z;SHL-DN-595777;Verified;fuel.ops@airline.com;2026-09-26T19:43:20Z;HD-MCO-18;MTR-HD-MCO-18;ELECTRONIC;2026-09-26T17:43:20Z;SEED_B6_ADSB;2026-09-26T17:43:20Z;SEED_B6_ADSB;c82596ac-1a0e-5fbe-8421-b79addf44a22;1.2616;17514.79;USD
2093343e-87ab-5bdf-a04c-40aa7dc88045;0852b638-c116-58c5-ad5b-2906901a6eb8;MATCHED;M;8ffaf48c-83a7-5328-9ce2-4387687a39d0;WFS-BDL-333687;;FT-BDL-20260926-0005;N663JB;N663JB;B61475;11118.00;LTR;324693.02;335811.02;11118.00;0.8021;KGL;MEA;15.60;GR;8917.75;COA-BDL-20260926-1;2026-09-26T17:23:36Z;WFS-DN-333687;Verified;fuel.ops@airline.com;2026-09-26T19:45:36Z;RF-BDL-05;MTR-RF-BDL-05;MANUAL;2026-09-26T17:45:36Z;SEED_B6_ADSB;2026-09-26T17:45:36Z;SEED_B6_ADSB;30083e5d-d9e2-5136-a441-6ed80fff431b;1.3595;15114.92;USD
5b25723f-e7f5-544c-9c00-73308215e9bc;740dbfc7-f2a2-581b-aecc-b110daf10112;MATCHED;E;5356a7ce-d9db-5e7c-8d24-87f664bac19e;WFS-ATL-755215;;FT-ATL-20260926-0005;N3189J;N3189J;B6120;4915.00;LTR;270254.98;275169.98;4915.00;0.7965;KGL;MEA;19.00;GR;3914.8;COA-ATL-20260926-3;2026-09-26T17:32:04Z;WFS-DN-755215;Verified;fuel.ops@airline.com;2026-09-26T19:41:04Z;HD-ATL-17;MTR-HD-ATL-17;ELECTRONIC;2026-09-26T17:41:04Z;SEED_B6_ADSB;2026-09-26T17:41:04Z;SEED_B6_ADSB;ef141431-4bf8-5f54-adcf-008fd5bba36c;1.2259;6025.3;USD
70cfa731-51f5-5666-a13f-af9b9c0c11fa;74f90074-b13b-5be2-b93e-c31cbab0ef4a;MATCHED;E;9893732d-efc0-5155-b778-765c99d37178;BPA-EWR-657022;;FT-EWR-20260926-0006;N605JB;N605JB;B6127;6658.00;LTR;708194.19;714852.19;6658.00;0.8021;KGL;MEA;19.30;GR;5340.38;COA-EWR-20260926-3;2026-09-26T17:32:54Z;BPA-DN-657022;Verified;fuel.ops@airline.com;2026-09-26T19:43:54Z;HD-EWR-13;MTR-HD-EWR-13;ELECTRONIC;2026-09-26T17:43:54Z;SEED_B6_ADSB;2026-09-26T17:43:54Z;SEED_B6_ADSB;c7365568-b718-529f-b5c8-74ef8a0ffabd;1.3283;8843.82;USD
7e73cc93-70fd-50e7-a98f-fa31be93b4dc;ae9206d5-7997-507c-824b-76ea4aa9d7e1;MATCHED;E;42ea3ebc-2186-5798-a4c5-5ef699dddf5a;BPA-MCO-339324;;FT-MCO-20260926-0025;N640JB;N640JB;B6698;8699.00;LTR;882508.81;891207.81;8699.00;0.8018;KGL;MEA;22.50;GR;6974.86;COA-MCO-20260926-1;2026-09-26T17:38:57Z;BPA-DN-339324;Verified;fuel.ops@airline.com;2026-09-26T19:51:57Z;HD-MCO-14;MTR-HD-MCO-14;ELECTRONIC;2026-09-26T17:51:57Z;SEED_B6_ADSB;2026-09-26T17:51:57Z;SEED_B6_ADSB;5a147a4e-2b65-5a18-9314-c97d3c15991e;1.2561;10926.81;USD
7ee334c0-7e5b-5f29-8a83-e5d847f7feab;ad6e799b-0a29-556f-9e01-5d3454d3a3d2;MATCHED;E;5d689b1f-c45b-50af-b229-b5d3cc23804f;BPA-MCO-339327;;FT-MCO-20260926-0026;N950JT;N950JT;B62052;9527.00;LTR;364851.72;374378.72;9527.00;0.8029;KGL;MEA;21.10;GR;7649.23;COA-MCO-20260926-1;2026-09-26T17:58:13Z;BPA-DN-339327;Verified;fuel.ops@airline.com;2026-09-26T20:13:13Z;HD-MCO-06;MTR-HD-MCO-06;ELECTRONIC;2026-09-26T18:13:13Z;SEED_B6_ADSB;2026-09-26T18:13:13Z;SEED_B6_ADSB;d8979bd4-97be-5a6d-9294-88014e439b61;1.2561;11966.86;USD
66aa4382-9e71-5a9e-b5ad-2189a49c759b;e8fb2069-f19a-5756-ae89-55c061e83325;MATCHED;M;4d9ed0aa-3b56-52a0-b185-a5bc6d67dbd6;SHL-PBI-381736;;FT-PBI-20260926-0007;N595JB;N595JB;B6368;7480.00;LTR;203294.58;210774.58;7480.00;0.8050;KGL;MEA;24.00;GR;6021.4;COA-PBI-20260926-1;2026-09-26T17:50:32Z;SHL-DN-381736;Verified;fuel.ops@airline.com;2026-09-26T20:06:32Z;RF-PBI-22;MTR-RF-PBI-22;MANUAL;2026-09-26T18:06:32Z;SEED_B6_ADSB;2026-09-26T18:06:32Z;SEED_B6_ADSB;1418fd74-e556-5f78-bb78-7ad99302570f;1.2819;9588.61;USD
56cc478e-8557-5f79-b3f8-d836817077c3;6a58923b-e218-5495-b20b-a5cf9bea53f2;MATCHED;E;52b8e4f9-fdec-5418-bed3-1705dc83352e;CGA-LAS-427542;;FT-LAS-20260926-0006;N961JT;N961JT;B6708;15017.00;LTR;515513.01;530530.01;15017.00;0.7958;KGL;MEA;20.60;GR;11950.53;COA-LAS-20260926-2;2026-09-26T17:36:53Z;CGA-DN-427542;Verified;fuel.ops@airline.com;2026-09-26T19:56:53Z;HD-LAS-04;MTR-HD-LAS-04;ELECTRONIC;2026-09-26T17:56:53Z;SEED_B6_ADSB;2026-09-26T17:56:53Z;SEED_B6_ADSB;71f416fe-e59a-55ff-8f23-3e6b146c9d51;1.3161;19763.87;USD
705d831c-76ea-5f94-bbdc-f11da55648ee;61da6a74-d278-5fe0-8e2f-0f035c186d75;MATCHED;E;c77c719e-5c53-56b5-9f2f-2408b4629af9;WFS-JFK-404038;;FT-JFK-20260926-0044;N959JB;N959JB;B653;7807.00;LTR;384557.76;392364.76;7807.00;0.8004;KGL;MEA;16.00;GR;6248.72;COA-JFK-20260926-3;2026-09-26T17:42:20Z;WFS-DN-404038;Verified;fuel.ops@airline.com;2026-09-26T19:54:20Z;HD-JFK-16;MTR-HD-JFK-16;ELECTRONIC;2026-09-26T17:54:20Z;SEED_B6_ADSB;2026-09-26T17:54:20Z;SEED_B6_ADSB;278e0383-ad6e-5e4a-98ce-d064dab22762;1.3151;10266.99;USD
d3b608fb-0465-5d28-8027-942425c43e0f;2d475016-7024-5392-976e-f642076abb33;MATCHED;E;b5c0fb83-bfe8-54fe-a769-d5375088a66f;WFS-BOS-479147;;FT-BOS-20260926-0049;N995JL;N995JL;B6269;10688.00;LTR;192520.49;203208.49;10688.00;0.8106;KGL;MEA;15.10;GR;8663.69;COA-BOS-20260926-2;2026-09-26T17:41:51Z;WFS-DN-479147;Verified;fuel.ops@airline.com;2026-09-26T19:57:51Z;HD-BOS-15;MTR-HD-BOS-15;ELECTRONIC;2026-09-26T17:57:51Z;SEED_B6_ADSB;2026-09-26T17:57:51Z;SEED_B6_ADSB;9070b65e-5fc7-502a-8b14-fa90352e7abc;1.3279;14192.6;USD
7712cf19-b9f8-56e1-a19c-3e1850d396dc;98fc76e5-41d7-5bc1-8dec-211ca1cc7ffd;MATCHED;M;b20f4b86-00a9-5d4d-a472-fd37370b7662;AVF-CHS-586559;;FT-CHS-20260926-0003;N3113J;N3113J;B668;5715.00;LTR;864787.95;870502.95;5715.00;0.7925;KGL;MEA;22.30;GR;4529.14;COA-CHS-20260926-1;2026-09-26T18:05:40Z;AVF-DN-586559;Verified;fuel.ops@airline.com;2026-09-26T20:19:40Z;RF-CHS-14;MTR-RF-CHS-14;MANUAL;2026-09-26T18:19:40Z;SEED_B6_ADSB;2026-09-26T18:19:40Z;SEED_B6_ADSB;6c44f56a-2799-5647-bef0-2d82c2c8dbbb;1.2755;7289.48;USD
14c46fef-967d-5d68-879d-79ed6f579359;5e472f8c-7ad7-5fd9-9099-a48aa7a5f74f;MATCHED;M;70dffd89-3ed7-59d1-a73f-6cdea5a28731;CGA-MSY-537690;;FT-MSY-20260926-0003;N603JB;N603JB;B62722;3710.00;LTR;462364.27;466074.27;3710.00;0.7902;KGL;MEA;25.50;GR;2931.64;COA-MSY-20260926-1;2026-09-26T17:48:56Z;CGA-DN-537690;Verified;fuel.ops@airline.com;2026-09-26T19:58:56Z;RF-MSY-06;MTR-RF-MSY-06;MANUAL;2026-09-26T17:58:56Z;SEED_B6_ADSB;2026-09-26T17:58:56Z;SEED_B6_ADSB;fd9d1cf8-1bf3-5368-9171-fe33d89f0287;1.2634;4687.21;USD
d044be16-8cf8-5487-9a7c-fb6826c0aff6;e5a6ef76-1d81-52ae-91f3-e5e9c568b178;MATCHED;E;612e85fe-0b3e-51f6-bc38-62a54b254fa5;PMA-SJU-755517;;FT-SJU-20260926-0012;N794JB;N794JB;B61454;7282.00;LTR;873179.12;880461.12;7282.00;0.7976;KGL;MEA;30.60;GR;5808.12;COA-SJU-20260926-3;2026-09-26T17:54:28Z;PMA-DN-755517;Verified;fuel.ops@airline.com;2026-09-26T20:06:28Z;HD-SJU-19;MTR-HD-SJU-19;ELECTRONIC;2026-09-26T18:06:28Z;SEED_B6_ADSB;2026-09-26T18:06:28Z;SEED_B6_ADSB;9a87a360-16ce-5ae5-83df-7faf0fa70b23;1.3117;9551.8;USD
56ea9bf9-ade7-50dd-85c9-32a1acdcada0;8b34c1b7-262d-5ff4-8340-e2e3b40cc26f;MATCHED;E;236ccd42-4093-57dc-9f86-0c6dfdc33b43;BPA-MCO-339329;;FT-MCO-20260926-0027;N955JB;N955JB;B61084;9290.00;LTR;198671.17;207961.17;9290.00;0.8034;KGL;MEA;20.50;GR;7463.59;COA-MCO-20260926-1;2026-09-26T17:53:45Z;BPA-DN-339329;Verified;fuel.ops@airline.com;2026-09-26T20:07:45Z;HD-MCO-15;MTR-HD-MCO-15;ELECTRONIC;2026-09-26T18:07:45Z;SEED_B6_ADSB;2026-09-26T18:07:45Z;SEED_B6_ADSB;572a75dd-ea66-58b1-baf4-baf3c81ba234;1.2561;11669.17;USD
e4da50b9-1db4-51be-ad44-0a01dbf20aef;673f2dcf-679d-5c4c-b390-8e8c78bcc418;MATCHED;E;4665de93-ac02-52df-a518-6dba4578e727;CGA-DEN-616024;;FT-DEN-20260926-0001;N3132J;N3132J;B6394;9277.00;LTR;430733.87;440010.87;9277.00;0.8072;KGL;MEA;20.40;GR;7488.39;COA-DEN-20260926-3;2026-09-26T17:51:55Z;CGA-DN-616024;Verified;fuel.ops@airline.com;2026-09-26T20:05:55Z;HD-DEN-01;MTR-HD-DEN-01;ELECTRONIC;2026-09-26T18:05:55Z;SEED_B6_ADSB;2026-09-26T18:05:55Z;SEED_B6_ADSB;63b9ee49-bc94-5b44-a0a3-f4292c01e54a;1.2873;11942.28;USD
dc5112fb-9dd7-5b92-bbdc-338064d5afcb;c4d75fd0-c958-5bf0-9f21-482c0c1b147f;MATCHED;E;04c21230-d418-5a03-840b-b060360d460e;SHL-BOS-696998;;FT-BOS-20260926-0050;N994JL;N994JL;B62251;7524.00;LTR;633042.87;640566.87;7524.00;0.8113;KGL;MEA;14.30;GR;6104.22;COA-BOS-20260926-2;2026-09-26T17:55:02Z;SHL-DN-696998;Verified;fuel.ops@airline.com;2026-09-26T20:07:02Z;HD-BOS-03;MTR-HD-BOS-03;ELECTRONIC;2026-09-26T18:07:02Z;SEED_B6_ADSB;2026-09-26T18:07:02Z;SEED_B6_ADSB;21258ecb-c057-55e4-9bf4-2e38a9c880ad;1.3245;9965.54;USD
1003fb6e-86fd-5f60-9aac-737e8b5bfef7;295b1d4c-d337-50a0-8f50-99c2fd82feca;MATCHED;E;e5914a9a-4faf-5ac8-b2ee-dcd3ddc0a0ff;BPA-TPA-704123;;FT-TPA-20260926-0007;N3121J;N3121J;B6592;6872.00;LTR;435146.13;442018.13;6872.00;0.8062;KGL;MEA;20.70;GR;5540.21;COA-TPA-20260926-2;2026-09-26T18:01:51Z;BPA-DN-704123;Verified;fuel.ops@airline.com;2026-09-26T20:12:51Z;HD-TPA-09;MTR-HD-TPA-09;ELECTRONIC;2026-09-26T18:12:51Z;SEED_B6_ADSB;2026-09-26T18:12:51Z;SEED_B6_ADSB;2f2f388d-38e9-5f95-9629-bf1cf087e521;1.2392;8515.78;USD
b14634f7-eb65-5edf-8c34-f4ae5d29f50d;b108c533-6e30-56ce-8612-5c050c757d30;MATCHED;M;f041fafb-6d5b-58ef-b0cb-3b43cce899d2;WFS-ISP-635083;;FT-ISP-20260926-0002;N564JB;N564JB;B6545;7144.00;LTR;617842.10;624986.10;7144.00;0.8004;KGL;MEA;15.90;GR;5718.06;COA-ISP-20260926-3;2026-09-26T18:22:34Z;WFS-DN-635083;Verified;fuel.ops@airline.com;2026-09-26T20:37:34Z;RF-ISP-23;MTR-RF-ISP-23;MANUAL;2026-09-26T18:37:34Z;SEED_B6_ADSB;2026-09-26T18:37:34Z;SEED_B6_ADSB;f3487abc-bf50-5ef9-8b42-10f82e319bc5;1.3674;9768.71;USD
5550a950-b82a-577d-8f65-fb5abc1b5010;6e41afc7-31cc-54f1-ae8b-0a8a0942bde6;MATCHED;E;25bafc83-15cb-5b76-aa8e-7b9bc95cfef6;SHL-JFK-512799;;FT-JFK-20260926-0045;N537JT;N537JT;B6920;4392.00;LTR;686415.81;690807.81;4392.00;0.7977;KGL;MEA;19.40;GR;3503.5;COA-JFK-20260926-3;2026-09-26T17:54:20Z;SHL-DN-512799;Verified;fuel.ops@airline.com;2026-09-26T20:02:20Z;HD-JFK-02;MTR-HD-JFK-02;ELECTRONIC;2026-09-26T18:02:20Z;SEED_B6_ADSB;2026-09-26T18:02:20Z;SEED_B6_ADSB;731e9d56-6c28-56c7-9189-ec1269fe74f0;1.3238;5814.13;USD
46026b62-784f-506a-8ed3-824e3bb5735d;f1301784-0a0d-5069-a66a-bc6fda7bfe45;MATCHED;E;f8f7ff08-48e3-502c-becc-478e91b8f2fd;PMA-SJU-755518;;FT-SJU-20260926-0013;N608JB;N608JB;B6606;15207.00;LTR;342649.55;357856.55;15207.00;0.7988;KGL;MEA;29.10;GR;12147.35;COA-SJU-20260926-3;2026-09-26T18:10:41Z;PMA-DN-755518;Verified;fuel.ops@airline.com;2026-09-26T20:30:41Z;HD-SJU-02;MTR-HD-SJU-02;ELECTRONIC;2026-09-26T18:30:41Z;SEED_B6_ADSB;2026-09-26T18:30:41Z;SEED_B6_ADSB;1e6a4c1d-fcd4-56e8-b6bd-d590e7d4f2c1;1.3117;19947.02;USD
e643df26-049e-5af2-9a71-042902d07d49;6b971e81-5f14-5cce-ae59-3709b95931dc;MATCHED;E;71549a50-13d2-545e-bd64-0bdefa699d14;SHL-BOS-697001;;FT-BOS-20260926-0051;N3152J;N3152J;B61397;5991.00;LTR;192520.49;198511.49;5991.00;0.8105;KGL;MEA;15.20;GR;4855.71;COA-BOS-20260926-2;2026-09-26T18:03:17Z;SHL-DN-697001;Verified;fuel.ops@airline.com;2026-09-26T20:13:17Z;HD-BOS-15;MTR-HD-BOS-15;ELECTRONIC;2026-09-26T18:13:17Z;SEED_B6_ADSB;2026-09-26T18:13:17Z;SEED_B6_ADSB;4137bdaa-a1c2-5112-b203-f344a7299644;1.3245;7935.08;USD
5eeefbc7-ff2b-5875-bc7c-e2386b610a32;d52433a0-ad97-571a-b19b-9fd260efc7e9;MATCHED;E;1863032b-48b8-5858-a2bb-ffe6e6248a32;SHL-FLL-485319;;FT-FLL-20260926-0037;N935JB;N935JB;B6507;17323.00;LTR;837719.25;855042.25;17323.00;0.8015;KGL;MEA;26.60;GR;13884.38;COA-FLL-20260926-1;2026-09-26T18:23:31Z;SHL-DN-485319;Verified;fuel.ops@airline.com;2026-09-26T20:46:31Z;HD-FLL-08;MTR-HD-FLL-08;ELECTRONIC;2026-09-26T18:46:31Z;SEED_B6_ADSB;2026-09-26T18:46:31Z;SEED_B6_ADSB;d57d84a2-7b68-5124-a3e4-826ef000d26b;1.2465;21593.12;USD
a46cf789-d1ad-5d3b-b1bf-4cdecce29ce8;86cad2f9-7dd8-5791-985c-355873370ea8;MATCHED;E;e9154f9d-e7b8-55d4-8378-20090bb76495;WFS-JFK-404040;;FT-JFK-20260926-0046;N2016J;N2016J;B6483;6233.00;LTR;880682.17;886915.17;6233.00;0.7997;KGL;MEA;16.90;GR;4984.53;COA-JFK-20260926-3;2026-09-26T18:34:58Z;WFS-DN-404040;Verified;fuel.ops@airline.com;2026-09-26T20:44:58Z;HD-JFK-20;MTR-HD-JFK-20;ELECTRONIC;2026-09-26T18:44:58Z;SEED_B6_ADSB;2026-09-26T18:44:58Z;SEED_B6_ADSB;08fccd9c-32b0-5572-9e4d-82bb47e48404;1.3151;8197.02;USD
6fe6d1f8-0cc9-52a9-9a38-9ea6d6b83e74;cf3711be-c976-5349-868e-dd14da4d6e84;MATCHED;M;8cc3329f-e01d-54f3-9773-bcea1f26b7c1;AVF-JAX-322609;;FT-JAX-20260926-0003;N3185J;N3185J;B6478;4618.00;LTR;361692.82;366310.82;4618.00;0.8009;KGL;MEA;20.50;GR;3698.56;COA-JAX-20260926-3;2026-09-26T18:24:50Z;AVF-DN-322609;Verified;fuel.ops@airline.com;2026-09-26T20:35:50Z;RF-JAX-22;MTR-RF-JAX-22;MANUAL;2026-09-26T18:35:50Z;SEED_B6_ADSB;2026-09-26T18:35:50Z;SEED_B6_ADSB;6dbd328f-2023-5b69-b377-fec92c6b467b;1.2825;5922.59;USD
c8fc3f68-9d54-5ec6-8f6f-a725b1bc4706;26f2cac9-082e-5ff8-b72c-2cd5f340b4e5;MATCHED;E;e9bbfcc3-e998-5bab-87d1-5db2a49fd125;WFS-FLL-457588;;FT-FLL-20260926-0038;N613JB;N613JB;B61823;6700.00;LTR;427272.81;433972.81;6700.00;0.8016;KGL;MEA;26.40;GR;5370.72;COA-FLL-20260926-1;2026-09-26T18:38:30Z;WFS-DN-457588;Verified;fuel.ops@airline.com;2026-09-26T20:49:30Z;HD-FLL-02;MTR-HD-FLL-02;ELECTRONIC;2026-09-26T18:49:30Z;SEED_B6_ADSB;2026-09-26T18:49:30Z;SEED_B6_ADSB;65c19364-640d-5520-97a2-22e9cfd0655e;1.2502;8376.34;USD
a722b851-56de-5011-9789-5e4453a9f0e0;a3c370b8-262c-542d-9a78-2ce359a2602e;MATCHED;M;fe401db3-429b-5b00-b591-f67fa4b67a65;WFS-BNA-688071;;FT-BNA-20260926-0005;N805JB;N805JB;B62582;6029.00;LTR;468174.01;474203.01;6029.00;0.8075;KGL;MEA;20.80;GR;4868.42;COA-BNA-20260926-1;2026-09-26T18:39:22Z;WFS-DN-688071;Verified;fuel.ops@airline.com;2026-09-26T20:52:22Z;RF-BNA-09;MTR-RF-BNA-09;MANUAL;2026-09-26T18:52:22Z;SEED_B6_ADSB;2026-09-26T18:52:22Z;SEED_B6_ADSB;65e3b919-49d4-525b-b24f-67b0177bd0a9;1.2864;7755.71;USD
bde9a7c4-fa25-5a7a-b58c-1cadb7c5bd8a;a8a5d16d-a41d-5f63-8430-a896cd957c51;MATCHED;M;3662bf63-9180-557a-9527-96c75da3ef52;WFS-HPN-788075;;FT-HPN-20260926-0008;N592JB;N592JB;B6595;7213.00;LTR;638440.63;645653.63;7213.00;0.8002;KGL;MEA;19.20;GR;5771.84;COA-HPN-20260926-2;2026-09-26T18:25:30Z;WFS-DN-788075;Verified;fuel.ops@airline.com;2026-09-26T20:41:30Z;RF-HPN-23;MTR-RF-HPN-23;MANUAL;2026-09-26T18:41:30Z;SEED_B6_ADSB;2026-09-26T18:41:30Z;SEED_B6_ADSB;6a875e57-7edf-5110-b6ac-76b18a48eb61;1.3718;9894.79;USD
a1581019-84b2-5edf-baab-c7712dad8793;512df4cd-1250-5746-9ea2-8978f15e8257;MATCHED;E;54df21a6-363e-5d56-a76b-d3cac46087db;BPA-TPA-704125;;FT-TPA-20260926-0008;N965JT;N965JT;B62726;8013.00;LTR;386505.86;394518.86;8013.00;0.8024;KGL;MEA;25.50;GR;6429.63;COA-TPA-20260926-2;2026-09-26T18:24:05Z;BPA-DN-704125;Verified;fuel.ops@airline.com;2026-09-26T20:36:05Z;HD-TPA-02;MTR-HD-TPA-02;ELECTRONIC;2026-09-26T18:36:05Z;SEED_B6_ADSB;2026-09-26T18:36:05Z;SEED_B6_ADSB;e8c0d519-d236-52d2-ac58-ce4b82510058;1.2392;9929.71;USD
ebce504b-07db-5b29-babf-5a2020b3e818;49c8871e-d241-570a-a463-e56e228df5ec;MATCHED;M;cae809f8-2956-5154-bb3d-153578ef1386;AVF-JAX-322612;;FT-JAX-20260926-0004;N633JB;N633JB;B62117;2403.00;LTR;665471.20;667874.20;2403.00;0.7986;KGL;MEA;23.40;GR;1919.04;COA-JAX-20260926-3;2026-09-26T18:44:20Z;AVF-DN-322612;Verified;fuel.ops@airline.com;2026-09-26T20:51:20Z;RF-JAX-06;MTR-RF-JAX-06;MANUAL;2026-09-26T18:51:20Z;SEED_B6_ADSB;2026-09-26T18:51:20Z;SEED_B6_ADSB;7aca55b4-82d1-55bd-92ba-dc7187d2d330;1.2825;3081.85;USD
c9e7ef64-d684-5f28-973c-92ece8992cd6;cf97f824-0fb9-55b5-8149-9226e6b56b51;MATCHED;E;da709ffe-4c6d-55bb-b0e1-fb445e0c9381;PMA-SJU-755519;;FT-SJU-20260926-0014;N996JL;N996JL;B6934;8970.00;LTR;788100.48;797070.48;8970.00;0.7994;KGL;MEA;28.40;GR;7170.62;COA-SJU-20260926-3;2026-09-26T18:43:15Z;PMA-DN-755519;Verified;fuel.ops@airline.com;2026-09-26T20:56:15Z;HD-SJU-15;MTR-HD-SJU-15;ELECTRONIC;2026-09-26T18:56:15Z;SEED_B6_ADSB;2026-09-26T18:56:15Z;SEED_B6_ADSB;c9b77cbf-0dc8-543e-bc30-23e14a236a0a;1.3117;11765.95;USD
41ab7f21-492e-593b-9177-67af83f5aa13;ba669b31-9fa9-5b5a-84ca-48c1289cb1ca;MATCHED;M;00e9d1e9-37b1-5f5b-af48-23e6654aa133;CGA-AUS-601320;;FT-AUS-20260926-0002;N3065J;N3065J;B61238;9646.00;LTR;756916.24;766562.24;9646.00;0.7982;KGL;MEA;21.90;GR;7699.44;COA-AUS-20260926-1;2026-09-26T18:38:42Z;CGA-DN-601320;Verified;fuel.ops@airline.com;2026-09-26T20:58:42Z;RF-AUS-17;MTR-RF-AUS-17;MANUAL;2026-09-26T18:58:42Z;SEED_B6_ADSB;2026-09-26T18:58:42Z;SEED_B6_ADSB;83a6138d-168c-50e9-a026-2da14bd98497;1.2715;12264.89;USD
ae2ca681-f5e1-51ce-8bc1-14850da731da;3f2a25cf-503b-5e80-8257-614737cdc688;MATCHED;E;86a73bd0-aded-578f-9519-9a55bf1a82b3;BPA-EWR-657023;;FT-EWR-20260926-0007;N520JB;N520JB;B6685;7730.00;LTR;828627.36;836357.36;7730.00;0.8054;KGL;MEA;15.10;GR;6225.74;COA-EWR-20260926-3;2026-09-26T18:49:08Z;BPA-DN-657023;Verified;fuel.ops@airline.com;2026-09-26T21:01:08Z;HD-EWR-09;MTR-HD-EWR-09;ELECTRONIC;2026-09-26T19:01:08Z;SEED_B6_ADSB;2026-09-26T19:01:08Z;SEED_B6_ADSB;e7fb3a96-4db7-5151-87fe-ac75f6fd4d08;1.3283;10267.76;USD
a90f3b65-3886-5cad-8b8a-8a6c7c84e968;32428a2a-a298-5b92-bb29-6f64338cff10;MATCHED;M;cd8a26bc-3ae0-5827-bf8b-207a6c4967ec;BPA-DTW-753894;;FT-DTW-20260926-0004;N524JB;N524JB;B6789;7467.00;LTR;669744.77;677211.77;7467.00;0.8037;KGL;MEA;19.00;GR;6001.23;COA-DTW-20260926-2;2026-09-26T18:58:26Z;BPA-DN-753894;Verified;fuel.ops@airline.com;2026-09-26T21:14:26Z;RF-DTW-20;MTR-RF-DTW-20;MANUAL;2026-09-26T19:14:26Z;SEED_B6_ADSB;2026-09-26T19:14:26Z;SEED_B6_ADSB;6faaba03-3960-5a58-9931-0083fd080ea4;1.3183;9843.75;USD
8b4f7fca-0505-5eec-b18e-ae54b55cd503;268e2324-1da7-52e5-9bd7-98995aa00114;MATCHED;E;ac4dfa29-f80d-58f9-b360-7fef19871ceb;WFS-JFK-404042;;FT-JFK-20260926-0047;N2048J;N2048J;B61256;4300.00;LTR;553168.69;557468.69;4300.00;0.7968;KGL;MEA;20.50;GR;3426.24;COA-JFK-20260926-3;2026-09-26T18:58:17Z;WFS-DN-404042;Verified;fuel.ops@airline.com;2026-09-26T21:06:17Z;HD-JFK-12;MTR-HD-JFK-12;ELECTRONIC;2026-09-26T19:06:17Z;SEED_B6_ADSB;2026-09-26T19:06:17Z;SEED_B6_ADSB;b98e4135-e3f6-5021-8ba1-c862f5904f8f;1.3151;5654.93;USD
558fd46b-c2b8-5b08-a204-cd2f13c55cb2;d94750b5-918b-5927-8e47-0d846c2c95ff;MATCHED;M;a0671902-47f6-51d1-94fe-69e5abf3c534;AVF-SAV-611659;;FT-SAV-20260926-0002;N3115J;N3115J;B6150;5146.00;LTR;148541.53;153687.53;5146.00;0.8075;KGL;MEA;21.70;GR;4155.39;COA-SAV-20260926-2;2026-09-26T19:02:03Z;AVF-DN-611659;Verified;fuel.ops@airline.com;2026-09-26T21:14:03Z;RF-SAV-05;MTR-RF-SAV-05;MANUAL;2026-09-26T19:14:03Z;SEED_B6_ADSB;2026-09-26T19:14:03Z;SEED_B6_ADSB;b5f6ec76-c1c1-50c9-9cea-1512d8cbecdc;1.2658;6513.81;USD
1329c34a-7196-5217-a400-f8fa70b2b543;5ec64872-7069-50f8-8982-c37145395ff5;MATCHED;E;5dcec854-f989-5003-9ef2-c62f14426d6a;SHL-MCO-595780;;FT-MCO-20260926-0028;N655JB;N655JB;B61333;7098.00;LTR;240525.70;247623.70;7098.00;0.8022;KGL;MEA;22.00;GR;5694.02;COA-MCO-20260926-1;2026-09-26T19:08:44Z;SHL-DN-595780;Verified;fuel.ops@airline.com;2026-09-26T21:19:44Z;HD-MCO-10;MTR-HD-MCO-10;ELECTRONIC;2026-09-26T19:19:44Z;SEED_B6_ADSB;2026-09-26T19:19:44Z;SEED_B6_ADSB;ac3c0fcd-3599-5409-be2a-90d42d2987ce;1.2616;8954.84;USD
b5041232-f4f6-5d85-88e2-32c11412b473;110e4213-7a96-5456-b344-78e0b8a2f3ac;MATCHED;E;c3b50638-812c-557c-9cd8-09f06a4b679d;SHL-BOS-697003;;FT-BOS-20260926-0052;N3255J;N3255J;B62065;7694.00;LTR;491415.23;499109.23;7694.00;0.8101;KGL;MEA;15.70;GR;6232.91;COA-BOS-20260926-2;2026-09-26T18:54:18Z;SHL-DN-697003;Verified;fuel.ops@airline.com;2026-09-26T21:06:18Z;HD-BOS-16;MTR-HD-BOS-16;ELECTRONIC;2026-09-26T19:06:18Z;SEED_B6_ADSB;2026-09-26T19:06:18Z;SEED_B6_ADSB;c5112f6b-f92c-5240-b384-6673fa290e8d;1.3245;10190.7;USD
80e9eae4-3716-51c6-9bb4-382db0721cd1;874719cc-2f97-5d82-b28d-8c41cc5533ac;MATCHED;M;c72331d8-0da1-57bc-85c2-5e92c4582eaa;WFS-BUF-723714;;FT-BUF-20260926-0007;N3293J;N3293J;B62901;2645.00;LTR;450672.16;453317.16;2645.00;0.8042;KGL;MEA;15.90;GR;2127.11;COA-BUF-20260926-3;2026-09-26T18:54:21Z;WFS-DN-723714;Verified;fuel.ops@airline.com;2026-09-26T21:02:21Z;RF-BUF-15;MTR-RF-BUF-15;MANUAL;2026-09-26T19:02:21Z;SEED_B6_ADSB;2026-09-26T19:02:21Z;SEED_B6_ADSB;7e1d8820-6cee-5bcd-ab06-f546b30f4f4a;1.3425;3550.91;USD
cdbc5b48-ab44-53d3-82b8-3fbef42f1336;44bb570c-14e0-5807-9305-0947d3d3a25d;MATCHED;E;9d2d0a4b-7faf-53be-a161-4dc6b7995d97;BPA-BWI-463120;;FT-BWI-20260926-0002;N3280J;N3280J;B62595;4099.00;LTR;333880.66;337979.66;4099.00;0.7936;KGL;MEA;20.80;GR;3252.97;COA-BWI-20260926-2;2026-09-26T19:14:38Z;BPA-DN-463120;Verified;fuel.ops@airline.com;2026-09-26T21:22:38Z;HD-BWI-14;MTR-HD-BWI-14;ELECTRONIC;2026-09-26T19:22:38Z;SEED_B6_ADSB;2026-09-26T19:22:38Z;SEED_B6_ADSB;0159ada2-70b2-5188-9f58-585e51d9873e;1.3328;5463.15;USD
55952fc4-a165-51c2-83e3-03ce58122c2a;9a7deccc-844f-52bb-9f11-975283431c6b;MATCHED;E;6229b697-b724-5869-902e-bcd649dbc88c;WFS-JFK-404045;;FT-JFK-20260926-0048;N3085J;N3085J;B6419;3886.00;LTR;289670.43;293556.43;3886.00;0.7976;KGL;MEA;19.50;GR;3099.47;COA-JFK-20260926-3;2026-09-26T19:09:15Z;WFS-DN-404045;Verified;fuel.ops@airline.com;2026-09-26T21:17:15Z;HD-JFK-10;MTR-HD-JFK-10;ELECTRONIC;2026-09-26T19:17:15Z;SEED_B6_ADSB;2026-09-26T19:17:15Z;SEED_B6_ADSB;3a78663d-575c-5e7c-9755-3d565c758558;1.3151;5110.48;USD
028ea205-f374-5412-a2bd-a93ecc2320b7;b14ae5a9-463f-5cc2-b164-ddfab759da76;MATCHED;E;805562d6-dd66-5e8e-ad6c-6ee7a9efc2f5;WFS-LGA-756562;;FT-LGA-20260926-0007;N531JL;N531JL;B6399;5860.00;LTR;758333.67;764193.67;5860.00;0.8054;KGL;MEA;16.20;GR;4719.64;COA-LGA-20260926-2;2026-09-26T19:14:08Z;WFS-DN-756562;Verified;fuel.ops@airline.com;2026-09-26T21:24:08Z;HD-LGA-18;MTR-HD-LGA-18;ELECTRONIC;2026-09-26T19:24:08Z;SEED_B6_ADSB;2026-09-26T19:24:08Z;SEED_B6_ADSB;10191690-1c59-5b08-b7b5-d416658d7044;1.3203;7736.96;USD
399a1f8f-933b-5cc6-82ba-bd04424247d5;3d6f88f3-a4f0-5c14-8129-104d19f11118;MATCHED;E;a73a3591-6b40-57d8-a490-e5aff4064142;BPA-ORD-551312;;FT-ORD-20260926-0003;N623JB;N623JB;B6864;9176.00;LTR;316937.78;326113.78;9176.00;0.8083;KGL;MEA;16.90;GR;7416.96;COA-ORD-20260926-2;2026-09-26T19:07:25Z;BPA-DN-551312;Verified;fuel.ops@airline.com;2026-09-26T21:21:25Z;HD-ORD-15;MTR-HD-ORD-15;ELECTRONIC;2026-09-26T19:21:25Z;SEED_B6_ADSB;2026-09-26T19:21:25Z;SEED_B6_ADSB;252de8d8-d7ca-5ad8-9c93-2d81e47c79d9;1.2537;11503.95;USD
df80f418-b3aa-5bd5-bf38-bcded03c28c4;db978a78-26ad-580e-8405-da7f1e3aea92;MATCHED;M;07621e09-b52f-58aa-9e7c-87e7784f9df5;WFS-HPN-788076;;FT-HPN-20260926-0009;N566JB;N566JB;B61567;7707.00;LTR;598184.18;605891.18;7707.00;0.7993;KGL;MEA;20.30;GR;6160.21;COA-HPN-20260926-2;2026-09-26T19:02:19Z;WFS-DN-788076;Verified;fuel.ops@airline.com;2026-09-26T21:19:19Z;RF-HPN-16;MTR-RF-HPN-16;MANUAL;2026-09-26T19:19:19Z;SEED_B6_ADSB;2026-09-26T19:19:19Z;SEED_B6_ADSB;18daaf44-0ce8-55b1-9653-a74e7064c180;1.3718;10572.46;USD
9eb8e7bc-723d-5c39-9331-0e6f2f0a2533;572b826b-d9a1-59f4-aba1-a1a5a1874f1d;MATCHED;M;a1c2a5ae-fd35-58e6-97d2-e2719d119f2b;WFS-ISP-635084;;FT-ISP-20260926-0003;N712JB;N712JB;B6547;7942.00;LTR;890125.12;898067.12;7942.00;0.7973;KGL;MEA;19.80;GR;6332.16;COA-ISP-20260926-3;2026-09-26T19:35:14Z;WFS-DN-635084;Verified;fuel.ops@airline.com;2026-09-26T21:52:14Z;RF-ISP-08;MTR-RF-ISP-08;MANUAL;2026-09-26T19:52:14Z;SEED_B6_ADSB;2026-09-26T19:52:14Z;SEED_B6_ADSB;f6e1b71b-ad4d-5b63-a3c9-99df0105025c;1.3674;10859.89;USD
6a572bd8-6db5-53ba-9caa-43a3e2c3b40c;c64f7b46-abbf-5448-a29c-907d406dd322;MATCHED;E;4af2ad91-814a-5310-806a-ac93453ee8c6;WFS-JFK-404047;;FT-JFK-20260926-0049;N2038J;N2038J;B6803;10680.00;LTR;557028.82;567708.82;10680.00;0.8010;KGL;MEA;15.20;GR;8554.68;COA-JFK-20260926-3;2026-09-26T19:03:26Z;WFS-DN-404047;Verified;fuel.ops@airline.com;2026-09-26T21:18:26Z;HD-JFK-05;MTR-HD-JFK-05;ELECTRONIC;2026-09-26T19:18:26Z;SEED_B6_ADSB;2026-09-26T19:18:26Z;SEED_B6_ADSB;04fd18c7-6646-5174-bbd1-d75b7b086831;1.3151;14045.27;USD
f9fffef9-e645-5a34-9fb6-f028cef12d64;2ce44362-6612-5bf2-b5cf-3556377743e7;MATCHED;E;c19d8863-1568-58f8-957e-a47c9c620543;SHL-FLL-485322;;FT-FLL-20260926-0039;N806JB;N806JB;B61738;7849.00;LTR;793151.73;801000.73;7849.00;0.8013;KGL;MEA;26.80;GR;6289.4;COA-FLL-20260926-1;2026-09-26T19:15:10Z;SHL-DN-485322;Verified;fuel.ops@airline.com;2026-09-26T21:27:10Z;HD-FLL-21;MTR-HD-FLL-21;ELECTRONIC;2026-09-26T19:27:10Z;SEED_B6_ADSB;2026-09-26T19:27:10Z;SEED_B6_ADSB;fb28800a-cbd9-5d85-8fac-c8a5faaca14d;1.2465;9783.78;USD
097da159-24bd-572b-a771-e476dd54cecb;45f5f7cf-5aee-5ec9-a9d8-db63aaa92782;MATCHED;E;a318311b-2ea5-505f-abf5-891c5ad492f0;SHL-JFK-512801;;FT-JFK-20260926-0050;N3251J;N3251J;B6618;1783.00;LTR;339622.13;341405.13;1783.00;0.7972;KGL;MEA;20.10;GR;1421.41;COA-JFK-20260926-3;2026-09-26T19:19:43Z;SHL-DN-512801;Verified;fuel.ops@airline.com;2026-09-26T21:24:43Z;HD-JFK-24;MTR-HD-JFK-24;ELECTRONIC;2026-09-26T19:24:43Z;SEED_B6_ADSB;2026-09-26T19:24:43Z;SEED_B6_ADSB;65117dcf-11bd-5314-80a8-ce2d95a00382;1.3238;2360.34;USD
3888be98-41f9-507d-87bf-de07cb0895b7;81c9c589-2ff2-5629-ad02-d01963c5349e;MATCHED;M;71adb6cd-f5ef-55f3-b942-cd8b46bb5691;BPA-DTW-753896;;FT-DTW-20260926-0005;N3304J;N3304J;B61136;4717.00;LTR;196771.64;201488.64;4717.00;0.8032;KGL;MEA;19.60;GR;3788.69;COA-DTW-20260926-2;2026-09-26T19:28:19Z;BPA-DN-753896;Verified;fuel.ops@airline.com;2026-09-26T21:39:19Z;RF-DTW-07;MTR-RF-DTW-07;MANUAL;2026-09-26T19:39:19Z;SEED_B6_ADSB;2026-09-26T19:39:19Z;SEED_B6_ADSB;39349b58-87f6-5e8e-89d2-eeacd765d021;1.3183;6218.42;USD
39ea75b5-fa51-56dc-9b8c-1ee0b4396519;0eb43b67-b0c6-53ff-bffa-2427bd59b1a8;MATCHED;E;ae4aa488-71ec-5a7c-af5a-977318a2c2b9;BPA-DCA-429207;;FT-DCA-20260926-0006;N3322J;N3322J;B61254;3146.00;LTR;349684.04;352830.04;3146.00;0.8037;KGL;MEA;16.20;GR;2528.44;COA-DCA-20260926-1;2026-09-26T19:23:17Z;BPA-DN-429207;Verified;fuel.ops@airline.com;2026-09-26T21:30:17Z;HD-DCA-10;MTR-HD-DCA-10;ELECTRONIC;2026-09-26T19:30:17Z;SEED_B6_ADSB;2026-09-26T19:30:17Z;SEED_B6_ADSB;94df6c75-22d9-5f97-9dcb-c09002d17363;1.3236;4164.05;USD
b7dced73-4f73-5a74-acc2-12f0eb8571ef;4ffacf69-eb9e-528a-903c-978e3c8a904b;MATCHED;M;8e5c2cf4-0660-5df2-b1d2-50fa6bbfa057;WFS-BUF-723717;;FT-BUF-20260926-0008;N3240J;N3240J;B6916;2497.00;LTR;782396.34;784893.34;2497.00;0.8057;KGL;MEA;14.00;GR;2011.83;COA-BUF-20260926-3;2026-09-26T19:20:20Z;WFS-DN-723717;Verified;fuel.ops@airline.com;2026-09-26T21:28:20Z;RF-BUF-16;MTR-RF-BUF-16;MANUAL;2026-09-26T19:28:20Z;SEED_B6_ADSB;2026-09-26T19:28:20Z;SEED_B6_ADSB;236bb2ef-8ecf-52fe-8fe8-b401e68cabd9;1.3425;3352.22;USD
d4b08f1b-142c-57f6-aba7-6c91fc4c0c3e;a29ce255-c4b8-51c3-9d3d-ff647e8642ba;MATCHED;M;dab171a9-cbac-59e9-aafe-1d3f233bdca3;WFS-RDU-697059;;FT-RDU-20260926-0007;N793JB;N793JB;B62184;3939.00;LTR;689311.22;693250.22;3939.00;0.8054;KGL;MEA;22.70;GR;3172.47;COA-RDU-20260926-2;2026-09-26T19:22:40Z;WFS-DN-697059;Verified;fuel.ops@airline.com;2026-09-26T21:32:40Z;RF-RDU-24;MTR-RF-RDU-24;MANUAL;2026-09-26T19:32:40Z;SEED_B6_ADSB;2026-09-26T19:32:40Z;SEED_B6_ADSB;abb31484-6c79-58ac-ac30-44479337148c;1.2898;5080.52;USD
18239017-74ce-55f9-93f0-0f76e9723119;fac62a6a-0df3-5e97-9a36-c719fbf07378;MATCHED;E;c3eaadb1-6b22-561c-805d-a7fcc9ff6458;WFS-FLL-457590;;FT-FLL-20260926-0040;N615JB;N615JB;B61078;1668.00;LTR;454192.41;455860.41;1668.00;0.8036;KGL;MEA;24.00;GR;1340.4;COA-FLL-20260926-1;2026-09-26T19:45:02Z;WFS-DN-457590;Verified;fuel.ops@airline.com;2026-09-26T21:50:02Z;HD-FLL-17;MTR-HD-FLL-17;ELECTRONIC;2026-09-26T19:50:02Z;SEED_B6_ADSB;2026-09-26T19:50:02Z;SEED_B6_ADSB;ed3ef4e4-37b7-5579-8f2b-ac90dfb15f39;1.2502;2085.33;USD
06b2c8c6-b2fb-5818-8d29-1ca0b865d874;6808ae7f-ec52-59c4-9763-81a192bfa27d;MATCHED;E;a3c17546-33b1-5329-9aa0-9f3b7dae1f88;SHL-JFK-512802;;FT-JFK-20260926-0051;N3139J;N3139J;B61485;2316.00;LTR;686415.81;688731.81;2316.00;0.8001;KGL;MEA;16.40;GR;1853.03;COA-JFK-20260926-3;2026-09-26T19:33:59Z;SHL-DN-512802;Verified;fuel.ops@airline.com;2026-09-26T21:39:59Z;HD-JFK-02;MTR-HD-JFK-02;ELECTRONIC;2026-09-26T19:39:59Z;SEED_B6_ADSB;2026-09-26T19:39:59Z;SEED_B6_ADSB;9aa84ee9-92d5-5022-9d08-5751cd48ac11;1.3238;3065.92;USD
724507ff-aed9-5163-97d3-4468466e2173;73a8ff49-43d7-5893-a010-e98e31b3faee;MATCHED;E;083ca0db-62a0-58b1-9c85-cc377fab32e1;SHL-MCO-595783;;FT-MCO-20260926-0029;N627JB;N627JB;B61728;6843.00;LTR;460101.98;466944.98;6843.00;0.8011;KGL;MEA;23.40;GR;5481.93;COA-MCO-20260926-1;2026-09-26T19:57:16Z;SHL-DN-595783;Verified;fuel.ops@airline.com;2026-09-26T22:08:16Z;HD-MCO-22;MTR-HD-MCO-22;ELECTRONIC;2026-09-26T20:08:16Z;SEED_B6_ADSB;2026-09-26T20:08:16Z;SEED_B6_ADSB;25daff86-8d18-55f4-b322-a0969e3cf067;1.2616;8633.13;USD
6c512c38-912c-55e8-8a3b-b41948d4874c;f02c8675-e3ba-5010-844b-c3bbe87568db;MATCHED;M;85bbad85-ce83-557c-baff-482f2c80444f;AVF-ILM-254149;;FT-ILM-20260926-0001;N3123J;N3123J;B61290;4106.00;LTR;566884.91;570990.91;4106.00;0.8077;KGL;MEA;21.20;GR;3316.42;COA-ILM-20260926-2;2026-09-26T19:56:51Z;AVF-DN-254149;Verified;fuel.ops@airline.com;2026-09-26T22:06:51Z;RF-ILM-19;MTR-RF-ILM-19;MANUAL;2026-09-26T20:06:51Z;SEED_B6_ADSB;2026-09-26T20:06:51Z;SEED_B6_ADSB;84ec082f-8bdd-5604-a6cf-b407828c709e;1.2888;5291.81;USD
22c465d1-364b-5d11-86a6-6a05e1c54dbb;a98d0bc7-d4e8-5e3e-88fa-c4da2f873b7e;MATCHED;E;5d92a265-e402-53fe-8a53-ace7ae0ab159;SHL-FLL-485323;;FT-FLL-20260926-0041;N775JB;N775JB;B61130;3702.00;LTR;415647.41;419349.41;3702.00;0.8016;KGL;MEA;26.40;GR;2967.52;COA-FLL-20260926-1;2026-09-26T19:51:59Z;SHL-DN-485323;Verified;fuel.ops@airline.com;2026-09-26T21:59:59Z;HD-FLL-18;MTR-HD-FLL-18;ELECTRONIC;2026-09-26T19:59:59Z;SEED_B6_ADSB;2026-09-26T19:59:59Z;SEED_B6_ADSB;cd498501-b68d-56a0-854d-8388ad5e4907;1.2465;4614.54;USD
4ff973d8-6650-52f3-a33a-856d4e24e333;7c609a22-4d47-5339-9886-816b4fa7a47c;MATCHED;E;04111612-987a-5be2-af6e-fa5728abd71f;BPA-DCA-429210;;FT-DCA-20260926-0007;N580JB;N580JB;B61579;6451.00;LTR;104362.69;110813.69;6451.00;0.8022;KGL;MEA;18.10;GR;5174.99;COA-DCA-20260926-1;2026-09-26T19:55:25Z;BPA-DN-429210;Verified;fuel.ops@airline.com;2026-09-26T22:06:25Z;HD-DCA-02;MTR-HD-DCA-02;ELECTRONIC;2026-09-26T20:06:25Z;SEED_B6_ADSB;2026-09-26T20:06:25Z;SEED_B6_ADSB;1a9c2194-c2dd-5af5-837a-9131bfc497a1;1.3236;8538.54;USD
abd79127-ccc4-504c-9eec-0b2781364c99;9d401efb-ee92-50b0-b033-159169fbf3f0;MATCHED;E;2cb35aba-c6f8-5eb9-a216-b9650264bc77;WFS-BOS-479149;;FT-BOS-20260926-0053;N3112J;N3112J;B61813;3440.00;LTR;530617.77;534057.77;3440.00;0.8105;KGL;MEA;15.20;GR;2788.12;COA-BOS-20260926-2;2026-09-26T19:47:11Z;WFS-DN-479149;Verified;fuel.ops@airline.com;2026-09-26T21:54:11Z;HD-BOS-19;MTR-HD-BOS-19;ELECTRONIC;2026-09-26T19:54:11Z;SEED_B6_ADSB;2026-09-26T19:54:11Z;SEED_B6_ADSB;40bf1275-7385-5a37-b586-b6dd9b33b0ea;1.3279;4567.98;USD
1ed5d382-8d5c-5f24-99f2-98a0918d98a4;f90dca2d-3764-591c-82f4-c5406e9254de;MATCHED;M;b63ea154-1ffc-5fb5-a48d-256c7e014539;WFS-ORH-515283;;FT-ORH-20260926-0002;N584JB;N584JB;B62119;8546.00;LTR;460724.19;469270.19;8546.00;0.7974;KGL;MEA;16.00;GR;6814.58;COA-ORH-20260926-3;2026-09-26T20:00:49Z;WFS-DN-515283;Verified;fuel.ops@airline.com;2026-09-26T22:18:49Z;RF-ORH-24;MTR-RF-ORH-24;MANUAL;2026-09-26T20:18:49Z;SEED_B6_ADSB;2026-09-26T20:18:49Z;SEED_B6_ADSB;1793a1db-83a9-55bd-89bd-0480237f34db;1.3802;11795.19;USD
76d276e8-44ab-5a5b-98b0-4976899495df;cc27ff19-e6ec-5c91-80da-4bca8fce6310;MATCHED;M;d3ec31b7-fd91-591f-a325-de67f83cf201;CGA-AUS-601321;;FT-AUS-20260926-0003;N559JB;N559JB;B61972;6668.00;LTR;448747.09;455415.09;6668.00;0.7957;KGL;MEA;25.10;GR;5305.73;COA-AUS-20260926-1;2026-09-26T20:08:02Z;CGA-DN-601321;Verified;fuel.ops@airline.com;2026-09-26T22:23:02Z;RF-AUS-13;MTR-RF-AUS-13;MANUAL;2026-09-26T20:23:02Z;SEED_B6_ADSB;2026-09-26T20:23:02Z;SEED_B6_ADSB;0b590b84-3cd1-5ae5-b668-6d1d60ec729f;1.2715;8478.36;USD
b67bf86f-b226-5c05-90ee-c9ddf40df67f;b1dd972b-32ae-59b0-8172-94d346515483;MATCHED;E;c3719e0d-2d7e-51ae-874f-31482aafed26;WFS-BOS-479151;;FT-BOS-20260926-0054;N3241J;N3241J;B6317;3050.00;LTR;885066.69;888116.69;3050.00;0.8109;KGL;MEA;14.80;GR;2473.24;COA-BOS-20260926-2;2026-09-26T20:06:20Z;WFS-DN-479151;Verified;fuel.ops@airline.com;2026-09-26T22:13:20Z;HD-BOS-24;MTR-HD-BOS-24;ELECTRONIC;2026-09-26T20:13:20Z;SEED_B6_ADSB;2026-09-26T20:13:20Z;SEED_B6_ADSB;c2cb2306-69e8-50d7-b315-b2b50b85d4ea;1.3279;4050.1;USD
2bf3b806-d183-5fe1-9396-a6fb2bf05f7b;89b3f8d2-8e82-54e3-8f38-c2ca2ae2f045;MATCHED;E;b3e0ef08-f48d-5730-9c35-cb471585c051;WFS-JFK-404049;;FT-JFK-20260926-0052;N973JT;N973JT;B61201;8422.00;LTR;398658.43;407080.43;8422.00;0.7972;KGL;MEA;20.00;GR;6714.02;COA-JFK-20260926-3;2026-09-26T19:45:42Z;WFS-DN-404049;Verified;fuel.ops@airline.com;2026-09-26T21:58:42Z;HD-JFK-21;MTR-HD-JFK-21;ELECTRONIC;2026-09-26T19:58:42Z;SEED_B6_ADSB;2026-09-26T19:58:42Z;SEED_B6_ADSB;887de6e5-59f9-5c93-843b-939205a04f07;1.3151;11075.77;USD
1e188f66-7390-58fc-9e0e-7cd81a850ba5;78daa073-2135-5a81-8fe9-499c86471997;MATCHED;E;0c508a4f-53a6-5b01-8721-6c0ba9c97037;SHL-BOS-697006;;FT-BOS-20260926-0055;N3196J;N3196J;B62459;3237.00;LTR;322993.00;326230.00;3237.00;0.8105;KGL;MEA;15.20;GR;2623.59;COA-BOS-20260926-2;2026-09-26T20:05:21Z;SHL-DN-697006;Verified;fuel.ops@airline.com;2026-09-26T22:12:21Z;HD-BOS-23;MTR-HD-BOS-23;ELECTRONIC;2026-09-26T20:12:21Z;SEED_B6_ADSB;2026-09-26T20:12:21Z;SEED_B6_ADSB;7148e9f5-0c4a-5392-96f4-e20dab9588b6;1.3245;4287.41;USD
193a8de3-30dc-5bdc-a9d5-9d074a592561;0bc4617e-876e-5167-a924-a4c35ffbefa8;MATCHED;M;60280615-839b-57fb-8d30-bd2501cdf592;BPA-RIC-112624;;FT-RIC-20260926-0004;N612JB;N612JB;B6969;6581.00;LTR;514544.38;521125.38;6581.00;0.8021;KGL;MEA;19.30;GR;5278.62;COA-RIC-20260926-1;2026-09-26T20:09:06Z;BPA-DN-112624;Verified;fuel.ops@airline.com;2026-09-26T22:24:06Z;RF-RIC-13;MTR-RF-RIC-13;MANUAL;2026-09-26T20:24:06Z;SEED_B6_ADSB;2026-09-26T20:24:06Z;SEED_B6_ADSB;6d38309b-0808-5085-94fd-6c7fbf29af52;1.3810;9088.36;USD
3305a05a-2193-525a-9dda-92910350245f;36358c3f-4c67-5ef2-988e-71432f74de27;MATCHED;M;ea717565-caa8-5070-95d3-53d9b42f43fe;WFS-SYR-619692;;FT-SYR-20260926-0003;N3157J;N3157J;B62655;5475.00;LTR;773763.25;779238.25;5475.00;0.8052;KGL;MEA;19.20;GR;4408.47;COA-SYR-20260926-2;2026-09-26T20:13:14Z;WFS-DN-619692;Verified;fuel.ops@airline.com;2026-09-26T22:26:14Z;RF-SYR-23;MTR-RF-SYR-23;MANUAL;2026-09-26T20:26:14Z;SEED_B6_ADSB;2026-09-26T20:26:14Z;SEED_B6_ADSB;93eece6e-a454-5455-a3cd-3c2cb6fe495b;1.3710;7506.23;USD
8e1770f1-2603-5201-925b-5fb5e62196b6;27403e3d-a0f1-5612-8352-1a49b3871ebe;MATCHED;E;69bbb18d-27b8-5b72-a427-64aafbb84544;PMA-SJU-755522;;FT-SJU-20260926-0015;N779JB;N779JB;B6154;8411.00;LTR;873822.69;882233.69;8411.00;0.8006;KGL;MEA;26.80;GR;6733.85;COA-SJU-20260926-3;2026-09-26T20:02:45Z;PMA-DN-755522;Verified;fuel.ops@airline.com;2026-09-26T22:15:45Z;HD-SJU-17;MTR-HD-SJU-17;ELECTRONIC;2026-09-26T20:15:45Z;SEED_B6_ADSB;2026-09-26T20:15:45Z;SEED_B6_ADSB;cf59d8c0-fef9-5818-90a6-65ff23028395;1.3117;11032.71;USD
374a0c35-d352-5fdd-a5cc-3c86846f802f;7c8b29c6-7975-52b4-beb9-80a1d083c9cd;MATCHED;E;e950c241-242f-5d7a-b17c-0bcbdd2e445d;SHL-FLL-485325;;FT-FLL-20260926-0042;N597JB;N597JB;B62098;5440.00;LTR;415647.41;421087.41;5440.00;0.8018;KGL;MEA;26.20;GR;4361.79;COA-FLL-20260926-1;2026-09-26T20:23:32Z;SHL-DN-485325;Verified;fuel.ops@airline.com;2026-09-26T22:33:32Z;HD-FLL-18;MTR-HD-FLL-18;ELECTRONIC;2026-09-26T20:33:32Z;SEED_B6_ADSB;2026-09-26T20:33:32Z;SEED_B6_ADSB;3a739b8c-af7a-5e44-bfb4-099dcb1a2836;1.2465;6780.96;USD
0c1de791-6c55-5882-867a-96625ef467b8;a1c11111-4f1b-5250-b0f9-0c5830cbce83;MATCHED;E;df4c46eb-2b75-514a-b5f9-0d63745a809b;WFS-BOS-479153;;FT-BOS-20260926-0056;N3077J;N3077J;B6811;5569.00;LTR;263853.27;269422.27;5569.00;0.8101;KGL;MEA;15.70;GR;4511.45;COA-BOS-20260926-2;2026-09-26T20:11:09Z;WFS-DN-479153;Verified;fuel.ops@airline.com;2026-09-26T22:21:09Z;HD-BOS-13;MTR-HD-BOS-13;ELECTRONIC;2026-09-26T20:21:09Z;SEED_B6_ADSB;2026-09-26T20:21:09Z;SEED_B6_ADSB;f02e4ebc-41f9-5f08-b73b-faf46dc815ae;1.3279;7395.08;USD
fa238422-5286-5a12-aae0-4b69eb89b65f;c28edcd0-440c-53a9-9b0c-94a04c49238c;MATCHED;M;b937ae4e-6274-5076-8f8f-60a4d0e78017;AVF-RSW-496432;;FT-RSW-20260926-0002;N591JB;N591JB;B61530;7991.00;LTR;796107.12;804098.12;7991.00;0.7946;KGL;MEA;24.40;GR;6349.65;COA-RSW-20260926-1;2026-09-26T20:25:59Z;AVF-DN-496432;Verified;fuel.ops@airline.com;2026-09-26T22:42:59Z;RF-RSW-22;MTR-RF-RSW-22;MANUAL;2026-09-26T20:42:59Z;SEED_B6_ADSB;2026-09-26T20:42:59Z;SEED_B6_ADSB;b8f9460d-ac03-51c7-b216-7ed39812b494;1.2911;10317.18;USD
5304f127-5a57-537b-8733-0c01c81c9dbe;b53e0bad-5eb5-5235-85fa-65e144729248;MATCHED;E;7348d15b-776c-55a4-9832-bf7b1d0d34ad;BPA-TPA-704126;;FT-TPA-20260926-0009;N729JB;N729JB;B61496;2667.00;LTR;441353.21;444020.21;2667.00;0.8021;KGL;MEA;25.80;GR;2139.2;COA-TPA-20260926-2;2026-09-26T20:27:44Z;BPA-DN-704126;Verified;fuel.ops@airline.com;2026-09-26T22:33:44Z;HD-TPA-10;MTR-HD-TPA-10;ELECTRONIC;2026-09-26T20:33:44Z;SEED_B6_ADSB;2026-09-26T20:33:44Z;SEED_B6_ADSB;6a5792d9-7d3d-5177-b80a-9071dfb7a989;1.2392;3304.95;USD
65c2b2a5-49bb-5e4d-a04e-95a09142e028;16f92256-bbc4-5c37-b4cf-84c6d0b93a68;MATCHED;M;958c41d0-bb3e-5024-8007-a95e90098aa0;SHL-PBI-381737;;FT-PBI-20260926-0008;N618JB;N618JB;B61168;7032.00;LTR;153949.49;160981.49;7032.00;0.8072;KGL;MEA;21.20;GR;5676.23;COA-PBI-20260926-1;2026-09-26T20:33:23Z;SHL-DN-381737;Verified;fuel.ops@airline.com;2026-09-26T22:48:23Z;RF-PBI-06;MTR-RF-PBI-06;MANUAL;2026-09-26T20:48:23Z;SEED_B6_ADSB;2026-09-26T20:48:23Z;SEED_B6_ADSB;a1cb420d-fc0d-5859-82cc-e96c561c9b67;1.2819;9014.32;USD
8dfc1f46-1d54-52d4-a9c2-8911b0921a39;f54cbc8d-fc3e-59d0-95d8-3fe0090652db;MATCHED;E;9f096090-abf3-5f38-bab6-3e2b6b88f23a;CGA-DFW-294830;;FT-DFW-20260926-0003;N625JB;N625JB;B61882;6971.00;LTR;690311.65;697282.65;6971.00;0.8001;KGL;MEA;22.10;GR;5577.5;COA-DFW-20260926-1;2026-09-26T20:41:40Z;CGA-DN-294830;Verified;fuel.ops@airline.com;2026-09-26T22:53:40Z;HD-DFW-02;MTR-HD-DFW-02;ELECTRONIC;2026-09-26T20:53:40Z;SEED_B6_ADSB;2026-09-26T20:53:40Z;SEED_B6_ADSB;650c4481-656d-58c2-866f-ac539cc35a2c;1.2476;8697.02;USD
6f99977f-663b-5260-aa25-8e08017866fd;365c837e-9038-52b0-b9ed-a74293f872a0;MATCHED;E;19b3d138-ea06-5916-bf0f-2edaaf94a4b8;SHL-MCO-595786;;FT-MCO-20260926-0030;N635JB;N635JB;B61098;5080.00;LTR;220620.78;225700.78;5080.00;0.7988;KGL;MEA;26.20;GR;4057.9;COA-MCO-20260926-1;2026-09-26T20:48:45Z;SHL-DN-595786;Verified;fuel.ops@airline.com;2026-09-26T22:57:45Z;HD-MCO-07;MTR-HD-MCO-07;ELECTRONIC;2026-09-26T20:57:45Z;SEED_B6_ADSB;2026-09-26T20:57:45Z;SEED_B6_ADSB;22457caf-5cd4-5a2a-9de7-2aa3dad9ece4;1.2616;6408.93;USD
ffeda8c0-90c0-51b6-a8a1-8134292c50de;ece04b5d-733e-56ae-ad0c-b10d9f12c662;MATCHED;E;4efd7170-53ed-5d61-a41a-9b6211250c53;BPA-PHL-493084;;FT-PHL-20260926-0005;N3289J;N3289J;B61860;3575.00;LTR;105638.72;109213.72;3575.00;0.8088;KGL;MEA;19.10;GR;2891.46;COA-PHL-20260926-1;2026-09-26T20:26:09Z;BPA-DN-493084;Verified;fuel.ops@airline.com;2026-09-26T22:33:09Z;HD-PHL-20;MTR-HD-PHL-20;ELECTRONIC;2026-09-26T20:33:09Z;SEED_B6_ADSB;2026-09-26T20:33:09Z;SEED_B6_ADSB;90ab0e66-a347-5004-99ed-cffc8a149f41;1.3355;4774.41;USD
20fd5c6b-ae5f-533b-be68-a0d1e12d35dd;5c01602c-344b-5854-b98d-5b66c2c90a48;MATCHED;E;9707ab82-9e0f-50a1-9341-2d2e8d36a7e0;WFS-JFK-404050;;FT-JFK-20260926-0053;N821JB;N821JB;B61173;6502.00;LTR;555424.55;561926.55;6502.00;0.8001;KGL;MEA;16.40;GR;5202.25;COA-JFK-20260926-3;2026-09-26T20:56:37Z;WFS-DN-404050;Verified;fuel.ops@airline.com;2026-09-26T23:07:37Z;HD-JFK-07;MTR-HD-JFK-07;ELECTRONIC;2026-09-26T21:07:37Z;SEED_B6_ADSB;2026-09-26T21:07:37Z;SEED_B6_ADSB;ed5a4143-ed8e-5d01-b919-fbded0554892;1.3151;8550.78;USD
9ea5c1f4-9a7e-5251-a8f3-f13b831fbdf7;ca1b22ec-be7f-59ec-ba12-a43667d0c9cf;MATCHED;M;4629a44b-50c4-55ef-b294-bd466e8d641e;BPA-DTW-753899;;FT-DTW-20260926-0006;N537JT;N537JT;B6819;4902.00;LTR;714887.16;719789.16;4902.00;0.8063;KGL;MEA;15.70;GR;3952.48;COA-DTW-20260926-2;2026-09-26T21:05:31Z;BPA-DN-753899;Verified;fuel.ops@airline.com;2026-09-26T23:17:31Z;RF-DTW-05;MTR-RF-DTW-05;MANUAL;2026-09-26T21:17:31Z;SEED_B6_ADSB;2026-09-26T21:17:31Z;SEED_B6_ADSB;4fef0fe7-f6f3-5e43-bedb-8f3c9ee87eb0;1.3183;6462.31;USD
cbe37895-6964-528f-8a89-b4383547abb4;57ba0e73-3902-5e41-990b-72f7d1ca7d7c;MATCHED;E;0515e947-6176-5c66-a610-5653f281a2e9;SHL-MCO-595787;;FT-MCO-20260926-0031;N760JB;N760JB;B61947;2212.00;LTR;469191.77;471403.77;2212.00;0.8012;KGL;MEA;23.30;GR;1772.25;COA-MCO-20260926-1;2026-09-26T21:00:20Z;SHL-DN-595787;Verified;fuel.ops@airline.com;2026-09-26T23:06:20Z;HD-MCO-05;MTR-HD-MCO-05;ELECTRONIC;2026-09-26T21:06:20Z;SEED_B6_ADSB;2026-09-26T21:06:20Z;SEED_B6_ADSB;82f7b822-c5a4-55a1-b3d3-b8d92d9edd93;1.2616;2790.66;USD
5b0845b4-719c-5c8b-b363-bcbb1ba17fda;911284bd-8cb8-5d43-a7d6-268f39113e6f;MATCHED;E;3540cc23-390d-5c31-94ad-dcd7c9192285;SHL-FLL-485327;;FT-FLL-20260926-0043;N659JB;N659JB;B61575;3818.00;LTR;851491.60;855309.60;3818.00;0.8027;KGL;MEA;25.10;GR;3064.71;COA-FLL-20260926-1;2026-09-26T21:08:41Z;SHL-DN-485327;Verified;fuel.ops@airline.com;2026-09-26T23:16:41Z;HD-FLL-24;MTR-HD-FLL-24;ELECTRONIC;2026-09-26T21:16:41Z;SEED_B6_ADSB;2026-09-26T21:16:41Z;SEED_B6_ADSB;ebb3ef0d-2bb3-5b40-9874-d9ccc21d0eb8;1.2465;4759.14;USD
4308f01e-f4f1-5569-9a09-fb9aef06aa59;dda1a912-0406-5192-af45-9f4160cc6c02;MATCHED;M;775029d2-db8a-5929-9ebb-fb26ea2bfd9b;AVF-SDF-756424;;FT-SDF-20260926-0001;N958JB;N958JB;B68778;1710.00;LTR;296703.46;298413.46;1710.00;0.8053;KGL;MEA;18.90;GR;1377.06;COA-SDF-20260926-3;2026-09-26T21:09:52Z;AVF-DN-756424;Verified;fuel.ops@airline.com;2026-09-26T23:15:52Z;RF-SDF-23;MTR-RF-SDF-23;MANUAL;2026-09-26T21:15:52Z;SEED_B6_ADSB;2026-09-26T21:15:52Z;SEED_B6_ADSB;5953dfe1-b41c-55ae-8078-fc4ecafdea1e;1.2985;2220.43;USD
efa3af92-8d1d-5f41-a615-809a68125b03;ec3274e9-33f2-5eae-90f8-2bac83e0c84f;MATCHED;M;873463bb-6c6d-5586-9f82-fa015886c0d9;WFS-RDU-697060;;FT-RDU-20260926-0008;N3271J;N3271J;B62384;4981.00;LTR;367506.47;372487.47;4981.00;0.8053;KGL;MEA;22.90;GR;4011.2;COA-RDU-20260926-2;2026-09-26T21:22:32Z;WFS-DN-697060;Verified;fuel.ops@airline.com;2026-09-26T23:34:32Z;RF-RDU-03;MTR-RF-RDU-03;MANUAL;2026-09-26T21:34:32Z;SEED_B6_ADSB;2026-09-26T21:34:32Z;SEED_B6_ADSB;dd6a0918-40c9-5003-a904-a7ad0040c940;1.2898;6424.49;USD
2b26f123-d1df-5242-9314-55e9c956af4a;b160f68d-76dd-5649-bbfd-507c05d5d6b6;MATCHED;E;5559940e-d30c-5793-96e6-67b4d748a484;WFS-JFK-404051;;FT-JFK-20260926-0054;N3189J;N3189J;B61202;3475.00;LTR;690505.76;693980.76;3475.00;0.7995;KGL;MEA;17.10;GR;2778.26;COA-JFK-20260926-3;2026-09-26T21:07:12Z;WFS-DN-404051;Verified;fuel.ops@airline.com;2026-09-26T23:14:12Z;HD-JFK-14;MTR-HD-JFK-14;ELECTRONIC;2026-09-26T21:14:12Z;SEED_B6_ADSB;2026-09-26T21:14:12Z;SEED_B6_ADSB;e13bf29e-d195-549c-87b7-21d10ac67b1b;1.3151;4569.97;USD
2c8af787-f00a-57ed-9350-23b49425c4e4;8d97265c-4a3f-5df9-bf70-074a6286b65a;MATCHED;E;c29abf32-df9f-52d8-ad7e-d2f935706c62;WFS-BOS-479155;;FT-BOS-20260926-0057;N3276J;N3276J;B62255;3626.00;LTR;491462.45;495088.45;3626.00;0.8093;KGL;MEA;16.80;GR;2934.52;COA-BOS-20260926-2;2026-09-26T21:29:07Z;WFS-DN-479155;Verified;fuel.ops@airline.com;2026-09-26T23:36:07Z;HD-BOS-14;MTR-HD-BOS-14;ELECTRONIC;2026-09-26T21:36:07Z;SEED_B6_ADSB;2026-09-26T21:36:07Z;SEED_B6_ADSB;2b629aae-957b-59c4-b106-1bf5b10c40fb;1.3279;4814.97;USD
