ID;flight_ID;aircraft_type_code;tail_number;tail_registration;burn_date;burn_time;block_off_time;block_on_time;flight_duration_mins;origin_airport_ID;destination_airport_ID;planned_burn_kg;actual_burn_kg;taxi_out_kg;taxi_in_kg;trip_fuel_kg;variance_kg;variance_pct;variance_status;data_source;source_message_id;status;confirmed_by;confirmed_at;requires_review;review_notes;reviewed_by;reviewed_at;finance_posted;finance_post_date;apu_burn_kg;engine_burn_kg;created_at;created_by;modified_at;modified_by
550e8400-e29b-41d4-a716-44665544A001;e5f6a7b8-5555-4000-8000-00000000A011;A220;C-GROV;C-GROV;2026-03-24;08:15:00;2026-03-24T07:05:00Z;2026-03-24T08:08:00Z;63;a1b2c3d4-1111-4000-8000-000000000020;a1b2c3d4-1111-4000-8000-000000000022;1500.00;1480.00;80.00;50.00;1350.00;-20.00;-1.33;NORMAL;ACARS;ACARS-AC601-20260324;CONFIRMED;ops.manager@airline.com;2026-03-24T09:00:00Z;false;;;;;;;;2026-03-24T08:15:00Z;SYSTEM;2026-03-24T09:00:00Z;ops.manager@airline.com
550e8400-e29b-41d4-a716-44665544A002;e5f6a7b8-5555-4000-8000-00000000A012;A220;C-GROV;C-GROV;2026-03-24;10:45:00;2026-03-24T09:35:00Z;2026-03-24T10:38:00Z;63;a1b2c3d4-1111-4000-8000-000000000022;a1b2c3d4-1111-4000-8000-000000000020;1500.00;1520.00;80.00;50.00;1390.00;20.00;1.33;NORMAL;ACARS;ACARS-AC602-20260324;CONFIRMED;ops.manager@airline.com;2026-03-24T11:30:00Z;false;;;;;;;;2026-03-24T10:45:00Z;SYSTEM;2026-03-24T11:30:00Z;ops.manager@airline.com
550e8400-e29b-41d4-a716-44665544A003;e5f6a7b8-5555-4000-8000-00000000A003;B777;C-FITU;C-FITU;2026-03-25;14:10:00;2026-03-25T11:08:00Z;2026-03-25T14:05:00Z;480;a1b2c3d4-1111-4000-8000-000000000026;a1b2c3d4-1111-4000-8000-000000000020;64000.00;63500.00;400.00;200.00;62900.00;-500.00;-0.78;NORMAL;ACARS;ACARS-AC102-20260325;CONFIRMED;ops.manager@airline.com;2026-03-25T15:00:00Z;false;;;;;;;;2026-03-25T14:10:00Z;SYSTEM;2026-03-25T15:00:00Z;ops.manager@airline.com
550e8400-e29b-41d4-a716-44665544A004;e5f6a7b8-5555-4000-8000-00000000A002;B777;C-FITU;C-FITU;2026-03-25;08:50:00;2026-03-25T20:35:00Z;2026-03-26T08:50:00Z;435;a1b2c3d4-1111-4000-8000-000000000020;a1b2c3d4-1111-4000-8000-000000000026;68000.00;67200.00;450.00;250.00;66500.00;-800.00;-1.18;NORMAL;ACARS;ACARS-AC101-20260325;CONFIRMED;ops.manager@airline.com;2026-03-26T09:30:00Z;false;;;;;;;;2026-03-26T08:50:00Z;SYSTEM;2026-03-26T09:30:00Z;ops.manager@airline.com
39d0e1f2-9999-4000-8000-000000006001;;A320;RP-C8888;RP-C8888;2026-04-06;09:00:00;;;;a1b2c3d4-1111-4000-8000-000000000001;a1b2c3d4-1111-4000-8000-000000000002;;3340.00;;;;;;;ACARS;;PRELIMINARY;;;false;;;;false;;;;2026-04-01T00:00:00Z;WP06_SEED;2026-04-01T00:00:00Z;WP06_SEED
fb100000-0000-4000-8000-0000000d0001;e5f6a7b8-5555-4000-8000-0000000d0001;A320;C-FDMO;C-FDMO;2026-04-10;11:20:00;2026-04-10T11:20:00Z;2026-04-10T12:33:00Z;73;a1b2c3d4-1111-4000-8000-000000000020;a1b2c3d4-1111-4000-8000-000000000022;2050.00;2280.00;150.00;80.00;2050.00;0.00;0.00;NORMAL;ACARS;ACARS-AC410-20260410;CONFIRMED;ops.manager@airline.com;2026-04-10T13:10:00Z;false;;;;false;;0.00;2280.00;2026-08-25T00:00:00Z;S1_CORRECTION;2026-08-25T00:00:00Z;S1_CORRECTION
fb100000-0000-4000-8000-0000000d0003;e5f6a7b8-5555-4000-8000-0000000d0003;A320;C-FDMP;C-FDMP;2026-04-10;15:10:00;2026-04-10T15:10:00Z;2026-04-10T16:22:00Z;72;a1b2c3d4-1111-4000-8000-000000000020;a1b2c3d4-1111-4000-8000-000000000022;2050.00;2280.00;150.00;80.00;2050.00;0.00;0.00;NORMAL;ACARS;ACARS-AC412-20260410;PRELIMINARY;;;false;;;;false;;0.00;2280.00;2026-08-25T00:00:00Z;S3_CORRECTION;2026-08-25T00:00:00Z;S3_FIGURES
fb100000-0000-4000-8000-0000000d0002;e5f6a7b8-5555-4000-8000-0000000d0002;A350;C-GDMS;C-GDMS;2026-04-11;01:52:00;2026-04-11T01:52:00Z;2026-04-11T08:44:00Z;412;a1b2c3d4-1111-4000-8000-000000000020;a1b2c3d4-1111-4000-8000-000000000026;39000.00;39600.00;420.00;180.00;39000.00;0.00;0.00;NORMAL;ACARS;ACARS-AC856-20260411;CONFIRMED;ops.manager@airline.com;2026-04-11T09:20:00Z;false;;;;false;;0.00;39600.00;2026-08-25T00:00:00Z;S2_CORRECTION;2026-08-25T00:00:00Z;S2_CORRECTION
39d0e1f2-9999-4000-8000-0000000d0009;e5f6a7b8-5555-4000-8000-0000000d0009;A320;C-FDMO;C-FDMO;2026-04-10;19:36:00;2026-04-10T18:24:00Z;2026-04-10T19:36:00Z;72;a1b2c3d4-1111-4000-8000-000000000022;a1b2c3d4-1111-4000-8000-000000000020;2280.00;2280.00;;;;0.00;0.000;NORMAL;ACARS;;CONFIRMED;;;true;S9 - THE BROKEN CHAIN. No ROB ledger row exists for this leg. FB402 refused it: opening 1889.25 plus uplift 0.00 less burn 2280.00 is -390.75, and a negative closing means an event is missing rather than that the fuel ran out. The missing event is the S5 ticket, never entered. Had it been, 1889.25 plus 999.38 less 2280.00 is 608.63 and the chain would have balanced. LIMIT OF THE CONTROL - FB402 catches the impossible and not the plausible. A burn keyed as 200 where 300 was meant leaves every balance positive, internally consistent and quietly wrong from then on. That is F37 and no control exists.;;;;;;;2026-04-10T00:00:00Z;S9_SEED;2026-04-10T00:00:00Z;S9_SEED
0fdbb044-fb1c-5f2d-a682-fc87421017e4;e5f6a7b8-5555-4000-8000-0000000d0001;A320;C-FDMO;C-FDMO;2026-04-10;07:15:00;2026-04-10T11:20:00Z;2026-04-10T12:33:00Z;73;;;2050;2280;;;2050;230;11.22;EXCEEDED;ACARS;;CONFIRMED;;;false;;;;false;;;;2026-09-28T00:00:00Z;SEED_BURNS_LEDGER;2026-09-28T00:00:00Z;SEED_BURNS_LEDGER
3ba7f54a-173b-5a5c-a1d6-6b745e0ea4a0;e5f6a7b8-5555-4000-8000-0000000d0003;A320;C-FDMP;C-FDMP;2026-04-10;11:05:00;2026-04-10T15:10:00Z;2026-04-10T16:22:00Z;72;;;2050;2280;;;2050;230;11.22;EXCEEDED;ACARS;;CONFIRMED;;;false;;;;false;;;;2026-09-28T00:00:00Z;SEED_BURNS_LEDGER;2026-09-28T00:00:00Z;SEED_BURNS_LEDGER
945f5c0e-22e5-55b4-8e4f-61db745df970;e5f6a7b8-5555-4000-8000-0000000d0002;A350;C-GDMS;C-GDMS;2026-04-10;21:40:00;2026-04-11T01:52:00Z;2026-04-11T08:44:00Z;412;;;39000;39600;;;39000;600;1.54;NORMAL;ACARS;;CONFIRMED;;;false;;;;false;;;;2026-09-28T00:00:00Z;SEED_BURNS_LEDGER;2026-09-28T00:00:00Z;SEED_BURNS_LEDGER
ed1178aa-b1f2-52b2-b628-58e98d681c2c;7b02f6c0-a883-5f3e-9137-f2a306d3e71a;A321;N965JT;N965JT;2026-09-23;22:20:00;2026-09-23T23:37:07Z;2026-09-24T02:30:57Z;174;;;6990;6650.61;;;6990;-339.39;-4.86;NORMAL;ACARS;;CONFIRMED;;;false;;;;false;;;;2026-09-28T00:00:00Z;SEED_BURNS_LEDGER;2026-09-28T00:00:00Z;SEED_BURNS_LEDGER
f9f0f11d-7364-5caa-b0ae-8fa28c3a744b;580d575e-f3cd-5f75-8107-de924febd2a9;A321;N971JT;N971JT;2026-09-23;23:30:00;2026-09-23T23:37:41Z;2026-09-24T05:45:33Z;368;;;16320;16261.07;;;16320;-58.93;-0.36;NORMAL;ACARS;;CONFIRMED;;;false;;;;false;;;;2026-09-28T00:00:00Z;SEED_BURNS_LEDGER;2026-09-28T00:00:00Z;SEED_BURNS_LEDGER
570f670b-681c-5ca8-b522-9e046a8b8ee1;bc73fc85-9685-5cbb-a365-5776b97d1193;A223;N3289J;N3289J;2026-09-23;23:40:00;2026-09-23T23:50:54Z;2026-09-24T01:13:19Z;82;;;1606;1756.52;;;1606;150.52;9.37;EXCEEDED;ACARS;;CONFIRMED;;;false;;;;false;;;;2026-09-28T00:00:00Z;SEED_BURNS_LEDGER;2026-09-28T00:00:00Z;SEED_BURNS_LEDGER
e5fc7a0f-5ddd-5278-b185-61f596469c75;7cc7376c-c7c8-56a5-ac56-3e20be3d703d;A21N;N4073J;N4073J;2026-09-23;23:50:00;2026-09-23T23:52:05Z;2026-09-24T06:59:16Z;427;;;14984;15031.1;;;14984;47.1;0.31;NORMAL;ACARS;;CONFIRMED;;;false;;;;false;;;;2026-09-28T00:00:00Z;SEED_BURNS_LEDGER;2026-09-28T00:00:00Z;SEED_BURNS_LEDGER
37a38eff-5774-5499-9a1d-372447538672;39025d72-8353-55ba-b008-13a917e1fd53;A320;N645JB;N645JB;2026-09-23;22:50:00;2026-09-23T23:59:34Z;2026-09-24T02:45:58Z;166;;;5780;5995.26;;;5780;215.26;3.72;NORMAL;ACARS;;CONFIRMED;;;false;;;;false;;;;2026-09-28T00:00:00Z;SEED_BURNS_LEDGER;2026-09-28T00:00:00Z;SEED_BURNS_LEDGER
a19cbdb2-53fa-5525-b314-685076d3b8e5;234f8d88-b200-5f2b-95bf-57d0d2557c07;A223;N3194J;N3194J;2026-09-23;23:50:00;2026-09-24T00:01:36Z;2026-09-24T01:30:16Z;89;;;1856;1922.43;;;1856;66.43;3.58;NORMAL;ACARS;;CONFIRMED;;;false;;;;false;;;;2026-09-28T00:00:00Z;SEED_BURNS_LEDGER;2026-09-28T00:00:00Z;SEED_BURNS_LEDGER
0a6aa10c-0f5b-5078-a6e7-a6ccd9ca02e5;9c95eb58-f985-5635-a96f-475b91e19674;A223;N3145J;N3145J;2026-09-23;23:55:00;2026-09-24T00:03:02Z;2026-09-24T02:29:17Z;146;;;3998;4266.31;;;3998;268.31;6.71;EXCEEDED;ACARS;;CONFIRMED;;;false;;;;false;;;;2026-09-28T00:00:00Z;SEED_BURNS_LEDGER;2026-09-28T00:00:00Z;SEED_BURNS_LEDGER
5cc55b2a-65c5-5b74-bf0f-2bf6c6e9b982;2388c82d-c8db-562f-b3b8-f4acaee03eef;A320;N535JB;N535JB;2026-09-23;23:15:00;2026-09-24T00:04:54Z;2026-09-24T02:46:03Z;161;;;5568;5672.29;;;5568;104.29;1.87;NORMAL;ACARS;;CONFIRMED;;;false;;;;false;;;;2026-09-28T00:00:00Z;SEED_BURNS_LEDGER;2026-09-28T00:00:00Z;SEED_BURNS_LEDGER
23c4c9ce-c31e-5214-83f6-e38a4f781fd7;a802dce5-1e51-5329-ba73-e392a7f9283c;A320;N627JB;N627JB;2026-09-23;00:00:00;2026-09-24T00:06:29Z;2026-09-24T02:28:16Z;142;;;4930;5088.01;;;4930;158.01;3.21;NORMAL;ACARS;;CONFIRMED;;;false;;;;false;;;;2026-09-28T00:00:00Z;SEED_BURNS_LEDGER;2026-09-28T00:00:00Z;SEED_BURNS_LEDGER
f8e71a86-5626-5de6-b008-edf93ff9cfcf;70d1971e-3408-5751-b4aa-798a66b5e521;A223;N3267J;N3267J;2026-09-23;00:10:00;2026-09-24T00:13:49Z;2026-09-24T01:50:00Z;96;;;2071;2375.08;;;2071;304.08;14.68;EXCEEDED;ACARS;;CONFIRMED;;;false;;;;false;;;;2026-09-28T00:00:00Z;SEED_BURNS_LEDGER;2026-09-28T00:00:00Z;SEED_BURNS_LEDGER
f9318177-c5a4-523d-ada9-e914a532b7a8;4354e8d8-5eab-52f5-8aeb-1682bc89615c;A320;N651JB;N651JB;2026-09-23;00:05:00;2026-09-24T00:15:44Z;2026-09-24T02:37:17Z;142;;;4930;4752.59;;;4930;-177.41;-3.6;NORMAL;ACARS;;CONFIRMED;;;false;;;;false;;;;2026-09-28T00:00:00Z;SEED_BURNS_LEDGER;2026-09-28T00:00:00Z;SEED_BURNS_LEDGER
8adcedd9-0887-5cb1-bb66-538157ab93dc;911f3fe6-66c8-5dbd-878c-745e590dce80;A320;N623JB;N623JB;2026-09-23;00:15:00;2026-09-24T00:17:29Z;2026-09-24T02:45:19Z;148;;;4972;5074.12;;;4972;102.12;2.05;NORMAL;ACARS;;CONFIRMED;;;false;;;;false;;;;2026-09-28T00:00:00Z;SEED_BURNS_LEDGER;2026-09-28T00:00:00Z;SEED_BURNS_LEDGER
39d8e4c9-4302-53b2-9ad5-4adf470f97ff;5db59471-1683-5df9-ab63-27d455c386a2;A320;N766JB;N766JB;2026-09-23;23:45:00;2026-09-24T00:22:18Z;2026-09-24T02:18:08Z;116;;;3910;3889.23;;;3910;-20.77;-0.53;NORMAL;ACARS;;CONFIRMED;;;false;;;;false;;;;2026-09-28T00:00:00Z;SEED_BURNS_LEDGER;2026-09-28T00:00:00Z;SEED_BURNS_LEDGER
9c84a11f-6508-5d86-b44f-dd3ec85ef773;b49c714a-ae39-520f-8c36-9722eb38769c;A321;N968JT;N968JT;2026-09-23;00:15:00;2026-09-24T00:23:55Z;2026-09-24T06:18:52Z;355;;;16034;15265.86;;;16034;-768.14;-4.79;NORMAL;ACARS;;CONFIRMED;;;false;;;;false;;;;2026-09-28T00:00:00Z;SEED_BURNS_LEDGER;2026-09-28T00:00:00Z;SEED_BURNS_LEDGER
72efe61d-050c-58fa-9a14-91b40d4725de;997b5b8d-973f-5cfc-8f7d-bcb2898a76ad;A223;N3115J;N3115J;2026-09-23;00:15:00;2026-09-24T00:25:00Z;2026-09-24T01:56:51Z;92;;;1999;2093.53;;;1999;94.53;4.73;NORMAL;ACARS;;CONFIRMED;;;false;;;;false;;;;2026-09-28T00:00:00Z;SEED_BURNS_LEDGER;2026-09-28T00:00:00Z;SEED_BURNS_LEDGER
691cd2cc-e90b-52ab-aa44-5cdc8b81e771;583f0a45-180d-56ba-a1ef-a34f37b9788f;A320;N568JB;N568JB;2026-09-23;00:15:00;2026-09-24T00:25:17Z;2026-09-24T03:09:05Z;164;;;5482;5834.06;;;5482;352.06;6.42;EXCEEDED;ACARS;;CONFIRMED;;;false;;;;false;;;;2026-09-28T00:00:00Z;SEED_BURNS_LEDGER;2026-09-28T00:00:00Z;SEED_BURNS_LEDGER
700a30bd-f8a8-515e-8890-9bf19290e2f6;7538eaf8-5388-57c6-8ade-5d1aaf5fa811;A320;N527JL;N527JL;2026-09-23;00:15:00;2026-09-24T00:26:12Z;2026-09-24T03:27:04Z;181;;;6672;6510.31;;;6672;-161.69;-2.42;NORMAL;ACARS;;CONFIRMED;;;false;;;;false;;;;2026-09-28T00:00:00Z;SEED_BURNS_LEDGER;2026-09-28T00:00:00Z;SEED_BURNS_LEDGER
9b3b4696-45ec-58e8-a7f8-fc1e876d570b;901f0587-636c-52c5-b6af-21730d1635ad;A320;N703JB;N703JB;2026-09-23;00:20:00;2026-09-24T00:26:35Z;2026-09-24T02:28:20Z;122;;;3698;3984.25;;;3698;286.25;7.74;EXCEEDED;ACARS;;CONFIRMED;;;false;;;;false;;;;2026-09-28T00:00:00Z;SEED_BURNS_LEDGER;2026-09-28T00:00:00Z;SEED_BURNS_LEDGER
e2122bbc-8291-5f31-a49f-f6f7fc748f85;205c90e3-0851-5a14-a2f3-ca10c09fb023;A320;N597JB;N597JB;2026-09-23;00:15:00;2026-09-24T00:27:55Z;2026-09-24T03:20:48Z;173;;;6120;6458.03;;;6120;338.03;5.52;EXCEEDED;ACARS;;CONFIRMED;;;false;;;;false;;;;2026-09-28T00:00:00Z;SEED_BURNS_LEDGER;2026-09-28T00:00:00Z;SEED_BURNS_LEDGER
00aba435-ca45-511e-8c21-d1ae6ff3e724;eb67345a-6f03-5f5d-8f98-ecb96a32197a;A320;N605JB;N605JB;2026-09-23;00:20:00;2026-09-24T00:28:32Z;2026-09-24T03:19:37Z;171;;;6162;6292.9;;;6162;130.9;2.12;NORMAL;ACARS;;CONFIRMED;;;false;;;;false;;;;2026-09-28T00:00:00Z;SEED_BURNS_LEDGER;2026-09-28T00:00:00Z;SEED_BURNS_LEDGER
32c0b432-0dbb-5898-88e7-3ec90de28c22;514206d0-bcd7-5e0b-833f-4e7682b4656e;A320;N554JB;N554JB;2026-09-23;00:20:00;2026-09-24T00:29:40Z;2026-09-24T03:05:36Z;156;;;5652;5593.22;;;5652;-58.78;-1.04;NORMAL;ACARS;;CONFIRMED;;;false;;;;false;;;;2026-09-28T00:00:00Z;SEED_BURNS_LEDGER;2026-09-28T00:00:00Z;SEED_BURNS_LEDGER
c7b2a195-1cf8-5022-85a2-d8cec3786750;87d59fd2-d3a3-540f-a636-a95205d940aa;A223;N3244J;N3244J;2026-09-23;00:25:00;2026-09-24T00:31:05Z;2026-09-24T02:47:30Z;136;;;3677;3736.46;;;3677;59.46;1.62;NORMAL;ACARS;;CONFIRMED;;;false;;;;false;;;;2026-09-28T00:00:00Z;SEED_BURNS_LEDGER;2026-09-28T00:00:00Z;SEED_BURNS_LEDGER
534ce32d-b242-59eb-b24e-791f54e02854;cf66ec76-2ab2-5d3a-9e61-284143264632;A320;N625JB;N625JB;2026-09-23;00:15:00;2026-09-24T00:31:23Z;2026-09-24T01:24:26Z;53;;;1148;1281.29;;;1148;133.29;11.61;EXCEEDED;ACARS;;CONFIRMED;;;false;;;;false;;;;2026-09-28T00:00:00Z;SEED_BURNS_LEDGER;2026-09-28T00:00:00Z;SEED_BURNS_LEDGER
f7ccb5d1-73d2-56c6-a186-239d7d8207f4;477eff4f-2397-5d64-b8af-9326528ff5e1;A320;N516JB;N516JB;2026-09-23;00:20:00;2026-09-24T00:32:56Z;2026-09-24T03:18:03Z;165;;;6290;6204.61;;;6290;-85.39;-1.36;NORMAL;ACARS;;CONFIRMED;;;false;;;;false;;;;2026-09-28T00:00:00Z;SEED_BURNS_LEDGER;2026-09-28T00:00:00Z;SEED_BURNS_LEDGER
68b99ed2-a178-5fc9-9bd4-cb711f9a7a5a;4081ee90-ddb5-571a-8a09-cd9fd51011c7;A321;N957JB;N957JB;2026-09-23;00:25:00;2026-09-24T00:33:06Z;2026-09-24T03:43:15Z;190;;;7990;7790.8;;;7990;-199.2;-2.49;NORMAL;ACARS;;CONFIRMED;;;false;;;;false;;;;2026-09-28T00:00:00Z;SEED_BURNS_LEDGER;2026-09-28T00:00:00Z;SEED_BURNS_LEDGER
4e928c15-b7e7-5b63-a49a-53dded73e479;836cb900-5646-5804-8597-d9e540fdb3bd;A21N;N4064J;N4064J;2026-09-23;00:00:00;2026-09-24T00:33:23Z;2026-09-24T07:16:54Z;404;;;13637;13560.7;;;13637;-76.3;-0.56;NORMAL;ACARS;;CONFIRMED;;;false;;;;false;;;;2026-09-28T00:00:00Z;SEED_BURNS_LEDGER;2026-09-28T00:00:00Z;SEED_BURNS_LEDGER
5da66dbe-3d04-550d-95ac-b15e69dd5438;313a39d2-3f1c-5879-a95e-25eff4a314d5;A223;N3269J;N3269J;2026-09-23;23:50:00;2026-09-24T00:33:24Z;2026-09-24T02:16:02Z;103;;;2499;2471.48;;;2499;-27.52;-1.1;NORMAL;ACARS;;CONFIRMED;;;false;;;;false;;;;2026-09-28T00:00:00Z;SEED_BURNS_LEDGER;2026-09-28T00:00:00Z;SEED_BURNS_LEDGER
8254b1fc-f855-5ac8-b0cf-cef95da999fd;9ef3e735-ef21-52b3-87be-68875f444a85;A320;N821JB;N821JB;2026-09-23;00:30:00;2026-09-24T00:37:31Z;2026-09-24T01:35:29Z;58;;;1360;1470.56;;;1360;110.56;8.13;EXCEEDED;ACARS;;CONFIRMED;;;false;;;;false;;;;2026-09-28T00:00:00Z;SEED_BURNS_LEDGER;2026-09-28T00:00:00Z;SEED_BURNS_LEDGER
c427ef73-4151-539a-b6bd-b40978f5487d;105f2bf5-6313-5391-9d54-2b98be125224;A320;N584JB;N584JB;2026-09-23;00:05:00;2026-09-24T00:39:27Z;2026-09-24T03:28:36Z;169;;;5992;5761.96;;;5992;-230.04;-3.84;NORMAL;ACARS;;CONFIRMED;;;false;;;;false;;;;2026-09-28T00:00:00Z;SEED_BURNS_LEDGER;2026-09-28T00:00:00Z;SEED_BURNS_LEDGER
0b5252c4-61e2-52b3-a89a-07ed7135384a;194678e1-e094-51f2-8123-2a8810111822;A223;N3121J;N3121J;2026-09-23;00:35:00;2026-09-24T00:39:58Z;2026-09-24T01:53:49Z;74;;;1464;1653.29;;;1464;189.29;12.93;EXCEEDED;ACARS;;CONFIRMED;;;false;;;;false;;;;2026-09-28T00:00:00Z;SEED_BURNS_LEDGER;2026-09-28T00:00:00Z;SEED_BURNS_LEDGER
af361e5a-4a87-5c9b-a100-dd481d01fa00;1eefb141-af01-5c54-b4a7-87d874fee268;A320;N663JB;N663JB;2026-09-23;00:40:00;2026-09-24T00:40:57Z;2026-09-24T02:46:53Z;126;;;4165;4254.35;;;4165;89.35;2.15;NORMAL;ACARS;;CONFIRMED;;;false;;;;false;;;;2026-09-28T00:00:00Z;SEED_BURNS_LEDGER;2026-09-28T00:00:00Z;SEED_BURNS_LEDGER
6e67f580-00ab-5d62-9b8c-3451fc93c3f1;fa8a0fb4-1d10-5fa7-8aa4-8b00a5811d1d;A320;N784JB;N784JB;2026-09-23;00:35:00;2026-09-24T00:42:50Z;2026-09-24T03:33:11Z;170;;;6035;5997.55;;;6035;-37.45;-0.62;NORMAL;ACARS;;CONFIRMED;;;false;;;;false;;;;2026-09-28T00:00:00Z;SEED_BURNS_LEDGER;2026-09-28T00:00:00Z;SEED_BURNS_LEDGER
58b2b43f-013b-5fb4-bc02-61dda10c1fb3;a42a5690-7bc8-5a3e-ad23-5b51a41bfe08;A223;N3280J;N3280J;2026-09-23;00:40:00;2026-09-24T00:43:07Z;2026-09-24T03:19:09Z;156;;;4855;4628.62;;;4855;-226.38;-4.66;NORMAL;ACARS;;CONFIRMED;;;false;;;;false;;;;2026-09-28T00:00:00Z;SEED_BURNS_LEDGER;2026-09-28T00:00:00Z;SEED_BURNS_LEDGER
5c4163cc-4136-5d07-aefc-d3159ea5153a;39402ca0-0578-546c-a81d-a3d7aef27a57;A223;N3293J;N3293J;2026-09-23;00:05:00;2026-09-24T00:44:02Z;2026-09-24T03:25:56Z;162;;;4927;4812.29;;;4927;-114.71;-2.33;NORMAL;ACARS;;CONFIRMED;;;false;;;;false;;;;2026-09-28T00:00:00Z;SEED_BURNS_LEDGER;2026-09-28T00:00:00Z;SEED_BURNS_LEDGER
a17d76e7-7dd8-555f-ab02-5b06fa68afbb;33bc6c6d-487a-573d-8f5c-4664b5bd1a58;A223;N3322J;N3322J;2026-09-23;00:40:00;2026-09-24T00:44:09Z;2026-09-24T02:14:08Z;90;;;1785;1983.34;;;1785;198.34;11.11;EXCEEDED;ACARS;;CONFIRMED;;;false;;;;false;;;;2026-09-28T00:00:00Z;SEED_BURNS_LEDGER;2026-09-28T00:00:00Z;SEED_BURNS_LEDGER
1a71ea55-838e-502d-bb20-fe491e94d570;47fcec99-22a4-57b4-897b-c034f143a760;A321;N937JB;N937JB;2026-09-23;00:40:00;2026-09-24T00:46:55Z;2026-09-24T07:11:05Z;384;;;16272;16521.08;;;16272;249.08;1.53;NORMAL;ACARS;;CONFIRMED;;;false;;;;false;;;;2026-09-28T00:00:00Z;SEED_BURNS_LEDGER;2026-09-28T00:00:00Z;SEED_BURNS_LEDGER
0d7808c7-1ed5-5d13-95d5-0fd403ad6421;22606718-64f4-5d1c-abed-2c39634a3bc4;A320;N637JB;N637JB;2026-09-23;00:20:00;2026-09-24T00:47:21Z;2026-09-24T03:55:39Z;188;;;6842;6739.76;;;6842;-102.24;-1.49;NORMAL;ACARS;;CONFIRMED;;;false;;;;false;;;;2026-09-28T00:00:00Z;SEED_BURNS_LEDGER;2026-09-28T00:00:00Z;SEED_BURNS_LEDGER
4aa0674c-313f-5659-b2e3-fd12b0b9c8fa;06b66b57-6528-57d5-8884-f8d2770e444f;A320;N636JB;N636JB;2026-09-23;00:40:00;2026-09-24T00:47:43Z;2026-09-24T03:29:47Z;162;;;5525;5604.24;;;5525;79.24;1.43;NORMAL;ACARS;;CONFIRMED;;;false;;;;false;;;;2026-09-28T00:00:00Z;SEED_BURNS_LEDGER;2026-09-28T00:00:00Z;SEED_BURNS_LEDGER
48c1bd5f-da3a-5485-a483-6fcfce886130;34959b79-3993-5256-9364-9543b1be4a6f;A321;N976JT;N976JT;2026-09-23;23:20:00;2026-09-24T00:51:12Z;2026-09-24T05:43:12Z;292;;;13274;12650.8;;;13274;-623.2;-4.69;NORMAL;ACARS;;CONFIRMED;;;false;;;;false;;;;2026-09-28T00:00:00Z;SEED_BURNS_LEDGER;2026-09-28T00:00:00Z;SEED_BURNS_LEDGER
e97f48de-3081-5fb9-a5de-7e93a1439847;5c4974fe-1530-5415-9ec9-da6e012c0a89;A21N;N4083J;N4083J;2026-09-23;00:50:00;2026-09-24T00:52:00Z;2026-09-24T07:58:49Z;427;;;15433;15124.11;;;15433;-308.89;-2;NORMAL;ACARS;;CONFIRMED;;;false;;;;false;;;;2026-09-28T00:00:00Z;SEED_BURNS_LEDGER;2026-09-28T00:00:00Z;SEED_BURNS_LEDGER
1057528f-4a78-5a52-bbb0-652341b307d8;60d6b3ef-19b3-5871-881c-b9ddd8323492;A320;N705JB;N705JB;2026-09-23;00:45:00;2026-09-24T00:53:04Z;2026-09-24T03:31:31Z;158;;;5568;5680.73;;;5568;112.73;2.02;NORMAL;ACARS;;CONFIRMED;;;false;;;;false;;;;2026-09-28T00:00:00Z;SEED_BURNS_LEDGER;2026-09-28T00:00:00Z;SEED_BURNS_LEDGER
9c4758ba-774c-5a60-be16-984ce1e2d2c3;78456c96-f3de-5fd2-b161-7eb8f1c41483;A320;N828JB;N828JB;2026-09-23;00:45:00;2026-09-24T00:54:15Z;2026-09-24T04:04:08Z;190;;;6460;6816.04;;;6460;356.04;5.51;EXCEEDED;ACARS;;CONFIRMED;;;false;;;;false;;;;2026-09-28T00:00:00Z;SEED_BURNS_LEDGER;2026-09-28T00:00:00Z;SEED_BURNS_LEDGER
707fbc62-9ee1-5e55-b4ae-4d82a2a284c6;ce677465-21b9-5877-a025-a85442a49184;A320;N521JB;N521JB;2026-09-23;00:55:00;2026-09-24T00:57:42Z;2026-09-24T04:43:51Z;226;;;8415;8487.05;;;8415;72.05;0.86;NORMAL;ACARS;;CONFIRMED;;;false;;;;false;;;;2026-09-28T00:00:00Z;SEED_BURNS_LEDGER;2026-09-28T00:00:00Z;SEED_BURNS_LEDGER
87ace83c-463b-5a86-a544-c307dc17c231;8b685543-b29f-5824-99d8-f84c1f380d58;A223;N3162J;N3162J;2026-09-23;00:50:00;2026-09-24T00:59:04Z;2026-09-24T02:59:32Z;120;;;3106;3199.85;;;3106;93.85;3.02;NORMAL;ACARS;;CONFIRMED;;;false;;;;false;;;;2026-09-28T00:00:00Z;SEED_BURNS_LEDGER;2026-09-28T00:00:00Z;SEED_BURNS_LEDGER
0f6f6a34-5921-5b85-b2d1-e40b838cadba;09fb0713-961e-51fb-858e-726ba66fb578;A223;N3149J;N3149J;2026-09-23;01:05:00;2026-09-24T01:07:24Z;2026-09-24T03:33:47Z;146;;;4106;4092.06;;;4106;-13.94;-0.34;NORMAL;ACARS;;CONFIRMED;;;false;;;;false;;;;2026-09-28T00:00:00Z;SEED_BURNS_LEDGER;2026-09-28T00:00:00Z;SEED_BURNS_LEDGER
29d22ff0-bc53-5c14-b7c8-88336e648af2;f41d052e-821c-5427-8cad-3fe0be019f11;A321;N961JT;N961JT;2026-09-23;01:05:00;2026-09-24T01:09:53Z;2026-09-24T06:21:06Z;311;;;13654;13293.14;;;13654;-360.86;-2.64;NORMAL;ACARS;;CONFIRMED;;;false;;;;false;;;;2026-09-28T00:00:00Z;SEED_BURNS_LEDGER;2026-09-28T00:00:00Z;SEED_BURNS_LEDGER
0b3bb960-345d-5152-9b98-969286cd66e6;d1d07c6b-bb49-5473-a4ee-267f84f95dc3;A320;N566JB;N566JB;2026-09-23;01:05:00;2026-09-24T01:15:29Z;2026-09-24T02:23:00Z;68;;;1742;1866.36;;;1742;124.36;7.14;EXCEEDED;ACARS;;CONFIRMED;;;false;;;;false;;;;2026-09-28T00:00:00Z;SEED_BURNS_LEDGER;2026-09-28T00:00:00Z;SEED_BURNS_LEDGER
3004eae9-94a9-5938-83c4-4ed9139d019d;7967923e-9de6-5ef2-9c7f-41d5ab25c1d9;A321;N982JB;N982JB;2026-09-23;01:10:00;2026-09-24T01:20:08Z;2026-09-24T07:26:48Z;367;;;15892;16175.83;;;15892;283.83;1.79;NORMAL;ACARS;;CONFIRMED;;;false;;;;false;;;;2026-09-28T00:00:00Z;SEED_BURNS_LEDGER;2026-09-28T00:00:00Z;SEED_BURNS_LEDGER
74556a19-5b50-5f21-a3da-c76b3a5eae00;4545ca9b-fa62-54b6-8866-55a64e43f275;A320;N706JB;N706JB;2026-09-23;01:15:00;2026-09-24T01:21:48Z;2026-09-24T03:20:36Z;119;;;3910;3907.62;;;3910;-2.38;-0.06;NORMAL;ACARS;;CONFIRMED;;;false;;;;false;;;;2026-09-28T00:00:00Z;SEED_BURNS_LEDGER;2026-09-28T00:00:00Z;SEED_BURNS_LEDGER
937244b4-bb3d-5d9b-acc8-6b6d28ef33bc;6f799bd2-575b-56af-b5c3-2e51c5a28e8b;A320;N583JB;N583JB;2026-09-23;01:20:00;2026-09-24T01:26:31Z;2026-09-24T04:45:45Z;199;;;7182;7281.5;;;7182;99.5;1.39;NORMAL;ACARS;;CONFIRMED;;;false;;;;false;;;;2026-09-28T00:00:00Z;SEED_BURNS_LEDGER;2026-09-28T00:00:00Z;SEED_BURNS_LEDGER
45fae8a3-0dfc-5ef5-83a1-fea4d6854a97;f69f0984-984a-5ba8-8612-c1c4374c8355;A21N;N4076J;N4076J;2026-09-23;01:20:00;2026-09-24T01:27:23Z;2026-09-24T08:09:58Z;403;;;13338;13693.2;;;13338;355.2;2.66;NORMAL;ACARS;;CONFIRMED;;;false;;;;false;;;;2026-09-28T00:00:00Z;SEED_BURNS_LEDGER;2026-09-28T00:00:00Z;SEED_BURNS_LEDGER
66fcd824-a74a-504b-8a38-3c22e7177702;a5ffe549-c0e9-5940-ad8f-ccfe0722fb91;A21N;N4058J;N4058J;2026-09-23;01:20:00;2026-09-24T01:31:12Z;2026-09-24T08:27:36Z;416;;;14124;14135.64;;;14124;11.64;0.08;NORMAL;ACARS;;CONFIRMED;;;false;;;;false;;;;2026-09-28T00:00:00Z;SEED_BURNS_LEDGER;2026-09-28T00:00:00Z;SEED_BURNS_LEDGER
ff56817e-8446-5cda-847f-71a40ad10948;a9a500cf-f0b7-54f7-951e-68701e63b412;A21N;N4074J;N4074J;2026-09-23;01:25:00;2026-09-24T01:33:14Z;2026-09-24T07:46:05Z;373;;;13226;13274.01;;;13226;48.01;0.36;NORMAL;ACARS;;CONFIRMED;;;false;;;;false;;;;2026-09-28T00:00:00Z;SEED_BURNS_LEDGER;2026-09-28T00:00:00Z;SEED_BURNS_LEDGER
010bb391-6bcd-577b-919e-dc18e512afac;e8da7cdf-7df4-563f-8b43-dece86a4c8d4;A223;N3241J;N3241J;2026-09-23;01:25:00;2026-09-24T01:36:04Z;2026-09-24T04:05:47Z;150;;;3963;4171.72;;;3963;208.72;5.27;EXCEEDED;ACARS;;CONFIRMED;;;false;;;;false;;;;2026-09-28T00:00:00Z;SEED_BURNS_LEDGER;2026-09-28T00:00:00Z;SEED_BURNS_LEDGER
27fb82fb-d92b-575e-9c27-a63b38848db1;4fb51803-f502-5a9f-9d28-7479234bc50e;A21N;N2199J;N2199J;2026-09-23;01:25:00;2026-09-24T01:36:33Z;2026-09-24T08:09:17Z;393;;;13675;13215.94;;;13675;-459.06;-3.36;NORMAL;ACARS;;CONFIRMED;;;false;;;;false;;;;2026-09-28T00:00:00Z;SEED_BURNS_LEDGER;2026-09-28T00:00:00Z;SEED_BURNS_LEDGER
198b06ec-6f41-53f1-b3a8-8a7328d40e00;5fdb1bd4-a9f2-5ab8-9193-22a8b4fa9c74;A223;N3260J;N3260J;2026-09-23;01:35:00;2026-09-24T01:40:53Z;2026-09-24T03:15:38Z;95;;;1892;2165.32;;;1892;273.32;14.45;EXCEEDED;ACARS;;CONFIRMED;;;false;;;;false;;;;2026-09-28T00:00:00Z;SEED_BURNS_LEDGER;2026-09-28T00:00:00Z;SEED_BURNS_LEDGER
4e0fd07f-fb3f-5b8b-98fa-22963f489978;a17b9dc0-b814-511b-9718-3e7ac61c9975;A320;N615JB;N615JB;2026-09-23;01:25:00;2026-09-24T01:51:15Z;2026-09-24T03:55:58Z;125;;;4250;4112.09;;;4250;-137.91;-3.24;NORMAL;ACARS;;CONFIRMED;;;false;;;;false;;;;2026-09-28T00:00:00Z;SEED_BURNS_LEDGER;2026-09-28T00:00:00Z;SEED_BURNS_LEDGER
c40deed9-4c9a-5c32-92c3-3aa7c767f617;e43cb953-9585-58c0-a8fe-d5457ad98ac1;A320;N520JB;N520JB;2026-09-23;01:50:00;2026-09-24T01:56:01Z;2026-09-24T03:39:59Z;104;;;3060;3198.62;;;3060;138.62;4.53;NORMAL;ACARS;;CONFIRMED;;;false;;;;false;;;;2026-09-28T00:00:00Z;SEED_BURNS_LEDGER;2026-09-28T00:00:00Z;SEED_BURNS_LEDGER
05499ce0-f8d7-54aa-9c44-baf8a42a6d37;655eb34e-86d5-5f07-83a9-bb85923fd17f;A320;N608JB;N608JB;2026-09-23;01:55:00;2026-09-24T02:04:59Z;2026-09-24T04:47:24Z;162;;;6078;5741.61;;;6078;-336.39;-5.53;EXCEEDED;ACARS;;CONFIRMED;;;false;;;;false;;;;2026-09-28T00:00:00Z;SEED_BURNS_LEDGER;2026-09-28T00:00:00Z;SEED_BURNS_LEDGER
5273229b-e63a-5b03-9052-b504c0855bc5;c6d16e86-95b5-54be-b134-b8973136c63f;A321;N991JT;N991JT;2026-09-23;02:05:00;2026-09-24T02:07:29Z;2026-09-24T07:56:27Z;349;;;15749;15088.69;;;15749;-660.31;-4.19;NORMAL;ACARS;;CONFIRMED;;;false;;;;false;;;;2026-09-28T00:00:00Z;SEED_BURNS_LEDGER;2026-09-28T00:00:00Z;SEED_BURNS_LEDGER
c1e00edf-9662-55ec-b752-3957fbf3bd9f;6749e0de-a162-5adb-985e-a87a400a59cd;A223;N3139J;N3139J;2026-09-23;02:05:00;2026-09-24T02:09:22Z;2026-09-24T03:39:32Z;90;;;2142;2149.23;;;2142;7.23;0.34;NORMAL;ACARS;;CONFIRMED;;;false;;;;false;;;;2026-09-28T00:00:00Z;SEED_BURNS_LEDGER;2026-09-28T00:00:00Z;SEED_BURNS_LEDGER
1d87fef9-dde8-579a-9b8f-ead45abad407;91849812-dde4-517d-be0e-ce84eff23fde;A320;N571JB;N571JB;2026-09-23;02:00:00;2026-09-24T02:12:15Z;2026-09-24T03:24:04Z;72;;;1828;1877.47;;;1828;49.47;2.71;NORMAL;ACARS;;CONFIRMED;;;false;;;;false;;;;2026-09-28T00:00:00Z;SEED_BURNS_LEDGER;2026-09-28T00:00:00Z;SEED_BURNS_LEDGER
2d8c1f75-8de8-5443-b70e-110d67f00569;d7c6a088-d695-5b0b-b1fe-5df0fd036e80;A321;N995JL;N995JL;2026-09-23;01:45:00;2026-09-24T02:12:54Z;2026-09-24T04:47:00Z;154;;;5753;6075.43;;;5753;322.43;5.6;EXCEEDED;ACARS;;CONFIRMED;;;false;;;;false;;;;2026-09-28T00:00:00Z;SEED_BURNS_LEDGER;2026-09-28T00:00:00Z;SEED_BURNS_LEDGER
bbbf7efb-a7c0-571b-be81-e250a3c417e0;4056ffd9-9d9c-577b-9dbd-43fe9e032659;A320;N564JB;N564JB;2026-09-23;02:10:00;2026-09-24T02:15:46Z;2026-09-24T05:27:20Z;192;;;6588;6627.47;;;6588;39.47;0.6;NORMAL;ACARS;;CONFIRMED;;;false;;;;false;;;;2026-09-28T00:00:00Z;SEED_BURNS_LEDGER;2026-09-28T00:00:00Z;SEED_BURNS_LEDGER
386d85d5-4d24-5a2b-b176-7e99ad6da4d5;e9df6fac-e125-58d3-a1b0-7e62a04a4ec5;A21N;N4048J;N4048J;2026-09-23;02:20:00;2026-09-24T02:21:57Z;2026-09-24T08:59:16Z;397;;;13712;13538.92;;;13712;-173.08;-1.26;NORMAL;ACARS;;CONFIRMED;;;false;;;;false;;;;2026-09-28T00:00:00Z;SEED_BURNS_LEDGER;2026-09-28T00:00:00Z;SEED_BURNS_LEDGER
b6a080bc-e5ef-5997-bfbc-29e1d3389a15;f0d51010-3adb-5880-904f-29f447c4b4cb;A320;N834JB;N834JB;2026-09-23;02:20:00;2026-09-24T02:25:12Z;2026-09-24T03:41:01Z;76;;;1912;2013.89;;;1912;101.89;5.33;EXCEEDED;ACARS;;CONFIRMED;;;false;;;;false;;;;2026-09-28T00:00:00Z;SEED_BURNS_LEDGER;2026-09-28T00:00:00Z;SEED_BURNS_LEDGER
d47c40d9-56b8-57c4-a7f6-8eb197011d61;efb4bbba-51eb-5265-a308-c637275722fe;A321;N943JT;N943JT;2026-09-23;02:20:00;2026-09-24T02:29:17Z;2026-09-24T08:49:44Z;380;;;16225;16160.41;;;16225;-64.59;-0.4;NORMAL;ACARS;;CONFIRMED;;;false;;;;false;;;;2026-09-28T00:00:00Z;SEED_BURNS_LEDGER;2026-09-28T00:00:00Z;SEED_BURNS_LEDGER
f83f4795-3e5d-550a-b6cc-d903965fdfc0;b9364f6f-25ea-5716-a1d6-e1d96e955754;A320;N561JB;N561JB;2026-09-23;02:30:00;2026-09-24T02:30:26Z;2026-09-24T03:22:10Z;52;;;935;1227.17;;;935;292.17;31.25;EXCEEDED;ACARS;;CONFIRMED;;;false;;;;false;;;;2026-09-28T00:00:00Z;SEED_BURNS_LEDGER;2026-09-28T00:00:00Z;SEED_BURNS_LEDGER
73eacc9e-ae5a-516c-bfd7-b1855982ac71;de795e08-4c2e-52aa-9374-0d94858d3459;A320;N729JB;N729JB;2026-09-23;02:20:00;2026-09-24T02:31:14Z;2026-09-24T03:43:01Z;72;;;1233;1681.07;;;1233;448.07;36.34;EXCEEDED;ACARS;;CONFIRMED;;;false;;;;false;;;;2026-09-28T00:00:00Z;SEED_BURNS_LEDGER;2026-09-28T00:00:00Z;SEED_BURNS_LEDGER
f40b7195-8a57-5589-9517-56f391845312;4d06d723-24ae-58de-9e0c-e8b8c3ae8292;A223;N3138J;N3138J;2026-09-23;02:25:00;2026-09-24T02:31:51Z;2026-09-24T03:41:38Z;70;;;1142;1354.44;;;1142;212.44;18.6;EXCEEDED;ACARS;;CONFIRMED;;;false;;;;false;;;;2026-09-28T00:00:00Z;SEED_BURNS_LEDGER;2026-09-28T00:00:00Z;SEED_BURNS_LEDGER
a702ffec-1c77-5cc3-b2b3-45c0c3ff3077;4f03783a-d83c-5cbe-ba0b-4f1374a84573;A320;N658JB;N658JB;2026-09-23;02:40:00;2026-09-24T02:44:50Z;2026-09-24T05:35:45Z;171;;;6120;6062.48;;;6120;-57.52;-0.94;NORMAL;ACARS;;CONFIRMED;;;false;;;;false;;;;2026-09-28T00:00:00Z;SEED_BURNS_LEDGER;2026-09-28T00:00:00Z;SEED_BURNS_LEDGER
b11d8f14-dc5c-5bca-8ad5-53d5b0044348;5c4f88a7-0e8e-5125-be63-d2e65753213f;A223;N3267J;N3267J;2026-09-23;02:55:00;2026-09-24T02:59:34Z;2026-09-24T04:11:37Z;72;;;1178;1359.84;;;1178;181.84;15.44;EXCEEDED;ACARS;;CONFIRMED;;;false;;;;false;;;;2026-09-28T00:00:00Z;SEED_BURNS_LEDGER;2026-09-28T00:00:00Z;SEED_BURNS_LEDGER
18ed92e7-c3c0-5ac6-84ab-1e5c00727b32;6b72e548-86ef-5a15-8b83-428b1a025a03;A21N;N2188J;N2188J;2026-09-23;03:00:00;2026-09-24T03:04:03Z;2026-09-24T09:29:53Z;386;;;12927;13371.39;;;12927;444.39;3.44;NORMAL;ACARS;;CONFIRMED;;;false;;;;false;;;;2026-09-28T00:00:00Z;SEED_BURNS_LEDGER;2026-09-28T00:00:00Z;SEED_BURNS_LEDGER
c2deb4bb-ebaf-5c96-8fc6-52843f51670e;d5afdb77-cb7f-54b0-9673-7c4f3cf21e63;A321;N986JB;N986JB;2026-09-23;03:05:00;2026-09-24T03:17:23Z;2026-09-24T08:45:53Z;328;;;14416;13814.21;;;14416;-601.79;-4.17;NORMAL;ACARS;;CONFIRMED;;;false;;;;false;;;;2026-09-28T00:00:00Z;SEED_BURNS_LEDGER;2026-09-28T00:00:00Z;SEED_BURNS_LEDGER
02273a31-6227-5f24-b08b-a129e79c545d;c016c842-f890-5552-8e16-6c63d1a7c6cb;A321;N962JT;N962JT;2026-09-23;02:15:00;2026-09-24T03:18:10Z;2026-09-24T08:49:54Z;332;;;14083;14112.91;;;14083;29.91;0.21;NORMAL;ACARS;;CONFIRMED;;;false;;;;false;;;;2026-09-28T00:00:00Z;SEED_BURNS_LEDGER;2026-09-28T00:00:00Z;SEED_BURNS_LEDGER
86658c83-40b9-5d17-ab21-1bd43e9b4bb0;df35ccc2-6978-5954-8da3-daabca964dfd;A21N;N2156J;N2156J;2026-09-23;03:15:00;2026-09-24T03:21:47Z;2026-09-24T08:50:23Z;329;;;11393;11119.1;;;11393;-273.9;-2.4;NORMAL;ACARS;;CONFIRMED;;;false;;;;false;;;;2026-09-28T00:00:00Z;SEED_BURNS_LEDGER;2026-09-28T00:00:00Z;SEED_BURNS_LEDGER
ab0d47c9-6c19-5834-b4e7-8c029defd7c3;a925200b-927a-5ebc-bea8-faa8dc1e263a;A223;N3221J;N3221J;2026-09-23;03:30:00;2026-09-24T03:35:24Z;2026-09-24T06:16:12Z;161;;;4534;4626.46;;;4534;92.46;2.04;NORMAL;ACARS;;CONFIRMED;;;false;;;;false;;;;2026-09-28T00:00:00Z;SEED_BURNS_LEDGER;2026-09-28T00:00:00Z;SEED_BURNS_LEDGER
7fde185b-d1a0-53df-974c-8cd065f71148;6dc19abf-4608-5666-aad2-fea1cc8d9f96;A321;N946JL;N946JL;2026-09-23;03:35:00;2026-09-24T03:42:08Z;2026-09-24T09:00:49Z;319;;;14368;13764.46;;;14368;-603.54;-4.2;NORMAL;ACARS;;CONFIRMED;;;false;;;;false;;;;2026-09-28T00:00:00Z;SEED_BURNS_LEDGER;2026-09-28T00:00:00Z;SEED_BURNS_LEDGER
ed888ecf-db36-5ddf-998e-39a3a10033dd;41678927-82bd-5b22-8129-a7f14a86ffa4;A320;N633JB;N633JB;2026-09-24;04:00:00;2026-09-24T04:13:12Z;2026-09-24T05:16:03Z;63;;;1148;1363.09;;;1148;215.09;18.74;EXCEEDED;ACARS;;CONFIRMED;;;false;;;;false;;;;2026-09-28T00:00:00Z;SEED_BURNS_LEDGER;2026-09-28T00:00:00Z;SEED_BURNS_LEDGER
9049784a-5825-589a-a3e8-84e13ad1668a;b2547d77-9e8c-5ad6-9ff4-a2dd60be89cf;A321;N984JB;N984JB;2026-09-23;04:10:00;2026-09-24T04:21:16Z;2026-09-24T09:34:15Z;313;;;14130;13285.52;;;14130;-844.48;-5.98;EXCEEDED;ACARS;;CONFIRMED;;;false;;;;false;;;;2026-09-28T00:00:00Z;SEED_BURNS_LEDGER;2026-09-28T00:00:00Z;SEED_BURNS_LEDGER
a062e806-6bd1-5720-b235-e1ecfc684122;a0ee16fa-e039-53d3-a6f2-b8ae48d5979b;A21N;N2142J;N2142J;2026-09-23;04:20:00;2026-09-24T04:23:14Z;2026-09-24T09:55:07Z;332;;;10907;10948.22;;;10907;41.22;0.38;NORMAL;ACARS;;CONFIRMED;;;false;;;;false;;;;2026-09-28T00:00:00Z;SEED_BURNS_LEDGER;2026-09-28T00:00:00Z;SEED_BURNS_LEDGER
f0bb039e-63ba-54e9-afb8-5b288e2f5ddc;782a7c71-24fe-59f3-b2e1-b62cb1c7b73d;A223;N3258J;N3258J;2026-09-24;04:20:00;2026-09-24T04:26:58Z;2026-09-24T06:59:58Z;153;;;4284;4544.53;;;4284;260.53;6.08;EXCEEDED;ACARS;;CONFIRMED;;;false;;;;false;;;;2026-09-28T00:00:00Z;SEED_BURNS_LEDGER;2026-09-28T00:00:00Z;SEED_BURNS_LEDGER
4bde4ea0-ba8e-591e-8f32-45b9c05def6d;e37ccb53-717c-552f-bc84-c4f79f620722;A321;N989JT;N989JT;2026-09-23;04:35:00;2026-09-24T04:35:31Z;2026-09-24T10:18:20Z;343;;;14940;14558.48;;;14940;-381.52;-2.55;NORMAL;ACARS;;CONFIRMED;;;false;;;;false;;;;2026-09-28T00:00:00Z;SEED_BURNS_LEDGER;2026-09-28T00:00:00Z;SEED_BURNS_LEDGER
084ea6e5-aba7-51fe-a393-e4815fd1733b;d38f00ae-7e58-5f35-9e5e-398f6198d9ec;A320;N715JB;N715JB;2026-09-23;04:10:00;2026-09-24T04:41:07Z;2026-09-24T08:56:46Z;256;;;9860;9489.47;;;9860;-370.53;-3.76;NORMAL;ACARS;;CONFIRMED;;;false;;;;false;;;;2026-09-28T00:00:00Z;SEED_BURNS_LEDGER;2026-09-28T00:00:00Z;SEED_BURNS_LEDGER
8126884f-5168-5fb4-bad4-bd4576279233;75f2db18-ed20-5df8-ace0-0c732cd31fec;A321;N942JB;N942JB;2026-09-23;04:40:00;2026-09-24T04:48:28Z;2026-09-24T09:57:42Z;309;;;12988;13508.82;;;12988;520.82;4.01;NORMAL;ACARS;;CONFIRMED;;;false;;;;false;;;;2026-09-28T00:00:00Z;SEED_BURNS_LEDGER;2026-09-28T00:00:00Z;SEED_BURNS_LEDGER
e9680493-78e8-5106-92b8-edaa155fb90c;23225990-7719-5eb6-9513-1ae96859703e;A321;N964JT;N964JT;2026-09-23;05:25:00;2026-09-24T05:27:35Z;2026-09-24T10:08:55Z;281;;;11941;12278.8;;;11941;337.8;2.83;NORMAL;ACARS;;CONFIRMED;;;false;;;;false;;;;2026-09-28T00:00:00Z;SEED_BURNS_LEDGER;2026-09-28T00:00:00Z;SEED_BURNS_LEDGER
de1b8f07-849e-5500-83bb-684ff371e00d;35cda193-b7c4-5b55-927b-5870658b49c8;A223;N3255J;N3255J;2026-09-23;05:10:00;2026-09-24T05:32:26Z;2026-09-24T10:46:38Z;314;;;9960;10025.33;;;9960;65.33;0.66;NORMAL;ACARS;;CONFIRMED;;;false;;;;false;;;;2026-09-28T00:00:00Z;SEED_BURNS_LEDGER;2026-09-28T00:00:00Z;SEED_BURNS_LEDGER
f4a78c02-1898-5fa4-813a-6aa4bef963c7;c89a879c-7697-5f2b-bffa-474d46b73266;A21N;N2205J;N2205J;2026-09-23;05:25:00;2026-09-24T05:33:08Z;2026-09-24T11:09:45Z;337;;;11805;11722.88;;;11805;-82.12;-0.7;NORMAL;ACARS;;CONFIRMED;;;false;;;;false;;;;2026-09-28T00:00:00Z;SEED_BURNS_LEDGER;2026-09-28T00:00:00Z;SEED_BURNS_LEDGER
05efc9f2-6314-56fe-a9f9-0f1de71af278;1c3601d8-7955-540c-8234-084830dc0812;A320;N618JB;N618JB;2026-09-23;04:40:00;2026-09-24T05:35:28Z;2026-09-24T10:40:06Z;305;;;11645;11599.68;;;11645;-45.32;-0.39;NORMAL;ACARS;;CONFIRMED;;;false;;;;false;;;;2026-09-28T00:00:00Z;SEED_BURNS_LEDGER;2026-09-28T00:00:00Z;SEED_BURNS_LEDGER
582a97fc-47a6-5cce-acf0-7e45760b1890;11fb7811-2dd7-547c-a320-87f6672b1f1e;A223;N3169J;N3169J;2026-09-23;05:45:00;2026-09-24T05:54:10Z;2026-09-24T10:13:27Z;259;;;8639;8024.5;;;8639;-614.5;-7.11;EXCEEDED;ACARS;;CONFIRMED;;;false;;;;false;;;;2026-09-28T00:00:00Z;SEED_BURNS_LEDGER;2026-09-28T00:00:00Z;SEED_BURNS_LEDGER
6dfc1704-d3bf-56bc-a7cc-b70779e3b597;2c50f1b5-2188-592d-9e50-13b1b8d95e90;A321;N985JT;N985JT;2026-09-23;05:55:00;2026-09-24T06:01:34Z;2026-09-24T11:39:28Z;338;;;14606;14175.17;;;14606;-430.83;-2.95;NORMAL;ACARS;;CONFIRMED;;;false;;;;false;;;;2026-09-28T00:00:00Z;SEED_BURNS_LEDGER;2026-09-28T00:00:00Z;SEED_BURNS_LEDGER
fd11c2ec-6d47-5208-9001-c1e5b2784cae;40284ad4-6d0c-57a2-a899-734c36cc319c;A223;N3189J;N3189J;2026-09-23;06:05:00;2026-09-24T06:13:22Z;2026-09-24T11:26:09Z;313;;;9925;10015.31;;;9925;90.31;0.91;NORMAL;ACARS;;CONFIRMED;;;false;;;;false;;;;2026-09-28T00:00:00Z;SEED_BURNS_LEDGER;2026-09-28T00:00:00Z;SEED_BURNS_LEDGER
50a33cfd-4114-5895-a6d2-9627885ef0af;a8528437-bc5c-5c9f-8ad9-beebea3ef79a;A21N;N2169J;N2169J;2026-09-23;05:55:00;2026-09-24T06:16:10Z;2026-09-24T11:43:18Z;327;;;11057;10899.29;;;11057;-157.71;-1.43;NORMAL;ACARS;;CONFIRMED;;;false;;;;false;;;;2026-09-28T00:00:00Z;SEED_BURNS_LEDGER;2026-09-28T00:00:00Z;SEED_BURNS_LEDGER
9b7c0db6-a025-5d9e-9939-7b64045cfe8b;cbc405ea-0042-5b4c-a270-8733c7d854ec;A321;N979JT;N979JT;2026-09-23;06:10:00;2026-09-24T06:18:28Z;2026-09-24T11:10:06Z;292;;;12702;12332.88;;;12702;-369.12;-2.91;NORMAL;ACARS;;CONFIRMED;;;false;;;;false;;;;2026-09-28T00:00:00Z;SEED_BURNS_LEDGER;2026-09-28T00:00:00Z;SEED_BURNS_LEDGER
ab50e3ce-681d-5285-8067-abd46018e869;835ed368-70b2-5fe3-8d8f-391a622e004c;A321;N981JT;N981JT;2026-09-23;06:10:00;2026-09-24T06:19:25Z;2026-09-24T11:20:11Z;301;;;13512;13135.7;;;13512;-376.3;-2.78;NORMAL;ACARS;;CONFIRMED;;;false;;;;false;;;;2026-09-28T00:00:00Z;SEED_BURNS_LEDGER;2026-09-28T00:00:00Z;SEED_BURNS_LEDGER
29d62a38-7603-5e11-abb5-886267c4adb4;1a715607-84d2-5337-9d45-bba58932f26e;A321;N970JB;N970JB;2026-09-23;06:25:00;2026-09-24T06:29:46Z;2026-09-24T11:51:02Z;321;;;14606;13895.68;;;14606;-710.32;-4.86;NORMAL;ACARS;;CONFIRMED;;;false;;;;false;;;;2026-09-28T00:00:00Z;SEED_BURNS_LEDGER;2026-09-28T00:00:00Z;SEED_BURNS_LEDGER
1fba2200-45f9-5f90-a19b-921178549b23;fc74a64c-35da-5193-be0c-35ba096efb64;A321;N976JT;N976JT;2026-09-23;06:40:00;2026-09-24T06:51:30Z;2026-09-24T11:57:14Z;306;;;13226;13091.06;;;13226;-134.94;-1.02;NORMAL;ACARS;;CONFIRMED;;;false;;;;false;;;;2026-09-28T00:00:00Z;SEED_BURNS_LEDGER;2026-09-28T00:00:00Z;SEED_BURNS_LEDGER
3a4b9b7c-437e-5939-b218-2c7cd93064d2;2926faa3-bad0-5713-838c-b593ad969cd9;A321;N987JT;N987JT;2026-09-23;06:45:00;2026-09-24T06:52:45Z;2026-09-24T12:30:08Z;337;;;14273;14398.09;;;14273;125.09;0.88;NORMAL;ACARS;;CONFIRMED;;;false;;;;false;;;;2026-09-28T00:00:00Z;SEED_BURNS_LEDGER;2026-09-28T00:00:00Z;SEED_BURNS_LEDGER
424bcef0-0dc9-562f-b4f4-2f936cebd21a;55f39ebd-cbeb-5ff4-a094-c1ae4d038e45;A321;N971JT;N971JT;2026-09-23;06:45:00;2026-09-24T06:54:06Z;2026-09-24T12:12:38Z;319;;;13797;13734.65;;;13797;-62.35;-0.45;NORMAL;ACARS;;CONFIRMED;;;false;;;;false;;;;2026-09-28T00:00:00Z;SEED_BURNS_LEDGER;2026-09-28T00:00:00Z;SEED_BURNS_LEDGER
f167c477-47a1-5452-bae5-cd3ce1c71c96;f6511a80-8b79-5c65-818b-97b0cfca1523;A21N;N4077J;N4077J;2026-09-24;06:00:00;2026-09-24T07:06:17Z;2026-09-24T15:02:08Z;476;;;16667;16433.47;;;16667;-233.53;-1.4;NORMAL;ACARS;;CONFIRMED;;;false;;;;false;;;;2026-09-28T00:00:00Z;SEED_BURNS_LEDGER;2026-09-28T00:00:00Z;SEED_BURNS_LEDGER
dccab3bc-3f90-5564-8e6f-3c1126af58e1;5749218d-ccd3-50fb-8afd-4d17b41ae705;A321;N961JT;N961JT;2026-09-24;07:25:00;2026-09-24T07:25:43Z;2026-09-24T12:59:35Z;334;;;14606;14168.69;;;14606;-437.31;-2.99;NORMAL;ACARS;;CONFIRMED;;;false;;;;false;;;;2026-09-28T00:00:00Z;SEED_BURNS_LEDGER;2026-09-28T00:00:00Z;SEED_BURNS_LEDGER
7da6fec0-0115-5f91-be2a-2bdd96d27bbd;c2fdfc6e-0e87-549c-9b4d-e9f3b74dbea4;A21N;N4080J;N4080J;2026-09-24;07:15:00;2026-09-24T07:27:44Z;2026-09-24T15:24:42Z;477;;;16068;16599.69;;;16068;531.69;3.31;NORMAL;ACARS;;CONFIRMED;;;false;;;;false;;;;2026-09-28T00:00:00Z;SEED_BURNS_LEDGER;2026-09-28T00:00:00Z;SEED_BURNS_LEDGER
63936bb8-4274-53b8-890e-82392b14e497;5057b94a-d884-5b89-8801-018ee797ac61;A21N;N4062J;N4062J;2026-09-24;08:10:00;2026-09-24T08:23:50Z;2026-09-24T16:59:17Z;515;;;18799;17662.05;;;18799;-1136.95;-6.05;EXCEEDED;ACARS;;CONFIRMED;;;false;;;;false;;;;2026-09-28T00:00:00Z;SEED_BURNS_LEDGER;2026-09-28T00:00:00Z;SEED_BURNS_LEDGER
034a9251-9dab-5a1f-aa05-32d4737df5c4;f0774351-8e9f-54c0-97a2-b2720e22fc62;A223;N3293J;N3293J;2026-09-24;08:55:00;2026-09-24T08:58:32Z;2026-09-24T10:17:12Z;79;;;1321;1539.94;;;1321;218.94;16.57;EXCEEDED;ACARS;;CONFIRMED;;;false;;;;false;;;;2026-09-28T00:00:00Z;SEED_BURNS_LEDGER;2026-09-28T00:00:00Z;SEED_BURNS_LEDGER
21f1dfec-d85c-5b4c-a7b7-b67dfed79983;2afaa71a-0b22-54fb-b07d-20d197562f17;A21N;N4073J;N4073J;2026-09-24;09:05:00;2026-09-24T09:16:15Z;2026-09-24T17:22:16Z;486;;;16480;16794.68;;;16480;314.68;1.91;NORMAL;ACARS;;CONFIRMED;;;false;;;;false;;;;2026-09-28T00:00:00Z;SEED_BURNS_LEDGER;2026-09-28T00:00:00Z;SEED_BURNS_LEDGER
cb3c266c-4de9-5f30-879e-26f984f6c77d;0a437318-652e-52d0-93e0-8b8d64f5c13a;A21N;N4064J;N4064J;2026-09-24;07:55:00;2026-09-24T09:18:10Z;2026-09-24T17:26:48Z;489;;;17078;16769.78;;;17078;-308.22;-1.8;NORMAL;ACARS;;CONFIRMED;;;false;;;;false;;;;2026-09-28T00:00:00Z;SEED_BURNS_LEDGER;2026-09-28T00:00:00Z;SEED_BURNS_LEDGER
e215976d-0f3b-5845-9050-1cfdad97dbfb;a8a39c89-3193-5cd5-b069-bd68b4bea21a;A321;N952JB;N952JB;2026-09-24;09:35:00;2026-09-24T09:40:50Z;2026-09-24T12:02:59Z;142;;;5515;5643.43;;;5515;128.43;2.33;NORMAL;ACARS;;CONFIRMED;;;false;;;;false;;;;2026-09-28T00:00:00Z;SEED_BURNS_LEDGER;2026-09-28T00:00:00Z;SEED_BURNS_LEDGER
79b60f44-d6c1-59ad-8d3f-b68f8e58542d;f01d53ac-8020-5fa0-8a0d-987c0870eed3;A223;N3284J;N3284J;2026-09-24;09:30:00;2026-09-24T09:42:25Z;2026-09-24T11:24:25Z;102;;;2356;2556.49;;;2356;200.49;8.51;EXCEEDED;ACARS;;CONFIRMED;;;false;;;;false;;;;2026-09-28T00:00:00Z;SEED_BURNS_LEDGER;2026-09-28T00:00:00Z;SEED_BURNS_LEDGER
d9ec0b77-7a0d-5fc4-b887-0196aea605d4;8a0a0cc0-4f86-5a39-9df5-c28d1655887b;A320;N598JB;N598JB;2026-09-24;09:35:00;2026-09-24T09:44:39Z;2026-09-24T12:40:19Z;176;;;6290;6365.36;;;6290;75.36;1.2;NORMAL;ACARS;;CONFIRMED;;;false;;;;false;;;;2026-09-28T00:00:00Z;SEED_BURNS_LEDGER;2026-09-28T00:00:00Z;SEED_BURNS_LEDGER
3a2f352b-6164-56ea-ac6a-37b1238520a2;abf3aec4-2dcf-583c-942e-a97471912d72;A223;N3139J;N3139J;2026-09-24;08:20:00;2026-09-24T09:44:42Z;2026-09-24T11:12:22Z;88;;;2071;2136.94;;;2071;65.94;3.18;NORMAL;ACARS;;CONFIRMED;;;false;;;;false;;;;2026-09-28T00:00:00Z;SEED_BURNS_LEDGER;2026-09-28T00:00:00Z;SEED_BURNS_LEDGER
001c9086-3d1c-5390-8770-78c35432ecc9;9f3d096f-5edd-56c5-ae7c-b8b6564cf305;A223;N3221J;N3221J;2026-09-24;08:50:00;2026-09-24T09:46:56Z;2026-09-24T12:19:00Z;152;;;4106;4209.01;;;4106;103.01;2.51;NORMAL;ACARS;;CONFIRMED;;;false;;;;false;;;;2026-09-28T00:00:00Z;SEED_BURNS_LEDGER;2026-09-28T00:00:00Z;SEED_BURNS_LEDGER
ac83d47d-6107-532a-a3d9-b2794a976751;3abb4049-23b6-592e-bd4d-d982f98eea18;A321;N947JB;N947JB;2026-09-24;09:40:00;2026-09-24T09:47:28Z;2026-09-24T15:52:23Z;365;;;15987;15620.29;;;15987;-366.71;-2.29;NORMAL;ACARS;;CONFIRMED;;;false;;;;false;;;;2026-09-28T00:00:00Z;SEED_BURNS_LEDGER;2026-09-28T00:00:00Z;SEED_BURNS_LEDGER
eb6ebf9f-ec22-5bec-a8ce-c68a4f5bb533;6ddabad0-d8e5-588b-8973-6aa9451f1fb3;A223;N3138J;N3138J;2026-09-24;09:40:00;2026-09-24T09:47:54Z;2026-09-24T10:56:37Z;69;;;1392;1491.86;;;1392;99.86;7.17;EXCEEDED;ACARS;;CONFIRMED;;;false;;;;false;;;;2026-09-28T00:00:00Z;SEED_BURNS_LEDGER;2026-09-28T00:00:00Z;SEED_BURNS_LEDGER
91b176b0-5d54-5ccb-b7ae-d9f7544c759c;9287900a-3f68-505d-859b-1f32354b7c4b;A321;N945JT;N945JT;2026-09-24;08:25:00;2026-09-24T09:48:32Z;2026-09-24T15:48:08Z;360;;;15035;15791.22;;;15035;756.22;5.03;EXCEEDED;ACARS;;CONFIRMED;;;false;;;;false;;;;2026-09-28T00:00:00Z;SEED_BURNS_LEDGER;2026-09-28T00:00:00Z;SEED_BURNS_LEDGER
d40c96d9-b737-5b4d-a986-7187e3d7df60;82eb36f7-590b-5516-8add-b143976e518b;A223;N3251J;N3251J;2026-09-24;09:40:00;2026-09-24T09:49:19Z;2026-09-24T11:35:29Z;106;;;2713;2795.21;;;2713;82.21;3.03;NORMAL;ACARS;;CONFIRMED;;;false;;;;false;;;;2026-09-28T00:00:00Z;SEED_BURNS_LEDGER;2026-09-28T00:00:00Z;SEED_BURNS_LEDGER
47667388-a674-5691-90bc-8d60b7a74641;0606329c-d369-5a51-aaa7-800995e0f881;A321;N988JT;N988JT;2026-09-24;09:45:00;2026-09-24T09:49:25Z;2026-09-24T16:05:00Z;376;;;15606;15960.21;;;15606;354.21;2.27;NORMAL;ACARS;;CONFIRMED;;;false;;;;false;;;;2026-09-28T00:00:00Z;SEED_BURNS_LEDGER;2026-09-28T00:00:00Z;SEED_BURNS_LEDGER
84a3e44d-8cf0-590a-8788-dc9716339fe3;acd75406-aa8c-54db-adb3-105238196da6;A320;N552JB;N552JB;2026-09-24;09:45:00;2026-09-24T09:50:21Z;2026-09-24T12:22:03Z;152;;;5355;5206.01;;;5355;-148.99;-2.78;NORMAL;ACARS;;CONFIRMED;;;false;;;;false;;;;2026-09-28T00:00:00Z;SEED_BURNS_LEDGER;2026-09-28T00:00:00Z;SEED_BURNS_LEDGER
af2b26c1-4248-5b41-9d73-2b73f0ff012a;3635f0b4-abdd-5f57-952b-858cea4ca3bd;A320;N828JB;N828JB;2026-09-24;09:15:00;2026-09-24T09:50:59Z;2026-09-24T12:31:06Z;160;;;5780;5708.44;;;5780;-71.56;-1.24;NORMAL;ACARS;;CONFIRMED;;;false;;;;false;;;;2026-09-28T00:00:00Z;SEED_BURNS_LEDGER;2026-09-28T00:00:00Z;SEED_BURNS_LEDGER
216a1ede-bbe0-53af-8403-64045f279e78;ff103cb7-55e3-5bc0-87a2-7e90206e4504;A321;N950JT;N950JT;2026-09-24;09:50:00;2026-09-24T09:51:04Z;2026-09-24T13:34:55Z;224;;;9656;9682.42;;;9656;26.42;0.27;NORMAL;ACARS;;CONFIRMED;;;false;;;;false;;;;2026-09-28T00:00:00Z;SEED_BURNS_LEDGER;2026-09-28T00:00:00Z;SEED_BURNS_LEDGER
8618a705-1bc1-563e-aa9b-0a000b752513;f2f77bf2-2ce3-5cd4-b7f5-7fe146ecc9a2;A320;N834JB;N834JB;2026-09-24;08:50:00;2026-09-24T09:52:42Z;2026-09-24T11:08:32Z;76;;;2040;2129.81;;;2040;89.81;4.4;NORMAL;ACARS;;CONFIRMED;;;false;;;;false;;;;2026-09-28T00:00:00Z;SEED_BURNS_LEDGER;2026-09-28T00:00:00Z;SEED_BURNS_LEDGER
19eb2f70-f23c-501c-915e-acfb7162d804;eb5faf2a-d0bf-5ec2-8c4e-366393029d2b;A321;N935JB;N935JB;2026-09-24;08:35:00;2026-09-24T09:55:49Z;2026-09-24T15:34:01Z;338;;;15463;15124.82;;;15463;-338.18;-2.19;NORMAL;ACARS;;CONFIRMED;;;false;;;;false;;;;2026-09-28T00:00:00Z;SEED_BURNS_LEDGER;2026-09-28T00:00:00Z;SEED_BURNS_LEDGER
c91a869c-2a4c-5312-a0a2-7e7929f6bdb7;31cd5aab-e947-57dd-acd9-a0a20cf095d3;A320;N584JB;N584JB;2026-09-24;09:50:00;2026-09-24T09:57:48Z;2026-09-24T12:51:03Z;173;;;5908;6000.38;;;5908;92.38;1.56;NORMAL;ACARS;;CONFIRMED;;;false;;;;false;;;;2026-09-28T00:00:00Z;SEED_BURNS_LEDGER;2026-09-28T00:00:00Z;SEED_BURNS_LEDGER
45b27f75-e929-54f7-9dde-922c00fd486a;a98e195c-39fa-5b42-b036-70de1a5755b1;A223;N3322J;N3322J;2026-09-24;08:30:00;2026-09-24T09:58:11Z;2026-09-24T11:15:04Z;77;;;1250;1575.47;;;1250;325.47;26.04;EXCEEDED;ACARS;;CONFIRMED;;;false;;;;false;;;;2026-09-28T00:00:00Z;SEED_BURNS_LEDGER;2026-09-28T00:00:00Z;SEED_BURNS_LEDGER
2cbc9116-47ae-533d-9d15-e48695fda059;fb93ec9e-736b-58a4-be05-31b5b2c77cc3;A320;N809JB;N809JB;2026-09-24;09:50:00;2026-09-24T09:58:13Z;2026-09-24T12:43:10Z;165;;;6035;5851.11;;;6035;-183.89;-3.05;NORMAL;ACARS;;CONFIRMED;;;false;;;;false;;;;2026-09-28T00:00:00Z;SEED_BURNS_LEDGER;2026-09-28T00:00:00Z;SEED_BURNS_LEDGER
71eb0362-2508-55e2-bd16-c7b9627a520d;4542c98c-2d5d-53f7-ae6e-bb2f1edb4679;A321;N967JT;N967JT;2026-09-24;09:50:00;2026-09-24T10:01:15Z;2026-09-24T15:31:43Z;330;;;14226;14489.1;;;14226;263.1;1.85;NORMAL;ACARS;;CONFIRMED;;;false;;;;false;;;;2026-09-28T00:00:00Z;SEED_BURNS_LEDGER;2026-09-28T00:00:00Z;SEED_BURNS_LEDGER
0900f2dc-eb34-550b-a777-71904b346b06;7cf40f99-eb63-5094-93fc-7f6c839859a8;A320;N827JB;N827JB;2026-09-24;10:00:00;2026-09-24T10:05:25Z;2026-09-24T14:03:24Z;238;;;8755;8968.35;;;8755;213.35;2.44;NORMAL;ACARS;;CONFIRMED;;;false;;;;false;;;;2026-09-28T00:00:00Z;SEED_BURNS_LEDGER;2026-09-28T00:00:00Z;SEED_BURNS_LEDGER
1ae75637-fd59-53b3-b714-e55bc0e9f0df;d42f1818-fde6-52cd-9f2f-cc505a0bf7aa;A320;N561JB;N561JB;2026-09-24;10:05:00;2026-09-24T10:06:39Z;2026-09-24T11:09:39Z;63;;;1317;1514.77;;;1317;197.77;15.02;EXCEEDED;ACARS;;CONFIRMED;;;false;;;;false;;;;2026-09-28T00:00:00Z;SEED_BURNS_LEDGER;2026-09-28T00:00:00Z;SEED_BURNS_LEDGER
62180228-9907-546e-a7c7-4e8d97e25d04;5f457e9a-3025-5c49-86a0-112f16acc003;A320;N568JB;N568JB;2026-09-24;10:00:00;2026-09-24T10:07:30Z;2026-09-24T11:54:13Z;107;;;3188;3293.13;;;3188;105.13;3.3;NORMAL;ACARS;;CONFIRMED;;;false;;;;false;;;;2026-09-28T00:00:00Z;SEED_BURNS_LEDGER;2026-09-28T00:00:00Z;SEED_BURNS_LEDGER
c32d219b-86b1-5211-999d-48e96e6b4f3f;78537797-6c60-59a6-90fe-f4381f95f983;A320;N559JB;N559JB;2026-09-24;10:05:00;2026-09-24T10:08:16Z;2026-09-24T13:10:33Z;182;;;6290;6588.69;;;6290;298.69;4.75;NORMAL;ACARS;;CONFIRMED;;;false;;;;false;;;;2026-09-28T00:00:00Z;SEED_BURNS_LEDGER;2026-09-28T00:00:00Z;SEED_BURNS_LEDGER
6161615c-b07e-526e-bdb5-5f263f150e32;d52f868a-cbac-5dfa-b1d3-65491c7f6a8d;A223;N3115J;N3115J;2026-09-24;10:00:00;2026-09-24T10:08:51Z;2026-09-24T13:14:40Z;186;;;5712;5357.41;;;5712;-354.59;-6.21;EXCEEDED;ACARS;;CONFIRMED;;;false;;;;false;;;;2026-09-28T00:00:00Z;SEED_BURNS_LEDGER;2026-09-28T00:00:00Z;SEED_BURNS_LEDGER
a616da08-a503-55ee-a0d1-4f3cb8ee9e2d;f2f823de-c7d2-5ce7-845b-14d06fbfa5f6;A223;N3149J;N3149J;2026-09-24;09:35:00;2026-09-24T10:08:58Z;2026-09-24T11:25:11Z;76;;;1142;1467.94;;;1142;325.94;28.54;EXCEEDED;ACARS;;CONFIRMED;;;false;;;;false;;;;2026-09-28T00:00:00Z;SEED_BURNS_LEDGER;2026-09-28T00:00:00Z;SEED_BURNS_LEDGER
8825185a-eaa6-5b9e-a24e-3f525c5ca453;7bf64e6b-6b88-5075-9b78-7eaeaa3ff9e1;A223;N3125J;N3125J;2026-09-24;10:05:00;2026-09-24T10:09:34Z;2026-09-24T14:26:15Z;257;;;8247;7796.05;;;8247;-450.95;-5.47;EXCEEDED;ACARS;;CONFIRMED;;;false;;;;false;;;;2026-09-28T00:00:00Z;SEED_BURNS_LEDGER;2026-09-28T00:00:00Z;SEED_BURNS_LEDGER
bbd3147f-cf2d-5dc4-a6c3-e827c8f68950;f5ee5eb4-b2b1-5a1e-b7df-bbf0c73a89e9;A223;N3269J;N3269J;2026-09-24;10:05:00;2026-09-24T10:12:15Z;2026-09-24T11:45:41Z;93;;;2285;2352.19;;;2285;67.19;2.94;NORMAL;ACARS;;CONFIRMED;;;false;;;;false;;;;2026-09-28T00:00:00Z;SEED_BURNS_LEDGER;2026-09-28T00:00:00Z;SEED_BURNS_LEDGER
a3cfbfd8-bbcb-55db-8634-467ce5636f1e;4e1d0dfe-552e-5c65-9c52-56d8721f5a73;A21N;N4076J;N4076J;2026-09-24;09:00:00;2026-09-24T10:15:52Z;2026-09-24T18:42:44Z;507;;;17976;17362.13;;;17976;-613.87;-3.41;NORMAL;ACARS;;CONFIRMED;;;false;;;;false;;;;2026-09-28T00:00:00Z;SEED_BURNS_LEDGER;2026-09-28T00:00:00Z;SEED_BURNS_LEDGER
bbf5c779-56ab-5176-8a8a-e3392630bd91;1ab71509-1ea8-5fe4-8d38-b5ae727ee2c2;A321;N949JT;N949JT;2026-09-24;09:55:00;2026-09-24T10:19:33Z;2026-09-24T13:47:56Z;208;;;8704;8655.66;;;8704;-48.34;-0.56;NORMAL;ACARS;;CONFIRMED;;;false;;;;false;;;;2026-09-28T00:00:00Z;SEED_BURNS_LEDGER;2026-09-28T00:00:00Z;SEED_BURNS_LEDGER
76eda527-bbcb-5b1a-9751-455fb3cfad10;1f814eab-96e3-5a15-8167-8b855ac6338d;A320;N807JB;N807JB;2026-09-24;10:10:00;2026-09-24T10:20:17Z;2026-09-24T13:03:40Z;163;;;5908;5719.43;;;5908;-188.57;-3.19;NORMAL;ACARS;;CONFIRMED;;;false;;;;false;;;;2026-09-28T00:00:00Z;SEED_BURNS_LEDGER;2026-09-28T00:00:00Z;SEED_BURNS_LEDGER
ca3c67d4-6ff0-5ed8-a4aa-cc531bdb5ea1;40df8e3f-6f41-5c90-8389-80a996581511;A320;N645JB;N645JB;2026-09-24;09:15:00;2026-09-24T10:23:56Z;2026-09-24T13:14:42Z;171;;;5695;6054.57;;;5695;359.57;6.31;EXCEEDED;ACARS;;CONFIRMED;;;false;;;;false;;;;2026-09-28T00:00:00Z;SEED_BURNS_LEDGER;2026-09-28T00:00:00Z;SEED_BURNS_LEDGER
e91cef28-8228-536e-9d54-4584303c104f;eb4d49ae-da3f-583c-a78f-c1879984aee0;A320;N729JB;N729JB;2026-09-24;10:15:00;2026-09-24T10:24:09Z;2026-09-24T13:48:40Z;205;;;7565;7423.17;;;7565;-141.83;-1.87;NORMAL;ACARS;;CONFIRMED;;;false;;;;false;;;;2026-09-28T00:00:00Z;SEED_BURNS_LEDGER;2026-09-28T00:00:00Z;SEED_BURNS_LEDGER
769be8b9-7531-546f-baca-e35190a468c0;7bb34318-61fd-5280-bd78-fed9c9b0aa17;A223;N3232J;N3232J;2026-09-24;09:45:00;2026-09-24T10:24:30Z;2026-09-24T11:46:00Z;81;;;1606;1726.91;;;1606;120.91;7.53;EXCEEDED;ACARS;;CONFIRMED;;;false;;;;false;;;;2026-09-28T00:00:00Z;SEED_BURNS_LEDGER;2026-09-28T00:00:00Z;SEED_BURNS_LEDGER
a42800f8-c8b2-55c8-bc05-06b2787b1c9c;d185b1ee-9423-5acd-a158-ff10eefccc41;A320;N633JB;N633JB;2026-09-24;10:15:00;2026-09-24T10:24:36Z;2026-09-24T13:32:51Z;188;;;6928;6857.44;;;6928;-70.56;-1.02;NORMAL;ACARS;;CONFIRMED;;;false;;;;false;;;;2026-09-28T00:00:00Z;SEED_BURNS_LEDGER;2026-09-28T00:00:00Z;SEED_BURNS_LEDGER
6e4f248b-2d32-518a-8fd8-85f5ffddfd49;4367a8fe-eca5-5271-b5eb-517ac4b2bd6b;A320;N627JB;N627JB;2026-09-24;10:20:00;2026-09-24T10:24:47Z;2026-09-24T13:10:53Z;166;;;5610;5977.34;;;5610;367.34;6.55;EXCEEDED;ACARS;;CONFIRMED;;;false;;;;false;;;;2026-09-28T00:00:00Z;SEED_BURNS_LEDGER;2026-09-28T00:00:00Z;SEED_BURNS_LEDGER
20ce3951-dcc3-500b-8e0a-dbc5625a0026;cf52d351-347e-56e4-87cd-7c878b16c304;A320;N580JB;N580JB;2026-09-24;10:20:00;2026-09-24T10:28:03Z;2026-09-24T13:02:00Z;154;;;5312;5373.74;;;5312;61.74;1.16;NORMAL;ACARS;;CONFIRMED;;;false;;;;false;;;;2026-09-28T00:00:00Z;SEED_BURNS_LEDGER;2026-09-28T00:00:00Z;SEED_BURNS_LEDGER
80823563-d809-52ed-90d0-8a28e76e914c;f495f109-2104-52f6-9b8d-56a46287088f;A223;N3194J;N3194J;2026-09-24;09:00:00;2026-09-24T10:28:41Z;2026-09-24T12:17:37Z;109;;;2785;2808.82;;;2785;23.82;0.86;NORMAL;ACARS;;CONFIRMED;;;false;;;;false;;;;2026-09-28T00:00:00Z;SEED_BURNS_LEDGER;2026-09-28T00:00:00Z;SEED_BURNS_LEDGER
d3c965ee-4a2e-5310-9a67-ec0be5364833;22e885fb-465c-51a3-aad8-f4698a3e6d12;A21N;N4074J;N4074J;2026-09-24;10:20:00;2026-09-24T10:28:48Z;2026-09-24T17:41:02Z;432;;;16031;15101.04;;;16031;-929.96;-5.8;EXCEEDED;ACARS;;CONFIRMED;;;false;;;;false;;;;2026-09-28T00:00:00Z;SEED_BURNS_LEDGER;2026-09-28T00:00:00Z;SEED_BURNS_LEDGER
1e8d4f65-f994-5892-a4f5-84c54760f331;50a89165-595f-561e-ba0f-3fa6f4f75ddf;A320;N516JB;N516JB;2026-09-24;09:05:00;2026-09-24T10:30:33Z;2026-09-24T11:29:57Z;59;;;1402;1445.07;;;1402;43.07;3.07;NORMAL;ACARS;;CONFIRMED;;;false;;;;false;;;;2026-09-28T00:00:00Z;SEED_BURNS_LEDGER;2026-09-28T00:00:00Z;SEED_BURNS_LEDGER
13320c0c-5ea7-53c1-a1b7-ba2a792122ad;88d127df-5380-575f-aa2e-eaaaaf95a493;A223;N3242J;N3242J;2026-09-24;10:20:00;2026-09-24T10:31:35Z;2026-09-24T11:33:28Z;62;;;1035;1134.35;;;1035;99.35;9.6;EXCEEDED;ACARS;;CONFIRMED;;;false;;;;false;;;;2026-09-28T00:00:00Z;SEED_BURNS_LEDGER;2026-09-28T00:00:00Z;SEED_BURNS_LEDGER
950a5404-a25b-5241-8fdc-0d5317721580;a0dc3066-bcd1-54fa-b0dc-d7070ed60d83;A320;N703JB;N703JB;2026-09-24;10:25:00;2026-09-24T10:31:43Z;2026-09-24T13:47:05Z;195;;;6715;7011.76;;;6715;296.76;4.42;NORMAL;ACARS;;CONFIRMED;;;false;;;;false;;;;2026-09-28T00:00:00Z;SEED_BURNS_LEDGER;2026-09-28T00:00:00Z;SEED_BURNS_LEDGER
880c0c6f-4f58-5b92-9dd7-a63c2c47feeb;a4a43248-7021-5706-852a-02c1c59ab73a;A21N;N2199J;N2199J;2026-09-24;10:20:00;2026-09-24T10:32:16Z;2026-09-24T17:35:53Z;424;;;15246;14860.65;;;15246;-385.35;-2.53;NORMAL;ACARS;;CONFIRMED;;;false;;;;false;;;;2026-09-28T00:00:00Z;SEED_BURNS_LEDGER;2026-09-28T00:00:00Z;SEED_BURNS_LEDGER
4ff11144-3092-5235-ad2e-cd72540845e8;b765819b-7629-5fa2-affe-a76f44f8924a;A21N;N2039J;N2039J;2026-09-24;09:05:00;2026-09-24T10:36:58Z;2026-09-24T13:30:35Z;174;;;5409;5535.66;;;5409;126.66;2.34;NORMAL;ACARS;;CONFIRMED;;;false;;;;false;;;;2026-09-28T00:00:00Z;SEED_BURNS_LEDGER;2026-09-28T00:00:00Z;SEED_BURNS_LEDGER
be86152f-c9fe-5e11-aeb4-8633214486fa;28564db0-9709-5580-92c2-5a8987b6b064;A21N;N2044J;N2044J;2026-09-24;10:35:00;2026-09-24T10:39:44Z;2026-09-24T13:39:03Z;179;;;5409;5643.66;;;5409;234.66;4.34;NORMAL;ACARS;;CONFIRMED;;;false;;;;false;;;;2026-09-28T00:00:00Z;SEED_BURNS_LEDGER;2026-09-28T00:00:00Z;SEED_BURNS_LEDGER
b3f4acfb-22aa-5b28-8659-d00d772ab5bd;b12a8741-cc7d-58bf-86cd-86e99fcd022b;A320;N766JB;N766JB;2026-09-24;10:35:00;2026-09-24T10:42:24Z;2026-09-24T12:42:28Z;120;;;3740;3905.36;;;3740;165.36;4.42;NORMAL;ACARS;;CONFIRMED;;;false;;;;false;;;;2026-09-28T00:00:00Z;SEED_BURNS_LEDGER;2026-09-28T00:00:00Z;SEED_BURNS_LEDGER
2b7da34f-6694-5bae-a030-af27f4ebb739;c5a68102-a0d4-5684-ba87-1748375008aa;A21N;N2165J;N2165J;2026-09-24;10:35:00;2026-09-24T10:43:49Z;2026-09-24T16:41:25Z;358;;;12141;11907.14;;;12141;-233.86;-1.93;NORMAL;ACARS;;CONFIRMED;;;false;;;;false;;;;2026-09-28T00:00:00Z;SEED_BURNS_LEDGER;2026-09-28T00:00:00Z;SEED_BURNS_LEDGER
c867debd-b595-5115-9fb9-5fbd47662b1f;b42a820d-79a4-5e96-a771-e3be7c4647c9;A223;N3258J;N3258J;2026-09-24;10:45:00;2026-09-24T10:46:47Z;2026-09-24T13:17:24Z;151;;;4320;4299.73;;;4320;-20.27;-0.47;NORMAL;ACARS;;CONFIRMED;;;false;;;;false;;;;2026-09-28T00:00:00Z;SEED_BURNS_LEDGER;2026-09-28T00:00:00Z;SEED_BURNS_LEDGER
11d57a6d-06d8-5ee5-9f18-3af110da6ee6;2f2f5888-451b-5d91-b823-88c4770e1726;A223;N3276J;N3276J;2026-09-24;10:40:00;2026-09-24T10:47:42Z;2026-09-24T13:15:27Z;148;;;4355;3968.36;;;4355;-386.64;-8.88;EXCEEDED;ACARS;;CONFIRMED;;;false;;;;false;;;;2026-09-28T00:00:00Z;SEED_BURNS_LEDGER;2026-09-28T00:00:00Z;SEED_BURNS_LEDGER
87e9c7bf-2f6f-5fc7-8851-72e63791721e;bf94d1a0-ef73-5de6-a6d0-2db486227dd8;A321;N965JT;N965JT;2026-09-24;10:15:00;2026-09-24T10:48:21Z;2026-09-24T13:51:31Z;183;;;7324;7255.28;;;7324;-68.72;-0.94;NORMAL;ACARS;;CONFIRMED;;;false;;;;false;;;;2026-09-28T00:00:00Z;SEED_BURNS_LEDGER;2026-09-28T00:00:00Z;SEED_BURNS_LEDGER
70721c08-2b1c-5865-a1f4-b2c16a7977a9;e0c88a9e-3b32-5950-b7c8-8e9380fde394;A223;N3280J;N3280J;2026-09-24;10:45:00;2026-09-24T10:48:24Z;2026-09-24T13:33:35Z;165;;;4962;4969.12;;;4962;7.12;0.14;NORMAL;ACARS;;CONFIRMED;;;false;;;;false;;;;2026-09-28T00:00:00Z;SEED_BURNS_LEDGER;2026-09-28T00:00:00Z;SEED_BURNS_LEDGER
0b450bbe-45d1-50e1-93f2-7eade22cea96;5ebf9c79-6276-5aad-8418-dc8129575c8b;A321;N946JL;N946JL;2026-09-24;10:40:00;2026-09-24T10:48:55Z;2026-09-24T16:42:28Z;354;;;14844;15391.47;;;14844;547.47;3.69;NORMAL;ACARS;;CONFIRMED;;;false;;;;false;;;;2026-09-28T00:00:00Z;SEED_BURNS_LEDGER;2026-09-28T00:00:00Z;SEED_BURNS_LEDGER
cc293d97-2979-5a36-a146-9ea5a076e460;ef3d5f70-3f59-5ab8-81b6-fc58b2f31898;A21N;N4058J;N4058J;2026-09-24;09:55:00;2026-09-24T10:50:10Z;2026-09-24T19:00:44Z;491;;;17041;17080.98;;;17041;39.98;0.23;NORMAL;ACARS;;CONFIRMED;;;false;;;;false;;;;2026-09-28T00:00:00Z;SEED_BURNS_LEDGER;2026-09-28T00:00:00Z;SEED_BURNS_LEDGER
0ca8f313-88b8-5b98-b75a-9faa7fbc5f85;d6780905-3c5f-5d13-b619-1c0c67802f30;A320;N636JB;N636JB;2026-09-24;10:40:00;2026-09-24T10:50:38Z;2026-09-24T13:35:40Z;165;;;5568;5733.19;;;5568;165.19;2.97;NORMAL;ACARS;;CONFIRMED;;;false;;;;false;;;;2026-09-28T00:00:00Z;SEED_BURNS_LEDGER;2026-09-28T00:00:00Z;SEED_BURNS_LEDGER
00adc013-4f78-5465-87e1-996ffdcd547d;dc66dbf2-5f0d-55c9-b819-0bfc2d420e3c;A320;N519JB;N519JB;2026-09-24;10:45:00;2026-09-24T10:51:25Z;2026-09-24T13:53:42Z;182;;;6588;6784.53;;;6588;196.53;2.98;NORMAL;ACARS;;CONFIRMED;;;false;;;;false;;;;2026-09-28T00:00:00Z;SEED_BURNS_LEDGER;2026-09-28T00:00:00Z;SEED_BURNS_LEDGER
b2b87d4f-a772-5a9c-8fbc-a840221f2640;a83a2cd0-88d6-5f44-824e-875d8f64afd1;A223;N3229J;N3229J;2026-09-24;10:30:00;2026-09-24T10:52:12Z;2026-09-24T13:26:46Z;155;;;4106;4183.51;;;4106;77.51;1.89;NORMAL;ACARS;;CONFIRMED;;;false;;;;false;;;;2026-09-28T00:00:00Z;SEED_BURNS_LEDGER;2026-09-28T00:00:00Z;SEED_BURNS_LEDGER
ffc0fc07-a3fb-5b34-9810-b3b471054e63;4452d9b2-cf7a-5424-a378-03e976b0b0df;A320;N554JB;N554JB;2026-09-24;10:45:00;2026-09-24T10:52:29Z;2026-09-24T14:03:29Z;191;;;7268;7099.54;;;7268;-168.46;-2.32;NORMAL;ACARS;;CONFIRMED;;;false;;;;false;;;;2026-09-28T00:00:00Z;SEED_BURNS_LEDGER;2026-09-28T00:00:00Z;SEED_BURNS_LEDGER
ae9bd001-6fd0-520a-87af-8356aa682e4c;99936561-0e16-5e86-886b-efad23dbd1df;A320;N708JB;N708JB;2026-09-24;10:50:00;2026-09-24T10:56:26Z;2026-09-24T14:40:37Z;224;;;8032;8414.82;;;8032;382.82;4.77;NORMAL;ACARS;;CONFIRMED;;;false;;;;false;;;;2026-09-28T00:00:00Z;SEED_BURNS_LEDGER;2026-09-28T00:00:00Z;SEED_BURNS_LEDGER
a881ea97-e479-5505-9aae-f4d4ee65ec28;1d00fd40-38ea-5e37-91c6-59266d3da301;A320;N658JB;N658JB;2026-09-24;10:45:00;2026-09-24T10:56:27Z;2026-09-24T12:14:06Z;78;;;2040;2044.4;;;2040;4.4;0.22;NORMAL;ACARS;;CONFIRMED;;;false;;;;false;;;;2026-09-28T00:00:00Z;SEED_BURNS_LEDGER;2026-09-28T00:00:00Z;SEED_BURNS_LEDGER
c6395839-b246-55e2-ae05-8a13c1c993f4;4beafaac-a6cc-5d00-a7b1-f4365aedf28b;A223;N3023J;N3023J;2026-09-24;10:50:00;2026-09-24T10:57:26Z;2026-09-24T13:54:23Z;177;;;5176;5180.9;;;5176;4.9;0.09;NORMAL;ACARS;;CONFIRMED;;;false;;;;false;;;;2026-09-28T00:00:00Z;SEED_BURNS_LEDGER;2026-09-28T00:00:00Z;SEED_BURNS_LEDGER
e40a2cd5-2540-597f-b17e-f74bae3d1f57;577d5201-cb86-537f-a2bd-8ee5dde82868;A21N;N2156J;N2156J;2026-09-24;10:55:00;2026-09-24T10:57:37Z;2026-09-24T16:43:28Z;346;;;11319;11868.63;;;11319;549.63;4.86;NORMAL;ACARS;;CONFIRMED;;;false;;;;false;;;;2026-09-28T00:00:00Z;SEED_BURNS_LEDGER;2026-09-28T00:00:00Z;SEED_BURNS_LEDGER
26371b05-950c-595d-bc58-d0f02591bbda;5de3e66a-3e93-5f4a-ad21-d5f7ee819975;A223;N3113J;N3113J;2026-09-24;10:55:00;2026-09-24T10:59:44Z;2026-09-24T13:59:51Z;180;;;5176;5495.44;;;5176;319.44;6.17;EXCEEDED;ACARS;;CONFIRMED;;;false;;;;false;;;;2026-09-28T00:00:00Z;SEED_BURNS_LEDGER;2026-09-28T00:00:00Z;SEED_BURNS_LEDGER
d66056e9-0c38-5e82-8f2b-0082a0b0137c;ac942cb2-7799-5d9a-868c-11f76a8b0cdc;A320;N520JB;N520JB;2026-09-24;10:50:00;2026-09-24T10:59:57Z;2026-09-24T13:55:04Z;175;;;6248;6371.05;;;6248;123.05;1.97;NORMAL;ACARS;;CONFIRMED;;;false;;;;false;;;;2026-09-28T00:00:00Z;SEED_BURNS_LEDGER;2026-09-28T00:00:00Z;SEED_BURNS_LEDGER
d5ba420d-7038-5499-a718-fb7410352139;5a09bf69-fa3c-560a-a187-1b9d1ba01e7b;A320;N590JB;N590JB;2026-09-24;10:55:00;2026-09-24T11:01:14Z;2026-09-24T13:10:05Z;129;;;4293;4326.59;;;4293;33.59;0.78;NORMAL;ACARS;;CONFIRMED;;;false;;;;false;;;;2026-09-28T00:00:00Z;SEED_BURNS_LEDGER;2026-09-28T00:00:00Z;SEED_BURNS_LEDGER
ddfcfb93-b68e-563f-b239-2e8e184d8c34;57299ba7-0a0b-522c-82ec-74e72f1f266f;A320;N527JL;N527JL;2026-09-24;10:55:00;2026-09-24T11:03:22Z;2026-09-24T13:52:27Z;169;;;5908;5951.18;;;5908;43.18;0.73;NORMAL;ACARS;;CONFIRMED;;;false;;;;false;;;;2026-09-28T00:00:00Z;SEED_BURNS_LEDGER;2026-09-28T00:00:00Z;SEED_BURNS_LEDGER
29d50160-a118-5c0d-b94f-b5bbfa29c21e;e458f91c-819f-5c08-b46d-e2574369cf9d;A320;N804JB;N804JB;2026-09-24;10:55:00;2026-09-24T11:04:06Z;2026-09-24T13:57:18Z;173;;;6588;6190;;;6588;-398;-6.04;EXCEEDED;ACARS;;CONFIRMED;;;false;;;;false;;;;2026-09-28T00:00:00Z;SEED_BURNS_LEDGER;2026-09-28T00:00:00Z;SEED_BURNS_LEDGER
f1c9948c-013e-5fc5-832c-a93c5e7a223a;4db0834c-d589-5442-b62b-d5a2afb38529;A320;N571JB;N571JB;2026-09-24;11:00:00;2026-09-24T11:05:41Z;2026-09-24T12:25:37Z;80;;;1955;2142.2;;;1955;187.2;9.58;EXCEEDED;ACARS;;CONFIRMED;;;false;;;;false;;;;2026-09-28T00:00:00Z;SEED_BURNS_LEDGER;2026-09-28T00:00:00Z;SEED_BURNS_LEDGER
d1c3d488-2ffc-5476-92ef-2f9efc5e6ccd;73be49a5-dbeb-530c-a228-5776ba384c95;A223;N3145J;N3145J;2026-09-24;11:00:00;2026-09-24T11:07:05Z;2026-09-24T13:43:12Z;156;;;4355;4468.4;;;4355;113.4;2.6;NORMAL;ACARS;;CONFIRMED;;;false;;;;false;;;;2026-09-28T00:00:00Z;SEED_BURNS_LEDGER;2026-09-28T00:00:00Z;SEED_BURNS_LEDGER
dbefff9f-f471-5090-a11e-7a676db41920;daff4e36-9a51-5289-b2bd-fa87615ae1a8;A321;N929JB;N929JB;2026-09-24;11:00:00;2026-09-24T11:07:38Z;2026-09-24T17:08:36Z;361;;;15463;14999.81;;;15463;-463.19;-3;NORMAL;ACARS;;CONFIRMED;;;false;;;;false;;;;2026-09-28T00:00:00Z;SEED_BURNS_LEDGER;2026-09-28T00:00:00Z;SEED_BURNS_LEDGER
7c045b2c-6328-56bb-b112-deb7f65b7baa;3a6c0e77-e5af-566f-8e0a-ae60614f38d2;A223;N3272J;N3272J;2026-09-24;11:00:00;2026-09-24T11:10:18Z;2026-09-24T13:51:09Z;161;;;4748;4762.78;;;4748;14.78;0.31;NORMAL;ACARS;;CONFIRMED;;;false;;;;false;;;;2026-09-28T00:00:00Z;SEED_BURNS_LEDGER;2026-09-28T00:00:00Z;SEED_BURNS_LEDGER
963c709c-0bbd-576a-842e-f3734d68853a;a39fc6cb-43a5-504a-bfb6-4d04a048b41a;A321;N964JT;N964JT;2026-09-24;11:05:00;2026-09-24T11:10:36Z;2026-09-24T16:23:58Z;313;;;13988;14100.43;;;13988;112.43;0.8;NORMAL;ACARS;;CONFIRMED;;;false;;;;false;;;;2026-09-28T00:00:00Z;SEED_BURNS_LEDGER;2026-09-28T00:00:00Z;SEED_BURNS_LEDGER
07583da5-bad9-5698-b87a-92fab4420949;6e072a4c-aab7-57f2-8f49-843abf4e305d;A320;N566JB;N566JB;2026-09-24;11:05:00;2026-09-24T11:12:32Z;2026-09-24T12:26:13Z;74;;;2040;2087.08;;;2040;47.08;2.31;NORMAL;ACARS;;CONFIRMED;;;false;;;;false;;;;2026-09-28T00:00:00Z;SEED_BURNS_LEDGER;2026-09-28T00:00:00Z;SEED_BURNS_LEDGER
970d60d8-71b7-53a4-9c55-f36999fcb387;0f2f287e-6287-5786-860f-a82fb26e3476;A320;N583JB;N583JB;2026-09-24;11:05:00;2026-09-24T11:13:17Z;2026-09-24T14:04:31Z;171;;;5992;5921.96;;;5992;-70.04;-1.17;NORMAL;ACARS;;CONFIRMED;;;false;;;;false;;;;2026-09-28T00:00:00Z;SEED_BURNS_LEDGER;2026-09-28T00:00:00Z;SEED_BURNS_LEDGER
38c632c6-2db1-58f7-85af-86df87c99748;39b8554d-6a60-5635-83ad-308d16e4eae4;A21N;N2142J;N2142J;2026-09-24;11:05:00;2026-09-24T11:14:14Z;2026-09-24T16:29:03Z;315;;;10271;10629.71;;;10271;358.71;3.49;NORMAL;ACARS;;CONFIRMED;;;false;;;;false;;;;2026-09-28T00:00:00Z;SEED_BURNS_LEDGER;2026-09-28T00:00:00Z;SEED_BURNS_LEDGER
a83cd013-a786-524f-9cdf-4459290f5f9b;75c07ad2-7739-555f-be45-d2ed53c573c6;A320;N597JB;N597JB;2026-09-24;11:05:00;2026-09-24T11:14:49Z;2026-09-24T14:09:27Z;175;;;6418;6331.32;;;6418;-86.68;-1.35;NORMAL;ACARS;;CONFIRMED;;;false;;;;false;;;;2026-09-28T00:00:00Z;SEED_BURNS_LEDGER;2026-09-28T00:00:00Z;SEED_BURNS_LEDGER
708243af-fbe1-51c7-a326-059ede774051;ccbb7114-275b-52d9-a756-6574f4bfbff8;A320;N705JB;N705JB;2026-09-24;11:05:00;2026-09-24T11:16:19Z;2026-09-24T13:40:30Z;144;;;5185;5080.38;;;5185;-104.62;-2.02;NORMAL;ACARS;;CONFIRMED;;;false;;;;false;;;;2026-09-28T00:00:00Z;SEED_BURNS_LEDGER;2026-09-28T00:00:00Z;SEED_BURNS_LEDGER
7e656505-956a-5e34-a024-1cccdc9792ca;ae9bccf1-2517-57cf-bb2f-0e9d76dbf478;A223;N3196J;N3196J;2026-09-24;11:15:00;2026-09-24T11:16:27Z;2026-09-24T14:05:23Z;169;;;5141;4757.52;;;5141;-383.48;-7.46;EXCEEDED;ACARS;;CONFIRMED;;;false;;;;false;;;;2026-09-28T00:00:00Z;SEED_BURNS_LEDGER;2026-09-28T00:00:00Z;SEED_BURNS_LEDGER
2974fada-4a8b-5452-83f3-e4017421636a;2d42155e-e734-5f5b-9007-6349cbd098fb;A320;N663JB;N663JB;2026-09-24;11:15:00;2026-09-24T11:20:42Z;2026-09-24T13:50:12Z;150;;;5440;5239.23;;;5440;-200.77;-3.69;NORMAL;ACARS;;CONFIRMED;;;false;;;;false;;;;2026-09-28T00:00:00Z;SEED_BURNS_LEDGER;2026-09-28T00:00:00Z;SEED_BURNS_LEDGER
bfd15111-894a-5b13-bd52-41ff73da9a30;2795afa0-bf75-5dc5-9476-284f53d59aec;A21N;N2188J;N2188J;2026-09-24;11:15:00;2026-09-24T11:21:21Z;2026-09-24T19:04:49Z;463;;;16218;16151.13;;;16218;-66.87;-0.41;NORMAL;ACARS;;CONFIRMED;;;false;;;;false;;;;2026-09-28T00:00:00Z;SEED_BURNS_LEDGER;2026-09-28T00:00:00Z;SEED_BURNS_LEDGER
491fab42-ea06-5cf0-93b2-bf5b5dac84eb;c6b77786-47e2-5feb-80cb-f242e261d3fd;A320;N821JB;N821JB;2026-09-24;10:00:00;2026-09-24T11:23:38Z;2026-09-24T13:56:54Z;153;;;5058;5358.69;;;5058;300.69;5.94;EXCEEDED;ACARS;;CONFIRMED;;;false;;;;false;;;;2026-09-28T00:00:00Z;SEED_BURNS_LEDGER;2026-09-28T00:00:00Z;SEED_BURNS_LEDGER
c4869ebb-ce4d-57b7-980f-cdf792695779;c86f72d5-d8ad-5afc-8394-264353a29050;A320;N665JB;N665JB;2026-09-24;11:20:00;2026-09-24T11:23:53Z;2026-09-24T14:00:56Z;157;;;5058;5279.24;;;5058;221.24;4.37;NORMAL;ACARS;;CONFIRMED;;;false;;;;false;;;;2026-09-28T00:00:00Z;SEED_BURNS_LEDGER;2026-09-28T00:00:00Z;SEED_BURNS_LEDGER
d3ed7345-571c-5842-81a8-e394560be9e0;f0794cfd-b870-5850-810a-8a53b638490e;A321;N907JB;N907JB;2026-09-24;11:25:00;2026-09-24T11:25:42Z;2026-09-24T14:13:13Z;168;;;6324;6588.43;;;6324;264.43;4.18;NORMAL;ACARS;;CONFIRMED;;;false;;;;false;;;;2026-09-28T00:00:00Z;SEED_BURNS_LEDGER;2026-09-28T00:00:00Z;SEED_BURNS_LEDGER
8f7ee878-1467-5c03-b489-babedf9ec904;6daac59d-9cd1-5d87-b2c0-75e5a77259c8;A321;N942JB;N942JB;2026-09-24;11:20:00;2026-09-24T11:25:44Z;2026-09-24T16:19:43Z;294;;;12322;12653.94;;;12322;331.94;2.69;NORMAL;ACARS;;CONFIRMED;;;false;;;;false;;;;2026-09-28T00:00:00Z;SEED_BURNS_LEDGER;2026-09-28T00:00:00Z;SEED_BURNS_LEDGER
004ab0e1-fe8d-5141-bc5b-c06272a0408d;eaed9e03-3be1-5318-ab47-f817c255605e;A320;N649JB;N649JB;2026-09-24;11:20:00;2026-09-24T11:26:17Z;2026-09-24T13:50:37Z;144;;;5270;5007.01;;;5270;-262.99;-4.99;NORMAL;ACARS;;CONFIRMED;;;false;;;;false;;;;2026-09-28T00:00:00Z;SEED_BURNS_LEDGER;2026-09-28T00:00:00Z;SEED_BURNS_LEDGER
9d6fdb7a-b336-5577-bf5c-763918f9f04d;ac8d8169-a091-59ef-8b0e-67874545cba6;A320;N535JB;N535JB;2026-09-24;10:25:00;2026-09-24T11:27:58Z;2026-09-24T14:00:07Z;152;;;5015;5203.31;;;5015;188.31;3.75;NORMAL;ACARS;;CONFIRMED;;;false;;;;false;;;;2026-09-28T00:00:00Z;SEED_BURNS_LEDGER;2026-09-28T00:00:00Z;SEED_BURNS_LEDGER
7659e13f-89b1-51d8-b2ae-754f89f21f53;8361e476-59ba-5e30-9460-ee1a8c640b31;A21N;N4048J;N4048J;2026-09-24;11:20:00;2026-09-24T11:29:56Z;2026-09-24T19:23:35Z;474;;;17303;16243.61;;;17303;-1059.39;-6.12;EXCEEDED;ACARS;;CONFIRMED;;;false;;;;false;;;;2026-09-28T00:00:00Z;SEED_BURNS_LEDGER;2026-09-28T00:00:00Z;SEED_BURNS_LEDGER
487e071e-a69b-5579-aa1c-c49155af1f09;8e65ddf8-bc53-50f5-b4da-ce9f7f3e27e9;A21N;N4083J;N4083J;2026-09-24;11:10:00;2026-09-24T11:32:07Z;2026-09-24T19:53:54Z;502;;;17190;17424.7;;;17190;234.7;1.37;NORMAL;ACARS;;CONFIRMED;;;false;;;;false;;;;2026-09-28T00:00:00Z;SEED_BURNS_LEDGER;2026-09-28T00:00:00Z;SEED_BURNS_LEDGER
fcc2d20e-8e08-5383-b6c1-2e3835218988;41cd4014-b80a-520e-bb92-217573c0a219;A320;N653JB;N653JB;2026-09-24;11:25:00;2026-09-24T11:33:21Z;2026-09-24T13:42:50Z;129;;;4335;4223.56;;;4335;-111.44;-2.57;NORMAL;ACARS;;CONFIRMED;;;false;;;;false;;;;2026-09-28T00:00:00Z;SEED_BURNS_LEDGER;2026-09-28T00:00:00Z;SEED_BURNS_LEDGER
7ab338d0-2b05-5770-9cb5-40bfde6ac13d;5519da2f-5e36-592d-8820-74952870b8ba;A223;N3142J;N3142J;2026-09-24;11:35:00;2026-09-24T11:38:21Z;2026-09-24T14:25:41Z;167;;;5141;4817.41;;;5141;-323.59;-6.29;EXCEEDED;ACARS;;CONFIRMED;;;false;;;;false;;;;2026-09-28T00:00:00Z;SEED_BURNS_LEDGER;2026-09-28T00:00:00Z;SEED_BURNS_LEDGER
051275c6-c407-57aa-aabb-07b9d0240fa8;73eac16b-aac9-5c81-a660-25060788b172;A320;N521JB;N521JB;2026-09-24;11:35:00;2026-09-24T11:39:27Z;2026-09-24T15:46:28Z;247;;;9392;9001.14;;;9392;-390.86;-4.16;NORMAL;ACARS;;CONFIRMED;;;false;;;;false;;;;2026-09-28T00:00:00Z;SEED_BURNS_LEDGER;2026-09-28T00:00:00Z;SEED_BURNS_LEDGER
3af477b1-d2ee-5923-9420-f1b6a28fdbeb;77356f5e-c7f8-58ff-9009-9af92dbacc01;A223;N3267J;N3267J;2026-09-24;11:35:00;2026-09-24T11:41:28Z;2026-09-24T14:19:56Z;158;;;4355;4502.59;;;4355;147.59;3.39;NORMAL;ACARS;;CONFIRMED;;;false;;;;false;;;;2026-09-28T00:00:00Z;SEED_BURNS_LEDGER;2026-09-28T00:00:00Z;SEED_BURNS_LEDGER
495d04c4-23b5-5559-a4e7-823105863c97;163b6835-a169-5416-a502-57963a9a9e08;A320;N629JB;N629JB;2026-09-24;11:30:00;2026-09-24T11:41:49Z;2026-09-24T14:06:11Z;144;;;4760;4885.87;;;4760;125.87;2.64;NORMAL;ACARS;;CONFIRMED;;;false;;;;false;;;;2026-09-28T00:00:00Z;SEED_BURNS_LEDGER;2026-09-28T00:00:00Z;SEED_BURNS_LEDGER
6d9748c4-82a8-5da2-ab4d-dc80eb71e939;bf38e393-c188-5663-88c1-0fb09859f4da;A223;N3162J;N3162J;2026-09-24;11:35:00;2026-09-24T11:44:06Z;2026-09-24T13:45:48Z;122;;;3463;3277.68;;;3463;-185.32;-5.35;EXCEEDED;ACARS;;CONFIRMED;;;false;;;;false;;;;2026-09-28T00:00:00Z;SEED_BURNS_LEDGER;2026-09-28T00:00:00Z;SEED_BURNS_LEDGER
529904de-8ea9-5d8b-aff1-b2d5650c1cd6;4cb59588-aa97-5034-8eb3-b1e88180060c;A223;N3241J;N3241J;2026-09-24;11:45:00;2026-09-24T11:46:10Z;2026-09-24T13:44:34Z;118;;;3070;3274.4;;;3070;204.4;6.66;EXCEEDED;ACARS;;CONFIRMED;;;false;;;;false;;;;2026-09-28T00:00:00Z;SEED_BURNS_LEDGER;2026-09-28T00:00:00Z;SEED_BURNS_LEDGER
2a0285ac-be2f-5b24-893a-22dd549583de;087f0d75-36dd-590d-8614-ed02954a4514;A223;N3310J;N3310J;2026-09-24;11:40:00;2026-09-24T11:46:36Z;2026-09-24T13:37:53Z;111;;;2820;2864.42;;;2820;44.42;1.58;NORMAL;ACARS;;CONFIRMED;;;false;;;;false;;;;2026-09-28T00:00:00Z;SEED_BURNS_LEDGER;2026-09-28T00:00:00Z;SEED_BURNS_LEDGER
6d6a70b3-5af3-54c9-954a-34d751fca7fc;a8f22411-1f9f-52e2-af98-caca9df8cfd3;A320;N796JB;N796JB;2026-09-24;11:40:00;2026-09-24T11:48:07Z;2026-09-24T14:38:52Z;171;;;6120;6025.64;;;6120;-94.36;-1.54;NORMAL;ACARS;;CONFIRMED;;;false;;;;false;;;;2026-09-28T00:00:00Z;SEED_BURNS_LEDGER;2026-09-28T00:00:00Z;SEED_BURNS_LEDGER
9de64e8f-ce3b-519b-9225-2a916a8335d9;b03018ba-ae42-5587-8c11-1d859fc9da3b;A223;N3298J;N3298J;2026-09-24;11:35:00;2026-09-24T11:48:13Z;2026-09-24T13:25:19Z;97;;;2142;2255.97;;;2142;113.97;5.32;EXCEEDED;ACARS;;CONFIRMED;;;false;;;;false;;;;2026-09-28T00:00:00Z;SEED_BURNS_LEDGER;2026-09-28T00:00:00Z;SEED_BURNS_LEDGER
6e758dca-79f8-5700-acf8-6cb30e7a08d6;71d3bfc2-a70a-57b5-ac92-becf751b291a;A223;N3085J;N3085J;2026-09-24;11:45:00;2026-09-24T11:48:43Z;2026-09-24T14:37:59Z;169;;;5034;4853.1;;;5034;-180.9;-3.59;NORMAL;ACARS;;CONFIRMED;;;false;;;;false;;;;2026-09-28T00:00:00Z;SEED_BURNS_LEDGER;2026-09-28T00:00:00Z;SEED_BURNS_LEDGER
17ae9475-e764-5405-95ac-93bf57f57b7f;fd374530-0af8-599b-b3ba-02db91ee9f7d;A223;N3291J;N3291J;2026-09-24;10:50:00;2026-09-24T11:50:01Z;2026-09-24T15:26:54Z;217;;;6248;6622;;;6248;374;5.99;EXCEEDED;ACARS;;CONFIRMED;;;false;;;;false;;;;2026-09-28T00:00:00Z;SEED_BURNS_LEDGER;2026-09-28T00:00:00Z;SEED_BURNS_LEDGER
577fbb19-24b3-5ffa-a098-7d9b6cec58f7;3ac0233e-7ca8-5f68-b641-ea0dd1dc0fd4;A223;N3169J;N3169J;2026-09-24;11:45:00;2026-09-24T11:50:14Z;2026-09-24T15:46:04Z;236;;;7568;7176.91;;;7568;-391.09;-5.17;EXCEEDED;ACARS;;CONFIRMED;;;false;;;;false;;;;2026-09-28T00:00:00Z;SEED_BURNS_LEDGER;2026-09-28T00:00:00Z;SEED_BURNS_LEDGER
1d23d16b-20e4-52b8-b4b6-8ae4c7808c70;106e11b4-db5f-5882-9fce-329a954ee3ff;A320;N661JB;N661JB;2026-09-24;11:40:00;2026-09-24T11:50:33Z;2026-09-24T14:00:27Z;130;;;4590;4529.75;;;4590;-60.25;-1.31;NORMAL;ACARS;;CONFIRMED;;;false;;;;false;;;;2026-09-28T00:00:00Z;SEED_BURNS_LEDGER;2026-09-28T00:00:00Z;SEED_BURNS_LEDGER
fe9e77e1-e341-53a4-b081-b12fc5a368e1;50be08f7-0c0f-57e6-a20b-48e66c34553c;A223;N3065J;N3065J;2026-09-24;11:50:00;2026-09-24T11:54:14Z;2026-09-24T13:33:14Z;99;;;2285;2389.41;;;2285;104.41;4.57;NORMAL;ACARS;;CONFIRMED;;;false;;;;false;;;;2026-09-28T00:00:00Z;SEED_BURNS_LEDGER;2026-09-28T00:00:00Z;SEED_BURNS_LEDGER
2379bc0c-c2ed-5560-9f76-40d6603f964d;a4847802-41b8-50a2-af9f-c956e5319e52;A320;N615JB;N615JB;2026-09-24;11:50:00;2026-09-24T11:54:56Z;2026-09-24T13:47:07Z;112;;;3782;3785.39;;;3782;3.39;0.09;NORMAL;ACARS;;CONFIRMED;;;false;;;;false;;;;2026-09-28T00:00:00Z;SEED_BURNS_LEDGER;2026-09-28T00:00:00Z;SEED_BURNS_LEDGER
482ec78f-5b7b-5f4b-a1c0-1926fee73d89;e33766a1-03c0-540f-bc42-c3c6b754acd3;A21N;N2157J;N2157J;2026-09-24;11:50:00;2026-09-24T11:57:57Z;2026-09-24T18:28:54Z;391;;;13450;13015.24;;;13450;-434.76;-3.23;NORMAL;ACARS;;CONFIRMED;;;false;;;;false;;;;2026-09-28T00:00:00Z;SEED_BURNS_LEDGER;2026-09-28T00:00:00Z;SEED_BURNS_LEDGER
ee8b567b-472d-59f9-a0b8-39d1f7cb7ba7;7994d74f-47ae-589f-b239-5402478fe53e;A321;N998JE;N998JE;2026-09-24;11:50:00;2026-09-24T11:59:38Z;2026-09-24T15:15:47Z;196;;;7895;8032.54;;;7895;137.54;1.74;NORMAL;ACARS;;CONFIRMED;;;false;;;;false;;;;2026-09-28T00:00:00Z;SEED_BURNS_LEDGER;2026-09-28T00:00:00Z;SEED_BURNS_LEDGER
d993bcc9-ec6e-5073-a962-d49252e3021a;01d67fa3-ed04-5374-9c51-1db9362e5f2f;A320;N646JB;N646JB;2026-09-24;11:50:00;2026-09-24T12:00:10Z;2026-09-24T14:50:33Z;170;;;6248;6025.86;;;6248;-222.14;-3.56;NORMAL;ACARS;;CONFIRMED;;;false;;;;false;;;;2026-09-28T00:00:00Z;SEED_BURNS_LEDGER;2026-09-28T00:00:00Z;SEED_BURNS_LEDGER
980b7f93-e2e9-5252-bcd9-a60e1dcafb36;fccd6575-4e96-5640-8fed-8abe85d61eb8;A320;N643JB;N643JB;2026-09-24;11:50:00;2026-09-24T12:03:50Z;2026-09-24T15:04:10Z;180;;;5992;6249.55;;;5992;257.55;4.3;NORMAL;ACARS;;CONFIRMED;;;false;;;;false;;;;2026-09-28T00:00:00Z;SEED_BURNS_LEDGER;2026-09-28T00:00:00Z;SEED_BURNS_LEDGER
3cd75342-98cd-5925-9b6e-2885a2dac727;f95fa558-0d38-56d1-8f30-91fd9b6e3171;A223;N3112J;N3112J;2026-09-24;12:00:00;2026-09-24T12:03:54Z;2026-09-24T14:23:56Z;140;;;4034;3986.81;;;4034;-47.19;-1.17;NORMAL;ACARS;;CONFIRMED;;;false;;;;false;;;;2026-09-28T00:00:00Z;SEED_BURNS_LEDGER;2026-09-28T00:00:00Z;SEED_BURNS_LEDGER
bb8f2868-d4b0-5c8b-a452-70894cb4daf0;3bc15e16-6e32-50ce-8481-6cf9ac09e727;A320;N623JB;N623JB;2026-09-24;10:45:00;2026-09-24T12:04:56Z;2026-09-24T16:06:08Z;241;;;8882;9287.94;;;8882;405.94;4.57;NORMAL;ACARS;;CONFIRMED;;;false;;;;false;;;;2026-09-28T00:00:00Z;SEED_BURNS_LEDGER;2026-09-28T00:00:00Z;SEED_BURNS_LEDGER
103cb082-ca15-5166-b649-dddfd955351f;9e2190b9-6193-518f-af9e-674fbbd46361;A321;N978JB;N978JB;2026-09-24;11:55:00;2026-09-24T12:05:09Z;2026-09-24T13:11:28Z;66;;;1421;1837.62;;;1421;416.62;29.32;EXCEEDED;ACARS;;CONFIRMED;;;false;;;;false;;;;2026-09-28T00:00:00Z;SEED_BURNS_LEDGER;2026-09-28T00:00:00Z;SEED_BURNS_LEDGER
a08f2288-8647-5bf2-8dd5-dce77597be18;8908b0b6-37f8-5471-8da2-02f6474cead6;A223;N3293J;N3293J;2026-09-24;12:05:00;2026-09-24T12:09:15Z;2026-09-24T14:18:29Z;129;;;3392;3482.96;;;3392;90.96;2.68;NORMAL;ACARS;;CONFIRMED;;;false;;;;false;;;;2026-09-28T00:00:00Z;SEED_BURNS_LEDGER;2026-09-28T00:00:00Z;SEED_BURNS_LEDGER
7e049aff-38c3-5a31-9677-8081d6295aa0;73599166-cbbd-5c6b-8dd2-0271a32ea4a3;A320;N638JB;N638JB;2026-09-24;12:05:00;2026-09-24T12:10:00Z;2026-09-24T14:43:57Z;154;;;5312;5464.01;;;5312;152.01;2.86;NORMAL;ACARS;;CONFIRMED;;;false;;;;false;;;;2026-09-28T00:00:00Z;SEED_BURNS_LEDGER;2026-09-28T00:00:00Z;SEED_BURNS_LEDGER
23a613ef-c52a-51cd-8ec3-53e6b5b5e765;60c6db66-c712-591c-94bf-d14108140cbb;A320;N524JB;N524JB;2026-09-24;11:50:00;2026-09-24T12:15:04Z;2026-09-24T14:46:57Z;152;;;5270;5501.22;;;5270;231.22;4.39;NORMAL;ACARS;;CONFIRMED;;;false;;;;false;;;;2026-09-28T00:00:00Z;SEED_BURNS_LEDGER;2026-09-28T00:00:00Z;SEED_BURNS_LEDGER
eaac907d-28e9-5277-928c-2829611d3b80;314a262b-1fa3-5d3a-91ba-4772a61abd41;A320;N632JB;N632JB;2026-09-24;12:10:00;2026-09-24T12:18:49Z;2026-09-24T16:06:40Z;228;;;8542;8762.73;;;8542;220.73;2.58;NORMAL;ACARS;;CONFIRMED;;;false;;;;false;;;;2026-09-28T00:00:00Z;SEED_BURNS_LEDGER;2026-09-28T00:00:00Z;SEED_BURNS_LEDGER
9f711761-343b-5c81-a087-200899a9c6e7;cfe22964-5009-5fff-9bab-e6a44c7966d7;A320;N529JB;N529JB;2026-09-24;12:10:00;2026-09-24T12:20:13Z;2026-09-24T15:39:57Z;200;;;6842;7055.06;;;6842;213.06;3.11;NORMAL;ACARS;;CONFIRMED;;;false;;;;false;;;;2026-09-28T00:00:00Z;SEED_BURNS_LEDGER;2026-09-28T00:00:00Z;SEED_BURNS_LEDGER
3c01412d-d563-58ff-8894-922e044c3b62;1b8cfdc5-7b26-5431-a3f6-345387adf837;A320;N651JB;N651JB;2026-09-24;12:20:00;2026-09-24T12:21:45Z;2026-09-24T14:24:48Z;123;;;4420;4212.19;;;4420;-207.81;-4.7;NORMAL;ACARS;;CONFIRMED;;;false;;;;false;;;;2026-09-28T00:00:00Z;SEED_BURNS_LEDGER;2026-09-28T00:00:00Z;SEED_BURNS_LEDGER
ea7228ca-a0ed-5fe0-9c1b-d82e13de3e69;d606d1d0-f45a-5379-9ffa-f3db2b89e226;A321;N989JT;N989JT;2026-09-24;12:20:00;2026-09-24T12:22:07Z;2026-09-24T18:29:26Z;367;;;15511;15464.88;;;15511;-46.12;-0.3;NORMAL;ACARS;;CONFIRMED;;;false;;;;false;;;;2026-09-28T00:00:00Z;SEED_BURNS_LEDGER;2026-09-28T00:00:00Z;SEED_BURNS_LEDGER
ad3d9e1b-535a-587a-b579-fe5d100af58e;5aefe42d-5ead-553b-9372-14e35d77b934;A223;N3260J;N3260J;2026-09-24;12:20:00;2026-09-24T12:23:56Z;2026-09-24T14:57:06Z;153;;;3998;4344.45;;;3998;346.45;8.67;EXCEEDED;ACARS;;CONFIRMED;;;false;;;;false;;;;2026-09-28T00:00:00Z;SEED_BURNS_LEDGER;2026-09-28T00:00:00Z;SEED_BURNS_LEDGER
a0aa40e1-9593-57a7-8131-542669d43245;a7a3bfc9-d38e-50af-8814-ea4dbbb58897;A320;N784JB;N784JB;2026-09-24;12:20:00;2026-09-24T12:24:33Z;2026-09-24T15:23:56Z;179;;;6885;6477.43;;;6885;-407.57;-5.92;EXCEEDED;ACARS;;CONFIRMED;;;false;;;;false;;;;2026-09-28T00:00:00Z;SEED_BURNS_LEDGER;2026-09-28T00:00:00Z;SEED_BURNS_LEDGER
2e106c67-2feb-566f-b431-aa77fb3aabdb;f7123de4-03d6-564f-976e-388f3137ae18;A320;N794JB;N794JB;2026-09-24;12:20:00;2026-09-24T12:25:51Z;2026-09-24T15:18:15Z;172;;;6120;6381.91;;;6120;261.91;4.28;NORMAL;ACARS;;CONFIRMED;;;false;;;;false;;;;2026-09-28T00:00:00Z;SEED_BURNS_LEDGER;2026-09-28T00:00:00Z;SEED_BURNS_LEDGER
65fe5259-3395-5771-afe3-481f00b9c12d;9e4180b1-c62f-523d-a668-6d6e05d76d85;A223;N3077J;N3077J;2026-09-24;12:20:00;2026-09-24T12:28:05Z;2026-09-24T14:35:04Z;127;;;3356;3367.39;;;3356;11.39;0.34;NORMAL;ACARS;;CONFIRMED;;;false;;;;false;;;;2026-09-28T00:00:00Z;SEED_BURNS_LEDGER;2026-09-28T00:00:00Z;SEED_BURNS_LEDGER
5c81a0e2-afd5-5500-a74d-203197d4f264;3fc93e8b-03ec-5533-b528-5902df0214f5;A320;N564JB;N564JB;2026-09-24;12:25:00;2026-09-24T12:28:11Z;2026-09-24T13:35:24Z;67;;;1658;1755.62;;;1658;97.62;5.89;EXCEEDED;ACARS;;CONFIRMED;;;false;;;;false;;;;2026-09-28T00:00:00Z;SEED_BURNS_LEDGER;2026-09-28T00:00:00Z;SEED_BURNS_LEDGER
e52f9eb2-eb9b-51bf-add2-c898aecea64b;7b67a2f1-be21-53a0-81d8-be44f2394ec9;A320;N760JB;N760JB;2026-09-24;12:25:00;2026-09-24T12:29:05Z;2026-09-24T15:24:43Z;176;;;6035;6333.99;;;6035;298.99;4.95;NORMAL;ACARS;;CONFIRMED;;;false;;;;false;;;;2026-09-28T00:00:00Z;SEED_BURNS_LEDGER;2026-09-28T00:00:00Z;SEED_BURNS_LEDGER
05ae8e90-9773-5d5c-bf49-707a69991a48;ee62cb91-5983-5859-9ee9-26f53d6dba9a;A321;N979JT;N979JT;2026-09-24;12:20:00;2026-09-24T12:31:54Z;2026-09-24T18:13:19Z;341;;;14844;14509.51;;;14844;-334.49;-2.25;NORMAL;ACARS;;CONFIRMED;;;false;;;;false;;;;2026-09-28T00:00:00Z;SEED_BURNS_LEDGER;2026-09-28T00:00:00Z;SEED_BURNS_LEDGER
56e463ed-a2d2-5751-849b-f770446acea0;332491de-6f8e-5826-9e39-bada4ef58449;A223;N3296J;N3296J;2026-09-24;12:30:00;2026-09-24T12:32:16Z;2026-09-24T14:27:57Z;116;;;2927;2942.83;;;2927;15.83;0.54;NORMAL;ACARS;;CONFIRMED;;;false;;;;false;;;;2026-09-28T00:00:00Z;SEED_BURNS_LEDGER;2026-09-28T00:00:00Z;SEED_BURNS_LEDGER
f6077e24-d997-5e7b-905d-52ea3cb5d005;56495e08-e10d-52d9-8470-4af1d734cb43;A223;N3307J;N3307J;2026-09-24;12:20:00;2026-09-24T12:32:39Z;2026-09-24T14:52:31Z;140;;;3499;3773.26;;;3499;274.26;7.84;EXCEEDED;ACARS;;CONFIRMED;;;false;;;;false;;;;2026-09-28T00:00:00Z;SEED_BURNS_LEDGER;2026-09-28T00:00:00Z;SEED_BURNS_LEDGER
5dccfd7c-4c4f-5caa-b797-2a64192af2bc;c1efed74-f22d-5ecc-a7df-35bba62be2d0;A320;N706JB;N706JB;2026-09-24;12:30:00;2026-09-24T12:38:22Z;2026-09-24T14:25:32Z;107;;;3740;3524.63;;;3740;-215.37;-5.76;EXCEEDED;ACARS;;CONFIRMED;;;false;;;;false;;;;2026-09-28T00:00:00Z;SEED_BURNS_LEDGER;2026-09-28T00:00:00Z;SEED_BURNS_LEDGER
1bacec3a-d678-5cdd-b731-646fade06a7b;2a26a476-bd0f-5460-8278-21f0da48143f;A21N;N4022J;N4022J;2026-09-24;12:35:00;2026-09-24T12:41:28Z;2026-09-24T19:38:49Z;417;;;14872;14155.39;;;14872;-716.61;-4.82;NORMAL;ACARS;;CONFIRMED;;;false;;;;false;;;;2026-09-28T00:00:00Z;SEED_BURNS_LEDGER;2026-09-28T00:00:00Z;SEED_BURNS_LEDGER
94242d16-4bf3-57d4-a86e-d3036daff64e;c2523133-d85d-59a7-a92b-800d09dcd857;A223;N3195J;N3195J;2026-09-24;12:35:00;2026-09-24T12:42:42Z;2026-09-24T13:38:10Z;55;;;1000;1044.1;;;1000;44.1;4.41;NORMAL;ACARS;;CONFIRMED;;;false;;;;false;;;;2026-09-28T00:00:00Z;SEED_BURNS_LEDGER;2026-09-28T00:00:00Z;SEED_BURNS_LEDGER
abf2dab4-c749-53f6-a749-b7cf4c31e576;a5b209e2-f6b0-507a-876d-4ecd83805b03;A223;N3284J;N3284J;2026-09-24;12:40:00;2026-09-24T12:43:42Z;2026-09-24T14:35:11Z;111;;;2570;2752.15;;;2570;182.15;7.09;EXCEEDED;ACARS;;CONFIRMED;;;false;;;;false;;;;2026-09-28T00:00:00Z;SEED_BURNS_LEDGER;2026-09-28T00:00:00Z;SEED_BURNS_LEDGER
89cfc13c-bc07-5e46-9da6-802fbe122784;d59fb72b-b1a6-5506-b83f-d0b4c7f48aa1;A321;N991JT;N991JT;2026-09-24;12:40:00;2026-09-24T12:44:46Z;2026-09-24T18:14:16Z;330;;;14559;13880.35;;;14559;-678.65;-4.66;NORMAL;ACARS;;CONFIRMED;;;false;;;;false;;;;2026-09-28T00:00:00Z;SEED_BURNS_LEDGER;2026-09-28T00:00:00Z;SEED_BURNS_LEDGER
8b7ff3fb-d284-56e5-8ebc-0761aac669c8;6b8f8974-0598-5073-9433-284ad8692d85;A223;N3322J;N3322J;2026-09-24;12:35:00;2026-09-24T12:45:35Z;2026-09-24T15:20:03Z;154;;;4070;4282.79;;;4070;212.79;5.23;EXCEEDED;ACARS;;CONFIRMED;;;false;;;;false;;;;2026-09-28T00:00:00Z;SEED_BURNS_LEDGER;2026-09-28T00:00:00Z;SEED_BURNS_LEDGER
02a48ec9-5abf-5a71-b884-d48d3c9db2a0;b11c38e1-25b7-52ec-ad96-d22b277d49ce;A321;N968JT;N968JT;2026-09-24;12:45:00;2026-09-24T12:46:09Z;2026-09-24T18:26:03Z;340;;;14464;14398.47;;;14464;-65.53;-0.45;NORMAL;ACARS;;CONFIRMED;;;false;;;;false;;;;2026-09-28T00:00:00Z;SEED_BURNS_LEDGER;2026-09-28T00:00:00Z;SEED_BURNS_LEDGER
c7f6ae0f-63ca-5036-a1da-c2747081fde1;f099d850-a7fe-5912-8d48-0b3ddfc606ca;A320;N531JL;N531JL;2026-09-24;12:40:00;2026-09-24T12:47:22Z;2026-09-24T13:44:23Z;57;;;1233;1337.97;;;1233;104.97;8.51;EXCEEDED;ACARS;;CONFIRMED;;;false;;;;false;;;;2026-09-28T00:00:00Z;SEED_BURNS_LEDGER;2026-09-28T00:00:00Z;SEED_BURNS_LEDGER
7d01e61c-d7a1-51f5-b2ec-5e678680495a;d77711dc-cf34-5c13-a81a-6c08f28587db;A321;N958JB;N958JB;2026-09-24;12:40:00;2026-09-24T12:50:02Z;2026-09-24T15:37:51Z;168;;;6800;6845.95;;;6800;45.95;0.68;NORMAL;ACARS;;CONFIRMED;;;false;;;;false;;;;2026-09-28T00:00:00Z;SEED_BURNS_LEDGER;2026-09-28T00:00:00Z;SEED_BURNS_LEDGER
9a9492a4-4ec1-5ced-bf3d-0a2d43b10ac8;88d209d7-ee53-535c-bfbd-f5c2b80dc1af;A320;N637JB;N637JB;2026-09-24;12:50:00;2026-09-24T12:50:24Z;2026-09-24T14:17:02Z;87;;;2295;2497.35;;;2295;202.35;8.82;EXCEEDED;ACARS;;CONFIRMED;;;false;;;;false;;;;2026-09-28T00:00:00Z;SEED_BURNS_LEDGER;2026-09-28T00:00:00Z;SEED_BURNS_LEDGER
bcfe5810-a0ec-5e9b-a837-23da8adb6456;559239ca-47fb-58e7-a2cc-9fefe72ac661;A320;N595JB;N595JB;2026-09-24;12:45:00;2026-09-24T12:51:22Z;2026-09-24T14:38:17Z;107;;;3358;3223.59;;;3358;-134.41;-4;NORMAL;ACARS;;CONFIRMED;;;false;;;;false;;;;2026-09-28T00:00:00Z;SEED_BURNS_LEDGER;2026-09-28T00:00:00Z;SEED_BURNS_LEDGER
5a786a53-5004-52e4-8341-a7821c61999c;b4f8be43-cefe-5a54-ba17-4c813066f123;A223;N3232J;N3232J;2026-09-24;12:50:00;2026-09-24T12:54:53Z;2026-09-24T14:37:12Z;102;;;2535;2659.28;;;2535;124.28;4.9;NORMAL;ACARS;;CONFIRMED;;;false;;;;false;;;;2026-09-28T00:00:00Z;SEED_BURNS_LEDGER;2026-09-28T00:00:00Z;SEED_BURNS_LEDGER
df54c541-b085-522d-9ecb-1964e1a508a1;a164dd0f-233b-5a58-b6f8-a6fba6793383;A321;N993JE;N993JE;2026-09-24;12:50:00;2026-09-24T12:55:40Z;2026-09-24T17:47:53Z;292;;;12893;12691.35;;;12893;-201.65;-1.56;NORMAL;ACARS;;CONFIRMED;;;false;;;;false;;;;2026-09-28T00:00:00Z;SEED_BURNS_LEDGER;2026-09-28T00:00:00Z;SEED_BURNS_LEDGER
7630600f-212c-5a37-bb07-9ffa9e9be5ca;98999b62-f9fc-5687-b727-08513352c114;A320;N612JB;N612JB;2026-09-24;12:45:00;2026-09-24T12:55:56Z;2026-09-24T15:26:25Z;150;;;5185;5363.34;;;5185;178.34;3.44;NORMAL;ACARS;;CONFIRMED;;;false;;;;false;;;;2026-09-28T00:00:00Z;SEED_BURNS_LEDGER;2026-09-28T00:00:00Z;SEED_BURNS_LEDGER
b14798b0-34b5-5d43-8a01-466579345bbe;1dad8e7a-b456-5de3-8167-a7da14f1ee2e;A21N;N2047J;N2047J;2026-09-24;11:30:00;2026-09-24T12:58:19Z;2026-09-24T18:02:08Z;304;;;10159;9994.23;;;10159;-164.77;-1.62;NORMAL;ACARS;;CONFIRMED;;;false;;;;false;;;;2026-09-28T00:00:00Z;SEED_BURNS_LEDGER;2026-09-28T00:00:00Z;SEED_BURNS_LEDGER
380f5737-9fbd-5ec5-a602-63827061c663;1268dc8a-1d78-55cb-bae0-a46b2b55a2b7;A320;N599JB;N599JB;2026-09-24;12:55:00;2026-09-24T13:00:14Z;2026-09-24T15:59:17Z;179;;;6248;6582.29;;;6248;334.29;5.35;EXCEEDED;ACARS;;CONFIRMED;;;false;;;;false;;;;2026-09-28T00:00:00Z;SEED_BURNS_LEDGER;2026-09-28T00:00:00Z;SEED_BURNS_LEDGER
920af544-f1c1-572a-bba9-ce5433eba3cd;55e9bfbe-3050-5f58-9710-b63033bfae43;A320;N523JB;N523JB;2026-09-24;13:00:00;2026-09-24T13:01:44Z;2026-09-24T15:32:21Z;151;;;5525;5288.86;;;5525;-236.14;-4.27;NORMAL;ACARS;;CONFIRMED;;;false;;;;false;;;;2026-09-28T00:00:00Z;SEED_BURNS_LEDGER;2026-09-28T00:00:00Z;SEED_BURNS_LEDGER
21d4b9a3-eede-506c-9263-a5f322af234c;2be6d4f2-404e-5261-8f46-2bea755ba1f1;A223;N3194J;N3194J;2026-09-24;12:55:00;2026-09-24T13:03:34Z;2026-09-24T14:49:10Z;106;;;2785;2862.79;;;2785;77.79;2.79;NORMAL;ACARS;;CONFIRMED;;;false;;;;false;;;;2026-09-28T00:00:00Z;SEED_BURNS_LEDGER;2026-09-28T00:00:00Z;SEED_BURNS_LEDGER
f1d3d4b3-974b-576c-9390-130d8a64c54f;55b49c40-41af-5e73-911f-b43db8894146;A223;N3139J;N3139J;2026-09-24;13:00:00;2026-09-24T13:05:43Z;2026-09-24T14:18:50Z;73;;;1285;1470.11;;;1285;185.11;14.41;EXCEEDED;ACARS;;CONFIRMED;;;false;;;;false;;;;2026-09-28T00:00:00Z;SEED_BURNS_LEDGER;2026-09-28T00:00:00Z;SEED_BURNS_LEDGER
649bdd7e-b1ca-5eaa-95eb-e24dbed10cfc;7ec7d3fe-6a0a-507f-bf99-1a51de624b0a;A223;N3157J;N3157J;2026-09-24;13:05:00;2026-09-24T13:09:51Z;2026-09-24T17:25:29Z;256;;;8247;8157.2;;;8247;-89.8;-1.09;NORMAL;ACARS;;CONFIRMED;;;false;;;;false;;;;2026-09-28T00:00:00Z;SEED_BURNS_LEDGER;2026-09-28T00:00:00Z;SEED_BURNS_LEDGER
d712ed3f-45c7-57a5-9104-dd682adcef5e;8beb2509-fe3d-5024-887e-8d3199ef9053;A223;N3121J;N3121J;2026-09-24;13:05:00;2026-09-24T13:11:26Z;2026-09-24T14:40:31Z;89;;;2213;2210.69;;;2213;-2.31;-0.1;NORMAL;ACARS;;CONFIRMED;;;false;;;;false;;;;2026-09-28T00:00:00Z;SEED_BURNS_LEDGER;2026-09-28T00:00:00Z;SEED_BURNS_LEDGER
ef28059e-2f0c-5247-8064-0745a74afe83;936e91fa-fcd2-5867-8455-e4a24119c030;A223;N3242J;N3242J;2026-09-24;13:05:00;2026-09-24T13:13:49Z;2026-09-24T15:56:33Z;163;;;4712;4566.85;;;4712;-145.15;-3.08;NORMAL;ACARS;;CONFIRMED;;;false;;;;false;;;;2026-09-28T00:00:00Z;SEED_BURNS_LEDGER;2026-09-28T00:00:00Z;SEED_BURNS_LEDGER
8403b6a2-38d9-597b-b83d-129a99f91a24;c543b2fd-197b-5653-8431-c0d2a27dfd21;A321;N984JB;N984JB;2026-09-24;13:05:00;2026-09-24T13:15:46Z;2026-09-24T19:16:31Z;361;;;15511;15023.8;;;15511;-487.2;-3.14;NORMAL;ACARS;;CONFIRMED;;;false;;;;false;;;;2026-09-28T00:00:00Z;SEED_BURNS_LEDGER;2026-09-28T00:00:00Z;SEED_BURNS_LEDGER
b370bc80-6575-5307-b9d3-495816db5763;a66ebd54-f65a-5239-9f58-80e4035abf0a;A320;N505JB;N505JB;2026-09-24;13:05:00;2026-09-24T13:17:37Z;2026-09-24T15:53:44Z;156;;;5525;5567.66;;;5525;42.66;0.77;NORMAL;ACARS;;CONFIRMED;;;false;;;;false;;;;2026-09-28T00:00:00Z;SEED_BURNS_LEDGER;2026-09-28T00:00:00Z;SEED_BURNS_LEDGER
9d3dc16e-c742-5527-93d4-92b8ed6429e4;2d9864ef-c4fd-522e-899a-323ab324a9b3;A321;N981JT;N981JT;2026-09-24;13:15:00;2026-09-24T13:18:12Z;2026-09-24T19:17:31Z;359;;;15892;15835.75;;;15892;-56.25;-0.35;NORMAL;ACARS;;CONFIRMED;;;false;;;;false;;;;2026-09-28T00:00:00Z;SEED_BURNS_LEDGER;2026-09-28T00:00:00Z;SEED_BURNS_LEDGER
50b40899-aef2-53be-a23d-3367f0588c7a;bd634cba-c35e-5497-9a38-06d9ec8e08cf;A321;N999JQ;N999JQ;2026-09-24;13:15:00;2026-09-24T13:20:42Z;2026-09-24T16:23:18Z;183;;;7228;7185.67;;;7228;-42.33;-0.59;NORMAL;ACARS;;CONFIRMED;;;false;;;;false;;;;2026-09-28T00:00:00Z;SEED_BURNS_LEDGER;2026-09-28T00:00:00Z;SEED_BURNS_LEDGER
497d7b7c-1073-58f7-b0f1-d1d078bf6bd7;902f6554-0842-5a60-ad4d-d780adf0283d;A223;N3269J;N3269J;2026-09-24;13:20:00;2026-09-24T13:25:02Z;2026-09-24T14:43:57Z;79;;;1642;1643.99;;;1642;1.99;0.12;NORMAL;ACARS;;CONFIRMED;;;false;;;;false;;;;2026-09-28T00:00:00Z;SEED_BURNS_LEDGER;2026-09-28T00:00:00Z;SEED_BURNS_LEDGER
8aee3d5e-d905-5719-bb10-aa5880881de7;e65c59cf-ac97-5486-9a98-54ab05c064ab;A321;N975JT;N975JT;2026-09-24;13:20:00;2026-09-24T13:28:05Z;2026-09-24T17:21:11Z;233;;;10132;9945.05;;;10132;-186.95;-1.85;NORMAL;ACARS;;CONFIRMED;;;false;;;;false;;;;2026-09-28T00:00:00Z;SEED_BURNS_LEDGER;2026-09-28T00:00:00Z;SEED_BURNS_LEDGER
c374bb29-119c-5139-8838-d32fad232ced;21469b19-fc21-5e70-a076-758999f16940;A321;N985JT;N985JT;2026-09-24;12:05:00;2026-09-24T13:28:30Z;2026-09-24T18:44:45Z;316;;;14368;13363.14;;;14368;-1004.86;-6.99;EXCEEDED;ACARS;;CONFIRMED;;;false;;;;false;;;;2026-09-28T00:00:00Z;SEED_BURNS_LEDGER;2026-09-28T00:00:00Z;SEED_BURNS_LEDGER
9646471b-83a6-549b-88c0-864b8389272b;1ebe95a6-30dd-5766-883a-5408e217a4f6;A321;N934JB;N934JB;2026-09-24;13:25:00;2026-09-24T13:33:45Z;2026-09-24T18:20:52Z;287;;;12084;12485.31;;;12084;401.31;3.32;NORMAL;ACARS;;CONFIRMED;;;false;;;;false;;;;2026-09-28T00:00:00Z;SEED_BURNS_LEDGER;2026-09-28T00:00:00Z;SEED_BURNS_LEDGER
67c80a56-fcb5-5ecd-b717-a2bd087609c3;573f714a-6171-51c3-83b7-f0798ce54bd9;A223;N3244J;N3244J;2026-09-24;12:20:00;2026-09-24T13:36:16Z;2026-09-24T15:48:15Z;132;;;3713;3629.13;;;3713;-83.87;-2.26;NORMAL;ACARS;;CONFIRMED;;;false;;;;false;;;;2026-09-28T00:00:00Z;SEED_BURNS_LEDGER;2026-09-28T00:00:00Z;SEED_BURNS_LEDGER
2beacaa8-2da4-516e-b0d9-d6b5976f245a;7e13a97a-6645-5e27-be77-10368bfa7cac;A321;N957JB;N957JB;2026-09-24;13:35:00;2026-09-24T13:39:02Z;2026-09-24T16:00:32Z;141;;;5562;5661.35;;;5562;99.35;1.79;NORMAL;ACARS;;CONFIRMED;;;false;;;;false;;;;2026-09-28T00:00:00Z;SEED_BURNS_LEDGER;2026-09-28T00:00:00Z;SEED_BURNS_LEDGER
69a98e91-a8ec-547a-9d0e-ef1858fbb99d;87996415-58f6-5476-b5de-94b4206571f8;A21N;N2205J;N2205J;2026-09-24;13:30:00;2026-09-24T13:42:35Z;2026-09-24T19:36:08Z;354;;;12179;12135.11;;;12179;-43.89;-0.36;NORMAL;ACARS;;CONFIRMED;;;false;;;;false;;;;2026-09-28T00:00:00Z;SEED_BURNS_LEDGER;2026-09-28T00:00:00Z;SEED_BURNS_LEDGER
1d670b2e-4f5a-50c7-86aa-78fa8250929d;a4104db8-18d9-52a9-8f81-de2901f8f7b2;A320;N592JB;N592JB;2026-09-24;13:35:00;2026-09-24T13:45:39Z;2026-09-24T16:33:15Z;168;;;5992;6125.49;;;5992;133.49;2.23;NORMAL;ACARS;;CONFIRMED;;;false;;;;false;;;;2026-09-28T00:00:00Z;SEED_BURNS_LEDGER;2026-09-28T00:00:00Z;SEED_BURNS_LEDGER
85628299-8053-52a1-b79f-6aaa99cf4332;fb0e6fcd-dfd4-5f61-b05e-f947bbfcae3c;A223;N3221J;N3221J;2026-09-24;13:40:00;2026-09-24T13:45:53Z;2026-09-24T15:24:39Z;99;;;2106;2346.97;;;2106;240.97;11.44;EXCEEDED;ACARS;;CONFIRMED;;;false;;;;false;;;;2026-09-28T00:00:00Z;SEED_BURNS_LEDGER;2026-09-28T00:00:00Z;SEED_BURNS_LEDGER
3a62ac1d-49e5-50d0-9865-d67c925d1c51;4f5173e3-0240-55fb-b162-19a499a4a64e;A223;N3152J;N3152J;2026-09-24;13:35:00;2026-09-24T13:46:09Z;2026-09-24T15:33:15Z;107;;;2963;2888.54;;;2963;-74.46;-2.51;NORMAL;ACARS;;CONFIRMED;;;false;;;;false;;;;2026-09-28T00:00:00Z;SEED_BURNS_LEDGER;2026-09-28T00:00:00Z;SEED_BURNS_LEDGER
8e5abe65-0b31-554e-bf30-5c5b76cd8705;ebea78b6-bde4-5f64-8e1f-b7eca141579b;A223;N3104J;N3104J;2026-09-24;13:40:00;2026-09-24T13:48:03Z;2026-09-24T15:10:18Z;82;;;1606;1756.59;;;1606;150.59;9.38;EXCEEDED;ACARS;;CONFIRMED;;;false;;;;false;;;;2026-09-28T00:00:00Z;SEED_BURNS_LEDGER;2026-09-28T00:00:00Z;SEED_BURNS_LEDGER
ef020ed8-7734-583a-88ea-424f3bdba476;b13c45c6-9bb8-5c5b-a207-ac5254a73baa;A320;N809JB;N809JB;2026-09-24;13:40:00;2026-09-24T13:50:17Z;2026-09-24T16:39:08Z;169;;;6332;6106.41;;;6332;-225.59;-3.56;NORMAL;ACARS;;CONFIRMED;;;false;;;;false;;;;2026-09-28T00:00:00Z;SEED_BURNS_LEDGER;2026-09-28T00:00:00Z;SEED_BURNS_LEDGER
d64426b6-93b4-5ae0-9e78-222a3a1c72c9;239d3d93-4b60-5d85-93c5-ccadd7b48a1d;A320;N652JB;N652JB;2026-09-24;12:55:00;2026-09-24T13:50:19Z;2026-09-24T17:44:20Z;234;;;8925;8661.38;;;8925;-263.62;-2.95;NORMAL;ACARS;;CONFIRMED;;;false;;;;false;;;;2026-09-28T00:00:00Z;SEED_BURNS_LEDGER;2026-09-28T00:00:00Z;SEED_BURNS_LEDGER
59f9571c-10c0-5a11-b879-f53c43b6e0b3;1cac5b04-a2b3-5176-b889-0e82a60aea1c;A321;N980JT;N980JT;2026-09-24;13:40:00;2026-09-24T13:50:23Z;2026-09-24T20:14:19Z;384;;;16177;16571;;;16177;394;2.44;NORMAL;ACARS;;CONFIRMED;;;false;;;;false;;;;2026-09-28T00:00:00Z;SEED_BURNS_LEDGER;2026-09-28T00:00:00Z;SEED_BURNS_LEDGER
6bd91031-a887-54fe-b0ce-4741f0e64076;d262e7a4-8418-5156-90d9-178f4e7b2bd9;A320;N566JB;N566JB;2026-09-24;12:55:00;2026-09-24T13:50:30Z;2026-09-24T16:39:27Z;169;;;6078;6050.83;;;6078;-27.17;-0.45;NORMAL;ACARS;;CONFIRMED;;;false;;;;false;;;;2026-09-28T00:00:00Z;SEED_BURNS_LEDGER;2026-09-28T00:00:00Z;SEED_BURNS_LEDGER
e74e8e22-5a88-5690-ba0d-7ce9ba524ddf;b8c2d7ff-00d5-5116-a76f-d2b3a8dacca0;A320;N580JB;N580JB;2026-09-24;12:20:00;2026-09-24T13:50:37Z;2026-09-24T17:01:01Z;190;;;6758;6779.44;;;6758;21.44;0.32;NORMAL;ACARS;;CONFIRMED;;;false;;;;false;;;;2026-09-28T00:00:00Z;SEED_BURNS_LEDGER;2026-09-28T00:00:00Z;SEED_BURNS_LEDGER
be9b8907-f6c3-5176-9983-6ec1ee047637;1db5726f-4dbb-58e7-b6e3-58be3e4ef535;A321;N983JT;N983JT;2026-09-24;13:40:00;2026-09-24T13:50:50Z;2026-09-24T18:44:00Z;293;;;13369;12375.04;;;13369;-993.96;-7.43;EXCEEDED;ACARS;;CONFIRMED;;;false;;;;false;;;;2026-09-28T00:00:00Z;SEED_BURNS_LEDGER;2026-09-28T00:00:00Z;SEED_BURNS_LEDGER
25105454-535a-5055-80a6-b83445fc5144;0de426e9-4469-5cde-b306-21dd0c479e52;A320;N828JB;N828JB;2026-09-24;13:50:00;2026-09-24T13:52:05Z;2026-09-24T18:48:44Z;297;;;11475;11067.86;;;11475;-407.14;-3.55;NORMAL;ACARS;;CONFIRMED;;;false;;;;false;;;;2026-09-28T00:00:00Z;SEED_BURNS_LEDGER;2026-09-28T00:00:00Z;SEED_BURNS_LEDGER
079324ff-ad3d-5e5c-b255-126dd24dcaf4;e10b662c-ece8-5c2d-99b6-1e99cb5254cc;A321;N992JB;N992JB;2026-09-24;13:50:00;2026-09-24T13:55:43Z;2026-09-24T19:36:35Z;341;;;14368;14842.26;;;14368;474.26;3.3;NORMAL;ACARS;;CONFIRMED;;;false;;;;false;;;;2026-09-28T00:00:00Z;SEED_BURNS_LEDGER;2026-09-28T00:00:00Z;SEED_BURNS_LEDGER
fdc55a40-32cf-585b-a21b-c40dad3fd406;8c5e6db7-26bd-5fc2-be59-0158ac02a52d;A320;N565JB;N565JB;2026-09-24;13:45:00;2026-09-24T13:55:55Z;2026-09-24T16:42:54Z;167;;;5908;6223.5;;;5908;315.5;5.34;EXCEEDED;ACARS;;CONFIRMED;;;false;;;;false;;;;2026-09-28T00:00:00Z;SEED_BURNS_LEDGER;2026-09-28T00:00:00Z;SEED_BURNS_LEDGER
4ac9538d-497c-58e0-b21c-20472c54c1a9;ec624d19-bc0e-5309-b32d-8f1904ce2dee;A320;N598JB;N598JB;2026-09-24;13:30:00;2026-09-24T13:59:26Z;2026-09-24T16:37:29Z;158;;;5525;5634.7;;;5525;109.7;1.99;NORMAL;ACARS;;CONFIRMED;;;false;;;;false;;;;2026-09-28T00:00:00Z;SEED_BURNS_LEDGER;2026-09-28T00:00:00Z;SEED_BURNS_LEDGER
1fa178ac-6d32-5413-91f2-3c49159ce4db;86c33322-e6bb-52ec-9d68-71261a15b27c;A223;N3251J;N3251J;2026-09-24;13:55:00;2026-09-24T14:01:38Z;2026-09-24T18:19:33Z;258;;;8032;7960.65;;;8032;-71.35;-0.89;NORMAL;ACARS;;CONFIRMED;;;false;;;;false;;;;2026-09-28T00:00:00Z;SEED_BURNS_LEDGER;2026-09-28T00:00:00Z;SEED_BURNS_LEDGER
df4def23-5d66-5a95-acb4-17a49cb62a75;ce577db3-4403-543d-8730-83c2e6b7cd36;A320;N589JB;N589JB;2026-09-24;12:55:00;2026-09-24T14:01:40Z;2026-09-24T17:01:25Z;180;;;6375;6256.75;;;6375;-118.25;-1.85;NORMAL;ACARS;;CONFIRMED;;;false;;;;false;;;;2026-09-28T00:00:00Z;SEED_BURNS_LEDGER;2026-09-28T00:00:00Z;SEED_BURNS_LEDGER
b3a43adb-070f-5667-aaf7-7fd0cf251e8f;5a4371cb-7472-53f0-b067-00d8727d2762;A320;N613JB;N613JB;2026-09-24;13:55:00;2026-09-24T14:06:21Z;2026-09-24T16:56:17Z;170;;;6502;6346.8;;;6502;-155.2;-2.39;NORMAL;ACARS;;CONFIRMED;;;false;;;;false;;;;2026-09-28T00:00:00Z;SEED_BURNS_LEDGER;2026-09-28T00:00:00Z;SEED_BURNS_LEDGER
18d2520d-6239-5610-b291-df399295b543;bf84e23a-eaa0-5ae5-91d3-c67583fdfaf3;A223;N3125J;N3125J;2026-09-24;14:05:00;2026-09-24T14:07:06Z;2026-09-24T16:41:54Z;155;;;4213;4370.94;;;4213;157.94;3.75;NORMAL;ACARS;;CONFIRMED;;;false;;;;false;;;;2026-09-28T00:00:00Z;SEED_BURNS_LEDGER;2026-09-28T00:00:00Z;SEED_BURNS_LEDGER
fa323281-04c3-5bc9-9a6e-b38336ef0cf8;ab4a5cad-bfa6-53f4-a7b1-950522d58927;A321;N966JT;N966JT;2026-09-24;14:00:00;2026-09-24T14:08:32Z;2026-09-24T20:01:35Z;353;;;15749;15269.92;;;15749;-479.08;-3.04;NORMAL;ACARS;;CONFIRMED;;;false;;;;false;;;;2026-09-28T00:00:00Z;SEED_BURNS_LEDGER;2026-09-28T00:00:00Z;SEED_BURNS_LEDGER
77cf8e78-3b3b-5b35-98ad-064453ba9c3b;5bd6a798-018c-50f0-b4ec-5950ef1d3777;A320;N559JB;N559JB;2026-09-24;14:00:00;2026-09-24T14:09:02Z;2026-09-24T17:40:26Z;211;;;7352;7769.53;;;7352;417.53;5.68;EXCEEDED;ACARS;;CONFIRMED;;;false;;;;false;;;;2026-09-28T00:00:00Z;SEED_BURNS_LEDGER;2026-09-28T00:00:00Z;SEED_BURNS_LEDGER
a842fe9f-63d7-5e1d-96c2-19c907df9e3f;0601bf12-e9a9-5a06-bcfb-a11186173531;A321;N970JB;N970JB;2026-09-24;14:05:00;2026-09-24T14:12:48Z;2026-09-24T17:01:16Z;168;;;6800;6484.28;;;6800;-315.72;-4.64;NORMAL;ACARS;;CONFIRMED;;;false;;;;false;;;;2026-09-28T00:00:00Z;SEED_BURNS_LEDGER;2026-09-28T00:00:00Z;SEED_BURNS_LEDGER
5c2ef427-ba01-5a52-bbc0-27fc7bd47e4a;ff9365a7-90bc-538a-9522-bde781c1e289;A321;N903JB;N903JB;2026-09-24;12:45:00;2026-09-24T14:12:58Z;2026-09-24T16:58:13Z;165;;;6229;6427.21;;;6229;198.21;3.18;NORMAL;ACARS;;CONFIRMED;;;false;;;;false;;;;2026-09-28T00:00:00Z;SEED_BURNS_LEDGER;2026-09-28T00:00:00Z;SEED_BURNS_LEDGER
2007e023-d001-5b18-a107-1cf972bc05e9;f5f55cab-163e-5560-a4a1-ebadf8f7d222;A320;N552JB;N552JB;2026-09-24;14:10:00;2026-09-24T14:13:03Z;2026-09-24T16:55:21Z;162;;;5610;5871.93;;;5610;261.93;4.67;NORMAL;ACARS;;CONFIRMED;;;false;;;;false;;;;2026-09-28T00:00:00Z;SEED_BURNS_LEDGER;2026-09-28T00:00:00Z;SEED_BURNS_LEDGER
8a4ac301-7906-526b-922a-c02fc8a061bf;ccf4b3da-d618-58f0-8d1e-20eadbfe3aee;A321;N982JB;N982JB;2026-09-24;14:05:00;2026-09-24T14:14:04Z;2026-09-24T19:54:04Z;340;;;14464;15131.36;;;14464;667.36;4.61;NORMAL;ACARS;;CONFIRMED;;;false;;;;false;;;;2026-09-28T00:00:00Z;SEED_BURNS_LEDGER;2026-09-28T00:00:00Z;SEED_BURNS_LEDGER
19ba3159-4659-5d82-8f34-478328a3a601;8911a7d0-3148-5ff2-b9fb-e4c7cf1bbe31;A223;N3289J;N3289J;2026-09-24;12:55:00;2026-09-24T14:17:09Z;2026-09-24T15:08:28Z;51;;;714;956.74;;;714;242.74;34;EXCEEDED;ACARS;;CONFIRMED;;;false;;;;false;;;;2026-09-28T00:00:00Z;SEED_BURNS_LEDGER;2026-09-28T00:00:00Z;SEED_BURNS_LEDGER
5dd595e5-3bdd-5d0b-9371-92fcbcae3c49;6410fa4b-6c39-5a34-ad5c-bf1b8bcca027;A321;N977JE;N977JE;2026-09-24;14:15:00;2026-09-24T14:18:22Z;2026-09-24T19:46:12Z;328;;;14273;14260.87;;;14273;-12.13;-0.08;NORMAL;ACARS;;CONFIRMED;;;false;;;;false;;;;2026-09-28T00:00:00Z;SEED_BURNS_LEDGER;2026-09-28T00:00:00Z;SEED_BURNS_LEDGER
9eb23c96-4347-515a-9b58-0d6a5c9eb684;55fff8d2-29d3-5f7e-829e-4de662dd4546;A320;N590JB;N590JB;2026-09-24;14:10:00;2026-09-24T14:19:19Z;2026-09-24T16:56:47Z;157;;;5482;5550.12;;;5482;68.12;1.24;NORMAL;ACARS;;CONFIRMED;;;false;;;;false;;;;2026-09-28T00:00:00Z;SEED_BURNS_LEDGER;2026-09-28T00:00:00Z;SEED_BURNS_LEDGER
9b1ff00f-a8de-565e-a208-415a6f105b6c;743aae47-c6d8-59c6-a2b3-9461f15efc4c;A321;N905JB;N905JB;2026-09-24;14:15:00;2026-09-24T14:20:11Z;2026-09-24T17:29:20Z;189;;;7990;7922.57;;;7990;-67.43;-0.84;NORMAL;ACARS;;CONFIRMED;;;false;;;;false;;;;2026-09-28T00:00:00Z;SEED_BURNS_LEDGER;2026-09-28T00:00:00Z;SEED_BURNS_LEDGER
dfc8892a-aaa6-5454-8aae-557d46103b3f;e0e9c6c4-68fe-5831-a307-98929960faf5;A320;N591JB;N591JB;2026-09-24;14:20:00;2026-09-24T14:21:29Z;2026-09-24T16:45:42Z;144;;;4675;4703.87;;;4675;28.87;0.62;NORMAL;ACARS;;CONFIRMED;;;false;;;;false;;;;2026-09-28T00:00:00Z;SEED_BURNS_LEDGER;2026-09-28T00:00:00Z;SEED_BURNS_LEDGER
9a84c1d9-b2c8-57a2-9402-499619826e3f;5623796d-3811-5a94-b021-7a2785aecd96;A223;N3118J;N3118J;2026-09-24;14:15:00;2026-09-24T14:22:04Z;2026-09-24T16:01:37Z;100;;;2320;2497.23;;;2320;177.23;7.64;EXCEEDED;ACARS;;CONFIRMED;;;false;;;;false;;;;2026-09-28T00:00:00Z;SEED_BURNS_LEDGER;2026-09-28T00:00:00Z;SEED_BURNS_LEDGER
4f662d2b-64e9-5ec5-9e0e-ef3b3d6ffc38;cf55b3d4-9988-5a65-a9ae-a4dd572c687e;A320;N584JB;N584JB;2026-09-24;14:20:00;2026-09-24T14:24:30Z;2026-09-24T16:14:56Z;110;;;3528;3588.43;;;3528;60.43;1.71;NORMAL;ACARS;;CONFIRMED;;;false;;;;false;;;;2026-09-28T00:00:00Z;SEED_BURNS_LEDGER;2026-09-28T00:00:00Z;SEED_BURNS_LEDGER
56cc3113-73fa-5c3d-acd6-bcf7af63849a;4323b13f-d539-5d7d-8fcf-283ba05f9634;A223;N3276J;N3276J;2026-09-24;14:20:00;2026-09-24T14:29:59Z;2026-09-24T16:37:43Z;128;;;3463;3522.57;;;3463;59.57;1.72;NORMAL;ACARS;;CONFIRMED;;;false;;;;false;;;;2026-09-28T00:00:00Z;SEED_BURNS_LEDGER;2026-09-28T00:00:00Z;SEED_BURNS_LEDGER
d3242e2d-1197-5b72-bc42-3fa722b206b1;321532ae-dba0-5d46-91f8-bf780ff236da;A320;N658JB;N658JB;2026-09-24;14:20:00;2026-09-24T14:30:15Z;2026-09-24T21:46:14Z;436;;;16872;17163.48;;;16872;291.48;1.73;NORMAL;ACARS;;CONFIRMED;;;false;;;;false;;;;2026-09-28T00:00:00Z;SEED_BURNS_LEDGER;2026-09-28T00:00:00Z;SEED_BURNS_LEDGER
788626f5-6273-5c93-98fa-abf2b392468a;1a9ef434-32a8-5199-880a-e5e77c22ebaa;A321;N913JB;N913JB;2026-09-24;13:20:00;2026-09-24T14:30:50Z;2026-09-24T17:39:35Z;189;;;7133;7388.4;;;7133;255.4;3.58;NORMAL;ACARS;;CONFIRMED;;;false;;;;false;;;;2026-09-28T00:00:00Z;SEED_BURNS_LEDGER;2026-09-28T00:00:00Z;SEED_BURNS_LEDGER
9144e5f5-b4d4-50c1-9a53-aaf73a166e34;85582964-fb78-5a11-b324-fe52eed8d5db;A320;N564JB;N564JB;2026-09-24;14:25:00;2026-09-24T14:33:32Z;2026-09-24T15:27:33Z;54;;;1360;1312.56;;;1360;-47.44;-3.49;NORMAL;ACARS;;CONFIRMED;;;false;;;;false;;;;2026-09-28T00:00:00Z;SEED_BURNS_LEDGER;2026-09-28T00:00:00Z;SEED_BURNS_LEDGER
5b201a77-2d88-5113-a1e2-4a322a89908c;bc1ed484-74ad-5f22-8e82-3310cdb65fad;A223;N3280J;N3280J;2026-09-24;14:10:00;2026-09-24T14:35:32Z;2026-09-24T16:33:14Z;118;;;3034;3128.76;;;3034;94.76;3.12;NORMAL;ACARS;;CONFIRMED;;;false;;;;false;;;;2026-09-28T00:00:00Z;SEED_BURNS_LEDGER;2026-09-28T00:00:00Z;SEED_BURNS_LEDGER
304b7927-9ee5-57c3-bc80-40bf44446a76;e8bf0d9d-4a6d-5b1c-8955-27209ed23c38;A21N;N2039J;N2039J;2026-09-24;14:25:00;2026-09-24T14:36:37Z;2026-09-24T17:19:35Z;163;;;5148;5069.51;;;5148;-78.49;-1.52;NORMAL;ACARS;;CONFIRMED;;;false;;;;false;;;;2026-09-28T00:00:00Z;SEED_BURNS_LEDGER;2026-09-28T00:00:00Z;SEED_BURNS_LEDGER
505f362a-3389-5ef9-80cd-7dce7ebeca9a;a9c3edf2-a495-5226-9eea-7a05089233ac;A223;N3195J;N3195J;2026-09-24;14:25:00;2026-09-24T14:37:09Z;2026-09-24T16:12:38Z;95;;;2320;2359.96;;;2320;39.96;1.72;NORMAL;ACARS;;CONFIRMED;;;false;;;;false;;;;2026-09-28T00:00:00Z;SEED_BURNS_LEDGER;2026-09-28T00:00:00Z;SEED_BURNS_LEDGER
613365c1-6503-5439-a861-d7a273a726f7;8b2e9c56-210e-5af2-a065-48ef6b5bff1c;A223;N3229J;N3229J;2026-09-24;14:30:00;2026-09-24T14:40:04Z;2026-09-24T17:08:30Z;148;;;4248;3940.33;;;4248;-307.67;-7.24;EXCEEDED;ACARS;;CONFIRMED;;;false;;;;false;;;;2026-09-28T00:00:00Z;SEED_BURNS_LEDGER;2026-09-28T00:00:00Z;SEED_BURNS_LEDGER
13a58805-683c-50b3-bc54-804a09f80f88;b76fed41-c075-5b7e-8902-0db666f1e6a7;A320;N649JB;N649JB;2026-09-24;14:35:00;2026-09-24T14:42:07Z;2026-09-24T17:10:14Z;148;;;4972;5109.78;;;4972;137.78;2.77;NORMAL;ACARS;;CONFIRMED;;;false;;;;false;;;;2026-09-28T00:00:00Z;SEED_BURNS_LEDGER;2026-09-28T00:00:00Z;SEED_BURNS_LEDGER
137e0a61-8b92-54ed-9b56-61067d813a3a;7c12d1e2-6e2b-5274-a9f4-a7679670a855;A223;N3196J;N3196J;2026-09-24;14:40:00;2026-09-24T14:42:59Z;2026-09-24T17:10:13Z;147;;;4284;4153.34;;;4284;-130.66;-3.05;NORMAL;ACARS;;CONFIRMED;;;false;;;;false;;;;2026-09-28T00:00:00Z;SEED_BURNS_LEDGER;2026-09-28T00:00:00Z;SEED_BURNS_LEDGER
62dd9ba2-1bae-5960-9f1c-f86b6944623b;204aeecd-d7ed-5ade-b466-4229fffc8fb8;A321;N969JT;N969JT;2026-09-24;14:40:00;2026-09-24T14:45:52Z;2026-09-24T20:12:38Z;327;;;14273;13971.37;;;14273;-301.63;-2.11;NORMAL;ACARS;;CONFIRMED;;;false;;;;false;;;;2026-09-28T00:00:00Z;SEED_BURNS_LEDGER;2026-09-28T00:00:00Z;SEED_BURNS_LEDGER
ac5eba25-def1-5b31-8484-44f84ad3ed66;d59a65de-1129-52e9-bc7a-985bec52502d;A223;N3298J;N3298J;2026-09-24;14:40:00;2026-09-24T14:46:56Z;2026-09-24T16:09:02Z;82;;;1606;1762.93;;;1606;156.93;9.77;EXCEEDED;ACARS;;CONFIRMED;;;false;;;;false;;;;2026-09-28T00:00:00Z;SEED_BURNS_LEDGER;2026-09-28T00:00:00Z;SEED_BURNS_LEDGER
7b016d1c-bfc2-505e-b73c-e9bad02297af;f982f3a6-471f-5654-a2f7-41c209d41d47;A320;N806JB;N806JB;2026-09-24;14:40:00;2026-09-24T14:49:59Z;2026-09-24T17:43:23Z;173;;;6035;6148.49;;;6035;113.49;1.88;NORMAL;ACARS;;CONFIRMED;;;false;;;;false;;;;2026-09-28T00:00:00Z;SEED_BURNS_LEDGER;2026-09-28T00:00:00Z;SEED_BURNS_LEDGER
ce5437eb-38f8-5f82-a16b-af376753e2ee;deae361d-c9a3-59a6-91c8-374d9cd2d762;A320;N637JB;N637JB;2026-09-24;14:50:00;2026-09-24T14:52:32Z;2026-09-24T17:42:52Z;170;;;6120;6270.89;;;6120;150.89;2.47;NORMAL;ACARS;;CONFIRMED;;;false;;;;false;;;;2026-09-28T00:00:00Z;SEED_BURNS_LEDGER;2026-09-28T00:00:00Z;SEED_BURNS_LEDGER
ed07e023-ae39-5bdb-8dfb-edf94076630a;0b57cf37-f0fb-54d1-89a9-0dea44765b2a;A321;N961JT;N961JT;2026-09-24;14:45:00;2026-09-24T14:53:19Z;2026-09-24T20:45:34Z;352;;;15082;15033.45;;;15082;-48.55;-0.32;NORMAL;ACARS;;CONFIRMED;;;false;;;;false;;;;2026-09-28T00:00:00Z;SEED_BURNS_LEDGER;2026-09-28T00:00:00Z;SEED_BURNS_LEDGER
a6ef1f76-2482-507d-892f-f9346efd7efe;e7a7f0fd-cbeb-5b23-a6a8-9cbc07e2fb47;A320;N556JB;N556JB;2026-09-24;14:45:00;2026-09-24T14:53:34Z;2026-09-24T17:39:45Z;166;;;5908;5842.64;;;5908;-65.36;-1.11;NORMAL;ACARS;;CONFIRMED;;;false;;;;false;;;;2026-09-28T00:00:00Z;SEED_BURNS_LEDGER;2026-09-28T00:00:00Z;SEED_BURNS_LEDGER
63392c18-9d05-55b5-81b4-0f8bf764a898;201f1f6e-431d-5714-ad3e-46849573dd2d;A321;N943JT;N943JT;2026-09-24;14:45:00;2026-09-24T14:54:59Z;2026-09-24T20:39:59Z;345;;;14416;14622.88;;;14416;206.88;1.44;NORMAL;ACARS;;CONFIRMED;;;false;;;;false;;;;2026-09-28T00:00:00Z;SEED_BURNS_LEDGER;2026-09-28T00:00:00Z;SEED_BURNS_LEDGER
5732d659-eeb7-53ca-95c1-c902fb37d4f3;1a6b7d87-4ebf-5c8c-8d22-1e946ffabebc;A320;N804JB;N804JB;2026-09-24;14:50:00;2026-09-24T14:56:40Z;2026-09-24T17:51:04Z;174;;;6120;6248.19;;;6120;128.19;2.09;NORMAL;ACARS;;CONFIRMED;;;false;;;;false;;;;2026-09-28T00:00:00Z;SEED_BURNS_LEDGER;2026-09-28T00:00:00Z;SEED_BURNS_LEDGER
de21fd0d-a600-5344-b8a1-cf7d07da2d55;5df300f9-e138-5146-9b1b-42e77e665933;A321;N965JT;N965JT;2026-09-24;14:55:00;2026-09-24T15:00:46Z;2026-09-24T18:10:19Z;190;;;7514;7509;;;7514;-5;-0.07;NORMAL;ACARS;;CONFIRMED;;;false;;;;false;;;;2026-09-28T00:00:00Z;SEED_BURNS_LEDGER;2026-09-28T00:00:00Z;SEED_BURNS_LEDGER
b38fb3d9-af42-5176-81f4-964e2ba6aaf2;5848c6dc-bbd4-5b66-9c1f-34b80ba47859;A223;N3113J;N3113J;2026-09-24;14:30:00;2026-09-24T15:02:39Z;2026-09-24T16:20:15Z;78;;;1321;1514.8;;;1321;193.8;14.67;EXCEEDED;ACARS;;CONFIRMED;;;false;;;;false;;;;2026-09-28T00:00:00Z;SEED_BURNS_LEDGER;2026-09-28T00:00:00Z;SEED_BURNS_LEDGER
6c1bde85-369e-5f8e-b6f6-dd3619e52c6a;c6a90367-204d-52ba-9a56-467243f51439;A320;N827JB;N827JB;2026-09-24;14:30:00;2026-09-24T15:02:43Z;2026-09-24T19:05:18Z;243;;;8755;9244.26;;;8755;489.26;5.59;EXCEEDED;ACARS;;CONFIRMED;;;false;;;;false;;;;2026-09-28T00:00:00Z;SEED_BURNS_LEDGER;2026-09-28T00:00:00Z;SEED_BURNS_LEDGER
e1dc116a-92fb-5d07-8728-1caed7da4372;7a1cf640-cd21-5290-af3e-43139eb7e939;A223;N3138J;N3138J;2026-09-24;14:25:00;2026-09-24T15:03:55Z;2026-09-24T17:22:42Z;139;;;3641;3827.18;;;3641;186.18;5.11;EXCEEDED;ACARS;;CONFIRMED;;;false;;;;false;;;;2026-09-28T00:00:00Z;SEED_BURNS_LEDGER;2026-09-28T00:00:00Z;SEED_BURNS_LEDGER
190a4ed4-a211-5642-97dd-85d599b928c0;1779f7df-1daf-5871-8593-a1a75035768b;A223;N3065J;N3065J;2026-09-24;15:00:00;2026-09-24T15:06:49Z;2026-09-24T16:37:44Z;91;;;1964;2105.84;;;1964;141.84;7.22;EXCEEDED;ACARS;;CONFIRMED;;;false;;;;false;;;;2026-09-28T00:00:00Z;SEED_BURNS_LEDGER;2026-09-28T00:00:00Z;SEED_BURNS_LEDGER
e9919848-978c-59ad-ab7c-09c70af787ea;9d98cf3a-c531-51a7-8fe6-2aab8a7f25f8;A320;N508JL;N508JL;2026-09-24;14:00:00;2026-09-24T15:13:57Z;2026-09-24T17:38:33Z;145;;;5015;4999.42;;;5015;-15.58;-0.31;NORMAL;ACARS;;CONFIRMED;;;false;;;;false;;;;2026-09-28T00:00:00Z;SEED_BURNS_LEDGER;2026-09-28T00:00:00Z;SEED_BURNS_LEDGER
460899cf-59ae-55e2-88a5-ee7609beb2b8;92e5d9a6-e96a-505a-90c6-a544a0c52083;A223;N3293J;N3293J;2026-09-24;14:40:00;2026-09-24T15:16:05Z;2026-09-24T17:02:15Z;106;;;2678;2757.42;;;2678;79.42;2.97;NORMAL;ACARS;;CONFIRMED;;;false;;;;false;;;;2026-09-28T00:00:00Z;SEED_BURNS_LEDGER;2026-09-28T00:00:00Z;SEED_BURNS_LEDGER
1c2dd4e2-71ec-5d61-af82-c3744123588c;15ec044e-b4c6-5b7d-9af2-b0384ef1d1e6;A223;N3139J;N3139J;2026-09-24;15:10:00;2026-09-24T15:16:38Z;2026-09-24T16:24:57Z;68;;;1178;1353.94;;;1178;175.94;14.94;EXCEEDED;ACARS;;CONFIRMED;;;false;;;;false;;;;2026-09-28T00:00:00Z;SEED_BURNS_LEDGER;2026-09-28T00:00:00Z;SEED_BURNS_LEDGER
c0a21e29-eb5d-5fe2-93b3-c2be4939a99d;18cf73c3-ac23-51ad-a9ba-0d5f82cb5697;A320;N520JB;N520JB;2026-09-24;15:05:00;2026-09-24T15:18:34Z;2026-09-24T17:47:18Z;149;;;5398;5164.89;;;5398;-233.11;-4.32;NORMAL;ACARS;;CONFIRMED;;;false;;;;false;;;;2026-09-28T00:00:00Z;SEED_BURNS_LEDGER;2026-09-28T00:00:00Z;SEED_BURNS_LEDGER
faae611d-522d-51c7-9923-90d78446bfce;b2f58536-2ee6-5c28-b014-9e2536352f0c;A320;N554JB;N554JB;2026-09-24;15:10:00;2026-09-24T15:20:15Z;2026-09-24T18:10:19Z;170;;;6120;6056.27;;;6120;-63.73;-1.04;NORMAL;ACARS;;CONFIRMED;;;false;;;;false;;;;2026-09-28T00:00:00Z;SEED_BURNS_LEDGER;2026-09-28T00:00:00Z;SEED_BURNS_LEDGER
3abcf0af-ebe6-5a1f-9de8-3bee66da45b3;3bedb04f-a9d9-5b04-8de4-3c050ab01654;A320;N805JB;N805JB;2026-09-24;15:20:00;2026-09-24T15:23:09Z;2026-09-24T18:53:05Z;210;;;7395;7420.8;;;7395;25.8;0.35;NORMAL;ACARS;;CONFIRMED;;;false;;;;false;;;;2026-09-28T00:00:00Z;SEED_BURNS_LEDGER;2026-09-28T00:00:00Z;SEED_BURNS_LEDGER
04f616d8-02a7-5c97-8ae2-276d8adcd03d;1867a35c-f7e9-55ec-8779-85f7feb1ac2e;A223;N3162J;N3162J;2026-09-24;15:20:00;2026-09-24T15:24:32Z;2026-09-24T17:40:25Z;136;;;3713;3765.3;;;3713;52.3;1.41;NORMAL;ACARS;;CONFIRMED;;;false;;;;false;;;;2026-09-28T00:00:00Z;SEED_BURNS_LEDGER;2026-09-28T00:00:00Z;SEED_BURNS_LEDGER
b26aef0f-7d9c-529b-8f7f-093a93d7e852;58dfd4df-e9dd-5ec0-9a7a-6bb11889d312;A320;N662JB;N662JB;2026-09-24;15:20:00;2026-09-24T15:25:29Z;2026-09-24T20:48:43Z;323;;;13218;12687.71;;;13218;-530.29;-4.01;NORMAL;ACARS;;CONFIRMED;;;false;;;;false;;;;2026-09-28T00:00:00Z;SEED_BURNS_LEDGER;2026-09-28T00:00:00Z;SEED_BURNS_LEDGER
7e647d14-f409-5ea3-8254-d1233ef24cdf;8e401176-da8f-5350-91a0-01d4d5d1a040;A320;N709JB;N709JB;2026-09-24;15:15:00;2026-09-24T15:26:49Z;2026-09-24T21:31:57Z;365;;;13940;13790.66;;;13940;-149.34;-1.07;NORMAL;ACARS;;CONFIRMED;;;false;;;;false;;;;2026-09-28T00:00:00Z;SEED_BURNS_LEDGER;2026-09-28T00:00:00Z;SEED_BURNS_LEDGER
61ec9659-066a-5611-893e-3b6b7ca89a54;11cbc5f5-ca12-5eb1-abff-6152e9a07f67;A223;N3169J;N3169J;2026-09-24;14:55:00;2026-09-24T15:29:08Z;2026-09-24T17:53:11Z;144;;;3856;3981.44;;;3856;125.44;3.25;NORMAL;ACARS;;CONFIRMED;;;false;;;;false;;;;2026-09-28T00:00:00Z;SEED_BURNS_LEDGER;2026-09-28T00:00:00Z;SEED_BURNS_LEDGER
56406f22-1c75-5ab1-a26d-a99dc2107322;2c369681-df1c-5581-b9e3-5e59e5e478e0;A21N;N2017J;N2017J;2026-09-24;14:50:00;2026-09-24T15:30:40Z;2026-09-24T18:25:56Z;175;;;5634;5450.55;;;5634;-183.45;-3.26;NORMAL;ACARS;;CONFIRMED;;;false;;;;false;;;;2026-09-28T00:00:00Z;SEED_BURNS_LEDGER;2026-09-28T00:00:00Z;SEED_BURNS_LEDGER
da3dd4d1-4eb4-5b66-b6df-a3d593760c5a;399bf678-f6dd-55cd-bc63-b76704ba5ea8;A223;N3023J;N3023J;2026-09-24;15:20:00;2026-09-24T15:31:22Z;2026-09-24T18:28:03Z;177;;;5248;5279.71;;;5248;31.71;0.6;NORMAL;ACARS;;CONFIRMED;;;false;;;;false;;;;2026-09-28T00:00:00Z;SEED_BURNS_LEDGER;2026-09-28T00:00:00Z;SEED_BURNS_LEDGER
ce7315ae-8130-501f-b155-baa6733516ee;be856952-1e29-5870-af9a-db69fc8d3c3a;A320;N588JB;N588JB;2026-09-24;14:35:00;2026-09-24T15:32:03Z;2026-09-24T17:46:34Z;135;;;4250;4319.19;;;4250;69.19;1.63;NORMAL;ACARS;;CONFIRMED;;;false;;;;false;;;;2026-09-28T00:00:00Z;SEED_BURNS_LEDGER;2026-09-28T00:00:00Z;SEED_BURNS_LEDGER
de9f274a-e9e4-5407-bb14-0ab6ac29f08b;38c251dc-ae1d-5101-87e3-43fa56e906ea;A223;N3232J;N3232J;2026-09-24;15:25:00;2026-09-24T15:34:13Z;2026-09-24T18:15:17Z;161;;;4641;4483.77;;;4641;-157.23;-3.39;NORMAL;ACARS;;CONFIRMED;;;false;;;;false;;;;2026-09-28T00:00:00Z;SEED_BURNS_LEDGER;2026-09-28T00:00:00Z;SEED_BURNS_LEDGER
37398287-01c7-54be-8fba-a71e995b4bdd;84e95f8b-8402-5546-9cb6-560e2c200dc0;A21N;N2044J;N2044J;2026-09-24;15:35:00;2026-09-24T15:36:22Z;2026-09-24T18:24:51Z;168;;;5484;5424.43;;;5484;-59.57;-1.09;NORMAL;ACARS;;CONFIRMED;;;false;;;;false;;;;2026-09-28T00:00:00Z;SEED_BURNS_LEDGER;2026-09-28T00:00:00Z;SEED_BURNS_LEDGER
8134769a-728d-5607-af5d-ab63eef96f1c;79431d49-69ff-5a0b-8669-f669d4bfed43;A320;N595JB;N595JB;2026-09-24;14:25:00;2026-09-24T15:36:56Z;2026-09-24T17:10:58Z;94;;;2720;2656.31;;;2720;-63.69;-2.34;NORMAL;ACARS;;CONFIRMED;;;false;;;;false;;;;2026-09-28T00:00:00Z;SEED_BURNS_LEDGER;2026-09-28T00:00:00Z;SEED_BURNS_LEDGER
4da8d188-406c-572f-9baf-2769faa741c0;e56d6cb2-76ce-5749-8002-b6bdb6b67033;A320;N796JB;N796JB;2026-09-24;15:30:00;2026-09-24T15:37:21Z;2026-09-24T18:20:33Z;163;;;5780;5874.29;;;5780;94.29;1.63;NORMAL;ACARS;;CONFIRMED;;;false;;;;false;;;;2026-09-28T00:00:00Z;SEED_BURNS_LEDGER;2026-09-28T00:00:00Z;SEED_BURNS_LEDGER
aa1775ec-cef2-5cd5-85aa-952f889120d4;1f171e8d-67e7-58d9-a412-dc27c2d672f8;A320;N665JB;N665JB;2026-09-24;15:30:00;2026-09-24T15:37:52Z;2026-09-24T18:09:13Z;151;;;5185;5230.02;;;5185;45.02;0.87;NORMAL;ACARS;;CONFIRMED;;;false;;;;false;;;;2026-09-28T00:00:00Z;SEED_BURNS_LEDGER;2026-09-28T00:00:00Z;SEED_BURNS_LEDGER
c7386e32-614b-5f23-b6c3-0d8672e13d3f;d001fb88-4955-553c-9aaa-80ddaec377fa;A223;N3296J;N3296J;2026-09-24;15:30:00;2026-09-24T15:39:05Z;2026-09-24T17:22:38Z;104;;;2785;2672.45;;;2785;-112.55;-4.04;NORMAL;ACARS;;CONFIRMED;;;false;;;;false;;;;2026-09-28T00:00:00Z;SEED_BURNS_LEDGER;2026-09-28T00:00:00Z;SEED_BURNS_LEDGER
d6ea844a-7d88-5d87-834d-d874247446af;82445472-6c1d-5764-9a5c-1e6e94f58cac;A223;N3241J;N3241J;2026-09-24;14:55:00;2026-09-24T15:41:17Z;2026-09-24T17:29:02Z;108;;;2463;2805.45;;;2463;342.45;13.9;EXCEEDED;ACARS;;CONFIRMED;;;false;;;;false;;;;2026-09-28T00:00:00Z;SEED_BURNS_LEDGER;2026-09-28T00:00:00Z;SEED_BURNS_LEDGER
4a5cb5d3-3270-57b7-b6b6-11d5e48685ea;135ccad9-fd47-5454-a3c5-9c56cf045d25;A320;N708JB;N708JB;2026-09-24;15:40:00;2026-09-24T15:43:09Z;2026-09-24T19:48:49Z;246;;;9265;9058.17;;;9265;-206.83;-2.23;NORMAL;ACARS;;CONFIRMED;;;false;;;;false;;;;2026-09-28T00:00:00Z;SEED_BURNS_LEDGER;2026-09-28T00:00:00Z;SEED_BURNS_LEDGER
159ac1e6-0d71-5476-bd20-d2161db8a55b;63b1ba35-5f7c-5215-b5d7-d4f62ab4b5e6;A320;N645JB;N645JB;2026-09-24;15:35:00;2026-09-24T15:47:22Z;2026-09-24T16:44:21Z;57;;;1317;1426.49;;;1317;109.49;8.31;EXCEEDED;ACARS;;CONFIRMED;;;false;;;;false;;;;2026-09-28T00:00:00Z;SEED_BURNS_LEDGER;2026-09-28T00:00:00Z;SEED_BURNS_LEDGER
518dbe1d-d098-5097-8191-8f3596eba8c2;74d189b0-9500-5fa0-9ff5-4cacc3befdb8;A320;N531JL;N531JL;2026-09-24;14:45:00;2026-09-24T15:48:37Z;2026-09-24T18:56:13Z;188;;;7098;6745.04;;;7098;-352.96;-4.97;NORMAL;ACARS;;CONFIRMED;;;false;;;;false;;;;2026-09-28T00:00:00Z;SEED_BURNS_LEDGER;2026-09-28T00:00:00Z;SEED_BURNS_LEDGER
8009d848-eac2-5cda-a703-7eaf1b20da28;bd91509d-6f86-595a-be6b-ed4d27defb37;A320;N571JB;N571JB;2026-09-24;15:40:00;2026-09-24T15:50:15Z;2026-09-24T18:47:51Z;178;;;6120;6050.21;;;6120;-69.79;-1.14;NORMAL;ACARS;;CONFIRMED;;;false;;;;false;;;;2026-09-28T00:00:00Z;SEED_BURNS_LEDGER;2026-09-28T00:00:00Z;SEED_BURNS_LEDGER
a1cb9947-f0ed-5225-8a1c-62d096279223;2de4fbba-cd2f-5794-8fb7-f3aef2477b24;A223;N3307J;N3307J;2026-09-24;15:50:00;2026-09-24T15:51:31Z;2026-09-24T18:09:56Z;138;;;3820;3872.52;;;3820;52.52;1.37;NORMAL;ACARS;;CONFIRMED;;;false;;;;false;;;;2026-09-28T00:00:00Z;SEED_BURNS_LEDGER;2026-09-28T00:00:00Z;SEED_BURNS_LEDGER
8a992abd-89c4-52df-95c6-c5b32cc8185f;ad8d749b-6aa3-5960-a115-3c7ff26e34d5;A223;N3112J;N3112J;2026-09-24;15:45:00;2026-09-24T15:52:28Z;2026-09-24T18:10:56Z;138;;;3784;3821.94;;;3784;37.94;1;NORMAL;ACARS;;CONFIRMED;;;false;;;;false;;;;2026-09-28T00:00:00Z;SEED_BURNS_LEDGER;2026-09-28T00:00:00Z;SEED_BURNS_LEDGER
75d7f43b-27aa-5141-9cdf-cc4f37668687;701204a1-ece5-553a-b99f-91c4d116fcb0;A320;N706JB;N706JB;2026-09-24;15:45:00;2026-09-24T15:53:01Z;2026-09-24T21:22:31Z;329;;;13005;12802.05;;;13005;-202.95;-1.56;NORMAL;ACARS;;CONFIRMED;;;false;;;;false;;;;2026-09-28T00:00:00Z;SEED_BURNS_LEDGER;2026-09-28T00:00:00Z;SEED_BURNS_LEDGER
b483f9d1-cb13-5437-85c7-99d0a0bb74ab;c1b5f6f0-b33a-5671-aa58-7dc6ad249bd0;A223;N3077J;N3077J;2026-09-24;15:50:00;2026-09-24T15:53:20Z;2026-09-24T17:57:33Z;124;;;3284;3328.09;;;3284;44.09;1.34;NORMAL;ACARS;;CONFIRMED;;;false;;;;false;;;;2026-09-28T00:00:00Z;SEED_BURNS_LEDGER;2026-09-28T00:00:00Z;SEED_BURNS_LEDGER
b1a5c4c3-b6f1-5390-9c60-01bb69689dc6;ea34031c-763d-50d3-8bda-ced51262ac51;A320;N703JB;N703JB;2026-09-24;15:45:00;2026-09-24T15:54:54Z;2026-09-24T19:06:40Z;192;;;6588;7001.29;;;6588;413.29;6.27;EXCEEDED;ACARS;;CONFIRMED;;;false;;;;false;;;;2026-09-28T00:00:00Z;SEED_BURNS_LEDGER;2026-09-28T00:00:00Z;SEED_BURNS_LEDGER
37cd43da-0fff-52df-83fb-e5807468b998;b183a03b-12b6-59c0-90e1-a253b87b4f4b;A320;N653JB;N653JB;2026-09-24;15:45:00;2026-09-24T15:56:56Z;2026-09-24T18:08:22Z;131;;;3910;4118.24;;;3910;208.24;5.33;EXCEEDED;ACARS;;CONFIRMED;;;false;;;;false;;;;2026-09-28T00:00:00Z;SEED_BURNS_LEDGER;2026-09-28T00:00:00Z;SEED_BURNS_LEDGER
30127495-e0ca-59a4-a865-27f7b02016b5;dab779e1-2c4d-5e3e-9f0a-d1d29070b15a;A223;N3104J;N3104J;2026-09-24;14:55:00;2026-09-24T15:58:01Z;2026-09-24T20:04:00Z;246;;;7854;7607.95;;;7854;-246.05;-3.13;NORMAL;ACARS;;CONFIRMED;;;false;;;;false;;;;2026-09-28T00:00:00Z;SEED_BURNS_LEDGER;2026-09-28T00:00:00Z;SEED_BURNS_LEDGER
817cbb22-4d87-5710-be0b-4f27c1e07629;98843653-0eb0-5d19-a001-73a2ab8d1c4f;A320;N519JB;N519JB;2026-09-24;15:55:00;2026-09-24T15:58:44Z;2026-09-24T17:50:23Z;112;;;3655;3708.58;;;3655;53.58;1.47;NORMAL;ACARS;;CONFIRMED;;;false;;;;false;;;;2026-09-28T00:00:00Z;SEED_BURNS_LEDGER;2026-09-28T00:00:00Z;SEED_BURNS_LEDGER
0336df4f-0057-589d-92a1-03b10b70835b;c68aa63a-f480-55d2-8075-5a2a47e471a2;A321;N937JB;N937JB;2026-09-24;14:35:00;2026-09-24T15:58:54Z;2026-09-24T21:53:01Z;354;;;14797;15008.01;;;14797;211.01;1.43;NORMAL;ACARS;;CONFIRMED;;;false;;;;false;;;;2026-09-28T00:00:00Z;SEED_BURNS_LEDGER;2026-09-28T00:00:00Z;SEED_BURNS_LEDGER
00cfa398-94af-50f6-9b76-836d00173138;a8faeb3b-4aa5-57a0-8d76-762fe3cbdbae;A321;N987JT;N987JT;2026-09-24;15:50:00;2026-09-24T16:02:43Z;2026-09-24T21:18:36Z;316;;;13178;13425.77;;;13178;247.77;1.88;NORMAL;ACARS;;CONFIRMED;;;false;;;;false;;;;2026-09-28T00:00:00Z;SEED_BURNS_LEDGER;2026-09-28T00:00:00Z;SEED_BURNS_LEDGER
4dbdd49b-da1f-5356-9d8b-e3c7742ddf46;f49d3dca-c264-5f6d-8122-1778e4b144dd;A320;N651JB;N651JB;2026-09-24;15:55:00;2026-09-24T16:02:57Z;2026-09-24T19:44:48Z;222;;;8372;8033.51;;;8372;-338.49;-4.04;NORMAL;ACARS;;CONFIRMED;;;false;;;;false;;;;2026-09-28T00:00:00Z;SEED_BURNS_LEDGER;2026-09-28T00:00:00Z;SEED_BURNS_LEDGER
111eaf3d-2289-5cd8-9b92-339627a9cb51;78e3e797-5c9f-5d76-b8ce-157810173c4e;A320;N643JB;N643JB;2026-09-24;15:50:00;2026-09-24T16:03:31Z;2026-09-24T17:58:14Z;115;;;3740;3953.58;;;3740;213.58;5.71;EXCEEDED;ACARS;;CONFIRMED;;;false;;;;false;;;;2026-09-28T00:00:00Z;SEED_BURNS_LEDGER;2026-09-28T00:00:00Z;SEED_BURNS_LEDGER
895b9e15-39fd-5789-ae26-37352e68f20c;3c535fec-92e3-54a7-a7cc-18b55a0de98f;A321;N949JT;N949JT;2026-09-24;15:55:00;2026-09-24T16:04:39Z;2026-09-24T19:25:42Z;201;;;8038;8553.67;;;8038;515.67;6.42;EXCEEDED;ACARS;;CONFIRMED;;;false;;;;false;;;;2026-09-28T00:00:00Z;SEED_BURNS_LEDGER;2026-09-28T00:00:00Z;SEED_BURNS_LEDGER
c7f22065-a133-54eb-ba0a-03067cb36ec0;78ee7c8a-c411-537f-b251-6b16e913d3b5;A320;N535JB;N535JB;2026-09-24;16:05:00;2026-09-24T16:11:48Z;2026-09-24T18:46:12Z;154;;;5270;5249.15;;;5270;-20.85;-0.4;NORMAL;ACARS;;CONFIRMED;;;false;;;;false;;;;2026-09-28T00:00:00Z;SEED_BURNS_LEDGER;2026-09-28T00:00:00Z;SEED_BURNS_LEDGER
932dd082-7ffd-53c2-9b67-cab488b1d0f5;e4ad860a-197e-59a0-9b52-4f1d0f534576;A223;N3269J;N3269J;2026-09-24;16:05:00;2026-09-24T16:11:51Z;2026-09-24T18:58:16Z;166;;;4962;4697.42;;;4962;-264.58;-5.33;EXCEEDED;ACARS;;CONFIRMED;;;false;;;;false;;;;2026-09-28T00:00:00Z;SEED_BURNS_LEDGER;2026-09-28T00:00:00Z;SEED_BURNS_LEDGER
799597c9-4c37-5467-aa00-913e81a5930f;a1de453f-8379-5a52-adac-cd626954facb;A320;N597JB;N597JB;2026-09-24;16:00:00;2026-09-24T16:12:39Z;2026-09-24T19:10:53Z;178;;;6588;6640.08;;;6588;52.08;0.79;NORMAL;ACARS;;CONFIRMED;;;false;;;;false;;;;2026-09-28T00:00:00Z;SEED_BURNS_LEDGER;2026-09-28T00:00:00Z;SEED_BURNS_LEDGER
9be74dd2-1b61-5310-88c8-da69b499c836;cb59578c-a6a5-505e-b8d7-4196b576a3ad;A320;N563JB;N563JB;2026-09-24;16:05:00;2026-09-24T16:14:28Z;2026-09-24T19:25:14Z;191;;;7098;6827.66;;;7098;-270.34;-3.81;NORMAL;ACARS;;CONFIRMED;;;false;;;;false;;;;2026-09-28T00:00:00Z;SEED_BURNS_LEDGER;2026-09-28T00:00:00Z;SEED_BURNS_LEDGER
8394dd7d-3457-5c51-8dcf-6243229df78c;7d8ed019-b9c1-5b92-b21d-3548b1676013;A321;N954JB;N954JB;2026-09-24;16:10:00;2026-09-24T16:14:42Z;2026-09-24T20:17:39Z;243;;;9894;10268.39;;;9894;374.39;3.78;NORMAL;ACARS;;CONFIRMED;;;false;;;;false;;;;2026-09-28T00:00:00Z;SEED_BURNS_LEDGER;2026-09-28T00:00:00Z;SEED_BURNS_LEDGER
cc0dc648-4916-5848-82f7-e72f696e12d4;e4645e84-510f-561a-a390-ba6050f972aa;A320;N524JB;N524JB;2026-09-24;16:05:00;2026-09-24T16:16:44Z;2026-09-24T20:55:05Z;278;;;10582;10309.44;;;10582;-272.56;-2.58;NORMAL;ACARS;;CONFIRMED;;;false;;;;false;;;;2026-09-28T00:00:00Z;SEED_BURNS_LEDGER;2026-09-28T00:00:00Z;SEED_BURNS_LEDGER
582d34dd-d6f8-5fd0-924a-2e9bb7dbcc0f;441c6646-2162-5de4-8cd3-77d45aa5fa75;A320;N729JB;N729JB;2026-09-24;16:10:00;2026-09-24T16:18:45Z;2026-09-24T19:04:42Z;166;;;5695;5862.67;;;5695;167.67;2.94;NORMAL;ACARS;;CONFIRMED;;;false;;;;false;;;;2026-09-28T00:00:00Z;SEED_BURNS_LEDGER;2026-09-28T00:00:00Z;SEED_BURNS_LEDGER
b1df881b-c932-593a-8abc-f3b73f325b7f;e5461e72-8c00-5ceb-88dd-c1f85672ce2d;A223;N3152J;N3152J;2026-09-24;16:10:00;2026-09-24T16:19:03Z;2026-09-24T17:51:37Z;93;;;2106;2224.01;;;2106;118.01;5.6;EXCEEDED;ACARS;;CONFIRMED;;;false;;;;false;;;;2026-09-28T00:00:00Z;SEED_BURNS_LEDGER;2026-09-28T00:00:00Z;SEED_BURNS_LEDGER
6d3ad8fd-7887-5bf9-aadf-3e6f592bf22b;0ddfd6a3-a6bb-546f-918e-909abe244bcb;A223;N3289J;N3289J;2026-09-24;15:55:00;2026-09-24T16:19:44Z;2026-09-24T17:30:18Z;71;;;1392;1590.35;;;1392;198.35;14.25;EXCEEDED;ACARS;;CONFIRMED;;;false;;;;false;;;;2026-09-28T00:00:00Z;SEED_BURNS_LEDGER;2026-09-28T00:00:00Z;SEED_BURNS_LEDGER
5b4404c7-fccc-5607-963d-2de768e8cac5;ca2929a8-3499-5d06-b2eb-127e13f8ddb5;A21N;N2038J;N2038J;2026-09-24;16:15:00;2026-09-24T16:22:25Z;2026-09-24T19:05:05Z;163;;;5035;5024.86;;;5035;-10.14;-0.2;NORMAL;ACARS;;CONFIRMED;;;false;;;;false;;;;2026-09-28T00:00:00Z;SEED_BURNS_LEDGER;2026-09-28T00:00:00Z;SEED_BURNS_LEDGER
9398a70f-f5a6-57c7-99af-71d0a822f5a1;6f290150-f766-53ef-ae14-ed0443b4a92e;A320;N794JB;N794JB;2026-09-24;16:20:00;2026-09-24T16:24:27Z;2026-09-24T19:17:46Z;173;;;6035;6364.25;;;6035;329.25;5.46;EXCEEDED;ACARS;;CONFIRMED;;;false;;;;false;;;;2026-09-28T00:00:00Z;SEED_BURNS_LEDGER;2026-09-28T00:00:00Z;SEED_BURNS_LEDGER
79c8fc42-2fa6-5d16-8fb0-7ba0ac27096c;48a64442-19d1-5cc1-bf3f-3d64a895a531;A223;N3145J;N3145J;2026-09-24;16:20:00;2026-09-24T16:25:20Z;2026-09-24T18:52:20Z;147;;;4177;4155.73;;;4177;-21.27;-0.51;NORMAL;ACARS;;CONFIRMED;;;false;;;;false;;;;2026-09-28T00:00:00Z;SEED_BURNS_LEDGER;2026-09-28T00:00:00Z;SEED_BURNS_LEDGER
8123c737-2ccd-5103-a6ce-ff0eb42e60d7;d99e865d-1065-5f04-9ef9-642b902e7988;A320;N784JB;N784JB;2026-09-24;16:20:00;2026-09-24T16:26:31Z;2026-09-24T19:14:05Z;168;;;5865;6158.39;;;5865;293.39;5;NORMAL;ACARS;;CONFIRMED;;;false;;;;false;;;;2026-09-28T00:00:00Z;SEED_BURNS_LEDGER;2026-09-28T00:00:00Z;SEED_BURNS_LEDGER
ca79ce77-38ef-51c7-a81f-3e18ae3114e4;ce2442e2-b8e1-51ac-8979-2c9e878d2ee1;A321;N978JB;N978JB;2026-09-24;16:20:00;2026-09-24T16:26:51Z;2026-09-24T22:14:27Z;348;;;15701;15028.74;;;15701;-672.26;-4.28;NORMAL;ACARS;;CONFIRMED;;;false;;;;false;;;;2026-09-28T00:00:00Z;SEED_BURNS_LEDGER;2026-09-28T00:00:00Z;SEED_BURNS_LEDGER
ccc02905-6c74-51ba-b08d-4920425df58b;e571d3f2-c7ab-5baf-99df-827ba11532e4;A223;N3142J;N3142J;2026-09-24;16:25:00;2026-09-24T16:28:27Z;2026-09-24T17:31:44Z;63;;;1142;1282.38;;;1142;140.38;12.29;EXCEEDED;ACARS;;CONFIRMED;;;false;;;;false;;;;2026-09-28T00:00:00Z;SEED_BURNS_LEDGER;2026-09-28T00:00:00Z;SEED_BURNS_LEDGER
d28b7dca-baa4-58f5-b723-afb6c3ac7c9e;b4ee4ddd-771a-5aa8-85d0-912f657c3432;A223;N3258J;N3258J;2026-09-24;16:30:00;2026-09-24T16:34:20Z;2026-09-24T19:08:32Z;154;;;4355;4529.2;;;4355;174.2;4;NORMAL;ACARS;;CONFIRMED;;;false;;;;false;;;;2026-09-28T00:00:00Z;SEED_BURNS_LEDGER;2026-09-28T00:00:00Z;SEED_BURNS_LEDGER
42be4471-7f31-5ec5-aca6-7dd823de5a29;314bbfa5-049d-586a-a1e1-805ca2e8bf61;A223;N3260J;N3260J;2026-09-24;16:30:00;2026-09-24T16:34:47Z;2026-09-24T19:10:19Z;156;;;4462;4517.39;;;4462;55.39;1.24;NORMAL;ACARS;;CONFIRMED;;;false;;;;false;;;;2026-09-28T00:00:00Z;SEED_BURNS_LEDGER;2026-09-28T00:00:00Z;SEED_BURNS_LEDGER
b5899eed-a368-59ac-be1f-89365e5ecb02;d828367d-d7ea-5814-adfc-455a515b5435;A223;N3291J;N3291J;2026-09-24;16:40:00;2026-09-24T16:41:25Z;2026-09-24T20:08:22Z;207;;;6426;6315.12;;;6426;-110.88;-1.73;NORMAL;ACARS;;CONFIRMED;;;false;;;;false;;;;2026-09-28T00:00:00Z;SEED_BURNS_LEDGER;2026-09-28T00:00:00Z;SEED_BURNS_LEDGER
b643e567-053b-531f-9250-46e7fc108701;bbe13ece-4af7-5811-917c-a32573ea616b;A320;N638JB;N638JB;2026-09-24;15:15:00;2026-09-24T16:41:30Z;2026-09-24T20:26:16Z;225;;;8372;8120.84;;;8372;-251.16;-3;NORMAL;ACARS;;CONFIRMED;;;false;;;;false;;;;2026-09-28T00:00:00Z;SEED_BURNS_LEDGER;2026-09-28T00:00:00Z;SEED_BURNS_LEDGER
480f49b4-8a7b-5a54-b881-3c20d3f8ce6c;b0c594fd-b55f-5c74-9dd4-74381f3441a0;A320;N523JB;N523JB;2026-09-24;16:35:00;2026-09-24T16:41:58Z;2026-09-24T19:36:54Z;175;;;6120;6249.53;;;6120;129.53;2.12;NORMAL;ACARS;;CONFIRMED;;;false;;;;false;;;;2026-09-28T00:00:00Z;SEED_BURNS_LEDGER;2026-09-28T00:00:00Z;SEED_BURNS_LEDGER
fad7821f-cf20-5a24-ae9e-85691a813ead;c4c2c9a0-96f7-5939-815e-556b7a83253b;A223;N3272J;N3272J;2026-09-24;16:40:00;2026-09-24T16:42:21Z;2026-09-24T19:25:57Z;164;;;4891;4811.73;;;4891;-79.27;-1.62;NORMAL;ACARS;;CONFIRMED;;;false;;;;false;;;;2026-09-28T00:00:00Z;SEED_BURNS_LEDGER;2026-09-28T00:00:00Z;SEED_BURNS_LEDGER
3a963882-3150-5407-8efb-9807fb1d2ac0;92b72f0e-1a19-5d97-9bd2-2316ff0f65d0;A223;N3085J;N3085J;2026-09-24;15:50:00;2026-09-24T16:42:57Z;2026-09-24T19:13:42Z;151;;;4462;4401.15;;;4462;-60.85;-1.36;NORMAL;ACARS;;CONFIRMED;;;false;;;;false;;;;2026-09-28T00:00:00Z;SEED_BURNS_LEDGER;2026-09-28T00:00:00Z;SEED_BURNS_LEDGER
49a189e1-2f33-50f3-adff-cab21e732386;a6ada0d9-a955-5147-9a96-452cad5c95cf;A320;N655JB;N655JB;2026-09-24;16:35:00;2026-09-24T16:46:07Z;2026-09-24T19:40:10Z;174;;;6078;6113.48;;;6078;35.48;0.58;NORMAL;ACARS;;CONFIRMED;;;false;;;;false;;;;2026-09-28T00:00:00Z;SEED_BURNS_LEDGER;2026-09-28T00:00:00Z;SEED_BURNS_LEDGER
c27aceac-49e6-59f5-b386-59df4d620837;0ebb27be-4857-5cb1-8b4c-74eee44c7a0a;A320;N505JB;N505JB;2026-09-24;16:40:00;2026-09-24T16:46:13Z;2026-09-24T19:23:33Z;157;;;5568;5416.85;;;5568;-151.15;-2.71;NORMAL;ACARS;;CONFIRMED;;;false;;;;false;;;;2026-09-28T00:00:00Z;SEED_BURNS_LEDGER;2026-09-28T00:00:00Z;SEED_BURNS_LEDGER
8faa2796-f9af-5d1b-9ef2-b3427142ef19;9ee422e5-37a5-5fa3-a57c-5815e2c4e66d;A320;N661JB;N661JB;2026-09-24;16:35:00;2026-09-24T16:47:31Z;2026-09-24T18:41:53Z;114;;;3698;3966.56;;;3698;268.56;7.26;EXCEEDED;ACARS;;CONFIRMED;;;false;;;;false;;;;2026-09-28T00:00:00Z;SEED_BURNS_LEDGER;2026-09-28T00:00:00Z;SEED_BURNS_LEDGER
6a85858a-4747-5c23-af07-2ac29de97239;af33e691-2cef-55ec-9fdd-ff473b5c782d;A321;N945JT;N945JT;2026-09-24;16:50:00;2026-09-24T17:00:19Z;2026-09-24T22:28:05Z;328;;;14178;14324.53;;;14178;146.53;1.03;NORMAL;ACARS;;CONFIRMED;;;false;;;;false;;;;2026-09-28T00:00:00Z;SEED_BURNS_LEDGER;2026-09-28T00:00:00Z;SEED_BURNS_LEDGER
105e3769-b30c-5624-acf9-98bc09f85809;86ae1d75-aaf3-5ee9-882a-547f3e480823;A321;N956JT;N956JT;2026-09-24;16:15:00;2026-09-24T17:05:18Z;2026-09-24T19:29:47Z;144;;;5610;5648.87;;;5610;38.87;0.69;NORMAL;ACARS;;CONFIRMED;;;false;;;;false;;;;2026-09-28T00:00:00Z;SEED_BURNS_LEDGER;2026-09-28T00:00:00Z;SEED_BURNS_LEDGER
2986e16c-8514-56f8-87bc-372edba89f38;bcea2ffe-862e-54c6-ba84-8514cec53c26;A320;N599JB;N599JB;2026-09-24;17:00:00;2026-09-24T17:05:26Z;2026-09-24T19:55:02Z;170;;;5865;6092.83;;;5865;227.83;3.88;NORMAL;ACARS;;CONFIRMED;;;false;;;;false;;;;2026-09-28T00:00:00Z;SEED_BURNS_LEDGER;2026-09-28T00:00:00Z;SEED_BURNS_LEDGER
be6a543d-e10a-506f-9efb-3c1f286e6813;7e347611-2828-54fb-9529-b8a6ba756ef6;A223;N3280J;N3280J;2026-09-24;17:05:00;2026-09-24T17:08:46Z;2026-09-24T19:03:07Z;114;;;2892;2916.88;;;2892;24.88;0.86;NORMAL;ACARS;;CONFIRMED;;;false;;;;false;;;;2026-09-28T00:00:00Z;SEED_BURNS_LEDGER;2026-09-28T00:00:00Z;SEED_BURNS_LEDGER
897079f8-7024-5ff1-94a5-09f649141376;cb4e89fa-349c-5b75-8736-b1239fb05330;A223;N3118J;N3118J;2026-09-24;17:05:00;2026-09-24T17:12:47Z;2026-09-24T18:39:57Z;87;;;1928;2104.97;;;1928;176.97;9.18;EXCEEDED;ACARS;;CONFIRMED;;;false;;;;false;;;;2026-09-28T00:00:00Z;SEED_BURNS_LEDGER;2026-09-28T00:00:00Z;SEED_BURNS_LEDGER
033b7b33-a676-59ed-9527-748bccf28415;b35abf71-07c9-5d4b-9be6-b297eb610e57;A223;N3194J;N3194J;2026-09-24;17:05:00;2026-09-24T17:15:04Z;2026-09-24T18:48:25Z;93;;;2178;2225.83;;;2178;47.83;2.2;NORMAL;ACARS;;CONFIRMED;;;false;;;;false;;;;2026-09-28T00:00:00Z;SEED_BURNS_LEDGER;2026-09-28T00:00:00Z;SEED_BURNS_LEDGER
28355c5d-acfc-5180-866a-e4af688920a2;45d21932-1f4e-5582-bcc7-200bad9d6a57;A223;N3149J;N3149J;2026-09-24;17:15:00;2026-09-24T17:18:45Z;2026-09-24T21:02:24Z;224;;;7033;6769.68;;;7033;-263.32;-3.74;NORMAL;ACARS;;CONFIRMED;;;false;;;;false;;;;2026-09-28T00:00:00Z;SEED_BURNS_LEDGER;2026-09-28T00:00:00Z;SEED_BURNS_LEDGER
608879e2-57c0-5637-ac54-3b1dc702e204;cbe19568-4a48-533d-a8ec-32193473a7af;A321;N967JT;N967JT;2026-09-24;17:10:00;2026-09-24T17:21:36Z;2026-09-24T22:51:17Z;330;;;14416;14703.64;;;14416;287.64;2;NORMAL;ACARS;;CONFIRMED;;;false;;;;false;;;;2026-09-28T00:00:00Z;SEED_BURNS_LEDGER;2026-09-28T00:00:00Z;SEED_BURNS_LEDGER
76befb2d-3a1f-58e8-b47e-23c196db96b3;17c1d622-c620-58a8-b46d-880ce93cd237;A320;N646JB;N646JB;2026-09-24;17:20:00;2026-09-24T17:22:27Z;2026-09-24T20:04:01Z;162;;;5270;5747.2;;;5270;477.2;9.06;EXCEEDED;ACARS;;CONFIRMED;;;false;;;;false;;;;2026-09-28T00:00:00Z;SEED_BURNS_LEDGER;2026-09-28T00:00:00Z;SEED_BURNS_LEDGER
dd51923c-0c32-5b64-8ecf-f0db287a50bf;76d0a428-004e-516f-a842-0461d24332bc;A223;N3065J;N3065J;2026-09-24;15:55:00;2026-09-24T17:23:30Z;2026-09-24T20:07:20Z;164;;;4784;4769.9;;;4784;-14.1;-0.29;NORMAL;ACARS;;CONFIRMED;;;false;;;;false;;;;2026-09-28T00:00:00Z;SEED_BURNS_LEDGER;2026-09-28T00:00:00Z;SEED_BURNS_LEDGER
9c054717-0513-5242-b400-a53f53d81c25;a577f098-f39f-57f0-9724-abc5b6524d91;A223;N3298J;N3298J;2026-09-24;17:15:00;2026-09-24T17:23:32Z;2026-09-24T19:05:34Z;102;;;2535;2493.4;;;2535;-41.6;-1.64;NORMAL;ACARS;;CONFIRMED;;;false;;;;false;;;;2026-09-28T00:00:00Z;SEED_BURNS_LEDGER;2026-09-28T00:00:00Z;SEED_BURNS_LEDGER
12926961-bd4c-5257-a6ce-2e7817eb3392;3596b9db-df5c-5f63-acef-688e1b53cb3c;A223;N3322J;N3322J;2026-09-24;17:15:00;2026-09-24T17:24:34Z;2026-09-24T19:32:03Z;127;;;3249;3519.22;;;3249;270.22;8.32;EXCEEDED;ACARS;;CONFIRMED;;;false;;;;false;;;;2026-09-28T00:00:00Z;SEED_BURNS_LEDGER;2026-09-28T00:00:00Z;SEED_BURNS_LEDGER
1b5eb334-f42b-5dc4-96cd-39e7f177064a;dce1bc02-c491-5b49-b7cb-4e88a1e85615;A320;N592JB;N592JB;2026-09-24;17:25:00;2026-09-24T17:29:55Z;2026-09-24T20:13:13Z;163;;;5568;5663.04;;;5568;95.04;1.71;NORMAL;ACARS;;CONFIRMED;;;false;;;;false;;;;2026-09-28T00:00:00Z;SEED_BURNS_LEDGER;2026-09-28T00:00:00Z;SEED_BURNS_LEDGER
31c358e5-a0ec-5bf7-a2f3-c9366a310541;883bf99a-5532-57a8-bc09-6d58ce77ec71;A320;N529JB;N529JB;2026-09-24;17:25:00;2026-09-24T17:30:28Z;2026-09-24T20:00:13Z;150;;;5270;5355.43;;;5270;85.43;1.62;NORMAL;ACARS;;CONFIRMED;;;false;;;;false;;;;2026-09-28T00:00:00Z;SEED_BURNS_LEDGER;2026-09-28T00:00:00Z;SEED_BURNS_LEDGER
e12308d8-f80e-58d3-aa25-8fd11eb9bb31;7f11af72-12ee-5981-b9c2-2011c1c82b18;A320;N712JB;N712JB;2026-09-24;17:25:00;2026-09-24T17:33:27Z;2026-09-24T19:41:23Z;128;;;4335;4393.66;;;4335;58.66;1.35;NORMAL;ACARS;;CONFIRMED;;;false;;;;false;;;;2026-09-28T00:00:00Z;SEED_BURNS_LEDGER;2026-09-28T00:00:00Z;SEED_BURNS_LEDGER
2f7936de-c6e1-505b-a417-41d34567e1b3;fe917bd9-85ab-547c-a523-0b29def29daa;A223;N3125J;N3125J;2026-09-24;17:30:00;2026-09-24T17:33:54Z;2026-09-24T20:09:01Z;155;;;4248;4335.11;;;4248;87.11;2.05;NORMAL;ACARS;;CONFIRMED;;;false;;;;false;;;;2026-09-28T00:00:00Z;SEED_BURNS_LEDGER;2026-09-28T00:00:00Z;SEED_BURNS_LEDGER
1e41269b-e086-59ca-9caf-9d8437e0ec23;2c747939-c32a-5e2d-9fc7-abc263923e7b;A321;N999JQ;N999JQ;2026-09-24;17:30:00;2026-09-24T17:35:39Z;2026-09-24T20:38:34Z;183;;;7895;7398;;;7895;-497;-6.3;EXCEEDED;ACARS;;CONFIRMED;;;false;;;;false;;;;2026-09-28T00:00:00Z;SEED_BURNS_LEDGER;2026-09-28T00:00:00Z;SEED_BURNS_LEDGER
365ded36-fd11-5daa-9b35-d861027c0c9b;6f576a0a-3f95-50bd-bbea-88b4a4b5c1e3;A320;N598JB;N598JB;2026-09-24;17:10:00;2026-09-24T17:36:30Z;2026-09-24T20:34:04Z;178;;;6502;6373.74;;;6502;-128.26;-1.97;NORMAL;ACARS;;CONFIRMED;;;false;;;;false;;;;2026-09-28T00:00:00Z;SEED_BURNS_LEDGER;2026-09-28T00:00:00Z;SEED_BURNS_LEDGER
be66d71f-0ade-5dda-8bbf-88eb88ab197c;0c468d65-8862-5cd6-865c-63814145b050;A320;N606JB;N606JB;2026-09-24;17:10:00;2026-09-24T17:37:34Z;2026-09-24T19:30:24Z;113;;;3655;3723.32;;;3655;68.32;1.87;NORMAL;ACARS;;CONFIRMED;;;false;;;;false;;;;2026-09-28T00:00:00Z;SEED_BURNS_LEDGER;2026-09-28T00:00:00Z;SEED_BURNS_LEDGER
ad6ef541-f415-5379-8092-ad4fee3fb0e5;84163df9-bc81-5971-95e7-a74b1677fa26;A321;N998JE;N998JE;2026-09-24;17:30:00;2026-09-24T17:37:53Z;2026-09-24T20:55:55Z;198;;;8514;8184.58;;;8514;-329.42;-3.87;NORMAL;ACARS;;CONFIRMED;;;false;;;;false;;;;2026-09-28T00:00:00Z;SEED_BURNS_LEDGER;2026-09-28T00:00:00Z;SEED_BURNS_LEDGER
e00ab88f-8cfc-57df-b5da-aee91fc7a496;7b42a236-c612-50df-9106-f714f0d43172;A320;N552JB;N552JB;2026-09-24;17:00:00;2026-09-24T17:44:18Z;2026-09-24T21:03:27Z;199;;;7480;7407.35;;;7480;-72.65;-0.97;NORMAL;ACARS;;CONFIRMED;;;false;;;;false;;;;2026-09-28T00:00:00Z;SEED_BURNS_LEDGER;2026-09-28T00:00:00Z;SEED_BURNS_LEDGER
d24645cf-826a-5b2a-ada1-543eae2d43dc;e33ebebb-aff6-5d12-ba1a-26ad78e5314e;A320;N613JB;N613JB;2026-09-24;17:00:00;2026-09-24T17:44:22Z;2026-09-24T20:37:36Z;173;;;6035;6417.91;;;6035;382.91;6.34;EXCEEDED;ACARS;;CONFIRMED;;;false;;;;false;;;;2026-09-28T00:00:00Z;SEED_BURNS_LEDGER;2026-09-28T00:00:00Z;SEED_BURNS_LEDGER
987fe56c-e641-5ac2-9c2c-b8aafc599891;f23a3eaf-dff7-5a13-9d07-b808185d2982;A320;N580JB;N580JB;2026-09-24;16:15:00;2026-09-24T17:44:46Z;2026-09-24T18:52:55Z;68;;;1742;1832.09;;;1742;90.09;5.17;EXCEEDED;ACARS;;CONFIRMED;;;false;;;;false;;;;2026-09-28T00:00:00Z;SEED_BURNS_LEDGER;2026-09-28T00:00:00Z;SEED_BURNS_LEDGER
ec1064f3-0cd8-5b33-a451-68f575922906;85abc5cf-ee7a-5c78-9969-2b5ac26f7976;A320;N591JB;N591JB;2026-09-24;16:35:00;2026-09-24T17:44:54Z;2026-09-24T19:47:18Z;122;;;3952;3915.83;;;3952;-36.17;-0.92;NORMAL;ACARS;;CONFIRMED;;;false;;;;false;;;;2026-09-28T00:00:00Z;SEED_BURNS_LEDGER;2026-09-28T00:00:00Z;SEED_BURNS_LEDGER
dc409421-5ac2-51b2-b8b9-fc50abea825a;f970faba-e13c-59a5-950a-0787ee9098b0;A320;N612JB;N612JB;2026-09-24;17:45:00;2026-09-24T17:50:31Z;2026-09-24T20:40:30Z;170;;;5865;6185.29;;;5865;320.29;5.46;EXCEEDED;ACARS;;CONFIRMED;;;false;;;;false;;;;2026-09-28T00:00:00Z;SEED_BURNS_LEDGER;2026-09-28T00:00:00Z;SEED_BURNS_LEDGER
5aa25870-8759-5cd3-85e1-ad395bf1673b;1282ad24-1966-5d25-a8de-da530e68e52c;A223;N3242J;N3242J;2026-09-24;17:40:00;2026-09-24T17:50:32Z;2026-09-24T20:32:27Z;162;;;4498;4419.18;;;4498;-78.82;-1.75;NORMAL;ACARS;;CONFIRMED;;;false;;;;false;;;;2026-09-28T00:00:00Z;SEED_BURNS_LEDGER;2026-09-28T00:00:00Z;SEED_BURNS_LEDGER
e0e1f613-bccd-5261-b7fd-11fb2ecd315f;b01cec56-2540-5442-89bb-aaca08cc71e8;A320;N623JB;N623JB;2026-09-24;17:40:00;2026-09-24T17:50:45Z;2026-09-24T20:36:54Z;166;;;5822;6088.6;;;5822;266.6;4.58;NORMAL;ACARS;;CONFIRMED;;;false;;;;false;;;;2026-09-28T00:00:00Z;SEED_BURNS_LEDGER;2026-09-28T00:00:00Z;SEED_BURNS_LEDGER
4d9963fd-a4af-566f-ae2e-3a6fc8b779de;aa2dbc5e-bd93-52af-aba0-0d1510707a9d;A320;N608JB;N608JB;2026-09-24;17:45:00;2026-09-24T17:52:17Z;2026-09-24T19:44:34Z;112;;;3400;3721.9;;;3400;321.9;9.47;EXCEEDED;ACARS;;CONFIRMED;;;false;;;;false;;;;2026-09-28T00:00:00Z;SEED_BURNS_LEDGER;2026-09-28T00:00:00Z;SEED_BURNS_LEDGER
3105f1bb-0a88-55d5-9da7-f99aca2d221b;60b8c7f5-1937-591f-a9c5-5d5218038965;A320;N590JB;N590JB;2026-09-24;17:45:00;2026-09-24T17:54:24Z;2026-09-24T21:50:45Z;236;;;9222;8701.96;;;9222;-520.04;-5.64;EXCEEDED;ACARS;;CONFIRMED;;;false;;;;false;;;;2026-09-28T00:00:00Z;SEED_BURNS_LEDGER;2026-09-28T00:00:00Z;SEED_BURNS_LEDGER
4e4c0a85-0ccf-5eb1-94a5-bde7ed04571b;74dff572-d0aa-52c1-899c-bce6b341d90e;A320;N645JB;N645JB;2026-09-24;17:50:00;2026-09-24T17:54:25Z;2026-09-24T19:07:10Z;73;;;1785;1961.48;;;1785;176.48;9.89;EXCEEDED;ACARS;;CONFIRMED;;;false;;;;false;;;;2026-09-28T00:00:00Z;SEED_BURNS_LEDGER;2026-09-28T00:00:00Z;SEED_BURNS_LEDGER
22102886-f747-5c16-b86b-e831e25b1e91;b6fb5f02-9567-52f6-b8c9-9f9b2f2ddb05;A223;N3229J;N3229J;2026-09-24;17:45:00;2026-09-24T17:55:54Z;2026-09-24T19:43:58Z;108;;;2570;2644.14;;;2570;74.14;2.88;NORMAL;ACARS;;CONFIRMED;;;false;;;;false;;;;2026-09-28T00:00:00Z;SEED_BURNS_LEDGER;2026-09-28T00:00:00Z;SEED_BURNS_LEDGER
5f5c91ce-78b4-55f6-b959-5f568a1a32c7;76fcbee8-ddc5-5af7-9788-9333b0b0be19;A321;N903JB;N903JB;2026-09-24;17:50:00;2026-09-24T17:57:31Z;2026-09-24T21:06:21Z;189;;;7228;7578.75;;;7228;350.75;4.85;NORMAL;ACARS;;CONFIRMED;;;false;;;;false;;;;2026-09-28T00:00:00Z;SEED_BURNS_LEDGER;2026-09-28T00:00:00Z;SEED_BURNS_LEDGER
12f05cbf-4a79-50d3-a703-fb99a5ca6566;c4ea1b42-ec6f-5fec-a2db-7c66b02548f3;A321;N935JB;N935JB;2026-09-24;17:55:00;2026-09-24T18:00:34Z;2026-09-24T23:34:34Z;334;;;14368;14637.34;;;14368;269.34;1.87;NORMAL;ACARS;;CONFIRMED;;;false;;;;false;;;;2026-09-28T00:00:00Z;SEED_BURNS_LEDGER;2026-09-28T00:00:00Z;SEED_BURNS_LEDGER
98d4a3a7-7d23-5b59-ad40-e2afeff8cc42;2f906147-be1b-537c-ba94-e62caac523b6;A320;N632JB;N632JB;2026-09-24;17:45:00;2026-09-24T18:04:57Z;2026-09-24T20:51:48Z;167;;;5908;6023.21;;;5908;115.21;1.95;NORMAL;ACARS;;CONFIRMED;;;false;;;;false;;;;2026-09-28T00:00:00Z;SEED_BURNS_LEDGER;2026-09-28T00:00:00Z;SEED_BURNS_LEDGER
de825598-392e-54d2-8a6c-915813168bd8;eb244dcd-07cb-571b-80fb-526640c6a54b;A321;N964JT;N964JT;2026-09-24;17:00:00;2026-09-24T18:07:46Z;2026-09-24T23:41:24Z;334;;;14083;14803.96;;;14083;720.96;5.12;EXCEEDED;ACARS;;CONFIRMED;;;false;;;;false;;;;2026-09-28T00:00:00Z;SEED_BURNS_LEDGER;2026-09-28T00:00:00Z;SEED_BURNS_LEDGER
de508fdb-666e-5677-b52c-0ba4acdc9a90;171d568e-6710-52a7-804c-c61b0ad508fc;A21N;N2156J;N2156J;2026-09-24;17:20:00;2026-09-24T18:08:41Z;2026-09-24T23:15:56Z;307;;;10010;10695.14;;;10010;685.14;6.84;EXCEEDED;ACARS;;CONFIRMED;;;false;;;;false;;;;2026-09-28T00:00:00Z;SEED_BURNS_LEDGER;2026-09-28T00:00:00Z;SEED_BURNS_LEDGER
79da7a9b-f1a5-561d-8df3-089252c2ce29;f563864b-07a3-577c-8478-beda6e6eadd0;A223;N3221J;N3221J;2026-09-24;17:00:00;2026-09-24T18:09:06Z;2026-09-24T19:41:51Z;93;;;1999;2147.6;;;1999;148.6;7.43;EXCEEDED;ACARS;;CONFIRMED;;;false;;;;false;;;;2026-09-28T00:00:00Z;SEED_BURNS_LEDGER;2026-09-28T00:00:00Z;SEED_BURNS_LEDGER
990c9e93-75a1-58a9-bac6-a812d31694f8;9b845b17-6b70-55e8-ba8f-cbebb0d931c1;A321;N947JB;N947JB;2026-09-24;17:55:00;2026-09-24T18:11:58Z;2026-09-24T23:18:03Z;306;;;12750;12861.14;;;12750;111.14;0.87;NORMAL;ACARS;;CONFIRMED;;;false;;;;false;;;;2026-09-28T00:00:00Z;SEED_BURNS_LEDGER;2026-09-28T00:00:00Z;SEED_BURNS_LEDGER
48438514-4cbf-507a-bec3-d7228b663e6e;5e349fd1-669a-576c-ac8c-a341fbcbd22a;A320;N537JT;N537JT;2026-09-24;18:05:00;2026-09-24T18:12:50Z;2026-09-24T19:10:38Z;58;;;1530;1453.27;;;1530;-76.73;-5.02;EXCEEDED;ACARS;;CONFIRMED;;;false;;;;false;;;;2026-09-28T00:00:00Z;SEED_BURNS_LEDGER;2026-09-28T00:00:00Z;SEED_BURNS_LEDGER
8b7cc3c4-b75e-5ec0-aaaa-f49620b92fe3;a5c6e76a-1db6-568b-a03f-46de42f40484;A223;N3113J;N3113J;2026-09-24;18:05:00;2026-09-24T18:14:25Z;2026-09-24T19:35:58Z;82;;;1606;1758.74;;;1606;152.74;9.51;EXCEEDED;ACARS;;CONFIRMED;;;false;;;;false;;;;2026-09-28T00:00:00Z;SEED_BURNS_LEDGER;2026-09-28T00:00:00Z;SEED_BURNS_LEDGER
74a49d4f-c26b-5dba-b9ab-154101686cfd;b256232e-86ed-592e-953e-3c803ff65223;A223;N3121J;N3121J;2026-09-24;18:05:00;2026-09-24T18:15:48Z;2026-09-24T20:22:47Z;127;;;3499;3427.11;;;3499;-71.89;-2.05;NORMAL;ACARS;;CONFIRMED;;;false;;;;false;;;;2026-09-28T00:00:00Z;SEED_BURNS_LEDGER;2026-09-28T00:00:00Z;SEED_BURNS_LEDGER
407c32e3-fcd7-5842-96a4-a1a9adf5e3f3;1afa70da-7ea5-58ff-8415-5915c2f66a2f;A320;N657JB;N657JB;2026-09-24;16:50:00;2026-09-24T18:18:46Z;2026-09-24T20:52:33Z;154;;;5100;5143.71;;;5100;43.71;0.86;NORMAL;ACARS;;CONFIRMED;;;false;;;;false;;;;2026-09-28T00:00:00Z;SEED_BURNS_LEDGER;2026-09-28T00:00:00Z;SEED_BURNS_LEDGER
d2b9e3e6-9c52-500f-aa97-326b6031eeb3;5e760ba0-29c1-597b-b748-2221a70cb2c3;A21N;N2165J;N2165J;2026-09-24;18:05:00;2026-09-24T18:18:49Z;2026-09-24T23:57:09Z;338;;;11580;11282.65;;;11580;-297.35;-2.57;NORMAL;ACARS;;CONFIRMED;;;false;;;;false;;;;2026-09-28T00:00:00Z;SEED_BURNS_LEDGER;2026-09-28T00:00:00Z;SEED_BURNS_LEDGER
d2ef349c-0e07-5564-b2b9-884db1b6b0f1;c65d7dba-b665-5da9-bbd2-f19c6cd0c759;A320;N649JB;N649JB;2026-09-24;16:50:00;2026-09-24T18:20:42Z;2026-09-24T20:48:52Z;148;;;5058;5329.57;;;5058;271.57;5.37;EXCEEDED;ACARS;;CONFIRMED;;;false;;;;false;;;;2026-09-28T00:00:00Z;SEED_BURNS_LEDGER;2026-09-28T00:00:00Z;SEED_BURNS_LEDGER
aba970c8-a5d0-5457-adfa-df115a070b4d;5ca751e1-494d-570a-8534-a2e24b606d92;A223;N3138J;N3138J;2026-09-24;18:15:00;2026-09-24T18:21:37Z;2026-09-24T20:34:53Z;133;;;3677;3579.19;;;3677;-97.81;-2.66;NORMAL;ACARS;;CONFIRMED;;;false;;;;false;;;;2026-09-28T00:00:00Z;SEED_BURNS_LEDGER;2026-09-28T00:00:00Z;SEED_BURNS_LEDGER
ec8c470a-bf3d-55ac-b6de-37a4cc38589d;b794e92a-ad73-5034-937f-2ae0dde221d0;A321;N970JB;N970JB;2026-09-24;18:20:00;2026-09-24T18:21:51Z;2026-09-24T20:47:04Z;145;;;5896;5670.71;;;5896;-225.29;-3.82;NORMAL;ACARS;;CONFIRMED;;;false;;;;false;;;;2026-09-28T00:00:00Z;SEED_BURNS_LEDGER;2026-09-28T00:00:00Z;SEED_BURNS_LEDGER
1332c914-c3f9-5a1d-a019-351636218209;0a8bae7c-a66d-547d-a79e-76ab234cdae9;A321;N942JB;N942JB;2026-09-24;18:25:00;2026-09-24T18:27:18Z;2026-09-24T23:09:22Z;282;;;12131;12138.02;;;12131;7.02;0.06;NORMAL;ACARS;;CONFIRMED;;;false;;;;false;;;;2026-09-28T00:00:00Z;SEED_BURNS_LEDGER;2026-09-28T00:00:00Z;SEED_BURNS_LEDGER
6d022ff7-d57d-5e64-af3b-888a2b2398f7;8f819944-1dc6-5ae5-b3ff-12a8f52173a4;A223;N3276J;N3276J;2026-09-24;17:50:00;2026-09-24T18:27:41Z;2026-09-24T20:18:10Z;110;;;2499;2723.38;;;2499;224.38;8.98;EXCEEDED;ACARS;;CONFIRMED;;;false;;;;false;;;;2026-09-28T00:00:00Z;SEED_BURNS_LEDGER;2026-09-28T00:00:00Z;SEED_BURNS_LEDGER
cafead4e-466b-5d73-bd94-1d4cd211a506;1662b01a-0ac8-5bfc-b43f-8ac4a80ae2ba;A320;N559JB;N559JB;2026-09-24;18:25:00;2026-09-24T18:32:38Z;2026-09-24T20:50:33Z;138;;;4760;4881.29;;;4760;121.29;2.55;NORMAL;ACARS;;CONFIRMED;;;false;;;;false;;;;2026-09-28T00:00:00Z;SEED_BURNS_LEDGER;2026-09-28T00:00:00Z;SEED_BURNS_LEDGER
397e8da3-69b9-5b5c-acb6-1cbdf3a0e950;084eed89-b3e9-5f55-851d-ec47e27c004a;A223;N3289J;N3289J;2026-09-24;18:05:00;2026-09-24T18:35:44Z;2026-09-24T21:18:46Z;163;;;4677;4636.03;;;4677;-40.97;-0.88;NORMAL;ACARS;;CONFIRMED;;;false;;;;false;;;;2026-09-28T00:00:00Z;SEED_BURNS_LEDGER;2026-09-28T00:00:00Z;SEED_BURNS_LEDGER
f419ac3e-4105-56f3-ac24-dc295298c62d;64d3eb3e-6737-593c-9ac9-cfa4173e8ab4;A320;N806JB;N806JB;2026-09-24;18:30:00;2026-09-24T18:38:49Z;2026-09-24T21:30:02Z;171;;;5908;6268.55;;;5908;360.55;6.1;EXCEEDED;ACARS;;CONFIRMED;;;false;;;;false;;;;2026-09-28T00:00:00Z;SEED_BURNS_LEDGER;2026-09-28T00:00:00Z;SEED_BURNS_LEDGER
8fc90fe3-fbc5-5c42-b3e2-706885a6d44c;d610a490-31fc-59bf-8223-ce52ab02872e;A321;N905JB;N905JB;2026-09-24;18:30:00;2026-09-24T18:39:58Z;2026-09-24T22:05:13Z;205;;;8609;8318.48;;;8609;-290.52;-3.37;NORMAL;ACARS;;CONFIRMED;;;false;;;;false;;;;2026-09-28T00:00:00Z;SEED_BURNS_LEDGER;2026-09-28T00:00:00Z;SEED_BURNS_LEDGER
c01da87f-2391-534c-ad98-8f918bed05ad;d7ca695a-9fee-5dee-9493-37bd75b583ab;A320;N584JB;N584JB;2026-09-24;18:40:00;2026-09-24T18:40:32Z;2026-09-24T20:38:23Z;118;;;3782;3849.13;;;3782;67.13;1.77;NORMAL;ACARS;;CONFIRMED;;;false;;;;false;;;;2026-09-28T00:00:00Z;SEED_BURNS_LEDGER;2026-09-28T00:00:00Z;SEED_BURNS_LEDGER
82bb530c-98c4-5765-8a7b-fe8645a584f7;ff239700-3086-515c-b4b8-185c2ccb93c9;A321;N988JT;N988JT;2026-09-24;18:35:00;2026-09-24T18:41:21Z;2026-09-25T00:32:00Z;351;;;14702;15114.33;;;14702;412.33;2.8;NORMAL;ACARS;;CONFIRMED;;;false;;;;false;;;;2026-09-28T00:00:00Z;SEED_BURNS_LEDGER;2026-09-28T00:00:00Z;SEED_BURNS_LEDGER
5bcb8988-4d98-57e8-8669-86077813b81a;7943cb12-4b4d-5813-9c86-e4f6f01fb327;A320;N804JB;N804JB;2026-09-24;18:35:00;2026-09-24T18:42:37Z;2026-09-24T21:30:18Z;168;;;6120;6077.73;;;6120;-42.27;-0.69;NORMAL;ACARS;;CONFIRMED;;;false;;;;false;;;;2026-09-28T00:00:00Z;SEED_BURNS_LEDGER;2026-09-28T00:00:00Z;SEED_BURNS_LEDGER
89457b43-f958-5196-ad84-58b0f3168211;9d6bf349-1f9a-5cc6-98c5-cab2b215001b;A321;N975JT;N975JT;2026-09-24;18:40:00;2026-09-24T18:47:00Z;2026-09-24T21:48:26Z;181;;;7609;7475.27;;;7609;-133.73;-1.76;NORMAL;ACARS;;CONFIRMED;;;false;;;;false;;;;2026-09-28T00:00:00Z;SEED_BURNS_LEDGER;2026-09-28T00:00:00Z;SEED_BURNS_LEDGER
5cf5a674-f163-597f-9bea-8fc8b18dcb54;763bf847-af4d-58e6-8941-807daa006a46;A320;N637JB;N637JB;2026-09-24;18:45:00;2026-09-24T18:50:00Z;2026-09-24T21:42:21Z;172;;;6332;6199.2;;;6332;-132.8;-2.1;NORMAL;ACARS;;CONFIRMED;;;false;;;;false;;;;2026-09-28T00:00:00Z;SEED_BURNS_LEDGER;2026-09-28T00:00:00Z;SEED_BURNS_LEDGER
f0662244-c754-5104-98b0-e872ff597943;a4ebc81b-90f4-589e-aa40-7b0c7e24bec2;A321;N959JB;N959JB;2026-09-24;18:20:00;2026-09-24T18:52:18Z;2026-09-24T21:40:08Z;168;;;6657;6572.95;;;6657;-84.05;-1.26;NORMAL;ACARS;;CONFIRMED;;;false;;;;false;;;;2026-09-28T00:00:00Z;SEED_BURNS_LEDGER;2026-09-28T00:00:00Z;SEED_BURNS_LEDGER
3a9a7bde-1c1b-5d14-85d2-b167511cf81e;809db08a-6837-59a1-9c75-02e827646b0d;A21N;N2039J;N2039J;2026-09-24;18:50:00;2026-09-24T18:53:10Z;2026-09-24T21:25:18Z;152;;;4661;4840.17;;;4661;179.17;3.84;NORMAL;ACARS;;CONFIRMED;;;false;;;;false;;;;2026-09-28T00:00:00Z;SEED_BURNS_LEDGER;2026-09-28T00:00:00Z;SEED_BURNS_LEDGER
c0704e50-6b72-5957-a4bb-f3c35ce88719;2594b3a1-7c3e-597c-9af3-cb15ed165107;A320;N652JB;N652JB;2026-09-24;18:45:00;2026-09-24T18:55:11Z;2026-09-24T22:40:16Z;225;;;8670;8172.09;;;8670;-497.91;-5.74;EXCEEDED;ACARS;;CONFIRMED;;;false;;;;false;;;;2026-09-28T00:00:00Z;SEED_BURNS_LEDGER;2026-09-28T00:00:00Z;SEED_BURNS_LEDGER
7a406e7b-4ac4-510c-811d-42c6f613e9d4;2e5438cd-f5be-5df7-9685-c7f51d8fb617;A223;N3241J;N3241J;2026-09-24;18:55:00;2026-09-24T18:56:52Z;2026-09-24T20:45:13Z;108;;;2678;2687.84;;;2678;9.84;0.37;NORMAL;ACARS;;CONFIRMED;;;false;;;;false;;;;2026-09-28T00:00:00Z;SEED_BURNS_LEDGER;2026-09-28T00:00:00Z;SEED_BURNS_LEDGER
323d08d5-b605-527d-946d-b1392f4dbc53;379d0e42-21bf-5b3b-b56c-5c47bf0f9273;A320;N508JL;N508JL;2026-09-24;18:50:00;2026-09-24T18:58:09Z;2026-09-24T21:52:03Z;174;;;6078;5979.99;;;6078;-98.01;-1.61;NORMAL;ACARS;;CONFIRMED;;;false;;;;false;;;;2026-09-28T00:00:00Z;SEED_BURNS_LEDGER;2026-09-28T00:00:00Z;SEED_BURNS_LEDGER
c07e85d3-f5f4-5148-976f-d6d65329b66b;5442ac1e-8974-5f06-8b77-1aca5087381f;A321;N944JT;N944JT;2026-09-24;18:50:00;2026-09-24T19:00:11Z;2026-09-24T23:56:02Z;296;;;12893;13281.47;;;12893;388.47;3.01;NORMAL;ACARS;;CONFIRMED;;;false;;;;false;;;;2026-09-28T00:00:00Z;SEED_BURNS_LEDGER;2026-09-28T00:00:00Z;SEED_BURNS_LEDGER
9eb889b9-96be-52ee-9b5d-79fbca509aea;6fa7f689-4364-536b-b9e9-b68897bfd1dd;A21N;N2142J;N2142J;2026-09-24;18:50:00;2026-09-24T19:00:24Z;2026-09-24T23:56:04Z;296;;;10234;9709.18;;;10234;-524.82;-5.13;EXCEEDED;ACARS;;CONFIRMED;;;false;;;;false;;;;2026-09-28T00:00:00Z;SEED_BURNS_LEDGER;2026-09-28T00:00:00Z;SEED_BURNS_LEDGER
39b03e2c-988f-5c6e-be5a-59cdaeecbcfd;9ca00b07-a402-53e9-975f-229d528eafb6;A321;N929JB;N929JB;2026-09-24;18:55:00;2026-09-24T19:04:58Z;2026-09-25T00:54:06Z;349;;;15035;14757.68;;;15035;-277.32;-1.84;NORMAL;ACARS;;CONFIRMED;;;false;;;;false;;;;2026-09-28T00:00:00Z;SEED_BURNS_LEDGER;2026-09-28T00:00:00Z;SEED_BURNS_LEDGER
b425a635-4a4f-5f9f-a5cd-52ca8a164801;465d2d9d-d000-5ce0-902b-6b83fa84fd5d;A320;N520JB;N520JB;2026-09-24;19:00:00;2026-09-24T19:05:01Z;2026-09-24T21:58:09Z;173;;;6290;6132.74;;;6290;-157.26;-2.5;NORMAL;ACARS;;CONFIRMED;;;false;;;;false;;;;2026-09-28T00:00:00Z;SEED_BURNS_LEDGER;2026-09-28T00:00:00Z;SEED_BURNS_LEDGER
f38bb612-e48b-540e-a348-51ec9bc9a1cd;38dd7b15-34f1-5c91-93e4-ab345708eda9;A223;N3304J;N3304J;2026-09-24;19:00:00;2026-09-24T19:05:33Z;2026-09-24T20:57:18Z;112;;;2749;2771.31;;;2749;22.31;0.81;NORMAL;ACARS;;CONFIRMED;;;false;;;;false;;;;2026-09-28T00:00:00Z;SEED_BURNS_LEDGER;2026-09-28T00:00:00Z;SEED_BURNS_LEDGER
2d157cce-0a4a-56c8-9886-ad7cc2a4850d;d02edd6e-e9e3-5c54-b2a3-e7481b212062;A320;N809JB;N809JB;2026-09-24;18:35:00;2026-09-24T19:06:58Z;2026-09-24T21:36:29Z;150;;;5610;5339.27;;;5610;-270.73;-4.83;NORMAL;ACARS;;CONFIRMED;;;false;;;;false;;;;2026-09-28T00:00:00Z;SEED_BURNS_LEDGER;2026-09-28T00:00:00Z;SEED_BURNS_LEDGER
cfa9f112-c46d-5c89-a2b6-e6f96e734c80;82c7348b-73c3-5631-a8da-251c37c7fe40;A223;N3195J;N3195J;2026-09-24;19:05:00;2026-09-24T19:08:28Z;2026-09-24T20:41:16Z;93;;;2035;2222.62;;;2035;187.62;9.22;EXCEEDED;ACARS;;CONFIRMED;;;false;;;;false;;;;2026-09-28T00:00:00Z;SEED_BURNS_LEDGER;2026-09-28T00:00:00Z;SEED_BURNS_LEDGER
38cc8101-7910-54fe-abcc-13ae1bda2906;b1e1b522-71b4-53f3-bd77-c3a9fb9a3829;A320;N643JB;N643JB;2026-09-24;19:05:00;2026-09-24T19:08:38Z;2026-09-24T20:57:54Z;109;;;3740;3737;;;3740;-3;-0.08;NORMAL;ACARS;;CONFIRMED;;;false;;;;false;;;;2026-09-28T00:00:00Z;SEED_BURNS_LEDGER;2026-09-28T00:00:00Z;SEED_BURNS_LEDGER
38972747-161c-5e1f-9d57-35bde2c0b296;bf2b322a-8ca4-59af-889c-deac9986fd46;A320;N665JB;N665JB;2026-09-24;19:05:00;2026-09-24T19:11:39Z;2026-09-24T21:48:35Z;157;;;5270;5414.96;;;5270;144.96;2.75;NORMAL;ACARS;;CONFIRMED;;;false;;;;false;;;;2026-09-28T00:00:00Z;SEED_BURNS_LEDGER;2026-09-28T00:00:00Z;SEED_BURNS_LEDGER
714b1964-6920-59be-b933-f6d7a85e49d5;36aee0c8-3ad9-5fb9-9f66-527416825dcc;A223;N3244J;N3244J;2026-09-24;19:05:00;2026-09-24T19:12:04Z;2026-09-24T20:21:46Z;70;;;1178;1271.81;;;1178;93.81;7.96;EXCEEDED;ACARS;;CONFIRMED;;;false;;;;false;;;;2026-09-28T00:00:00Z;SEED_BURNS_LEDGER;2026-09-28T00:00:00Z;SEED_BURNS_LEDGER
0d61cace-43c9-5916-8e47-f061d1009aa1;3ff03d17-074e-56a5-a0e3-522b1032578d;A320;N605JB;N605JB;2026-09-24;19:10:00;2026-09-24T19:17:16Z;2026-09-24T22:30:05Z;193;;;6715;7035.8;;;6715;320.8;4.78;NORMAL;ACARS;;CONFIRMED;;;false;;;;false;;;;2026-09-28T00:00:00Z;SEED_BURNS_LEDGER;2026-09-28T00:00:00Z;SEED_BURNS_LEDGER
9049e0be-5eb2-59ba-816b-f294874edb21;5846b204-91ba-5aec-9f6e-238b3845c793;A321;N991JT;N991JT;2026-09-24;19:10:00;2026-09-24T19:21:49Z;2026-09-25T01:08:10Z;346;;;14654;14674.25;;;14654;20.25;0.14;NORMAL;ACARS;;CONFIRMED;;;false;;;;false;;;;2026-09-28T00:00:00Z;SEED_BURNS_LEDGER;2026-09-28T00:00:00Z;SEED_BURNS_LEDGER
2ba11303-0f90-5233-bc91-3478386425fa;60959345-4513-53d3-9a56-2b9455803314;A320;N603JB;N603JB;2026-09-24;19:20:00;2026-09-24T19:23:08Z;2026-09-24T21:20:10Z;117;;;3995;4111.1;;;3995;116.1;2.91;NORMAL;ACARS;;CONFIRMED;;;false;;;;false;;;;2026-09-28T00:00:00Z;SEED_BURNS_LEDGER;2026-09-28T00:00:00Z;SEED_BURNS_LEDGER
716e8414-d7af-524e-9952-3bcbbddb7b84;aa5fb564-bc0d-58a2-9a9d-f56ed5eeec23;A320;N630JB;N630JB;2026-09-24;19:15:00;2026-09-24T19:27:56Z;2026-09-24T23:11:46Z;224;;;8075;8144.34;;;8075;69.34;0.86;NORMAL;ACARS;;CONFIRMED;;;false;;;;false;;;;2026-09-28T00:00:00Z;SEED_BURNS_LEDGER;2026-09-28T00:00:00Z;SEED_BURNS_LEDGER
b9a76eb2-253c-5b18-ab9c-b71205b540e6;671bd896-0926-57db-8d87-2d0b9f43f276;A320;N651JB;N651JB;2026-09-24;19:20:00;2026-09-24T19:28:14Z;2026-09-24T21:36:46Z;129;;;4250;4239.9;;;4250;-10.1;-0.24;NORMAL;ACARS;;CONFIRMED;;;false;;;;false;;;;2026-09-28T00:00:00Z;SEED_BURNS_LEDGER;2026-09-28T00:00:00Z;SEED_BURNS_LEDGER
a79f0118-fc5c-5864-8894-79473e80ce1a;997fe1f8-1f56-53ef-b8f8-6b96467e7099;A321;N965JT;N965JT;2026-09-24;19:15:00;2026-09-24T19:28:25Z;2026-09-24T22:01:57Z;154;;;6324;6041.62;;;6324;-282.38;-4.47;NORMAL;ACARS;;CONFIRMED;;;false;;;;false;;;;2026-09-28T00:00:00Z;SEED_BURNS_LEDGER;2026-09-28T00:00:00Z;SEED_BURNS_LEDGER
b38761b9-e3f4-52ed-8739-23e57e776c2b;f50c5e60-4e8b-5127-995c-91abc6c66da6;A223;N3077J;N3077J;2026-09-24;19:25:00;2026-09-24T19:29:34Z;2026-09-24T21:23:25Z;114;;;2820;2894.66;;;2820;74.66;2.65;NORMAL;ACARS;;CONFIRMED;;;false;;;;false;;;;2026-09-28T00:00:00Z;SEED_BURNS_LEDGER;2026-09-28T00:00:00Z;SEED_BURNS_LEDGER
c9dd0e0c-985f-5a8d-9521-380d57257cce;eb4d0393-2b70-52de-a8da-37da150f68af;A223;N3044J;N3044J;2026-09-24;19:20:00;2026-09-24T19:30:17Z;2026-09-24T22:12:07Z;162;;;4748;4899.32;;;4748;151.32;3.19;NORMAL;ACARS;;CONFIRMED;;;false;;;;false;;;;2026-09-28T00:00:00Z;SEED_BURNS_LEDGER;2026-09-28T00:00:00Z;SEED_BURNS_LEDGER
e44dc616-0896-5425-aa44-50e55d0c4f5d;8f2f6287-616c-5e05-94e3-36c19d0907b9;A321;N993JE;N993JE;2026-09-24;19:25:00;2026-09-24T19:31:22Z;2026-09-25T01:36:13Z;365;;;15463;15768.87;;;15463;305.87;1.98;NORMAL;ACARS;;CONFIRMED;;;false;;;;false;;;;2026-09-28T00:00:00Z;SEED_BURNS_LEDGER;2026-09-28T00:00:00Z;SEED_BURNS_LEDGER
fcd1bd69-e3d3-5429-81f4-a6ee9023397d;634f39e2-22ae-53ff-bc53-bb84df7dfe03;A320;N796JB;N796JB;2026-09-24;19:25:00;2026-09-24T19:31:33Z;2026-09-24T22:24:40Z;173;;;6332;6282.3;;;6332;-49.7;-0.78;NORMAL;ACARS;;CONFIRMED;;;false;;;;false;;;;2026-09-28T00:00:00Z;SEED_BURNS_LEDGER;2026-09-28T00:00:00Z;SEED_BURNS_LEDGER
458aef23-498f-52f0-b8f9-bb05709dd19c;99b37aee-d385-56a9-a505-9146a93098d9;A223;N3023J;N3023J;2026-09-24;19:25:00;2026-09-24T19:32:35Z;2026-09-24T22:04:25Z;152;;;4320;4339;;;4320;19;0.44;NORMAL;ACARS;;CONFIRMED;;;false;;;;false;;;;2026-09-28T00:00:00Z;SEED_BURNS_LEDGER;2026-09-28T00:00:00Z;SEED_BURNS_LEDGER
d04671f8-6ad1-50dd-8518-385769e54799;69b268d7-5140-50c7-b9bd-8f0bc658d7b1;A320;N531JL;N531JL;2026-09-24;19:25:00;2026-09-24T19:34:55Z;2026-09-24T22:10:40Z;156;;;5652;5574.86;;;5652;-77.14;-1.36;NORMAL;ACARS;;CONFIRMED;;;false;;;;false;;;;2026-09-28T00:00:00Z;SEED_BURNS_LEDGER;2026-09-28T00:00:00Z;SEED_BURNS_LEDGER
33c5d9c5-3ada-515c-9253-584c4f605f87;83c09d3b-b301-5774-a55d-5694d06c4599;A321;N989JT;N989JT;2026-09-24;19:30:00;2026-09-24T19:37:13Z;2026-09-25T01:17:44Z;341;;;14464;14108.76;;;14464;-355.24;-2.46;NORMAL;ACARS;;CONFIRMED;;;false;;;;false;;;;2026-09-28T00:00:00Z;SEED_BURNS_LEDGER;2026-09-28T00:00:00Z;SEED_BURNS_LEDGER
8e73e944-6249-5171-9173-016af99d9265;d9ced902-eefc-506c-8a7e-5f624976ca5c;A223;N3112J;N3112J;2026-09-24;19:40:00;2026-09-24T19:40:58Z;2026-09-24T22:34:59Z;174;;;4998;5032.82;;;4998;34.82;0.7;NORMAL;ACARS;;CONFIRMED;;;false;;;;false;;;;2026-09-28T00:00:00Z;SEED_BURNS_LEDGER;2026-09-28T00:00:00Z;SEED_BURNS_LEDGER
439ba3a4-e287-5c3f-bc9a-a210a3c19653;750c1f59-c325-50ec-a6d0-f5299bb2c298;A21N;N2047J;N2047J;2026-09-24;18:15:00;2026-09-24T19:42:38Z;2026-09-25T00:34:56Z;292;;;10309;9667.62;;;10309;-641.38;-6.22;EXCEEDED;ACARS;;CONFIRMED;;;false;;;;false;;;;2026-09-28T00:00:00Z;SEED_BURNS_LEDGER;2026-09-28T00:00:00Z;SEED_BURNS_LEDGER
1365d93c-8edc-5f75-ac0e-42a236406f1f;3099b5c9-16ca-5d5a-9291-319c4455195a;A21N;N2044J;N2044J;2026-09-24;19:40:00;2026-09-24T19:43:53Z;2026-09-24T23:34:35Z;231;;;7915;7421.14;;;7915;-493.86;-6.24;EXCEEDED;ACARS;;CONFIRMED;;;false;;;;false;;;;2026-09-28T00:00:00Z;SEED_BURNS_LEDGER;2026-09-28T00:00:00Z;SEED_BURNS_LEDGER
d617af0a-7eb4-59f5-9f57-8e890bcb9159;08b38831-c954-566d-989c-8270ba3c657d;A223;N3258J;N3258J;2026-09-24;19:40:00;2026-09-24T19:48:53Z;2026-09-24T22:36:40Z;168;;;5141;4869.25;;;5141;-271.75;-5.29;EXCEEDED;ACARS;;CONFIRMED;;;false;;;;false;;;;2026-09-28T00:00:00Z;SEED_BURNS_LEDGER;2026-09-28T00:00:00Z;SEED_BURNS_LEDGER
64d24970-f2fb-5c00-92bc-28dee6c7495a;a1e71bc9-f9ae-5864-9bb5-f3a3a036de40;A320;N653JB;N653JB;2026-09-24;19:40:00;2026-09-24T19:49:24Z;2026-09-24T23:56:44Z;247;;;9350;9514.69;;;9350;164.69;1.76;NORMAL;ACARS;;CONFIRMED;;;false;;;;false;;;;2026-09-28T00:00:00Z;SEED_BURNS_LEDGER;2026-09-28T00:00:00Z;SEED_BURNS_LEDGER
b9c55fd2-6e5e-578e-b33a-7b50e67ade37;b49fab3f-8a62-5d06-8dcd-c125dd240d22;A320;N805JB;N805JB;2026-09-24;19:40:00;2026-09-24T19:49:51Z;2026-09-24T22:40:25Z;171;;;5822;5824.02;;;5822;2.02;0.03;NORMAL;ACARS;;CONFIRMED;;;false;;;;false;;;;2026-09-28T00:00:00Z;SEED_BURNS_LEDGER;2026-09-28T00:00:00Z;SEED_BURNS_LEDGER
08c23e47-0f42-51f2-ab1c-577f8e1d135c;59da22c8-1f3f-5b6e-9864-0440b8bae411;A321;N948JB;N948JB;2026-09-24;19:40:00;2026-09-24T19:50:25Z;2026-09-24T23:31:29Z;221;;;9799;9412.28;;;9799;-386.72;-3.95;NORMAL;ACARS;;CONFIRMED;;;false;;;;false;;;;2026-09-28T00:00:00Z;SEED_BURNS_LEDGER;2026-09-28T00:00:00Z;SEED_BURNS_LEDGER
ca366a0a-87a4-5981-960d-d6d671d2875c;1c7e892e-5c7b-51b8-8dae-394bf4f9b9c7;A21N;N2048J;N2048J;2026-09-24;19:50:00;2026-09-24T19:51:16Z;2026-09-24T22:05:19Z;134;;;3839;4130.38;;;3839;291.38;7.59;EXCEEDED;ACARS;;CONFIRMED;;;false;;;;false;;;;2026-09-28T00:00:00Z;SEED_BURNS_LEDGER;2026-09-28T00:00:00Z;SEED_BURNS_LEDGER
43f112df-a6c1-5a85-9ea8-04131733aeea;f6e0bc34-334a-5b71-ab68-bb5b13ea57f6;A321;N983JT;N983JT;2026-09-24;19:45:00;2026-09-24T19:51:17Z;2026-09-25T01:13:00Z;322;;;13559;13777.63;;;13559;218.63;1.61;NORMAL;ACARS;;CONFIRMED;;;false;;;;false;;;;2026-09-28T00:00:00Z;SEED_BURNS_LEDGER;2026-09-28T00:00:00Z;SEED_BURNS_LEDGER
8a4c28b9-d7c7-546a-bbdd-12a6a3af0f45;abdbe2bb-3b44-5981-828b-41ba594b3c10;A321;N962JT;N962JT;2026-09-24;19:45:00;2026-09-24T19:51:22Z;2026-09-25T01:52:24Z;361;;;15035;15567.77;;;15035;532.77;3.54;NORMAL;ACARS;;CONFIRMED;;;false;;;;false;;;;2026-09-28T00:00:00Z;SEED_BURNS_LEDGER;2026-09-28T00:00:00Z;SEED_BURNS_LEDGER
fbc2fc8f-5c33-5235-9ce4-dc2bf08d226b;c5b5e7eb-14f3-54db-87c7-65917fb1e2da;A320;N519JB;N519JB;2026-09-24;19:45:00;2026-09-24T19:52:02Z;2026-09-24T21:57:00Z;125;;;3910;4188.63;;;3910;278.63;7.13;EXCEEDED;ACARS;;CONFIRMED;;;false;;;;false;;;;2026-09-28T00:00:00Z;SEED_BURNS_LEDGER;2026-09-28T00:00:00Z;SEED_BURNS_LEDGER
2700c53a-ad10-5b26-b57c-4cdd10957429;85d0e638-5bc4-59bb-ac87-c4685d3f238f;A321;N968JT;N968JT;2026-09-24;19:40:00;2026-09-24T19:52:25Z;2026-09-25T01:07:33Z;315;;;13702;13224.87;;;13702;-477.13;-3.48;NORMAL;ACARS;;CONFIRMED;;;false;;;;false;;;;2026-09-28T00:00:00Z;SEED_BURNS_LEDGER;2026-09-28T00:00:00Z;SEED_BURNS_LEDGER
5b338a95-67fd-5557-8edd-e9e606376278;1a450ce2-baf9-50a1-82b2-0b852b770f38;A21N;N2199J;N2199J;2026-09-24;19:45:00;2026-09-24T19:54:49Z;2026-09-25T01:58:26Z;364;;;12328;12454.86;;;12328;126.86;1.03;NORMAL;ACARS;;CONFIRMED;;;false;;;;false;;;;2026-09-28T00:00:00Z;SEED_BURNS_LEDGER;2026-09-28T00:00:00Z;SEED_BURNS_LEDGER
dc1a73c1-3b96-5d8f-8b39-bc0125dbbb18;0423d9de-7a9f-5023-9748-1fb875104035;A223;N3260J;N3260J;2026-09-24;19:45:00;2026-09-24T19:56:22Z;2026-09-24T21:44:29Z;108;;;2463;2646.81;;;2463;183.81;7.46;EXCEEDED;ACARS;;CONFIRMED;;;false;;;;false;;;;2026-09-28T00:00:00Z;SEED_BURNS_LEDGER;2026-09-28T00:00:00Z;SEED_BURNS_LEDGER
1db442b9-5813-5d29-a1e0-bfc6ad8758cf;cfc7fe9e-13ff-5852-9982-ec6040e7796f;A223;N3308J;N3308J;2026-09-24;19:10:00;2026-09-24T19:59:35Z;2026-09-24T22:20:07Z;141;;;3856;3860.13;;;3856;4.13;0.11;NORMAL;ACARS;;CONFIRMED;;;false;;;;false;;;;2026-09-28T00:00:00Z;SEED_BURNS_LEDGER;2026-09-28T00:00:00Z;SEED_BURNS_LEDGER
bc71074b-677c-5436-acbc-fdcefbbe5883;e70b6393-85a6-5da3-bdad-24b3fede3ae3;A223;N3169J;N3169J;2026-09-24;19:55:00;2026-09-24T20:02:01Z;2026-09-24T21:14:23Z;72;;;1321;1332.89;;;1321;11.89;0.9;NORMAL;ACARS;;CONFIRMED;;;false;;;;false;;;;2026-09-28T00:00:00Z;SEED_BURNS_LEDGER;2026-09-28T00:00:00Z;SEED_BURNS_LEDGER
e974e917-ea00-5e33-8942-1693102ab318;1991f1b9-662c-5c14-8548-99dc1e0b8546;A223;N3162J;N3162J;2026-09-24;19:55:00;2026-09-24T20:03:46Z;2026-09-24T22:02:36Z;119;;;3177;3288;;;3177;111;3.49;NORMAL;ACARS;;CONFIRMED;;;false;;;;false;;;;2026-09-28T00:00:00Z;SEED_BURNS_LEDGER;2026-09-28T00:00:00Z;SEED_BURNS_LEDGER
09eac255-391c-5216-a9df-9311db7ec997;7bac45fc-e88e-5e28-8896-e40ba250dc24;A223;N3152J;N3152J;2026-09-24;20:00:00;2026-09-24T20:04:17Z;2026-09-24T21:35:03Z;91;;;1964;2191.63;;;1964;227.63;11.59;EXCEEDED;ACARS;;CONFIRMED;;;false;;;;false;;;;2026-09-28T00:00:00Z;SEED_BURNS_LEDGER;2026-09-28T00:00:00Z;SEED_BURNS_LEDGER
3da25a5d-6261-5352-837d-7f3c5360b947;e8db9923-7cbc-5b07-a12e-453f0ecc1d7b;A320;N784JB;N784JB;2026-09-24;19:55:00;2026-09-24T20:04:24Z;2026-09-24T22:48:45Z;164;;;5908;6051.28;;;5908;143.28;2.43;NORMAL;ACARS;;CONFIRMED;;;false;;;;false;;;;2026-09-28T00:00:00Z;SEED_BURNS_LEDGER;2026-09-28T00:00:00Z;SEED_BURNS_LEDGER
c782f5f1-4567-544f-a60e-67899b47438a;b7a22d90-94aa-58cb-84dd-b8197b8bc000;A223;N3085J;N3085J;2026-09-24;19:55:00;2026-09-24T20:06:10Z;2026-09-24T21:39:17Z;93;;;1999;2163.38;;;1999;164.38;8.22;EXCEEDED;ACARS;;CONFIRMED;;;false;;;;false;;;;2026-09-28T00:00:00Z;SEED_BURNS_LEDGER;2026-09-28T00:00:00Z;SEED_BURNS_LEDGER
86b88c6e-3df7-5079-bc7b-ebe1bd7057eb;e7014e3a-53ba-5eca-94a1-aab23815f6ec;A223;N3298J;N3298J;2026-09-24;20:05:00;2026-09-24T20:08:04Z;2026-09-24T21:39:40Z;92;;;1964;2081.27;;;1964;117.27;5.97;EXCEEDED;ACARS;;CONFIRMED;;;false;;;;false;;;;2026-09-28T00:00:00Z;SEED_BURNS_LEDGER;2026-09-28T00:00:00Z;SEED_BURNS_LEDGER
d3de97f2-e13a-5ab3-978b-5f30c1c55604;9f2f7eea-52d2-5cc3-9050-51eb30fa0c14;A223;N3118J;N3118J;2026-09-24;20:05:00;2026-09-24T20:09:25Z;2026-09-24T21:54:35Z;105;;;2535;2671.59;;;2535;136.59;5.39;EXCEEDED;ACARS;;CONFIRMED;;;false;;;;false;;;;2026-09-28T00:00:00Z;SEED_BURNS_LEDGER;2026-09-28T00:00:00Z;SEED_BURNS_LEDGER
fb70735a-9686-5339-a5a5-816455b0ee5a;955d68c4-8bc2-5254-a0c1-3b31af3a7dab;A223;N3232J;N3232J;2026-09-24;20:05:00;2026-09-24T20:12:27Z;2026-09-24T22:22:29Z;130;;;3427;3598.48;;;3427;171.48;5;NORMAL;ACARS;;CONFIRMED;;;false;;;;false;;;;2026-09-28T00:00:00Z;SEED_BURNS_LEDGER;2026-09-28T00:00:00Z;SEED_BURNS_LEDGER
0cce1b24-5ec6-5f26-acc1-8c66cf0ddc80;0cd49085-c3a4-56b7-9917-d4bad2422e46;A223;N3113J;N3113J;2026-09-24;19:45:00;2026-09-24T20:18:09Z;2026-09-24T21:47:57Z;90;;;1892;2108.78;;;1892;216.78;11.46;EXCEEDED;ACARS;;CONFIRMED;;;false;;;;false;;;;2026-09-28T00:00:00Z;SEED_BURNS_LEDGER;2026-09-28T00:00:00Z;SEED_BURNS_LEDGER
0bec3a31-49df-5aaf-a1ec-0dec935914d5;353088c1-4357-5eca-b64e-21a17594c963;A320;N794JB;N794JB;2026-09-24;20:15:00;2026-09-24T20:19:01Z;2026-09-24T23:01:46Z;163;;;5695;5748.94;;;5695;53.94;0.95;NORMAL;ACARS;;CONFIRMED;;;false;;;;false;;;;2026-09-28T00:00:00Z;SEED_BURNS_LEDGER;2026-09-28T00:00:00Z;SEED_BURNS_LEDGER
324b8a96-79d9-589f-b530-c4ee8116e040;5b098601-9ba3-55dd-8cda-80f66d9e112a;A320;N537JT;N537JT;2026-09-24;20:10:00;2026-09-24T20:19:19Z;2026-09-25T00:56:35Z;277;;;10880;10513.16;;;10880;-366.84;-3.37;NORMAL;ACARS;;CONFIRMED;;;false;;;;false;;;;2026-09-28T00:00:00Z;SEED_BURNS_LEDGER;2026-09-28T00:00:00Z;SEED_BURNS_LEDGER
721e11a6-b656-5337-930b-5e0874adf38e;2c3c358a-4256-50f3-ab80-758277c7c23f;A320;N661JB;N661JB;2026-09-24;20:10:00;2026-09-24T20:19:30Z;2026-09-24T23:33:41Z;194;;;7310;7181.01;;;7310;-128.99;-1.76;NORMAL;ACARS;;CONFIRMED;;;false;;;;false;;;;2026-09-28T00:00:00Z;SEED_BURNS_LEDGER;2026-09-28T00:00:00Z;SEED_BURNS_LEDGER
4008606d-786e-5bcc-9752-f19da23a7dc6;7036dfbd-86a0-5035-a7f7-ca8cd1089aa2;A320;N595JB;N595JB;2026-09-24;20:15:00;2026-09-24T20:25:15Z;2026-09-25T02:20:49Z;356;;;14068;13202.7;;;14068;-865.3;-6.15;EXCEEDED;ACARS;;CONFIRMED;;;false;;;;false;;;;2026-09-28T00:00:00Z;SEED_BURNS_LEDGER;2026-09-28T00:00:00Z;SEED_BURNS_LEDGER
9049ced2-6258-5d87-8f6e-3a2fc02e98fd;a3d2f76b-a708-555e-afc0-6aa5874fd7e5;A223;N3272J;N3272J;2026-09-24;20:15:00;2026-09-24T20:25:32Z;2026-09-24T23:10:46Z;165;;;4891;4784.2;;;4891;-106.8;-2.18;NORMAL;ACARS;;CONFIRMED;;;false;;;;false;;;;2026-09-28T00:00:00Z;SEED_BURNS_LEDGER;2026-09-28T00:00:00Z;SEED_BURNS_LEDGER
0f05320a-56d3-5b3a-8104-85c09e5d8f1f;eadaccb7-ea46-572a-bf4e-844ee78a4f24;A223;N3145J;N3145J;2026-09-24;20:20:00;2026-09-24T20:26:18Z;2026-09-24T22:58:36Z;152;;;4284;4391.34;;;4284;107.34;2.51;NORMAL;ACARS;;CONFIRMED;;;false;;;;false;;;;2026-09-28T00:00:00Z;SEED_BURNS_LEDGER;2026-09-28T00:00:00Z;SEED_BURNS_LEDGER
5edd2efc-d883-530f-a538-d1a817cabd36;b3cf98c5-ba0e-5103-bebe-fa4e65352c62;A320;N729JB;N729JB;2026-09-24;20:25:00;2026-09-24T20:30:58Z;2026-09-24T23:17:42Z;167;;;5992;5867.64;;;5992;-124.36;-2.08;NORMAL;ACARS;;CONFIRMED;;;false;;;;false;;;;2026-09-28T00:00:00Z;SEED_BURNS_LEDGER;2026-09-28T00:00:00Z;SEED_BURNS_LEDGER
1683494b-de1c-5e6f-91e6-efeec63fd910;660bafee-6c05-5b18-8834-23cd3b7a6a6c;A21N;N2180J;N2180J;2026-09-24;20:10:00;2026-09-24T20:31:07Z;2026-09-25T02:13:05Z;342;;;11356;11849.84;;;11356;493.84;4.35;NORMAL;ACARS;;CONFIRMED;;;false;;;;false;;;;2026-09-28T00:00:00Z;SEED_BURNS_LEDGER;2026-09-28T00:00:00Z;SEED_BURNS_LEDGER
660975a4-491d-5331-8561-a02118c71008;3b635dd2-1caa-5cb9-9f21-9b13f7b2f90e;A321;N946JL;N946JL;2026-09-24;20:20:00;2026-09-24T20:31:18Z;2026-09-25T02:20:38Z;349;;;15463;14640.37;;;15463;-822.63;-5.32;EXCEEDED;ACARS;;CONFIRMED;;;false;;;;false;;;;2026-09-28T00:00:00Z;SEED_BURNS_LEDGER;2026-09-28T00:00:00Z;SEED_BURNS_LEDGER
03b8f0e0-0b13-5f7d-b09a-51c183858109;b17cbff4-05a5-5b23-9695-e8c854937bfc;A321;N985JT;N985JT;2026-09-24;20:25:00;2026-09-24T20:33:26Z;2026-09-25T01:43:27Z;310;;;13178;13325.21;;;13178;147.21;1.12;NORMAL;ACARS;;CONFIRMED;;;false;;;;false;;;;2026-09-28T00:00:00Z;SEED_BURNS_LEDGER;2026-09-28T00:00:00Z;SEED_BURNS_LEDGER
5bc15d1f-dabc-59db-83ab-5e64e707e5e1;8387a59c-6701-57eb-9050-6c3226e9b3d1;A223;N3221J;N3221J;2026-09-24;19:35:00;2026-09-24T20:33:39Z;2026-09-24T22:34:32Z;121;;;3070;3112.92;;;3070;42.92;1.4;NORMAL;ACARS;;CONFIRMED;;;false;;;;false;;;;2026-09-28T00:00:00Z;SEED_BURNS_LEDGER;2026-09-28T00:00:00Z;SEED_BURNS_LEDGER
6376a5d4-cf8a-5b71-bca8-24c4f647d495;e7955cd7-0410-5503-b653-65a64063ea27;A321;N956JT;N956JT;2026-09-24;19:15:00;2026-09-24T20:34:06Z;2026-09-24T23:17:42Z;164;;;6610;6588.56;;;6610;-21.44;-0.32;NORMAL;ACARS;;CONFIRMED;;;false;;;;false;;;;2026-09-28T00:00:00Z;SEED_BURNS_LEDGER;2026-09-28T00:00:00Z;SEED_BURNS_LEDGER
62e53987-f9ce-5cd5-b062-b60716daf721;07875fe2-681f-5be3-b810-8600f8e51f39;A320;N523JB;N523JB;2026-09-24;20:25:00;2026-09-24T20:35:28Z;2026-09-24T23:29:30Z;174;;;6418;6165.73;;;6418;-252.27;-3.93;NORMAL;ACARS;;CONFIRMED;;;false;;;;false;;;;2026-09-28T00:00:00Z;SEED_BURNS_LEDGER;2026-09-28T00:00:00Z;SEED_BURNS_LEDGER
e9a6e924-d436-52c4-8879-1beabd9cfec7;2d188051-8abf-5892-9a7c-20bfc6639820;A320;N645JB;N645JB;2026-09-24;20:30:00;2026-09-24T20:35:49Z;2026-09-24T22:19:26Z;104;;;3315;3359.88;;;3315;44.88;1.35;NORMAL;ACARS;;CONFIRMED;;;false;;;;false;;;;2026-09-28T00:00:00Z;SEED_BURNS_LEDGER;2026-09-28T00:00:00Z;SEED_BURNS_LEDGER
754c4db6-d89e-5db3-9c82-61eb9081dd81;c1000b68-460a-57ae-aa20-294411dfd775;A320;N524JB;N524JB;2026-09-24;20:25:00;2026-09-24T20:36:54Z;2026-09-25T01:14:31Z;278;;;11135;10426.52;;;11135;-708.48;-6.36;EXCEEDED;ACARS;;CONFIRMED;;;false;;;;false;;;;2026-09-28T00:00:00Z;SEED_BURNS_LEDGER;2026-09-28T00:00:00Z;SEED_BURNS_LEDGER
349e27bc-cba0-513d-a263-326160bf7697;7df9e63b-b33e-54c7-8e8f-e8e1ab35c87d;A320;N535JB;N535JB;2026-09-24;20:00:00;2026-09-24T20:42:43Z;2026-09-24T23:30:46Z;168;;;6078;5920.36;;;6078;-157.64;-2.59;NORMAL;ACARS;;CONFIRMED;;;false;;;;false;;;;2026-09-28T00:00:00Z;SEED_BURNS_LEDGER;2026-09-28T00:00:00Z;SEED_BURNS_LEDGER
9fe5ef79-1e4f-52bf-90e2-431d6dfa37c4;ac6f3fd3-5bd0-5235-a749-bbae9051c175;A321;N984JB;N984JB;2026-09-24;20:35:00;2026-09-24T20:43:17Z;2026-09-25T02:23:15Z;340;;;15130;14521.12;;;15130;-608.88;-4.02;NORMAL;ACARS;;CONFIRMED;;;false;;;;false;;;;2026-09-28T00:00:00Z;SEED_BURNS_LEDGER;2026-09-28T00:00:00Z;SEED_BURNS_LEDGER
cf727430-ef66-511b-a242-aee8ec11c9e5;5c4dc6a1-7320-58f4-8e4d-03dd4a0e7a6f;A320;N608JB;N608JB;2026-09-24;20:40:00;2026-09-24T20:44:12Z;2026-09-24T22:46:33Z;122;;;3952;4057.13;;;3952;105.13;2.66;NORMAL;ACARS;;CONFIRMED;;;false;;;;false;;;;2026-09-28T00:00:00Z;SEED_BURNS_LEDGER;2026-09-28T00:00:00Z;SEED_BURNS_LEDGER
4660666d-262d-5047-93fb-019ad5cb9983;ccec98e1-0ac4-52f7-bc0b-e84f7258224d;A320;N571JB;N571JB;2026-09-24;20:35:00;2026-09-24T20:44:15Z;2026-09-24T23:56:17Z;192;;;7098;7053.03;;;7098;-44.97;-0.63;NORMAL;ACARS;;CONFIRMED;;;false;;;;false;;;;2026-09-28T00:00:00Z;SEED_BURNS_LEDGER;2026-09-28T00:00:00Z;SEED_BURNS_LEDGER
a346c650-9775-5bec-842e-597826154341;2d89ca90-9783-59f3-8cbd-fe67c4e48e32;A223;N3196J;N3196J;2026-09-24;19:30:00;2026-09-24T20:44:29Z;2026-09-24T22:16:12Z;92;;;1964;2075.55;;;1964;111.55;5.68;EXCEEDED;ACARS;;CONFIRMED;;;false;;;;false;;;;2026-09-28T00:00:00Z;SEED_BURNS_LEDGER;2026-09-28T00:00:00Z;SEED_BURNS_LEDGER
2d23faa1-cddc-52db-8c99-a6fb78b185af;08764e9e-ccf1-5f71-9eee-b0bb5cfcc982;A223;N3157J;N3157J;2026-09-24;20:35:00;2026-09-24T20:45:08Z;2026-09-25T00:50:47Z;246;;;7890;7595.62;;;7890;-294.38;-3.73;NORMAL;ACARS;;CONFIRMED;;;false;;;;false;;;;2026-09-28T00:00:00Z;SEED_BURNS_LEDGER;2026-09-28T00:00:00Z;SEED_BURNS_LEDGER
67dfe906-bd79-55a6-a0ad-03194bc90bf4;219dd101-7092-5475-b1e8-eb8e2df7e474;A321;N958JB;N958JB;2026-09-24;20:40:00;2026-09-24T20:45:38Z;2026-09-24T23:36:20Z;171;;;6752;6799.28;;;6752;47.28;0.7;NORMAL;ACARS;;CONFIRMED;;;false;;;;false;;;;2026-09-28T00:00:00Z;SEED_BURNS_LEDGER;2026-09-28T00:00:00Z;SEED_BURNS_LEDGER
0934028e-fedd-594c-9b22-834ee687ce7c;14ff4cae-837f-5945-bf18-ae054550556b;A320;N579JB;N579JB;2026-09-24;20:40:00;2026-09-24T20:47:40Z;2026-09-24T23:39:13Z;172;;;6205;5909.72;;;6205;-295.28;-4.76;NORMAL;ACARS;;CONFIRMED;;;false;;;;false;;;;2026-09-28T00:00:00Z;SEED_BURNS_LEDGER;2026-09-28T00:00:00Z;SEED_BURNS_LEDGER
95a9edef-0e7f-5d80-a56b-0e75605c0bd8;e29fb1c9-e713-5578-8d3a-563f3376daf1;A320;N589JB;N589JB;2026-09-24;20:20:00;2026-09-24T20:48:10Z;2026-09-24T22:48:15Z;120;;;4377;4164.22;;;4377;-212.78;-4.86;NORMAL;ACARS;;CONFIRMED;;;false;;;;false;;;;2026-09-28T00:00:00Z;SEED_BURNS_LEDGER;2026-09-28T00:00:00Z;SEED_BURNS_LEDGER
8a4aea47-f050-561f-88ea-63a40a9671fd;8e9bb340-3273-512a-9bce-87fa5460fb59;A320;N828JB;N828JB;2026-09-24;20:15:00;2026-09-24T20:49:20Z;2026-09-25T01:58:20Z;309;;;11942;11917.21;;;11942;-24.79;-0.21;NORMAL;ACARS;;CONFIRMED;;;false;;;;false;;;;2026-09-28T00:00:00Z;SEED_BURNS_LEDGER;2026-09-28T00:00:00Z;SEED_BURNS_LEDGER
c06be106-b415-53db-9b82-551c21844e7b;8d8b6429-157f-5760-b266-a1a051f36389;A320;N599JB;N599JB;2026-09-24;20:50:00;2026-09-24T20:52:55Z;2026-09-24T22:51:01Z;118;;;3740;3963.39;;;3740;223.39;5.97;EXCEEDED;ACARS;;CONFIRMED;;;false;;;;false;;;;2026-09-28T00:00:00Z;SEED_BURNS_LEDGER;2026-09-28T00:00:00Z;SEED_BURNS_LEDGER
7e01bf90-158d-5b19-b69a-cdf32989cda8;3a910165-7b72-5344-b047-f354261dbeb5;A320;N635JB;N635JB;2026-09-24;20:45:00;2026-09-24T20:53:23Z;2026-09-24T23:10:34Z;137;;;4462;4547.97;;;4462;85.97;1.93;NORMAL;ACARS;;CONFIRMED;;;false;;;;false;;;;2026-09-28T00:00:00Z;SEED_BURNS_LEDGER;2026-09-28T00:00:00Z;SEED_BURNS_LEDGER
533bce66-54ba-587f-8448-fbdad1197c86;76c2cdd1-1db6-5a19-b9a5-00f55f082ae0;A21N;N2157J;N2157J;2026-09-24;19:35:00;2026-09-24T20:55:41Z;2026-09-25T02:37:10Z;341;;;11730;11587.72;;;11730;-142.28;-1.21;NORMAL;ACARS;;CONFIRMED;;;false;;;;false;;;;2026-09-28T00:00:00Z;SEED_BURNS_LEDGER;2026-09-28T00:00:00Z;SEED_BURNS_LEDGER
e299cd77-109e-501d-b72c-6111883f1755;5c308ea9-3baf-5ca7-b234-e96d205bb06e;A223;N3322J;N3322J;2026-09-24;20:55:00;2026-09-24T20:58:33Z;2026-09-24T23:41:04Z;163;;;4248;4560.09;;;4248;312.09;7.35;EXCEEDED;ACARS;;CONFIRMED;;;false;;;;false;;;;2026-09-28T00:00:00Z;SEED_BURNS_LEDGER;2026-09-28T00:00:00Z;SEED_BURNS_LEDGER
c0b97c70-614d-5369-be71-eece64c8c9a4;e35d0659-6717-5ae3-8f27-d0bae49eb56a;A320;N563JB;N563JB;2026-09-24;20:55:00;2026-09-24T20:58:35Z;2026-09-24T23:39:55Z;161;;;5525;5584.74;;;5525;59.74;1.08;NORMAL;ACARS;;CONFIRMED;;;false;;;;false;;;;2026-09-28T00:00:00Z;SEED_BURNS_LEDGER;2026-09-28T00:00:00Z;SEED_BURNS_LEDGER
3bbb149b-635c-5a57-adcc-b842d32a1712;6d268d80-0377-59e3-8c4d-35251d04c790;A321;N913JB;N913JB;2026-09-24;20:25:00;2026-09-24T21:03:28Z;2026-09-24T23:34:16Z;151;;;5991;5735.45;;;5991;-255.55;-4.27;NORMAL;ACARS;;CONFIRMED;;;false;;;;false;;;;2026-09-28T00:00:00Z;SEED_BURNS_LEDGER;2026-09-28T00:00:00Z;SEED_BURNS_LEDGER
74eaa82f-7d1d-57f4-b559-dd59d1f8fec8;f73f0a9b-5427-5249-9bcb-170b6cbb45e1;A223;N3102J;N3102J;2026-09-24;21:00:00;2026-09-24T21:06:33Z;2026-09-25T00:50:52Z;224;;;7069;7027.99;;;7069;-41.01;-0.58;NORMAL;ACARS;;CONFIRMED;;;false;;;;false;;;;2026-09-28T00:00:00Z;SEED_BURNS_LEDGER;2026-09-28T00:00:00Z;SEED_BURNS_LEDGER
a08d9c6f-ff30-5afb-b34c-8271f31a35be;808f6775-bee2-5ba7-924c-ee63984b04bd;A320;N566JB;N566JB;2026-09-24;21:05:00;2026-09-24T21:09:28Z;2026-09-24T23:44:58Z;155;;;5652;5618.96;;;5652;-33.04;-0.58;NORMAL;ACARS;;CONFIRMED;;;false;;;;false;;;;2026-09-28T00:00:00Z;SEED_BURNS_LEDGER;2026-09-28T00:00:00Z;SEED_BURNS_LEDGER
30f01f0e-88ae-5119-8e55-7ba1965793d5;f6ea99b9-09d9-568e-9b00-04293cc228fd;A223;N3123J;N3123J;2026-09-24;21:05:00;2026-09-24T21:11:05Z;2026-09-25T03:01:09Z;350;;;11210;10761.69;;;11210;-448.31;-4;NORMAL;ACARS;;CONFIRMED;;;false;;;;false;;;;2026-09-28T00:00:00Z;SEED_BURNS_LEDGER;2026-09-28T00:00:00Z;SEED_BURNS_LEDGER
8e617dbd-e302-5510-b606-2f5814b831d9;1818eefc-4991-5f03-abc1-6ef84c1a48ea;A320;N580JB;N580JB;2026-09-24;21:00:00;2026-09-24T21:11:41Z;2026-09-25T00:17:00Z;185;;;6418;6677.71;;;6418;259.71;4.05;NORMAL;ACARS;;CONFIRMED;;;false;;;;false;;;;2026-09-28T00:00:00Z;SEED_BURNS_LEDGER;2026-09-28T00:00:00Z;SEED_BURNS_LEDGER
9b150055-de93-555a-a460-01f99445ba55;ae11cd69-ab8a-5aff-a189-0a903d4ee4a2;A321;N982JB;N982JB;2026-09-24;21:05:00;2026-09-24T21:11:56Z;2026-09-25T03:36:24Z;384;;;16748;17179.01;;;16748;431.01;2.57;NORMAL;ACARS;;CONFIRMED;;;false;;;;false;;;;2026-09-28T00:00:00Z;SEED_BURNS_LEDGER;2026-09-28T00:00:00Z;SEED_BURNS_LEDGER
9f43d087-3644-5015-a837-a16ba3618f28;d144742d-517b-5fb5-830d-513ec9c2aee5;A320;N703JB;N703JB;2026-09-24;21:05:00;2026-09-24T21:13:59Z;2026-09-24T23:16:02Z;122;;;3825;3904.1;;;3825;79.1;2.07;NORMAL;ACARS;;CONFIRMED;;;false;;;;false;;;;2026-09-28T00:00:00Z;SEED_BURNS_LEDGER;2026-09-28T00:00:00Z;SEED_BURNS_LEDGER
0e6a6ad1-d00e-52ae-9220-7d57d61e5e4d;1bb7eb7e-709b-558e-86ef-aca9a8128ab7;A223;N3276J;N3276J;2026-09-24;21:10:00;2026-09-24T21:17:06Z;2026-09-24T23:15:21Z;118;;;2963;3074.48;;;2963;111.48;3.76;NORMAL;ACARS;;CONFIRMED;;;false;;;;false;;;;2026-09-28T00:00:00Z;SEED_BURNS_LEDGER;2026-09-28T00:00:00Z;SEED_BURNS_LEDGER
c928ab57-e2d6-5fe8-a0b1-b04cf1ae6e4d;1694ed17-6b09-5e84-8c5e-658804a805fa;A320;N588JB;N588JB;2026-09-24;21:15:00;2026-09-24T21:17:26Z;2026-09-24T23:03:12Z;106;;;3358;3405.78;;;3358;47.78;1.42;NORMAL;ACARS;;CONFIRMED;;;false;;;;false;;;;2026-09-28T00:00:00Z;SEED_BURNS_LEDGER;2026-09-28T00:00:00Z;SEED_BURNS_LEDGER
0cba7547-9493-589a-9a23-650f0c566568;5e69087d-3c23-5e37-ab82-9dc5ea6e52a1;A223;N3251J;N3251J;2026-09-24;21:05:00;2026-09-24T21:17:53Z;2026-09-25T01:13:56Z;236;;;7568;7456.25;;;7568;-111.75;-1.48;NORMAL;ACARS;;CONFIRMED;;;false;;;;false;;;;2026-09-28T00:00:00Z;SEED_BURNS_LEDGER;2026-09-28T00:00:00Z;SEED_BURNS_LEDGER
6613d64d-1ca9-5874-a852-a706fe8d69f7;37a97be1-9883-5851-a01f-7c293c58a032;A320;N646JB;N646JB;2026-09-24;21:20:00;2026-09-24T21:20:45Z;2026-09-24T23:56:44Z;156;;;5780;5758.07;;;5780;-21.93;-0.38;NORMAL;ACARS;;CONFIRMED;;;false;;;;false;;;;2026-09-28T00:00:00Z;SEED_BURNS_LEDGER;2026-09-28T00:00:00Z;SEED_BURNS_LEDGER
c96fb43e-09a1-5b87-b2c8-a110ca1248dc;e5116282-99c8-5de0-bf60-b8b97cef415b;A320;N597JB;N597JB;2026-09-24;21:20:00;2026-09-24T21:23:33Z;2026-09-25T00:27:57Z;184;;;6758;6817.44;;;6758;59.44;0.88;NORMAL;ACARS;;CONFIRMED;;;false;;;;false;;;;2026-09-28T00:00:00Z;SEED_BURNS_LEDGER;2026-09-28T00:00:00Z;SEED_BURNS_LEDGER
afc11eb8-2cf5-5a82-bced-93ca108a023f;29a0ee92-056b-539c-bf81-1f50c4f90fc0;A320;N591JB;N591JB;2026-09-24;21:15:00;2026-09-24T21:23:47Z;2026-09-25T03:27:10Z;363;;;13515;14034.64;;;13515;519.64;3.84;NORMAL;ACARS;;CONFIRMED;;;false;;;;false;;;;2026-09-28T00:00:00Z;SEED_BURNS_LEDGER;2026-09-28T00:00:00Z;SEED_BURNS_LEDGER
0ce9c4b6-4525-5add-aa6e-a8e60994f15e;2dea292f-53a9-5295-a603-4d3ff0c3cf1f;A321;N979JT;N979JT;2026-09-24;21:20:00;2026-09-24T21:24:42Z;2026-09-25T03:11:32Z;347;;;15320;14636.56;;;15320;-683.44;-4.46;NORMAL;ACARS;;CONFIRMED;;;false;;;;false;;;;2026-09-28T00:00:00Z;SEED_BURNS_LEDGER;2026-09-28T00:00:00Z;SEED_BURNS_LEDGER
a9b29d58-3421-5289-ae7a-104b06e7e7db;a9cf5d2b-4836-535a-af45-41d0a0690c35;A21N;N4074J;N4074J;2026-09-24;21:20:00;2026-09-24T21:24:52Z;2026-09-24T22:35:04Z;70;;;1408;1557.2;;;1408;149.2;10.6;EXCEEDED;ACARS;;CONFIRMED;;;false;;;;false;;;;2026-09-28T00:00:00Z;SEED_BURNS_LEDGER;2026-09-28T00:00:00Z;SEED_BURNS_LEDGER
8718d9eb-e91d-56f2-96c9-4118d9279403;a2a4e2b7-dde0-5838-bbc1-4c78738e34e6;A223;N3307J;N3307J;2026-09-24;21:20:00;2026-09-24T21:27:08Z;2026-09-24T22:50:58Z;84;;;1749;1822.71;;;1749;73.71;4.21;NORMAL;ACARS;;CONFIRMED;;;false;;;;false;;;;2026-09-28T00:00:00Z;SEED_BURNS_LEDGER;2026-09-28T00:00:00Z;SEED_BURNS_LEDGER
d4896df6-ae3a-5a83-af0e-4df764745020;84b69a2a-405f-532a-84d4-d0262cf8bb90;A321;N977JE;N977JE;2026-09-24;21:20:00;2026-09-24T21:27:16Z;2026-09-25T02:00:09Z;273;;;11655;11853.91;;;11655;198.91;1.71;NORMAL;ACARS;;CONFIRMED;;;false;;;;false;;;;2026-09-28T00:00:00Z;SEED_BURNS_LEDGER;2026-09-28T00:00:00Z;SEED_BURNS_LEDGER
1f003d83-eb34-5ce4-b642-692ac3d91ef7;b271a382-e4bd-569a-8904-9f12351fc6d2;A320;N656JB;N656JB;2026-09-24;21:15:00;2026-09-24T21:28:12Z;2026-09-25T00:26:21Z;178;;;6460;6075.6;;;6460;-384.4;-5.95;EXCEEDED;ACARS;;CONFIRMED;;;false;;;;false;;;;2026-09-28T00:00:00Z;SEED_BURNS_LEDGER;2026-09-28T00:00:00Z;SEED_BURNS_LEDGER
3f6e411c-70d6-5604-a651-7ca513f42391;558c1a6c-7294-5f7b-9219-2c373fd6ae24;A223;N3115J;N3115J;2026-09-24;21:30:00;2026-09-24T21:32:18Z;2026-09-25T00:06:24Z;154;;;4462;4424.7;;;4462;-37.3;-0.84;NORMAL;ACARS;;CONFIRMED;;;false;;;;false;;;;2026-09-28T00:00:00Z;SEED_BURNS_LEDGER;2026-09-28T00:00:00Z;SEED_BURNS_LEDGER
d5ae3de7-4e43-5b14-9980-ccc0873c5d03;090058f3-10c2-522b-84f0-d6dfc1784835;A320;N612JB;N612JB;2026-09-24;21:30:00;2026-09-24T21:33:30Z;2026-09-25T00:09:41Z;156;;;5652;5708.38;;;5652;56.38;1;NORMAL;ACARS;;CONFIRMED;;;false;;;;false;;;;2026-09-28T00:00:00Z;SEED_BURNS_LEDGER;2026-09-28T00:00:00Z;SEED_BURNS_LEDGER
05222e7a-3a7d-5f46-a622-e34e3773b19c;87c39c6d-77d0-5b6c-aa9d-60b716e69c33;A223;N3142J;N3142J;2026-09-24;21:25:00;2026-09-24T21:33:49Z;2026-09-24T22:19:25Z;46;;;714;918.49;;;714;204.49;28.64;EXCEEDED;ACARS;;CONFIRMED;;;false;;;;false;;;;2026-09-28T00:00:00Z;SEED_BURNS_LEDGER;2026-09-28T00:00:00Z;SEED_BURNS_LEDGER
4d5e6caf-c15f-5065-8d05-2fa1500eb5b5;6ecc9805-bf27-5984-9711-bdc43c0ca789;A321;N981JT;N981JT;2026-09-24;21:30:00;2026-09-24T21:34:47Z;2026-09-25T03:09:37Z;335;;;14844;14409.14;;;14844;-434.86;-2.93;NORMAL;ACARS;;CONFIRMED;;;false;;;;false;;;;2026-09-28T00:00:00Z;SEED_BURNS_LEDGER;2026-09-28T00:00:00Z;SEED_BURNS_LEDGER
bc050b15-7c37-5681-a23c-929e4405746b;883bbd06-9a61-5e5e-8649-1b4bcbefef71;A223;N3195J;N3195J;2026-09-24;21:30:00;2026-09-24T21:39:27Z;2026-09-24T23:24:37Z;105;;;2285;2576.04;;;2285;291.04;12.74;EXCEEDED;ACARS;;CONFIRMED;;;false;;;;false;;;;2026-09-28T00:00:00Z;SEED_BURNS_LEDGER;2026-09-28T00:00:00Z;SEED_BURNS_LEDGER
779f11e1-1c49-5f51-84e0-0e4780ae9ec1;46dc6a21-9bde-5df2-8671-976d6b4ec9cb;A320;N556JB;N556JB;2026-09-24;21:35:00;2026-09-24T21:42:17Z;2026-09-25T00:41:29Z;179;;;6120;6276.08;;;6120;156.08;2.55;NORMAL;ACARS;;CONFIRMED;;;false;;;;false;;;;2026-09-28T00:00:00Z;SEED_BURNS_LEDGER;2026-09-28T00:00:00Z;SEED_BURNS_LEDGER
d58bcc88-151d-5f4a-91ac-1f1cbee127be;bc9f9925-75f1-5fef-87d1-d0a351cb0727;A320;N655JB;N655JB;2026-09-24;21:40:00;2026-09-24T21:44:24Z;2026-09-25T00:13:09Z;149;;;5398;5336.04;;;5398;-61.96;-1.15;NORMAL;ACARS;;CONFIRMED;;;false;;;;false;;;;2026-09-28T00:00:00Z;SEED_BURNS_LEDGER;2026-09-28T00:00:00Z;SEED_BURNS_LEDGER
a9de1efa-0b5d-5171-9578-63491483ca0c;45b3fc9f-fda9-5ead-86ea-eb7ed472a106;A223;N3242J;N3242J;2026-09-24;21:45:00;2026-09-24T21:48:17Z;2026-09-24T23:44:37Z;116;;;2749;2937.76;;;2749;188.76;6.87;EXCEEDED;ACARS;;CONFIRMED;;;false;;;;false;;;;2026-09-28T00:00:00Z;SEED_BURNS_LEDGER;2026-09-28T00:00:00Z;SEED_BURNS_LEDGER
218772e4-66e1-5f8d-8cae-527e45032153;a2695734-98f7-525b-a25a-dfd001074877;A321;N992JB;N992JB;2026-09-24;21:45:00;2026-09-24T21:48:37Z;2026-09-25T03:22:08Z;334;;;14702;14604.27;;;14702;-97.73;-0.66;NORMAL;ACARS;;CONFIRMED;;;false;;;;false;;;;2026-09-28T00:00:00Z;SEED_BURNS_LEDGER;2026-09-28T00:00:00Z;SEED_BURNS_LEDGER
1f27f835-252e-5890-8677-d3a147d880ea;2669ee43-0133-5a19-8c71-07fe52cdcdaa;A320;N708JB;N708JB;2026-09-24;21:40:00;2026-09-24T21:49:25Z;2026-09-25T01:35:03Z;226;;;8288;8247.78;;;8288;-40.22;-0.49;NORMAL;ACARS;;CONFIRMED;;;false;;;;false;;;;2026-09-28T00:00:00Z;SEED_BURNS_LEDGER;2026-09-28T00:00:00Z;SEED_BURNS_LEDGER
04c20b96-c784-5801-a835-dd397b3d11d2;e85d9a9d-9896-55c6-a57c-fb4204425419;A321;N966JT;N966JT;2026-09-24;21:40:00;2026-09-24T21:49:52Z;2026-09-25T02:47:37Z;298;;;13321;12590.73;;;13321;-730.27;-5.48;EXCEEDED;ACARS;;CONFIRMED;;;false;;;;false;;;;2026-09-28T00:00:00Z;SEED_BURNS_LEDGER;2026-09-28T00:00:00Z;SEED_BURNS_LEDGER
b1575bf4-7410-5199-ba0d-349e8d4587fe;9bb0bae2-ee61-5c18-a3e4-c376461f2fa2;A223;N3296J;N3296J;2026-09-24;21:45:00;2026-09-24T21:51:40Z;2026-09-25T01:15:06Z;203;;;5962;6188.16;;;5962;226.16;3.79;NORMAL;ACARS;;CONFIRMED;;;false;;;;false;;;;2026-09-28T00:00:00Z;SEED_BURNS_LEDGER;2026-09-28T00:00:00Z;SEED_BURNS_LEDGER
f387e189-0d41-5aa8-bc26-740529b13c26;389d241e-5ea5-510e-b7b0-65474d60ad0a;A320;N598JB;N598JB;2026-09-24;21:20:00;2026-09-24T21:55:35Z;2026-09-24T22:51:13Z;56;;;1445;1472.76;;;1445;27.76;1.92;NORMAL;ACARS;;CONFIRMED;;;false;;;;false;;;;2026-09-28T00:00:00Z;SEED_BURNS_LEDGER;2026-09-28T00:00:00Z;SEED_BURNS_LEDGER
65fd3eab-5756-5f8f-bfbd-38497368ffe6;c5362677-1625-5f10-b6ac-27ec2dfeddf9;A321;N949JT;N949JT;2026-09-24;21:55:00;2026-09-24T21:59:07Z;2026-09-25T04:22:34Z;383;;;16558;16939.55;;;16558;381.55;2.3;NORMAL;ACARS;;CONFIRMED;;;false;;;;false;;;;2026-09-28T00:00:00Z;SEED_BURNS_LEDGER;2026-09-28T00:00:00Z;SEED_BURNS_LEDGER
d89d07d9-51c5-5d07-b389-065ec9d467c0;ad6377ad-ea32-59b6-896f-10225921fd30;A321;N970JB;N970JB;2026-09-24;21:55:00;2026-09-24T21:59:42Z;2026-09-25T03:50:57Z;351;;;15082;15380.21;;;15082;298.21;1.98;NORMAL;ACARS;;CONFIRMED;;;false;;;;false;;;;2026-09-28T00:00:00Z;SEED_BURNS_LEDGER;2026-09-28T00:00:00Z;SEED_BURNS_LEDGER
107af527-deec-5e4c-a303-f3f9db7bcae6;e7f4cbfd-3ed4-5517-8eca-8de8a9431409;A321;N986JB;N986JB;2026-09-24;21:55:00;2026-09-24T22:04:19Z;2026-09-25T03:38:42Z;334;;;14749;14467.66;;;14749;-281.34;-1.91;NORMAL;ACARS;;CONFIRMED;;;false;;;;false;;;;2026-09-28T00:00:00Z;SEED_BURNS_LEDGER;2026-09-28T00:00:00Z;SEED_BURNS_LEDGER
54c0c468-cc4d-57ca-9030-55a45ee713fc;ea08d164-29da-5177-b4c1-f34e55180f8b;A21N;N2205J;N2205J;2026-09-24;22:00:00;2026-09-24T22:04:41Z;2026-09-25T03:47:10Z;342;;;11880;11917.95;;;11880;37.95;0.32;NORMAL;ACARS;;CONFIRMED;;;false;;;;false;;;;2026-09-28T00:00:00Z;SEED_BURNS_LEDGER;2026-09-28T00:00:00Z;SEED_BURNS_LEDGER
e7c1e7cd-2d3f-535b-a4e6-8a87b2286145;e3bc8cde-b6c7-51c0-82d0-4237f995e008;A223;N3304J;N3304J;2026-09-24;22:05:00;2026-09-24T22:06:24Z;2026-09-25T00:05:11Z;119;;;3070;3054.88;;;3070;-15.12;-0.49;NORMAL;ACARS;;CONFIRMED;;;false;;;;false;;;;2026-09-28T00:00:00Z;SEED_BURNS_LEDGER;2026-09-28T00:00:00Z;SEED_BURNS_LEDGER
334d557b-2a18-55f1-94ab-dfe5b4fceca3;874162ec-132e-508d-8e79-c31dfcdf00a0;A223;N3194J;N3194J;2026-09-24;21:55:00;2026-09-24T22:06:45Z;2026-09-24T23:30:55Z;84;;;1749;1827.57;;;1749;78.57;4.49;NORMAL;ACARS;;CONFIRMED;;;false;;;;false;;;;2026-09-28T00:00:00Z;SEED_BURNS_LEDGER;2026-09-28T00:00:00Z;SEED_BURNS_LEDGER
bfb0344b-1359-54cc-99d5-6bfb306e8aad;be1ba2b1-a016-59af-b9ba-cbcd54cdd6bb;A223;N3138J;N3138J;2026-09-24;21:05:00;2026-09-24T22:07:41Z;2026-09-24T23:33:03Z;85;;;1821;1889.98;;;1821;68.98;3.79;NORMAL;ACARS;;CONFIRMED;;;false;;;;false;;;;2026-09-28T00:00:00Z;SEED_BURNS_LEDGER;2026-09-28T00:00:00Z;SEED_BURNS_LEDGER
a2f9b20e-1c04-502a-bd5f-863fe4f2b921;96ec8baf-c960-5b70-ae1a-40a0f9b8db41;A320;N632JB;N632JB;2026-09-24;22:00:00;2026-09-24T22:09:02Z;2026-09-25T00:41:09Z;152;;;5695;5632.85;;;5695;-62.15;-1.09;NORMAL;ACARS;;CONFIRMED;;;false;;;;false;;;;2026-09-28T00:00:00Z;SEED_BURNS_LEDGER;2026-09-28T00:00:00Z;SEED_BURNS_LEDGER
5f64b0f1-3dfa-5051-9a2c-5c8e828d2cc2;4d227722-4a35-5277-8861-2e460d95cab7;A320;N638JB;N638JB;2026-09-24;22:05:00;2026-09-24T22:10:32Z;2026-09-25T01:28:10Z;198;;;7438;7119.17;;;7438;-318.83;-4.29;NORMAL;ACARS;;CONFIRMED;;;false;;;;false;;;;2026-09-28T00:00:00Z;SEED_BURNS_LEDGER;2026-09-28T00:00:00Z;SEED_BURNS_LEDGER
0d54f498-478b-53fb-b0b6-fd114aae4f4f;76f927fc-63f2-55bd-97ab-6cefc28adef3;A223;N3275J;N3275J;2026-09-24;22:10:00;2026-09-24T22:11:34Z;2026-09-25T03:56:00Z;344;;;11567;11081.85;;;11567;-485.15;-4.19;NORMAL;ACARS;;CONFIRMED;;;false;;;;false;;;;2026-09-28T00:00:00Z;SEED_BURNS_LEDGER;2026-09-28T00:00:00Z;SEED_BURNS_LEDGER
8bf83d52-295a-5b73-a20a-c29336e742c7;a3e6fdfc-69e0-59a6-ac09-e167538fe87b;A321;N994JL;N994JL;2026-09-24;22:05:00;2026-09-24T22:13:56Z;2026-09-25T03:58:06Z;344;;;15035;14571.67;;;15035;-463.33;-3.08;NORMAL;ACARS;;CONFIRMED;;;false;;;;false;;;;2026-09-28T00:00:00Z;SEED_BURNS_LEDGER;2026-09-28T00:00:00Z;SEED_BURNS_LEDGER
09a2080c-abbf-5abd-a673-e4e49aca1279;7da81d60-b5b8-5b8c-b49f-9dfc239cae86;A223;N3149J;N3149J;2026-09-24;21:25:00;2026-09-24T22:13:57Z;2026-09-25T01:49:49Z;216;;;6604;6564.87;;;6604;-39.13;-0.59;NORMAL;ACARS;;CONFIRMED;;;false;;;;false;;;;2026-09-28T00:00:00Z;SEED_BURNS_LEDGER;2026-09-28T00:00:00Z;SEED_BURNS_LEDGER
17a0e751-3aa5-5bc7-9172-6131882f0ac1;f97af589-ddd2-569f-9233-92d59c9d9a82;A223;N3104J;N3104J;2026-09-24;21:40:00;2026-09-24T22:14:05Z;2026-09-25T02:16:06Z;242;;;7533;7410.01;;;7533;-122.99;-1.63;NORMAL;ACARS;;CONFIRMED;;;false;;;;false;;;;2026-09-28T00:00:00Z;SEED_BURNS_LEDGER;2026-09-28T00:00:00Z;SEED_BURNS_LEDGER
23d166d7-f118-567e-bc35-ddc90d0757ac;b542de71-8c4a-56f6-8d07-97f2887b72d0;A320;N593JB;N593JB;2026-09-24;22:15:00;2026-09-24T22:16:21Z;2026-09-24T23:47:03Z;91;;;2593;2924.12;;;2593;331.12;12.77;EXCEEDED;ACARS;;CONFIRMED;;;false;;;;false;;;;2026-09-28T00:00:00Z;SEED_BURNS_LEDGER;2026-09-28T00:00:00Z;SEED_BURNS_LEDGER
e6619f73-66f7-57df-8e63-97efc06fa1ec;b4aa0390-ad17-5648-9975-bd553a3bc01a;A321;N934JB;N934JB;2026-09-24;21:55:00;2026-09-24T22:17:24Z;2026-09-25T03:24:09Z;307;;;13512;13179.26;;;13512;-332.74;-2.46;NORMAL;ACARS;;CONFIRMED;;;false;;;;false;;;;2026-09-28T00:00:00Z;SEED_BURNS_LEDGER;2026-09-28T00:00:00Z;SEED_BURNS_LEDGER
0d59b38f-01c7-5c67-86d1-ffd00585e6a8;5fb082ff-1bd5-5206-a93c-c15f9af427e3;A320;N809JB;N809JB;2026-09-24;22:15:00;2026-09-24T22:17:35Z;2026-09-25T00:46:22Z;149;;;4972;5054.32;;;4972;82.32;1.66;NORMAL;ACARS;;CONFIRMED;;;false;;;;false;;;;2026-09-28T00:00:00Z;SEED_BURNS_LEDGER;2026-09-28T00:00:00Z;SEED_BURNS_LEDGER
fea0c26c-042f-5d23-9255-9cfbd7b3ce2b;531cd360-a081-5075-9045-ac9d20efee66;A223;N3244J;N3244J;2026-09-24;22:10:00;2026-09-24T22:17:44Z;2026-09-24T23:53:57Z;96;;;2142;2238.05;;;2142;96.05;4.48;NORMAL;ACARS;;CONFIRMED;;;false;;;;false;;;;2026-09-28T00:00:00Z;SEED_BURNS_LEDGER;2026-09-28T00:00:00Z;SEED_BURNS_LEDGER
b495bcaa-d1f8-5b44-9a0a-cd3083f8a717;597d09b0-a986-58c6-9a32-bcc053a2c833;A321;N943JT;N943JT;2026-09-24;22:15:00;2026-09-24T22:18:06Z;2026-09-25T04:34:39Z;377;;;16320;16144.36;;;16320;-175.64;-1.08;NORMAL;ACARS;;CONFIRMED;;;false;;;;false;;;;2026-09-28T00:00:00Z;SEED_BURNS_LEDGER;2026-09-28T00:00:00Z;SEED_BURNS_LEDGER
8225e407-02f9-58e5-a36d-56daa275b12e;9933b503-f87c-5942-b3a4-9d1290fe476b;A321;N995JL;N995JL;2026-09-24;22:15:00;2026-09-24T22:19:31Z;2026-09-25T01:17:49Z;178;;;6800;7233.39;;;6800;433.39;6.37;EXCEEDED;ACARS;;CONFIRMED;;;false;;;;false;;;;2026-09-28T00:00:00Z;SEED_BURNS_LEDGER;2026-09-28T00:00:00Z;SEED_BURNS_LEDGER
97fbd61b-3f08-59bf-a18a-cef93795bc71;88c4f546-4cfc-509f-b184-1448749273da;A223;N3298J;N3298J;2026-09-24;21:20:00;2026-09-24T22:20:20Z;2026-09-24T23:17:26Z;57;;;1000;1078.56;;;1000;78.56;7.86;EXCEEDED;ACARS;;CONFIRMED;;;false;;;;false;;;;2026-09-28T00:00:00Z;SEED_BURNS_LEDGER;2026-09-28T00:00:00Z;SEED_BURNS_LEDGER
d943d829-5001-59aa-b2c3-c978f28b3ad1;e4e25f6a-4c5f-5912-90a9-a675144e4a4d;A21N;N4062J;N4062J;2026-09-24;22:15:00;2026-09-24T22:27:40Z;2026-09-25T06:16:29Z;469;;;16405;16463.42;;;16405;58.42;0.36;NORMAL;ACARS;;CONFIRMED;;;false;;;;false;;;;2026-09-28T00:00:00Z;SEED_BURNS_LEDGER;2026-09-28T00:00:00Z;SEED_BURNS_LEDGER
fcf7dca9-0f70-5958-a013-3e572fe73c94;cc4e861f-c447-57d1-9296-b680eac86b00;A223;N3152J;N3152J;2026-09-24;22:00:00;2026-09-24T22:29:37Z;2026-09-25T00:09:12Z;100;;;2071;2371.67;;;2071;300.67;14.52;EXCEEDED;ACARS;;CONFIRMED;;;false;;;;false;;;;2026-09-28T00:00:00Z;SEED_BURNS_LEDGER;2026-09-28T00:00:00Z;SEED_BURNS_LEDGER
5833dcd4-f733-5927-9dd5-1bd7157cd392;3834ada7-9f9a-5c3f-840e-24255a1d2c6e;A320;N521JB;N521JB;2026-09-24;22:25:00;2026-09-24T22:29:48Z;2026-09-25T01:27:20Z;178;;;6332;6349.7;;;6332;17.7;0.28;NORMAL;ACARS;;CONFIRMED;;;false;;;;false;;;;2026-09-28T00:00:00Z;SEED_BURNS_LEDGER;2026-09-28T00:00:00Z;SEED_BURNS_LEDGER
8ac2d0ca-88c7-5e8f-8b76-5eb113019ff2;d4c8e454-cd64-5f94-8198-08fe5450108e;A223;N3260J;N3260J;2026-09-24;22:25:00;2026-09-24T22:30:38Z;2026-09-25T01:00:53Z;150;;;3998;4204.47;;;3998;206.47;5.16;EXCEEDED;ACARS;;CONFIRMED;;;false;;;;false;;;;2026-09-28T00:00:00Z;SEED_BURNS_LEDGER;2026-09-28T00:00:00Z;SEED_BURNS_LEDGER
6a2c1fbe-f572-5a01-b594-cc42e0fac3ea;34d180e1-7801-5a3f-9b56-e01de24440e4;A223;N3121J;N3121J;2026-09-24;22:25:00;2026-09-24T22:30:42Z;2026-09-25T00:23:20Z;113;;;2999;2962.33;;;2999;-36.67;-1.22;NORMAL;ACARS;;CONFIRMED;;;false;;;;false;;;;2026-09-28T00:00:00Z;SEED_BURNS_LEDGER;2026-09-28T00:00:00Z;SEED_BURNS_LEDGER
b9cba5fe-4178-5c12-9f3b-53a977a4b7f1;19b258ae-1ed5-5c4b-b3a5-13775d1d9d0a;A223;N3269J;N3269J;2026-09-24;21:25:00;2026-09-24T22:30:46Z;2026-09-25T00:48:21Z;138;;;3856;3864.21;;;3856;8.21;0.21;NORMAL;ACARS;;CONFIRMED;;;false;;;;false;;;;2026-09-28T00:00:00Z;SEED_BURNS_LEDGER;2026-09-28T00:00:00Z;SEED_BURNS_LEDGER
76fddd07-1658-53f4-9b7c-d4fa5c6b233a;0242643b-7f5b-55f1-9d27-d99d53a38216;A320;N806JB;N806JB;2026-09-24;22:25:00;2026-09-24T22:31:40Z;2026-09-25T01:20:20Z;169;;;5950;5978.43;;;5950;28.43;0.48;NORMAL;ACARS;;CONFIRMED;;;false;;;;false;;;;2026-09-28T00:00:00Z;SEED_BURNS_LEDGER;2026-09-28T00:00:00Z;SEED_BURNS_LEDGER
6145b16a-9742-54e0-997d-658f1fd0658b;651cdda9-56d4-539a-a21a-c17f820000cb;A320;N804JB;N804JB;2026-09-24;22:30:00;2026-09-24T22:36:06Z;2026-09-25T01:27:47Z;172;;;6035;6370.86;;;6035;335.86;5.57;EXCEEDED;ACARS;;CONFIRMED;;;false;;;;false;;;;2026-09-28T00:00:00Z;SEED_BURNS_LEDGER;2026-09-28T00:00:00Z;SEED_BURNS_LEDGER
83769952-f44f-5190-9545-a15f14d94832;4b860dcb-e676-5333-a502-c871cb82633a;A320;N712JB;N712JB;2026-09-24;22:30:00;2026-09-24T22:36:56Z;2026-09-25T00:53:26Z;136;;;4250;4734.21;;;4250;484.21;11.39;EXCEEDED;ACARS;;CONFIRMED;;;false;;;;false;;;;2026-09-28T00:00:00Z;SEED_BURNS_LEDGER;2026-09-28T00:00:00Z;SEED_BURNS_LEDGER
cdf2e08b-c598-5339-a152-2e3c248830ad;b03b0a0f-c25e-5739-87c4-91d450e090d3;A21N;N2017J;N2017J;2026-09-24;22:30:00;2026-09-24T22:37:19Z;2026-09-25T01:23:07Z;166;;;5073;5252.54;;;5073;179.54;3.54;NORMAL;ACARS;;CONFIRMED;;;false;;;;false;;;;2026-09-28T00:00:00Z;SEED_BURNS_LEDGER;2026-09-28T00:00:00Z;SEED_BURNS_LEDGER
24276a2f-eaea-52ef-9ae0-1370717b3325;2ed5e74c-3d71-5b77-9902-dcdb573b1a2f;A223;N3229J;N3229J;2026-09-24;22:30:00;2026-09-24T22:38:23Z;2026-09-25T00:27:10Z;109;;;2535;2632.23;;;2535;97.23;3.84;NORMAL;ACARS;;CONFIRMED;;;false;;;;false;;;;2026-09-28T00:00:00Z;SEED_BURNS_LEDGER;2026-09-28T00:00:00Z;SEED_BURNS_LEDGER
b4bbd8e8-ae83-5837-a5c6-563a6a334876;6c16de4f-fa12-5640-9845-132846f4b2cf;A320;N657JB;N657JB;2026-09-24;22:15:00;2026-09-24T22:38:54Z;2026-09-25T01:32:35Z;174;;;5652;5961.14;;;5652;309.14;5.47;EXCEEDED;ACARS;;CONFIRMED;;;false;;;;false;;;;2026-09-28T00:00:00Z;SEED_BURNS_LEDGER;2026-09-28T00:00:00Z;SEED_BURNS_LEDGER
843e5948-3b0f-5993-bef9-eb658477d903;d8182eab-4ce6-5690-a203-37a82132724c;A21N;N4073J;N4073J;2026-09-24;21:25:00;2026-09-24T22:42:12Z;2026-09-25T05:23:27Z;401;;;13637;13991.29;;;13637;354.29;2.6;NORMAL;ACARS;;CONFIRMED;;;false;;;;false;;;;2026-09-28T00:00:00Z;SEED_BURNS_LEDGER;2026-09-28T00:00:00Z;SEED_BURNS_LEDGER
90e139d6-2191-5278-a2cb-6c5606f88b0a;fec818b1-f9d0-5b3f-b4d8-d6a0326b5248;A320;N508JL;N508JL;2026-09-24;22:45:00;2026-09-24T22:47:12Z;2026-09-25T01:35:16Z;168;;;5780;5901.31;;;5780;121.31;2.1;NORMAL;ACARS;;CONFIRMED;;;false;;;;false;;;;2026-09-28T00:00:00Z;SEED_BURNS_LEDGER;2026-09-28T00:00:00Z;SEED_BURNS_LEDGER
2a498a1d-d675-582e-8696-2d177332d01e;86c57c2f-6374-56d8-9422-9862b7ffbaab;A320;N603JB;N603JB;2026-09-24;22:35:00;2026-09-24T22:48:50Z;2026-09-25T02:10:05Z;201;;;7522;7505.89;;;7522;-16.11;-0.21;NORMAL;ACARS;;CONFIRMED;;;false;;;;false;;;;2026-09-28T00:00:00Z;SEED_BURNS_LEDGER;2026-09-28T00:00:00Z;SEED_BURNS_LEDGER
f55edd95-66be-5e29-812a-47c34c860996;81761751-75aa-516f-9409-6d492be74ef3;A321;N969JT;N969JT;2026-09-24;22:40:00;2026-09-24T22:49:23Z;2026-09-25T04:47:50Z;358;;;16320;15598.81;;;16320;-721.19;-4.42;NORMAL;ACARS;;CONFIRMED;;;false;;;;false;;;;2026-09-28T00:00:00Z;SEED_BURNS_LEDGER;2026-09-28T00:00:00Z;SEED_BURNS_LEDGER
48fe82bd-383e-54e3-95bf-e9f396f0b37e;0b27bcf5-fa7a-553d-8919-637807b86a98;A321;N987JT;N987JT;2026-09-24;22:45:00;2026-09-24T22:49:56Z;2026-09-25T03:42:55Z;293;;;13178;12329.98;;;13178;-848.02;-6.44;EXCEEDED;ACARS;;CONFIRMED;;;false;;;;false;;;;2026-09-28T00:00:00Z;SEED_BURNS_LEDGER;2026-09-28T00:00:00Z;SEED_BURNS_LEDGER
c853c9d6-3c85-58ac-818e-145fcc966858;efe686f1-13d2-52ff-a54b-970d6ecbab6c;A320;N663JB;N663JB;2026-09-24;22:40:00;2026-09-24T22:52:49Z;2026-09-25T01:47:53Z;175;;;6332;6178.28;;;6332;-153.72;-2.43;NORMAL;ACARS;;CONFIRMED;;;false;;;;false;;;;2026-09-28T00:00:00Z;SEED_BURNS_LEDGER;2026-09-28T00:00:00Z;SEED_BURNS_LEDGER
8129dabe-7fb9-57d6-b3a0-9bc26da17e3e;303f5aba-ec57-5876-a8b7-83af351f7eb2;A320;N709JB;N709JB;2026-09-24;22:45:00;2026-09-24T22:54:24Z;2026-09-25T01:40:44Z;166;;;5950;5830.15;;;5950;-119.85;-2.01;NORMAL;ACARS;;CONFIRMED;;;false;;;;false;;;;2026-09-28T00:00:00Z;SEED_BURNS_LEDGER;2026-09-28T00:00:00Z;SEED_BURNS_LEDGER
d96e5562-9e79-56cc-8297-aaa74d712f57;2b94dfd2-07a6-5c68-a911-3fc1bdf5a96a;A321;N980JT;N980JT;2026-09-24;22:45:00;2026-09-24T22:54:37Z;2026-09-25T04:38:50Z;344;;;15273;14766.45;;;15273;-506.55;-3.32;NORMAL;ACARS;;CONFIRMED;;;false;;;;false;;;;2026-09-28T00:00:00Z;SEED_BURNS_LEDGER;2026-09-28T00:00:00Z;SEED_BURNS_LEDGER
1d243911-4ddf-5f4a-99f5-1b043b7134a9;27abc3bc-644b-5190-9db3-9501b0e2a924;A223;N3118J;N3118J;2026-09-24;22:50:00;2026-09-24T22:55:07Z;2026-09-25T00:33:57Z;99;;;2499;2506.91;;;2499;7.91;0.32;NORMAL;ACARS;;CONFIRMED;;;false;;;;false;;;;2026-09-28T00:00:00Z;SEED_BURNS_LEDGER;2026-09-28T00:00:00Z;SEED_BURNS_LEDGER
6d885e5d-d672-57d2-8379-f3fd1cdc19de;f16447ab-9db1-5f85-87b7-770c7f6737c8;A321;N959JB;N959JB;2026-09-24;22:55:00;2026-09-24T22:55:09Z;2026-09-25T01:31:22Z;156;;;6514;6363.41;;;6514;-150.59;-2.31;NORMAL;ACARS;;CONFIRMED;;;false;;;;false;;;;2026-09-28T00:00:00Z;SEED_BURNS_LEDGER;2026-09-28T00:00:00Z;SEED_BURNS_LEDGER
a3e6e90b-f491-5dbb-990a-2f3c3a6a966e;f053eb1c-4964-5074-b080-98ff502bdf20;A223;N3162J;N3162J;2026-09-24;22:45:00;2026-09-24T22:56:07Z;2026-09-25T00:28:13Z;92;;;2106;2049.34;;;2106;-56.66;-2.69;NORMAL;ACARS;;CONFIRMED;;;false;;;;false;;;;2026-09-28T00:00:00Z;SEED_BURNS_LEDGER;2026-09-28T00:00:00Z;SEED_BURNS_LEDGER
e8dbc07f-0ec5-53aa-b7ab-2236c570dc42;5ca91912-3e50-587a-a9ab-ad46bc20f21f;A320;N662JB;N662JB;2026-09-24;22:50:00;2026-09-24T22:56:24Z;2026-09-25T01:45:26Z;169;;;6162;6139.15;;;6162;-22.85;-0.37;NORMAL;ACARS;;CONFIRMED;;;false;;;;false;;;;2026-09-28T00:00:00Z;SEED_BURNS_LEDGER;2026-09-28T00:00:00Z;SEED_BURNS_LEDGER
797ef02c-201b-5db7-a091-cb81168b0cd6;d4ada2d7-3464-56be-91b8-116ec96367e4;A320;N529JB;N529JB;2026-09-24;22:50:00;2026-09-24T22:57:02Z;2026-09-25T02:46:24Z;229;;;8032;8150.72;;;8032;118.72;1.48;NORMAL;ACARS;;CONFIRMED;;;false;;;;false;;;;2026-09-28T00:00:00Z;SEED_BURNS_LEDGER;2026-09-28T00:00:00Z;SEED_BURNS_LEDGER
ce1166ab-f0ce-5d01-8871-8f87b69de264;9f7d3e73-4ef2-598b-a972-6c34c31aaf92;A320;N520JB;N520JB;2026-09-24;22:45:00;2026-09-24T22:57:46Z;2026-09-25T01:48:26Z;171;;;5822;5992.49;;;5822;170.49;2.93;NORMAL;ACARS;;CONFIRMED;;;false;;;;false;;;;2026-09-28T00:00:00Z;SEED_BURNS_LEDGER;2026-09-28T00:00:00Z;SEED_BURNS_LEDGER
f4de8daa-5892-5c56-aa4f-3d65ddee69d2;477d2033-2aa7-5d98-a684-6a7501db0663;A321;N975JT;N975JT;2026-09-24;23:00:00;2026-09-24T23:03:02Z;2026-09-25T01:46:55Z;164;;;6705;6776;;;6705;71;1.06;NORMAL;ACARS;;CONFIRMED;;;false;;;;false;;;;2026-09-28T00:00:00Z;SEED_BURNS_LEDGER;2026-09-28T00:00:00Z;SEED_BURNS_LEDGER
190e4934-082b-51bf-9155-1aedc123605b;35475170-35dc-523d-93c3-47971407b097;A223;N3023J;N3023J;2026-09-24;23:00:00;2026-09-24T23:04:02Z;2026-09-25T01:12:44Z;129;;;3748;3721.16;;;3748;-26.84;-0.72;NORMAL;ACARS;;CONFIRMED;;;false;;;;false;;;;2026-09-28T00:00:00Z;SEED_BURNS_LEDGER;2026-09-28T00:00:00Z;SEED_BURNS_LEDGER
4a7c64e3-2ee7-522b-bb74-5fc3e5953df4;e8b09900-677a-5e62-bbe2-1240be410e9e;A21N;N2039J;N2039J;2026-09-24;23:00:00;2026-09-24T23:05:27Z;2026-09-25T01:39:15Z;154;;;4774;4979.35;;;4774;205.35;4.3;NORMAL;ACARS;;CONFIRMED;;;false;;;;false;;;;2026-09-28T00:00:00Z;SEED_BURNS_LEDGER;2026-09-28T00:00:00Z;SEED_BURNS_LEDGER
aa57c86f-e133-5a79-9bf8-83576d023a4f;29f89629-076e-5d79-8a91-4b416560c5cc;A321;N937JB;N937JB;2026-09-24;23:05:00;2026-09-24T23:07:33Z;2026-09-25T05:22:00Z;374;;;16558;15845.62;;;16558;-712.38;-4.3;NORMAL;ACARS;;CONFIRMED;;;false;;;;false;;;;2026-09-28T00:00:00Z;SEED_BURNS_LEDGER;2026-09-28T00:00:00Z;SEED_BURNS_LEDGER
7ac96a77-4e4d-51b9-a0dc-2e47a7a4d0f0;e93752d0-9abe-5534-8ae0-64b7bb62cf99;A223;N3065J;N3065J;2026-09-24;23:00:00;2026-09-24T23:08:13Z;2026-09-25T01:40:34Z;152;;;4320;4244.2;;;4320;-75.8;-1.75;NORMAL;ACARS;;CONFIRMED;;;false;;;;false;;;;2026-09-28T00:00:00Z;SEED_BURNS_LEDGER;2026-09-28T00:00:00Z;SEED_BURNS_LEDGER
212ddc5a-baf4-57ae-b64a-a7b09a0677bb;f920d7ed-4550-56bd-8838-71a9ed9c5940;A223;N3308J;N3308J;2026-09-24;23:00:00;2026-09-24T23:08:45Z;2026-09-25T01:27:25Z;139;;;3499;3682.29;;;3499;183.29;5.24;EXCEEDED;ACARS;;CONFIRMED;;;false;;;;false;;;;2026-09-28T00:00:00Z;SEED_BURNS_LEDGER;2026-09-28T00:00:00Z;SEED_BURNS_LEDGER
ea65f5e7-25a8-504b-a945-b565f5708e6a;8901a9c3-2fe8-54f8-a839-8efa39e4bca2;A223;N3196J;N3196J;2026-09-24;23:10:00;2026-09-24T23:12:10Z;2026-09-25T01:56:56Z;165;;;4498;4686.15;;;4498;188.15;4.18;NORMAL;ACARS;;CONFIRMED;;;false;;;;false;;;;2026-09-28T00:00:00Z;SEED_BURNS_LEDGER;2026-09-28T00:00:00Z;SEED_BURNS_LEDGER
059766f5-8b74-5e2a-bab3-5cafafe523f5;8e32b546-fc8a-5502-bc99-4fd316ac08ea;A223;N3271J;N3271J;2026-09-24;23:10:00;2026-09-24T23:14:34Z;2026-09-25T00:31:08Z;77;;;1535;1602.34;;;1535;67.34;4.39;NORMAL;ACARS;;CONFIRMED;;;false;;;;false;;;;2026-09-28T00:00:00Z;SEED_BURNS_LEDGER;2026-09-28T00:00:00Z;SEED_BURNS_LEDGER
0ef35426-52aa-5b7c-86df-2404a98b77f4;49807508-1ce2-564c-9e81-69535c84acc8;A321;N998JE;N998JE;2026-09-24;23:10:00;2026-09-24T23:16:41Z;2026-09-25T05:25:53Z;369;;;15749;15692.72;;;15749;-56.28;-0.36;NORMAL;ACARS;;CONFIRMED;;;false;;;;false;;;;2026-09-28T00:00:00Z;SEED_BURNS_LEDGER;2026-09-28T00:00:00Z;SEED_BURNS_LEDGER
159ba297-09da-5ea6-9b7e-d96e6adb125d;1c70f637-528b-5d34-8310-19df059e8c36;A223;N3169J;N3169J;2026-09-24;23:10:00;2026-09-24T23:17:54Z;2026-09-25T02:27:02Z;189;;;5534;5456.07;;;5534;-77.93;-1.41;NORMAL;ACARS;;CONFIRMED;;;false;;;;false;;;;2026-09-28T00:00:00Z;SEED_BURNS_LEDGER;2026-09-28T00:00:00Z;SEED_BURNS_LEDGER
f0dfafce-07df-58f4-a754-fd49f5d02d37;28ade87d-5fa9-5ae9-9c86-5065bdefcfed;A320;N645JB;N645JB;2026-09-24;23:15:00;2026-09-24T23:17:56Z;2026-09-25T00:40:46Z;83;;;2593;2528.24;;;2593;-64.76;-2.5;NORMAL;ACARS;;CONFIRMED;;;false;;;;false;;;;2026-09-28T00:00:00Z;SEED_BURNS_LEDGER;2026-09-28T00:00:00Z;SEED_BURNS_LEDGER
6d43cfd3-4fe0-533c-9afb-c5ee939a1f8f;95e215dc-3609-562b-9d7b-ce5d35ffe1a5;A223;N3289J;N3289J;2026-09-24;23:15:00;2026-09-24T23:20:03Z;2026-09-25T01:54:34Z;155;;;4820;4535.98;;;4820;-284.02;-5.89;EXCEEDED;ACARS;;CONFIRMED;;;false;;;;false;;;;2026-09-28T00:00:00Z;SEED_BURNS_LEDGER;2026-09-28T00:00:00Z;SEED_BURNS_LEDGER
91d6ef56-2a0f-5f63-9bd6-e9aac52b6f03;44d9e12c-23de-555b-8b32-6d19ec1b1b72;A321;N978JB;N978JB;2026-09-24;23:20:00;2026-09-24T23:22:20Z;2026-09-25T04:45:23Z;323;;;13940;13832.36;;;13940;-107.64;-0.77;NORMAL;ACARS;;CONFIRMED;;;false;;;;false;;;;2026-09-28T00:00:00Z;SEED_BURNS_LEDGER;2026-09-28T00:00:00Z;SEED_BURNS_LEDGER
7fd49d63-a128-5b50-824f-9f40c1ca2811;5e78bfcc-1f24-5082-a901-7aa80ce482f2;A223;N3112J;N3112J;2026-09-24;23:20:00;2026-09-24T23:23:22Z;2026-09-25T02:28:52Z;186;;;5676;5753.68;;;5676;77.68;1.37;NORMAL;ACARS;;CONFIRMED;;;false;;;;false;;;;2026-09-28T00:00:00Z;SEED_BURNS_LEDGER;2026-09-28T00:00:00Z;SEED_BURNS_LEDGER
31135d48-0a73-5b63-a45f-49ed40e46429;2dfeb79e-c301-55f6-8119-b3647e17b807;A320;N643JB;N643JB;2026-09-24;23:25:00;2026-09-24T23:27:12Z;2026-09-25T02:27:55Z;181;;;6375;6413.51;;;6375;38.51;0.6;NORMAL;ACARS;;CONFIRMED;;;false;;;;false;;;;2026-09-28T00:00:00Z;SEED_BURNS_LEDGER;2026-09-28T00:00:00Z;SEED_BURNS_LEDGER
92eab391-30e5-5b66-9821-45b43332549d;ad2bd006-f796-5060-8440-d8ef4652bb76;A320;N637JB;N637JB;2026-09-24;23:20:00;2026-09-24T23:27:50Z;2026-09-25T00:57:35Z;90;;;2720;2734.88;;;2720;14.88;0.55;NORMAL;ACARS;;CONFIRMED;;;false;;;;false;;;;2026-09-28T00:00:00Z;SEED_BURNS_LEDGER;2026-09-28T00:00:00Z;SEED_BURNS_LEDGER
91622fec-bd73-578a-83c6-f2e69246d0ff;f2fa0930-128f-5b5b-a16e-c2bfbff1fb7e;A320;N627JB;N627JB;2026-09-24;23:20:00;2026-09-24T23:29:45Z;2026-09-25T01:36:04Z;126;;;4462;4375.57;;;4462;-86.43;-1.94;NORMAL;ACARS;;CONFIRMED;;;false;;;;false;;;;2026-09-28T00:00:00Z;SEED_BURNS_LEDGER;2026-09-28T00:00:00Z;SEED_BURNS_LEDGER
51129d00-9a97-51ad-b9ff-9f21acf36258;1a5e71c4-f212-551d-9885-a024508aaac7;A320;N775JB;N775JB;2026-09-24;23:25:00;2026-09-24T23:30:21Z;2026-09-25T03:59:04Z;269;;;10370;10229.28;;;10370;-140.72;-1.36;NORMAL;ACARS;;CONFIRMED;;;false;;;;false;;;;2026-09-28T00:00:00Z;SEED_BURNS_LEDGER;2026-09-28T00:00:00Z;SEED_BURNS_LEDGER
4bed5a11-63a7-5a73-b4af-282b6df25936;aef9630a-7cb2-507e-957f-78cdf693fcb7;A223;N3241J;N3241J;2026-09-24;22:25:00;2026-09-24T23:32:15Z;2026-09-25T01:10:00Z;98;;;2035;2254.79;;;2035;219.79;10.8;EXCEEDED;ACARS;;CONFIRMED;;;false;;;;false;;;;2026-09-28T00:00:00Z;SEED_BURNS_LEDGER;2026-09-28T00:00:00Z;SEED_BURNS_LEDGER
4ce1735f-13e5-5f71-b28c-67a29d131cb2;53423d1b-dba6-5c5b-8cb8-9f958a40b3bd;A320;N649JB;N649JB;2026-09-24;23:20:00;2026-09-24T23:32:26Z;2026-09-25T02:01:20Z;149;;;5142;5264.98;;;5142;122.98;2.39;NORMAL;ACARS;;CONFIRMED;;;false;;;;false;;;;2026-09-28T00:00:00Z;SEED_BURNS_LEDGER;2026-09-28T00:00:00Z;SEED_BURNS_LEDGER
4b7b7f5c-42ff-5a1a-8366-adc2967934de;9851de26-8168-5b24-be7c-fc5e6f9b22eb;A320;N599JB;N599JB;2026-09-24;23:25:00;2026-09-24T23:34:52Z;2026-09-25T01:25:21Z;110;;;3358;3548.12;;;3358;190.12;5.66;EXCEEDED;ACARS;;CONFIRMED;;;false;;;;false;;;;2026-09-28T00:00:00Z;SEED_BURNS_LEDGER;2026-09-28T00:00:00Z;SEED_BURNS_LEDGER
8aa7840e-ceaa-5fb2-87ef-79cb8bb1cf33;6c59cf98-a0f2-59e9-a290-2b80823865b5;A21N;N2038J;N2038J;2026-09-24;23:30:00;2026-09-24T23:34:53Z;2026-09-25T02:24:59Z;170;;;5297;5314.89;;;5297;17.89;0.34;NORMAL;ACARS;;CONFIRMED;;;false;;;;false;;;;2026-09-28T00:00:00Z;SEED_BURNS_LEDGER;2026-09-28T00:00:00Z;SEED_BURNS_LEDGER
f37d1d2e-47bd-5378-afe5-673b062f3adb;ddd47f27-24d9-5250-844e-ecff55dcac3b;A320;N527JL;N527JL;2026-09-24;23:30:00;2026-09-24T23:39:11Z;2026-09-25T02:29:28Z;170;;;6375;6122.05;;;6375;-252.95;-3.97;NORMAL;ACARS;;CONFIRMED;;;false;;;;false;;;;2026-09-28T00:00:00Z;SEED_BURNS_LEDGER;2026-09-28T00:00:00Z;SEED_BURNS_LEDGER
af7b6383-1d99-5bce-ba45-85d15808a040;3363e8fd-66a5-5ee5-aa65-c08efee08b6e;A320;N784JB;N784JB;2026-09-24;23:35:00;2026-09-24T23:39:20Z;2026-09-25T02:32:10Z;173;;;6715;6294.93;;;6715;-420.07;-6.26;EXCEEDED;ACARS;;CONFIRMED;;;false;;;;false;;;;2026-09-28T00:00:00Z;SEED_BURNS_LEDGER;2026-09-28T00:00:00Z;SEED_BURNS_LEDGER
3c8cf991-4e68-53d8-abef-d49ddc02f983;ad5355ae-d34c-574d-bc0e-a05715cad18d;A223;N3125J;N3125J;2026-09-24;23:35:00;2026-09-24T23:42:44Z;2026-09-25T02:17:21Z;155;;;4677;4434.54;;;4677;-242.46;-5.18;EXCEEDED;ACARS;;CONFIRMED;;;false;;;;false;;;;2026-09-28T00:00:00Z;SEED_BURNS_LEDGER;2026-09-28T00:00:00Z;SEED_BURNS_LEDGER
2d8bd597-6bfd-5cba-b4b3-81eff7f22fba;5aefc597-7ca9-50a0-b3d1-dd0a9441062b;A223;N3232J;N3232J;2026-09-24;23:40:00;2026-09-24T23:50:02Z;2026-09-25T01:48:52Z;119;;;3213;3192.76;;;3213;-20.24;-0.63;NORMAL;ACARS;;CONFIRMED;;;false;;;;false;;;;2026-09-28T00:00:00Z;SEED_BURNS_LEDGER;2026-09-28T00:00:00Z;SEED_BURNS_LEDGER
9e8a1e23-c656-5055-978e-adc9c0c6ce0a;e4fff3d6-b76f-5ec4-9862-fbe7c8ae3155;A320;N652JB;N652JB;2026-09-24;23:10:00;2026-09-24T23:57:17Z;2026-09-25T02:37:32Z;160;;;5610;5562.97;;;5610;-47.03;-0.84;NORMAL;ACARS;;CONFIRMED;;;false;;;;false;;;;2026-09-28T00:00:00Z;SEED_BURNS_LEDGER;2026-09-28T00:00:00Z;SEED_BURNS_LEDGER
1c122c95-38d6-5380-97da-d0cde8d8366b;44a978e2-e2c4-56c7-9d6b-42eafa17c146;A223;N3077J;N3077J;2026-09-24;23:55:00;2026-09-24T23:58:23Z;2026-09-25T01:37:52Z;99;;;2606;2630.8;;;2606;24.8;0.95;NORMAL;ACARS;;CONFIRMED;;;false;;;;false;;;;2026-09-28T00:00:00Z;SEED_BURNS_LEDGER;2026-09-28T00:00:00Z;SEED_BURNS_LEDGER
28c3fa24-9151-5389-82ea-ef761f379476;f872c877-8b85-592d-b2aa-677abcd2641b;A321;N965JT;N965JT;2026-09-24;00:00:00;2026-09-25T00:01:44Z;2026-09-25T02:46:02Z;164;;;6514;6425.2;;;6514;-88.8;-1.36;NORMAL;ACARS;;CONFIRMED;;;false;;;;false;;;;2026-09-28T00:00:00Z;SEED_BURNS_LEDGER;2026-09-28T00:00:00Z;SEED_BURNS_LEDGER
2a26d2b6-28ab-5b77-9d3c-412fae06feab;257ba457-30b4-51d6-a598-eeb269e04556;A320;N554JB;N554JB;2026-09-24;00:00:00;2026-09-25T00:03:24Z;2026-09-25T02:42:49Z;159;;;5695;5562.39;;;5695;-132.61;-2.33;NORMAL;ACARS;;CONFIRMED;;;false;;;;false;;;;2026-09-28T00:00:00Z;SEED_BURNS_LEDGER;2026-09-28T00:00:00Z;SEED_BURNS_LEDGER
f7d3e459-c951-52fd-9958-5848a41b3fdb;b32fafe0-b3e3-5e59-a763-155e49d7cab8;A320;N703JB;N703JB;2026-09-24;00:00:00;2026-09-25T00:06:40Z;2026-09-25T01:58:17Z;112;;;3612;3600.47;;;3612;-11.53;-0.32;NORMAL;ACARS;;CONFIRMED;;;false;;;;false;;;;2026-09-28T00:00:00Z;SEED_BURNS_LEDGER;2026-09-28T00:00:00Z;SEED_BURNS_LEDGER
7402368d-c65a-55e0-9efa-d2b980f8f515;fa67de57-773e-54f1-9640-0780e5dfef5a;A21N;N4077J;N4077J;2026-09-24;00:05:00;2026-09-25T00:07:05Z;2026-09-25T07:13:44Z;427;;;14460;14580.41;;;14460;120.41;0.83;NORMAL;ACARS;;CONFIRMED;;;false;;;;false;;;;2026-09-28T00:00:00Z;SEED_BURNS_LEDGER;2026-09-28T00:00:00Z;SEED_BURNS_LEDGER
81647a07-5023-51d3-a8eb-6e38cdd8e15e;40904514-b357-530a-8226-8b112d05847b;A320;N564JB;N564JB;2026-09-24;22:50:00;2026-09-25T00:07:38Z;2026-09-25T02:59:22Z;172;;;6630;6209.24;;;6630;-420.76;-6.35;EXCEEDED;ACARS;;CONFIRMED;;;false;;;;false;;;;2026-09-28T00:00:00Z;SEED_BURNS_LEDGER;2026-09-28T00:00:00Z;SEED_BURNS_LEDGER
39e327db-6e72-56b4-b6cd-1003e41628a8;ca51feaf-567a-5ecd-bef9-d2fe9c837c11;A223;N3138J;N3138J;2026-09-24;00:00:00;2026-09-25T00:08:04Z;2026-09-25T01:45:28Z;97;;;2428;2369.4;;;2428;-58.6;-2.41;NORMAL;ACARS;;CONFIRMED;;;false;;;;false;;;;2026-09-28T00:00:00Z;SEED_BURNS_LEDGER;2026-09-28T00:00:00Z;SEED_BURNS_LEDGER
745d704e-a405-57f4-b593-1169485e1a19;f48984b2-ced2-55a6-bdf3-7cc4fe4e09ef;A223;N3085J;N3085J;2026-09-24;00:05:00;2026-09-25T00:08:24Z;2026-09-25T01:26:55Z;79;;;1428;1606.96;;;1428;178.96;12.53;EXCEEDED;ACARS;;CONFIRMED;;;false;;;;false;;;;2026-09-28T00:00:00Z;SEED_BURNS_LEDGER;2026-09-28T00:00:00Z;SEED_BURNS_LEDGER
622b1f7b-12e5-5e08-a71e-5f798c1dc847;957a1231-c64e-5abf-9e46-809523840a10;A320;N615JB;N615JB;2026-09-24;00:05:00;2026-09-25T00:08:41Z;2026-09-25T03:01:57Z;173;;;6078;5981.29;;;6078;-96.71;-1.59;NORMAL;ACARS;;CONFIRMED;;;false;;;;false;;;;2026-09-28T00:00:00Z;SEED_BURNS_LEDGER;2026-09-28T00:00:00Z;SEED_BURNS_LEDGER
371c0467-4f7e-57d3-a177-16c07c7fcd0a;535b0548-8ee6-5c40-be2e-565c3cf0f959;A223;N3221J;N3221J;2026-09-24;00:00:00;2026-09-25T00:12:21Z;2026-09-25T02:12:09Z;120;;;2927;3164.15;;;2927;237.15;8.1;EXCEEDED;ACARS;;CONFIRMED;;;false;;;;false;;;;2026-09-28T00:00:00Z;SEED_BURNS_LEDGER;2026-09-28T00:00:00Z;SEED_BURNS_LEDGER
ae5def13-38ae-5cc0-83f7-9610412489b8;68065895-4091-55d9-bb51-8d737ca735a9;A320;N796JB;N796JB;2026-09-24;00:05:00;2026-09-25T00:13:40Z;2026-09-25T03:06:11Z;173;;;5908;6069.41;;;5908;161.41;2.73;NORMAL;ACARS;;CONFIRMED;;;false;;;;false;;;;2026-09-28T00:00:00Z;SEED_BURNS_LEDGER;2026-09-28T00:00:00Z;SEED_BURNS_LEDGER
f46fc169-ef48-5cc7-b462-bdcf80e2bb0c;cd0acd2f-fd1c-5db9-b323-606ff4dc8b9c;A320;N746JB;N746JB;2026-09-24;00:05:00;2026-09-25T00:14:15Z;2026-09-25T02:21:23Z;127;;;4420;4268.61;;;4420;-151.39;-3.43;NORMAL;ACARS;;CONFIRMED;;;false;;;;false;;;;2026-09-28T00:00:00Z;SEED_BURNS_LEDGER;2026-09-28T00:00:00Z;SEED_BURNS_LEDGER
fca2de0d-1c65-586d-a895-4d1d0b88bdfc;622e4e33-45f3-5a68-a588-268545a8ea62;A320;N661JB;N661JB;2026-09-24;00:05:00;2026-09-25T00:14:58Z;2026-09-25T03:13:07Z;178;;;6120;6505.7;;;6120;385.7;6.3;EXCEEDED;ACARS;;CONFIRMED;;;false;;;;false;;;;2026-09-28T00:00:00Z;SEED_BURNS_LEDGER;2026-09-28T00:00:00Z;SEED_BURNS_LEDGER
fdbf457e-e9a9-581a-ad33-8b419af5d98a;5478c5ab-3413-5d35-9392-a0d0395ce5ff;A320;N608JB;N608JB;2026-09-24;23:40:00;2026-09-25T00:15:30Z;2026-09-25T02:47:31Z;152;;;5652;5357.5;;;5652;-294.5;-5.21;EXCEEDED;ACARS;;CONFIRMED;;;false;;;;false;;;;2026-09-28T00:00:00Z;SEED_BURNS_LEDGER;2026-09-28T00:00:00Z;SEED_BURNS_LEDGER
9e44727f-7740-5a0f-a431-f94633dc01bb;85e02dec-d821-55bf-8d82-789639fa86fd;A320;N793JB;N793JB;2026-09-24;00:10:00;2026-09-25T00:15:55Z;2026-09-25T03:11:25Z;176;;;6248;6386.63;;;6248;138.63;2.22;NORMAL;ACARS;;CONFIRMED;;;false;;;;false;;;;2026-09-28T00:00:00Z;SEED_BURNS_LEDGER;2026-09-28T00:00:00Z;SEED_BURNS_LEDGER
ea2f7dc5-5da6-503a-ba5c-b448daeb97f8;23c03e39-5e4b-516a-9f83-5894cbe8f328;A320;N605JB;N605JB;2026-09-24;00:05:00;2026-09-25T00:16:54Z;2026-09-25T03:14:38Z;178;;;6418;6309.42;;;6418;-108.58;-1.69;NORMAL;ACARS;;CONFIRMED;;;false;;;;false;;;;2026-09-28T00:00:00Z;SEED_BURNS_LEDGER;2026-09-28T00:00:00Z;SEED_BURNS_LEDGER
2574bf64-f93b-5ee0-a489-3310958e8e0d;c90faffb-024f-508e-adef-4e5f8e6abc5b;A320;N766JB;N766JB;2026-09-24;00:10:00;2026-09-25T00:19:37Z;2026-09-25T03:18:19Z;179;;;6800;6498.8;;;6800;-301.2;-4.43;NORMAL;ACARS;;CONFIRMED;;;false;;;;false;;;;2026-09-28T00:00:00Z;SEED_BURNS_LEDGER;2026-09-28T00:00:00Z;SEED_BURNS_LEDGER
be4628cc-302e-5343-ad0e-d026462eedea;0e951d1b-cf3c-5558-82aa-316115dc4097;A320;N729JB;N729JB;2026-09-24;00:15:00;2026-09-25T00:20:26Z;2026-09-25T03:07:21Z;167;;;5865;6072.81;;;5865;207.81;3.54;NORMAL;ACARS;;CONFIRMED;;;false;;;;false;;;;2026-09-28T00:00:00Z;SEED_BURNS_LEDGER;2026-09-28T00:00:00Z;SEED_BURNS_LEDGER
e9537fe7-aff4-5c1e-8e91-3d2d7de069f6;5ac516bf-a9a0-518e-b08a-a88f186d4421;A223;N3195J;N3195J;2026-09-24;00:10:00;2026-09-25T00:21:26Z;2026-09-25T02:00:27Z;99;;;2428;2460.25;;;2428;32.25;1.33;NORMAL;ACARS;;CONFIRMED;;;false;;;;false;;;;2026-09-28T00:00:00Z;SEED_BURNS_LEDGER;2026-09-28T00:00:00Z;SEED_BURNS_LEDGER
1bf621b0-6877-5df2-9464-b6c02c71f635;98009eee-60b7-5862-94e7-86cba030e012;A21N;N4064J;N4064J;2026-09-24;00:15:00;2026-09-25T00:23:56Z;2026-09-25T07:13:21Z;409;;;14011;13926.51;;;14011;-84.49;-0.6;NORMAL;ACARS;;CONFIRMED;;;false;;;;false;;;;2026-09-28T00:00:00Z;SEED_BURNS_LEDGER;2026-09-28T00:00:00Z;SEED_BURNS_LEDGER
c22a5d93-c5b0-5aa0-88cf-f081fe0e6ea6;f3a951d9-0b92-55a1-8f44-fc8b78622190;A321;N945JT;N945JT;2026-09-24;23:30:00;2026-09-25T00:24:08Z;2026-09-25T06:32:16Z;368;;;15368;16204.81;;;15368;836.81;5.45;EXCEEDED;ACARS;;CONFIRMED;;;false;;;;false;;;;2026-09-28T00:00:00Z;SEED_BURNS_LEDGER;2026-09-28T00:00:00Z;SEED_BURNS_LEDGER
a69425af-b7bf-50fb-a90e-d82c6f0e914b;5449f2ad-dc6f-5bde-8f08-964a5ad1747b;A223;N3307J;N3307J;2026-09-24;00:15:00;2026-09-25T00:24:34Z;2026-09-25T01:30:15Z;66;;;1142;1213.18;;;1142;71.18;6.23;EXCEEDED;ACARS;;CONFIRMED;;;false;;;;false;;;;2026-09-28T00:00:00Z;SEED_BURNS_LEDGER;2026-09-28T00:00:00Z;SEED_BURNS_LEDGER
e6913f9c-ec8f-5dfb-a08b-fd4940c42852;dd3f6608-3915-5e91-9c7c-9399c030c7bc;A320;N547JB;N547JB;2026-09-24;00:25:00;2026-09-25T00:26:13Z;2026-09-25T04:28:48Z;243;;;9222;9314.07;;;9222;92.07;1;NORMAL;ACARS;;CONFIRMED;;;false;;;;false;;;;2026-09-28T00:00:00Z;SEED_BURNS_LEDGER;2026-09-28T00:00:00Z;SEED_BURNS_LEDGER
64726e16-def6-52a2-8899-1cdd48da5ebb;e8b1e9ea-0ba7-5675-96a2-6a85a09a48d8;A320;N623JB;N623JB;2026-09-24;00:20:00;2026-09-25T00:26:31Z;2026-09-25T01:23:05Z;57;;;1317;1389.47;;;1317;72.47;5.5;EXCEEDED;ACARS;;CONFIRMED;;;false;;;;false;;;;2026-09-28T00:00:00Z;SEED_BURNS_LEDGER;2026-09-28T00:00:00Z;SEED_BURNS_LEDGER
eeabea9b-e42e-5ddc-bbb7-fc516f36f058;f429a01a-3138-5f1a-9dc6-0536e0f09046;A320;N635JB;N635JB;2026-09-24;00:15:00;2026-09-25T00:26:46Z;2026-09-25T03:02:10Z;155;;;5355;5363.2;;;5355;8.2;0.15;NORMAL;ACARS;;CONFIRMED;;;false;;;;false;;;;2026-09-28T00:00:00Z;SEED_BURNS_LEDGER;2026-09-28T00:00:00Z;SEED_BURNS_LEDGER
372d55a6-9dec-59a6-a92f-b87d69c36211;69a36eb1-65e5-5140-8354-806b833f214b;A321;N942JB;N942JB;2026-09-24;00:20:00;2026-09-25T00:29:37Z;2026-09-25T05:33:54Z;304;;;13131;13120.23;;;13131;-10.77;-0.08;NORMAL;ACARS;;CONFIRMED;;;false;;;;false;;;;2026-09-28T00:00:00Z;SEED_BURNS_LEDGER;2026-09-28T00:00:00Z;SEED_BURNS_LEDGER
ebd5ae8c-3dc7-5a92-a2ee-b56ca93406e5;1584a2d3-3b1a-5fa2-b1bf-af3ddf2fb7fd;A321;N996JL;N996JL;2026-09-24;00:25:00;2026-09-25T00:29:42Z;2026-09-25T03:37:45Z;188;;;7609;7368.08;;;7609;-240.92;-3.17;NORMAL;ACARS;;CONFIRMED;;;false;;;;false;;;;2026-09-28T00:00:00Z;SEED_BURNS_LEDGER;2026-09-28T00:00:00Z;SEED_BURNS_LEDGER
c31ff56f-7ab1-5756-99ea-a4903a43af83;389967a5-db3e-5e60-993f-8925322f1cbc;A320;N559JB;N559JB;2026-09-24;00:25:00;2026-09-25T00:31:13Z;2026-09-25T03:34:28Z;183;;;6715;6710.31;;;6715;-4.69;-0.07;NORMAL;ACARS;;CONFIRMED;;;false;;;;false;;;;2026-09-28T00:00:00Z;SEED_BURNS_LEDGER;2026-09-28T00:00:00Z;SEED_BURNS_LEDGER
5d2abcc1-395c-5641-9230-b16b3f43a66e;d246d430-177a-5d63-81b8-67fcbd9672c6;A320;N706JB;N706JB;2026-09-24;00:25:00;2026-09-25T00:31:14Z;2026-09-25T01:44:37Z;73;;;1488;1767.68;;;1488;279.68;18.8;EXCEEDED;ACARS;;CONFIRMED;;;false;;;;false;;;;2026-09-28T00:00:00Z;SEED_BURNS_LEDGER;2026-09-28T00:00:00Z;SEED_BURNS_LEDGER
5fe51085-a392-5f64-98cf-f67dcc844af0;192f9227-d7e3-5309-b668-d1af1df1d894;A223;N3145J;N3145J;2026-09-24;00:30:00;2026-09-25T00:33:18Z;2026-09-25T03:27:03Z;174;;;5248;5146.02;;;5248;-101.98;-1.94;NORMAL;ACARS;;CONFIRMED;;;false;;;;false;;;;2026-09-28T00:00:00Z;SEED_BURNS_LEDGER;2026-09-28T00:00:00Z;SEED_BURNS_LEDGER
5417d212-1296-511b-bb35-79575330faf9;07715f93-ff89-5627-893f-6c489f867703;A320;N531JL;N531JL;2026-09-24;00:30:00;2026-09-25T00:34:27Z;2026-09-25T03:25:18Z;171;;;6120;6193.67;;;6120;73.67;1.2;NORMAL;ACARS;;CONFIRMED;;;false;;;;false;;;;2026-09-28T00:00:00Z;SEED_BURNS_LEDGER;2026-09-28T00:00:00Z;SEED_BURNS_LEDGER
d5b7cba6-a041-5327-86a6-1066b80c45fc;0207872f-a393-529a-a835-f00dddd4d8d9;A320;N705JB;N705JB;2026-09-24;23:55:00;2026-09-25T00:34:45Z;2026-09-25T03:35:58Z;181;;;6502;6583.89;;;6502;81.89;1.26;NORMAL;ACARS;;CONFIRMED;;;false;;;;false;;;;2026-09-28T00:00:00Z;SEED_BURNS_LEDGER;2026-09-28T00:00:00Z;SEED_BURNS_LEDGER
0b161ea3-ef2b-5dd9-8b05-61c88f8dcd55;ea0792f0-8ef6-5c10-9479-871188c6e5bc;A223;N3291J;N3291J;2026-09-24;00:25:00;2026-09-25T00:35:19Z;2026-09-25T05:33:39Z;298;;;9496;9395.44;;;9496;-100.56;-1.06;NORMAL;ACARS;;CONFIRMED;;;false;;;;false;;;;2026-09-28T00:00:00Z;SEED_BURNS_LEDGER;2026-09-28T00:00:00Z;SEED_BURNS_LEDGER
fb298bfc-2ec6-5749-a3c5-b83daf0672a7;5d82e1c9-d8ce-50ed-b098-7046691d677f;A21N;N4083J;N4083J;2026-09-24;00:25:00;2026-09-25T00:35:26Z;2026-09-25T07:50:35Z;435;;;16031;15453.01;;;16031;-577.99;-3.61;NORMAL;ACARS;;CONFIRMED;;;false;;;;false;;;;2026-09-28T00:00:00Z;SEED_BURNS_LEDGER;2026-09-28T00:00:00Z;SEED_BURNS_LEDGER
1edc6e9b-dcd7-57c0-957b-2e6f382ac81e;f94af42b-7ed6-5874-9515-2a2df5f0ad20;A320;N794JB;N794JB;2026-09-24;00:35:00;2026-09-25T00:36:28Z;2026-09-25T03:29:15Z;173;;;6758;6408.49;;;6758;-349.51;-5.17;EXCEEDED;ACARS;;CONFIRMED;;;false;;;;false;;;;2026-09-28T00:00:00Z;SEED_BURNS_LEDGER;2026-09-28T00:00:00Z;SEED_BURNS_LEDGER
4032aa7e-aee9-5d21-a501-f18da98432f3;24e72eb9-3d94-5031-9101-de878660ac44;A320;N606JB;N606JB;2026-09-24;00:30:00;2026-09-25T00:36:56Z;2026-09-25T02:48:37Z;132;;;4250;4358.82;;;4250;108.82;2.56;NORMAL;ACARS;;CONFIRMED;;;false;;;;false;;;;2026-09-28T00:00:00Z;SEED_BURNS_LEDGER;2026-09-28T00:00:00Z;SEED_BURNS_LEDGER
49afc2a9-8b61-5c29-a959-6a0b94fc97c8;ea60e7d7-1d68-5b31-a0d1-1edcce565ab7;A321;N935JB;N935JB;2026-09-24;23:30:00;2026-09-25T00:37:19Z;2026-09-25T06:27:48Z;350;;;16130;15176.03;;;16130;-953.97;-5.91;EXCEEDED;ACARS;;CONFIRMED;;;false;;;;false;;;;2026-09-28T00:00:00Z;SEED_BURNS_LEDGER;2026-09-28T00:00:00Z;SEED_BURNS_LEDGER
36d37dee-880c-591e-b99c-5cc84a29e6e9;65072e3e-8afe-5fb3-8aec-dba5496adfd7;A320;N519JB;N519JB;2026-09-24;00:35:00;2026-09-25T00:41:35Z;2026-09-25T02:59:57Z;138;;;4930;4832.9;;;4930;-97.1;-1.97;NORMAL;ACARS;;CONFIRMED;;;false;;;;false;;;;2026-09-28T00:00:00Z;SEED_BURNS_LEDGER;2026-09-28T00:00:00Z;SEED_BURNS_LEDGER
e77ce66b-0fce-55f0-a3c8-506871b9c837;bb3c1b31-70fb-5349-a556-702e2b8bc168;A321;N947JB;N947JB;2026-09-24;00:35:00;2026-09-25T00:44:43Z;2026-09-25T06:07:26Z;323;;;14511;13712.94;;;14511;-798.06;-5.5;EXCEEDED;ACARS;;CONFIRMED;;;false;;;;false;;;;2026-09-28T00:00:00Z;SEED_BURNS_LEDGER;2026-09-28T00:00:00Z;SEED_BURNS_LEDGER
f42d0742-a7f7-515d-8968-b2fea9d3ac54;dfca8d64-aa76-57a4-9886-44c88df84c44;A223;N3280J;N3280J;2026-09-24;00:45:00;2026-09-25T00:49:39Z;2026-09-25T02:47:52Z;118;;;2963;3090.62;;;2963;127.62;4.31;NORMAL;ACARS;;CONFIRMED;;;false;;;;false;;;;2026-09-28T00:00:00Z;SEED_BURNS_LEDGER;2026-09-28T00:00:00Z;SEED_BURNS_LEDGER
dcf768fe-9bd5-5e91-9334-40447597de5e;34cb1080-6e14-5689-82ee-78d4ac59be5d;A320;N563JB;N563JB;2026-09-24;00:50:00;2026-09-25T00:52:11Z;2026-09-25T03:37:53Z;166;;;5950;6123.87;;;5950;173.87;2.92;NORMAL;ACARS;;CONFIRMED;;;false;;;;false;;;;2026-09-28T00:00:00Z;SEED_BURNS_LEDGER;2026-09-28T00:00:00Z;SEED_BURNS_LEDGER
36f6ec21-91b8-5e58-932e-3b0d42b0b373;ced12208-46ca-5cc3-a862-a7625e94ecd7;A320;N571JB;N571JB;2026-09-24;23:50:00;2026-09-25T00:54:49Z;2026-09-25T03:21:20Z;147;;;5440;5058.78;;;5440;-381.22;-7.01;EXCEEDED;ACARS;;CONFIRMED;;;false;;;;false;;;;2026-09-28T00:00:00Z;SEED_BURNS_LEDGER;2026-09-28T00:00:00Z;SEED_BURNS_LEDGER
1b311d4d-0996-5924-94cc-bb1277aff42f;504d9ec2-c261-51a0-896c-630fa8851fb1;A321;N967JT;N967JT;2026-09-24;00:45:00;2026-09-25T00:55:39Z;2026-09-25T06:43:02Z;347;;;14987;14797.77;;;14987;-189.23;-1.26;NORMAL;ACARS;;CONFIRMED;;;false;;;;false;;;;2026-09-28T00:00:00Z;SEED_BURNS_LEDGER;2026-09-28T00:00:00Z;SEED_BURNS_LEDGER
3780dbc9-128c-54e4-94d5-93cf1dda187c;09b904ff-be54-52f6-b1e2-9588d2c702a8;A320;N598JB;N598JB;2026-09-24;00:55:00;2026-09-25T00:56:33Z;2026-09-25T03:54:23Z;178;;;6162;6289.27;;;6162;127.27;2.07;NORMAL;ACARS;;CONFIRMED;;;false;;;;false;;;;2026-09-28T00:00:00Z;SEED_BURNS_LEDGER;2026-09-28T00:00:00Z;SEED_BURNS_LEDGER
8d229bf3-91c0-5e0e-8549-18e352e40497;ec0c9e0f-06f0-596d-ba86-4e848f95b513;A321;N905JB;N905JB;2026-09-24;00:50:00;2026-09-25T00:57:30Z;2026-09-25T03:52:46Z;175;;;7276;7037.78;;;7276;-238.22;-3.27;NORMAL;ACARS;;CONFIRMED;;;false;;;;false;;;;2026-09-28T00:00:00Z;SEED_BURNS_LEDGER;2026-09-28T00:00:00Z;SEED_BURNS_LEDGER
7935a897-9932-5b6c-9efa-bc9ad19e31c1;29d14686-c217-55d2-b924-92b961b06a46;A320;N593JB;N593JB;2026-09-24;00:55:00;2026-09-25T00:58:55Z;2026-09-25T03:43:26Z;165;;;5865;5862.33;;;5865;-2.67;-0.05;NORMAL;ACARS;;CONFIRMED;;;false;;;;false;;;;2026-09-28T00:00:00Z;SEED_BURNS_LEDGER;2026-09-28T00:00:00Z;SEED_BURNS_LEDGER
00176f34-eb69-5fdd-97d9-ea7ba8a849ac;a49ceb0f-a1d3-5dc7-8b41-ac2c4a02a946;A223;N3142J;N3142J;2026-09-24;00:50:00;2026-09-25T00:59:38Z;2026-09-25T03:07:51Z;128;;;3534;3506.11;;;3534;-27.89;-0.79;NORMAL;ACARS;;CONFIRMED;;;false;;;;false;;;;2026-09-28T00:00:00Z;SEED_BURNS_LEDGER;2026-09-28T00:00:00Z;SEED_BURNS_LEDGER
c825f027-e994-502d-bd0c-f275f6f9c161;f6be677c-104f-5562-a6f2-e56d68f0663b;A320;N607JB;N607JB;2026-09-24;00:55:00;2026-09-25T00:59:44Z;2026-09-25T01:53:49Z;54;;;1020;1219.92;;;1020;199.92;19.6;EXCEEDED;ACARS;;CONFIRMED;;;false;;;;false;;;;2026-09-28T00:00:00Z;SEED_BURNS_LEDGER;2026-09-28T00:00:00Z;SEED_BURNS_LEDGER
3a8752f9-aa9d-5887-8f6e-c7d55af760da;ee6cae28-01bc-5538-9ba2-a67a555b1211;A320;N646JB;N646JB;2026-09-24;00:00:00;2026-09-25T01:03:57Z;2026-09-25T03:56:52Z;173;;;6035;6094.3;;;6035;59.3;0.98;NORMAL;ACARS;;CONFIRMED;;;false;;;;false;;;;2026-09-28T00:00:00Z;SEED_BURNS_LEDGER;2026-09-28T00:00:00Z;SEED_BURNS_LEDGER
d4b28787-dfe3-58bd-9b5c-aba995d7fc06;56847a48-af1b-5caf-8117-6b68881cdcc0;A223;N3058J;N3058J;2026-09-24;23:50:00;2026-09-25T01:04:08Z;2026-09-25T03:23:47Z;140;;;3606;3690.5;;;3606;84.5;2.34;NORMAL;ACARS;;CONFIRMED;;;false;;;;false;;;;2026-09-28T00:00:00Z;SEED_BURNS_LEDGER;2026-09-28T00:00:00Z;SEED_BURNS_LEDGER
973405d5-23f1-5273-bff3-0c12308ddf71;1b01c87b-46f3-5139-a06b-81d406df9f06;A223;N3272J;N3272J;2026-09-24;00:15:00;2026-09-25T01:05:00Z;2026-09-25T03:53:54Z;169;;;4998;5098.13;;;4998;100.13;2;NORMAL;ACARS;;CONFIRMED;;;false;;;;false;;;;2026-09-28T00:00:00Z;SEED_BURNS_LEDGER;2026-09-28T00:00:00Z;SEED_BURNS_LEDGER
a0adf1d2-b6ed-519a-96f0-5d2e09254d24;9248fb9b-4c0e-50e8-99b7-fd1b2172a024;A321;N973JT;N973JT;2026-09-24;01:05:00;2026-09-25T01:05:02Z;2026-09-25T03:46:48Z;162;;;5896;6063.71;;;5896;167.71;2.84;NORMAL;ACARS;;CONFIRMED;;;false;;;;false;;;;2026-09-28T00:00:00Z;SEED_BURNS_LEDGER;2026-09-28T00:00:00Z;SEED_BURNS_LEDGER
005445b3-c4d5-57e2-ac65-c62ca5c06768;b6f89391-1fa5-5680-ae9c-04f9759665fc;A223;N3267J;N3267J;2026-09-24;00:40:00;2026-09-25T01:06:09Z;2026-09-25T02:39:55Z;94;;;2178;2287.29;;;2178;109.29;5.02;EXCEEDED;ACARS;;CONFIRMED;;;false;;;;false;;;;2026-09-28T00:00:00Z;SEED_BURNS_LEDGER;2026-09-28T00:00:00Z;SEED_BURNS_LEDGER
bfe75821-484d-55a0-91a3-48052e0de372;840d3d63-0f3e-58ae-af90-b5ec00407eef;A21N;N4074J;N4074J;2026-09-24;01:00:00;2026-09-25T01:07:35Z;2026-09-25T07:53:16Z;406;;;14572;14426.67;;;14572;-145.33;-1;NORMAL;ACARS;;CONFIRMED;;;false;;;;false;;;;2026-09-28T00:00:00Z;SEED_BURNS_LEDGER;2026-09-28T00:00:00Z;SEED_BURNS_LEDGER
0e5a39a7-d21a-59f6-8bb9-e4064eaf917d;2d68c605-2528-5d29-9322-ffaa0f232ee9;A223;N3194J;N3194J;2026-09-24;01:00:00;2026-09-25T01:09:02Z;2026-09-25T02:53:40Z;105;;;2356;2622.96;;;2356;266.96;11.33;EXCEEDED;ACARS;;CONFIRMED;;;false;;;;false;;;;2026-09-28T00:00:00Z;SEED_BURNS_LEDGER;2026-09-28T00:00:00Z;SEED_BURNS_LEDGER
0a9a414f-d39b-56b2-981a-2288ad1b2967;1bb152a6-8107-5710-a958-0ed7466c82c1;A320;N566JB;N566JB;2026-09-24;00:10:00;2026-09-25T01:09:20Z;2026-09-25T03:03:37Z;114;;;4038;4047.89;;;4038;9.89;0.24;NORMAL;ACARS;;CONFIRMED;;;false;;;;false;;;;2026-09-28T00:00:00Z;SEED_BURNS_LEDGER;2026-09-28T00:00:00Z;SEED_BURNS_LEDGER
bada75c0-e047-5f45-a34f-73775736e625;43c7a081-e5b1-5843-b837-6e0099d2bcff;A223;N3322J;N3322J;2026-09-24;01:05:00;2026-09-25T01:10:03Z;2026-09-25T03:45:15Z;155;;;3998;4151.38;;;3998;153.38;3.84;NORMAL;ACARS;;CONFIRMED;;;false;;;;false;;;;2026-09-28T00:00:00Z;SEED_BURNS_LEDGER;2026-09-28T00:00:00Z;SEED_BURNS_LEDGER
36db31c5-fc41-5740-a3e2-e4c81d259a62;b794e958-8db0-52d2-83f3-6968ff1b52a5;A223;N3152J;N3152J;2026-09-24;01:05:00;2026-09-25T01:13:41Z;2026-09-25T02:56:26Z;103;;;2178;2375.92;;;2178;197.92;9.09;EXCEEDED;ACARS;;CONFIRMED;;;false;;;;false;;;;2026-09-28T00:00:00Z;SEED_BURNS_LEDGER;2026-09-28T00:00:00Z;SEED_BURNS_LEDGER
f816bb09-94ae-5537-bfec-59d9c4d83cd4;f1dc6839-7ea0-5e07-8ae9-55b74c452645;A223;N3113J;N3113J;2026-09-24;01:10:00;2026-09-25T01:15:02Z;2026-09-25T03:43:16Z;148;;;3784;4064.2;;;3784;280.2;7.4;EXCEEDED;ACARS;;CONFIRMED;;;false;;;;false;;;;2026-09-28T00:00:00Z;SEED_BURNS_LEDGER;2026-09-28T00:00:00Z;SEED_BURNS_LEDGER
d52942c3-4319-5386-861b-a89411094717;665c3b55-cdd4-556b-bd24-e88a6e6c4dfb;A320;N658JB;N658JB;2026-09-24;01:10:00;2026-09-25T01:15:57Z;2026-09-25T04:41:50Z;206;;;7820;7512.72;;;7820;-307.28;-3.93;NORMAL;ACARS;;CONFIRMED;;;false;;;;false;;;;2026-09-28T00:00:00Z;SEED_BURNS_LEDGER;2026-09-28T00:00:00Z;SEED_BURNS_LEDGER
df012b27-94ad-54ee-8527-1bb21cbfb7b4;d922c8f1-4b66-5a18-8836-9f1e419d1923;A223;N3242J;N3242J;2026-09-24;01:15:00;2026-09-25T01:17:03Z;2026-09-25T03:05:31Z;108;;;2713;2811.49;;;2713;98.49;3.63;NORMAL;ACARS;;CONFIRMED;;;false;;;;false;;;;2026-09-28T00:00:00Z;SEED_BURNS_LEDGER;2026-09-28T00:00:00Z;SEED_BURNS_LEDGER
0a01101e-9072-5a18-b463-0b842baa4340;9aee386a-95c3-52f5-841b-88fc4ba56c72;A320;N597JB;N597JB;2026-09-24;01:10:00;2026-09-25T01:17:15Z;2026-09-25T02:26:21Z;69;;;1572;1838.69;;;1572;266.69;16.97;EXCEEDED;ACARS;;CONFIRMED;;;false;;;;false;;;;2026-09-28T00:00:00Z;SEED_BURNS_LEDGER;2026-09-28T00:00:00Z;SEED_BURNS_LEDGER
0e21ff68-8f85-51e1-a78b-efe990e9368e;d4d74252-6576-590d-97a1-68693adcad4f;A320;N636JB;N636JB;2026-09-24;01:10:00;2026-09-25T01:23:14Z;2026-09-25T04:37:58Z;195;;;6885;7145.84;;;6885;260.84;3.79;NORMAL;ACARS;;CONFIRMED;;;false;;;;false;;;;2026-09-28T00:00:00Z;SEED_BURNS_LEDGER;2026-09-28T00:00:00Z;SEED_BURNS_LEDGER
534cd0ce-2c3d-5b98-9cdc-b6e047c0d198;feb1a2ed-9b26-52ad-b4c5-6da1c457a348;A321;N964JT;N964JT;2026-09-24;00:45:00;2026-09-25T01:25:35Z;2026-09-25T07:06:15Z;341;;;14464;14899.48;;;14464;435.48;3.01;NORMAL;ACARS;;CONFIRMED;;;false;;;;false;;;;2026-09-28T00:00:00Z;SEED_BURNS_LEDGER;2026-09-28T00:00:00Z;SEED_BURNS_LEDGER
4d8c0519-0445-5df5-a50f-23bd870d9fd6;ca56294c-0883-5a34-9ab1-04eda5d469d6;A320;N580JB;N580JB;2026-09-24;01:25:00;2026-09-25T01:31:06Z;2026-09-25T04:09:13Z;158;;;5568;5224.53;;;5568;-343.47;-6.17;EXCEEDED;ACARS;;CONFIRMED;;;false;;;;false;;;;2026-09-28T00:00:00Z;SEED_BURNS_LEDGER;2026-09-28T00:00:00Z;SEED_BURNS_LEDGER
930a0186-ddd8-5ad1-84b0-452aab54c0df;eb01092e-5e62-5848-9800-847e8e61835d;A223;N3203J;N3203J;2026-09-24;01:20:00;2026-09-25T01:31:39Z;2026-09-25T04:16:16Z;165;;;4998;5000.27;;;4998;2.27;0.05;NORMAL;ACARS;;CONFIRMED;;;false;;;;false;;;;2026-09-28T00:00:00Z;SEED_BURNS_LEDGER;2026-09-28T00:00:00Z;SEED_BURNS_LEDGER
701c70d7-a0eb-571b-94dd-6dc5ea23fd7d;643f913b-5540-5225-b86a-3cf58c2f9d21;A21N;N2142J;N2142J;2026-09-24;01:30:00;2026-09-25T01:36:04Z;2026-09-25T07:34:44Z;359;;;11992;12148.65;;;11992;156.65;1.31;NORMAL;ACARS;;CONFIRMED;;;false;;;;false;;;;2026-09-28T00:00:00Z;SEED_BURNS_LEDGER;2026-09-28T00:00:00Z;SEED_BURNS_LEDGER
71ccb3a2-f298-5de3-8b32-e2ae886677b4;02354e86-0a7a-5314-bb02-0b4d6d5c380d;A320;N556JB;N556JB;2026-09-24;01:30:00;2026-09-25T01:36:23Z;2026-09-25T04:44:15Z;188;;;6715;6801.59;;;6715;86.59;1.29;NORMAL;ACARS;;CONFIRMED;;;false;;;;false;;;;2026-09-28T00:00:00Z;SEED_BURNS_LEDGER;2026-09-28T00:00:00Z;SEED_BURNS_LEDGER
b4ba3cbd-a9ac-5069-9490-348b2edf68fa;e7ad7b9f-ba30-5509-99d1-7d434c134c4d;A320;N809JB;N809JB;2026-09-24;01:35:00;2026-09-25T01:39:39Z;2026-09-25T03:41:47Z;122;;;3782;4054.77;;;3782;272.77;7.21;EXCEEDED;ACARS;;CONFIRMED;;;false;;;;false;;;;2026-09-28T00:00:00Z;SEED_BURNS_LEDGER;2026-09-28T00:00:00Z;SEED_BURNS_LEDGER
85ff629a-fde7-571c-83a7-52451712cb72;e3a6f6a8-2e90-5508-8ba2-576431f1d45e;A320;N584JB;N584JB;2026-09-24;01:35:00;2026-09-25T01:40:36Z;2026-09-25T04:35:40Z;175;;;6248;6191.86;;;6248;-56.14;-0.9;NORMAL;ACARS;;CONFIRMED;;;false;;;;false;;;;2026-09-28T00:00:00Z;SEED_BURNS_LEDGER;2026-09-28T00:00:00Z;SEED_BURNS_LEDGER
cc5335fd-302d-55cf-b502-03a8cc323f12;db91695e-3d04-5888-b5bc-3a345e4155d0;A320;N656JB;N656JB;2026-09-24;01:40:00;2026-09-25T01:43:33Z;2026-09-25T04:37:47Z;174;;;5738;6020.65;;;5738;282.65;4.93;NORMAL;ACARS;;CONFIRMED;;;false;;;;false;;;;2026-09-28T00:00:00Z;SEED_BURNS_LEDGER;2026-09-28T00:00:00Z;SEED_BURNS_LEDGER
76740b46-9f9a-5dde-9a02-084c292ca495;2cb842c0-a11c-5a54-8d54-fd9fc7059acc;A321;N988JT;N988JT;2026-09-24;01:35:00;2026-09-25T01:46:13Z;2026-09-25T07:17:29Z;331;;;14654;14294.03;;;14654;-359.97;-2.46;NORMAL;ACARS;;CONFIRMED;;;false;;;;false;;;;2026-09-28T00:00:00Z;SEED_BURNS_LEDGER;2026-09-28T00:00:00Z;SEED_BURNS_LEDGER
e5a6189b-9614-5c2c-a5fb-5b5234f2c0ff;f3637cd7-61e9-5c5a-898d-3aebac854631;A21N;N2165J;N2165J;2026-09-24;01:40:00;2026-09-25T01:49:16Z;2026-09-25T08:17:53Z;389;;;13226;13300.82;;;13226;74.82;0.57;NORMAL;ACARS;;CONFIRMED;;;false;;;;false;;;;2026-09-28T00:00:00Z;SEED_BURNS_LEDGER;2026-09-28T00:00:00Z;SEED_BURNS_LEDGER
fd835ff9-2a6c-5f44-80b9-d4794d5deb93;8dd27fc5-9d9b-5a00-a22b-084d6992b179;A223;N3157J;N3157J;2026-09-24;00:55:00;2026-09-25T01:54:59Z;2026-09-25T03:32:52Z;98;;;2249;2242.42;;;2249;-6.58;-0.29;NORMAL;ACARS;;CONFIRMED;;;false;;;;false;;;;2026-09-28T00:00:00Z;SEED_BURNS_LEDGER;2026-09-28T00:00:00Z;SEED_BURNS_LEDGER
061debc4-a352-5184-9daf-0d23b4844321;2430fd3f-401c-559e-9533-da07fe0dc240;A223;N3162J;N3162J;2026-09-24;01:50:00;2026-09-25T01:55:13Z;2026-09-25T03:09:53Z;75;;;1571;1588.63;;;1571;17.63;1.12;NORMAL;ACARS;;CONFIRMED;;;false;;;;false;;;;2026-09-28T00:00:00Z;SEED_BURNS_LEDGER;2026-09-28T00:00:00Z;SEED_BURNS_LEDGER
1048303a-cb80-5c11-a71a-d3c8b289c0a6;399fb7d1-403a-5577-837b-1f7c17d2c6fe;A320;N523JB;N523JB;2026-09-24;01:50:00;2026-09-25T01:55:37Z;2026-09-25T03:42:31Z;107;;;3102;3163.25;;;3102;61.25;1.97;NORMAL;ACARS;;CONFIRMED;;;false;;;;false;;;;2026-09-28T00:00:00Z;SEED_BURNS_LEDGER;2026-09-28T00:00:00Z;SEED_BURNS_LEDGER
dfa34e09-8a46-5fdd-9f94-8481e9fa0360;e0db9862-2056-5325-898f-a2160008d12c;A223;N3296J;N3296J;2026-09-24;01:55:00;2026-09-25T01:59:59Z;2026-09-25T05:07:01Z;187;;;5676;5592.01;;;5676;-83.99;-1.48;NORMAL;ACARS;;CONFIRMED;;;false;;;;false;;;;2026-09-28T00:00:00Z;SEED_BURNS_LEDGER;2026-09-28T00:00:00Z;SEED_BURNS_LEDGER
34bb2bd5-e6f3-5c62-b91b-94e75381ebf7;693bd6b3-df2e-52cc-9675-d6f8d3e69741;A320;N583JB;N583JB;2026-09-24;02:00:00;2026-09-25T02:09:23Z;2026-09-25T03:55:53Z;106;;;3485;3460.98;;;3485;-24.02;-0.69;NORMAL;ACARS;;CONFIRMED;;;false;;;;false;;;;2026-09-28T00:00:00Z;SEED_BURNS_LEDGER;2026-09-28T00:00:00Z;SEED_BURNS_LEDGER
c7d0556a-8c6e-5c6e-9234-1d57bbeb0090;d58285fc-5510-5ef8-9c0b-a55c626c6cd8;A21N;N4076J;N4076J;2026-09-24;02:00:00;2026-09-25T02:10:27Z;2026-09-25T09:02:55Z;412;;;14685;14159.87;;;14685;-525.13;-3.58;NORMAL;ACARS;;CONFIRMED;;;false;;;;false;;;;2026-09-28T00:00:00Z;SEED_BURNS_LEDGER;2026-09-28T00:00:00Z;SEED_BURNS_LEDGER
098d9baf-e99a-5b4c-ac46-39fca857e4b4;bc80c9e5-cc81-5364-9dcf-ceb5b37e1343;A320;N618JB;N618JB;2026-09-24;01:05:00;2026-09-25T02:13:28Z;2026-09-25T03:29:25Z;76;;;1912;2057.1;;;1912;145.1;7.59;EXCEEDED;ACARS;;CONFIRMED;;;false;;;;false;;;;2026-09-28T00:00:00Z;SEED_BURNS_LEDGER;2026-09-28T00:00:00Z;SEED_BURNS_LEDGER
0e113f68-0833-5163-badc-c56e8c6454e4;c0639b16-31c2-53ae-90cb-7160db6dc942;A223;N3118J;N3118J;2026-09-24;02:15:00;2026-09-25T02:19:06Z;2026-09-25T03:52:45Z;94;;;2213;2245.19;;;2213;32.19;1.45;NORMAL;ACARS;;CONFIRMED;;;false;;;;false;;;;2026-09-28T00:00:00Z;SEED_BURNS_LEDGER;2026-09-28T00:00:00Z;SEED_BURNS_LEDGER
03d9c300-6f37-5eb6-bc19-b464b76842b3;cc0922a0-e8d1-58a8-880b-5ff0c157b4ac;A321;N929JB;N929JB;2026-09-24;02:15:00;2026-09-25T02:19:52Z;2026-09-25T08:03:28Z;344;;;14940;14337.15;;;14940;-602.85;-4.04;NORMAL;ACARS;;CONFIRMED;;;false;;;;false;;;;2026-09-28T00:00:00Z;SEED_BURNS_LEDGER;2026-09-28T00:00:00Z;SEED_BURNS_LEDGER
341ab069-2620-53e9-a9dc-17093b2af360;1418a4d1-cdb0-56d7-a89d-eb4ac2e36c1e;A21N;N2151J;N2151J;2026-09-24;02:25:00;2026-09-25T02:29:18Z;2026-09-25T08:39:10Z;370;;;13226;12273.84;;;13226;-952.16;-7.2;EXCEEDED;ACARS;;CONFIRMED;;;false;;;;false;;;;2026-09-28T00:00:00Z;SEED_BURNS_LEDGER;2026-09-28T00:00:00Z;SEED_BURNS_LEDGER
f352d740-d405-5a0b-b65e-30ac83250d05;ae2c966f-7662-528f-88dc-c75b54eed775;A223;N3241J;N3241J;2026-09-24;02:30:00;2026-09-25T02:31:21Z;2026-09-25T05:11:27Z;160;;;4284;4548.58;;;4284;264.58;6.18;EXCEEDED;ACARS;;CONFIRMED;;;false;;;;false;;;;2026-09-28T00:00:00Z;SEED_BURNS_LEDGER;2026-09-28T00:00:00Z;SEED_BURNS_LEDGER
8dcef944-588a-5787-a34e-6d8a31e0e447;37ef09fc-757a-5d06-b119-5679a34571b5;A223;N3023J;N3023J;2026-09-24;02:30:00;2026-09-25T02:37:19Z;2026-09-25T03:48:46Z;71;;;1285;1402.25;;;1285;117.25;9.12;EXCEEDED;ACARS;;CONFIRMED;;;false;;;;false;;;;2026-09-28T00:00:00Z;SEED_BURNS_LEDGER;2026-09-28T00:00:00Z;SEED_BURNS_LEDGER
ef0febe0-90c0-5dc8-a754-c3852a14857d;42d7615c-7e80-5ac7-96d8-d5d4932ac299;A321;N989JT;N989JT;2026-09-24;02:35:00;2026-09-25T02:42:13Z;2026-09-25T08:03:00Z;321;;;13750;13479.37;;;13750;-270.63;-1.97;NORMAL;ACARS;;CONFIRMED;;;false;;;;false;;;;2026-09-28T00:00:00Z;SEED_BURNS_LEDGER;2026-09-28T00:00:00Z;SEED_BURNS_LEDGER
7d3a33fd-86cb-54a6-a1cc-14b08a208924;a1e25c06-ff03-5667-bd93-da1ba1b6bcc0;A223;N3138J;N3138J;2026-09-24;02:40:00;2026-09-25T02:43:12Z;2026-09-25T04:06:02Z;83;;;1606;1743.63;;;1606;137.63;8.57;EXCEEDED;ACARS;;CONFIRMED;;;false;;;;false;;;;2026-09-28T00:00:00Z;SEED_BURNS_LEDGER;2026-09-28T00:00:00Z;SEED_BURNS_LEDGER
5de3165d-549c-59dc-829a-27f681d7cd46;fb2bd47c-89f5-5c48-aa4b-5b0950fb0f27;A320;N561JB;N561JB;2026-09-24;02:45:00;2026-09-25T02:53:48Z;2026-09-25T03:58:23Z;65;;;1148;1470.19;;;1148;322.19;28.07;EXCEEDED;ACARS;;CONFIRMED;;;false;;;;false;;;;2026-09-28T00:00:00Z;SEED_BURNS_LEDGER;2026-09-28T00:00:00Z;SEED_BURNS_LEDGER
a98db291-1709-5f2c-8e69-a3b113e547a0;486e6def-7322-5cbf-b0e5-131c3577121a;A320;N828JB;N828JB;2026-09-24;02:45:00;2026-09-25T02:55:30Z;2026-09-25T04:11:29Z;76;;;1615;1925.32;;;1615;310.32;19.21;EXCEEDED;ACARS;;CONFIRMED;;;false;;;;false;;;;2026-09-28T00:00:00Z;SEED_BURNS_LEDGER;2026-09-28T00:00:00Z;SEED_BURNS_LEDGER
1a747d12-752e-5be9-a627-e3eb096069e2;e602e646-9a50-57ad-bda8-6d8c4a44000a;A320;N834JB;N834JB;2026-09-24;02:55:00;2026-09-25T03:02:18Z;2026-09-25T03:59:26Z;57;;;1105;1262.06;;;1105;157.06;14.21;EXCEEDED;ACARS;;CONFIRMED;;;false;;;;false;;;;2026-09-28T00:00:00Z;SEED_BURNS_LEDGER;2026-09-28T00:00:00Z;SEED_BURNS_LEDGER
8cf9811f-f9f0-5b27-aaa3-51559f3e6bb6;49258b28-af22-5db1-b20a-78e1470bf3cc;A21N;N4080J;N4080J;2026-09-24;03:00:00;2026-09-25T03:03:44Z;2026-09-25T09:43:22Z;400;;;14423;13934.84;;;14423;-488.16;-3.38;NORMAL;ACARS;;CONFIRMED;;;false;;;;false;;;;2026-09-28T00:00:00Z;SEED_BURNS_LEDGER;2026-09-28T00:00:00Z;SEED_BURNS_LEDGER
3af7e318-7e7c-51e5-be8d-2c689418f794;b7ce51d9-ae0a-5733-899b-484b317794c9;A21N;N2199J;N2199J;2026-09-24;03:15:00;2026-09-25T03:20:07Z;2026-09-25T08:57:00Z;337;;;11805;11335.94;;;11805;-469.06;-3.97;NORMAL;ACARS;;CONFIRMED;;;false;;;;false;;;;2026-09-28T00:00:00Z;SEED_BURNS_LEDGER;2026-09-28T00:00:00Z;SEED_BURNS_LEDGER
f10a5ba0-21e1-565f-9504-5716fea2aef6;3fccc9c1-d5e2-565e-b7e2-be869390baec;A320;N594JB;N594JB;2026-09-24;03:20:00;2026-09-25T03:21:48Z;2026-09-25T04:29:13Z;67;;;1445;1614.38;;;1445;169.38;11.72;EXCEEDED;ACARS;;CONFIRMED;;;false;;;;false;;;;2026-09-28T00:00:00Z;SEED_BURNS_LEDGER;2026-09-28T00:00:00Z;SEED_BURNS_LEDGER
dcd86565-7247-5221-a5a8-1650c668ae80;b6171d48-8d19-52a1-806e-43a96e280dd2;A320;N784JB;N784JB;2026-09-24;03:15:00;2026-09-25T03:24:07Z;2026-09-25T06:07:09Z;163;;;6078;5962.97;;;6078;-115.03;-1.89;NORMAL;ACARS;;CONFIRMED;;;false;;;;false;;;;2026-09-28T00:00:00Z;SEED_BURNS_LEDGER;2026-09-28T00:00:00Z;SEED_BURNS_LEDGER
2bc357a7-b9a4-5364-bfb0-e730e537ceed;3c52e15a-b655-56ed-ba4f-26d7663667be;A321;N962JT;N962JT;2026-09-24;03:25:00;2026-09-25T03:26:57Z;2026-09-25T08:56:16Z;329;;;14654;13924.71;;;14654;-729.29;-4.98;NORMAL;ACARS;;CONFIRMED;;;false;;;;false;;;;2026-09-28T00:00:00Z;SEED_BURNS_LEDGER;2026-09-28T00:00:00Z;SEED_BURNS_LEDGER
c86fde9d-23e4-51a5-9805-f7e9cae50408;632a2198-efd1-5e65-9384-8391fe98d3ed;A321;N968JT;N968JT;2026-09-24;03:15:00;2026-09-25T03:27:55Z;2026-09-25T08:33:45Z;306;;;13036;12807.01;;;13036;-228.99;-1.76;NORMAL;ACARS;;CONFIRMED;;;false;;;;false;;;;2026-09-28T00:00:00Z;SEED_BURNS_LEDGER;2026-09-28T00:00:00Z;SEED_BURNS_LEDGER
2ec7df1c-419f-528a-a75b-ad692c98c61d;178777dd-4061-5182-bed6-2f04b7c9d806;A321;N983JT;N983JT;2026-09-24;03:35:00;2026-09-25T03:43:04Z;2026-09-25T09:03:03Z;320;;;13274;13313.42;;;13274;39.42;0.3;NORMAL;ACARS;;CONFIRMED;;;false;;;;false;;;;2026-09-28T00:00:00Z;SEED_BURNS_LEDGER;2026-09-28T00:00:00Z;SEED_BURNS_LEDGER
94bab049-d2f0-5d02-85eb-5c72d90d0d46;e4f9febb-b53a-5359-9567-9c50c0293372;A320;N595JB;N595JB;2026-09-24;03:45:00;2026-09-25T03:49:15Z;2026-09-25T05:39:40Z;110;;;3230;3403;;;3230;173;5.36;EXCEEDED;ACARS;;CONFIRMED;;;false;;;;false;;;;2026-09-28T00:00:00Z;SEED_BURNS_LEDGER;2026-09-28T00:00:00Z;SEED_BURNS_LEDGER
be70c2f5-12a7-52da-93cd-21abb436db08;e211c66b-8503-5be0-a0e8-e69c3a8f5493;A321;N946JL;N946JL;2026-09-24;03:45:00;2026-09-25T03:53:32Z;2026-09-25T10:13:06Z;380;;;16463;16275.04;;;16463;-187.96;-1.14;NORMAL;ACARS;;CONFIRMED;;;false;;;;false;;;;2026-09-28T00:00:00Z;SEED_BURNS_LEDGER;2026-09-28T00:00:00Z;SEED_BURNS_LEDGER
f644d749-602d-5aee-98a3-ce7b5e3d6d77;89d61be4-90f6-519e-af45-02d7be24360b;A21N;N2180J;N2180J;2026-09-24;03:00:00;2026-09-25T04:12:15Z;2026-09-25T09:37:24Z;325;;;11169;11357.39;;;11169;188.39;1.69;NORMAL;ACARS;;CONFIRMED;;;false;;;;false;;;;2026-09-28T00:00:00Z;SEED_BURNS_LEDGER;2026-09-28T00:00:00Z;SEED_BURNS_LEDGER
51ce3b97-bc43-5564-bd5a-15990ac0f52f;e75b580b-4a1c-5bcb-bd73-adc4bcbd9cdd;A223;N3123J;N3123J;2026-09-24;04:05:00;2026-09-25T04:16:39Z;2026-09-25T09:33:22Z;317;;;10532;10001.31;;;10532;-530.69;-5.04;EXCEEDED;ACARS;;CONFIRMED;;;false;;;;false;;;;2026-09-28T00:00:00Z;SEED_BURNS_LEDGER;2026-09-28T00:00:00Z;SEED_BURNS_LEDGER
4df0e3eb-9937-5dfa-a48a-71600e058372;e67b0225-49c2-598b-b595-291b623eae88;A321;N992JB;N992JB;2026-09-24;04:25:00;2026-09-25T04:33:16Z;2026-09-25T09:45:39Z;312;;;13750;13489.87;;;13750;-260.13;-1.89;NORMAL;ACARS;;CONFIRMED;;;false;;;;false;;;;2026-09-28T00:00:00Z;SEED_BURNS_LEDGER;2026-09-28T00:00:00Z;SEED_BURNS_LEDGER
3a553a7d-af1b-5ff3-99e1-8134afc0df0b;f1ca75e5-85ce-52f5-aade-2a2ec162c880;A321;N991JT;N991JT;2026-09-24;04:35:00;2026-09-25T04:39:25Z;2026-09-25T09:45:20Z;306;;;13559;12910.25;;;13559;-648.75;-4.78;NORMAL;ACARS;;CONFIRMED;;;false;;;;false;;;;2026-09-28T00:00:00Z;SEED_BURNS_LEDGER;2026-09-28T00:00:00Z;SEED_BURNS_LEDGER
8204c6f2-f160-5a6e-ae5e-c0d29256c42e;33bfdf67-5d5c-5e05-b42f-3fcb1888cce2;A320;N591JB;N591JB;2026-09-24;04:40:00;2026-09-25T04:44:30Z;2026-09-25T09:49:37Z;305;;;11645;11828.98;;;11645;183.98;1.58;NORMAL;ACARS;;CONFIRMED;;;false;;;;false;;;;2026-09-28T00:00:00Z;SEED_BURNS_LEDGER;2026-09-28T00:00:00Z;SEED_BURNS_LEDGER
7946b57d-0ed3-587c-a30c-7f20eb9a227b;73b43fc0-005e-58bd-bd11-eebcdd769df5;A321;N982JB;N982JB;2026-09-24;04:40:00;2026-09-25T04:46:03Z;2026-09-25T10:30:52Z;345;;;15035;15073.48;;;15035;38.48;0.26;NORMAL;ACARS;;CONFIRMED;;;false;;;;false;;;;2026-09-28T00:00:00Z;SEED_BURNS_LEDGER;2026-09-28T00:00:00Z;SEED_BURNS_LEDGER
b763a96b-9903-5af2-9feb-ddb4e42f67ba;2ceb0695-62c2-5d30-8fb4-106a7ca63fcb;A320;N775JB;N775JB;2026-09-24;04:55:00;2026-09-25T05:06:35Z;2026-09-25T09:09:44Z;243;;;9350;9260.25;;;9350;-89.75;-0.96;NORMAL;ACARS;;CONFIRMED;;;false;;;;false;;;;2026-09-28T00:00:00Z;SEED_BURNS_LEDGER;2026-09-28T00:00:00Z;SEED_BURNS_LEDGER
170f57ff-5aa5-5cbe-a1d9-963310a7f557;692cc6ee-9439-5ed4-8ded-cfc439411ba3;A321;N986JB;N986JB;2026-09-24;05:15:00;2026-09-25T05:22:22Z;2026-09-25T10:14:45Z;292;;;13036;12623.57;;;13036;-412.43;-3.16;NORMAL;ACARS;;CONFIRMED;;;false;;;;false;;;;2026-09-28T00:00:00Z;SEED_BURNS_LEDGER;2026-09-28T00:00:00Z;SEED_BURNS_LEDGER
13ee18e9-710d-5626-9767-a38cb4cb6cc5;8398f84a-f09e-5219-a54c-9faf8b26276f;A223;N3275J;N3275J;2026-09-24;05:30:00;2026-09-25T05:38:37Z;2026-09-25T10:43:03Z;304;;;10174;9875.74;;;10174;-298.26;-2.93;NORMAL;ACARS;;CONFIRMED;;;false;;;;false;;;;2026-09-28T00:00:00Z;SEED_BURNS_LEDGER;2026-09-28T00:00:00Z;SEED_BURNS_LEDGER
55fed1bd-4d42-5882-b873-b97b5db24346;e7e0ce7e-7a84-52ac-b3ec-e07f989b80c3;A321;N944JT;N944JT;2026-09-24;05:40:00;2026-09-25T05:51:39Z;2026-09-25T10:43:35Z;292;;;12702;12878.2;;;12702;176.2;1.39;NORMAL;ACARS;;CONFIRMED;;;false;;;;false;;;;2026-09-28T00:00:00Z;SEED_BURNS_LEDGER;2026-09-28T00:00:00Z;SEED_BURNS_LEDGER
e6c1405e-8ecf-58f5-9239-629935150944;9a04c483-c64b-5e21-b8f0-ae1628de0bd9;A321;N949JT;N949JT;2026-09-24;05:05:00;2026-09-25T05:53:05Z;2026-09-25T11:28:06Z;335;;;14083;14407.3;;;14083;324.3;2.3;NORMAL;ACARS;;CONFIRMED;;;false;;;;false;;;;2026-09-28T00:00:00Z;SEED_BURNS_LEDGER;2026-09-28T00:00:00Z;SEED_BURNS_LEDGER
8bd16279-30b5-5da0-a503-cbc929f52465;9def09a6-90fc-5742-b96c-17dc7aba3f02;A320;N595JB;N595JB;2026-09-25;06:00:00;2026-09-25T06:05:25Z;2026-09-25T10:36:59Z;272;;;9902;10079.25;;;9902;177.25;1.79;NORMAL;ACARS;;CONFIRMED;;;false;;;;false;;;;2026-09-28T00:00:00Z;SEED_BURNS_LEDGER;2026-09-28T00:00:00Z;SEED_BURNS_LEDGER
814a454c-9f9d-5c6c-a310-c1af9d4e9bf9;20967063-ab76-54c4-bb7a-f0c7eb019533;A321;N969JT;N969JT;2026-09-24;06:10:00;2026-09-25T06:15:52Z;2026-09-25T11:32:38Z;317;;;13940;13957.26;;;13940;17.26;0.12;NORMAL;ACARS;;CONFIRMED;;;false;;;;false;;;;2026-09-28T00:00:00Z;SEED_BURNS_LEDGER;2026-09-28T00:00:00Z;SEED_BURNS_LEDGER
5b6144cc-63c3-5834-acd4-1637f94ee8c4;b478f461-f158-54e2-8d72-df1be709bbaa;A321;N970JB;N970JB;2026-09-24;06:15:00;2026-09-25T06:20:10Z;2026-09-25T11:38:22Z;318;;;14130;13381.78;;;14130;-748.22;-5.3;EXCEEDED;ACARS;;CONFIRMED;;;false;;;;false;;;;2026-09-28T00:00:00Z;SEED_BURNS_LEDGER;2026-09-28T00:00:00Z;SEED_BURNS_LEDGER
dc1b7481-b186-5dd6-bfec-516a21fffa98;6cbbcad8-5a35-5c1d-a2d0-520294a1b91b;A223;N3291J;N3291J;2026-09-25;06:15:00;2026-09-25T06:20:34Z;2026-09-25T10:34:02Z;253;;;8104;8159.93;;;8104;55.93;0.69;NORMAL;ACARS;;CONFIRMED;;;false;;;;false;;;;2026-09-28T00:00:00Z;SEED_BURNS_LEDGER;2026-09-28T00:00:00Z;SEED_BURNS_LEDGER
a19a1a2c-b94b-58e8-b1bc-6aa4c86e1fcd;2902565d-8b21-566c-b1c9-0b443c03daf2;A321;N937JB;N937JB;2026-09-24;06:20:00;2026-09-25T06:30:23Z;2026-09-25T12:08:41Z;338;;;14749;14505.96;;;14749;-243.04;-1.65;NORMAL;ACARS;;CONFIRMED;;;false;;;;false;;;;2026-09-28T00:00:00Z;SEED_BURNS_LEDGER;2026-09-28T00:00:00Z;SEED_BURNS_LEDGER
e3890435-cfe1-5327-90ab-5732d0ff4c68;62bd66bf-0895-5e3c-aad9-f2af293cddb7;A321;N998JE;N998JE;2026-09-24;06:40:00;2026-09-25T06:44:00Z;2026-09-25T12:01:42Z;318;;;13654;13809.23;;;13654;155.23;1.14;NORMAL;ACARS;;CONFIRMED;;;false;;;;false;;;;2026-09-28T00:00:00Z;SEED_BURNS_LEDGER;2026-09-28T00:00:00Z;SEED_BURNS_LEDGER
3dfb5cdc-e650-5b74-b726-263cd7dd2cfb;e919cfb4-e789-55fb-847d-ceea18d0e38f;A321;N942JB;N942JB;2026-09-24;06:45:00;2026-09-25T06:52:24Z;2026-09-25T11:56:28Z;304;;;13464;13182.48;;;13464;-281.52;-2.09;NORMAL;ACARS;;CONFIRMED;;;false;;;;false;;;;2026-09-28T00:00:00Z;SEED_BURNS_LEDGER;2026-09-28T00:00:00Z;SEED_BURNS_LEDGER
fd734b30-760e-550a-aa67-0bab4fda6b0e;b96b515e-e26a-54db-ac40-15c9d2b275a3;A321;N943JT;N943JT;2026-09-24;06:30:00;2026-09-25T07:10:47Z;2026-09-25T12:39:19Z;329;;;13702;13840.76;;;13702;138.76;1.01;NORMAL;ACARS;;CONFIRMED;;;false;;;;false;;;;2026-09-28T00:00:00Z;SEED_BURNS_LEDGER;2026-09-28T00:00:00Z;SEED_BURNS_LEDGER
562e2884-be3b-5e65-8981-9041dabdabbe;29312397-db5c-5ec5-9a70-be140bc2ff36;A321;N947JB;N947JB;2026-09-25;07:10:00;2026-09-25T07:13:38Z;2026-09-25T12:38:28Z;325;;;14035;13350.64;;;14035;-684.36;-4.88;NORMAL;ACARS;;CONFIRMED;;;false;;;;false;;;;2026-09-28T00:00:00Z;SEED_BURNS_LEDGER;2026-09-28T00:00:00Z;SEED_BURNS_LEDGER
c4e264a3-aed4-5256-b819-a7328f8f3d88;966c2648-c342-5e89-b0ff-3b843edef3d8;A21N;N4073J;N4073J;2026-09-25;07:30:00;2026-09-25T07:41:17Z;2026-09-25T15:30:13Z;469;;;16742;16093.65;;;16742;-648.35;-3.87;NORMAL;ACARS;;CONFIRMED;;;false;;;;false;;;;2026-09-28T00:00:00Z;SEED_BURNS_LEDGER;2026-09-28T00:00:00Z;SEED_BURNS_LEDGER
024a03be-8b24-5174-9d6d-762fd6949e80;d5949195-cc5f-5528-aa35-5143027375df;A21N;N4062J;N4062J;2026-09-25;08:20:00;2026-09-25T08:32:02Z;2026-09-25T17:29:19Z;537;;;20033;18955.13;;;20033;-1077.87;-5.38;EXCEEDED;ACARS;;CONFIRMED;;;false;;;;false;;;;2026-09-28T00:00:00Z;SEED_BURNS_LEDGER;2026-09-28T00:00:00Z;SEED_BURNS_LEDGER
4fe3193d-72f4-587e-8ae6-c14150dd6be0;5dbe02c5-47bc-5ae8-91dc-a248e60e4ee2;A223;N3195J;N3195J;2026-09-25;08:50:00;2026-09-25T08:57:58Z;2026-09-25T10:13:02Z;75;;;1499;1553.19;;;1499;54.19;3.62;NORMAL;ACARS;;CONFIRMED;;;false;;;;false;;;;2026-09-28T00:00:00Z;SEED_BURNS_LEDGER;2026-09-28T00:00:00Z;SEED_BURNS_LEDGER
2ff6c88a-0b81-556a-a7bd-aec932d1dad8;32717ce5-0e96-5ceb-8481-40d50f253e55;A321;N967JT;N967JT;2026-09-25;08:50:00;2026-09-25T09:02:59Z;2026-09-25T14:20:58Z;318;;;14130;14058.25;;;14130;-71.75;-0.51;NORMAL;ACARS;;CONFIRMED;;;false;;;;false;;;;2026-09-28T00:00:00Z;SEED_BURNS_LEDGER;2026-09-28T00:00:00Z;SEED_BURNS_LEDGER
d82d01de-0a6e-532b-99e6-70b3283d4073;6bb073d6-12cb-5e16-9ec1-1b8b9014012c;A21N;N4077J;N4077J;2026-09-25;09:10:00;2026-09-25T09:12:00Z;2026-09-25T17:19:56Z;488;;;16592;16738.91;;;16592;146.91;0.89;NORMAL;ACARS;;CONFIRMED;;;false;;;;false;;;;2026-09-28T00:00:00Z;SEED_BURNS_LEDGER;2026-09-28T00:00:00Z;SEED_BURNS_LEDGER
96babd96-9d08-5037-be9f-05e2e7dba82e;3c801c1f-1895-5fef-8621-65f92fe67f18;A320;N763JB;N763JB;2026-09-25;09:05:00;2026-09-25T09:14:22Z;2026-09-25T13:11:24Z;237;;;8755;8790.05;;;8755;35.05;0.4;NORMAL;ACARS;;CONFIRMED;;;false;;;;false;;;;2026-09-28T00:00:00Z;SEED_BURNS_LEDGER;2026-09-28T00:00:00Z;SEED_BURNS_LEDGER
c68cc25b-b4c0-5891-a814-f4503ec58cf2;88501ce2-640c-5c00-9d0d-31114438a1bb;A21N;N4064J;N4064J;2026-09-25;09:15:00;2026-09-25T09:15:04Z;2026-09-25T17:17:42Z;483;;;16966;16394.07;;;16966;-571.93;-3.37;NORMAL;ACARS;;CONFIRMED;;;false;;;;false;;;;2026-09-28T00:00:00Z;SEED_BURNS_LEDGER;2026-09-28T00:00:00Z;SEED_BURNS_LEDGER
a1917fac-fa15-5b3d-9fe9-9740dbe6eb82;cce9bfa3-95a4-5d8d-9e81-6299e7d11d42;A223;N3157J;N3157J;2026-09-25;09:30:00;2026-09-25T09:40:50Z;2026-09-25T10:59:53Z;79;;;1535;1590.52;;;1535;55.52;3.62;NORMAL;ACARS;;CONFIRMED;;;false;;;;false;;;;2026-09-28T00:00:00Z;SEED_BURNS_LEDGER;2026-09-28T00:00:00Z;SEED_BURNS_LEDGER
c4719bef-4c23-52e5-a4d0-a728300289c1;0263a3d2-4b36-580f-98ee-842eef8f94b0;A223;N3023J;N3023J;2026-09-25;08:35:00;2026-09-25T09:42:14Z;2026-09-25T10:52:01Z;70;;;1428;1446.37;;;1428;18.37;1.29;NORMAL;ACARS;;CONFIRMED;;;false;;;;false;;;;2026-09-28T00:00:00Z;SEED_BURNS_LEDGER;2026-09-28T00:00:00Z;SEED_BURNS_LEDGER
9f28208a-2d36-56b6-b81b-97dca2c77b09;7775a40b-eef9-5019-b2dc-3a353c2fcce0;A321;N985JT;N985JT;2026-09-25;08:25:00;2026-09-25T09:43:35Z;2026-09-25T15:45:11Z;362;;;16415;15511.05;;;16415;-903.95;-5.51;EXCEEDED;ACARS;;CONFIRMED;;;false;;;;false;;;;2026-09-28T00:00:00Z;SEED_BURNS_LEDGER;2026-09-28T00:00:00Z;SEED_BURNS_LEDGER
933bd3d3-e855-5d9f-a96d-403fafe17c27;978a1eac-82de-532c-a657-9ea1a6e7cead;A320;N715JB;N715JB;2026-09-25;09:40:00;2026-09-25T09:46:51Z;2026-09-25T13:39:10Z;232;;;8160;8568.74;;;8160;408.74;5.01;EXCEEDED;ACARS;;CONFIRMED;;;false;;;;false;;;;2026-09-28T00:00:00Z;SEED_BURNS_LEDGER;2026-09-28T00:00:00Z;SEED_BURNS_LEDGER
686edf12-cbb8-57ec-b2c8-5b94afe70e6b;c88f2a1c-03ad-5420-93d7-c68a7bf7814f;A223;N3142J;N3142J;2026-09-25;09:35:00;2026-09-25T09:47:25Z;2026-09-25T11:41:07Z;114;;;2963;2956.57;;;2963;-6.43;-0.22;NORMAL;ACARS;;CONFIRMED;;;false;;;;false;;;;2026-09-28T00:00:00Z;SEED_BURNS_LEDGER;2026-09-28T00:00:00Z;SEED_BURNS_LEDGER
491daad8-eef5-5b33-9c44-b5a33d542740;57cff379-ba3d-5018-8fbf-608c3c87a902;A321;N968JT;N968JT;2026-09-25;09:40:00;2026-09-25T09:47:30Z;2026-09-25T16:00:16Z;373;;;16320;15577.82;;;16320;-742.18;-4.55;NORMAL;ACARS;;CONFIRMED;;;false;;;;false;;;;2026-09-28T00:00:00Z;SEED_BURNS_LEDGER;2026-09-28T00:00:00Z;SEED_BURNS_LEDGER
d0f70c7e-9e06-5f90-9490-fbfef3ea8aba;d3ecac79-7953-5026-8feb-6e37585898b3;A21N;N2142J;N2142J;2026-09-25;09:35:00;2026-09-25T09:47:44Z;2026-09-25T16:49:57Z;422;;;14535;14398.63;;;14535;-136.37;-0.94;NORMAL;ACARS;;CONFIRMED;;;false;;;;false;;;;2026-09-28T00:00:00Z;SEED_BURNS_LEDGER;2026-09-28T00:00:00Z;SEED_BURNS_LEDGER
08112837-b56b-5be7-b2ec-4cb8a3c0f7db;6793c8a2-b060-5332-a678-f631764b3ba8;A320;N638JB;N638JB;2026-09-25;08:45:00;2026-09-25T09:47:45Z;2026-09-25T12:42:15Z;174;;;6502;6228.7;;;6502;-273.3;-4.2;NORMAL;ACARS;;CONFIRMED;;;false;;;;false;;;;2026-09-28T00:00:00Z;SEED_BURNS_LEDGER;2026-09-28T00:00:00Z;SEED_BURNS_LEDGER
3bf8569f-b9c1-5f95-8bb3-558056256106;408bb7f2-dfe4-53b8-9514-96cbf9cb1ab2;A223;N3118J;N3118J;2026-09-25;08:30:00;2026-09-25T09:48:43Z;2026-09-25T11:23:13Z;95;;;2249;2264.52;;;2249;15.52;0.69;NORMAL;ACARS;;CONFIRMED;;;false;;;;false;;;;2026-09-28T00:00:00Z;SEED_BURNS_LEDGER;2026-09-28T00:00:00Z;SEED_BURNS_LEDGER
770f90b8-693d-57d1-bc0f-e328847b7867;c7b5ccc7-73bc-50e9-ae28-05a79fc46e97;A321;N975JT;N975JT;2026-09-25;08:20:00;2026-09-25T09:48:58Z;2026-09-25T14:04:34Z;256;;;10941;10870.02;;;10941;-70.98;-0.65;NORMAL;ACARS;;CONFIRMED;;;false;;;;false;;;;2026-09-28T00:00:00Z;SEED_BURNS_LEDGER;2026-09-28T00:00:00Z;SEED_BURNS_LEDGER
3702d96b-aec3-5625-bcac-132aac070422;e261be98-d37e-5370-ac43-3a229f05b709;A320;N615JB;N615JB;2026-09-25;09:40:00;2026-09-25T09:50:54Z;2026-09-25T12:34:52Z;164;;;5822;5640.9;;;5822;-181.1;-3.11;NORMAL;ACARS;;CONFIRMED;;;false;;;;false;;;;2026-09-28T00:00:00Z;SEED_BURNS_LEDGER;2026-09-28T00:00:00Z;SEED_BURNS_LEDGER
0b914917-eaf3-5eff-bd46-93b8877a5c2b;5e052193-1028-5e5d-adfb-498bc54069cd;A320;N547JB;N547JB;2026-09-25;09:50:00;2026-09-25T09:52:21Z;2026-09-25T12:48:34Z;176;;;6800;6524.59;;;6800;-275.41;-4.05;NORMAL;ACARS;;CONFIRMED;;;false;;;;false;;;;2026-09-28T00:00:00Z;SEED_BURNS_LEDGER;2026-09-28T00:00:00Z;SEED_BURNS_LEDGER
a41f28f3-f37b-5785-89ba-50fd0e3eb682;b11fda3e-c9df-5808-a37d-6a4d35954726;A320;N709JB;N709JB;2026-09-25;09:40:00;2026-09-25T09:52:51Z;2026-09-25T12:18:28Z;146;;;4760;4967.83;;;4760;207.83;4.37;NORMAL;ACARS;;CONFIRMED;;;false;;;;false;;;;2026-09-28T00:00:00Z;SEED_BURNS_LEDGER;2026-09-28T00:00:00Z;SEED_BURNS_LEDGER
aa93bc63-b359-5373-97e8-7223ee889ed0;a9fd35fc-fba3-5418-81ee-124a51422ddb;A223;N3115J;N3115J;2026-09-25;09:45:00;2026-09-25T09:53:35Z;2026-09-25T11:17:40Z;84;;;1928;1999.82;;;1928;71.82;3.73;NORMAL;ACARS;;CONFIRMED;;;false;;;;false;;;;2026-09-28T00:00:00Z;SEED_BURNS_LEDGER;2026-09-28T00:00:00Z;SEED_BURNS_LEDGER
83d99ead-e4ac-580c-a540-1847f6b1021d;a321cf08-f1ef-5174-b018-a5611ab63aa9;A321;N987JT;N987JT;2026-09-25;09:50:00;2026-09-25T09:56:11Z;2026-09-25T15:40:10Z;344;;;14940;14520.23;;;14940;-419.77;-2.81;NORMAL;ACARS;;CONFIRMED;;;false;;;;false;;;;2026-09-28T00:00:00Z;SEED_BURNS_LEDGER;2026-09-28T00:00:00Z;SEED_BURNS_LEDGER
cd8ab0a7-7ce8-50be-93c0-e8aa13cb6b5d;f6c937cb-aa38-59b9-94bf-ab57533c5910;A223;N3267J;N3267J;2026-09-25;08:35:00;2026-09-25T09:57:04Z;2026-09-25T11:43:29Z;106;;;2570;2702.41;;;2570;132.41;5.15;EXCEEDED;ACARS;;CONFIRMED;;;false;;;;false;;;;2026-09-28T00:00:00Z;SEED_BURNS_LEDGER;2026-09-28T00:00:00Z;SEED_BURNS_LEDGER
86aa182d-9053-5c2a-a262-37fa77dc74a8;3353baf0-c2c8-548a-b569-1f7e83b3c8e6;A223;N3058J;N3058J;2026-09-25;09:50:00;2026-09-25T09:57:04Z;2026-09-25T12:36:56Z;160;;;4391;4443.03;;;4391;52.03;1.18;NORMAL;ACARS;;CONFIRMED;;;false;;;;false;;;;2026-09-28T00:00:00Z;SEED_BURNS_LEDGER;2026-09-28T00:00:00Z;SEED_BURNS_LEDGER
aa866199-f8ca-557e-8524-f8f14633eee8;77538a46-d2d1-50fb-a531-aabe047a09e0;A320;N806JB;N806JB;2026-09-25;09:50:00;2026-09-25T09:58:21Z;2026-09-25T12:52:05Z;174;;;6162;6516.25;;;6162;354.25;5.75;EXCEEDED;ACARS;;CONFIRMED;;;false;;;;false;;;;2026-09-28T00:00:00Z;SEED_BURNS_LEDGER;2026-09-28T00:00:00Z;SEED_BURNS_LEDGER
eb865380-a6e3-57e6-bd48-1c9039e0d088;7a6d08e2-b00d-5104-9f52-6a7692b103e0;A320;N563JB;N563JB;2026-09-25;09:50:00;2026-09-25T09:59:15Z;2026-09-25T13:18:26Z;199;;;7565;7300.65;;;7565;-264.35;-3.49;NORMAL;ACARS;;CONFIRMED;;;false;;;;false;;;;2026-09-28T00:00:00Z;SEED_BURNS_LEDGER;2026-09-28T00:00:00Z;SEED_BURNS_LEDGER
a34a4ee8-ae61-5c1f-bc41-cd02d9d1b263;f0370b19-d26c-5f61-bcca-d636587a66ad;A321;N984JB;N984JB;2026-09-25;09:50:00;2026-09-25T09:59:16Z;2026-09-25T16:11:04Z;372;;;16177;16269.16;;;16177;92.16;0.57;NORMAL;ACARS;;CONFIRMED;;;false;;;;false;;;;2026-09-28T00:00:00Z;SEED_BURNS_LEDGER;2026-09-28T00:00:00Z;SEED_BURNS_LEDGER
832fb7d2-96be-5256-98a5-c64915cac01a;06dd944b-aea6-5c63-9021-1d97be1281ba;A320;N583JB;N583JB;2026-09-25;09:55:00;2026-09-25T10:00:41Z;2026-09-25T11:43:02Z;102;;;3272;3448.59;;;3272;176.59;5.4;EXCEEDED;ACARS;;CONFIRMED;;;false;;;;false;;;;2026-09-28T00:00:00Z;SEED_BURNS_LEDGER;2026-09-28T00:00:00Z;SEED_BURNS_LEDGER
9c3f5a5a-3c72-5500-a3a8-a0e2a8400d4c;6db3b2a9-7eb2-5f28-b8ff-c1fb11de1685;A223;N3194J;N3194J;2026-09-25;10:00:00;2026-09-25T10:03:32Z;2026-09-25T11:36:22Z;93;;;2178;2351.71;;;2178;173.71;7.98;EXCEEDED;ACARS;;CONFIRMED;;;false;;;;false;;;;2026-09-28T00:00:00Z;SEED_BURNS_LEDGER;2026-09-28T00:00:00Z;SEED_BURNS_LEDGER
7e943c63-995e-5537-b6c5-7917f52ffc6c;bf9b3a90-f594-5fc2-ab1e-cc5a5ee152d8;A320;N656JB;N656JB;2026-09-25;09:50:00;2026-09-25T10:03:33Z;2026-09-25T12:37:28Z;154;;;5440;5300.68;;;5440;-139.32;-2.56;NORMAL;ACARS;;CONFIRMED;;;false;;;;false;;;;2026-09-28T00:00:00Z;SEED_BURNS_LEDGER;2026-09-28T00:00:00Z;SEED_BURNS_LEDGER
6689af70-e347-5966-b3fc-80528eba09ab;8ea692e1-5a61-5ba6-abd1-67c2ee69f1af;A320;N834JB;N834JB;2026-09-25;09:55:00;2026-09-25T10:04:17Z;2026-09-25T11:03:11Z;59;;;1360;1379.1;;;1360;19.1;1.4;NORMAL;ACARS;;CONFIRMED;;;false;;;;false;;;;2026-09-28T00:00:00Z;SEED_BURNS_LEDGER;2026-09-28T00:00:00Z;SEED_BURNS_LEDGER
2ea53247-3ce3-5894-87c6-2e35ceb46882;f002a457-1f51-51af-9989-6bf9f9109005;A320;N828JB;N828JB;2026-09-25;10:00:00;2026-09-25T10:04:31Z;2026-09-25T11:26:22Z;82;;;2125;2252.36;;;2125;127.36;5.99;EXCEEDED;ACARS;;CONFIRMED;;;false;;;;false;;;;2026-09-28T00:00:00Z;SEED_BURNS_LEDGER;2026-09-28T00:00:00Z;SEED_BURNS_LEDGER
52c99aaa-f4f2-5319-b548-5e91f103887b;9bf2f1d7-abdd-55a9-baba-355efee4f63a;A320;N599JB;N599JB;2026-09-25;10:00:00;2026-09-25T10:05:12Z;2026-09-25T13:07:04Z;182;;;6205;6714.67;;;6205;509.67;8.21;EXCEEDED;ACARS;;CONFIRMED;;;false;;;;false;;;;2026-09-28T00:00:00Z;SEED_BURNS_LEDGER;2026-09-28T00:00:00Z;SEED_BURNS_LEDGER
de039eb6-fcb0-5e29-a014-40a758e0ad69;297272fc-83da-5595-844b-01cbf2834f60;A320;N637JB;N637JB;2026-09-25;10:00:00;2026-09-25T10:05:33Z;2026-09-25T13:27:33Z;202;;;7182;7382.77;;;7182;200.77;2.8;NORMAL;ACARS;;CONFIRMED;;;false;;;;false;;;;2026-09-28T00:00:00Z;SEED_BURNS_LEDGER;2026-09-28T00:00:00Z;SEED_BURNS_LEDGER
bb3ac923-b86c-5149-8079-b0093ab94b20;c8305552-bc96-5761-8090-a54ca428c1be;A321;N981JT;N981JT;2026-09-25;10:05:00;2026-09-25T10:10:30Z;2026-09-25T15:42:20Z;332;;;14178;14830.17;;;14178;652.17;4.6;NORMAL;ACARS;;CONFIRMED;;;false;;;;false;;;;2026-09-28T00:00:00Z;SEED_BURNS_LEDGER;2026-09-28T00:00:00Z;SEED_BURNS_LEDGER
7d0430d2-3cd2-5c68-a21c-55619d73fe93;9e141bfe-6889-5426-9dfe-07a66b65b4ce;A223;N3310J;N3310J;2026-09-25;10:05:00;2026-09-25T10:10:56Z;2026-09-25T11:28:03Z;77;;;1428;1558.99;;;1428;130.99;9.17;EXCEEDED;ACARS;;CONFIRMED;;;false;;;;false;;;;2026-09-28T00:00:00Z;SEED_BURNS_LEDGER;2026-09-28T00:00:00Z;SEED_BURNS_LEDGER
f9879335-6118-5317-9895-cb041ca5d9e5;68c7e243-c540-5405-8695-7471e169b528;A320;N661JB;N661JB;2026-09-25;10:05:00;2026-09-25T10:11:13Z;2026-09-25T12:46:13Z;155;;;5525;5610.14;;;5525;85.14;1.54;NORMAL;ACARS;;CONFIRMED;;;false;;;;false;;;;2026-09-28T00:00:00Z;SEED_BURNS_LEDGER;2026-09-28T00:00:00Z;SEED_BURNS_LEDGER
07f1a823-eaa5-5644-906c-701c8e7753f7;a62e553b-a98f-5ec5-a900-bb4adc892d96;A320;N796JB;N796JB;2026-09-25;10:05:00;2026-09-25T10:11:52Z;2026-09-25T12:56:14Z;164;;;5865;5675.52;;;5865;-189.48;-3.23;NORMAL;ACARS;;CONFIRMED;;;false;;;;false;;;;2026-09-28T00:00:00Z;SEED_BURNS_LEDGER;2026-09-28T00:00:00Z;SEED_BURNS_LEDGER
6a6f12a3-e571-508f-9fa2-496ac73a464f;7f9026cb-f737-5fa1-a7ed-6744880c6533;A223;N3221J;N3221J;2026-09-25;10:05:00;2026-09-25T10:12:28Z;2026-09-25T12:52:50Z;160;;;4748;4694.42;;;4748;-53.58;-1.13;NORMAL;ACARS;;CONFIRMED;;;false;;;;false;;;;2026-09-28T00:00:00Z;SEED_BURNS_LEDGER;2026-09-28T00:00:00Z;SEED_BURNS_LEDGER
3f8057ea-b135-5de0-a472-2a6688615f86;ffc8c23e-8e72-574b-baf6-fb836614b074;A21N;N4074J;N4074J;2026-09-25;10:05:00;2026-09-25T10:14:10Z;2026-09-25T18:53:43Z;520;;;18986;18711.78;;;18986;-274.22;-1.44;NORMAL;ACARS;;CONFIRMED;;;false;;;;false;;;;2026-09-28T00:00:00Z;SEED_BURNS_LEDGER;2026-09-28T00:00:00Z;SEED_BURNS_LEDGER
645c38b9-8697-5d62-ac38-480b8adaf4a7;948c65b3-04ee-571e-8b85-8f5a17e054b0;A320;N608JB;N608JB;2026-09-25;10:10:00;2026-09-25T10:14:45Z;2026-09-25T12:55:34Z;161;;;5482;5593.17;;;5482;111.17;2.03;NORMAL;ACARS;;CONFIRMED;;;false;;;;false;;;;2026-09-28T00:00:00Z;SEED_BURNS_LEDGER;2026-09-28T00:00:00Z;SEED_BURNS_LEDGER
971dd287-dcfa-584a-87ac-cdecd4dff673;00eaa442-e11b-5caa-ac1a-60119a416106;A223;N3242J;N3242J;2026-09-25;10:05:00;2026-09-25T10:15:41Z;2026-09-25T12:04:43Z;109;;;2820;2748.67;;;2820;-71.33;-2.53;NORMAL;ACARS;;CONFIRMED;;;false;;;;false;;;;2026-09-28T00:00:00Z;SEED_BURNS_LEDGER;2026-09-28T00:00:00Z;SEED_BURNS_LEDGER
655e9dd9-31cb-55ba-b9c9-a8803da23581;67baf26a-79a3-5f8a-b28d-906a9c6d44ad;A223;N3125J;N3125J;2026-09-25;10:15:00;2026-09-25T10:18:07Z;2026-09-25T13:21:44Z;184;;;5498;5312.39;;;5498;-185.61;-3.38;NORMAL;ACARS;;CONFIRMED;;;false;;;;false;;;;2026-09-28T00:00:00Z;SEED_BURNS_LEDGER;2026-09-28T00:00:00Z;SEED_BURNS_LEDGER
fd2f7af1-f475-505b-b55c-177f8cd9122e;c89c8d32-0534-5bbc-82c6-3a43a83dcea2;A320;N794JB;N794JB;2026-09-25;10:10:00;2026-09-25T10:18:24Z;2026-09-25T13:17:14Z;179;;;6758;6447.37;;;6758;-310.63;-4.6;NORMAL;ACARS;;CONFIRMED;;;false;;;;false;;;;2026-09-28T00:00:00Z;SEED_BURNS_LEDGER;2026-09-28T00:00:00Z;SEED_BURNS_LEDGER
c90d3373-9350-5a7d-8cc1-74c65bb0034f;bbab5782-e919-59ae-b481-b854c460152b;A321;N971JT;N971JT;2026-09-25;10:00:00;2026-09-25T10:19:18Z;2026-09-25T13:42:03Z;203;;;8133;8024.95;;;8133;-108.05;-1.33;NORMAL;ACARS;;CONFIRMED;;;false;;;;false;;;;2026-09-28T00:00:00Z;SEED_BURNS_LEDGER;2026-09-28T00:00:00Z;SEED_BURNS_LEDGER
c671b1e4-8073-5c10-ac32-d583a7d1a59a;d7fcd5aa-5597-524c-a47f-c4aad5be6552;A223;N3123J;N3123J;2026-09-25;09:50:00;2026-09-25T10:21:55Z;2026-09-25T11:43:06Z;81;;;1642;1702.18;;;1642;60.18;3.67;NORMAL;ACARS;;CONFIRMED;;;false;;;;false;;;;2026-09-28T00:00:00Z;SEED_BURNS_LEDGER;2026-09-28T00:00:00Z;SEED_BURNS_LEDGER
5a3778df-dc71-53ff-8ae0-5626c2de4217;9a6e91b5-b37c-5c5f-a658-55abc22c78bb;A21N;N2165J;N2165J;2026-09-25;10:15:00;2026-09-25T10:25:34Z;2026-09-25T17:50:50Z;445;;;15956;15331.41;;;15956;-624.59;-3.91;NORMAL;ACARS;;CONFIRMED;;;false;;;;false;;;;2026-09-28T00:00:00Z;SEED_BURNS_LEDGER;2026-09-28T00:00:00Z;SEED_BURNS_LEDGER
5f0971bc-7563-52f9-bcfd-c21ac3a589d8;7c3469b3-1508-5717-a5ba-7db806074a42;A21N;N2086J;N2086J;2026-09-25;09:35:00;2026-09-25T10:29:53Z;2026-09-25T13:15:05Z;165;;;4998;5101.02;;;4998;103.02;2.06;NORMAL;ACARS;;CONFIRMED;;;false;;;;false;;;;2026-09-28T00:00:00Z;SEED_BURNS_LEDGER;2026-09-28T00:00:00Z;SEED_BURNS_LEDGER
b88674b8-1acc-5632-aeca-86369cbcf9fa;9ba3ec6f-180d-5200-9129-cdbfd1d8a94d;A223;N3261J;N3261J;2026-09-25;10:25:00;2026-09-25T10:30:25Z;2026-09-25T11:40:07Z;70;;;1178;1249.7;;;1178;71.7;6.09;EXCEEDED;ACARS;;CONFIRMED;;;false;;;;false;;;;2026-09-28T00:00:00Z;SEED_BURNS_LEDGER;2026-09-28T00:00:00Z;SEED_BURNS_LEDGER
e2048743-f48f-59ca-9c16-aa07f94fd9fc;e8ee2969-88d1-5ca0-b8ed-0974eddcf304;A320;N703JB;N703JB;2026-09-25;10:25:00;2026-09-25T10:30:33Z;2026-09-25T13:36:07Z;186;;;6418;6731.26;;;6418;313.26;4.88;NORMAL;ACARS;;CONFIRMED;;;false;;;;false;;;;2026-09-28T00:00:00Z;SEED_BURNS_LEDGER;2026-09-28T00:00:00Z;SEED_BURNS_LEDGER
45c2425b-366d-5b3b-92f8-6441ebd07b3e;071bf80c-dedb-5df8-80a8-3979b719e69b;A21N;N2039J;N2039J;2026-09-25;10:30:00;2026-09-25T10:36:30Z;2026-09-25T13:22:51Z;166;;;4923;5185.65;;;4923;262.65;5.34;EXCEEDED;ACARS;;CONFIRMED;;;false;;;;false;;;;2026-09-28T00:00:00Z;SEED_BURNS_LEDGER;2026-09-28T00:00:00Z;SEED_BURNS_LEDGER
47c365d4-b5e1-5fa7-b7ee-1d7fac3a7bf7;418b2569-89f6-5e3d-b5a7-66effbaf90dd;A21N;N2169J;N2169J;2026-09-25;09:50:00;2026-09-25T10:42:33Z;2026-09-25T15:54:13Z;312;;;11169;10688.85;;;11169;-480.15;-4.3;NORMAL;ACARS;;CONFIRMED;;;false;;;;false;;;;2026-09-28T00:00:00Z;SEED_BURNS_LEDGER;2026-09-28T00:00:00Z;SEED_BURNS_LEDGER
62de25f9-849d-5516-a672-c83c88f60448;20b9f325-787c-5f1a-8eac-3e05eb23e50d;A223;N3077J;N3077J;2026-09-25;10:40:00;2026-09-25T10:44:46Z;2026-09-25T13:23:36Z;159;;;4248;4446.24;;;4248;198.24;4.67;NORMAL;ACARS;;CONFIRMED;;;false;;;;false;;;;2026-09-28T00:00:00Z;SEED_BURNS_LEDGER;2026-09-28T00:00:00Z;SEED_BURNS_LEDGER
8c9234cd-db1c-52fb-a5a0-8b12d7042a6e;d190668d-d9d1-5bbf-a556-cfeaf03e1115;A320;N527JL;N527JL;2026-09-25;10:35:00;2026-09-25T10:44:57Z;2026-09-25T13:37:33Z;173;;;6078;6059.04;;;6078;-18.96;-0.31;NORMAL;ACARS;;CONFIRMED;;;false;;;;false;;;;2026-09-28T00:00:00Z;SEED_BURNS_LEDGER;2026-09-28T00:00:00Z;SEED_BURNS_LEDGER
8563ac72-6030-5c44-bdd6-69374bb3b046;640320ab-5fce-5d76-9499-aaed9e625340;A223;N3112J;N3112J;2026-09-25;10:40:00;2026-09-25T10:46:33Z;2026-09-25T13:48:06Z;182;;;5319;5395.66;;;5319;76.66;1.44;NORMAL;ACARS;;CONFIRMED;;;false;;;;false;;;;2026-09-28T00:00:00Z;SEED_BURNS_LEDGER;2026-09-28T00:00:00Z;SEED_BURNS_LEDGER
c6421d48-c854-547a-9056-9a0d9a8885db;bc7cb174-708f-5929-84e8-3277fb3ba29d;A321;N965JT;N965JT;2026-09-25;10:40:00;2026-09-25T10:47:07Z;2026-09-25T13:50:58Z;184;;;7704;7390.03;;;7704;-313.97;-4.08;NORMAL;ACARS;;CONFIRMED;;;false;;;;false;;;;2026-09-28T00:00:00Z;SEED_BURNS_LEDGER;2026-09-28T00:00:00Z;SEED_BURNS_LEDGER
a1313470-ad55-53b7-b149-12c10ca48979;a2efa7ca-092d-56d2-afc2-1f955ab9a14d;A320;N766JB;N766JB;2026-09-25;10:40:00;2026-09-25T10:47:27Z;2026-09-25T13:30:48Z;163;;;5695;5851.85;;;5695;156.85;2.75;NORMAL;ACARS;;CONFIRMED;;;false;;;;false;;;;2026-09-28T00:00:00Z;SEED_BURNS_LEDGER;2026-09-28T00:00:00Z;SEED_BURNS_LEDGER
7d0d2db7-ea6f-5c4c-84d0-a63ddd3afe7e;d943d87a-2b50-57f3-aa2b-e083d635507b;A223;N3145J;N3145J;2026-09-25;10:40:00;2026-09-25T10:47:36Z;2026-09-25T13:25:22Z;158;;;4748;4590.34;;;4748;-157.66;-3.32;NORMAL;ACARS;;CONFIRMED;;;false;;;;false;;;;2026-09-28T00:00:00Z;SEED_BURNS_LEDGER;2026-09-28T00:00:00Z;SEED_BURNS_LEDGER
6dea59fd-d0ec-5b8c-80e6-13cbb1dc1106;939032bf-a1ac-5db3-8aa2-c5a49b93446a;A320;N705JB;N705JB;2026-09-25;10:40:00;2026-09-25T10:48:11Z;2026-09-25T13:41:11Z;173;;;6248;6496.29;;;6248;248.29;3.97;NORMAL;ACARS;;CONFIRMED;;;false;;;;false;;;;2026-09-28T00:00:00Z;SEED_BURNS_LEDGER;2026-09-28T00:00:00Z;SEED_BURNS_LEDGER
e7be9636-3000-5f62-8727-e06f8b00a1c8;996735b7-b16e-5ccc-b65d-fc9208696d5f;A21N;N4022J;N4022J;2026-09-25;10:40:00;2026-09-25T10:48:11Z;2026-09-25T19:09:21Z;501;;;18499;17816.48;;;18499;-682.52;-3.69;NORMAL;ACARS;;CONFIRMED;;;false;;;;false;;;;2026-09-28T00:00:00Z;SEED_BURNS_LEDGER;2026-09-28T00:00:00Z;SEED_BURNS_LEDGER
45c3fb0b-ec8d-5c60-9339-a09b87f6f8f8;02dc2bc4-1a28-59f5-974b-2b64a1e6ec8f;A321;N983JT;N983JT;2026-09-25;10:45:00;2026-09-25T10:49:37Z;2026-09-25T16:42:31Z;353;;;15654;15068.35;;;15654;-585.65;-3.74;NORMAL;ACARS;;CONFIRMED;;;false;;;;false;;;;2026-09-28T00:00:00Z;SEED_BURNS_LEDGER;2026-09-28T00:00:00Z;SEED_BURNS_LEDGER
2f0a60ea-e5ad-5c1e-9241-6162bcd19eb6;5d92ec66-fd57-5415-a232-0e3a5451c946;A320;N618JB;N618JB;2026-09-25;10:45:00;2026-09-25T10:51:24Z;2026-09-25T12:05:54Z;75;;;1785;2032.53;;;1785;247.53;13.87;EXCEEDED;ACARS;;CONFIRMED;;;false;;;;false;;;;2026-09-28T00:00:00Z;SEED_BURNS_LEDGER;2026-09-28T00:00:00Z;SEED_BURNS_LEDGER
58be4a19-247c-58d1-a3c8-4303907a0eea;61c7f5f9-5f05-56f2-b41c-9fd37ba1487f;A21N;N2199J;N2199J;2026-09-25;10:45:00;2026-09-25T10:51:27Z;2026-09-25T16:20:59Z;330;;;10982;11286.69;;;10982;304.69;2.77;NORMAL;ACARS;;CONFIRMED;;;false;;;;false;;;;2026-09-28T00:00:00Z;SEED_BURNS_LEDGER;2026-09-28T00:00:00Z;SEED_BURNS_LEDGER
918ebf24-3554-5435-9335-d0e5911ae2d7;93175ea8-e5cb-58a2-92d7-41dedd3f7f1f;A223;N3196J;N3196J;2026-09-25;10:50:00;2026-09-25T10:53:38Z;2026-09-25T13:29:55Z;156;;;4141;4239.86;;;4141;98.86;2.39;NORMAL;ACARS;;CONFIRMED;;;false;;;;false;;;;2026-09-28T00:00:00Z;SEED_BURNS_LEDGER;2026-09-28T00:00:00Z;SEED_BURNS_LEDGER
f286600c-7734-50da-85d9-96d852994484;e52645c2-fab3-5f97-87eb-bed77c94ad33;A223;N3289J;N3289J;2026-09-25;10:45:00;2026-09-25T10:55:50Z;2026-09-25T13:41:55Z;166;;;4784;4711.04;;;4784;-72.96;-1.53;NORMAL;ACARS;;CONFIRMED;;;false;;;;false;;;;2026-09-28T00:00:00Z;SEED_BURNS_LEDGER;2026-09-28T00:00:00Z;SEED_BURNS_LEDGER
d59f8e96-98e2-5e1c-9f41-f9d3fcf87512;c3ff6494-6627-57d0-b5ee-972ebd053392;A320;N559JB;N559JB;2026-09-25;10:50:00;2026-09-25T10:57:25Z;2026-09-25T12:10:42Z;73;;;1785;1810.01;;;1785;25.01;1.4;NORMAL;ACARS;;CONFIRMED;;;false;;;;false;;;;2026-09-28T00:00:00Z;SEED_BURNS_LEDGER;2026-09-28T00:00:00Z;SEED_BURNS_LEDGER
83327e8b-fd27-5dfd-8d39-fee33fea23b9;0bd46e24-357d-5969-91bf-9b0420dd3147;A320;N531JL;N531JL;2026-09-25;10:50:00;2026-09-25T10:58:27Z;2026-09-25T13:39:53Z;161;;;6120;5868.9;;;6120;-251.1;-4.1;NORMAL;ACARS;;CONFIRMED;;;false;;;;false;;;;2026-09-28T00:00:00Z;SEED_BURNS_LEDGER;2026-09-28T00:00:00Z;SEED_BURNS_LEDGER
86a8d9ea-7fbc-5046-8f20-3a498bbd42d5;6dc0fc20-6a46-589c-a1e6-5a0c88fd270b;A320;N645JB;N645JB;2026-09-25;10:50:00;2026-09-25T10:58:30Z;2026-09-25T14:00:19Z;182;;;6545;6882.4;;;6545;337.4;5.16;EXCEEDED;ACARS;;CONFIRMED;;;false;;;;false;;;;2026-09-28T00:00:00Z;SEED_BURNS_LEDGER;2026-09-28T00:00:00Z;SEED_BURNS_LEDGER
04665e88-8e4c-57cf-9136-d30abe69bbcf;bc08eb7d-8b67-5396-b018-c750088f69fd;A223;N3215J;N3215J;2026-09-25;09:30:00;2026-09-25T10:59:47Z;2026-09-25T14:07:13Z;187;;;5212;5374.27;;;5212;162.27;3.11;NORMAL;ACARS;;CONFIRMED;;;false;;;;false;;;;2026-09-28T00:00:00Z;SEED_BURNS_LEDGER;2026-09-28T00:00:00Z;SEED_BURNS_LEDGER
101d846b-8b48-52ca-9559-0dc60d98d662;85f5fb42-c146-51b3-a3ea-617610594dbc;A21N;N2180J;N2180J;2026-09-25;10:55:00;2026-09-25T11:00:40Z;2026-09-25T16:47:03Z;346;;;11543;11862.79;;;11543;319.79;2.77;NORMAL;ACARS;;CONFIRMED;;;false;;;;false;;;;2026-09-28T00:00:00Z;SEED_BURNS_LEDGER;2026-09-28T00:00:00Z;SEED_BURNS_LEDGER
ba6b520c-a2f0-5687-b3a0-7c6899d72197;316f66b4-8937-535e-ba85-e8ced7ac58de;A320;N746JB;N746JB;2026-09-25;10:35:00;2026-09-25T11:01:04Z;2026-09-25T12:52:45Z;112;;;3570;3616.61;;;3570;46.61;1.31;NORMAL;ACARS;;CONFIRMED;;;false;;;;false;;;;2026-09-28T00:00:00Z;SEED_BURNS_LEDGER;2026-09-28T00:00:00Z;SEED_BURNS_LEDGER
f82b9ee9-3858-50ac-ae0d-73e0fcbbff60;a2350bbb-1ca7-5aa4-9dcb-99cf2908d99d;A320;N708JB;N708JB;2026-09-25;11:00:00;2026-09-25T11:03:33Z;2026-09-25T13:15:11Z;132;;;4462;4439.13;;;4462;-22.87;-0.51;NORMAL;ACARS;;CONFIRMED;;;false;;;;false;;;;2026-09-28T00:00:00Z;SEED_BURNS_LEDGER;2026-09-28T00:00:00Z;SEED_BURNS_LEDGER
a96d2e14-3a9b-522a-a460-619a692075b3;44105c25-9a5b-521e-b2f9-5e8bf92f4b11;A321;N991JT;N991JT;2026-09-25;10:55:00;2026-09-25T11:03:57Z;2026-09-25T16:21:37Z;318;;;13702;13791.75;;;13702;89.75;0.66;NORMAL;ACARS;;CONFIRMED;;;false;;;;false;;;;2026-09-28T00:00:00Z;SEED_BURNS_LEDGER;2026-09-28T00:00:00Z;SEED_BURNS_LEDGER
7be217e4-e880-5ad6-8ba4-c2eb6f25efe1;fc807b04-70e3-5e3e-b752-ef530279ae42;A320;N523JB;N523JB;2026-09-25;10:55:00;2026-09-25T11:04:34Z;2026-09-25T12:35:24Z;91;;;2507;2592.57;;;2507;85.57;3.41;NORMAL;ACARS;;CONFIRMED;;;false;;;;false;;;;2026-09-28T00:00:00Z;SEED_BURNS_LEDGER;2026-09-28T00:00:00Z;SEED_BURNS_LEDGER
9388e225-e995-5851-ab74-266719cbd64b;a258201b-0951-5c87-830a-43b02d802dc3;A320;N561JB;N561JB;2026-09-25;10:55:00;2026-09-25T11:04:41Z;2026-09-25T12:02:48Z;58;;;1445;1398.42;;;1445;-46.58;-3.22;NORMAL;ACARS;;CONFIRMED;;;false;;;;false;;;;2026-09-28T00:00:00Z;SEED_BURNS_LEDGER;2026-09-28T00:00:00Z;SEED_BURNS_LEDGER
7ef2adfc-9f0a-5e28-bd54-678c178ec89f;da815508-f508-5d2a-9929-52abccfcfe3e;A21N;N2205J;N2205J;2026-09-25;11:00:00;2026-09-25T11:05:11Z;2026-09-25T17:38:50Z;394;;;14198;13803.34;;;14198;-394.66;-2.78;NORMAL;ACARS;;CONFIRMED;;;false;;;;false;;;;2026-09-28T00:00:00Z;SEED_BURNS_LEDGER;2026-09-28T00:00:00Z;SEED_BURNS_LEDGER
446b2a0a-843f-5fb2-9024-069e1778562e;aeccc880-9e4b-50cd-a5d3-724abe33c405;A320;N658JB;N658JB;2026-09-25;11:00:00;2026-09-25T11:06:06Z;2026-09-25T13:58:29Z;172;;;5822;6023.33;;;5822;201.33;3.46;NORMAL;ACARS;;CONFIRMED;;;false;;;;false;;;;2026-09-28T00:00:00Z;SEED_BURNS_LEDGER;2026-09-28T00:00:00Z;SEED_BURNS_LEDGER
b1dc3449-256c-5e80-9974-47b60ecfefe0;4cd89667-c4dc-58ad-b17e-7d88c217a0d5;A320;N597JB;N597JB;2026-09-25;11:00:00;2026-09-25T11:07:15Z;2026-09-25T12:15:44Z;68;;;1912;1910.94;;;1912;-1.06;-0.06;NORMAL;ACARS;;CONFIRMED;;;false;;;;false;;;;2026-09-28T00:00:00Z;SEED_BURNS_LEDGER;2026-09-28T00:00:00Z;SEED_BURNS_LEDGER
4033e61e-9fba-5d34-b0f5-12f5212d9d96;4f9e78e6-37ba-5584-96f8-49f7bc6e07e5;A223;N3138J;N3138J;2026-09-25;10:15:00;2026-09-25T11:07:43Z;2026-09-25T13:25:47Z;138;;;4177;4052.2;;;4177;-124.8;-2.99;NORMAL;ACARS;;CONFIRMED;;;false;;;;false;;;;2026-09-28T00:00:00Z;SEED_BURNS_LEDGER;2026-09-28T00:00:00Z;SEED_BURNS_LEDGER
df41dce5-0c10-52f3-99df-79591a9cdf49;79046dab-d022-5234-b2eb-8011c9fa59af;A21N;N4076J;N4076J;2026-09-25;11:00:00;2026-09-25T11:08:42Z;2026-09-25T19:21:32Z;493;;;17303;16865.03;;;17303;-437.97;-2.53;NORMAL;ACARS;;CONFIRMED;;;false;;;;false;;;;2026-09-28T00:00:00Z;SEED_BURNS_LEDGER;2026-09-28T00:00:00Z;SEED_BURNS_LEDGER
33eb18a4-74f5-5717-98f5-66b08f14b4e3;5b3e319d-9f10-52b8-8285-7e2d1b60dd4b;A320;N556JB;N556JB;2026-09-25;11:00:00;2026-09-25T11:09:50Z;2026-09-25T13:53:06Z;163;;;5908;5843.36;;;5908;-64.64;-1.09;NORMAL;ACARS;;CONFIRMED;;;false;;;;false;;;;2026-09-28T00:00:00Z;SEED_BURNS_LEDGER;2026-09-28T00:00:00Z;SEED_BURNS_LEDGER
80b50612-85c3-539d-8d6f-c7d01e26ee35;2fed5db9-6d10-5290-8901-490d792aef95;A320;N554JB;N554JB;2026-09-25;10:25:00;2026-09-25T11:15:04Z;2026-09-25T13:35:53Z;141;;;5312;5086.62;;;5312;-225.38;-4.24;NORMAL;ACARS;;CONFIRMED;;;false;;;;false;;;;2026-09-28T00:00:00Z;SEED_BURNS_LEDGER;2026-09-28T00:00:00Z;SEED_BURNS_LEDGER
b262874f-901e-535d-b394-e8e17c253209;d3a0183f-a360-5060-aad4-971f52d1ed40;A320;N519JB;N519JB;2026-09-25;11:10:00;2026-09-25T11:17:27Z;2026-09-25T13:46:03Z;149;;;5312;5226.27;;;5312;-85.73;-1.61;NORMAL;ACARS;;CONFIRMED;;;false;;;;false;;;;2026-09-28T00:00:00Z;SEED_BURNS_LEDGER;2026-09-28T00:00:00Z;SEED_BURNS_LEDGER
997a4425-2b3c-58f4-9ba0-a9038817cd82;04ca7ed2-2951-5a0a-8c41-469d93368f0f;A320;N584JB;N584JB;2026-09-25;11:15:00;2026-09-25T11:19:49Z;2026-09-25T14:13:11Z;173;;;6162;6350.66;;;6162;188.66;3.06;NORMAL;ACARS;;CONFIRMED;;;false;;;;false;;;;2026-09-28T00:00:00Z;SEED_BURNS_LEDGER;2026-09-28T00:00:00Z;SEED_BURNS_LEDGER
f317e2ea-1f14-5678-8034-75e016d15b48;a50407f9-0401-51bf-9b30-6ad1ea0dc56b;A320;N657JB;N657JB;2026-09-25;11:10:00;2026-09-25T11:19:51Z;2026-09-25T13:57:42Z;158;;;5568;5376.48;;;5568;-191.52;-3.44;NORMAL;ACARS;;CONFIRMED;;;false;;;;false;;;;2026-09-28T00:00:00Z;SEED_BURNS_LEDGER;2026-09-28T00:00:00Z;SEED_BURNS_LEDGER
fadbd101-6d29-5bea-8be8-539768d7ee16;23971abf-fb4d-59db-b71e-fbc752e80032;A223;N3232J;N3232J;2026-09-25;11:15:00;2026-09-25T11:20:48Z;2026-09-25T13:27:10Z;126;;;3427;3327.49;;;3427;-99.51;-2.9;NORMAL;ACARS;;CONFIRMED;;;false;;;;false;;;;2026-09-28T00:00:00Z;SEED_BURNS_LEDGER;2026-09-28T00:00:00Z;SEED_BURNS_LEDGER
8594f626-d5a8-5005-a5df-e44eb23ff530;7feaa879-d9d7-50e3-9f5e-0a57bac0175c;A321;N959JB;N959JB;2026-09-25;11:20:00;2026-09-25T11:21:03Z;2026-09-25T13:55:44Z;155;;;5800;5874.93;;;5800;74.93;1.29;NORMAL;ACARS;;CONFIRMED;;;false;;;;false;;;;2026-09-28T00:00:00Z;SEED_BURNS_LEDGER;2026-09-28T00:00:00Z;SEED_BURNS_LEDGER
96c0c5e3-443e-51fe-b051-73947fbf0c9e;a6753af4-78d3-59fd-8eec-2adb909605e4;A320;N566JB;N566JB;2026-09-25;10:35:00;2026-09-25T11:23:21Z;2026-09-25T13:06:03Z;103;;;3145;3335.79;;;3145;190.79;6.07;EXCEEDED;ACARS;;CONFIRMED;;;false;;;;false;;;;2026-09-28T00:00:00Z;SEED_BURNS_LEDGER;2026-09-28T00:00:00Z;SEED_BURNS_LEDGER
7d53d0af-d510-53d5-92c6-8a2dae1cd392;3abf2546-10f2-55df-b129-eb311a1570bd;A320;N564JB;N564JB;2026-09-25;11:15:00;2026-09-25T11:23:38Z;2026-09-25T14:09:18Z;166;;;5950;5768.44;;;5950;-181.56;-3.05;NORMAL;ACARS;;CONFIRMED;;;false;;;;false;;;;2026-09-28T00:00:00Z;SEED_BURNS_LEDGER;2026-09-28T00:00:00Z;SEED_BURNS_LEDGER
666f58ec-6fa0-5efc-9404-f3272419dee4;14099efd-23ee-51b7-8635-1b951eec7821;A223;N3162J;N3162J;2026-09-25;11:15:00;2026-09-25T11:26:40Z;2026-09-25T13:58:26Z;152;;;4106;4156.04;;;4106;50.04;1.22;NORMAL;ACARS;;CONFIRMED;;;false;;;;false;;;;2026-09-28T00:00:00Z;SEED_BURNS_LEDGER;2026-09-28T00:00:00Z;SEED_BURNS_LEDGER
454234dc-743a-59a5-bac0-a07a24b32a93;1095e981-9397-5740-af70-211b248f156e;A223;N3298J;N3298J;2026-09-25;10:05:00;2026-09-25T11:27:08Z;2026-09-25T15:39:26Z;252;;;8032;7907.01;;;8032;-124.99;-1.56;NORMAL;ACARS;;CONFIRMED;;;false;;;;false;;;;2026-09-28T00:00:00Z;SEED_BURNS_LEDGER;2026-09-28T00:00:00Z;SEED_BURNS_LEDGER
e380d2fc-6326-5986-8a15-52e7a837092c;f948e4ed-5a0e-580b-8caf-85eb4f5bec3d;A21N;N2151J;N2151J;2026-09-25;11:15:00;2026-09-25T11:28:50Z;2026-09-25T19:13:42Z;465;;;16442;15916.14;;;16442;-525.86;-3.2;NORMAL;ACARS;;CONFIRMED;;;false;;;;false;;;;2026-09-28T00:00:00Z;SEED_BURNS_LEDGER;2026-09-28T00:00:00Z;SEED_BURNS_LEDGER
f6cedfe7-2be4-5aae-948b-8f74602c83b8;2b865676-a06a-5e95-ba5d-12edccf92682;A321;N962JT;N962JT;2026-09-25;11:20:00;2026-09-25T11:29:26Z;2026-09-25T17:36:47Z;367;;;16225;15396.82;;;16225;-828.18;-5.1;EXCEEDED;ACARS;;CONFIRMED;;;false;;;;false;;;;2026-09-28T00:00:00Z;SEED_BURNS_LEDGER;2026-09-28T00:00:00Z;SEED_BURNS_LEDGER
85b02659-fd11-5de8-91b3-6cbcb5949a22;bd97e852-7172-5af5-a9e2-d6cd79a463d8;A320;N613JB;N613JB;2026-09-25;11:25:00;2026-09-25T11:31:11Z;2026-09-25T13:47:46Z;137;;;4590;4751.04;;;4590;161.04;3.51;NORMAL;ACARS;;CONFIRMED;;;false;;;;false;;;;2026-09-28T00:00:00Z;SEED_BURNS_LEDGER;2026-09-28T00:00:00Z;SEED_BURNS_LEDGER
c5746342-79e6-5dcf-974b-f332aa3902e0;6afda1e5-7c28-51f9-857b-0a6edc8474fa;A321;N986JB;N986JB;2026-09-25;10:05:00;2026-09-25T11:31:55Z;2026-09-25T16:29:43Z;298;;;13131;12504.03;;;13131;-626.97;-4.77;NORMAL;ACARS;;CONFIRMED;;;false;;;;false;;;;2026-09-28T00:00:00Z;SEED_BURNS_LEDGER;2026-09-28T00:00:00Z;SEED_BURNS_LEDGER
63cebdce-e052-526f-a38b-d5864648e384;9eb60a39-906a-5972-9f04-dd75dbf848c4;A320;N594JB;N594JB;2026-09-25;11:30:00;2026-09-25T11:40:38Z;2026-09-25T17:44:04Z;363;;;14025;13829.39;;;14025;-195.61;-1.39;NORMAL;ACARS;;CONFIRMED;;;false;;;;false;;;;2026-09-28T00:00:00Z;SEED_BURNS_LEDGER;2026-09-28T00:00:00Z;SEED_BURNS_LEDGER
07310e4f-2ef4-5e55-8cd9-3e63c72301b1;9a8fd741-2640-5927-8678-cc1b81ff3793;A223;N3195J;N3195J;2026-09-25;11:40:00;2026-09-25T11:42:43Z;2026-09-25T13:46:58Z;124;;;3142;3300.81;;;3142;158.81;5.05;EXCEEDED;ACARS;;CONFIRMED;;;false;;;;false;;;;2026-09-28T00:00:00Z;SEED_BURNS_LEDGER;2026-09-28T00:00:00Z;SEED_BURNS_LEDGER
9ff0b4ba-c871-5ee5-84b3-e401b3de0e07;fe5472df-5065-5126-b961-2fafa1700eb4;A223;N3260J;N3260J;2026-09-25;11:25:00;2026-09-25T11:43:22Z;2026-09-25T14:43:46Z;180;;;5355;5516.93;;;5355;161.93;3.02;NORMAL;ACARS;;CONFIRMED;;;false;;;;false;;;;2026-09-28T00:00:00Z;SEED_BURNS_LEDGER;2026-09-28T00:00:00Z;SEED_BURNS_LEDGER
322a7cfb-f002-5c0c-80a9-b820d9db52b4;31c3df43-a992-568d-83fe-c28660dd825f;A223;N3280J;N3280J;2026-09-25;11:35:00;2026-09-25T11:45:48Z;2026-09-25T13:42:59Z;117;;;2892;3078.44;;;2892;186.44;6.45;EXCEEDED;ACARS;;CONFIRMED;;;false;;;;false;;;;2026-09-28T00:00:00Z;SEED_BURNS_LEDGER;2026-09-28T00:00:00Z;SEED_BURNS_LEDGER
cd038747-e1ba-5c61-9435-be458e4c50d8;fc78f57b-370f-556e-ae1b-1317a51b6edd;A320;N663JB;N663JB;2026-09-25;10:25:00;2026-09-25T11:46:02Z;2026-09-25T14:19:30Z;153;;;5142;5034.89;;;5142;-107.11;-2.08;NORMAL;ACARS;;CONFIRMED;;;false;;;;false;;;;2026-09-28T00:00:00Z;SEED_BURNS_LEDGER;2026-09-28T00:00:00Z;SEED_BURNS_LEDGER
7fc74b5e-273b-5dea-945d-9ec4835f32f5;a1d83171-b4eb-5d75-ba5b-9f309cc5d4dd;A320;N646JB;N646JB;2026-09-25;10:15:00;2026-09-25T11:46:28Z;2026-09-25T13:52:59Z;127;;;4505;4405.79;;;4505;-99.21;-2.2;NORMAL;ACARS;;CONFIRMED;;;false;;;;false;;;;2026-09-28T00:00:00Z;SEED_BURNS_LEDGER;2026-09-28T00:00:00Z;SEED_BURNS_LEDGER
565692dd-67be-5458-8269-a936a15324e6;0a87a5f1-5fba-570b-8a69-890ad4cd2b92;A320;N535JB;N535JB;2026-09-25;11:45:00;2026-09-25T11:48:28Z;2026-09-25T14:18:40Z;150;;;5652;5396.66;;;5652;-255.34;-4.52;NORMAL;ACARS;;CONFIRMED;;;false;;;;false;;;;2026-09-28T00:00:00Z;SEED_BURNS_LEDGER;2026-09-28T00:00:00Z;SEED_BURNS_LEDGER
07c4157d-bb2e-54e0-bd56-9379bfbcf567;7ab72394-4fe3-541b-9635-42ee4f513ad3;A21N;N4083J;N4083J;2026-09-25;11:45:00;2026-09-25T11:50:00Z;2026-09-25T20:59:35Z;550;;;20444;19503.16;;;20444;-940.84;-4.6;NORMAL;ACARS;;CONFIRMED;;;false;;;;false;;;;2026-09-28T00:00:00Z;SEED_BURNS_LEDGER;2026-09-28T00:00:00Z;SEED_BURNS_LEDGER
62706772-5462-589f-88d4-a87e742c0489;679b10cf-01d2-5b2c-929f-ead9eca18b60;A223;N3308J;N3308J;2026-09-25;11:45:00;2026-09-25T11:51:43Z;2026-09-25T15:16:40Z;205;;;6248;6267.74;;;6248;19.74;0.32;NORMAL;ACARS;;CONFIRMED;;;false;;;;false;;;;2026-09-28T00:00:00Z;SEED_BURNS_LEDGER;2026-09-28T00:00:00Z;SEED_BURNS_LEDGER
2c1a184f-5c67-509b-901e-9de403af6e89;e6ad02cb-5b9d-5e66-b724-9b7920d56395;A320;N627JB;N627JB;2026-09-25;11:45:00;2026-09-25T11:51:46Z;2026-09-25T15:54:29Z;243;;;9180;8852.71;;;9180;-327.29;-3.57;NORMAL;ACARS;;CONFIRMED;;;false;;;;false;;;;2026-09-28T00:00:00Z;SEED_BURNS_LEDGER;2026-09-28T00:00:00Z;SEED_BURNS_LEDGER
9a8e8aec-03da-5379-8fc4-213673a05357;90ef472c-5730-5ab6-8047-3d91249590ef;A223;N3322J;N3322J;2026-09-25;11:30:00;2026-09-25T11:52:03Z;2026-09-25T13:54:00Z;122;;;3356;3174.46;;;3356;-181.54;-5.41;EXCEEDED;ACARS;;CONFIRMED;;;false;;;;false;;;;2026-09-28T00:00:00Z;SEED_BURNS_LEDGER;2026-09-28T00:00:00Z;SEED_BURNS_LEDGER
924d0c17-dcc9-538d-84de-a17eed5301ff;edc66a92-83de-54ef-af3f-d10352f24456;A320;N659JB;N659JB;2026-09-25;11:45:00;2026-09-25T11:52:15Z;2026-09-25T14:05:39Z;133;;;4760;4400.41;;;4760;-359.59;-7.55;EXCEEDED;ACARS;;CONFIRMED;;;false;;;;false;;;;2026-09-28T00:00:00Z;SEED_BURNS_LEDGER;2026-09-28T00:00:00Z;SEED_BURNS_LEDGER
507c0515-f74d-5b92-850a-e89c059ac95c;3a05b3d9-f748-5528-aa95-284bf9db9a79;A321;N992JB;N992JB;2026-09-25;11:00:00;2026-09-25T11:52:45Z;2026-09-25T17:29:12Z;336;;;14368;14291.66;;;14368;-76.34;-0.53;NORMAL;ACARS;;CONFIRMED;;;false;;;;false;;;;2026-09-28T00:00:00Z;SEED_BURNS_LEDGER;2026-09-28T00:00:00Z;SEED_BURNS_LEDGER
ef90eb55-d085-5f07-9ed1-d47b31ddc4e6;5d50597a-a88c-5aaf-80cf-f74230712330;A223;N3296J;N3296J;2026-09-25;11:45:00;2026-09-25T11:55:09Z;2026-09-25T13:39:35Z;104;;;2285;2478.27;;;2285;193.27;8.46;EXCEEDED;ACARS;;CONFIRMED;;;false;;;;false;;;;2026-09-28T00:00:00Z;SEED_BURNS_LEDGER;2026-09-28T00:00:00Z;SEED_BURNS_LEDGER
d54468ab-8f84-5371-8fb8-e6d1a2204406;5698d265-1d1a-5bed-853b-f1dc9a434fcc;A320;N520JB;N520JB;2026-09-25;11:50:00;2026-09-25T11:56:57Z;2026-09-25T14:28:39Z;152;;;5695;5295.56;;;5695;-399.44;-7.01;EXCEEDED;ACARS;;CONFIRMED;;;false;;;;false;;;;2026-09-28T00:00:00Z;SEED_BURNS_LEDGER;2026-09-28T00:00:00Z;SEED_BURNS_LEDGER
5c67bfd9-e54d-55d0-8f2b-fe3f0e25699e;12ace3d7-906e-5744-98f1-e4c9cdbfcde8;A320;N809JB;N809JB;2026-09-25;11:50:00;2026-09-25T11:57:18Z;2026-09-25T13:54:54Z;118;;;3868;3812.79;;;3868;-55.21;-1.43;NORMAL;ACARS;;CONFIRMED;;;false;;;;false;;;;2026-09-28T00:00:00Z;SEED_BURNS_LEDGER;2026-09-28T00:00:00Z;SEED_BURNS_LEDGER
c84e9943-7ded-5b25-bca6-85324affea22;786ef2a5-ea7a-53b0-8a20-174a44759587;A320;N508JL;N508JL;2026-09-25;11:50:00;2026-09-25T11:58:29Z;2026-09-25T14:51:28Z;173;;;5652;6004.33;;;5652;352.33;6.23;EXCEEDED;ACARS;;CONFIRMED;;;false;;;;false;;;;2026-09-28T00:00:00Z;SEED_BURNS_LEDGER;2026-09-28T00:00:00Z;SEED_BURNS_LEDGER
b04de62f-c854-5b16-94a2-1b565c65b783;5143ffea-6032-56c7-98c1-38e1d2e74e84;A223;N3065J;N3065J;2026-09-25;11:55:00;2026-09-25T12:00:53Z;2026-09-25T13:41:52Z;101;;;2106;2421.65;;;2106;315.65;14.99;EXCEEDED;ACARS;;CONFIRMED;;;false;;;;false;;;;2026-09-28T00:00:00Z;SEED_BURNS_LEDGER;2026-09-28T00:00:00Z;SEED_BURNS_LEDGER
2a8a281e-00b6-5452-a775-fcc3ee3baad6;1e1bfb2b-80fe-5112-ad55-2d347b5fe631;A320;N649JB;N649JB;2026-09-25;11:55:00;2026-09-25T12:03:40Z;2026-09-25T14:52:50Z;169;;;6418;6112.97;;;6418;-305.03;-4.75;NORMAL;ACARS;;CONFIRMED;;;false;;;;false;;;;2026-09-28T00:00:00Z;SEED_BURNS_LEDGER;2026-09-28T00:00:00Z;SEED_BURNS_LEDGER
aa1710aa-1f74-58a6-9a44-78fd492188d6;29dc5032-6617-5323-a6ff-435735b60f55;A21N;N4080J;N4080J;2026-09-25;12:00:00;2026-09-25T12:03:56Z;2026-09-25T20:24:31Z;501;;;18350;17622.9;;;18350;-727.1;-3.96;NORMAL;ACARS;;CONFIRMED;;;false;;;;false;;;;2026-09-28T00:00:00Z;SEED_BURNS_LEDGER;2026-09-28T00:00:00Z;SEED_BURNS_LEDGER
ac42efce-fe99-57ba-ab79-052dde21cd88;46804f99-0fe1-5ef6-8e60-8f26717dae8b;A223;N3291J;N3291J;2026-09-25;12:00:00;2026-09-25T12:04:34Z;2026-09-25T14:24:20Z;140;;;3677;3844.11;;;3677;167.11;4.54;NORMAL;ACARS;;CONFIRMED;;;false;;;;false;;;;2026-09-28T00:00:00Z;SEED_BURNS_LEDGER;2026-09-28T00:00:00Z;SEED_BURNS_LEDGER
38e870bc-29f9-5f7e-bb8b-3a780f17bd82;12747f38-adbb-52a6-8de9-dca073242276;A223;N3307J;N3307J;2026-09-25;12:05:00;2026-09-25T12:09:17Z;2026-09-25T14:27:49Z;139;;;3641;3800.07;;;3641;159.07;4.37;NORMAL;ACARS;;CONFIRMED;;;false;;;;false;;;;2026-09-28T00:00:00Z;SEED_BURNS_LEDGER;2026-09-28T00:00:00Z;SEED_BURNS_LEDGER
b2c7d7d2-d1a0-50c5-bd58-4528d6fc656d;29015506-f278-577a-892c-71c9a305fe98;A321;N982JB;N982JB;2026-09-25;12:00:00;2026-09-25T12:09:19Z;2026-09-25T18:38:12Z;389;;;16939;17124.44;;;16939;185.44;1.09;NORMAL;ACARS;;CONFIRMED;;;false;;;;false;;;;2026-09-28T00:00:00Z;SEED_BURNS_LEDGER;2026-09-28T00:00:00Z;SEED_BURNS_LEDGER
61b8a82c-abf8-511e-b540-bb53ccb29515;43f06dca-bd16-59b2-ab06-78885751a203;A223;N3085J;N3085J;2026-09-25;12:05:00;2026-09-25T12:11:48Z;2026-09-25T14:50:00Z;158;;;4427;4569.43;;;4427;142.43;3.22;NORMAL;ACARS;;CONFIRMED;;;false;;;;false;;;;2026-09-28T00:00:00Z;SEED_BURNS_LEDGER;2026-09-28T00:00:00Z;SEED_BURNS_LEDGER
29f75576-81d2-5295-8bbb-7a6b106a4302;0156941d-3662-5852-b1e2-0fb1b0a033d1;A223;N3023J;N3023J;2026-09-25;12:00:00;2026-09-25T12:12:14Z;2026-09-25T14:37:25Z;145;;;3784;4084.7;;;3784;300.7;7.95;EXCEEDED;ACARS;;CONFIRMED;;;false;;;;false;;;;2026-09-28T00:00:00Z;SEED_BURNS_LEDGER;2026-09-28T00:00:00Z;SEED_BURNS_LEDGER
78ef1d4b-65d4-5596-a718-7d95902b8856;3e0b0715-21cf-5cae-885d-e4bbe692e7f6;A223;N3255J;N3255J;2026-09-25;12:05:00;2026-09-25T12:12:55Z;2026-09-25T14:49:37Z;157;;;4820;4748.32;;;4820;-71.68;-1.49;NORMAL;ACARS;;CONFIRMED;;;false;;;;false;;;;2026-09-28T00:00:00Z;SEED_BURNS_LEDGER;2026-09-28T00:00:00Z;SEED_BURNS_LEDGER
5a7fd305-695e-5201-8b9f-59da6d031faa;7bbf8fda-067d-5506-932f-2088665e106a;A320;N793JB;N793JB;2026-09-25;12:05:00;2026-09-25T12:15:25Z;2026-09-25T15:16:46Z;181;;;6800;6406.59;;;6800;-393.41;-5.79;EXCEEDED;ACARS;;CONFIRMED;;;false;;;;false;;;;2026-09-28T00:00:00Z;SEED_BURNS_LEDGER;2026-09-28T00:00:00Z;SEED_BURNS_LEDGER
aa4bfaf0-65ef-534b-88bc-88a910172058;47eea4a0-c208-50dc-b201-7e269153c20c;A223;N3121J;N3121J;2026-09-25;12:10:00;2026-09-25T12:18:28Z;2026-09-25T14:50:22Z;152;;;4106;4351.99;;;4106;245.99;5.99;EXCEEDED;ACARS;;CONFIRMED;;;false;;;;false;;;;2026-09-28T00:00:00Z;SEED_BURNS_LEDGER;2026-09-28T00:00:00Z;SEED_BURNS_LEDGER
bfdd517d-4d6a-5eed-8d3b-9b9127b7625f;05e9a9f3-8232-5e71-9b81-48a79eebbd1c;A320;N729JB;N729JB;2026-09-25;11:00:00;2026-09-25T12:18:53Z;2026-09-25T14:50:46Z;152;;;5610;5331.67;;;5610;-278.33;-4.96;NORMAL;ACARS;;CONFIRMED;;;false;;;;false;;;;2026-09-28T00:00:00Z;SEED_BURNS_LEDGER;2026-09-28T00:00:00Z;SEED_BURNS_LEDGER
c27b1771-e2ed-51ef-ad31-94e60da3c330;354f8af1-2c19-5c78-b709-606891081b09;A320;N828JB;N828JB;2026-09-25;11:35:00;2026-09-25T12:20:14Z;2026-09-25T15:02:55Z;163;;;5525;5584.45;;;5525;59.45;1.08;NORMAL;ACARS;;CONFIRMED;;;false;;;;false;;;;2026-09-28T00:00:00Z;SEED_BURNS_LEDGER;2026-09-28T00:00:00Z;SEED_BURNS_LEDGER
73e298e9-3512-5c48-b64e-30be327c12f5;f6f29a24-79d9-5ff5-accf-3abbfdf98684;A223;N3113J;N3113J;2026-09-25;11:50:00;2026-09-25T12:20:35Z;2026-09-25T14:32:07Z;132;;;3463;3664.88;;;3463;201.88;5.83;EXCEEDED;ACARS;;CONFIRMED;;;false;;;;false;;;;2026-09-28T00:00:00Z;SEED_BURNS_LEDGER;2026-09-28T00:00:00Z;SEED_BURNS_LEDGER
7dd697ac-6c57-5cae-b863-21f52d53851d;2ad6efa4-9576-5bfd-8fd1-ca4d29edd83d;A320;N529JB;N529JB;2026-09-25;12:15:00;2026-09-25T12:23:04Z;2026-09-25T15:38:02Z;195;;;6885;7022.3;;;6885;137.3;1.99;NORMAL;ACARS;;CONFIRMED;;;false;;;;false;;;;2026-09-28T00:00:00Z;SEED_BURNS_LEDGER;2026-09-28T00:00:00Z;SEED_BURNS_LEDGER
4f83d076-4615-505f-8c19-f23c49fda073;cb7342d2-2189-5d7f-aef7-223b41f5f535;A320;N606JB;N606JB;2026-09-25;12:15:00;2026-09-25T12:23:05Z;2026-09-25T14:26:37Z;124;;;4377;4158.08;;;4377;-218.92;-5;NORMAL;ACARS;;CONFIRMED;;;false;;;;false;;;;2026-09-28T00:00:00Z;SEED_BURNS_LEDGER;2026-09-28T00:00:00Z;SEED_BURNS_LEDGER
f80ad116-91d8-593a-940f-33acb26d1562;09de0df9-2b0d-5a9e-80bf-8100cc11fb3e;A223;N3269J;N3269J;2026-09-25;12:20:00;2026-09-25T12:25:04Z;2026-09-25T14:28:01Z;123;;;3106;3239.48;;;3106;133.48;4.3;NORMAL;ACARS;;CONFIRMED;;;false;;;;false;;;;2026-09-28T00:00:00Z;SEED_BURNS_LEDGER;2026-09-28T00:00:00Z;SEED_BURNS_LEDGER
03534d2a-bfb5-5ea4-8895-63e3efc4ae38;5900e218-2eed-56ca-b425-9a581a84ca65;A320;N605JB;N605JB;2026-09-25;12:20:00;2026-09-25T12:25:31Z;2026-09-25T16:21:02Z;236;;;9095;8721.83;;;9095;-373.17;-4.1;NORMAL;ACARS;;CONFIRMED;;;false;;;;false;;;;2026-09-28T00:00:00Z;SEED_BURNS_LEDGER;2026-09-28T00:00:00Z;SEED_BURNS_LEDGER
a4c7fd47-223f-5614-b14a-5e7b06463a4e;20bb24e1-23cb-5201-9718-fff0d766a02e;A223;N3157J;N3157J;2026-09-25;12:25:00;2026-09-25T12:34:45Z;2026-09-25T14:30:03Z;115;;;2749;2973.89;;;2749;224.89;8.18;EXCEEDED;ACARS;;CONFIRMED;;;false;;;;false;;;;2026-09-28T00:00:00Z;SEED_BURNS_LEDGER;2026-09-28T00:00:00Z;SEED_BURNS_LEDGER
1c688529-3e75-512f-9f3e-4f9268b2f387;dba6ac45-528a-5bca-88cc-be65fa5e180b;A320;N632JB;N632JB;2026-09-25;11:05:00;2026-09-25T12:36:31Z;2026-09-25T15:20:43Z;164;;;6205;5899.18;;;6205;-305.82;-4.93;NORMAL;ACARS;;CONFIRMED;;;false;;;;false;;;;2026-09-28T00:00:00Z;SEED_BURNS_LEDGER;2026-09-28T00:00:00Z;SEED_BURNS_LEDGER
8ffad1fc-9c66-5032-8e3b-38301785f8c3;80eced9b-9b27-599a-9208-2cb1b0a08fc8;A320;N636JB;N636JB;2026-09-25;12:35:00;2026-09-25T12:37:10Z;2026-09-25T14:11:52Z;95;;;2465;2686.94;;;2465;221.94;9;EXCEEDED;ACARS;;CONFIRMED;;;false;;;;false;;;;2026-09-28T00:00:00Z;SEED_BURNS_LEDGER;2026-09-28T00:00:00Z;SEED_BURNS_LEDGER
4977f435-a9e2-5a57-90ab-cf1232826428;3fc14ac0-5766-5268-a5f7-327860658321;A321;N949JT;N949JT;2026-09-25;11:45:00;2026-09-25T12:39:42Z;2026-09-25T15:40:08Z;180;;;6990;7345.17;;;6990;355.17;5.08;EXCEEDED;ACARS;;CONFIRMED;;;false;;;;false;;;;2026-09-28T00:00:00Z;SEED_BURNS_LEDGER;2026-09-28T00:00:00Z;SEED_BURNS_LEDGER
8624e108-23b2-56c0-9882-dd72cffc353b;218aa16c-c6a0-547e-8d4e-a4bc14f34ba2;A223;N3102J;N3102J;2026-09-25;12:30:00;2026-09-25T12:40:35Z;2026-09-25T13:38:35Z;58;;;1142;1070.82;;;1142;-71.18;-6.23;EXCEEDED;ACARS;;CONFIRMED;;;false;;;;false;;;;2026-09-28T00:00:00Z;SEED_BURNS_LEDGER;2026-09-28T00:00:00Z;SEED_BURNS_LEDGER
ab06dc2b-1b43-55d3-9f74-9b113ac710e1;8f253fba-4073-5adc-b51b-d2d3b9f54881;A321;N955JB;N955JB;2026-09-25;12:35:00;2026-09-25T12:41:53Z;2026-09-25T15:43:01Z;181;;;7562;7305.9;;;7562;-256.1;-3.39;NORMAL;ACARS;;CONFIRMED;;;false;;;;false;;;;2026-09-28T00:00:00Z;SEED_BURNS_LEDGER;2026-09-28T00:00:00Z;SEED_BURNS_LEDGER
c93d0950-3248-5b60-ac4d-bf97b2b7cd5b;a26a992a-6df0-5052-94c4-9a2a29696f0e;A320;N784JB;N784JB;2026-09-25;12:45:00;2026-09-25T12:48:39Z;2026-09-25T15:46:59Z;178;;;6758;6365.44;;;6758;-392.56;-5.81;EXCEEDED;ACARS;;CONFIRMED;;;false;;;;false;;;;2026-09-28T00:00:00Z;SEED_BURNS_LEDGER;2026-09-28T00:00:00Z;SEED_BURNS_LEDGER
f1fc7ecd-5a87-58d8-887f-93fb4c6b560b;15833b04-1519-5e7f-957c-6a9fdfd487cc;A223;N3142J;N3142J;2026-09-25;12:45:00;2026-09-25T12:50:21Z;2026-09-25T15:18:58Z;149;;;4355;4292.13;;;4355;-62.87;-1.44;NORMAL;ACARS;;CONFIRMED;;;false;;;;false;;;;2026-09-28T00:00:00Z;SEED_BURNS_LEDGER;2026-09-28T00:00:00Z;SEED_BURNS_LEDGER
01633380-0df6-5b1e-88e2-e92e57a6aebb;f497b5e8-c947-5971-95ab-3d4a77c92e13;A320;N579JB;N579JB;2026-09-25;12:40:00;2026-09-25T12:51:38Z;2026-09-25T15:41:34Z;170;;;5908;6015.8;;;5908;107.8;1.82;NORMAL;ACARS;;CONFIRMED;;;false;;;;false;;;;2026-09-28T00:00:00Z;SEED_BURNS_LEDGER;2026-09-28T00:00:00Z;SEED_BURNS_LEDGER
c6c8802e-020b-5e99-a703-fb09ec62d4c9;3b4c2e98-37ba-58fa-a2d0-3baff21923eb;A223;N3123J;N3123J;2026-09-25;12:50:00;2026-09-25T12:54:25Z;2026-09-25T14:28:08Z;94;;;2142;2241.47;;;2142;99.47;4.64;NORMAL;ACARS;;CONFIRMED;;;false;;;;false;;;;2026-09-28T00:00:00Z;SEED_BURNS_LEDGER;2026-09-28T00:00:00Z;SEED_BURNS_LEDGER
bc03e1a2-b00a-5e1e-b7e9-d2363986900c;7fd5c2d1-5ab4-5abb-9fb3-6e7bae416abb;A321;N964JT;N964JT;2026-09-25;12:50:00;2026-09-25T12:54:45Z;2026-09-25T18:17:49Z;323;;;14321;14262.21;;;14321;-58.79;-0.41;NORMAL;ACARS;;CONFIRMED;;;false;;;;false;;;;2026-09-28T00:00:00Z;SEED_BURNS_LEDGER;2026-09-28T00:00:00Z;SEED_BURNS_LEDGER
6de5a427-b2a0-5a65-a75d-d28e8ee1afa2;c8f0bb6d-edb7-513b-9645-0e26ddfae9bf;A223;N3242J;N3242J;2026-09-25;12:35:00;2026-09-25T12:56:16Z;2026-09-25T14:51:21Z;115;;;3177;2945.16;;;3177;-231.84;-7.3;EXCEEDED;ACARS;;CONFIRMED;;;false;;;;false;;;;2026-09-28T00:00:00Z;SEED_BURNS_LEDGER;2026-09-28T00:00:00Z;SEED_BURNS_LEDGER
0c5eb9a3-56bc-536d-80c4-1930466d9dfa;b963ebf9-ec62-57a9-af9d-3480f12d059c;A320;N593JB;N593JB;2026-09-25;12:45:00;2026-09-25T12:56:26Z;2026-09-25T15:44:14Z;168;;;5738;5977.38;;;5738;239.38;4.17;NORMAL;ACARS;;CONFIRMED;;;false;;;;false;;;;2026-09-28T00:00:00Z;SEED_BURNS_LEDGER;2026-09-28T00:00:00Z;SEED_BURNS_LEDGER
ce069f74-8929-5284-9fc7-aec6887a9d2c;36f1c10e-3fe6-5571-a1af-8914c3c3052d;A321;N989JT;N989JT;2026-09-25;12:50:00;2026-09-25T12:57:21Z;2026-09-25T17:43:15Z;286;;;12655;12219.43;;;12655;-435.57;-3.44;NORMAL;ACARS;;CONFIRMED;;;false;;;;false;;;;2026-09-28T00:00:00Z;SEED_BURNS_LEDGER;2026-09-28T00:00:00Z;SEED_BURNS_LEDGER
df3f22d9-3bb1-51da-ad06-34fb74e7ecfc;fbfb2c1d-e7c3-5637-a5c5-9646918c0d72;A21N;N4058J;N4058J;2026-09-25;11:30:00;2026-09-25T12:57:42Z;2026-09-25T19:53:02Z;415;;;14722;13787.18;;;14722;-934.82;-6.35;EXCEEDED;ACARS;;CONFIRMED;;;false;;;;false;;;;2026-09-28T00:00:00Z;SEED_BURNS_LEDGER;2026-09-28T00:00:00Z;SEED_BURNS_LEDGER
4d56eaad-8707-523d-8f1d-cebadcc02391;621d8c0a-41e1-54eb-8626-78682c478253;A223;N3203J;N3203J;2026-09-25;12:50:00;2026-09-25T12:59:32Z;2026-09-25T15:27:50Z;148;;;4141;4189.79;;;4141;48.79;1.18;NORMAL;ACARS;;CONFIRMED;;;false;;;;false;;;;2026-09-28T00:00:00Z;SEED_BURNS_LEDGER;2026-09-28T00:00:00Z;SEED_BURNS_LEDGER
db9eaf3e-519e-5658-a684-0ee0d54c324a;65b0a7ab-c6cd-549b-9deb-41b4e3740b6b;A223;N3194J;N3194J;2026-09-25;12:55:00;2026-09-25T12:59:59Z;2026-09-25T14:38:32Z;99;;;2499;2491.87;;;2499;-7.13;-0.29;NORMAL;ACARS;;CONFIRMED;;;false;;;;false;;;;2026-09-28T00:00:00Z;SEED_BURNS_LEDGER;2026-09-28T00:00:00Z;SEED_BURNS_LEDGER
f4dfdfc3-63d1-5a7d-bd6d-df4749fcb194;fa428083-df8d-54ab-b872-8928f80322cb;A320;N640JB;N640JB;2026-09-25;12:55:00;2026-09-25T13:00:53Z;2026-09-25T15:38:18Z;157;;;5738;5670.06;;;5738;-67.94;-1.18;NORMAL;ACARS;;CONFIRMED;;;false;;;;false;;;;2026-09-28T00:00:00Z;SEED_BURNS_LEDGER;2026-09-28T00:00:00Z;SEED_BURNS_LEDGER
29616883-3c27-52fa-8d53-5bb5bd0a11b0;af7ac184-3869-5281-b582-c027a1088de8;A320;N623JB;N623JB;2026-09-25;12:25:00;2026-09-25T13:01:34Z;2026-09-25T14:09:03Z;67;;;1955;1890.39;;;1955;-64.61;-3.3;NORMAL;ACARS;;CONFIRMED;;;false;;;;false;;;;2026-09-28T00:00:00Z;SEED_BURNS_LEDGER;2026-09-28T00:00:00Z;SEED_BURNS_LEDGER
39573f4a-9652-5623-9114-493110c1d082;03bd7e18-cc75-5116-b309-c21c29380d07;A21N;N2047J;N2047J;2026-09-25;12:55:00;2026-09-25T13:04:00Z;2026-09-25T18:05:21Z;301;;;10122;9989.74;;;10122;-132.26;-1.31;NORMAL;ACARS;;CONFIRMED;;;false;;;;false;;;;2026-09-28T00:00:00Z;SEED_BURNS_LEDGER;2026-09-28T00:00:00Z;SEED_BURNS_LEDGER
c3393102-8766-5ace-8b15-84e53645cc18;a17f914a-f3f1-5837-9716-7e3c67abf021;A321;N946JL;N946JL;2026-09-25;13:00:00;2026-09-25T13:04:36Z;2026-09-25T18:37:42Z;333;;;14654;13969.37;;;14654;-684.63;-4.67;NORMAL;ACARS;;CONFIRMED;;;false;;;;false;;;;2026-09-28T00:00:00Z;SEED_BURNS_LEDGER;2026-09-28T00:00:00Z;SEED_BURNS_LEDGER
6128ce5e-6fe1-51e2-9ce3-860487c8947f;b10ae22f-4e0a-503d-a9bc-963defde0c3b;A223;N3267J;N3267J;2026-09-25;13:00:00;2026-09-25T13:05:37Z;2026-09-25T14:10:01Z;64;;;1035;1252.01;;;1035;217.01;20.97;EXCEEDED;ACARS;;CONFIRMED;;;false;;;;false;;;;2026-09-28T00:00:00Z;SEED_BURNS_LEDGER;2026-09-28T00:00:00Z;SEED_BURNS_LEDGER
c5509bd1-70cb-5526-8eea-d6349d8fd34c;2351bfae-e702-5054-a7a3-9961611432b0;A223;N3261J;N3261J;2026-09-25;13:00:00;2026-09-25T13:06:11Z;2026-09-25T15:42:54Z;157;;;4427;4485.36;;;4427;58.36;1.32;NORMAL;ACARS;;CONFIRMED;;;false;;;;false;;;;2026-09-28T00:00:00Z;SEED_BURNS_LEDGER;2026-09-28T00:00:00Z;SEED_BURNS_LEDGER
a11bc721-cfc9-5011-ab0c-4a634f10e0a8;6a1dacb3-dbc9-5867-99aa-15f554aac522;A223;N3152J;N3152J;2026-09-25;12:55:00;2026-09-25T13:07:20Z;2026-09-25T17:31:07Z;264;;;8211;8488.99;;;8211;277.99;3.39;NORMAL;ACARS;;CONFIRMED;;;false;;;;false;;;;2026-09-28T00:00:00Z;SEED_BURNS_LEDGER;2026-09-28T00:00:00Z;SEED_BURNS_LEDGER
b4187261-0de5-5cdb-92da-6cf5328bbb03;6d1b4d95-901d-5cf4-8023-039b74ecbccb;A320;N603JB;N603JB;2026-09-25;13:05:00;2026-09-25T13:09:08Z;2026-09-25T15:16:00Z;127;;;3825;4144.34;;;3825;319.34;8.35;EXCEEDED;ACARS;;CONFIRMED;;;false;;;;false;;;;2026-09-28T00:00:00Z;SEED_BURNS_LEDGER;2026-09-28T00:00:00Z;SEED_BURNS_LEDGER
804976c6-262b-553f-93b7-1f227c75b894;f335676f-a2f0-5a48-8b08-21eb43f034ab;A320;N565JB;N565JB;2026-09-25;13:05:00;2026-09-25T13:09:48Z;2026-09-25T15:51:38Z;162;;;5652;5888.96;;;5652;236.96;4.19;NORMAL;ACARS;;CONFIRMED;;;false;;;;false;;;;2026-09-28T00:00:00Z;SEED_BURNS_LEDGER;2026-09-28T00:00:00Z;SEED_BURNS_LEDGER
ce44aae2-feb1-5e73-99c9-41f88ee83d4e;1a64169a-9f55-5e01-9210-e684b0d6c777;A223;N3304J;N3304J;2026-09-25;13:05:00;2026-09-25T13:11:39Z;2026-09-25T15:08:44Z;117;;;2963;2966.52;;;2963;3.52;0.12;NORMAL;ACARS;;CONFIRMED;;;false;;;;false;;;;2026-09-28T00:00:00Z;SEED_BURNS_LEDGER;2026-09-28T00:00:00Z;SEED_BURNS_LEDGER
0a46dc39-9fd7-5e68-96da-3a5fa3bf6938;15aa3b6a-92f5-5cd8-92c4-0ccb401adccb;A320;N625JB;N625JB;2026-09-25;13:05:00;2026-09-25T13:12:11Z;2026-09-25T18:01:05Z;289;;;11475;11407.96;;;11475;-67.04;-0.58;NORMAL;ACARS;;CONFIRMED;;;false;;;;false;;;;2026-09-28T00:00:00Z;SEED_BURNS_LEDGER;2026-09-28T00:00:00Z;SEED_BURNS_LEDGER
edf2fd8a-a49c-5ee7-8365-4452ca3e3805;c293103f-88fe-5b44-ab0e-40b423a6c310;A320;N524JB;N524JB;2026-09-25;13:05:00;2026-09-25T13:15:26Z;2026-09-25T14:18:02Z;63;;;1402;1555.09;;;1402;153.09;10.92;EXCEEDED;ACARS;;CONFIRMED;;;false;;;;false;;;;2026-09-28T00:00:00Z;SEED_BURNS_LEDGER;2026-09-28T00:00:00Z;SEED_BURNS_LEDGER
4d22c8fe-1134-5a09-9f32-6c35f1ae0b84;a0278c14-e0b2-5561-a25f-1080c58af775;A321;N929JB;N929JB;2026-09-25;12:20:00;2026-09-25T13:15:43Z;2026-09-25T18:57:31Z;342;;;14368;14587.34;;;14368;219.34;1.53;NORMAL;ACARS;;CONFIRMED;;;false;;;;false;;;;2026-09-28T00:00:00Z;SEED_BURNS_LEDGER;2026-09-28T00:00:00Z;SEED_BURNS_LEDGER
e0af8715-cebf-5ca6-a640-52fad8cc4d56;721d725a-0cff-5800-b25c-2ba46e00f562;A320;N612JB;N612JB;2026-09-25;13:15:00;2026-09-25T13:17:47Z;2026-09-25T16:14:41Z;177;;;6758;6715.96;;;6758;-42.04;-0.62;NORMAL;ACARS;;CONFIRMED;;;false;;;;false;;;;2026-09-28T00:00:00Z;SEED_BURNS_LEDGER;2026-09-28T00:00:00Z;SEED_BURNS_LEDGER
5f010443-9c00-5b90-9aa6-ec789584a13a;6b5827c1-06a5-5c3f-891b-7a97cfd210a5;A223;N3310J;N3310J;2026-09-25;13:15:00;2026-09-25T13:18:30Z;2026-09-25T14:29:36Z;71;;;1250;1348.78;;;1250;98.78;7.9;EXCEEDED;ACARS;;CONFIRMED;;;false;;;;false;;;;2026-09-28T00:00:00Z;SEED_BURNS_LEDGER;2026-09-28T00:00:00Z;SEED_BURNS_LEDGER
31af6bfb-316d-50ff-804f-eda39cbf4e1a;c0d728ae-e130-594e-95c6-811b43cf4ecd;A320;N598JB;N598JB;2026-09-25;13:15:00;2026-09-25T13:19:12Z;2026-09-25T15:54:40Z;155;;;5355;5412.56;;;5355;57.56;1.07;NORMAL;ACARS;;CONFIRMED;;;false;;;;false;;;;2026-09-28T00:00:00Z;SEED_BURNS_LEDGER;2026-09-28T00:00:00Z;SEED_BURNS_LEDGER
09743036-2ad7-5d36-bc48-171d31891379;a93c60e5-4d94-5349-a0c3-b8dc107a6ade;A321;N993JE;N993JE;2026-09-25;13:15:00;2026-09-25T13:21:14Z;2026-09-25T19:02:03Z;341;;;15511;14614.28;;;15511;-896.72;-5.78;EXCEEDED;ACARS;;CONFIRMED;;;false;;;;false;;;;2026-09-28T00:00:00Z;SEED_BURNS_LEDGER;2026-09-28T00:00:00Z;SEED_BURNS_LEDGER
d8cbff6c-21c4-5d93-8267-2fd11aacfc85;9a052257-0b5f-5112-8c82-d948ba253d86;A321;N958JB;N958JB;2026-09-25;13:20:00;2026-09-25T13:23:39Z;2026-09-25T15:36:52Z;133;;;4944;5152.05;;;4944;208.05;4.21;NORMAL;ACARS;;CONFIRMED;;;false;;;;false;;;;2026-09-28T00:00:00Z;SEED_BURNS_LEDGER;2026-09-28T00:00:00Z;SEED_BURNS_LEDGER
a2dbb9b4-caee-5a9b-9731-2652a5f0cf2f;5d523789-ad4e-5437-807c-7327fbda881d;A321;N944JT;N944JT;2026-09-25;13:15:00;2026-09-25T13:24:53Z;2026-09-25T19:04:05Z;339;;;14940;14954.9;;;14940;14.9;0.1;NORMAL;ACARS;;CONFIRMED;;;false;;;;false;;;;2026-09-28T00:00:00Z;SEED_BURNS_LEDGER;2026-09-28T00:00:00Z;SEED_BURNS_LEDGER
bdfb1a25-dd0f-508b-b052-8d6de953a732;19ff9a2d-9552-5b32-b103-dc8bb1c31de5;A223;N3271J;N3271J;2026-09-25;13:15:00;2026-09-25T13:25:13Z;2026-09-25T14:42:11Z;77;;;1678;1626.93;;;1678;-51.07;-3.04;NORMAL;ACARS;;CONFIRMED;;;false;;;;false;;;;2026-09-28T00:00:00Z;SEED_BURNS_LEDGER;2026-09-28T00:00:00Z;SEED_BURNS_LEDGER
79c6e09f-0570-5eed-bad6-de4a9095564d;bc4e20df-a994-513a-8826-121c5e58d7f8;A320;N580JB;N580JB;2026-09-25;12:45:00;2026-09-25T13:25:15Z;2026-09-25T15:59:07Z;154;;;5695;5467.11;;;5695;-227.89;-4;NORMAL;ACARS;;CONFIRMED;;;false;;;;false;;;;2026-09-28T00:00:00Z;SEED_BURNS_LEDGER;2026-09-28T00:00:00Z;SEED_BURNS_LEDGER
10daf003-9e00-5339-9045-1cf48a3ab633;b15908ab-5392-592f-b849-c0da6f1fa66c;A321;N997JL;N997JL;2026-09-25;13:20:00;2026-09-25T13:30:01Z;2026-09-25T17:37:09Z;247;;;10846;10429.89;;;10846;-416.11;-3.84;NORMAL;ACARS;;CONFIRMED;;;false;;;;false;;;;2026-09-28T00:00:00Z;SEED_BURNS_LEDGER;2026-09-28T00:00:00Z;SEED_BURNS_LEDGER
417b884e-848e-5d9a-a32f-f4565480e009;412807be-0799-5daa-8990-4c13c28416b1;A223;N3058J;N3058J;2026-09-25;13:30:00;2026-09-25T13:32:40Z;2026-09-25T15:13:04Z;100;;;2213;2489.99;;;2213;276.99;12.52;EXCEEDED;ACARS;;CONFIRMED;;;false;;;;false;;;;2026-09-28T00:00:00Z;SEED_BURNS_LEDGER;2026-09-28T00:00:00Z;SEED_BURNS_LEDGER
f86b6278-4489-52cb-ba87-d385ae16eea4;3ff7653d-d43f-5a7b-9ab3-486318d814eb;A321;N969JT;N969JT;2026-09-25;12:15:00;2026-09-25T13:33:03Z;2026-09-25T19:50:40Z;378;;;16368;16431.65;;;16368;63.65;0.39;NORMAL;ACARS;;CONFIRMED;;;false;;;;false;;;;2026-09-28T00:00:00Z;SEED_BURNS_LEDGER;2026-09-28T00:00:00Z;SEED_BURNS_LEDGER
27e2452d-b34c-5ad4-ae0e-721fb320a6eb;f94a40e3-1090-5949-b926-34fd2f3cc6f1;A321;N973JT;N973JT;2026-09-25;13:25:00;2026-09-25T13:34:37Z;2026-09-25T16:04:45Z;150;;;6038;5868.8;;;6038;-169.2;-2.8;NORMAL;ACARS;;CONFIRMED;;;false;;;;false;;;;2026-09-28T00:00:00Z;SEED_BURNS_LEDGER;2026-09-28T00:00:00Z;SEED_BURNS_LEDGER
3ee47991-735a-51da-ab09-cfe3c4eb8fc5;1542a5dc-aa38-569f-9da3-426d0994c5d6;A223;N3251J;N3251J;2026-09-25;13:30:00;2026-09-25T13:34:38Z;2026-09-25T14:57:10Z;83;;;1606;1798.53;;;1606;192.53;11.99;EXCEEDED;ACARS;;CONFIRMED;;;false;;;;false;;;;2026-09-28T00:00:00Z;SEED_BURNS_LEDGER;2026-09-28T00:00:00Z;SEED_BURNS_LEDGER
319317c1-b489-51ea-88a4-882a4ea33a7e;f8c826fc-b1d8-5142-9b78-fbfdef7331bf;A321;N937JB;N937JB;2026-09-25;13:25:00;2026-09-25T13:36:17Z;2026-09-25T18:53:29Z;317;;;14464;13683.82;;;14464;-780.18;-5.39;EXCEEDED;ACARS;;CONFIRMED;;;false;;;;false;;;;2026-09-28T00:00:00Z;SEED_BURNS_LEDGER;2026-09-28T00:00:00Z;SEED_BURNS_LEDGER
25d2da1f-4f39-56ea-aeee-c3f8b5124f0a;76e0f024-4b88-5ad9-b60d-223f3926848b;A320;N709JB;N709JB;2026-09-25;12:10:00;2026-09-25T13:37:29Z;2026-09-25T16:27:54Z;170;;;5950;6175.77;;;5950;225.77;3.79;NORMAL;ACARS;;CONFIRMED;;;false;;;;false;;;;2026-09-28T00:00:00Z;SEED_BURNS_LEDGER;2026-09-28T00:00:00Z;SEED_BURNS_LEDGER
f28fc18f-6188-53bc-8409-1d6a701e15fe;9f291bf7-3ab5-5f15-a1a4-f995009cd467;A320;N706JB;N706JB;2026-09-25;13:35:00;2026-09-25T13:39:01Z;2026-09-25T16:18:57Z;160;;;5610;5519.28;;;5610;-90.72;-1.62;NORMAL;ACARS;;CONFIRMED;;;false;;;;false;;;;2026-09-28T00:00:00Z;SEED_BURNS_LEDGER;2026-09-28T00:00:00Z;SEED_BURNS_LEDGER
e8ed2d45-0d61-5b7d-ac67-2d0d587c1f54;b9169a39-edd6-5e56-9ca8-ed5769b23f67;A320;N597JB;N597JB;2026-09-25;12:40:00;2026-09-25T13:39:26Z;2026-09-25T16:48:50Z;189;;;6545;6806.55;;;6545;261.55;4;NORMAL;ACARS;;CONFIRMED;;;false;;;;false;;;;2026-09-28T00:00:00Z;SEED_BURNS_LEDGER;2026-09-28T00:00:00Z;SEED_BURNS_LEDGER
f410f7a0-065d-5146-99f6-d4feffd0c320;ebebeedf-5e26-574d-99ae-7b345dcf9c67;A320;N806JB;N806JB;2026-09-25;13:40:00;2026-09-25T13:45:06Z;2026-09-25T16:29:36Z;165;;;5738;5931.03;;;5738;193.03;3.36;NORMAL;ACARS;;CONFIRMED;;;false;;;;false;;;;2026-09-28T00:00:00Z;SEED_BURNS_LEDGER;2026-09-28T00:00:00Z;SEED_BURNS_LEDGER
e81651f4-1e9b-5684-a0b0-5536081be13f;63ff214e-9e9a-539b-a9a7-27d16c52d031;A321;N977JE;N977JE;2026-09-25;12:40:00;2026-09-25T13:46:04Z;2026-09-25T18:25:57Z;280;;;12369;12247.44;;;12369;-121.56;-0.98;NORMAL;ACARS;;CONFIRMED;;;false;;;;false;;;;2026-09-28T00:00:00Z;SEED_BURNS_LEDGER;2026-09-28T00:00:00Z;SEED_BURNS_LEDGER
c9c2d053-7dd7-5a65-8812-f27ed4343f07;d499a20d-1ed6-55d0-8864-a133f467b564;A321;N970JB;N970JB;2026-09-25;13:45:00;2026-09-25T13:46:12Z;2026-09-25T16:17:38Z;151;;;5610;5815.85;;;5610;205.85;3.67;NORMAL;ACARS;;CONFIRMED;;;false;;;;false;;;;2026-09-28T00:00:00Z;SEED_BURNS_LEDGER;2026-09-28T00:00:00Z;SEED_BURNS_LEDGER
d17456bf-f792-5c6a-b296-36a62b73f8c9;8515d524-0be4-5451-ae45-4533d5ce41e3;A321;N988JT;N988JT;2026-09-25;13:40:00;2026-09-25T13:52:58Z;2026-09-25T18:26:55Z;274;;;12274;11966.24;;;12274;-307.76;-2.51;NORMAL;ACARS;;CONFIRMED;;;false;;;;false;;;;2026-09-28T00:00:00Z;SEED_BURNS_LEDGER;2026-09-28T00:00:00Z;SEED_BURNS_LEDGER
d03dd340-fb98-54fd-88ee-88edbfb349e6;e8deb2a9-d635-520b-a237-18f7d87df143;A223;N3229J;N3229J;2026-09-25;12:35:00;2026-09-25T13:55:50Z;2026-09-25T18:11:18Z;255;;;7604;7726.75;;;7604;122.75;1.61;NORMAL;ACARS;;CONFIRMED;;;false;;;;false;;;;2026-09-28T00:00:00Z;SEED_BURNS_LEDGER;2026-09-28T00:00:00Z;SEED_BURNS_LEDGER
a5b04b46-753d-5c5c-8c29-350bf6648eb9;234330b9-4ef8-55d1-824c-a51e23ec6a9d;A321;N995JL;N995JL;2026-09-25;13:50:00;2026-09-25T13:58:03Z;2026-09-25T17:13:44Z;196;;;7847;8091.59;;;7847;244.59;3.12;NORMAL;ACARS;;CONFIRMED;;;false;;;;false;;;;2026-09-28T00:00:00Z;SEED_BURNS_LEDGER;2026-09-28T00:00:00Z;SEED_BURNS_LEDGER
3d7b1b70-2dec-5eb0-9364-06919ba2f6e2;50791e56-edc4-5ad8-abdb-48b8cc2f027c;A320;N662JB;N662JB;2026-09-25;13:50:00;2026-09-25T13:59:02Z;2026-09-25T18:09:42Z;251;;;9350;9382.64;;;9350;32.64;0.35;NORMAL;ACARS;;CONFIRMED;;;false;;;;false;;;;2026-09-28T00:00:00Z;SEED_BURNS_LEDGER;2026-09-28T00:00:00Z;SEED_BURNS_LEDGER
53892fd5-4f76-508f-908f-01f8db7008ff;ea22d655-e25c-5a0f-be9a-9a0a62b742fa;A223;N3241J;N3241J;2026-09-25;13:55:00;2026-09-25T13:59:03Z;2026-09-25T16:17:53Z;139;;;3677;3760.3;;;3677;83.3;2.27;NORMAL;ACARS;;CONFIRMED;;;false;;;;false;;;;2026-09-28T00:00:00Z;SEED_BURNS_LEDGER;2026-09-28T00:00:00Z;SEED_BURNS_LEDGER
6b060efe-e836-5faa-a8fc-e08c68100a75;e29a163e-e259-548d-aa2c-453ee9589df7;A320;N638JB;N638JB;2026-09-25;13:50:00;2026-09-25T14:00:25Z;2026-09-25T19:08:29Z;308;;;11602;11432.82;;;11602;-169.18;-1.46;NORMAL;ACARS;;CONFIRMED;;;false;;;;false;;;;2026-09-28T00:00:00Z;SEED_BURNS_LEDGER;2026-09-28T00:00:00Z;SEED_BURNS_LEDGER
ade01d72-a411-501b-a8a4-1f483ced0481;611f42bf-e129-5b85-a14e-0bf3718d3d78;A320;N570JB;N570JB;2026-09-25;13:50:00;2026-09-25T14:01:01Z;2026-09-25T16:22:21Z;141;;;4802;4831.06;;;4802;29.06;0.61;NORMAL;ACARS;;CONFIRMED;;;false;;;;false;;;;2026-09-28T00:00:00Z;SEED_BURNS_LEDGER;2026-09-28T00:00:00Z;SEED_BURNS_LEDGER
78de1f30-7b0a-5f6d-94bd-75efa02e1fb2;3c1b763a-5003-5d98-aa1f-47b7140020e5;A320;N804JB;N804JB;2026-09-25;13:40:00;2026-09-25T14:01:36Z;2026-09-25T16:41:44Z;160;;;5568;5792.4;;;5568;224.4;4.03;NORMAL;ACARS;;CONFIRMED;;;false;;;;false;;;;2026-09-28T00:00:00Z;SEED_BURNS_LEDGER;2026-09-28T00:00:00Z;SEED_BURNS_LEDGER
ae921025-e3fe-5637-b31a-4e63a0e0f25e;7a9ce907-68ab-51e2-b295-bc81be9679f1;A320;N656JB;N656JB;2026-09-25;13:55:00;2026-09-25T14:02:32Z;2026-09-25T16:33:35Z;151;;;5185;5296.78;;;5185;111.78;2.16;NORMAL;ACARS;;CONFIRMED;;;false;;;;false;;;;2026-09-28T00:00:00Z;SEED_BURNS_LEDGER;2026-09-28T00:00:00Z;SEED_BURNS_LEDGER
dba71067-5a77-5c37-b1da-84530c49564a;8cea1d26-1f34-5f7f-b78b-1e32824a1283;A321;N996JL;N996JL;2026-09-25;14:00:00;2026-09-25T14:03:17Z;2026-09-25T16:59:08Z;176;;;6895;7163.85;;;6895;268.85;3.9;NORMAL;ACARS;;CONFIRMED;;;false;;;;false;;;;2026-09-28T00:00:00Z;SEED_BURNS_LEDGER;2026-09-28T00:00:00Z;SEED_BURNS_LEDGER
d2373522-97be-5bb9-9d45-a94fa96b2417;8cc81f0a-1b45-56e0-9737-3c914c2529d3;A223;N3221J;N3221J;2026-09-25;13:55:00;2026-09-25T14:03:30Z;2026-09-25T16:37:55Z;154;;;4355;4464.94;;;4355;109.94;2.52;NORMAL;ACARS;;CONFIRMED;;;false;;;;false;;;;2026-09-28T00:00:00Z;SEED_BURNS_LEDGER;2026-09-28T00:00:00Z;SEED_BURNS_LEDGER
989e5a6e-04fd-5889-a422-700447d21491;685dd7ab-7d63-5cf6-b530-50666332411f;A321;N948JB;N948JB;2026-09-25;12:55:00;2026-09-25T14:03:35Z;2026-09-25T15:53:52Z;110;;;3849;3941.21;;;3849;92.21;2.4;NORMAL;ACARS;;CONFIRMED;;;false;;;;false;;;;2026-09-28T00:00:00Z;SEED_BURNS_LEDGER;2026-09-28T00:00:00Z;SEED_BURNS_LEDGER
942e2261-5465-5c25-b22c-fb933af99d97;a093cf60-fd04-5e2d-8b24-c192fc0afd61;A320;N599JB;N599JB;2026-09-25;13:20:00;2026-09-25T14:08:41Z;2026-09-25T16:46:09Z;157;;;5270;5410.18;;;5270;140.18;2.66;NORMAL;ACARS;;CONFIRMED;;;false;;;;false;;;;2026-09-28T00:00:00Z;SEED_BURNS_LEDGER;2026-09-28T00:00:00Z;SEED_BURNS_LEDGER
d04270e0-b0f8-535d-821e-c7cd8b90e4e1;64ed624d-65f6-56d8-beb2-963e75639e55;A320;N547JB;N547JB;2026-09-25;14:05:00;2026-09-25T14:09:11Z;2026-09-25T16:58:38Z;169;;;6460;6219.26;;;6460;-240.74;-3.73;NORMAL;ACARS;;CONFIRMED;;;false;;;;false;;;;2026-09-28T00:00:00Z;SEED_BURNS_LEDGER;2026-09-28T00:00:00Z;SEED_BURNS_LEDGER
01152d7a-4f65-5018-a5b6-531ff7140e9a;c566e9c4-a9ff-5a86-870a-7761a4df4783;A320;N561JB;N561JB;2026-09-25;14:05:00;2026-09-25T14:10:32Z;2026-09-25T19:38:11Z;328;;;13048;12603.55;;;13048;-444.45;-3.41;NORMAL;ACARS;;CONFIRMED;;;false;;;;false;;;;2026-09-28T00:00:00Z;SEED_BURNS_LEDGER;2026-09-28T00:00:00Z;SEED_BURNS_LEDGER
25a1f008-5adc-55d3-85b4-6059836f8750;380fb1ec-72ce-5306-b7f8-9e36c9be1dc7;A21N;N2044J;N2044J;2026-09-25;14:05:00;2026-09-25T14:14:47Z;2026-09-25T17:59:25Z;225;;;7018;7320.04;;;7018;302.04;4.3;NORMAL;ACARS;;CONFIRMED;;;false;;;;false;;;;2026-09-28T00:00:00Z;SEED_BURNS_LEDGER;2026-09-28T00:00:00Z;SEED_BURNS_LEDGER
f416ce75-35ea-5cfa-9930-e9849b46bb74;20ca7a2b-895e-57e7-b82d-91861f6bd7c7;A320;N794JB;N794JB;2026-09-25;14:05:00;2026-09-25T14:15:40Z;2026-09-25T17:16:43Z;181;;;6375;6571.44;;;6375;196.44;3.08;NORMAL;ACARS;;CONFIRMED;;;false;;;;false;;;;2026-09-28T00:00:00Z;SEED_BURNS_LEDGER;2026-09-28T00:00:00Z;SEED_BURNS_LEDGER
71236a75-e611-5eb0-8b13-6488d5560f1d;8111a2b5-a163-5094-8a9a-c94acdff1888;A21N;N2157J;N2157J;2026-09-25;14:05:00;2026-09-25T14:17:28Z;2026-09-25T20:44:54Z;387;;;12964;13141.33;;;12964;177.33;1.37;NORMAL;ACARS;;CONFIRMED;;;false;;;;false;;;;2026-09-28T00:00:00Z;SEED_BURNS_LEDGER;2026-09-28T00:00:00Z;SEED_BURNS_LEDGER
4d5b81c0-137b-5fc2-9688-377543cf2124;acdbe3d4-ea68-5a54-8f2c-5514646d4846;A320;N563JB;N563JB;2026-09-25;14:05:00;2026-09-25T14:17:42Z;2026-09-25T17:45:28Z;208;;;7565;7474.42;;;7565;-90.58;-1.2;NORMAL;ACARS;;CONFIRMED;;;false;;;;false;;;;2026-09-28T00:00:00Z;SEED_BURNS_LEDGER;2026-09-28T00:00:00Z;SEED_BURNS_LEDGER
788c836c-a7d4-581a-9692-2a19476617d0;cb7461a9-7e34-50c8-bf13-2fb13bac6597;A320;N805JB;N805JB;2026-09-25;13:35:00;2026-09-25T14:18:03Z;2026-09-25T16:10:03Z;112;;;3528;3560.44;;;3528;32.44;0.92;NORMAL;ACARS;;CONFIRMED;;;false;;;;false;;;;2026-09-28T00:00:00Z;SEED_BURNS_LEDGER;2026-09-28T00:00:00Z;SEED_BURNS_LEDGER
a01059e4-edba-578b-8949-688ee60d6d8b;44fbd9bd-fe55-556e-8a72-51710f365ef3;A321;N980JT;N980JT;2026-09-25;14:15:00;2026-09-25T14:21:03Z;2026-09-25T20:06:06Z;345;;;14416;14794.61;;;14416;378.61;2.63;NORMAL;ACARS;;CONFIRMED;;;false;;;;false;;;;2026-09-28T00:00:00Z;SEED_BURNS_LEDGER;2026-09-28T00:00:00Z;SEED_BURNS_LEDGER
e4a2a3cc-4932-59cd-a87d-faa48b56a12b;de851887-cdec-5c58-89b0-9750f403b1c5;A223;N3276J;N3276J;2026-09-25;14:15:00;2026-09-25T14:21:06Z;2026-09-25T16:26:31Z;125;;;3427;3376.94;;;3427;-50.06;-1.46;NORMAL;ACARS;;CONFIRMED;;;false;;;;false;;;;2026-09-28T00:00:00Z;SEED_BURNS_LEDGER;2026-09-28T00:00:00Z;SEED_BURNS_LEDGER
9f53cfe7-bc9b-57be-a62f-8c2e51369874;c3874392-d2f9-535d-95d7-5f2b861cc4bd;A223;N3296J;N3296J;2026-09-25;14:20:00;2026-09-25T14:22:07Z;2026-09-25T15:43:27Z;81;;;1571;1706.47;;;1571;135.47;8.62;EXCEEDED;ACARS;;CONFIRMED;;;false;;;;false;;;;2026-09-28T00:00:00Z;SEED_BURNS_LEDGER;2026-09-28T00:00:00Z;SEED_BURNS_LEDGER
28e71a6b-9e68-50ec-8c5b-798327cd2903;3b1e0c4b-f7b7-5582-b94d-05e851a64fc1;A223;N3275J;N3275J;2026-09-25;14:15:00;2026-09-25T14:24:50Z;2026-09-25T16:03:30Z;99;;;2178;2432.38;;;2178;254.38;11.68;EXCEEDED;ACARS;;CONFIRMED;;;false;;;;false;;;;2026-09-28T00:00:00Z;SEED_BURNS_LEDGER;2026-09-28T00:00:00Z;SEED_BURNS_LEDGER
6cf0d188-c472-501f-89c8-f6f7e580b6f7;679436bd-e46a-58dc-a9dd-9b9e57541f75;A320;N523JB;N523JB;2026-09-25;14:20:00;2026-09-25T14:25:02Z;2026-09-25T21:34:51Z;430;;;16448;16520.45;;;16448;72.45;0.44;NORMAL;ACARS;;CONFIRMED;;;false;;;;false;;;;2026-09-28T00:00:00Z;SEED_BURNS_LEDGER;2026-09-28T00:00:00Z;SEED_BURNS_LEDGER
718f9a38-2a7c-57b3-b125-235e12769af6;2b6c4c2f-2d4b-5354-a3a9-5e1148bad1e1;A223;N3232J;N3232J;2026-09-25;14:20:00;2026-09-25T14:26:18Z;2026-09-25T15:16:33Z;50;;;714;927.92;;;714;213.92;29.96;EXCEEDED;ACARS;;CONFIRMED;;;false;;;;false;;;;2026-09-28T00:00:00Z;SEED_BURNS_LEDGER;2026-09-28T00:00:00Z;SEED_BURNS_LEDGER
f1a4ac7c-e777-53d8-8e90-36fcc900b0da;b22ea826-66b5-57ed-81e5-e265134f70cd;A223;N3077J;N3077J;2026-09-25;14:25:00;2026-09-25T14:27:19Z;2026-09-25T16:59:50Z;153;;;4070;4294.93;;;4070;224.93;5.53;EXCEEDED;ACARS;;CONFIRMED;;;false;;;;false;;;;2026-09-28T00:00:00Z;SEED_BURNS_LEDGER;2026-09-28T00:00:00Z;SEED_BURNS_LEDGER
dd86c9b6-cbff-5215-9fc4-bdb3c0e2205d;7c4a0db9-570d-505c-9458-e8ac41a26936;A223;N3102J;N3102J;2026-09-25;14:20:00;2026-09-25T14:29:03Z;2026-09-25T15:59:28Z;90;;;2142;2148.86;;;2142;6.86;0.32;NORMAL;ACARS;;CONFIRMED;;;false;;;;false;;;;2026-09-28T00:00:00Z;SEED_BURNS_LEDGER;2026-09-28T00:00:00Z;SEED_BURNS_LEDGER
c1a63302-d752-52d4-ab07-59a9a01eed7a;b1b20be0-be48-5480-b198-ffa1f00aef33;A321;N945JT;N945JT;2026-09-25;14:20:00;2026-09-25T14:30:01Z;2026-09-25T20:17:48Z;348;;;14606;15203.88;;;14606;597.88;4.09;NORMAL;ACARS;;CONFIRMED;;;false;;;;false;;;;2026-09-28T00:00:00Z;SEED_BURNS_LEDGER;2026-09-28T00:00:00Z;SEED_BURNS_LEDGER
b1416031-52e1-5064-9e44-4a0ae5b5a14c;e9f68597-eafc-51a4-aaa5-21c016ce2982;A320;N527JL;N527JL;2026-09-25;14:00:00;2026-09-25T14:30:06Z;2026-09-25T17:33:15Z;183;;;6205;6402.11;;;6205;197.11;3.18;NORMAL;ACARS;;CONFIRMED;;;false;;;;false;;;;2026-09-28T00:00:00Z;SEED_BURNS_LEDGER;2026-09-28T00:00:00Z;SEED_BURNS_LEDGER
c13649c5-44b9-5a7c-8ef1-60c4ed5a6762;e1614b84-b96e-5bd1-80c7-7c11cda1a6e0;A21N;N2038J;N2038J;2026-09-25;14:25:00;2026-09-25T14:31:38Z;2026-09-25T17:29:33Z;178;;;5709;5535.72;;;5709;-173.28;-3.04;NORMAL;ACARS;;CONFIRMED;;;false;;;;false;;;;2026-09-28T00:00:00Z;SEED_BURNS_LEDGER;2026-09-28T00:00:00Z;SEED_BURNS_LEDGER
a14b0893-53b8-5784-b5c7-8a482b27804c;4c40ffe1-c819-57e2-934c-6bb0751bf3ae;A21N;N2086J;N2086J;2026-09-25;14:30:00;2026-09-25T14:33:02Z;2026-09-25T17:15:33Z;163;;;4998;5047.4;;;4998;49.4;0.99;NORMAL;ACARS;;CONFIRMED;;;false;;;;false;;;;2026-09-28T00:00:00Z;SEED_BURNS_LEDGER;2026-09-28T00:00:00Z;SEED_BURNS_LEDGER
a9068c54-4fef-5877-b68a-90f218605359;fdd7e164-17f8-5a01-a3f0-90bc693c5c08;A223;N3145J;N3145J;2026-09-25;14:25:00;2026-09-25T14:35:30Z;2026-09-25T16:26:37Z;111;;;2678;2892.79;;;2678;214.79;8.02;EXCEEDED;ACARS;;CONFIRMED;;;false;;;;false;;;;2026-09-28T00:00:00Z;SEED_BURNS_LEDGER;2026-09-28T00:00:00Z;SEED_BURNS_LEDGER
7ea34dc1-7f98-59e2-ba6c-8fcf61e89953;00306d8c-c174-56ba-9620-62fa92df9d68;A223;N3196J;N3196J;2026-09-25;14:30:00;2026-09-25T14:36:44Z;2026-09-25T16:25:25Z;109;;;2713;2649.53;;;2713;-63.47;-2.34;NORMAL;ACARS;;CONFIRMED;;;false;;;;false;;;;2026-09-28T00:00:00Z;SEED_BURNS_LEDGER;2026-09-28T00:00:00Z;SEED_BURNS_LEDGER
e5424f77-e8d9-57e8-9156-c78551f8b436;744507e0-ca10-5cd1-9950-2b0865525688;A320;N708JB;N708JB;2026-09-25;14:30:00;2026-09-25T14:37:13Z;2026-09-25T17:17:31Z;160;;;5610;5791.99;;;5610;181.99;3.24;NORMAL;ACARS;;CONFIRMED;;;false;;;;false;;;;2026-09-28T00:00:00Z;SEED_BURNS_LEDGER;2026-09-28T00:00:00Z;SEED_BURNS_LEDGER
75b4d1af-dd0b-5a62-8bbf-8fac09a23e2e;a3ae07d8-fecd-51bb-9a86-ccc7cc0b5d90;A223;N3289J;N3289J;2026-09-25;13:30:00;2026-09-25T14:39:41Z;2026-09-25T17:01:01Z;141;;;4177;4041.52;;;4177;-135.48;-3.24;NORMAL;ACARS;;CONFIRMED;;;false;;;;false;;;;2026-09-28T00:00:00Z;SEED_BURNS_LEDGER;2026-09-28T00:00:00Z;SEED_BURNS_LEDGER
aab10bf1-d2b6-5d30-bf60-b85020f2e16b;091dd1fe-0263-50d3-88f2-8ae669e50b54;A21N;N2193J;N2193J;2026-09-25;14:35:00;2026-09-25T14:41:05Z;2026-09-25T20:50:10Z;369;;;12254;12515.78;;;12254;261.78;2.14;NORMAL;ACARS;;CONFIRMED;;;false;;;;false;;;;2026-09-28T00:00:00Z;SEED_BURNS_LEDGER;2026-09-28T00:00:00Z;SEED_BURNS_LEDGER
4789f94e-2047-5e38-b5ab-961ee711571b;e5802545-1d78-53d5-9121-964e102b1881;A320;N712JB;N712JB;2026-09-25;14:35:00;2026-09-25T14:41:30Z;2026-09-25T17:29:15Z;168;;;6205;6282.83;;;6205;77.83;1.25;NORMAL;ACARS;;CONFIRMED;;;false;;;;false;;;;2026-09-28T00:00:00Z;SEED_BURNS_LEDGER;2026-09-28T00:00:00Z;SEED_BURNS_LEDGER
4e35e6fd-8b7c-5607-869f-17a5a68a191b;50255cf4-cc18-5910-81fd-a910b62c1a8d;A320;N613JB;N613JB;2026-09-25;14:05:00;2026-09-25T14:45:22Z;2026-09-25T17:10:25Z;145;;;4802;4900.77;;;4802;98.77;2.06;NORMAL;ACARS;;CONFIRMED;;;false;;;;false;;;;2026-09-28T00:00:00Z;SEED_BURNS_LEDGER;2026-09-28T00:00:00Z;SEED_BURNS_LEDGER
f1c44435-0b86-55be-a079-b44f9fb706a3;71121562-d196-5d47-bffa-a3106a39e541;A223;N3322J;N3322J;2026-09-25;13:50:00;2026-09-25T14:49:34Z;2026-09-25T16:38:59Z;109;;;2856;2979.13;;;2856;123.13;4.31;NORMAL;ACARS;;CONFIRMED;;;false;;;;false;;;;2026-09-28T00:00:00Z;SEED_BURNS_LEDGER;2026-09-28T00:00:00Z;SEED_BURNS_LEDGER
48687e71-cbc3-5657-86bc-d163f3506061;8dcfb1fe-804c-57d0-a05d-35fb2fc8a566;A320;N703JB;N703JB;2026-09-25;14:05:00;2026-09-25T14:49:35Z;2026-09-25T18:04:17Z;195;;;7182;6852.74;;;7182;-329.26;-4.58;NORMAL;ACARS;;CONFIRMED;;;false;;;;false;;;;2026-09-28T00:00:00Z;SEED_BURNS_LEDGER;2026-09-28T00:00:00Z;SEED_BURNS_LEDGER
a5a81679-f57c-560a-ac9e-f285d703f478;13cce70b-6ba9-5113-a7bb-16b38f702829;A321;N943JT;N943JT;2026-09-25;14:45:00;2026-09-25T14:49:53Z;2026-09-25T20:34:04Z;344;;;14749;14835.82;;;14749;86.82;0.59;NORMAL;ACARS;;CONFIRMED;;;false;;;;false;;;;2026-09-28T00:00:00Z;SEED_BURNS_LEDGER;2026-09-28T00:00:00Z;SEED_BURNS_LEDGER
f5f6b2ce-f1a5-5ea3-ba40-189d7f64a504;b00b14d5-fd69-5085-96a8-c7527e304810;A223;N3065J;N3065J;2026-09-25;14:40:00;2026-09-25T14:50:35Z;2026-09-25T16:27:53Z;97;;;2035;2232.9;;;2035;197.9;9.72;EXCEEDED;ACARS;;CONFIRMED;;;false;;;;false;;;;2026-09-28T00:00:00Z;SEED_BURNS_LEDGER;2026-09-28T00:00:00Z;SEED_BURNS_LEDGER
20c01abf-d656-51be-8abc-f82809d34eeb;1e66c70a-5a7a-5c7f-a84e-5c5c77ad121c;A320;N715JB;N715JB;2026-09-25;13:55:00;2026-09-25T14:50:52Z;2026-09-25T18:42:41Z;232;;;8585;8750.73;;;8585;165.73;1.93;NORMAL;ACARS;;CONFIRMED;;;false;;;;false;;;;2026-09-28T00:00:00Z;SEED_BURNS_LEDGER;2026-09-28T00:00:00Z;SEED_BURNS_LEDGER
ce935066-8bbf-57ff-842c-03331ebf9a85;2f9b7a93-e509-5707-87a8-0346eb1785a8;A321;N971JT;N971JT;2026-09-25;14:45:00;2026-09-25T14:50:53Z;2026-09-25T18:06:24Z;196;;;7847;8159.77;;;7847;312.77;3.99;NORMAL;ACARS;;CONFIRMED;;;false;;;;false;;;;2026-09-28T00:00:00Z;SEED_BURNS_LEDGER;2026-09-28T00:00:00Z;SEED_BURNS_LEDGER
b2a0646d-c6c3-5cec-800e-de0624dafefb;1a24be5e-d998-5faa-b9ea-41d13259e085;A320;N746JB;N746JB;2026-09-25;14:20:00;2026-09-25T14:51:34Z;2026-09-25T19:56:31Z;305;;;11262;11214.55;;;11262;-47.45;-0.42;NORMAL;ACARS;;CONFIRMED;;;false;;;;false;;;;2026-09-28T00:00:00Z;SEED_BURNS_LEDGER;2026-09-28T00:00:00Z;SEED_BURNS_LEDGER
2960fae7-56f9-52b6-b7bf-c819cad50250;b3549414-8cb7-5b50-8cc7-676784be9faa;A320;N607JB;N607JB;2026-09-25;14:55:00;2026-09-25T14:57:42Z;2026-09-25T16:31:42Z;94;;;2975;3092.37;;;2975;117.37;3.95;NORMAL;ACARS;;CONFIRMED;;;false;;;;false;;;;2026-09-28T00:00:00Z;SEED_BURNS_LEDGER;2026-09-28T00:00:00Z;SEED_BURNS_LEDGER
e7693d74-849e-5788-a905-308de044f4f7;51fc240e-c553-5d29-8580-6bf90dbda744;A321;N979JT;N979JT;2026-09-25;14:25:00;2026-09-25T14:58:27Z;2026-09-25T21:07:59Z;370;;;16796;15764.77;;;16796;-1031.23;-6.14;EXCEEDED;ACARS;;CONFIRMED;;;false;;;;false;;;;2026-09-28T00:00:00Z;SEED_BURNS_LEDGER;2026-09-28T00:00:00Z;SEED_BURNS_LEDGER
e906c363-c6f7-5ffb-b13d-0ddc561ac16e;9cf84a9c-1a15-530e-9c19-c02d6d4dbfa2;A321;N935JB;N935JB;2026-09-25;14:50:00;2026-09-25T14:58:29Z;2026-09-25T20:37:52Z;339;;;14606;14741.11;;;14606;135.11;0.93;NORMAL;ACARS;;CONFIRMED;;;false;;;;false;;;;2026-09-28T00:00:00Z;SEED_BURNS_LEDGER;2026-09-28T00:00:00Z;SEED_BURNS_LEDGER
eafe9b0d-3091-545e-b9d1-f704f759d967;de1d71ae-c6b3-5890-9f41-216437e306d2;A320;N623JB;N623JB;2026-09-25;14:55:00;2026-09-25T14:59:01Z;2026-09-25T15:50:28Z;51;;;1020;1261.21;;;1020;241.21;23.65;EXCEEDED;ACARS;;CONFIRMED;;;false;;;;false;;;;2026-09-28T00:00:00Z;SEED_BURNS_LEDGER;2026-09-28T00:00:00Z;SEED_BURNS_LEDGER
23b7cb07-7d1a-5a39-808e-67b86c3cf46d;e94f808d-25a7-5e9a-a933-83ee2c96832b;A321;N965JT;N965JT;2026-09-25;13:45:00;2026-09-25T14:59:02Z;2026-09-25T18:05:52Z;187;;;7609;7478.41;;;7609;-130.59;-1.72;NORMAL;ACARS;;CONFIRMED;;;false;;;;false;;;;2026-09-28T00:00:00Z;SEED_BURNS_LEDGER;2026-09-28T00:00:00Z;SEED_BURNS_LEDGER
061ab720-825d-58ee-96df-98126c7b87d9;84cbd64e-eebc-54ce-b52a-00ca25b98f93;A223;N3195J;N3195J;2026-09-25;14:55:00;2026-09-25T14:59:42Z;2026-09-25T16:53:21Z;114;;;2927;3107.19;;;2927;180.19;6.16;EXCEEDED;ACARS;;CONFIRMED;;;false;;;;false;;;;2026-09-28T00:00:00Z;SEED_BURNS_LEDGER;2026-09-28T00:00:00Z;SEED_BURNS_LEDGER
c1cca450-94a3-5a9e-a94c-3b57c4ec63ae;90eb3721-1690-560a-aa2f-5f8fdb9d0dad;A320;N645JB;N645JB;2026-09-25;14:55:00;2026-09-25T15:02:29Z;2026-09-25T17:37:29Z;155;;;5695;5542.31;;;5695;-152.69;-2.68;NORMAL;ACARS;;CONFIRMED;;;false;;;;false;;;;2026-09-28T00:00:00Z;SEED_BURNS_LEDGER;2026-09-28T00:00:00Z;SEED_BURNS_LEDGER
e8a91f18-fd43-505f-b073-b59bd7e3d25a;b7f98a3b-f18f-599e-8fcb-5e7587800541;A320;N615JB;N615JB;2026-09-25;15:00:00;2026-09-25T15:08:44Z;2026-09-25T17:44:08Z;155;;;5482;5385.75;;;5482;-96.25;-1.76;NORMAL;ACARS;;CONFIRMED;;;false;;;;false;;;;2026-09-28T00:00:00Z;SEED_BURNS_LEDGER;2026-09-28T00:00:00Z;SEED_BURNS_LEDGER
bd2f2006-340b-5f4c-bee2-53d5f7e1ff39;48e4ff17-42fa-5272-8d4d-b95595e86c9e;A223;N3215J;N3215J;2026-09-25;15:00:00;2026-09-25T15:09:45Z;2026-09-25T16:26:28Z;77;;;1499;1629.97;;;1499;130.97;8.74;EXCEEDED;ACARS;;CONFIRMED;;;false;;;;false;;;;2026-09-28T00:00:00Z;SEED_BURNS_LEDGER;2026-09-28T00:00:00Z;SEED_BURNS_LEDGER
db7cedf0-ae8d-50d9-b45b-27641c0d530d;9722e807-51a1-57ea-992a-5da56dbb5172;A223;N3112J;N3112J;2026-09-25;15:05:00;2026-09-25T15:12:03Z;2026-09-25T18:20:12Z;188;;;5890;5786.29;;;5890;-103.71;-1.76;NORMAL;ACARS;;CONFIRMED;;;false;;;;false;;;;2026-09-28T00:00:00Z;SEED_BURNS_LEDGER;2026-09-28T00:00:00Z;SEED_BURNS_LEDGER
8051c0b1-4af5-5c62-af59-b6fddac6ba02;03e3dc52-c3e2-5f45-8f0a-4f2fab013560;A223;N3267J;N3267J;2026-09-25;14:30:00;2026-09-25T15:12:42Z;2026-09-25T16:16:27Z;64;;;1071;1255.05;;;1071;184.05;17.18;EXCEEDED;ACARS;;CONFIRMED;;;false;;;;false;;;;2026-09-28T00:00:00Z;SEED_BURNS_LEDGER;2026-09-28T00:00:00Z;SEED_BURNS_LEDGER
944f7c94-d415-53a2-9090-9a0c7a598db6;c15a8369-6cf2-5040-8db7-180e09fa92ca;A223;N3189J;N3189J;2026-09-25;15:15:00;2026-09-25T15:18:36Z;2026-09-25T17:35:41Z;137;;;3499;3702.96;;;3499;203.96;5.83;EXCEEDED;ACARS;;CONFIRMED;;;false;;;;false;;;;2026-09-28T00:00:00Z;SEED_BURNS_LEDGER;2026-09-28T00:00:00Z;SEED_BURNS_LEDGER
fc035e88-d642-551c-a506-95fecec99614;c24b9ab7-aebd-57ec-98ac-3f5ddddd15ea;A223;N3157J;N3157J;2026-09-25;15:15:00;2026-09-25T15:18:47Z;2026-09-25T17:07:38Z;109;;;2713;2833.6;;;2713;120.6;4.45;NORMAL;ACARS;;CONFIRMED;;;false;;;;false;;;;2026-09-28T00:00:00Z;SEED_BURNS_LEDGER;2026-09-28T00:00:00Z;SEED_BURNS_LEDGER
34ccaaf3-1bb0-5ff0-bbcd-3b0fadd5287c;57a10cce-bd79-5163-b83e-4d032165f754;A321;N994JL;N994JL;2026-09-25;15:15:00;2026-09-25T15:20:47Z;2026-09-25T21:01:40Z;341;;;14654;14407.08;;;14654;-246.92;-1.69;NORMAL;ACARS;;CONFIRMED;;;false;;;;false;;;;2026-09-28T00:00:00Z;SEED_BURNS_LEDGER;2026-09-28T00:00:00Z;SEED_BURNS_LEDGER
6d9b2b34-5e1a-5a05-9e4e-47c2c793dd5a;04e1ea85-0c05-583b-8b10-10d634a38398;A320;N633JB;N633JB;2026-09-25;15:15:00;2026-09-25T15:21:37Z;2026-09-25T20:25:23Z;304;;;12240;11613.6;;;12240;-626.4;-5.12;EXCEEDED;ACARS;;CONFIRMED;;;false;;;;false;;;;2026-09-28T00:00:00Z;SEED_BURNS_LEDGER;2026-09-28T00:00:00Z;SEED_BURNS_LEDGER
01ad26eb-8747-5040-bfac-2b461c75fcbb;4a518cde-4283-5de0-8bb8-eb0502e85a9d;A320;N568JB;N568JB;2026-09-25;15:20:00;2026-09-25T15:21:47Z;2026-09-25T18:19:31Z;178;;;6035;6112.38;;;6035;77.38;1.28;NORMAL;ACARS;;CONFIRMED;;;false;;;;false;;;;2026-09-28T00:00:00Z;SEED_BURNS_LEDGER;2026-09-28T00:00:00Z;SEED_BURNS_LEDGER
a19c4ede-f7c0-5242-8ab9-0911197eaabf;c1522fc5-63a8-5303-919d-6903e081510d;A320;N559JB;N559JB;2026-09-25;15:10:00;2026-09-25T15:22:45Z;2026-09-25T21:02:52Z;340;;;13005;13457.75;;;13005;452.75;3.48;NORMAL;ACARS;;CONFIRMED;;;false;;;;false;;;;2026-09-28T00:00:00Z;SEED_BURNS_LEDGER;2026-09-28T00:00:00Z;SEED_BURNS_LEDGER
ea1a5ac4-0de0-5a81-9a9b-da609f54e3ef;895c04db-f134-5f42-8d11-c47a8b920562;A320;N658JB;N658JB;2026-09-25;15:20:00;2026-09-25T15:23:21Z;2026-09-25T18:38:06Z;195;;;7395;7001.51;;;7395;-393.49;-5.32;EXCEEDED;ACARS;;CONFIRMED;;;false;;;;false;;;;2026-09-28T00:00:00Z;SEED_BURNS_LEDGER;2026-09-28T00:00:00Z;SEED_BURNS_LEDGER
bbb230ac-b19c-544f-839f-53c23e960ae6;402fae95-e929-516e-91d3-b9c0bee1f2cf;A223;N3123J;N3123J;2026-09-25;14:05:00;2026-09-25T15:23:46Z;2026-09-25T17:31:28Z;128;;;3463;3374.72;;;3463;-88.28;-2.55;NORMAL;ACARS;;CONFIRMED;;;false;;;;false;;;;2026-09-28T00:00:00Z;SEED_BURNS_LEDGER;2026-09-28T00:00:00Z;SEED_BURNS_LEDGER
56f935ce-9d10-5fa3-8290-b887c08f67f8;768b2872-8d69-5ffd-9f81-0ced9e26c29b;A320;N520JB;N520JB;2026-09-25;15:15:00;2026-09-25T15:24:00Z;2026-09-25T18:05:02Z;161;;;5992;5674.15;;;5992;-317.85;-5.3;EXCEEDED;ACARS;;CONFIRMED;;;false;;;;false;;;;2026-09-28T00:00:00Z;SEED_BURNS_LEDGER;2026-09-28T00:00:00Z;SEED_BURNS_LEDGER
bee62956-0d2b-5a7e-b01d-f797042b250d;61c06c55-8692-5430-ab15-8a1892488293;A223;N3194J;N3194J;2026-09-25;15:20:00;2026-09-25T15:25:44Z;2026-09-25T17:01:54Z;96;;;2249;2312.11;;;2249;63.11;2.81;NORMAL;ACARS;;CONFIRMED;;;false;;;;false;;;;2026-09-28T00:00:00Z;SEED_BURNS_LEDGER;2026-09-28T00:00:00Z;SEED_BURNS_LEDGER
c5c81dd8-34d2-5778-a15a-d0d1a069661f;37b7c50f-3515-5f87-829f-8eb7c16db788;A21N;N2039J;N2039J;2026-09-25;15:20:00;2026-09-25T15:29:15Z;2026-09-25T18:26:30Z;177;;;5671;5666.64;;;5671;-4.36;-0.08;NORMAL;ACARS;;CONFIRMED;;;false;;;;false;;;;2026-09-28T00:00:00Z;SEED_BURNS_LEDGER;2026-09-28T00:00:00Z;SEED_BURNS_LEDGER
6fcc2a27-df06-594c-8729-d8ab2fd7fd44;e75f9769-d846-50b8-84be-b638d912d227;A223;N3291J;N3291J;2026-09-25;15:10:00;2026-09-25T15:31:21Z;2026-09-25T17:55:07Z;144;;;3998;4129.08;;;3998;131.08;3.28;NORMAL;ACARS;;CONFIRMED;;;false;;;;false;;;;2026-09-28T00:00:00Z;SEED_BURNS_LEDGER;2026-09-28T00:00:00Z;SEED_BURNS_LEDGER
4cf134d4-5ccd-5ce9-ab50-b44b06d6d5de;98ca7284-f48d-5e56-842a-80600e078e69;A223;N3121J;N3121J;2026-09-25;15:30:00;2026-09-25T15:35:54Z;2026-09-25T18:01:24Z;146;;;3856;4167.83;;;3856;311.83;8.09;EXCEEDED;ACARS;;CONFIRMED;;;false;;;;false;;;;2026-09-28T00:00:00Z;SEED_BURNS_LEDGER;2026-09-28T00:00:00Z;SEED_BURNS_LEDGER
05918531-c8f7-570e-bd6c-d255ad0265e6;9cc709ae-163e-5187-ad69-d57aeb442ce9;A223;N3085J;N3085J;2026-09-25;15:30:00;2026-09-25T15:36:11Z;2026-09-25T18:19:08Z;163;;;4820;4663.25;;;4820;-156.75;-3.25;NORMAL;ACARS;;CONFIRMED;;;false;;;;false;;;;2026-09-28T00:00:00Z;SEED_BURNS_LEDGER;2026-09-28T00:00:00Z;SEED_BURNS_LEDGER
1a371745-9c11-5778-b9b4-78f802a180e6;bdc0c410-2e66-5067-b90a-f721819ca6cf;A320;N524JB;N524JB;2026-09-25;15:35:00;2026-09-25T15:37:35Z;2026-09-25T18:38:57Z;181;;;6375;6490.81;;;6375;115.81;1.82;NORMAL;ACARS;;CONFIRMED;;;false;;;;false;;;;2026-09-28T00:00:00Z;SEED_BURNS_LEDGER;2026-09-28T00:00:00Z;SEED_BURNS_LEDGER
528dbcd9-c860-52a7-809f-b863584ad93d;a66b44df-6aac-5f0d-912c-61bd1b718c12;A320;N583JB;N583JB;2026-09-25;15:35:00;2026-09-25T15:38:35Z;2026-09-25T18:18:06Z;160;;;5312;5596.19;;;5312;284.19;5.35;EXCEEDED;ACARS;;CONFIRMED;;;false;;;;false;;;;2026-09-28T00:00:00Z;SEED_BURNS_LEDGER;2026-09-28T00:00:00Z;SEED_BURNS_LEDGER
dceb175b-a0ec-50b8-922a-bb42b7fc6455;97609263-9a3d-597b-ba2b-1c75220cb441;A223;N3242J;N3242J;2026-09-25;15:35:00;2026-09-25T15:46:38Z;2026-09-25T18:13:59Z;147;;;3820;4021.97;;;3820;201.97;5.29;EXCEEDED;ACARS;;CONFIRMED;;;false;;;;false;;;;2026-09-28T00:00:00Z;SEED_BURNS_LEDGER;2026-09-28T00:00:00Z;SEED_BURNS_LEDGER
70936cbd-7b8f-5647-b377-b49e13f3af69;cceb3cb5-1c3d-5ec0-bc97-169f3edff595;A223;N3307J;N3307J;2026-09-25;15:20:00;2026-09-25T15:46:45Z;2026-09-25T18:03:29Z;137;;;4070;3923.99;;;4070;-146.01;-3.59;NORMAL;ACARS;;CONFIRMED;;;false;;;;false;;;;2026-09-28T00:00:00Z;SEED_BURNS_LEDGER;2026-09-28T00:00:00Z;SEED_BURNS_LEDGER
fd76aea4-54a3-5cc7-82b5-4a227f34588c;1adafe4a-ea40-5d71-b5c6-4ebd9c1feed7;A223;N3255J;N3255J;2026-09-25;14:30:00;2026-09-25T15:48:59Z;2026-09-25T18:07:02Z;138;;;3998;4012.18;;;3998;14.18;0.35;NORMAL;ACARS;;CONFIRMED;;;false;;;;false;;;;2026-09-28T00:00:00Z;SEED_BURNS_LEDGER;2026-09-28T00:00:00Z;SEED_BURNS_LEDGER
5c8796a5-b4b3-5606-bad6-d6d4cf3a81aa;1601e661-c121-5687-b04c-6853d5efe493;A320;N663JB;N663JB;2026-09-25;15:40:00;2026-09-25T15:50:18Z;2026-09-25T18:35:33Z;165;;;5695;5861.87;;;5695;166.87;2.93;NORMAL;ACARS;;CONFIRMED;;;false;;;;false;;;;2026-09-28T00:00:00Z;SEED_BURNS_LEDGER;2026-09-28T00:00:00Z;SEED_BURNS_LEDGER
78b96331-9a4b-59d7-8bfe-d28c12ea7538;9c2cc897-6c8f-54a0-a0ca-cc9d5ceca7f8;A223;N3240J;N3240J;2026-09-25;15:45:00;2026-09-25T15:51:32Z;2026-09-25T17:32:53Z;101;;;2570;2650;;;2570;80;3.11;NORMAL;ACARS;;CONFIRMED;;;false;;;;false;;;;2026-09-28T00:00:00Z;SEED_BURNS_LEDGER;2026-09-28T00:00:00Z;SEED_BURNS_LEDGER
c88a6e58-a02b-5e82-bb96-9d6eb6cc1f38;f7babd11-a597-57be-9d7b-89e4d6488310;A223;N3269J;N3269J;2026-09-25;15:25:00;2026-09-25T15:53:47Z;2026-09-25T17:52:30Z;119;;;3249;3216.32;;;3249;-32.68;-1.01;NORMAL;ACARS;;CONFIRMED;;;false;;;;false;;;;2026-09-28T00:00:00Z;SEED_BURNS_LEDGER;2026-09-28T00:00:00Z;SEED_BURNS_LEDGER
5d086e65-f4ed-5419-9301-8cc0fc391db1;ab21ae62-df76-50dd-b8e2-def467920ce1;A320;N535JB;N535JB;2026-09-25;15:50:00;2026-09-25T15:54:13Z;2026-09-25T19:50:52Z;237;;;8585;8793.59;;;8585;208.59;2.43;NORMAL;ACARS;;CONFIRMED;;;false;;;;false;;;;2026-09-28T00:00:00Z;SEED_BURNS_LEDGER;2026-09-28T00:00:00Z;SEED_BURNS_LEDGER
02cef379-70c1-55fa-8771-434dd8a2a120;d29b7173-27a3-52ca-b340-bc46b49e5555;A223;N3023J;N3023J;2026-09-25;15:55:00;2026-09-25T15:55:04Z;2026-09-25T18:13:59Z;139;;;3963;3843.56;;;3963;-119.44;-3.01;NORMAL;ACARS;;CONFIRMED;;;false;;;;false;;;;2026-09-28T00:00:00Z;SEED_BURNS_LEDGER;2026-09-28T00:00:00Z;SEED_BURNS_LEDGER
bb9c4a31-f055-5bf4-ace7-1cdaad33623f;ae19c182-87b1-524f-8740-b5ffdc2ec829;A320;N659JB;N659JB;2026-09-25;15:45:00;2026-09-25T15:55:36Z;2026-09-25T16:52:26Z;57;;;1317;1388.84;;;1317;71.84;5.45;EXCEEDED;ACARS;;CONFIRMED;;;false;;;;false;;;;2026-09-28T00:00:00Z;SEED_BURNS_LEDGER;2026-09-28T00:00:00Z;SEED_BURNS_LEDGER
3e4ff65e-cd02-57c1-8d26-1935352d4195;570bce61-e455-57b4-ab4c-48117b1b1f98;A320;N646JB;N646JB;2026-09-25;15:15:00;2026-09-25T15:57:15Z;2026-09-25T17:45:59Z;109;;;3528;3497.55;;;3528;-30.45;-0.86;NORMAL;ACARS;;CONFIRMED;;;false;;;;false;;;;2026-09-28T00:00:00Z;SEED_BURNS_LEDGER;2026-09-28T00:00:00Z;SEED_BURNS_LEDGER
1009a3cd-a1c9-5879-ae7d-8241bf64146e;8b72295b-fefd-5737-ad14-db68c687943b;A320;N657JB;N657JB;2026-09-25;15:55:00;2026-09-25T15:57:19Z;2026-09-25T18:12:35Z;135;;;4632;4493.29;;;4632;-138.71;-2.99;NORMAL;ACARS;;CONFIRMED;;;false;;;;false;;;;2026-09-28T00:00:00Z;SEED_BURNS_LEDGER;2026-09-28T00:00:00Z;SEED_BURNS_LEDGER
f5d7a602-bd72-5dda-bd72-f0c2a402b3fa;a7a88ab1-e1a8-511c-a9e9-ee3d7138ecaf;A320;N564JB;N564JB;2026-09-25;15:45:00;2026-09-25T15:57:22Z;2026-09-25T19:32:34Z;215;;;8500;7864.31;;;8500;-635.69;-7.48;EXCEEDED;ACARS;;CONFIRMED;;;false;;;;false;;;;2026-09-28T00:00:00Z;SEED_BURNS_LEDGER;2026-09-28T00:00:00Z;SEED_BURNS_LEDGER
6919928c-5539-5a89-9fdc-f3c104ddc489;2242777d-0493-523b-8d9d-ec0faa675333;A320;N508JL;N508JL;2026-09-25;15:55:00;2026-09-25T15:57:40Z;2026-09-25T17:58:40Z;121;;;4208;3979.39;;;4208;-228.61;-5.43;EXCEEDED;ACARS;;CONFIRMED;;;false;;;;false;;;;2026-09-28T00:00:00Z;SEED_BURNS_LEDGER;2026-09-28T00:00:00Z;SEED_BURNS_LEDGER
87965fed-7ecf-5940-be8d-2598f4b03c74;cb8e9b1a-ca62-5a94-8b5a-51bc81543b99;A223;N3251J;N3251J;2026-09-25;15:40:00;2026-09-25T15:59:11Z;2026-09-25T20:06:05Z;247;;;8068;7849.29;;;8068;-218.71;-2.71;NORMAL;ACARS;;CONFIRMED;;;false;;;;false;;;;2026-09-28T00:00:00Z;SEED_BURNS_LEDGER;2026-09-28T00:00:00Z;SEED_BURNS_LEDGER
b3f77b23-222f-517e-b7c0-bb2a19c42a3a;88136ecf-6d09-579f-a0b9-dd1921d62c9b;A321;N947JB;N947JB;2026-09-25;15:00:00;2026-09-25T16:03:20Z;2026-09-25T21:25:53Z;323;;;14416;13652.38;;;14416;-763.62;-5.3;EXCEEDED;ACARS;;CONFIRMED;;;false;;;;false;;;;2026-09-28T00:00:00Z;SEED_BURNS_LEDGER;2026-09-28T00:00:00Z;SEED_BURNS_LEDGER
8455886a-45a5-5e19-9adb-8ddeb128ea8c;d16edb59-65d3-58c1-8ce0-bc0d1041e34b;A223;N3271J;N3271J;2026-09-25;15:55:00;2026-09-25T16:04:14Z;2026-09-25T17:36:37Z;92;;;2142;2238.78;;;2142;96.78;4.52;NORMAL;ACARS;;CONFIRMED;;;false;;;;false;;;;2026-09-28T00:00:00Z;SEED_BURNS_LEDGER;2026-09-28T00:00:00Z;SEED_BURNS_LEDGER
248203c3-2683-5f1f-a27f-3613dbad383d;a12c3189-35ed-5397-b2bb-65150f1859d2;A320;N635JB;N635JB;2026-09-25;16:00:00;2026-09-25T16:07:21Z;2026-09-25T21:55:19Z;348;;;13600;12965.31;;;13600;-634.69;-4.67;NORMAL;ACARS;;CONFIRMED;;;false;;;;false;;;;2026-09-28T00:00:00Z;SEED_BURNS_LEDGER;2026-09-28T00:00:00Z;SEED_BURNS_LEDGER
12548fe8-9a70-5153-9428-669ce17c45ec;8630451d-7f42-5dd8-9093-3bc63f9f5dfe;A223;N3260J;N3260J;2026-09-25;16:05:00;2026-09-25T16:08:08Z;2026-09-25T17:12:35Z;64;;;1178;1211.44;;;1178;33.44;2.84;NORMAL;ACARS;;CONFIRMED;;;false;;;;false;;;;2026-09-28T00:00:00Z;SEED_BURNS_LEDGER;2026-09-28T00:00:00Z;SEED_BURNS_LEDGER
05229ab4-f138-5d56-ab6e-7fc2ef250a72;7f89cb1a-371a-5180-9081-8d382b0d0d5f;A320;N784JB;N784JB;2026-09-25;14:50:00;2026-09-25T16:15:02Z;2026-09-25T19:11:03Z;176;;;6035;6240.04;;;6035;205.04;3.4;NORMAL;ACARS;;CONFIRMED;;;false;;;;false;;;;2026-09-28T00:00:00Z;SEED_BURNS_LEDGER;2026-09-28T00:00:00Z;SEED_BURNS_LEDGER
1d679bc2-188f-5dbf-899d-971983c9e968;77d3dfc1-bf19-53a8-9db9-5ec58df8b986;A223;N3310J;N3310J;2026-09-25;16:15:00;2026-09-25T16:16:43Z;2026-09-25T18:51:40Z;155;;;4248;4413.88;;;4248;165.88;3.9;NORMAL;ACARS;;CONFIRMED;;;false;;;;false;;;;2026-09-28T00:00:00Z;SEED_BURNS_LEDGER;2026-09-28T00:00:00Z;SEED_BURNS_LEDGER
ec08cfed-ff2d-5bd3-9fb5-76938914650c;03fdac01-95ce-5732-833f-c1090f251df3;A321;N957JB;N957JB;2026-09-25;16:15:00;2026-09-25T16:18:40Z;2026-09-25T19:01:49Z;163;;;6276;6619.77;;;6276;343.77;5.48;EXCEEDED;ACARS;;CONFIRMED;;;false;;;;false;;;;2026-09-28T00:00:00Z;SEED_BURNS_LEDGER;2026-09-28T00:00:00Z;SEED_BURNS_LEDGER
89c0629d-d856-57a7-aaea-1ec564d641a4;d94d15a9-fc65-5831-8e4d-62a6774027b6;A320;N630JB;N630JB;2026-09-25;16:10:00;2026-09-25T16:20:19Z;2026-09-25T19:11:51Z;172;;;6035;6204.08;;;6035;169.08;2.8;NORMAL;ACARS;;CONFIRMED;;;false;;;;false;;;;2026-09-28T00:00:00Z;SEED_BURNS_LEDGER;2026-09-28T00:00:00Z;SEED_BURNS_LEDGER
ed50f905-3c92-51ea-b44c-6a597901b9a5;91ef98c9-accf-52d2-baeb-01a53640da17;A223;N3280J;N3280J;2026-09-25;16:15:00;2026-09-25T16:20:27Z;2026-09-25T18:54:16Z;154;;;4891;4638.53;;;4891;-252.47;-5.16;EXCEEDED;ACARS;;CONFIRMED;;;false;;;;false;;;;2026-09-28T00:00:00Z;SEED_BURNS_LEDGER;2026-09-28T00:00:00Z;SEED_BURNS_LEDGER
46289989-5d9d-5947-9707-51eb9dc09187;c6761d9c-9266-5eb5-8c2d-a8594478ef99;A320;N705JB;N705JB;2026-09-25;16:15:00;2026-09-25T16:21:09Z;2026-09-25T18:11:36Z;110;;;3272;3622.19;;;3272;350.19;10.7;EXCEEDED;ACARS;;CONFIRMED;;;false;;;;false;;;;2026-09-28T00:00:00Z;SEED_BURNS_LEDGER;2026-09-28T00:00:00Z;SEED_BURNS_LEDGER
ab07dbdc-11cd-5980-903c-1cadf3892012;a6cf0e04-acc5-5fad-80bb-a458732377bd;A223;N3138J;N3138J;2026-09-25;16:20:00;2026-09-25T16:26:16Z;2026-09-25T19:21:40Z;175;;;5034;5256.46;;;5034;222.46;4.42;NORMAL;ACARS;;CONFIRMED;;;false;;;;false;;;;2026-09-28T00:00:00Z;SEED_BURNS_LEDGER;2026-09-28T00:00:00Z;SEED_BURNS_LEDGER
eab28436-9a44-5ebc-8056-e5131aa26851;ab52721e-77cb-59b1-9bfe-403abd86b10e;A223;N3261J;N3261J;2026-09-25;16:25:00;2026-09-25T16:27:03Z;2026-09-25T19:09:41Z;163;;;4748;4654.41;;;4748;-93.59;-1.97;NORMAL;ACARS;;CONFIRMED;;;false;;;;false;;;;2026-09-28T00:00:00Z;SEED_BURNS_LEDGER;2026-09-28T00:00:00Z;SEED_BURNS_LEDGER
712a097e-2280-50d5-8c7c-3e3453b99189;d7d7fa7e-5b57-567d-a586-c0bb56e0c95e;A320;N565JB;N565JB;2026-09-25;16:20:00;2026-09-25T16:28:02Z;2026-09-25T19:17:25Z;169;;;6162;6068.91;;;6162;-93.09;-1.51;NORMAL;ACARS;;CONFIRMED;;;false;;;;false;;;;2026-09-28T00:00:00Z;SEED_BURNS_LEDGER;2026-09-28T00:00:00Z;SEED_BURNS_LEDGER
c6a828bb-9f55-5951-8506-253ecd5e1eb0;29b66e6f-5370-51b0-84ad-444ca81a8731;A320;N768JB;N768JB;2026-09-25;15:10:00;2026-09-25T16:29:02Z;2026-09-25T19:14:52Z;166;;;6120;6013.02;;;6120;-106.98;-1.75;NORMAL;ACARS;;CONFIRMED;;;false;;;;false;;;;2026-09-28T00:00:00Z;SEED_BURNS_LEDGER;2026-09-28T00:00:00Z;SEED_BURNS_LEDGER
9e2a8b3c-0250-5b4a-8936-7e960883199c;196b6bd4-c658-52e9-b811-f0300673072f;A223;N3203J;N3203J;2026-09-25;16:25:00;2026-09-25T16:30:16Z;2026-09-25T19:00:06Z;150;;;4034;4228.36;;;4034;194.36;4.82;NORMAL;ACARS;;CONFIRMED;;;false;;;;false;;;;2026-09-28T00:00:00Z;SEED_BURNS_LEDGER;2026-09-28T00:00:00Z;SEED_BURNS_LEDGER
d35e3ff8-63ba-5315-88b5-dd45275e6c6a;91371f4a-6202-5821-aeeb-300b097e512d;A223;N3244J;N3244J;2026-09-25;16:25:00;2026-09-25T16:33:26Z;2026-09-25T17:54:39Z;81;;;2142;1941.37;;;2142;-200.63;-9.37;EXCEEDED;ACARS;;CONFIRMED;;;false;;;;false;;;;2026-09-28T00:00:00Z;SEED_BURNS_LEDGER;2026-09-28T00:00:00Z;SEED_BURNS_LEDGER
7d8b6583-489c-5086-82f0-c8ebe2c33839;c2331f5c-56e7-5b77-8147-f76badbb44c9;A320;N828JB;N828JB;2026-09-25;16:25:00;2026-09-25T16:35:53Z;2026-09-25T19:26:56Z;171;;;5908;6012.79;;;5908;104.79;1.77;NORMAL;ACARS;;CONFIRMED;;;false;;;;false;;;;2026-09-28T00:00:00Z;SEED_BURNS_LEDGER;2026-09-28T00:00:00Z;SEED_BURNS_LEDGER
77eaa092-0234-5555-8959-affc137841ed;721f8c8e-e186-5cf2-8cc0-95c5128bf42e;A321;N949JT;N949JT;2026-09-25;16:30:00;2026-09-25T16:37:15Z;2026-09-25T19:44:46Z;188;;;7324;7759.37;;;7324;435.37;5.94;EXCEEDED;ACARS;;CONFIRMED;;;false;;;;false;;;;2026-09-28T00:00:00Z;SEED_BURNS_LEDGER;2026-09-28T00:00:00Z;SEED_BURNS_LEDGER
3f329d03-d908-545d-a892-6d849d82ab3e;ef17d210-d1ac-5902-838b-5bcab5361dcb;A223;N3142J;N3142J;2026-09-25;16:30:00;2026-09-25T16:37:42Z;2026-09-25T19:02:01Z;144;;;4248;4229.78;;;4248;-18.22;-0.43;NORMAL;ACARS;;CONFIRMED;;;false;;;;false;;;;2026-09-28T00:00:00Z;SEED_BURNS_LEDGER;2026-09-28T00:00:00Z;SEED_BURNS_LEDGER
40fa8ea9-4342-5d82-be8b-da0681264e60;04f21f67-e7cc-59df-9ab6-1c622f65ba8a;A223;N3308J;N3308J;2026-09-25;16:30:00;2026-09-25T16:39:36Z;2026-09-25T20:22:07Z;223;;;6926;6949.47;;;6926;23.47;0.34;NORMAL;ACARS;;CONFIRMED;;;false;;;;false;;;;2026-09-28T00:00:00Z;SEED_BURNS_LEDGER;2026-09-28T00:00:00Z;SEED_BURNS_LEDGER
95ec2ba4-ab79-5c2a-846c-1f49e3550958;a8670b9c-8631-55cd-a5f8-29edb15d5925;A320;N643JB;N643JB;2026-09-25;16:35:00;2026-09-25T16:43:43Z;2026-09-25T19:22:50Z;159;;;5695;5461.78;;;5695;-233.22;-4.1;NORMAL;ACARS;;CONFIRMED;;;false;;;;false;;;;2026-09-28T00:00:00Z;SEED_BURNS_LEDGER;2026-09-28T00:00:00Z;SEED_BURNS_LEDGER
7adef7b5-8755-5368-b535-dac54f3b2e15;36d2053f-9119-5fb1-924a-5caa38fcdbb8;A320;N580JB;N580JB;2026-09-25;16:35:00;2026-09-25T16:46:17Z;2026-09-25T19:17:51Z;152;;;5440;5235.59;;;5440;-204.41;-3.76;NORMAL;ACARS;;CONFIRMED;;;false;;;;false;;;;2026-09-28T00:00:00Z;SEED_BURNS_LEDGER;2026-09-28T00:00:00Z;SEED_BURNS_LEDGER
01041e77-eab8-5c5a-a124-d2dac3f06cfc;db5f9294-6f9d-5241-a60f-221f503cafb2;A320;N603JB;N603JB;2026-09-25;16:40:00;2026-09-25T16:46:47Z;2026-09-25T18:42:35Z;116;;;3782;3850.34;;;3782;68.34;1.81;NORMAL;ACARS;;CONFIRMED;;;false;;;;false;;;;2026-09-28T00:00:00Z;SEED_BURNS_LEDGER;2026-09-28T00:00:00Z;SEED_BURNS_LEDGER
6befbfa9-5a04-5638-ab8b-a5a487563304;49e53e1e-1cdf-5d29-8a5e-206177effa8c;A321;N955JB;N955JB;2026-09-25;16:40:00;2026-09-25T16:47:04Z;2026-09-25T19:18:09Z;151;;;5658;5788.5;;;5658;130.5;2.31;NORMAL;ACARS;;CONFIRMED;;;false;;;;false;;;;2026-09-28T00:00:00Z;SEED_BURNS_LEDGER;2026-09-28T00:00:00Z;SEED_BURNS_LEDGER
26a4c557-6b54-52ca-ba41-fa9cbd191874;999687dc-a4f2-5f77-ac76-2cbf4ce16b85;A321;N999JQ;N999JQ;2026-09-25;16:40:00;2026-09-25T16:52:23Z;2026-09-25T21:25:38Z;273;;;11608;11547.32;;;11608;-60.68;-0.52;NORMAL;ACARS;;CONFIRMED;;;false;;;;false;;;;2026-09-28T00:00:00Z;SEED_BURNS_LEDGER;2026-09-28T00:00:00Z;SEED_BURNS_LEDGER
abb952f5-aaf3-5306-a4c3-cefeffd9fbaa;a48153d5-cb60-577d-8e65-8db6313497b2;A321;N985JT;N985JT;2026-09-25;16:50:00;2026-09-25T16:56:55Z;2026-09-25T23:01:57Z;365;;;16082;15365.46;;;16082;-716.54;-4.46;NORMAL;ACARS;;CONFIRMED;;;false;;;;false;;;;2026-09-28T00:00:00Z;SEED_BURNS_LEDGER;2026-09-28T00:00:00Z;SEED_BURNS_LEDGER
a3601a8b-3204-5ee3-a1d6-1cc9e8ddae53;8615c973-0f3e-5ada-a5ab-ed600fc89218;A321;N987JT;N987JT;2026-09-25;17:00:00;2026-09-25T17:01:05Z;2026-09-25T22:38:09Z;337;;;14035;14089.34;;;14035;54.34;0.39;NORMAL;ACARS;;CONFIRMED;;;false;;;;false;;;;2026-09-28T00:00:00Z;SEED_BURNS_LEDGER;2026-09-28T00:00:00Z;SEED_BURNS_LEDGER
0c5441db-288f-5d0b-800c-274447526d50;162e69b4-f3a1-5636-963a-d9a7bf5e00a2;A320;N505JB;N505JB;2026-09-25;16:55:00;2026-09-25T17:02:04Z;2026-09-25T19:35:36Z;154;;;5950;5510.44;;;5950;-439.56;-7.39;EXCEEDED;ACARS;;CONFIRMED;;;false;;;;false;;;;2026-09-28T00:00:00Z;SEED_BURNS_LEDGER;2026-09-28T00:00:00Z;SEED_BURNS_LEDGER
e07980ba-011d-5021-8d51-6972037a054a;6b921e47-b7fc-55a4-8b5d-1327d52ae703;A223;N3102J;N3102J;2026-09-25;16:15:00;2026-09-25T17:04:04Z;2026-09-25T18:41:33Z;97;;;1999;2286.68;;;1999;287.68;14.39;EXCEEDED;ACARS;;CONFIRMED;;;false;;;;false;;;;2026-09-28T00:00:00Z;SEED_BURNS_LEDGER;2026-09-28T00:00:00Z;SEED_BURNS_LEDGER
8df7a3d4-03df-52e5-a5d2-4ecb29563c3f;b7a9d9aa-074c-5d81-8f21-a2f18466cd7d;A320;N593JB;N593JB;2026-09-25;16:55:00;2026-09-25T17:04:54Z;2026-09-25T18:14:52Z;70;;;1785;2012.15;;;1785;227.15;12.73;EXCEEDED;ACARS;;CONFIRMED;;;false;;;;false;;;;2026-09-28T00:00:00Z;SEED_BURNS_LEDGER;2026-09-28T00:00:00Z;SEED_BURNS_LEDGER
ad84329c-13e5-5c89-9d4a-6e199a424b2a;62d04646-9d89-5b59-8116-0c46cfe620e6;A223;N3241J;N3241J;2026-09-25;17:00:00;2026-09-25T17:05:52Z;2026-09-25T18:21:07Z;75;;;1071;1387.11;;;1071;316.11;29.52;EXCEEDED;ACARS;;CONFIRMED;;;false;;;;false;;;;2026-09-28T00:00:00Z;SEED_BURNS_LEDGER;2026-09-28T00:00:00Z;SEED_BURNS_LEDGER
d0809a86-1507-5c14-97af-f9b7507a8766;416d2583-aff2-56a9-b27c-7a47cb34e79e;A223;N3296J;N3296J;2026-09-25;17:05:00;2026-09-25T17:09:57Z;2026-09-25T18:52:36Z;103;;;2285;2466.66;;;2285;181.66;7.95;EXCEEDED;ACARS;;CONFIRMED;;;false;;;;false;;;;2026-09-28T00:00:00Z;SEED_BURNS_LEDGER;2026-09-28T00:00:00Z;SEED_BURNS_LEDGER
9ef4f837-37f8-5e7b-b54e-8707e987a8a6;fb6d9004-e44a-53b3-97d4-d8ed36ddbc59;A320;N640JB;N640JB;2026-09-25;17:05:00;2026-09-25T17:10:28Z;2026-09-25T20:11:46Z;181;;;6502;6654.18;;;6502;152.18;2.34;NORMAL;ACARS;;CONFIRMED;;;false;;;;false;;;;2026-09-28T00:00:00Z;SEED_BURNS_LEDGER;2026-09-28T00:00:00Z;SEED_BURNS_LEDGER
81291186-7276-542c-93d9-8ca9901f50dc;6f971078-a98c-5ba1-a9c8-cbfb36c9bd7d;A320;N612JB;N612JB;2026-09-25;17:10:00;2026-09-25T17:13:18Z;2026-09-25T19:50:03Z;157;;;5950;5851.5;;;5950;-98.5;-1.66;NORMAL;ACARS;;CONFIRMED;;;false;;;;false;;;;2026-09-28T00:00:00Z;SEED_BURNS_LEDGER;2026-09-28T00:00:00Z;SEED_BURNS_LEDGER
5bb3f8b5-b501-5f24-96aa-225d11118ddf;a02158b1-2664-590e-b42c-8420a8bca4ec;A223;N3145J;N3145J;2026-09-25;17:10:00;2026-09-25T17:14:27Z;2026-09-25T19:04:21Z;110;;;2678;2774.1;;;2678;96.1;3.59;NORMAL;ACARS;;CONFIRMED;;;false;;;;false;;;;2026-09-28T00:00:00Z;SEED_BURNS_LEDGER;2026-09-28T00:00:00Z;SEED_BURNS_LEDGER
68caa088-960b-50c1-92ca-24489bce7294;71cc86dd-f035-519e-a81f-ee81d0da7159;A320;N605JB;N605JB;2026-09-25;17:10:00;2026-09-25T17:15:06Z;2026-09-25T19:38:00Z;143;;;4972;5113.02;;;4972;141.02;2.84;NORMAL;ACARS;;CONFIRMED;;;false;;;;false;;;;2026-09-28T00:00:00Z;SEED_BURNS_LEDGER;2026-09-28T00:00:00Z;SEED_BURNS_LEDGER
25154e90-9f63-5938-a4b6-4d94be206129;b4d129a9-6fb6-53a0-ad0c-662043b6a357;A321;N984JB;N984JB;2026-09-25;17:20:00;2026-09-25T17:23:15Z;2026-09-25T22:48:23Z;325;;;13797;14063.89;;;13797;266.89;1.93;NORMAL;ACARS;;CONFIRMED;;;false;;;;false;;;;2026-09-28T00:00:00Z;SEED_BURNS_LEDGER;2026-09-28T00:00:00Z;SEED_BURNS_LEDGER
3ef3d220-2509-5e18-ab07-1688bb6c6154;abae63e7-f97f-5f76-9f79-358a3e8e7e10;A321;N968JT;N968JT;2026-09-25;17:25:00;2026-09-25T17:25:37Z;2026-09-25T22:33:08Z;308;;;12798;12699.42;;;12798;-98.58;-0.77;NORMAL;ACARS;;CONFIRMED;;;false;;;;false;;;;2026-09-28T00:00:00Z;SEED_BURNS_LEDGER;2026-09-28T00:00:00Z;SEED_BURNS_LEDGER
2837432f-0a90-5b12-b1d6-d4d6b104f734;06b8560e-d692-5283-b043-7158701ead1b;A320;N655JB;N655JB;2026-09-25;17:15:00;2026-09-25T17:25:59Z;2026-09-25T19:52:56Z;147;;;5270;5108.25;;;5270;-161.75;-3.07;NORMAL;ACARS;;CONFIRMED;;;false;;;;false;;;;2026-09-28T00:00:00Z;SEED_BURNS_LEDGER;2026-09-28T00:00:00Z;SEED_BURNS_LEDGER
1f38c02d-d278-547e-9e7a-211837adbf68;68468dd9-3200-5da6-9d4d-c6ed6cd41b38;A223;N3304J;N3304J;2026-09-25;17:15:00;2026-09-25T17:26:17Z;2026-09-25T19:02:24Z;96;;;2142;2209.19;;;2142;67.19;3.14;NORMAL;ACARS;;CONFIRMED;;;false;;;;false;;;;2026-09-28T00:00:00Z;SEED_BURNS_LEDGER;2026-09-28T00:00:00Z;SEED_BURNS_LEDGER
7a2421b7-d258-58e8-a0bf-88e8a154cc62;ae9606b7-3283-5a47-b604-2ab7bade1f77;A223;N3065J;N3065J;2026-09-25;17:25:00;2026-09-25T17:31:10Z;2026-09-25T20:05:49Z;155;;;4106;4321.52;;;4106;215.52;5.25;EXCEEDED;ACARS;;CONFIRMED;;;false;;;;false;;;;2026-09-28T00:00:00Z;SEED_BURNS_LEDGER;2026-09-28T00:00:00Z;SEED_BURNS_LEDGER
bebd3e9f-b6d2-5539-b53a-f9a34fb5e617;e2cd2791-61d1-5f82-8aba-2dea8689655a;A321;N981JT;N981JT;2026-09-25;17:25:00;2026-09-25T17:32:43Z;2026-09-25T22:55:02Z;322;;;13512;14036.97;;;13512;524.97;3.89;NORMAL;ACARS;;CONFIRMED;;;false;;;;false;;;;2026-09-28T00:00:00Z;SEED_BURNS_LEDGER;2026-09-28T00:00:00Z;SEED_BURNS_LEDGER
85b30b2d-bd71-5432-a423-174b54abad84;a36c8c67-a393-5594-a7bf-49602f720b39;A223;N3221J;N3221J;2026-09-25;17:35:00;2026-09-25T17:35:21Z;2026-09-25T20:08:57Z;154;;;4355;4510.92;;;4355;155.92;3.58;NORMAL;ACARS;;CONFIRMED;;;false;;;;false;;;;2026-09-28T00:00:00Z;SEED_BURNS_LEDGER;2026-09-28T00:00:00Z;SEED_BURNS_LEDGER
33adb7c4-1002-51ed-8be3-c9e3cd4c6087;c692d5af-9d6b-5cfe-b7c3-13404a616cdb;A223;N3232J;N3232J;2026-09-25;17:25:00;2026-09-25T17:35:28Z;2026-09-25T18:59:57Z;84;;;1678;1909.92;;;1678;231.92;13.82;EXCEEDED;ACARS;;CONFIRMED;;;false;;;;false;;;;2026-09-28T00:00:00Z;SEED_BURNS_LEDGER;2026-09-28T00:00:00Z;SEED_BURNS_LEDGER
f76665db-be5d-5b8e-aff8-a451f08f7845;d4d7fd49-78b6-5c6a-9fb4-aeb7522db719;A320;N579JB;N579JB;2026-09-25;17:30:00;2026-09-25T17:36:31Z;2026-09-25T19:49:47Z;133;;;4250;4376.11;;;4250;126.11;2.97;NORMAL;ACARS;;CONFIRMED;;;false;;;;false;;;;2026-09-28T00:00:00Z;SEED_BURNS_LEDGER;2026-09-28T00:00:00Z;SEED_BURNS_LEDGER
cc8860b0-e3fb-5b0e-b185-c9fe8addae5a;8fccd5d3-a020-5638-9c47-09559993a0a8;A21N;N2169J;N2169J;2026-09-25;17:30:00;2026-09-25T17:37:12Z;2026-09-25T22:47:03Z;310;;;10309;10455.98;;;10309;146.98;1.43;NORMAL;ACARS;;CONFIRMED;;;false;;;;false;;;;2026-09-28T00:00:00Z;SEED_BURNS_LEDGER;2026-09-28T00:00:00Z;SEED_BURNS_LEDGER
42b461e8-5cc7-5441-916f-1cb837a8f200;90dd6294-a406-5e07-a4e6-5c0fc497e1b8;A223;N3275J;N3275J;2026-09-25;17:35:00;2026-09-25T17:38:02Z;2026-09-25T19:08:06Z;90;;;2071;2294.31;;;2071;223.31;10.78;EXCEEDED;ACARS;;CONFIRMED;;;false;;;;false;;;;2026-09-28T00:00:00Z;SEED_BURNS_LEDGER;2026-09-28T00:00:00Z;SEED_BURNS_LEDGER
43e26c55-8c60-5870-91d4-0f5ae667d74c;6387f75a-94d4-5881-8f47-29fc0a84f9d7;A320;N806JB;N806JB;2026-09-25;17:30:00;2026-09-25T17:39:05Z;2026-09-25T20:18:48Z;160;;;5908;5773.08;;;5908;-134.92;-2.28;NORMAL;ACARS;;CONFIRMED;;;false;;;;false;;;;2026-09-28T00:00:00Z;SEED_BURNS_LEDGER;2026-09-28T00:00:00Z;SEED_BURNS_LEDGER
7dd90b23-c1bc-5f67-baf8-6f1ad079b99c;aedaa5f4-160e-5893-b71f-4ae5855d0305;A320;N659JB;N659JB;2026-09-25;17:30:00;2026-09-25T17:39:22Z;2026-09-25T18:37:19Z;58;;;1360;1457.33;;;1360;97.33;7.16;EXCEEDED;ACARS;;CONFIRMED;;;false;;;;false;;;;2026-09-28T00:00:00Z;SEED_BURNS_LEDGER;2026-09-28T00:00:00Z;SEED_BURNS_LEDGER
6927ad3c-fdf2-5299-9f76-1eaf29b0c223;d64e030c-b01e-5247-9641-6cfcc3282a1b;A320;N597JB;N597JB;2026-09-25;17:40:00;2026-09-25T17:47:52Z;2026-09-25T20:58:03Z;190;;;7012;6920.9;;;7012;-91.1;-1.3;NORMAL;ACARS;;CONFIRMED;;;false;;;;false;;;;2026-09-28T00:00:00Z;SEED_BURNS_LEDGER;2026-09-28T00:00:00Z;SEED_BURNS_LEDGER
f071e93a-a59c-5f16-8645-5cf0da02ae52;6e5ab860-109c-5ec0-868b-a1c4497c761d;A320;N661JB;N661JB;2026-09-25;17:40:00;2026-09-25T17:49:16Z;2026-09-25T19:00:52Z;72;;;1955;2084.53;;;1955;129.53;6.63;EXCEEDED;ACARS;;CONFIRMED;;;false;;;;false;;;;2026-09-28T00:00:00Z;SEED_BURNS_LEDGER;2026-09-28T00:00:00Z;SEED_BURNS_LEDGER
04d4cdbc-fd0d-5c14-8fcf-0e29fbb4b266;253b0d2a-a37c-563a-ab52-326b9c8aa20f;A320;N570JB;N570JB;2026-09-25;17:40:00;2026-09-25T17:51:27Z;2026-09-25T22:10:44Z;259;;;10370;9704.37;;;10370;-665.63;-6.42;EXCEEDED;ACARS;;CONFIRMED;;;false;;;;false;;;;2026-09-28T00:00:00Z;SEED_BURNS_LEDGER;2026-09-28T00:00:00Z;SEED_BURNS_LEDGER
deae5ea8-a30b-5955-8050-0e762de447af;82121530-bec7-55aa-ab9c-5a6f387a13cb;A223;N3215J;N3215J;2026-09-25;17:45:00;2026-09-25T17:52:09Z;2026-09-25T19:11:13Z;79;;;1678;1713.94;;;1678;35.94;2.14;NORMAL;ACARS;;CONFIRMED;;;false;;;;false;;;;2026-09-28T00:00:00Z;SEED_BURNS_LEDGER;2026-09-28T00:00:00Z;SEED_BURNS_LEDGER
8dbf6a53-705d-53e1-bccc-8d160d35bc80;c9faddac-8b28-55bc-9a7b-8afd7bbac040;A223;N3077J;N3077J;2026-09-25;17:50:00;2026-09-25T17:56:04Z;2026-09-25T19:37:33Z;101;;;2356;2521.81;;;2356;165.81;7.04;EXCEEDED;ACARS;;CONFIRMED;;;false;;;;false;;;;2026-09-28T00:00:00Z;SEED_BURNS_LEDGER;2026-09-28T00:00:00Z;SEED_BURNS_LEDGER
b45fde09-6eed-5e08-aa3f-7826ef24e298;d4deb16a-e3e6-5f53-8676-071ca502ab9e;A223;N3276J;N3276J;2026-09-25;17:45:00;2026-09-25T17:57:37Z;2026-09-25T20:04:49Z;127;;;3177;3359.93;;;3177;182.93;5.76;EXCEEDED;ACARS;;CONFIRMED;;;false;;;;false;;;;2026-09-28T00:00:00Z;SEED_BURNS_LEDGER;2026-09-28T00:00:00Z;SEED_BURNS_LEDGER
b43c14cc-a601-5081-85fc-aa2039c5481d;dba7be1d-5e8b-51b7-b71f-648aa8a18e89;A320;N794JB;N794JB;2026-09-25;18:00:00;2026-09-25T18:01:22Z;2026-09-25T20:42:46Z;161;;;5610;5623.52;;;5610;13.52;0.24;NORMAL;ACARS;;CONFIRMED;;;false;;;;false;;;;2026-09-28T00:00:00Z;SEED_BURNS_LEDGER;2026-09-28T00:00:00Z;SEED_BURNS_LEDGER
61d5a65d-449a-59f7-8bbf-454df9d814d9;ebff5291-da94-567e-b294-df69d2c41235;A321;N996JL;N996JL;2026-09-25;17:55:00;2026-09-25T18:02:19Z;2026-09-25T20:57:35Z;175;;;6895;6910.51;;;6895;15.51;0.22;NORMAL;ACARS;;CONFIRMED;;;false;;;;false;;;;2026-09-28T00:00:00Z;SEED_BURNS_LEDGER;2026-09-28T00:00:00Z;SEED_BURNS_LEDGER
3492a472-eedc-58d7-939d-4b909dc7143b;76270335-7ff0-5d4d-a931-2174a6bda80f;A223;N3322J;N3322J;2026-09-25;18:00:00;2026-09-25T18:05:10Z;2026-09-25T20:03:53Z;119;;;3070;2981.76;;;3070;-88.24;-2.87;NORMAL;ACARS;;CONFIRMED;;;false;;;;false;;;;2026-09-28T00:00:00Z;SEED_BURNS_LEDGER;2026-09-28T00:00:00Z;SEED_BURNS_LEDGER
cbbb7f86-b3b1-54d3-a974-bfc1d2b4e4ae;eb72535b-209e-5c03-8464-3e7399750a4e;A320;N653JB;N653JB;2026-09-25;18:00:00;2026-09-25T18:05:36Z;2026-09-25T20:47:12Z;162;;;5822;5774.73;;;5822;-47.27;-0.81;NORMAL;ACARS;;CONFIRMED;;;false;;;;false;;;;2026-09-28T00:00:00Z;SEED_BURNS_LEDGER;2026-09-28T00:00:00Z;SEED_BURNS_LEDGER
98637f06-a6ad-5b4b-b7cc-00b685b6a4fa;cde6a49d-8987-50a0-986e-0f13e74a4a3c;A321;N983JT;N983JT;2026-09-25;17:55:00;2026-09-25T18:06:58Z;2026-09-26T00:01:14Z;354;;;15273;14670.77;;;15273;-602.23;-3.94;NORMAL;ACARS;;CONFIRMED;;;false;;;;false;;;;2026-09-28T00:00:00Z;SEED_BURNS_LEDGER;2026-09-28T00:00:00Z;SEED_BURNS_LEDGER
9c1ce0b7-215d-52bf-a554-6bf2496c1799;ce5cd82e-26d3-5563-9b07-45c9f8bde7fb;A223;N3271J;N3271J;2026-09-25;18:00:00;2026-09-25T18:07:07Z;2026-09-25T19:34:09Z;87;;;2106;1981.42;;;2106;-124.58;-5.92;EXCEEDED;ACARS;;CONFIRMED;;;false;;;;false;;;;2026-09-28T00:00:00Z;SEED_BURNS_LEDGER;2026-09-28T00:00:00Z;SEED_BURNS_LEDGER
b7725baa-be89-5dc0-8c5e-893a56543b16;e71fa26b-3f88-5fc5-9b85-6c071e7b7d7a;A223;N3289J;N3289J;2026-09-25;16:55:00;2026-09-25T18:10:08Z;2026-09-25T19:42:38Z;93;;;1999;2125.11;;;1999;126.11;6.31;EXCEEDED;ACARS;;CONFIRMED;;;false;;;;false;;;;2026-09-28T00:00:00Z;SEED_BURNS_LEDGER;2026-09-28T00:00:00Z;SEED_BURNS_LEDGER
26ee1f4f-9691-5319-81c8-b335889aa901;932f8265-dbf2-559a-bd3a-e96b6a402fec;A223;N3196J;N3196J;2026-09-25;18:05:00;2026-09-25T18:12:23Z;2026-09-25T20:07:10Z;115;;;2927;2914.44;;;2927;-12.56;-0.43;NORMAL;ACARS;;CONFIRMED;;;false;;;;false;;;;2026-09-28T00:00:00Z;SEED_BURNS_LEDGER;2026-09-28T00:00:00Z;SEED_BURNS_LEDGER
6632cf43-e55f-5a65-afc3-496251b129c5;1ed9474f-eff1-592c-b83b-9dee8eb7b7dd;A320;N708JB;N708JB;2026-09-25;18:10:00;2026-09-25T18:13:53Z;2026-09-25T22:22:40Z;249;;;9138;9563.8;;;9138;425.8;4.66;NORMAL;ACARS;;CONFIRMED;;;false;;;;false;;;;2026-09-28T00:00:00Z;SEED_BURNS_LEDGER;2026-09-28T00:00:00Z;SEED_BURNS_LEDGER
54c6024c-b179-53ef-a236-03f9d09ee226;efc47c2f-5c23-56ee-a7b6-5c8e8c66ba7d;A320;N613JB;N613JB;2026-09-25;18:10:00;2026-09-25T18:18:00Z;2026-09-25T20:43:47Z;146;;;5100;5119.74;;;5100;19.74;0.39;NORMAL;ACARS;;CONFIRMED;;;false;;;;false;;;;2026-09-28T00:00:00Z;SEED_BURNS_LEDGER;2026-09-28T00:00:00Z;SEED_BURNS_LEDGER
ad06a2d3-a32a-57a2-9d9a-8bc92e787c76;dd68969f-667f-5d5e-94ac-88ba24a4bb12;A320;N805JB;N805JB;2026-09-25;18:10:00;2026-09-25T18:20:17Z;2026-09-25T20:10:52Z;111;;;3698;3601.97;;;3698;-96.03;-2.6;NORMAL;ACARS;;CONFIRMED;;;false;;;;false;;;;2026-09-28T00:00:00Z;SEED_BURNS_LEDGER;2026-09-28T00:00:00Z;SEED_BURNS_LEDGER
37b016f0-52c7-59f9-914e-055cb1666ffc;f150ea3f-ab0c-5e96-a30b-5fb506ecb4c1;A321;N958JB;N958JB;2026-09-25;18:10:00;2026-09-25T18:21:03Z;2026-09-25T19:43:30Z;82;;;2754;2900.02;;;2754;146.02;5.3;EXCEEDED;ACARS;;CONFIRMED;;;false;;;;false;;;;2026-09-28T00:00:00Z;SEED_BURNS_LEDGER;2026-09-28T00:00:00Z;SEED_BURNS_LEDGER
cc4ce817-02c1-55b1-97fa-6896f4f36af2;1f2bab14-e047-5b10-a022-a37a71a5e14a;A321;N991JT;N991JT;2026-09-25;17:05:00;2026-09-25T18:21:20Z;2026-09-25T23:58:37Z;337;;;14940;14239.76;;;14940;-700.24;-4.69;NORMAL;ACARS;;CONFIRMED;;;false;;;;false;;;;2026-09-28T00:00:00Z;SEED_BURNS_LEDGER;2026-09-28T00:00:00Z;SEED_BURNS_LEDGER
752049e9-3cf8-5cb6-a6ec-e837633871a2;ddc52750-becb-5948-a66e-6a92a2e37dae;A320;N527JL;N527JL;2026-09-25;18:20:00;2026-09-25T18:21:55Z;2026-09-25T20:56:41Z;155;;;5652;5577.81;;;5652;-74.19;-1.31;NORMAL;ACARS;;CONFIRMED;;;false;;;;false;;;;2026-09-28T00:00:00Z;SEED_BURNS_LEDGER;2026-09-28T00:00:00Z;SEED_BURNS_LEDGER
999dd424-140f-56e6-8305-1ea50df93b3f;dc30aa9a-e506-5100-943b-6b518ddf9e72;A223;N3189J;N3189J;2026-09-25;18:15:00;2026-09-25T18:24:30Z;2026-09-25T21:54:13Z;210;;;6355;6197.94;;;6355;-157.06;-2.47;NORMAL;ACARS;;CONFIRMED;;;false;;;;false;;;;2026-09-28T00:00:00Z;SEED_BURNS_LEDGER;2026-09-28T00:00:00Z;SEED_BURNS_LEDGER
0ee45cd3-b351-5743-be80-b2a4651a3ae5;5cc18e94-884a-52ee-8910-455b91d51e39;A320;N779JB;N779JB;2026-09-25;18:20:00;2026-09-25T18:26:17Z;2026-09-25T22:43:49Z;258;;;10200;9700.69;;;10200;-499.31;-4.9;NORMAL;ACARS;;CONFIRMED;;;false;;;;false;;;;2026-09-28T00:00:00Z;SEED_BURNS_LEDGER;2026-09-28T00:00:00Z;SEED_BURNS_LEDGER
66ad02cb-9ec1-510d-a7a4-62adcce41336;51465d09-525c-56cb-9e36-908366b45a3c;A321;N986JB;N986JB;2026-09-25;18:20:00;2026-09-25T18:27:45Z;2026-09-25T23:03:22Z;276;;;11655;11785.28;;;11655;130.28;1.12;NORMAL;ACARS;;CONFIRMED;;;false;;;;false;;;;2026-09-28T00:00:00Z;SEED_BURNS_LEDGER;2026-09-28T00:00:00Z;SEED_BURNS_LEDGER
e608dea4-8ea7-5d20-b0f8-bb8725bf6c0e;812511da-d004-53f3-b591-865fbb07b75f;A320;N729JB;N729JB;2026-09-25;18:25:00;2026-09-25T18:30:16Z;2026-09-25T21:06:26Z;156;;;5525;5594.68;;;5525;69.68;1.26;NORMAL;ACARS;;CONFIRMED;;;false;;;;false;;;;2026-09-28T00:00:00Z;SEED_BURNS_LEDGER;2026-09-28T00:00:00Z;SEED_BURNS_LEDGER
01acc77c-ddfa-5337-a7f4-bedb7b579cb6;f8bf465d-3df5-58dc-9183-63a97f7945f1;A320;N645JB;N645JB;2026-09-25;18:25:00;2026-09-25T18:33:05Z;2026-09-25T21:19:38Z;167;;;5695;6045.13;;;5695;350.13;6.15;EXCEEDED;ACARS;;CONFIRMED;;;false;;;;false;;;;2026-09-28T00:00:00Z;SEED_BURNS_LEDGER;2026-09-28T00:00:00Z;SEED_BURNS_LEDGER
eca0d221-aa5f-532e-9994-9e84ff02c629;0d34d920-fc6e-58da-be54-f4b5d29e2040;A223;N3152J;N3152J;2026-09-25;18:25:00;2026-09-25T18:36:11Z;2026-09-26T00:41:56Z;366;;;11638;12106.31;;;11638;468.31;4.02;NORMAL;ACARS;;CONFIRMED;;;false;;;;false;;;;2026-09-28T00:00:00Z;SEED_BURNS_LEDGER;2026-09-28T00:00:00Z;SEED_BURNS_LEDGER
5b5497aa-606d-5eed-9290-d9f846eaf1dd;68fc3dad-7aff-546e-a087-ea0e2f14473b;A321;N970JB;N970JB;2026-09-25;18:30:00;2026-09-25T18:39:21Z;2026-09-25T21:49:34Z;190;;;7609;7673.52;;;7609;64.52;0.85;NORMAL;ACARS;;CONFIRMED;;;false;;;;false;;;;2026-09-28T00:00:00Z;SEED_BURNS_LEDGER;2026-09-28T00:00:00Z;SEED_BURNS_LEDGER
41e2cf18-eece-5a6f-ab08-2b2fbb5da9f4;9b5e6219-efe3-51b9-a516-0710f4f84758;A21N;N2199J;N2199J;2026-09-25;18:35:00;2026-09-25T18:41:01Z;2026-09-25T23:41:26Z;300;;;9972;9985.62;;;9972;13.62;0.14;NORMAL;ACARS;;CONFIRMED;;;false;;;;false;;;;2026-09-28T00:00:00Z;SEED_BURNS_LEDGER;2026-09-28T00:00:00Z;SEED_BURNS_LEDGER
8d1b733d-ffe5-5a7c-802f-b7c46c92d716;38421a58-0534-5c1a-9991-cfb56da3d4aa;A321;N997JL;N997JL;2026-09-25;18:30:00;2026-09-25T18:42:17Z;2026-09-25T21:47:49Z;186;;;7704;7410.59;;;7704;-293.41;-3.81;NORMAL;ACARS;;CONFIRMED;;;false;;;;false;;;;2026-09-28T00:00:00Z;SEED_BURNS_LEDGER;2026-09-28T00:00:00Z;SEED_BURNS_LEDGER
dd9ab137-a1b3-5bad-874d-47b1a2e7bddf;a3f2d8b3-7d39-5368-be8d-2481ffff95ce;A321;N948JB;N948JB;2026-09-25;18:35:00;2026-09-25T18:43:39Z;2026-09-25T20:42:52Z;119;;;4277;4452.5;;;4277;175.5;4.1;NORMAL;ACARS;;CONFIRMED;;;false;;;;false;;;;2026-09-28T00:00:00Z;SEED_BURNS_LEDGER;2026-09-28T00:00:00Z;SEED_BURNS_LEDGER
99e697b3-bd8b-515c-bc68-647a38a895c2;9a2168b7-dfe4-55f8-bb37-faf403985477;A321;N995JL;N995JL;2026-09-25;18:25:00;2026-09-25T18:46:54Z;2026-09-25T21:57:58Z;191;;;7371;7740.12;;;7371;369.12;5.01;EXCEEDED;ACARS;;CONFIRMED;;;false;;;;false;;;;2026-09-28T00:00:00Z;SEED_BURNS_LEDGER;2026-09-28T00:00:00Z;SEED_BURNS_LEDGER
3c14c4d2-2060-5ce7-9cc7-6095179f13e9;343edde3-25d5-5dae-b376-7bd09be1e525;A320;N585JB;N585JB;2026-09-25;18:45:00;2026-09-25T18:49:27Z;2026-09-25T20:35:53Z;106;;;3272;3347.77;;;3272;75.77;2.32;NORMAL;ACARS;;CONFIRMED;;;false;;;;false;;;;2026-09-28T00:00:00Z;SEED_BURNS_LEDGER;2026-09-28T00:00:00Z;SEED_BURNS_LEDGER
18d8e3a0-7e5c-5de1-a55e-aad37fb1d71a;ede892c6-8f8b-5b07-88e0-8bac85dfc25b;A320;N615JB;N615JB;2026-09-25;18:40:00;2026-09-25T18:50:15Z;2026-09-25T21:41:21Z;171;;;6162;6062.07;;;6162;-99.93;-1.62;NORMAL;ACARS;;CONFIRMED;;;false;;;;false;;;;2026-09-28T00:00:00Z;SEED_BURNS_LEDGER;2026-09-28T00:00:00Z;SEED_BURNS_LEDGER
d091f82d-103d-560c-9442-44499f315fd3;227067eb-fb43-5c4a-89d9-f5289680f4d8;A320;N656JB;N656JB;2026-09-25;18:40:00;2026-09-25T18:51:08Z;2026-09-25T21:33:40Z;163;;;5482;5507.85;;;5482;25.85;0.47;NORMAL;ACARS;;CONFIRMED;;;false;;;;false;;;;2026-09-28T00:00:00Z;SEED_BURNS_LEDGER;2026-09-28T00:00:00Z;SEED_BURNS_LEDGER
c1bc6484-12f7-5bf6-8e1c-115d7015bea1;ce88a7b2-e6a6-5e72-aecd-acccf0a853d1;A320;N571JB;N571JB;2026-09-25;18:40:00;2026-09-25T18:52:54Z;2026-09-25T21:46:18Z;173;;;5865;6154.88;;;5865;289.88;4.94;NORMAL;ACARS;;CONFIRMED;;;false;;;;false;;;;2026-09-28T00:00:00Z;SEED_BURNS_LEDGER;2026-09-28T00:00:00Z;SEED_BURNS_LEDGER
34c02611-46bb-5bc7-9399-0ee4ed7b38dd;22024c55-9558-53ab-8051-c17a54de7630;A320;N563JB;N563JB;2026-09-25;18:50:00;2026-09-25T18:54:03Z;2026-09-25T20:47:26Z;113;;;3612;3764.04;;;3612;152.04;4.21;NORMAL;ACARS;;CONFIRMED;;;false;;;;false;;;;2026-09-28T00:00:00Z;SEED_BURNS_LEDGER;2026-09-28T00:00:00Z;SEED_BURNS_LEDGER
835df386-663d-5b7e-ac22-1cca32756b7e;2cab9a36-fb23-55a6-8695-48174a66efc2;A320;N588JB;N588JB;2026-09-25;17:40:00;2026-09-25T18:56:13Z;2026-09-25T21:59:57Z;184;;;6502;6598.79;;;6502;96.79;1.49;NORMAL;ACARS;;CONFIRMED;;;false;;;;false;;;;2026-09-28T00:00:00Z;SEED_BURNS_LEDGER;2026-09-28T00:00:00Z;SEED_BURNS_LEDGER
d3b0be94-8805-5f22-9776-a30f8a15bbcf;68b3393d-a6e9-5ff8-8f02-79b79d360360;A223;N3260J;N3260J;2026-09-25;18:50:00;2026-09-25T18:58:29Z;2026-09-25T19:49:32Z;51;;;750;909.08;;;750;159.08;21.21;EXCEEDED;ACARS;;CONFIRMED;;;false;;;;false;;;;2026-09-28T00:00:00Z;SEED_BURNS_LEDGER;2026-09-28T00:00:00Z;SEED_BURNS_LEDGER
2acdbfcc-83a2-5f83-9157-06cbb8ee368f;25fc6b03-c0d7-5bdb-a0d6-c042b69be9de;A21N;N2017J;N2017J;2026-09-25;18:50:00;2026-09-25T19:00:18Z;2026-09-25T21:31:41Z;151;;;4474;4656.44;;;4474;182.44;4.08;NORMAL;ACARS;;CONFIRMED;;;false;;;;false;;;;2026-09-28T00:00:00Z;SEED_BURNS_LEDGER;2026-09-28T00:00:00Z;SEED_BURNS_LEDGER
f255c918-668e-5f95-a954-7a0c973f97fa;b3cbb652-0d88-5b1e-8a38-6fe4fcda0e08;A320;N712JB;N712JB;2026-09-25;19:00:00;2026-09-25T19:01:39Z;2026-09-25T23:56:18Z;295;;;11518;11393.55;;;11518;-124.45;-1.08;NORMAL;ACARS;;CONFIRMED;;;false;;;;false;;;;2026-09-28T00:00:00Z;SEED_BURNS_LEDGER;2026-09-28T00:00:00Z;SEED_BURNS_LEDGER
c587fd76-f84e-557d-940a-7eec77825ae2;7da1776f-6aac-5fde-af45-4c421d7cf332;A321;N959JB;N959JB;2026-09-25;18:35:00;2026-09-25T19:04:01Z;2026-09-25T21:53:22Z;169;;;6848;6887.91;;;6848;39.91;0.58;NORMAL;ACARS;;CONFIRMED;;;false;;;;false;;;;2026-09-28T00:00:00Z;SEED_BURNS_LEDGER;2026-09-28T00:00:00Z;SEED_BURNS_LEDGER
0a2f93bd-f336-556f-93e8-c3e9ee7a973c;5b7a889d-c5ec-596b-9b67-b1e85893da28;A21N;N2086J;N2086J;2026-09-25;19:00:00;2026-09-25T19:04:22Z;2026-09-25T21:40:27Z;156;;;4624;4756.92;;;4624;132.92;2.87;NORMAL;ACARS;;CONFIRMED;;;false;;;;false;;;;2026-09-28T00:00:00Z;SEED_BURNS_LEDGER;2026-09-28T00:00:00Z;SEED_BURNS_LEDGER
0556ad16-e791-54f5-9cf7-e9188c617878;edc71c85-22f6-5f50-8dc8-28f9547d786a;A320;N662JB;N662JB;2026-09-25;19:00:00;2026-09-25T19:05:02Z;2026-09-25T23:38:13Z;273;;;10752;10094.97;;;10752;-657.03;-6.11;EXCEEDED;ACARS;;CONFIRMED;;;false;;;;false;;;;2026-09-28T00:00:00Z;SEED_BURNS_LEDGER;2026-09-28T00:00:00Z;SEED_BURNS_LEDGER
7ba1a45b-f51e-5544-b622-8d8601095d68;2a70dd1d-39df-5e98-ba71-3b04e76cfa53;A320;N529JB;N529JB;2026-09-25;19:00:00;2026-09-25T19:06:49Z;2026-09-26T01:27:44Z;381;;;15810;14854.89;;;15810;-955.11;-6.04;EXCEEDED;ACARS;;CONFIRMED;;;false;;;;false;;;;2026-09-28T00:00:00Z;SEED_BURNS_LEDGER;2026-09-28T00:00:00Z;SEED_BURNS_LEDGER
6d214026-c693-576f-97e3-940d73d4f7d8;fb2f4e60-4f44-5ebb-8c56-75dfe0dc0bc9;A223;N3157J;N3157J;2026-09-25;19:00:00;2026-09-25T19:08:34Z;2026-09-25T21:04:41Z;116;;;3106;3044.22;;;3106;-61.78;-1.99;NORMAL;ACARS;;CONFIRMED;;;false;;;;false;;;;2026-09-28T00:00:00Z;SEED_BURNS_LEDGER;2026-09-28T00:00:00Z;SEED_BURNS_LEDGER
3bed4883-b77b-5341-b8a1-f822c82c4346;735aca45-bea0-5e01-902f-2b5ceeb97592;A320;N520JB;N520JB;2026-09-25;19:05:00;2026-09-25T19:09:11Z;2026-09-25T21:49:05Z;160;;;5738;5492.6;;;5738;-245.4;-4.28;NORMAL;ACARS;;CONFIRMED;;;false;;;;false;;;;2026-09-28T00:00:00Z;SEED_BURNS_LEDGER;2026-09-28T00:00:00Z;SEED_BURNS_LEDGER
ad0efa61-e6c0-5e28-8775-fcdf35a6cbb6;bc81b061-86ef-5fa9-b5e2-a518ea61a131;A320;N583JB;N583JB;2026-09-25;19:00:00;2026-09-25T19:10:18Z;2026-09-25T23:08:17Z;238;;;8755;8872.24;;;8755;117.24;1.34;NORMAL;ACARS;;CONFIRMED;;;false;;;;false;;;;2026-09-28T00:00:00Z;SEED_BURNS_LEDGER;2026-09-28T00:00:00Z;SEED_BURNS_LEDGER
8aadcfbf-e94c-5d26-b03d-c387d6f785f5;96bca366-aae1-5ac8-959b-9e0027179745;A320;N508JL;N508JL;2026-09-25;17:45:00;2026-09-25T19:10:33Z;2026-09-25T20:58:31Z;108;;;3442;3503.7;;;3442;61.7;1.79;NORMAL;ACARS;;CONFIRMED;;;false;;;;false;;;;2026-09-28T00:00:00Z;SEED_BURNS_LEDGER;2026-09-28T00:00:00Z;SEED_BURNS_LEDGER
d5bc4a1f-2e71-59bf-8186-af1070436095;8146d062-5ae5-593a-9b2d-c21cf6e973ef;A223;N3244J;N3244J;2026-09-25;19:00:00;2026-09-25T19:12:38Z;2026-09-25T21:30:12Z;138;;;3677;3665.91;;;3677;-11.09;-0.3;NORMAL;ACARS;;CONFIRMED;;;false;;;;false;;;;2026-09-28T00:00:00Z;SEED_BURNS_LEDGER;2026-09-28T00:00:00Z;SEED_BURNS_LEDGER
1e3e4e7d-5a8a-521e-8589-433ff8801988;a408ada2-702d-59e7-8d11-437ccb1169ad;A320;N564JB;N564JB;2026-09-25;19:10:00;2026-09-25T19:15:04Z;2026-09-25T21:24:52Z;130;;;4590;4449.21;;;4590;-140.79;-3.07;NORMAL;ACARS;;CONFIRMED;;;false;;;;false;;;;2026-09-28T00:00:00Z;SEED_BURNS_LEDGER;2026-09-28T00:00:00Z;SEED_BURNS_LEDGER
56479400-facb-54b6-a7d9-4f79136aefa4;541bde7c-2b92-5964-bfc9-fbdf647a2f9e;A320;N649JB;N649JB;2026-09-25;17:55:00;2026-09-25T19:21:26Z;2026-09-25T22:14:20Z;173;;;5822;6074.94;;;5822;252.94;4.34;NORMAL;ACARS;;CONFIRMED;;;false;;;;false;;;;2026-09-28T00:00:00Z;SEED_BURNS_LEDGER;2026-09-28T00:00:00Z;SEED_BURNS_LEDGER
8a019103-2dd6-562e-b7d8-e19be7632af5;97ec3464-c34a-5a57-9d56-a77ea2fd908b;A223;N3044J;N3044J;2026-09-25;19:20:00;2026-09-25T19:22:44Z;2026-09-25T22:03:02Z;160;;;4570;4856.73;;;4570;286.73;6.27;EXCEEDED;ACARS;;CONFIRMED;;;false;;;;false;;;;2026-09-28T00:00:00Z;SEED_BURNS_LEDGER;2026-09-28T00:00:00Z;SEED_BURNS_LEDGER
a2eecc08-7066-5e9f-86f0-96338e31c5de;b27bad43-9c4d-5144-8cc5-ea79b0be9dc3;A21N;N2180J;N2180J;2026-09-25;19:25:00;2026-09-25T19:27:16Z;2026-09-26T01:09:17Z;342;;;11618;11635.95;;;11618;17.95;0.15;NORMAL;ACARS;;CONFIRMED;;;false;;;;false;;;;2026-09-28T00:00:00Z;SEED_BURNS_LEDGER;2026-09-28T00:00:00Z;SEED_BURNS_LEDGER
43c51189-5473-5eb5-ae1e-44f452ae8202;19539fac-a979-59f0-b238-6e87239223ff;A320;N663JB;N663JB;2026-09-25;19:20:00;2026-09-25T19:28:39Z;2026-09-25T21:54:27Z;146;;;5228;5147.22;;;5228;-80.78;-1.55;NORMAL;ACARS;;CONFIRMED;;;false;;;;false;;;;2026-09-28T00:00:00Z;SEED_BURNS_LEDGER;2026-09-28T00:00:00Z;SEED_BURNS_LEDGER
abbacbf4-b32f-51ff-9ab2-735200ab97e8;6d75e3c2-4e4e-5609-aaf6-fdccb3635483;A223;N3229J;N3229J;2026-09-25;19:25:00;2026-09-25T19:29:56Z;2026-09-25T23:41:51Z;252;;;7854;7562.65;;;7854;-291.35;-3.71;NORMAL;ACARS;;CONFIRMED;;;false;;;;false;;;;2026-09-28T00:00:00Z;SEED_BURNS_LEDGER;2026-09-28T00:00:00Z;SEED_BURNS_LEDGER
024e94c3-c32e-59a1-bed9-18864933cb58;2f952ea3-c8e2-5f42-b061-6a7f3a5305a2;A320;N524JB;N524JB;2026-09-25;19:25:00;2026-09-25T19:30:30Z;2026-09-25T22:21:22Z;171;;;6078;6017.51;;;6078;-60.49;-1;NORMAL;ACARS;;CONFIRMED;;;false;;;;false;;;;2026-09-28T00:00:00Z;SEED_BURNS_LEDGER;2026-09-28T00:00:00Z;SEED_BURNS_LEDGER
442ae0f7-6c1b-5540-bb59-3e6fbcbf7c3b;8e45a08c-3d19-57d2-8dd5-e5ec4137d3b0;A321;N964JT;N964JT;2026-09-25;19:25:00;2026-09-25T19:31:36Z;2026-09-26T01:18:36Z;347;;;15749;15568.91;;;15749;-180.09;-1.14;NORMAL;ACARS;;CONFIRMED;;;false;;;;false;;;;2026-09-28T00:00:00Z;SEED_BURNS_LEDGER;2026-09-28T00:00:00Z;SEED_BURNS_LEDGER
04e63974-8967-51f4-bee1-882eabe1dfec;7304588c-d6c3-570e-a43b-a89b17cf0bbb;A321;N989JT;N989JT;2026-09-25;19:25:00;2026-09-25T19:33:24Z;2026-09-26T01:20:53Z;347;;;15463;14531.58;;;15463;-931.42;-6.02;EXCEEDED;ACARS;;CONFIRMED;;;false;;;;false;;;;2026-09-28T00:00:00Z;SEED_BURNS_LEDGER;2026-09-28T00:00:00Z;SEED_BURNS_LEDGER
e567b3c4-ea7d-52cd-a84f-c2abc793ecf8;7f7db52f-e411-5094-b72f-38edcf936666;A21N;N2205J;N2205J;2026-09-25;19:25:00;2026-09-25T19:36:32Z;2026-09-26T01:17:57Z;341;;;11805;11772.81;;;11805;-32.19;-0.27;NORMAL;ACARS;;CONFIRMED;;;false;;;;false;;;;2026-09-28T00:00:00Z;SEED_BURNS_LEDGER;2026-09-28T00:00:00Z;SEED_BURNS_LEDGER
620ca3d8-efa2-5246-9bce-a686a0cde09e;16eb3b52-645a-5e3f-bc6a-092539a69687;A223;N3121J;N3121J;2026-09-25;19:25:00;2026-09-25T19:37:32Z;2026-09-25T21:26:55Z;109;;;2570;2772.46;;;2570;202.46;7.88;EXCEEDED;ACARS;;CONFIRMED;;;false;;;;false;;;;2026-09-28T00:00:00Z;SEED_BURNS_LEDGER;2026-09-28T00:00:00Z;SEED_BURNS_LEDGER
75aa19f4-9c7a-5f9a-8f7b-1858eaa93c24;2e972f6c-f95c-5e8f-9c86-dc92df113b7e;A21N;N2047J;N2047J;2026-09-25;19:40:00;2026-09-25T19:43:00Z;2026-09-26T01:14:21Z;331;;;11356;11266.8;;;11356;-89.2;-0.79;NORMAL;ACARS;;CONFIRMED;;;false;;;;false;;;;2026-09-28T00:00:00Z;SEED_BURNS_LEDGER;2026-09-28T00:00:00Z;SEED_BURNS_LEDGER
5add5de6-6824-50fd-ac92-0d6c631c9a0d;1f52b309-acce-527f-a33e-5146333bd9ba;A321;N962JT;N962JT;2026-09-25;18:50:00;2026-09-25T19:43:37Z;2026-09-26T01:28:56Z;345;;;14702;14501.47;;;14702;-200.53;-1.36;NORMAL;ACARS;;CONFIRMED;;;false;;;;false;;;;2026-09-28T00:00:00Z;SEED_BURNS_LEDGER;2026-09-28T00:00:00Z;SEED_BURNS_LEDGER
67c52eca-eedf-51e4-8017-162d36fd9693;642e9eeb-043e-5a5a-8919-559dddf3d5c9;A320;N658JB;N658JB;2026-09-25;19:40:00;2026-09-25T19:45:45Z;2026-09-25T22:41:09Z;175;;;5992;6120.88;;;5992;128.88;2.15;NORMAL;ACARS;;CONFIRMED;;;false;;;;false;;;;2026-09-28T00:00:00Z;SEED_BURNS_LEDGER;2026-09-28T00:00:00Z;SEED_BURNS_LEDGER
283afe16-cc69-5337-be65-b91475a75649;fa37dbd9-8280-56c2-8ec6-e5293f2eab6c;A321;N982JB;N982JB;2026-09-25;19:45:00;2026-09-25T19:46:46Z;2026-09-26T01:26:24Z;340;;;14178;14579.64;;;14178;401.64;2.83;NORMAL;ACARS;;CONFIRMED;;;false;;;;false;;;;2026-09-28T00:00:00Z;SEED_BURNS_LEDGER;2026-09-28T00:00:00Z;SEED_BURNS_LEDGER
2e76caac-95b2-5782-bb68-ebd45bf31ed2;d4d6252e-0206-570b-b02b-e23aa2be4a26;A223;N3232J;N3232J;2026-09-25;19:45:00;2026-09-25T19:47:09Z;2026-09-25T22:21:37Z;154;;;4570;4377.17;;;4570;-192.83;-4.22;NORMAL;ACARS;;CONFIRMED;;;false;;;;false;;;;2026-09-28T00:00:00Z;SEED_BURNS_LEDGER;2026-09-28T00:00:00Z;SEED_BURNS_LEDGER
21b7194e-e63e-5872-bcd7-d7a21ca72736;e062e562-9a53-5635-b664-ce03a75dd15a;A321;N977JE;N977JE;2026-09-25;19:35:00;2026-09-25T19:47:29Z;2026-09-26T00:53:37Z;306;;;13131;13445.64;;;13131;314.64;2.4;NORMAL;ACARS;;CONFIRMED;;;false;;;;false;;;;2026-09-28T00:00:00Z;SEED_BURNS_LEDGER;2026-09-28T00:00:00Z;SEED_BURNS_LEDGER
9e6544ba-4683-56c1-bfd8-2017a85b7a6f;7706aedb-0052-588f-b6a6-b847682e6c69;A223;N3280J;N3280J;2026-09-25;19:45:00;2026-09-25T19:47:33Z;2026-09-25T22:16:27Z;149;;;4427;4203.07;;;4427;-223.93;-5.06;EXCEEDED;ACARS;;CONFIRMED;;;false;;;;false;;;;2026-09-28T00:00:00Z;SEED_BURNS_LEDGER;2026-09-28T00:00:00Z;SEED_BURNS_LEDGER
adffa921-3b8b-5f4f-b187-a37770ccd679;b94ebf4f-5aa3-5989-a3be-4bde0605a486;A321;N988JT;N988JT;2026-09-25;19:35:00;2026-09-25T19:48:26Z;2026-09-26T01:20:02Z;332;;;14797;14433.17;;;14797;-363.83;-2.46;NORMAL;ACARS;;CONFIRMED;;;false;;;;false;;;;2026-09-28T00:00:00Z;SEED_BURNS_LEDGER;2026-09-28T00:00:00Z;SEED_BURNS_LEDGER
cd12d4f5-fccf-5817-bc39-591393008428;b8255866-7289-5ceb-b2c6-f24789364680;A320;N659JB;N659JB;2026-09-25;19:40:00;2026-09-25T19:48:42Z;2026-09-25T22:49:14Z;181;;;6502;6333.75;;;6502;-168.25;-2.59;NORMAL;ACARS;;CONFIRMED;;;false;;;;false;;;;2026-09-28T00:00:00Z;SEED_BURNS_LEDGER;2026-09-28T00:00:00Z;SEED_BURNS_LEDGER
24a3bd43-b18b-57a4-82ff-8c9e36d8aefb;b23fece6-2ee2-504b-87cc-a262ca64167f;A223;N3269J;N3269J;2026-09-25;18:25:00;2026-09-25T19:48:56Z;2026-09-25T23:05:29Z;197;;;6248;5827.91;;;6248;-420.09;-6.72;EXCEEDED;ACARS;;CONFIRMED;;;false;;;;false;;;;2026-09-28T00:00:00Z;SEED_BURNS_LEDGER;2026-09-28T00:00:00Z;SEED_BURNS_LEDGER
d2464f8a-ee3f-58b4-91a5-6c1459b3019e;801bb079-b4c5-54ae-9207-af39df619f3d;A223;N3291J;N3291J;2026-09-25;19:20:00;2026-09-25T19:49:05Z;2026-09-25T22:04:00Z;135;;;3463;3767.45;;;3463;304.45;8.79;EXCEEDED;ACARS;;CONFIRMED;;;false;;;;false;;;;2026-09-28T00:00:00Z;SEED_BURNS_LEDGER;2026-09-28T00:00:00Z;SEED_BURNS_LEDGER
e738d3a9-13e6-5fd1-97f5-740818d15c50;19be4f49-415a-5c54-a76c-9a692bb9a0ca;A223;N3062J;N3062J;2026-09-25;19:40:00;2026-09-25T19:49:12Z;2026-09-25T21:00:36Z;71;;;1321;1473.87;;;1321;152.87;11.57;EXCEEDED;ACARS;;CONFIRMED;;;false;;;;false;;;;2026-09-28T00:00:00Z;SEED_BURNS_LEDGER;2026-09-28T00:00:00Z;SEED_BURNS_LEDGER
1d66b119-c0f5-522b-9453-4d466e6e41b4;806cca51-77c5-5c22-b27e-5950230f362a;A320;N521JB;N521JB;2026-09-25;18:40:00;2026-09-25T19:50:22Z;2026-09-25T22:32:21Z;162;;;5950;6047.11;;;5950;97.11;1.63;NORMAL;ACARS;;CONFIRMED;;;false;;;;false;;;;2026-09-28T00:00:00Z;SEED_BURNS_LEDGER;2026-09-28T00:00:00Z;SEED_BURNS_LEDGER
13e30ff6-f147-550f-a8b6-4c113d918582;45e3f118-f97c-5580-bf34-9330c36ab781;A223;N3215J;N3215J;2026-09-25;18:50:00;2026-09-25T19:55:22Z;2026-09-25T21:31:04Z;96;;;2249;2294.27;;;2249;45.27;2.01;NORMAL;ACARS;;CONFIRMED;;;false;;;;false;;;;2026-09-28T00:00:00Z;SEED_BURNS_LEDGER;2026-09-28T00:00:00Z;SEED_BURNS_LEDGER
f118943e-7af6-52b1-bfc0-d41f874c8890;35bb9d70-af07-5cc3-87db-db31a1e185cc;A320;N705JB;N705JB;2026-09-25;19:55:00;2026-09-25T19:59:06Z;2026-09-25T21:52:35Z;113;;;3782;3939.51;;;3782;157.51;4.16;NORMAL;ACARS;;CONFIRMED;;;false;;;;false;;;;2026-09-28T00:00:00Z;SEED_BURNS_LEDGER;2026-09-28T00:00:00Z;SEED_BURNS_LEDGER
0e0fc209-c24a-57ff-80e7-bdd6ac64101d;b7d0a704-45e5-50a4-926f-9c5938d3fefd;A223;N3304J;N3304J;2026-09-25;19:50:00;2026-09-25T19:59:55Z;2026-09-25T21:24:22Z;84;;;1642;1678.86;;;1642;36.86;2.24;NORMAL;ACARS;;CONFIRMED;;;false;;;;false;;;;2026-09-28T00:00:00Z;SEED_BURNS_LEDGER;2026-09-28T00:00:00Z;SEED_BURNS_LEDGER
ab5b7013-75bc-560c-9018-ac5ec548d662;78f6f4c2-906d-50f3-80d2-eeee7a4c6996;A321;N965JT;N965JT;2026-09-25;19:55:00;2026-09-25T20:00:52Z;2026-09-25T22:44:27Z;164;;;6800;6285.49;;;6800;-514.51;-7.57;EXCEEDED;ACARS;;CONFIRMED;;;false;;;;false;;;;2026-09-28T00:00:00Z;SEED_BURNS_LEDGER;2026-09-28T00:00:00Z;SEED_BURNS_LEDGER
5264c9ff-0c77-52fb-8f84-6459a6439636;045957d8-cacc-5126-9081-f1365db4c72d;A223;N3310J;N3310J;2026-09-25;20:00:00;2026-09-25T20:01:29Z;2026-09-25T22:22:17Z;141;;;4106;4048.42;;;4106;-57.58;-1.4;NORMAL;ACARS;;CONFIRMED;;;false;;;;false;;;;2026-09-28T00:00:00Z;SEED_BURNS_LEDGER;2026-09-28T00:00:00Z;SEED_BURNS_LEDGER
e8cedc58-3073-5af3-a771-2d0c6b420e9b;cac529b8-65ea-5c22-860f-4349bdd823e3;A223;N3138J;N3138J;2026-09-25;20:05:00;2026-09-25T20:05:24Z;2026-09-25T22:37:39Z;152;;;4248;4384.99;;;4248;136.99;3.22;NORMAL;ACARS;;CONFIRMED;;;false;;;;false;;;;2026-09-28T00:00:00Z;SEED_BURNS_LEDGER;2026-09-28T00:00:00Z;SEED_BURNS_LEDGER
bc09b1de-6c36-593e-8755-cab005b26142;8ebd8445-9224-56d2-9279-56b8908cf071;A223;N3240J;N3240J;2026-09-25;19:40:00;2026-09-25T20:07:42Z;2026-09-25T21:45:01Z;97;;;2035;2181.36;;;2035;146.36;7.19;EXCEEDED;ACARS;;CONFIRMED;;;false;;;;false;;;;2026-09-28T00:00:00Z;SEED_BURNS_LEDGER;2026-09-28T00:00:00Z;SEED_BURNS_LEDGER
9203a4bc-b3b6-57d6-a4f9-c5d7d372ebbb;577d2f8d-f11e-5ef9-bbda-44f1f236b2f2;A321;N946JL;N946JL;2026-09-25;20:05:00;2026-09-25T20:09:41Z;2026-09-26T02:15:52Z;366;;;16272;15511.52;;;16272;-760.48;-4.67;NORMAL;ACARS;;CONFIRMED;;;false;;;;false;;;;2026-09-28T00:00:00Z;SEED_BURNS_LEDGER;2026-09-28T00:00:00Z;SEED_BURNS_LEDGER
63f1143f-c337-5093-a04b-480817abf0ba;742d9a09-d4ac-50ab-8392-557d6e97ab7d;A321;N978JB;N978JB;2026-09-25;20:00:00;2026-09-25T20:11:41Z;2026-09-26T01:34:20Z;323;;;13512;13816.26;;;13512;304.26;2.25;NORMAL;ACARS;;CONFIRMED;;;false;;;;false;;;;2026-09-28T00:00:00Z;SEED_BURNS_LEDGER;2026-09-28T00:00:00Z;SEED_BURNS_LEDGER
8ff48f32-26ac-51c1-87c8-985ab90e33d3;afcad0a0-cc2b-53cb-9676-d2acfcbc07c4;A321;N929JB;N929JB;2026-09-25;20:05:00;2026-09-25T20:12:42Z;2026-09-26T02:26:53Z;374;;;15511;16098.21;;;15511;587.21;3.79;NORMAL;ACARS;;CONFIRMED;;;false;;;;false;;;;2026-09-28T00:00:00Z;SEED_BURNS_LEDGER;2026-09-28T00:00:00Z;SEED_BURNS_LEDGER
39399803-97ee-515c-8670-bb0334ce6bdf;1e758765-5e22-5048-974d-a0382b41dbdf;A21N;N2165J;N2165J;2026-09-25;20:15:00;2026-09-25T20:20:10Z;2026-09-26T02:30:51Z;371;;;13151;12761.14;;;13151;-389.86;-2.96;NORMAL;ACARS;;CONFIRMED;;;false;;;;false;;;;2026-09-28T00:00:00Z;SEED_BURNS_LEDGER;2026-09-28T00:00:00Z;SEED_BURNS_LEDGER
0bbec803-502e-5389-ba60-9b6a1eeeda7d;61fe4d5b-adc4-59af-b2a6-67f57e9165d9;A320;N661JB;N661JB;2026-09-25;20:20:00;2026-09-25T20:20:45Z;2026-09-25T22:39:29Z;139;;;4718;4966.59;;;4718;248.59;5.27;EXCEEDED;ACARS;;CONFIRMED;;;false;;;;false;;;;2026-09-28T00:00:00Z;SEED_BURNS_LEDGER;2026-09-28T00:00:00Z;SEED_BURNS_LEDGER
454952c3-f3c5-5274-9484-c33efe66e45e;f589480c-e74e-577b-81af-4ec762c953a7;A223;N3241J;N3241J;2026-09-25;18:50:00;2026-09-25T20:22:20Z;2026-09-25T22:05:03Z;103;;;2392;2590.87;;;2392;198.87;8.31;EXCEEDED;ACARS;;CONFIRMED;;;false;;;;false;;;;2026-09-28T00:00:00Z;SEED_BURNS_LEDGER;2026-09-28T00:00:00Z;SEED_BURNS_LEDGER
ae963342-a579-57fe-b1f7-b7a8ae9735ea;9f07ed0c-f25c-52b1-8cb2-e384b931adf7;A223;N3203J;N3203J;2026-09-25;20:10:00;2026-09-25T20:26:30Z;2026-09-25T22:57:24Z;151;;;4106;4252.32;;;4106;146.32;3.56;NORMAL;ACARS;;CONFIRMED;;;false;;;;false;;;;2026-09-28T00:00:00Z;SEED_BURNS_LEDGER;2026-09-28T00:00:00Z;SEED_BURNS_LEDGER
e0c0fd8f-29ed-5a0a-afc5-b5dab9cdf1a9;2b009cba-7730-5d73-b29f-8fee0d0cb811;A320;N828JB;N828JB;2026-09-25;20:25:00;2026-09-25T20:26:31Z;2026-09-25T23:11:23Z;165;;;5440;5566.54;;;5440;126.54;2.33;NORMAL;ACARS;;CONFIRMED;;;false;;;;false;;;;2026-09-28T00:00:00Z;SEED_BURNS_LEDGER;2026-09-28T00:00:00Z;SEED_BURNS_LEDGER
36571616-0312-51f1-9fad-d38356b917f2;3fa5ac63-839f-5902-b2b9-ff657cc50600;A321;N942JB;N942JB;2026-09-25;20:15:00;2026-09-25T20:27:31Z;2026-09-26T02:34:33Z;367;;;16272;15771.27;;;16272;-500.73;-3.08;NORMAL;ACARS;;CONFIRMED;;;false;;;;false;;;;2026-09-28T00:00:00Z;SEED_BURNS_LEDGER;2026-09-28T00:00:00Z;SEED_BURNS_LEDGER
87a69be8-83f0-563a-9b3d-98434f70a589;b2d47c47-27fc-52c0-b429-ff9c1f131484;A321;N992JB;N992JB;2026-09-25;20:15:00;2026-09-25T20:27:49Z;2026-09-26T02:32:07Z;364;;;15939;15583.57;;;15939;-355.43;-2.23;NORMAL;ACARS;;CONFIRMED;;;false;;;;false;;;;2026-09-28T00:00:00Z;SEED_BURNS_LEDGER;2026-09-28T00:00:00Z;SEED_BURNS_LEDGER
89c23fd4-bb2f-5e71-ba05-fa96dc5420ff;0f6ee64b-2351-5dcc-9b0a-4ac445f9b4f2;A320;N643JB;N643JB;2026-09-25;20:15:00;2026-09-25T20:28:49Z;2026-09-25T23:06:07Z;157;;;5525;5700.41;;;5525;175.41;3.17;NORMAL;ACARS;;CONFIRMED;;;false;;;;false;;;;2026-09-28T00:00:00Z;SEED_BURNS_LEDGER;2026-09-28T00:00:00Z;SEED_BURNS_LEDGER
733f723d-b1a7-59a3-b4aa-b07b2bf007c6;086276b5-1ec4-5f63-aeed-9a2ff3c06332;A320;N505JB;N505JB;2026-09-25;20:25:00;2026-09-25T20:29:11Z;2026-09-25T22:49:34Z;140;;;5015;5014.61;;;5015;-0.39;-0.01;NORMAL;ACARS;;CONFIRMED;;;false;;;;false;;;;2026-09-28T00:00:00Z;SEED_BURNS_LEDGER;2026-09-28T00:00:00Z;SEED_BURNS_LEDGER
8995545c-dc50-5aec-9fd9-3ae8eb75760f;72a38d96-46d4-5337-88d8-2778335b830e;A223;N3275J;N3275J;2026-09-25;20:30:00;2026-09-25T20:32:32Z;2026-09-25T22:06:51Z;94;;;2213;2446.14;;;2213;233.14;10.54;EXCEEDED;ACARS;;CONFIRMED;;;false;;;;false;;;;2026-09-28T00:00:00Z;SEED_BURNS_LEDGER;2026-09-28T00:00:00Z;SEED_BURNS_LEDGER
be50666a-6515-524b-9a4f-a05e59cfeed8;491934fa-60a9-52ad-9196-617c38af526e;A320;N768JB;N768JB;2026-09-25;19:55:00;2026-09-25T20:32:35Z;2026-09-25T23:12:11Z;160;;;5398;5665.66;;;5398;267.66;4.96;NORMAL;ACARS;;CONFIRMED;;;false;;;;false;;;;2026-09-28T00:00:00Z;SEED_BURNS_LEDGER;2026-09-28T00:00:00Z;SEED_BURNS_LEDGER
3ea9488e-5955-5eb6-9987-5220b7b43ff4;d2aee77a-fbd9-58e1-9e4d-c0e1a43becc7;A321;N937JB;N937JB;2026-09-25;20:30:00;2026-09-25T20:34:24Z;2026-09-26T01:27:28Z;293;;;12369;12054.43;;;12369;-314.57;-2.54;NORMAL;ACARS;;CONFIRMED;;;false;;;;false;;;;2026-09-28T00:00:00Z;SEED_BURNS_LEDGER;2026-09-28T00:00:00Z;SEED_BURNS_LEDGER
99af2b0d-ff38-5e3a-9c13-066770a2119d;b7ff4825-9aec-5262-9d0b-5abc0b7c9bd2;A320;N599JB;N599JB;2026-09-25;20:30:00;2026-09-25T20:35:33Z;2026-09-25T23:19:58Z;164;;;5822;5790.86;;;5822;-31.14;-0.53;NORMAL;ACARS;;CONFIRMED;;;false;;;;false;;;;2026-09-28T00:00:00Z;SEED_BURNS_LEDGER;2026-09-28T00:00:00Z;SEED_BURNS_LEDGER
88f10668-ceb3-5531-97a8-61e9439497c6;78c84be2-48f8-5fac-b555-d4fec0abfee3;A320;N603JB;N603JB;2026-09-25;20:25:00;2026-09-25T20:36:30Z;2026-09-25T22:14:59Z;98;;;3060;3231.13;;;3060;171.13;5.59;EXCEEDED;ACARS;;CONFIRMED;;;false;;;;false;;;;2026-09-28T00:00:00Z;SEED_BURNS_LEDGER;2026-09-28T00:00:00Z;SEED_BURNS_LEDGER
b2b22a8c-acf5-5d13-bdf1-621924821198;11fefc2b-d03d-5fa0-8622-d9c16e8b1c44;A223;N3185J;N3185J;2026-09-25;20:35:00;2026-09-25T20:38:15Z;2026-09-25T23:26:30Z;168;;;4998;4917.8;;;4998;-80.2;-1.6;NORMAL;ACARS;;CONFIRMED;;;false;;;;false;;;;2026-09-28T00:00:00Z;SEED_BURNS_LEDGER;2026-09-28T00:00:00Z;SEED_BURNS_LEDGER
c1d6aace-373b-5a5c-a022-6e94c0e4ec05;9ead68a2-f6f0-5601-a314-76971966a9fe;A223;N3085J;N3085J;2026-09-25;20:35:00;2026-09-25T20:40:13Z;2026-09-25T22:05:19Z;85;;;1499;1794.43;;;1499;295.43;19.71;EXCEEDED;ACARS;;CONFIRMED;;;false;;;;false;;;;2026-09-28T00:00:00Z;SEED_BURNS_LEDGER;2026-09-28T00:00:00Z;SEED_BURNS_LEDGER
2048b3c4-cc7b-5ce6-ac42-603d92d56536;7d1b08e5-2b51-59f5-8a2f-6e8f66b49f69;A321;N934JB;N934JB;2026-09-25;20:35:00;2026-09-25T20:40:24Z;2026-09-25T23:02:26Z;142;;;5039;5345.95;;;5039;306.95;6.09;EXCEEDED;ACARS;;CONFIRMED;;;false;;;;false;;;;2026-09-28T00:00:00Z;SEED_BURNS_LEDGER;2026-09-28T00:00:00Z;SEED_BURNS_LEDGER
8f60209c-3eb3-5732-9954-5d59377d05ba;009df469-7dd1-55b6-9d60-daefc87475f0;A223;N3077J;N3077J;2026-09-25;19:20:00;2026-09-25T20:42:28Z;2026-09-25T22:16:21Z;94;;;2428;2392.29;;;2428;-35.71;-1.47;NORMAL;ACARS;;CONFIRMED;;;false;;;;false;;;;2026-09-28T00:00:00Z;SEED_BURNS_LEDGER;2026-09-28T00:00:00Z;SEED_BURNS_LEDGER
1ef2f279-330b-586b-91b9-a369a8489562;68509566-5238-5f02-b279-8154e6c5b6e1;A320;N630JB;N630JB;2026-09-25;20:35:00;2026-09-25T20:43:21Z;2026-09-25T23:30:20Z;167;;;6290;6212.55;;;6290;-77.45;-1.23;NORMAL;ACARS;;CONFIRMED;;;false;;;;false;;;;2026-09-28T00:00:00Z;SEED_BURNS_LEDGER;2026-09-28T00:00:00Z;SEED_BURNS_LEDGER
c9d4dddc-04a4-51d2-90d6-d419daf56bcb;be1c7c4c-e7a9-54b9-a7c5-594234df5e35;A320;N703JB;N703JB;2026-09-25;20:00:00;2026-09-25T20:48:10Z;2026-09-25T22:48:17Z;120;;;3825;3939.41;;;3825;114.41;2.99;NORMAL;ACARS;;CONFIRMED;;;false;;;;false;;;;2026-09-28T00:00:00Z;SEED_BURNS_LEDGER;2026-09-28T00:00:00Z;SEED_BURNS_LEDGER
20bc5f43-ea87-57a5-aee2-e029db545425;f88ed3ab-ed95-5661-8a04-52aa9203a033;A21N;N2156J;N2156J;2026-09-25;20:40:00;2026-09-25T20:49:40Z;2026-09-26T02:37:25Z;348;;;11730;11862.34;;;11730;132.34;1.13;NORMAL;ACARS;;CONFIRMED;;;false;;;;false;;;;2026-09-28T00:00:00Z;SEED_BURNS_LEDGER;2026-09-28T00:00:00Z;SEED_BURNS_LEDGER
f9ff0a51-991b-5493-a3b6-9005585d365a;f832eb6e-0202-5e4d-aa9c-7844c46a2e7c;A320;N709JB;N709JB;2026-09-25;20:40:00;2026-09-25T20:49:46Z;2026-09-25T23:24:18Z;155;;;5695;5558.48;;;5695;-136.52;-2.4;NORMAL;ACARS;;CONFIRMED;;;false;;;;false;;;;2026-09-28T00:00:00Z;SEED_BURNS_LEDGER;2026-09-28T00:00:00Z;SEED_BURNS_LEDGER
8bbdd55d-c75c-5ec0-9c85-27d7352a3b5e;6b20e117-1ec7-5efb-87a8-99e515019411;A223;N3196J;N3196J;2026-09-25;20:45:00;2026-09-25T20:51:10Z;2026-09-25T22:56:55Z;126;;;3177;3167.16;;;3177;-9.84;-0.31;NORMAL;ACARS;;CONFIRMED;;;false;;;;false;;;;2026-09-28T00:00:00Z;SEED_BURNS_LEDGER;2026-09-28T00:00:00Z;SEED_BURNS_LEDGER
0dadbdda-9bc9-590c-a75a-2f4212b64213;3340a320-8875-5871-b8fb-934bf4e32969;A320;N580JB;N580JB;2026-09-25;20:40:00;2026-09-25T20:53:54Z;2026-09-25T23:46:38Z;173;;;6205;6292.88;;;6205;87.88;1.42;NORMAL;ACARS;;CONFIRMED;;;false;;;;false;;;;2026-09-28T00:00:00Z;SEED_BURNS_LEDGER;2026-09-28T00:00:00Z;SEED_BURNS_LEDGER
d27e4dc4-8414-5389-a8df-87d839d7c25c;cdbebe9d-7591-52b4-af09-d15f5c630bea;A320;N568JB;N568JB;2026-09-25;20:45:00;2026-09-25T20:54:16Z;2026-09-25T23:46:12Z;172;;;5992;6240.74;;;5992;248.74;4.15;NORMAL;ACARS;;CONFIRMED;;;false;;;;false;;;;2026-09-28T00:00:00Z;SEED_BURNS_LEDGER;2026-09-28T00:00:00Z;SEED_BURNS_LEDGER
ee401a89-8a61-5e45-8ef1-ce8d7e545d92;c9908e8f-722b-5651-996a-637e34547391;A223;N3065J;N3065J;2026-09-25;20:45:00;2026-09-25T20:55:52Z;2026-09-25T23:49:06Z;173;;;4677;4946.75;;;4677;269.75;5.77;EXCEEDED;ACARS;;CONFIRMED;;;false;;;;false;;;;2026-09-28T00:00:00Z;SEED_BURNS_LEDGER;2026-09-28T00:00:00Z;SEED_BURNS_LEDGER
4e406099-76a3-5ce7-af14-237e84260eb7;ce6e4312-5b9c-534d-9ddd-f4262ff825fe;A223;N3322J;N3322J;2026-09-25;20:50:00;2026-09-25T20:56:11Z;2026-09-25T22:49:25Z;113;;;2570;2894.94;;;2570;324.94;12.64;EXCEEDED;ACARS;;CONFIRMED;;;false;;;;false;;;;2026-09-28T00:00:00Z;SEED_BURNS_LEDGER;2026-09-28T00:00:00Z;SEED_BURNS_LEDGER
b4bdd10c-f0df-558b-9c83-f32e8fbd3154;13601cba-57d5-5e59-b555-675f1526e205;A320;N652JB;N652JB;2026-09-25;20:55:00;2026-09-25T21:01:10Z;2026-09-25T23:02:20Z;121;;;4080;4133.05;;;4080;53.05;1.3;NORMAL;ACARS;;CONFIRMED;;;false;;;;false;;;;2026-09-28T00:00:00Z;SEED_BURNS_LEDGER;2026-09-28T00:00:00Z;SEED_BURNS_LEDGER
98a6e52c-323d-538e-b18f-5c27ea6f21d4;b2f31aa3-2b36-54a1-957c-c7831db55aca;A320;N784JB;N784JB;2026-09-25;19:30:00;2026-09-25T21:02:50Z;2026-09-25T23:49:44Z;167;;;5908;5993.93;;;5908;85.93;1.45;NORMAL;ACARS;;CONFIRMED;;;false;;;;false;;;;2026-09-28T00:00:00Z;SEED_BURNS_LEDGER;2026-09-28T00:00:00Z;SEED_BURNS_LEDGER
12384d9a-fd70-5284-94b5-7694c55e6e15;798e3f12-45ca-5f7d-aa2e-916423bab340;A223;N3162J;N3162J;2026-09-25;20:05:00;2026-09-25T21:04:06Z;2026-09-25T23:32:09Z;148;;;4213;4111.46;;;4213;-101.54;-2.41;NORMAL;ACARS;;CONFIRMED;;;false;;;;false;;;;2026-09-28T00:00:00Z;SEED_BURNS_LEDGER;2026-09-28T00:00:00Z;SEED_BURNS_LEDGER
45de2aa5-ef77-547b-af75-c72dbee617cd;e22edb18-88e5-5f6e-ab1b-c86dccfadab1;A321;N955JB;N955JB;2026-09-25;20:35:00;2026-09-25T21:04:54Z;2026-09-26T00:08:08Z;183;;;7466;7339.97;;;7466;-126.03;-1.69;NORMAL;ACARS;;CONFIRMED;;;false;;;;false;;;;2026-09-28T00:00:00Z;SEED_BURNS_LEDGER;2026-09-28T00:00:00Z;SEED_BURNS_LEDGER
eff9c309-260d-5610-9585-993cbdd701c5;77c704d7-078d-5f91-8dfb-c66a499a8e17;A223;N3221J;N3221J;2026-09-25;21:00:00;2026-09-25T21:10:36Z;2026-09-25T23:45:51Z;155;;;4427;4490.45;;;4427;63.45;1.43;NORMAL;ACARS;;CONFIRMED;;;false;;;;false;;;;2026-09-28T00:00:00Z;SEED_BURNS_LEDGER;2026-09-28T00:00:00Z;SEED_BURNS_LEDGER
fa0f6420-20c7-50ee-8d73-0dd0388e035d;ed6a9cd1-0575-5d8b-9f4c-08706bf02b8f;A320;N821JB;N821JB;2026-09-25;21:10:00;2026-09-25T21:15:21Z;2026-09-25T23:24:41Z;129;;;4335;4287;;;4335;-48;-1.11;NORMAL;ACARS;;CONFIRMED;;;false;;;;false;;;;2026-09-28T00:00:00Z;SEED_BURNS_LEDGER;2026-09-28T00:00:00Z;SEED_BURNS_LEDGER
b6179da0-0f21-5e9c-a90d-9758f8c39312;b4a9e9bc-f8fb-5d05-a801-1f3f150be749;A223;N3104J;N3104J;2026-09-25;19:55:00;2026-09-25T21:19:11Z;2026-09-26T03:17:57Z;359;;;11353;11570.58;;;11353;217.58;1.92;NORMAL;ACARS;;CONFIRMED;;;false;;;;false;;;;2026-09-28T00:00:00Z;SEED_BURNS_LEDGER;2026-09-28T00:00:00Z;SEED_BURNS_LEDGER
361fd812-1977-5af8-ae7f-92f943adb2a2;8fed1f90-21d9-5012-a9c1-8c45b0d5b8cf;A223;N3298J;N3298J;2026-09-25;21:20:00;2026-09-25T21:23:17Z;2026-09-26T01:39:03Z;256;;;8140;8160.67;;;8140;20.67;0.25;NORMAL;ACARS;;CONFIRMED;;;false;;;;false;;;;2026-09-28T00:00:00Z;SEED_BURNS_LEDGER;2026-09-28T00:00:00Z;SEED_BURNS_LEDGER
c9ab0851-d0ab-5f0d-9fcc-25ce0aa355e2;27ab55bb-2f19-5a19-b150-f61d33fe5804;A320;N547JB;N547JB;2026-09-25;21:20:00;2026-09-25T21:26:00Z;2026-09-26T00:08:10Z;162;;;5652;5995.96;;;5652;343.96;6.09;EXCEEDED;ACARS;;CONFIRMED;;;false;;;;false;;;;2026-09-28T00:00:00Z;SEED_BURNS_LEDGER;2026-09-28T00:00:00Z;SEED_BURNS_LEDGER
0d44559a-3eaa-5998-8a79-f1bbfdcbaaf2;d4f224a6-c2a5-5f96-8437-092d121e8c55;A320;N612JB;N612JB;2026-09-25;21:25:00;2026-09-25T21:28:06Z;2026-09-26T00:33:14Z;185;;;6630;6663.02;;;6630;33.02;0.5;NORMAL;ACARS;;CONFIRMED;;;false;;;;false;;;;2026-09-28T00:00:00Z;SEED_BURNS_LEDGER;2026-09-28T00:00:00Z;SEED_BURNS_LEDGER
47aaf8c5-68ee-5659-9ec8-1f30a100cc03;928e39a7-f78b-51d1-81ef-1a02f434e0d0;A320;N591JB;N591JB;2026-09-25;21:20:00;2026-09-25T21:28:38Z;2026-09-26T03:12:04Z;343;;;12962;13091.88;;;12962;129.88;1;NORMAL;ACARS;;CONFIRMED;;;false;;;;false;;;;2026-09-28T00:00:00Z;SEED_BURNS_LEDGER;2026-09-28T00:00:00Z;SEED_BURNS_LEDGER
5fa61776-862b-5ed1-b05a-0f7d28f0e777;f7aa6950-59fd-5d75-8209-7ac60bd9df35;A321;N980JT;N980JT;2026-09-25;21:25:00;2026-09-25T21:28:58Z;2026-09-26T02:01:08Z;272;;;12226;11767.32;;;12226;-458.68;-3.75;NORMAL;ACARS;;CONFIRMED;;;false;;;;false;;;;2026-09-28T00:00:00Z;SEED_BURNS_LEDGER;2026-09-28T00:00:00Z;SEED_BURNS_LEDGER
4d365023-8c95-5568-8375-0365539747d5;8ceae484-e2b6-5bc6-a0da-054c021cd184;A223;N3102J;N3102J;2026-09-25;21:25:00;2026-09-25T21:32:31Z;2026-09-26T00:15:08Z;163;;;4355;4480.65;;;4355;125.65;2.89;NORMAL;ACARS;;CONFIRMED;;;false;;;;false;;;;2026-09-28T00:00:00Z;SEED_BURNS_LEDGER;2026-09-28T00:00:00Z;SEED_BURNS_LEDGER
9e2e3302-85e9-56d3-a112-01740d36d43b;130f5285-25a1-59f0-bad4-693e15011803;A223;N3308J;N3308J;2026-09-25;21:30:00;2026-09-25T21:33:40Z;2026-09-25T22:53:56Z;80;;;1785;1833.99;;;1785;48.99;2.74;NORMAL;ACARS;;CONFIRMED;;;false;;;;false;;;;2026-09-28T00:00:00Z;SEED_BURNS_LEDGER;2026-09-28T00:00:00Z;SEED_BURNS_LEDGER
5d74a828-74ba-5b92-ab1e-2aebbac61b0d;24bfdbd4-8226-5070-88b4-5088fbe3c469;A223;N3251J;N3251J;2026-09-25;21:25:00;2026-09-25T21:33:57Z;2026-09-26T01:40:15Z;246;;;7676;7838.92;;;7676;162.92;2.12;NORMAL;ACARS;;CONFIRMED;;;false;;;;false;;;;2026-09-28T00:00:00Z;SEED_BURNS_LEDGER;2026-09-28T00:00:00Z;SEED_BURNS_LEDGER
cac6032e-5c78-5d09-a7d0-313355ba1d32;6ed1a984-6323-5835-900e-df40d196ae66;A320;N638JB;N638JB;2026-09-25;21:35:00;2026-09-25T21:36:10Z;2026-09-26T03:27:00Z;351;;;13770;13223.62;;;13770;-546.38;-3.97;NORMAL;ACARS;;CONFIRMED;;;false;;;;false;;;;2026-09-28T00:00:00Z;SEED_BURNS_LEDGER;2026-09-28T00:00:00Z;SEED_BURNS_LEDGER
3217bd16-9d58-59b9-8f95-f4e358c74bf0;94f90005-98c1-531c-a735-19e5bfaeee5f;A320;N640JB;N640JB;2026-09-25;21:25:00;2026-09-25T21:36:49Z;2026-09-26T00:13:48Z;157;;;5865;5690.34;;;5865;-174.66;-2.98;NORMAL;ACARS;;CONFIRMED;;;false;;;;false;;;;2026-09-28T00:00:00Z;SEED_BURNS_LEDGER;2026-09-28T00:00:00Z;SEED_BURNS_LEDGER
4ea8f631-d2dd-5a8a-a779-eb39b04a3462;867757ed-46e4-5dbd-b0fb-23ad6abbdba5;A321;N944JT;N944JT;2026-09-25;21:35:00;2026-09-25T21:39:06Z;2026-09-26T03:33:37Z;355;;;15749;15555.19;;;15749;-193.81;-1.23;NORMAL;ACARS;;CONFIRMED;;;false;;;;false;;;;2026-09-28T00:00:00Z;SEED_BURNS_LEDGER;2026-09-28T00:00:00Z;SEED_BURNS_LEDGER
f000474a-8efd-5382-a6e7-42d316a43f70;7f7f6833-d135-52c7-8506-b15457fe7413;A320;N608JB;N608JB;2026-09-25;21:40:00;2026-09-25T21:44:15Z;2026-09-25T23:41:47Z;118;;;4165;4051.73;;;4165;-113.27;-2.72;NORMAL;ACARS;;CONFIRMED;;;false;;;;false;;;;2026-09-28T00:00:00Z;SEED_BURNS_LEDGER;2026-09-28T00:00:00Z;SEED_BURNS_LEDGER
0c654ad9-5f17-5d96-8cbb-68b7900fe04b;d0acdad2-c14f-54e6-bd92-599e35273020;A223;N3142J;N3142J;2026-09-25;21:45:00;2026-09-25T21:46:20Z;2026-09-25T23:30:44Z;104;;;2606;2650.46;;;2606;44.46;1.71;NORMAL;ACARS;;CONFIRMED;;;false;;;;false;;;;2026-09-28T00:00:00Z;SEED_BURNS_LEDGER;2026-09-28T00:00:00Z;SEED_BURNS_LEDGER
f7cdbdfc-b9e6-5332-99d0-5934bd831116;af5a3a3e-5be5-5275-b158-e885e7d4b984;A21N;N2142J;N2142J;2026-09-25;21:40:00;2026-09-25T21:47:20Z;2026-09-26T03:58:14Z;371;;;13076;12276.66;;;13076;-799.34;-6.11;EXCEEDED;ACARS;;CONFIRMED;;;false;;;;false;;;;2026-09-28T00:00:00Z;SEED_BURNS_LEDGER;2026-09-28T00:00:00Z;SEED_BURNS_LEDGER
6f63d357-b11e-5819-9773-5179bf5b79e6;b172b0cb-31aa-5ad2-9570-423a8f95cb47;A223;N3125J;N3125J;2026-09-25;21:45:00;2026-09-25T21:50:20Z;2026-09-26T00:24:50Z;154;;;4534;4375.66;;;4534;-158.34;-3.49;NORMAL;ACARS;;CONFIRMED;;;false;;;;false;;;;2026-09-28T00:00:00Z;SEED_BURNS_LEDGER;2026-09-28T00:00:00Z;SEED_BURNS_LEDGER
e61f9291-2ad1-548c-b17d-65a8b47ffe4b;b0b767df-84c7-5b9d-9879-54a3b38f9838;A223;N3261J;N3261J;2026-09-25;21:45:00;2026-09-25T21:51:10Z;2026-09-25T23:25:56Z;95;;;1928;2132.87;;;1928;204.87;10.63;EXCEEDED;ACARS;;CONFIRMED;;;false;;;;false;;;;2026-09-28T00:00:00Z;SEED_BURNS_LEDGER;2026-09-28T00:00:00Z;SEED_BURNS_LEDGER
c28ef830-d2fa-53ad-9830-f9fe5afcfc18;bdca1331-0973-57db-8c7f-3b33b06aada1;A21N;N2193J;N2193J;2026-09-25;20:25:00;2026-09-25T21:54:48Z;2026-09-26T03:26:48Z;332;;;11094;11432.14;;;11094;338.14;3.05;NORMAL;ACARS;;CONFIRMED;;;false;;;;false;;;;2026-09-28T00:00:00Z;SEED_BURNS_LEDGER;2026-09-28T00:00:00Z;SEED_BURNS_LEDGER
52f66cda-ef2b-597a-85b0-9a92a2f15d34;28e33f9b-ba0b-5526-9553-4ba2c26144bd;A320;N729JB;N729JB;2026-09-25;21:50:00;2026-09-25T21:56:10Z;2026-09-26T00:33:08Z;157;;;5228;5616.35;;;5228;388.35;7.43;EXCEEDED;ACARS;;CONFIRMED;;;false;;;;false;;;;2026-09-28T00:00:00Z;SEED_BURNS_LEDGER;2026-09-28T00:00:00Z;SEED_BURNS_LEDGER
e769137c-fa5e-5af4-8b22-35d392d783c8;075ba7b8-b358-5bcc-ae3d-955a10d8760e;A320;N653JB;N653JB;2026-09-25;21:50:00;2026-09-25T21:56:20Z;2026-09-25T22:50:58Z;55;;;1445;1376.61;;;1445;-68.39;-4.73;NORMAL;ACARS;;CONFIRMED;;;false;;;;false;;;;2026-09-28T00:00:00Z;SEED_BURNS_LEDGER;2026-09-28T00:00:00Z;SEED_BURNS_LEDGER
34b01030-d350-564d-b109-2fb701433b77;7c039b53-68d7-5684-a3f0-9dc959124392;A320;N565JB;N565JB;2026-09-25;21:50:00;2026-09-25T21:56:20Z;2026-09-26T00:47:56Z;172;;;6460;6327.09;;;6460;-132.91;-2.06;NORMAL;ACARS;;CONFIRMED;;;false;;;;false;;;;2026-09-28T00:00:00Z;SEED_BURNS_LEDGER;2026-09-28T00:00:00Z;SEED_BURNS_LEDGER
a3f8f4fd-0f24-5eee-9c6a-9948edb3e33e;c74a2dd5-52c9-5c5a-9844-4006fdf21197;A320;N605JB;N605JB;2026-09-25;21:55:00;2026-09-25T21:59:16Z;2026-09-25T23:48:15Z;109;;;3570;3626.96;;;3570;56.96;1.6;NORMAL;ACARS;;CONFIRMED;;;false;;;;false;;;;2026-09-28T00:00:00Z;SEED_BURNS_LEDGER;2026-09-28T00:00:00Z;SEED_BURNS_LEDGER
296b8989-e5d3-542d-9b3b-d240600cdc6a;8417852d-40cd-5e41-a2b3-6cd5c118e543;A320;N806JB;N806JB;2026-09-25;21:55:00;2026-09-25T21:59:16Z;2026-09-26T00:17:04Z;138;;;4718;4855.96;;;4718;137.96;2.92;NORMAL;ACARS;;CONFIRMED;;;false;;;;false;;;;2026-09-28T00:00:00Z;SEED_BURNS_LEDGER;2026-09-28T00:00:00Z;SEED_BURNS_LEDGER
b31f4310-d482-5786-aca7-1307c8f2237e;b42ce5f1-17d2-536b-bd77-ff7281452e2f;A320;N594JB;N594JB;2026-09-25;21:55:00;2026-09-25T22:01:18Z;2026-09-26T01:48:01Z;227;;;8840;8257.93;;;8840;-582.07;-6.58;EXCEEDED;ACARS;;CONFIRMED;;;false;;;;false;;;;2026-09-28T00:00:00Z;SEED_BURNS_LEDGER;2026-09-28T00:00:00Z;SEED_BURNS_LEDGER
9b87adeb-ae40-5d28-9ba4-8e80cc25188d;1fafc2a2-e54c-5abe-a93a-ad48a58425e8;A321;N969JT;N969JT;2026-09-25;22:00:00;2026-09-25T22:02:00Z;2026-09-26T03:57:59Z;356;;;14797;15653.18;;;14797;856.18;5.79;EXCEEDED;ACARS;;CONFIRMED;;;false;;;;false;;;;2026-09-28T00:00:00Z;SEED_BURNS_LEDGER;2026-09-28T00:00:00Z;SEED_BURNS_LEDGER
cca0826d-3454-58ad-a350-2a0fee91be6b;cfed5b7e-3222-5550-aae3-cde0444eebdb;A321;N979JT;N979JT;2026-09-25;21:50:00;2026-09-25T22:03:00Z;2026-09-26T03:55:58Z;353;;;15178;14807.13;;;15178;-370.87;-2.44;NORMAL;ACARS;;CONFIRMED;;;false;;;;false;;;;2026-09-28T00:00:00Z;SEED_BURNS_LEDGER;2026-09-28T00:00:00Z;SEED_BURNS_LEDGER
86a37f9d-54f7-58b8-8b32-cbd922977327;5ace5d0a-3dfd-5564-b84c-dfb947571032;A223;N3189J;N3189J;2026-09-25;21:55:00;2026-09-25T22:03:31Z;2026-09-26T03:52:29Z;349;;;10960;11334.14;;;10960;374.14;3.41;NORMAL;ACARS;;CONFIRMED;;;false;;;;false;;;;2026-09-28T00:00:00Z;SEED_BURNS_LEDGER;2026-09-28T00:00:00Z;SEED_BURNS_LEDGER
da8a5897-b4a0-5cf9-83ea-53eda7457d0d;68e2bb4b-1459-595f-8387-61569aa98c42;A320;N595JB;N595JB;2026-09-25;21:55:00;2026-09-25T22:04:50Z;2026-09-26T01:13:50Z;189;;;6885;6490.84;;;6885;-394.16;-5.72;EXCEEDED;ACARS;;CONFIRMED;;;false;;;;false;;;;2026-09-28T00:00:00Z;SEED_BURNS_LEDGER;2026-09-28T00:00:00Z;SEED_BURNS_LEDGER
34fa4e6b-a7c0-5312-809f-4ad62146e646;30cf8386-0154-56a3-9c15-07288e466697;A21N;N2151J;N2151J;2026-09-25;22:00:00;2026-09-25T22:06:01Z;2026-09-26T03:45:29Z;339;;;11393;11356.44;;;11393;-36.56;-0.32;NORMAL;ACARS;;CONFIRMED;;;false;;;;false;;;;2026-09-28T00:00:00Z;SEED_BURNS_LEDGER;2026-09-28T00:00:00Z;SEED_BURNS_LEDGER
1bac66af-e9da-509c-85fc-6e9149d34bed;70477ab8-0230-5cc8-88b9-84c651f202d4;A21N;N2157J;N2157J;2026-09-25;20:50:00;2026-09-25T22:07:22Z;2026-09-26T03:54:52Z;347;;;11543;11590.37;;;11543;47.37;0.41;NORMAL;ACARS;;CONFIRMED;;;false;;;;false;;;;2026-09-28T00:00:00Z;SEED_BURNS_LEDGER;2026-09-28T00:00:00Z;SEED_BURNS_LEDGER
19f1ca6e-1e9b-546b-98f1-b06e8d30d5d1;fbfb636c-e477-56c4-8c6c-e53c9296aac2;A321;N945JT;N945JT;2026-09-25;22:00:00;2026-09-25T22:08:37Z;2026-09-26T03:41:36Z;333;;;14654;14817.94;;;14654;163.94;1.12;NORMAL;ACARS;;CONFIRMED;;;false;;;;false;;;;2026-09-28T00:00:00Z;SEED_BURNS_LEDGER;2026-09-28T00:00:00Z;SEED_BURNS_LEDGER
8a705563-5e73-5d99-bf1f-c259c0b6e32d;59a4fc44-66b6-5488-8946-2cf05e5a49ff;A223;N3157J;N3157J;2026-09-25;22:05:00;2026-09-25T22:09:01Z;2026-09-26T00:19:24Z;130;;;3463;3541.04;;;3463;78.04;2.25;NORMAL;ACARS;;CONFIRMED;;;false;;;;false;;;;2026-09-28T00:00:00Z;SEED_BURNS_LEDGER;2026-09-28T00:00:00Z;SEED_BURNS_LEDGER
baf8ef8e-57b9-5a26-9483-ac0cc111702d;f7acde22-855f-5691-bd28-7117de1fdc34;A223;N3121J;N3121J;2026-09-25;22:00:00;2026-09-25T22:10:16Z;2026-09-26T00:03:36Z;113;;;2963;2952.07;;;2963;-10.93;-0.37;NORMAL;ACARS;;CONFIRMED;;;false;;;;false;;;;2026-09-28T00:00:00Z;SEED_BURNS_LEDGER;2026-09-28T00:00:00Z;SEED_BURNS_LEDGER
4fa3f966-6af2-5ed6-a5c8-e3628b9cf862;d5f89f92-db8b-55a1-8107-92c3df854003;A320;N561JB;N561JB;2026-09-25;22:00:00;2026-09-25T22:12:00Z;2026-09-26T02:50:18Z;278;;;11050;10644.7;;;11050;-405.3;-3.67;NORMAL;ACARS;;CONFIRMED;;;false;;;;false;;;;2026-09-28T00:00:00Z;SEED_BURNS_LEDGER;2026-09-28T00:00:00Z;SEED_BURNS_LEDGER
f0a355cc-9273-5780-a5d7-2e6a10305eb2;95cc72e2-8950-507b-8cf4-30a21a686e55;A320;N645JB;N645JB;2026-09-25;22:05:00;2026-09-25T22:12:01Z;2026-09-26T00:41:48Z;150;;;5610;5473.45;;;5610;-136.55;-2.43;NORMAL;ACARS;;CONFIRMED;;;false;;;;false;;;;2026-09-28T00:00:00Z;SEED_BURNS_LEDGER;2026-09-28T00:00:00Z;SEED_BURNS_LEDGER
db9442d3-b028-52dc-a023-08947852e381;15a4c315-f18f-5758-a806-909fb6bbf2c9;A223;N3271J;N3271J;2026-09-25;22:05:00;2026-09-25T22:12:51Z;2026-09-25T23:55:04Z;102;;;2285;2389.88;;;2285;104.88;4.59;NORMAL;ACARS;;CONFIRMED;;;false;;;;false;;;;2026-09-28T00:00:00Z;SEED_BURNS_LEDGER;2026-09-28T00:00:00Z;SEED_BURNS_LEDGER
e6c16b23-f014-5eb3-bc9f-4ca920d383d9;10d5d602-5dbc-5c7d-bab5-51f106c36e4e;A320;N579JB;N579JB;2026-09-25;22:10:00;2026-09-25T22:13:26Z;2026-09-26T00:29:07Z;136;;;4122;4333.12;;;4122;211.12;5.12;EXCEEDED;ACARS;;CONFIRMED;;;false;;;;false;;;;2026-09-28T00:00:00Z;SEED_BURNS_LEDGER;2026-09-28T00:00:00Z;SEED_BURNS_LEDGER
105dbc0d-a6c7-51b5-a9f7-25057646d7c7;fba02558-8c43-5d8e-a33a-7c397a206bb2;A223;N3289J;N3289J;2026-09-25;21:35:00;2026-09-25T22:16:01Z;2026-09-26T00:12:49Z;117;;;2963;3026.94;;;2963;63.94;2.16;NORMAL;ACARS;;CONFIRMED;;;false;;;;false;;;;2026-09-28T00:00:00Z;SEED_BURNS_LEDGER;2026-09-28T00:00:00Z;SEED_BURNS_LEDGER
bca7d66f-2214-5a9e-94b5-2459c6e5556b;2d79d0c7-9ee1-5029-b698-3bdc3896b023;A321;N943JT;N943JT;2026-09-25;22:10:00;2026-09-25T22:16:04Z;2026-09-26T03:10:19Z;294;;;12940;12524.7;;;12940;-415.3;-3.21;NORMAL;ACARS;;CONFIRMED;;;false;;;;false;;;;2026-09-28T00:00:00Z;SEED_BURNS_LEDGER;2026-09-28T00:00:00Z;SEED_BURNS_LEDGER
efbae10b-2e05-5562-87a3-80e35fa9288b;be12ae2b-8c96-5b10-b3f9-5e5561d5eb65;A321;N993JE;N993JE;2026-09-25;22:10:00;2026-09-25T22:19:45Z;2026-09-26T03:59:06Z;339;;;15606;14881.1;;;15606;-724.9;-4.65;NORMAL;ACARS;;CONFIRMED;;;false;;;;false;;;;2026-09-28T00:00:00Z;SEED_BURNS_LEDGER;2026-09-28T00:00:00Z;SEED_BURNS_LEDGER
afbaa7d2-7bb0-51dd-b230-50d1fef21048;d14ca1b1-063e-51b8-8917-732b9fe61a6a;A21N;N4073J;N4073J;2026-09-25;22:15:00;2026-09-25T22:21:59Z;2026-09-26T05:15:56Z;414;;;14236;14161.64;;;14236;-74.36;-0.52;NORMAL;ACARS;;CONFIRMED;;;false;;;;false;;;;2026-09-28T00:00:00Z;SEED_BURNS_LEDGER;2026-09-28T00:00:00Z;SEED_BURNS_LEDGER
857c038a-1e1f-5e49-8f2a-bfec0da6dfe1;17fffe01-6d64-51f3-894f-9b11c293bae1;A320;N646JB;N646JB;2026-09-25;22:20:00;2026-09-25T22:23:54Z;2026-09-26T02:53:52Z;270;;;10540;10375.66;;;10540;-164.34;-1.56;NORMAL;ACARS;;CONFIRMED;;;false;;;;false;;;;2026-09-28T00:00:00Z;SEED_BURNS_LEDGER;2026-09-28T00:00:00Z;SEED_BURNS_LEDGER
581b2dea-faaa-5ae1-9d51-2be545108ed6;e0703430-1bb7-57c1-aec8-c5be057a5a4e;A21N;N4064J;N4064J;2026-09-25;22:15:00;2026-09-25T22:24:15Z;2026-09-26T05:54:46Z;451;;;15807;15644.6;;;15807;-162.4;-1.03;NORMAL;ACARS;;CONFIRMED;;;false;;;;false;;;;2026-09-28T00:00:00Z;SEED_BURNS_LEDGER;2026-09-28T00:00:00Z;SEED_BURNS_LEDGER
afc13fe1-eafa-5806-a538-7ca199264d7d;6dc4a3ac-d710-520d-b1a4-11f9f705683e;A321;N999JQ;N999JQ;2026-09-25;22:15:00;2026-09-25T22:24:50Z;2026-09-26T04:19:36Z;355;;;15178;15311.85;;;15178;133.85;0.88;NORMAL;ACARS;;CONFIRMED;;;false;;;;false;;;;2026-09-28T00:00:00Z;SEED_BURNS_LEDGER;2026-09-28T00:00:00Z;SEED_BURNS_LEDGER
67c3110a-741f-5b87-a62c-1c4fba0d70f4;8b9be142-e790-54c1-a733-06c51f41c104;A320;N633JB;N633JB;2026-09-25;22:15:00;2026-09-25T22:24:56Z;2026-09-26T01:29:28Z;185;;;6588;6759.23;;;6588;171.23;2.6;NORMAL;ACARS;;CONFIRMED;;;false;;;;false;;;;2026-09-28T00:00:00Z;SEED_BURNS_LEDGER;2026-09-28T00:00:00Z;SEED_BURNS_LEDGER
79cf9617-6602-5cbb-9656-2f7502cdb13e;a5163977-f6c6-591d-9f57-142c801734d1;A223;N3112J;N3112J;2026-09-25;22:20:00;2026-09-25T22:25:56Z;2026-09-25T23:39:23Z;73;;;1250;1461.81;;;1250;211.81;16.94;EXCEEDED;ACARS;;CONFIRMED;;;false;;;;false;;;;2026-09-28T00:00:00Z;SEED_BURNS_LEDGER;2026-09-28T00:00:00Z;SEED_BURNS_LEDGER
802732c0-6a1b-5e3f-95c3-7325356c98be;907240bc-56e6-5f82-a4f7-6e4eadca7234;A320;N627JB;N627JB;2026-09-25;22:25:00;2026-09-25T22:26:25Z;2026-09-26T01:21:03Z;175;;;6418;6284.42;;;6418;-133.58;-2.08;NORMAL;ACARS;;CONFIRMED;;;false;;;;false;;;;2026-09-28T00:00:00Z;SEED_BURNS_LEDGER;2026-09-28T00:00:00Z;SEED_BURNS_LEDGER
12cb4a48-f900-5bbd-bb66-58bd20b7699f;1021e7bf-3c53-5680-a2eb-57dea314e122;A320;N508JL;N508JL;2026-09-25;22:30:00;2026-09-25T22:31:59Z;2026-09-26T02:16:41Z;225;;;8118;8412.88;;;8118;294.88;3.63;NORMAL;ACARS;;CONFIRMED;;;false;;;;false;;;;2026-09-28T00:00:00Z;SEED_BURNS_LEDGER;2026-09-28T00:00:00Z;SEED_BURNS_LEDGER
0717cae5-069b-5927-ad16-f94b6aea078b;5808ba57-c5f9-57fa-a7aa-b69ea95431b8;A321;N967JT;N967JT;2026-09-25;21:50:00;2026-09-25T22:33:39Z;2026-09-26T04:11:34Z;338;;;14940;14685.06;;;14940;-254.94;-1.71;NORMAL;ACARS;;CONFIRMED;;;false;;;;false;;;;2026-09-28T00:00:00Z;SEED_BURNS_LEDGER;2026-09-28T00:00:00Z;SEED_BURNS_LEDGER
5431594b-b48a-5858-8e32-1b4fc6dd39dd;6daf67fb-0f0f-5457-9851-b55ba7acc3db;A320;N559JB;N559JB;2026-09-25;22:25:00;2026-09-25T22:34:19Z;2026-09-26T01:06:29Z;152;;;5355;5292.11;;;5355;-62.89;-1.17;NORMAL;ACARS;;CONFIRMED;;;false;;;;false;;;;2026-09-28T00:00:00Z;SEED_BURNS_LEDGER;2026-09-28T00:00:00Z;SEED_BURNS_LEDGER
614ff35d-aa17-5d5b-a008-dc10fd76142c;79b769a4-d2b9-527b-a723-2cf5d0a90406;A223;N3240J;N3240J;2026-09-25;22:35:00;2026-09-25T22:38:15Z;2026-09-25T23:59:30Z;81;;;1714;1817.81;;;1714;103.81;6.06;EXCEEDED;ACARS;;CONFIRMED;;;false;;;;false;;;;2026-09-28T00:00:00Z;SEED_BURNS_LEDGER;2026-09-28T00:00:00Z;SEED_BURNS_LEDGER
0bd464de-180f-586a-b001-1d0dab3ce81f;6fec8241-045f-5c64-a618-1872de5e20c3;A320;N636JB;N636JB;2026-09-25;22:30:00;2026-09-25T22:38:27Z;2026-09-26T00:25:04Z;107;;;3570;3372.92;;;3570;-197.08;-5.52;EXCEEDED;ACARS;;CONFIRMED;;;false;;;;false;;;;2026-09-28T00:00:00Z;SEED_BURNS_LEDGER;2026-09-28T00:00:00Z;SEED_BURNS_LEDGER
fbc24dab-8468-5fb9-b7a5-41405fb3560a;37a0be28-6204-5328-a450-7113e8830319;A223;N3260J;N3260J;2026-09-25;22:35:00;2026-09-25T22:40:05Z;2026-09-26T01:18:49Z;159;;;4605;4496.81;;;4605;-108.19;-2.35;NORMAL;ACARS;;CONFIRMED;;;false;;;;false;;;;2026-09-28T00:00:00Z;SEED_BURNS_LEDGER;2026-09-28T00:00:00Z;SEED_BURNS_LEDGER
e53bc572-160c-59ab-8029-14ec4fdd2de2;1aa4305a-3732-5c01-8e1b-f6dc77789b2f;A320;N564JB;N564JB;2026-09-25;21:50:00;2026-09-25T22:44:38Z;2026-09-26T01:46:05Z;181;;;6502;6396.29;;;6502;-105.71;-1.63;NORMAL;ACARS;;CONFIRMED;;;false;;;;false;;;;2026-09-28T00:00:00Z;SEED_BURNS_LEDGER;2026-09-28T00:00:00Z;SEED_BURNS_LEDGER
a20f19d3-88f7-5043-97f3-a68c0d7fef58;a44f6485-1b0c-5bef-a50e-7c9578216c1a;A321;N935JB;N935JB;2026-09-25;22:45:00;2026-09-25T22:47:25Z;2026-09-26T04:58:36Z;371;;;15416;15960.29;;;15416;544.29;3.53;NORMAL;ACARS;;CONFIRMED;;;false;;;;false;;;;2026-09-28T00:00:00Z;SEED_BURNS_LEDGER;2026-09-28T00:00:00Z;SEED_BURNS_LEDGER
f5a9f9f8-d64d-5b13-9692-1129765282f1;9482f76b-753c-5ca3-b3fc-525aa177042a;A320;N585JB;N585JB;2026-09-25;22:45:00;2026-09-25T22:51:40Z;2026-09-26T00:40:11Z;109;;;3655;3550.85;;;3655;-104.15;-2.85;NORMAL;ACARS;;CONFIRMED;;;false;;;;false;;;;2026-09-28T00:00:00Z;SEED_BURNS_LEDGER;2026-09-28T00:00:00Z;SEED_BURNS_LEDGER
5ca3e855-69c1-594d-935b-244234b1ffc7;4f85c0e3-c20e-59a1-9f40-593801fd6cbf;A320;N746JB;N746JB;2026-09-25;22:50:00;2026-09-25T22:57:55Z;2026-09-26T03:27:56Z;270;;;9902;10068.32;;;9902;166.32;1.68;NORMAL;ACARS;;CONFIRMED;;;false;;;;false;;;;2026-09-28T00:00:00Z;SEED_BURNS_LEDGER;2026-09-28T00:00:00Z;SEED_BURNS_LEDGER
4e43027c-1dae-53ed-8fa1-091371b011e9;19be25b8-0899-51b5-9ebc-9832463edb7b;A321;N947JB;N947JB;2026-09-25;22:50:00;2026-09-25T22:58:07Z;2026-09-26T04:02:47Z;305;;;13416;12899.63;;;13416;-516.37;-3.85;NORMAL;ACARS;;CONFIRMED;;;false;;;;false;;;;2026-09-28T00:00:00Z;SEED_BURNS_LEDGER;2026-09-28T00:00:00Z;SEED_BURNS_LEDGER
94e36a5e-bd60-51fd-97ed-7f33d540d6ff;74bbf956-8336-5ee2-af7a-9ec78763a82f;A223;N3132J;N3132J;2026-09-25;21:45:00;2026-09-25T22:58:11Z;2026-09-26T00:58:04Z;120;;;3034;3303.18;;;3034;269.18;8.87;EXCEEDED;ACARS;;CONFIRMED;;;false;;;;false;;;;2026-09-28T00:00:00Z;SEED_BURNS_LEDGER;2026-09-28T00:00:00Z;SEED_BURNS_LEDGER
b5fe822d-2dd2-5647-a659-b66984c306ca;0910ab4b-bcc0-5e2e-a60b-2c27ebf18f1d;A320;N613JB;N613JB;2026-09-25;22:55:00;2026-09-25T22:58:54Z;2026-09-26T01:31:26Z;153;;;5270;5332.48;;;5270;62.48;1.19;NORMAL;ACARS;;CONFIRMED;;;false;;;;false;;;;2026-09-28T00:00:00Z;SEED_BURNS_LEDGER;2026-09-28T00:00:00Z;SEED_BURNS_LEDGER
110d51fc-5132-53c3-982e-bbf16df95925;e5d28c1e-1182-52a7-8fae-f802219fd953;A320;N588JB;N588JB;2026-09-25;22:55:00;2026-09-25T23:04:33Z;2026-09-26T02:11:55Z;187;;;6842;6816.6;;;6842;-25.4;-0.37;NORMAL;ACARS;;CONFIRMED;;;false;;;;false;;;;2026-09-28T00:00:00Z;SEED_BURNS_LEDGER;2026-09-28T00:00:00Z;SEED_BURNS_LEDGER
fb7041f0-b1da-51d8-8b56-02a3f1c02c88;14ed8e5f-499e-5c89-99a1-a28bd891f8c0;A223;N3241J;N3241J;2026-09-25;23:05:00;2026-09-25T23:06:31Z;2026-09-26T00:47:04Z;101;;;2285;2483.99;;;2285;198.99;8.71;EXCEEDED;ACARS;;CONFIRMED;;;false;;;;false;;;;2026-09-28T00:00:00Z;SEED_BURNS_LEDGER;2026-09-28T00:00:00Z;SEED_BURNS_LEDGER
e09ea2a4-be86-58da-bb1d-a5f107911238;18ace5fb-8902-59c5-80ed-18155d9a7b6e;A321;N997JL;N997JL;2026-09-25;23:00:00;2026-09-25T23:07:56Z;2026-09-26T01:56:00Z;168;;;6705;6653.25;;;6705;-51.75;-0.77;NORMAL;ACARS;;CONFIRMED;;;false;;;;false;;;;2026-09-28T00:00:00Z;SEED_BURNS_LEDGER;2026-09-28T00:00:00Z;SEED_BURNS_LEDGER
a2505c91-ba30-56ac-9b2a-a66a268d9b0c;8efff1e0-9cac-55a5-86ec-64caee5b1cc4;A320;N571JB;N571JB;2026-09-25;23:05:00;2026-09-25T23:08:21Z;2026-09-26T01:49:50Z;161;;;6035;5782.01;;;6035;-252.99;-4.19;NORMAL;ACARS;;CONFIRMED;;;false;;;;false;;;;2026-09-28T00:00:00Z;SEED_BURNS_LEDGER;2026-09-28T00:00:00Z;SEED_BURNS_LEDGER
8206d281-5705-599a-a7dc-fe27102dff28;b3710b5a-7437-5455-9605-9494416ae692;A223;N3284J;N3284J;2026-09-25;23:15:00;2026-09-25T23:17:38Z;2026-09-26T02:11:03Z;173;;;4927;5206.84;;;4927;279.84;5.68;EXCEEDED;ACARS;;CONFIRMED;;;false;;;;false;;;;2026-09-28T00:00:00Z;SEED_BURNS_LEDGER;2026-09-28T00:00:00Z;SEED_BURNS_LEDGER
74b044da-4029-5909-9089-59f61b0186a4;a342edfe-a6be-5a90-b91c-d8f3e579eb3f;A223;N3196J;N3196J;2026-09-25;23:10:00;2026-09-25T23:19:40Z;2026-09-26T01:00:26Z;101;;;2142;2243.28;;;2142;101.28;4.73;NORMAL;ACARS;;CONFIRMED;;;false;;;;false;;;;2026-09-28T00:00:00Z;SEED_BURNS_LEDGER;2026-09-28T00:00:00Z;SEED_BURNS_LEDGER
d47aa937-7115-54c5-b7df-f19a4cbc1612;7b96cc5b-5595-58d7-aa4b-55db027a3635;A223;N3215J;N3215J;2026-09-25;23:20:00;2026-09-25T23:20:32Z;2026-09-26T04:16:52Z;296;;;9746;9384.29;;;9746;-361.71;-3.71;NORMAL;ACARS;;CONFIRMED;;;false;;;;false;;;;2026-09-28T00:00:00Z;SEED_BURNS_LEDGER;2026-09-28T00:00:00Z;SEED_BURNS_LEDGER
0fe41c5d-0f6a-571c-9668-962887841e2f;f983e85b-7562-56e2-a6c7-f1d3bab9e850;A320;N603JB;N603JB;2026-09-25;23:15:00;2026-09-25T23:21:58Z;2026-09-26T00:54:34Z;93;;;2720;2898.23;;;2720;178.23;6.55;EXCEEDED;ACARS;;CONFIRMED;;;false;;;;false;;;;2026-09-28T00:00:00Z;SEED_BURNS_LEDGER;2026-09-28T00:00:00Z;SEED_BURNS_LEDGER
db0ac5ae-a4e8-5b3b-be40-dcce154514d5;42b3076e-2b9a-56e9-8e1c-83ad38a87914;A321;N959JB;N959JB;2026-09-25;23:20:00;2026-09-25T23:22:24Z;2026-09-26T02:03:46Z;161;;;6038;6267.88;;;6038;229.88;3.81;NORMAL;ACARS;;CONFIRMED;;;false;;;;false;;;;2026-09-28T00:00:00Z;SEED_BURNS_LEDGER;2026-09-28T00:00:00Z;SEED_BURNS_LEDGER
34a80fc9-d5a4-5cc9-83d0-a1a23ab82f28;a5d73d85-2156-5a8e-b4e6-573a90993812;A320;N531JL;N531JL;2026-09-25;23:25:00;2026-09-25T23:25:14Z;2026-09-26T02:14:53Z;170;;;6290;6222.5;;;6290;-67.5;-1.07;NORMAL;ACARS;;CONFIRMED;;;false;;;;false;;;;2026-09-28T00:00:00Z;SEED_BURNS_LEDGER;2026-09-28T00:00:00Z;SEED_BURNS_LEDGER
a94b47b2-2fa2-5793-af01-e82cd8604c7d;4e1d0089-a05a-5424-af05-3ee3b19a85db;A320;N520JB;N520JB;2026-09-25;23:20:00;2026-09-25T23:26:17Z;2026-09-26T02:45:24Z;199;;;7182;7032.83;;;7182;-149.17;-2.08;NORMAL;ACARS;;CONFIRMED;;;false;;;;false;;;;2026-09-28T00:00:00Z;SEED_BURNS_LEDGER;2026-09-28T00:00:00Z;SEED_BURNS_LEDGER
d36599e1-aad3-5293-898f-cea1178c6786;419d1889-4e63-51a9-a7ea-d9d94402c7cd;A223;N3062J;N3062J;2026-09-25;23:15:00;2026-09-25T23:26:20Z;2026-09-26T00:52:58Z;87;;;1749;1900.13;;;1749;151.13;8.64;EXCEEDED;ACARS;;CONFIRMED;;;false;;;;false;;;;2026-09-28T00:00:00Z;SEED_BURNS_LEDGER;2026-09-28T00:00:00Z;SEED_BURNS_LEDGER
89375fbf-4c3e-5977-8359-80c0c908b6cb;21aa5f02-fe73-5c1c-970f-fd76b75ab94d;A321;N949JT;N949JT;2026-09-25;23:15:00;2026-09-25T23:27:34Z;2026-09-26T05:15:22Z;348;;;15749;15342.81;;;15749;-406.19;-2.58;NORMAL;ACARS;;CONFIRMED;;;false;;;;false;;;;2026-09-28T00:00:00Z;SEED_BURNS_LEDGER;2026-09-28T00:00:00Z;SEED_BURNS_LEDGER
e486a90c-e606-5461-8803-8812f237e8c5;8ab6aabe-1a10-56d1-be66-5fba753ca92a;A320;N708JB;N708JB;2026-09-25;23:25:00;2026-09-25T23:29:08Z;2026-09-26T04:02:12Z;273;;;10412;10683.91;;;10412;271.91;2.61;NORMAL;ACARS;;CONFIRMED;;;false;;;;false;;;;2026-09-28T00:00:00Z;SEED_BURNS_LEDGER;2026-09-28T00:00:00Z;SEED_BURNS_LEDGER
713a91b1-4c52-5bef-ab67-412188883ab1;86312105-005f-5f1a-83ab-5aebdfe214b8;A320;N703JB;N703JB;2026-09-25;23:25:00;2026-09-25T23:35:53Z;2026-09-26T01:34:20Z;118;;;3782;3914.7;;;3782;132.7;3.51;NORMAL;ACARS;;CONFIRMED;;;false;;;;false;;;;2026-09-28T00:00:00Z;SEED_BURNS_LEDGER;2026-09-28T00:00:00Z;SEED_BURNS_LEDGER
cc784a25-8fab-58b2-87ec-ed952b8839d3;c46f5a02-43d4-59f0-aaa4-f40546eae1d8;A223;N3275J;N3275J;2026-09-25;23:35:00;2026-09-25T23:40:08Z;2026-09-26T01:18:26Z;98;;;2570;2585.53;;;2570;15.53;0.6;NORMAL;ACARS;;CONFIRMED;;;false;;;;false;;;;2026-09-28T00:00:00Z;SEED_BURNS_LEDGER;2026-09-28T00:00:00Z;SEED_BURNS_LEDGER
4a7dc33b-c881-5ab6-941e-4bc20a18355a;08619437-64df-5f8c-805d-38f6f8e61f7c;A320;N659JB;N659JB;2026-09-25;22:45:00;2026-09-25T23:41:11Z;2026-09-26T02:34:47Z;174;;;6120;6067.4;;;6120;-52.6;-0.86;NORMAL;ACARS;;CONFIRMED;;;false;;;;false;;;;2026-09-28T00:00:00Z;SEED_BURNS_LEDGER;2026-09-28T00:00:00Z;SEED_BURNS_LEDGER
b055a133-2631-5116-bb68-0a616ca5ca84;381d099e-ae69-5495-8715-7cfe9d8346c7;A223;N3304J;N3304J;2026-09-25;23:00:00;2026-09-25T23:41:39Z;2026-09-26T01:45:39Z;124;;;3034;3126.61;;;3034;92.61;3.05;NORMAL;ACARS;;CONFIRMED;;;false;;;;false;;;;2026-09-28T00:00:00Z;SEED_BURNS_LEDGER;2026-09-28T00:00:00Z;SEED_BURNS_LEDGER
c721417a-b3b0-5390-9996-595059fdabec;5455c4ab-8e5b-5ac0-b46e-16555c25a51e;A321;N996JL;N996JL;2026-09-25;23:35:00;2026-09-25T23:42:39Z;2026-09-26T02:43:21Z;181;;;7324;7147.58;;;7324;-176.42;-2.41;NORMAL;ACARS;;CONFIRMED;;;false;;;;false;;;;2026-09-28T00:00:00Z;SEED_BURNS_LEDGER;2026-09-28T00:00:00Z;SEED_BURNS_LEDGER
23c0e599-2ed1-57fe-a6b1-fd07c5dd0f35;732d5c85-b873-5ca7-a314-8a867f6d8515;A21N;N4076J;N4076J;2026-09-25;23:45:00;2026-09-25T23:46:59Z;2026-09-26T07:03:35Z;437;;;15096;14714.43;;;15096;-381.57;-2.53;NORMAL;ACARS;;CONFIRMED;;;false;;;;false;;;;2026-09-28T00:00:00Z;SEED_BURNS_LEDGER;2026-09-28T00:00:00Z;SEED_BURNS_LEDGER
c265bbb5-0b5e-516a-b0b2-9c14e15787d9;bde12ff0-de60-5375-91f6-79db16e9237b;A21N;N2086J;N2086J;2026-09-25;23:45:00;2026-09-25T23:51:42Z;2026-09-26T03:42:21Z;231;;;7354;7368.27;;;7354;14.27;0.19;NORMAL;ACARS;;CONFIRMED;;;false;;;;false;;;;2026-09-28T00:00:00Z;SEED_BURNS_LEDGER;2026-09-28T00:00:00Z;SEED_BURNS_LEDGER
f974c1d4-55f8-5f87-aaf3-5afc14e9e4e4;f224327e-6790-5015-93c0-41badfa8e0a8;A321;N968JT;N968JT;2026-09-25;23:50:00;2026-09-25T23:51:52Z;2026-09-26T05:21:23Z;330;;;13845;13838.67;;;13845;-6.33;-0.05;NORMAL;ACARS;;CONFIRMED;;;false;;;;false;;;;2026-09-28T00:00:00Z;SEED_BURNS_LEDGER;2026-09-28T00:00:00Z;SEED_BURNS_LEDGER
8c49554b-92b4-599a-829e-0c4e27513920;c00037c4-a174-5016-9f12-afd8fb617809;A223;N3244J;N3244J;2026-09-25;23:50:00;2026-09-25T23:53:55Z;2026-09-26T02:47:33Z;174;;;5034;5002.69;;;5034;-31.31;-0.62;NORMAL;ACARS;;CONFIRMED;;;false;;;;false;;;;2026-09-28T00:00:00Z;SEED_BURNS_LEDGER;2026-09-28T00:00:00Z;SEED_BURNS_LEDGER
023ac179-f109-57f8-962e-e97ee422694f;2464ef7c-afab-50ce-975a-50aa003a5c33;A320;N632JB;N632JB;2026-09-25;23:45:00;2026-09-25T23:54:24Z;2026-09-26T02:49:45Z;175;;;6248;6401.49;;;6248;153.49;2.46;NORMAL;ACARS;;CONFIRMED;;;false;;;;false;;;;2026-09-28T00:00:00Z;SEED_BURNS_LEDGER;2026-09-28T00:00:00Z;SEED_BURNS_LEDGER
da01ed7b-b094-5286-89d2-fe5a287d3609;643c5f5f-a978-55de-8392-b804f207b7c1;A320;N649JB;N649JB;2026-09-25;23:45:00;2026-09-25T23:54:28Z;2026-09-26T02:37:07Z;163;;;5865;5802.76;;;5865;-62.24;-1.06;NORMAL;ACARS;;CONFIRMED;;;false;;;;false;;;;2026-09-28T00:00:00Z;SEED_BURNS_LEDGER;2026-09-28T00:00:00Z;SEED_BURNS_LEDGER
62e09b25-6155-5d77-b67c-a147fc1a0a0e;b6f9cfc3-76f5-5356-9d53-33129f7979e3;A320;N653JB;N653JB;2026-09-25;23:50:00;2026-09-25T23:58:37Z;2026-09-26T03:08:28Z;190;;;6928;6816.64;;;6928;-111.36;-1.61;NORMAL;ACARS;;CONFIRMED;;;false;;;;false;;;;2026-09-28T00:00:00Z;SEED_BURNS_LEDGER;2026-09-28T00:00:00Z;SEED_BURNS_LEDGER
9a43b930-6a42-53b7-950b-a2d85626dce4;123c76b4-7bce-5df0-ad90-dee3ad10827a;A320;N584JB;N584JB;2026-09-25;23:50:00;2026-09-26T00:02:55Z;2026-09-26T02:57:57Z;175;;;6375;6156.2;;;6375;-218.8;-3.43;NORMAL;ACARS;;CONFIRMED;;;false;;;;false;;;;2026-09-28T00:00:00Z;SEED_BURNS_LEDGER;2026-09-28T00:00:00Z;SEED_BURNS_LEDGER
35e8f406-7536-5bd8-9847-104d2d9ba709;a3a2e4f6-da01-5074-a56c-24af628af5b0;A223;N3291J;N3291J;2026-09-25;23:30:00;2026-09-26T00:03:43Z;2026-09-26T02:54:17Z;171;;;5141;5116.31;;;5141;-24.69;-0.48;NORMAL;ACARS;;CONFIRMED;;;false;;;;false;;;;2026-09-28T00:00:00Z;SEED_BURNS_LEDGER;2026-09-28T00:00:00Z;SEED_BURNS_LEDGER
90ad9afc-1f2f-5c85-8efe-488ed5d6ecf8;fc915268-c628-55b2-972e-94959d467f1e;A223;N3269J;N3269J;2026-09-25;00:00:00;2026-09-26T00:03:55Z;2026-09-26T03:22:11Z;198;;;6105;5725.36;;;6105;-379.64;-6.22;EXCEEDED;ACARS;;CONFIRMED;;;false;;;;false;;;;2026-09-28T00:00:00Z;SEED_BURNS_LEDGER;2026-09-28T00:00:00Z;SEED_BURNS_LEDGER
523652fd-fb9b-5214-ab19-e5b47db14064;17493182-839d-5799-98f1-91b0f9002c5b;A223;N3280J;N3280J;2026-09-25;23:55:00;2026-09-26T00:04:34Z;2026-09-26T02:35:40Z;151;;;4284;4517.14;;;4284;233.14;5.44;EXCEEDED;ACARS;;CONFIRMED;;;false;;;;false;;;;2026-09-28T00:00:00Z;SEED_BURNS_LEDGER;2026-09-28T00:00:00Z;SEED_BURNS_LEDGER
3d567f82-d40b-5ece-a963-9849693375ae;dac0fc13-1377-5da9-b9ac-b64e92178c5b;A321;N984JB;N984JB;2026-09-25;23:25:00;2026-09-26T00:05:08Z;2026-09-26T06:11:28Z;366;;;16415;15752.59;;;16415;-662.41;-4.04;NORMAL;ACARS;;CONFIRMED;;;false;;;;false;;;;2026-09-28T00:00:00Z;SEED_BURNS_LEDGER;2026-09-28T00:00:00Z;SEED_BURNS_LEDGER
6be177ec-2310-5b1c-97ad-fe6e32259f52;b97a0c42-b341-5663-b951-219b721e86af;A223;N3232J;N3232J;2026-09-25;00:00:00;2026-09-26T00:07:03Z;2026-09-26T03:10:13Z;183;;;5248;5407.38;;;5248;159.38;3.04;NORMAL;ACARS;;CONFIRMED;;;false;;;;false;;;;2026-09-28T00:00:00Z;SEED_BURNS_LEDGER;2026-09-28T00:00:00Z;SEED_BURNS_LEDGER
b0131202-81ea-5a49-8d4d-62efb4cceedf;38a4caf7-b3bb-5d6d-8002-81a59aa6e9c8;A320;N794JB;N794JB;2026-09-25;00:00:00;2026-09-26T00:07:32Z;2026-09-26T03:01:28Z;174;;;6248;6400.27;;;6248;152.27;2.44;NORMAL;ACARS;;CONFIRMED;;;false;;;;false;;;;2026-09-28T00:00:00Z;SEED_BURNS_LEDGER;2026-09-28T00:00:00Z;SEED_BURNS_LEDGER
3a26126a-887c-5139-b520-5b084b0f1f03;6337a107-a975-5b17-a771-e2f59074e010;A321;N985JT;N985JT;2026-09-25;00:05:00;2026-09-26T00:10:12Z;2026-09-26T06:19:36Z;369;;;16034;15957.42;;;16034;-76.58;-0.48;NORMAL;ACARS;;CONFIRMED;;;false;;;;false;;;;2026-09-28T00:00:00Z;SEED_BURNS_LEDGER;2026-09-28T00:00:00Z;SEED_BURNS_LEDGER
6e041577-89cd-5c96-96fa-f2f9da6b83ec;8db23b19-739b-5fce-8fe1-e50269751e6c;A320;N805JB;N805JB;2026-09-25;00:10:00;2026-09-26T00:10:54Z;2026-09-26T02:21:40Z;131;;;4760;4500.56;;;4760;-259.44;-5.45;EXCEEDED;ACARS;;CONFIRMED;;;false;;;;false;;;;2026-09-28T00:00:00Z;SEED_BURNS_LEDGER;2026-09-28T00:00:00Z;SEED_BURNS_LEDGER
a78aa1df-9708-5057-8056-ae1c16cc9c3d;281f3fb1-8c47-57e4-a4e0-a5cecc5968de;A320;N652JB;N652JB;2026-09-25;00:05:00;2026-09-26T00:12:25Z;2026-09-26T02:01:09Z;109;;;3528;3607.1;;;3528;79.1;2.24;NORMAL;ACARS;;CONFIRMED;;;false;;;;false;;;;2026-09-28T00:00:00Z;SEED_BURNS_LEDGER;2026-09-28T00:00:00Z;SEED_BURNS_LEDGER
4d40a7e8-20dc-5f82-a019-4183bfe44651;cfc4250d-1e3e-5285-8ed9-e8206c890e18;A320;N524JB;N524JB;2026-09-25;00:05:00;2026-09-26T00:13:26Z;2026-09-26T03:05:46Z;172;;;6078;5995.31;;;6078;-82.69;-1.36;NORMAL;ACARS;;CONFIRMED;;;false;;;;false;;;;2026-09-28T00:00:00Z;SEED_BURNS_LEDGER;2026-09-28T00:00:00Z;SEED_BURNS_LEDGER
4256634b-8fbe-5ebf-a2bf-d6437503bca0;561a28cc-cc2d-577a-b030-d55459e8170e;A320;N552JB;N552JB;2026-09-25;00:05:00;2026-09-26T00:13:38Z;2026-09-26T03:13:21Z;180;;;6375;6699.32;;;6375;324.32;5.09;EXCEEDED;ACARS;;CONFIRMED;;;false;;;;false;;;;2026-09-28T00:00:00Z;SEED_BURNS_LEDGER;2026-09-28T00:00:00Z;SEED_BURNS_LEDGER
c8d335d2-d91a-5f7e-8872-a17964e5649b;e1a2a5e9-49b1-51a1-9af5-c884c2a34287;A320;N796JB;N796JB;2026-09-25;00:05:00;2026-09-26T00:14:35Z;2026-09-26T01:09:31Z;55;;;1488;1417.29;;;1488;-70.71;-4.75;NORMAL;ACARS;;CONFIRMED;;;false;;;;false;;;;2026-09-28T00:00:00Z;SEED_BURNS_LEDGER;2026-09-28T00:00:00Z;SEED_BURNS_LEDGER
0330a765-fb96-5d05-8303-fb454d9febf1;90cd51df-cb32-540d-ac9c-724aef6c3d71;A21N;N4080J;N4080J;2026-09-25;00:10:00;2026-09-26T00:16:23Z;2026-09-26T06:53:34Z;397;;;13338;13842.74;;;13338;504.74;3.78;NORMAL;ACARS;;CONFIRMED;;;false;;;;false;;;;2026-09-28T00:00:00Z;SEED_BURNS_LEDGER;2026-09-28T00:00:00Z;SEED_BURNS_LEDGER
60461e22-d655-5176-8b21-a986f93b6b81;ddf04654-d6cf-5c03-a53f-7b46dfaa6e7d;A320;N606JB;N606JB;2026-09-25;00:10:00;2026-09-26T00:17:13Z;2026-09-26T01:11:45Z;55;;;1062;1230.99;;;1062;168.99;15.91;EXCEEDED;ACARS;;CONFIRMED;;;false;;;;false;;;;2026-09-28T00:00:00Z;SEED_BURNS_LEDGER;2026-09-28T00:00:00Z;SEED_BURNS_LEDGER
6cc08a47-0d41-59cd-bfbb-688e73652d00;67b61aaa-aaae-5fcb-bd95-b94cac20f900;A21N;N4022J;N4022J;2026-09-25;00:15:00;2026-09-26T00:17:14Z;2026-09-26T01:34:47Z;78;;;1632;1831.64;;;1632;199.64;12.23;EXCEEDED;ACARS;;CONFIRMED;;;false;;;;false;;;;2026-09-28T00:00:00Z;SEED_BURNS_LEDGER;2026-09-28T00:00:00Z;SEED_BURNS_LEDGER
374a2e91-82cd-5c12-8c02-5b027b038972;4b0eea00-7ed0-5903-a330-fc1f202b9da0;A320;N590JB;N590JB;2026-09-25;23:45:00;2026-09-26T00:17:56Z;2026-09-26T03:09:54Z;172;;;6418;6210.41;;;6418;-207.59;-3.23;NORMAL;ACARS;;CONFIRMED;;;false;;;;false;;;;2026-09-28T00:00:00Z;SEED_BURNS_LEDGER;2026-09-28T00:00:00Z;SEED_BURNS_LEDGER
8cc41dc1-c8ea-50df-827c-f205e9334e6f;64a26d71-cf0d-5fde-99cb-a25d3c60aba2;A321;N986JB;N986JB;2026-09-25;23:20:00;2026-09-26T00:18:49Z;2026-09-26T05:23:49Z;305;;;13178;13177.34;;;13178;-0.66;-0.01;NORMAL;ACARS;;CONFIRMED;;;false;;;;false;;;;2026-09-28T00:00:00Z;SEED_BURNS_LEDGER;2026-09-28T00:00:00Z;SEED_BURNS_LEDGER
779cf052-d1b7-59be-a207-32640dace22b;729d1c9e-00ee-562f-bf52-26c0ad3d4f55;A223;N3142J;N3142J;2026-09-25;00:10:00;2026-09-26T00:18:53Z;2026-09-26T02:00:11Z;101;;;2856;2732.15;;;2856;-123.85;-4.34;NORMAL;ACARS;;CONFIRMED;;;false;;;;false;;;;2026-09-28T00:00:00Z;SEED_BURNS_LEDGER;2026-09-28T00:00:00Z;SEED_BURNS_LEDGER
c4f0090a-de6f-5a3e-8c26-b747b603b8fc;39fb1358-6bde-5095-aff9-6eb54ec37d51;A320;N709JB;N709JB;2026-09-25;00:15:00;2026-09-26T00:19:36Z;2026-09-26T03:33:18Z;194;;;7352;6984.07;;;7352;-367.93;-5;NORMAL;ACARS;;CONFIRMED;;;false;;;;false;;;;2026-09-28T00:00:00Z;SEED_BURNS_LEDGER;2026-09-28T00:00:00Z;SEED_BURNS_LEDGER
4a13ff1b-bf82-5507-a5f6-b6f05cf9da1b;1df5ab21-d599-5010-817f-38a1aac3f8bc;A320;N563JB;N563JB;2026-09-25;00:10:00;2026-09-26T00:20:33Z;2026-09-26T02:30:06Z;130;;;4590;4392.13;;;4590;-197.87;-4.31;NORMAL;ACARS;;CONFIRMED;;;false;;;;false;;;;2026-09-28T00:00:00Z;SEED_BURNS_LEDGER;2026-09-28T00:00:00Z;SEED_BURNS_LEDGER
ad135ea8-9864-5785-abb7-bc44f203c9ba;b8299387-9392-5947-91dc-aff3a4dd77cf;A320;N651JB;N651JB;2026-09-25;00:10:00;2026-09-26T00:20:33Z;2026-09-26T03:43:07Z;203;;;7182;7320.7;;;7182;138.7;1.93;NORMAL;ACARS;;CONFIRMED;;;false;;;;false;;;;2026-09-28T00:00:00Z;SEED_BURNS_LEDGER;2026-09-28T00:00:00Z;SEED_BURNS_LEDGER
51660e0c-4c88-5ee7-ba26-dc4192380b3d;5ac5ae59-1733-572a-af67-5f3a77a0d111;A320;N705JB;N705JB;2026-09-25;00:15:00;2026-09-26T00:20:52Z;2026-09-26T03:15:45Z;175;;;6120;6385.91;;;6120;265.91;4.34;NORMAL;ACARS;;CONFIRMED;;;false;;;;false;;;;2026-09-28T00:00:00Z;SEED_BURNS_LEDGER;2026-09-28T00:00:00Z;SEED_BURNS_LEDGER
23ba5885-7f16-52ba-b888-132482534071;ac6e3cee-43b9-5f04-9fb3-e8410a4b7f57;A321;N987JT;N987JT;2026-09-25;00:10:00;2026-09-26T00:21:11Z;2026-09-26T06:31:59Z;371;;;16606;16017.94;;;16606;-588.06;-3.54;NORMAL;ACARS;;CONFIRMED;;;false;;;;false;;;;2026-09-28T00:00:00Z;SEED_BURNS_LEDGER;2026-09-28T00:00:00Z;SEED_BURNS_LEDGER
89e0f3e7-1788-5491-931a-6ba05070b724;8d6bc315-d377-56a0-9e54-d48ab903b7bd;A321;N965JT;N965JT;2026-09-25;00:15:00;2026-09-26T00:21:14Z;2026-09-26T02:55:21Z;154;;;6419;5940.17;;;6419;-478.83;-7.46;EXCEEDED;ACARS;;CONFIRMED;;;false;;;;false;;;;2026-09-28T00:00:00Z;SEED_BURNS_LEDGER;2026-09-28T00:00:00Z;SEED_BURNS_LEDGER
af0525fa-2a76-561a-9bd7-4a737d847a3c;29d85007-f22c-5cf4-9ff2-1aba9b6ff588;A223;N3077J;N3077J;2026-09-25;00:20:00;2026-09-26T00:22:17Z;2026-09-26T02:00:22Z;98;;;2535;2506;;;2535;-29;-1.14;NORMAL;ACARS;;CONFIRMED;;;false;;;;false;;;;2026-09-28T00:00:00Z;SEED_BURNS_LEDGER;2026-09-28T00:00:00Z;SEED_BURNS_LEDGER
667cd4d3-3fed-5c79-ba6a-636067c830e8;4042c38a-2bf1-5b28-a8be-482817c9004d;A320;N519JB;N519JB;2026-09-25;00:20:00;2026-09-26T00:25:12Z;2026-09-26T03:20:26Z;175;;;6545;6386.05;;;6545;-158.95;-2.43;NORMAL;ACARS;;CONFIRMED;;;false;;;;false;;;;2026-09-28T00:00:00Z;SEED_BURNS_LEDGER;2026-09-28T00:00:00Z;SEED_BURNS_LEDGER
c1e8b0a6-ae20-506c-8ace-d3b39ec7b511;f8b1d8d0-9728-54ef-8e43-282b0fb06bf9;A223;N3152J;N3152J;2026-09-25;23:55:00;2026-09-26T00:26:09Z;2026-09-26T01:59:47Z;94;;;1892;2140.84;;;1892;248.84;13.15;EXCEEDED;ACARS;;CONFIRMED;;;false;;;;false;;;;2026-09-28T00:00:00Z;SEED_BURNS_LEDGER;2026-09-28T00:00:00Z;SEED_BURNS_LEDGER
21389acf-c213-5c18-b90d-c1fe605cd06f;17d6a6b4-4e29-54a1-9536-39a0cedda2a6;A320;N583JB;N583JB;2026-09-25;00:20:00;2026-09-26T00:27:55Z;2026-09-26T03:33:45Z;186;;;6885;6767.66;;;6885;-117.34;-1.7;NORMAL;ACARS;;CONFIRMED;;;false;;;;false;;;;2026-09-28T00:00:00Z;SEED_BURNS_LEDGER;2026-09-28T00:00:00Z;SEED_BURNS_LEDGER
5c7e4c64-05e7-51ff-a873-9e254c5193eb;a34a29bf-dbf3-5cea-a6ce-46692e84ac86;A320;N658JB;N658JB;2026-09-25;00:15:00;2026-09-26T00:28:02Z;2026-09-26T02:42:24Z;134;;;4802;4663.86;;;4802;-138.14;-2.88;NORMAL;ACARS;;CONFIRMED;;;false;;;;false;;;;2026-09-28T00:00:00Z;SEED_BURNS_LEDGER;2026-09-28T00:00:00Z;SEED_BURNS_LEDGER
b3955cba-c382-5245-9dd9-eaa8c98ef7f3;b5179b19-4881-57af-9130-5a3f0e2d5bd7;A320;N554JB;N554JB;2026-09-25;00:25:00;2026-09-26T00:28:16Z;2026-09-26T03:42:09Z;194;;;6928;6886.71;;;6928;-41.29;-0.6;NORMAL;ACARS;;CONFIRMED;;;false;;;;false;;;;2026-09-28T00:00:00Z;SEED_BURNS_LEDGER;2026-09-28T00:00:00Z;SEED_BURNS_LEDGER
c1bee1a8-9025-57be-a25b-421dbe80a5b3;e0989f0f-5896-5312-b91b-9f72fe9f0fa0;A321;N907JB;N907JB;2026-09-25;23:15:00;2026-09-26T00:31:34Z;2026-09-26T03:27:32Z;176;;;7038;7096.54;;;7038;58.54;0.83;NORMAL;ACARS;;CONFIRMED;;;false;;;;false;;;;2026-09-28T00:00:00Z;SEED_BURNS_LEDGER;2026-09-28T00:00:00Z;SEED_BURNS_LEDGER
5c242907-c8d5-5b24-af56-e4da532024c7;98402348-26ef-517a-8fd7-33afb7aa81af;A320;N662JB;N662JB;2026-09-25;00:35:00;2026-09-26T00:36:08Z;2026-09-26T03:10:17Z;154;;;5142;5201.12;;;5142;59.12;1.15;NORMAL;ACARS;;CONFIRMED;;;false;;;;false;;;;2026-09-28T00:00:00Z;SEED_BURNS_LEDGER;2026-09-28T00:00:00Z;SEED_BURNS_LEDGER
d9dba6a5-c183-532d-82b4-805ffbed4a6f;57452b79-f352-5b33-9729-cd4afd604869;A223;N3123J;N3123J;2026-09-25;00:30:00;2026-09-26T00:36:29Z;2026-09-26T01:45:54Z;69;;;1250;1410.31;;;1250;160.31;12.82;EXCEEDED;ACARS;;CONFIRMED;;;false;;;;false;;;;2026-09-28T00:00:00Z;SEED_BURNS_LEDGER;2026-09-28T00:00:00Z;SEED_BURNS_LEDGER
4266fae7-2209-583a-a9cb-6bd796199307;5b239c22-03be-5291-9908-2fe5f2366fee;A321;N957JB;N957JB;2026-09-25;00:30:00;2026-09-26T00:36:46Z;2026-09-26T04:12:23Z;216;;;9085;8911.53;;;9085;-173.47;-1.91;NORMAL;ACARS;;CONFIRMED;;;false;;;;false;;;;2026-09-28T00:00:00Z;SEED_BURNS_LEDGER;2026-09-28T00:00:00Z;SEED_BURNS_LEDGER
a886b937-42ba-5b75-8024-137be290c69b;70c87e6f-c723-5c87-ad5c-1243dc90661e;A223;N3185J;N3185J;2026-09-25;00:30:00;2026-09-26T00:39:44Z;2026-09-26T03:23:03Z;163;;;4712;4856.26;;;4712;144.26;3.06;NORMAL;ACARS;;CONFIRMED;;;false;;;;false;;;;2026-09-28T00:00:00Z;SEED_BURNS_LEDGER;2026-09-28T00:00:00Z;SEED_BURNS_LEDGER
7d081d7c-97eb-5b01-aa54-55116c09164f;e7534f14-97c7-57d3-9e2a-4d9ae8fa724b;A320;N605JB;N605JB;2026-09-25;00:40:00;2026-09-26T00:40:16Z;2026-09-26T02:24:36Z;104;;;3358;3364.98;;;3358;6.98;0.21;NORMAL;ACARS;;CONFIRMED;;;false;;;;false;;;;2026-09-28T00:00:00Z;SEED_BURNS_LEDGER;2026-09-28T00:00:00Z;SEED_BURNS_LEDGER
ae05655f-e1ba-5269-adf9-d5b8931d4924;5769d6c4-1193-513e-9a7c-2d5ec738663f;A321;N934JB;N934JB;2026-09-25;23:35:00;2026-09-26T00:43:47Z;2026-09-26T06:22:18Z;339;;;14892;14677.72;;;14892;-214.28;-1.44;NORMAL;ACARS;;CONFIRMED;;;false;;;;false;;;;2026-09-28T00:00:00Z;SEED_BURNS_LEDGER;2026-09-28T00:00:00Z;SEED_BURNS_LEDGER
652c93bb-5daa-5276-a0a8-d3dd74802333;d25fe643-8410-59c2-9bbe-de0a8e41904a;A320;N536JB;N536JB;2026-09-25;00:35:00;2026-09-26T00:44:02Z;2026-09-26T02:59:45Z;136;;;4760;4816.85;;;4760;56.85;1.19;NORMAL;ACARS;;CONFIRMED;;;false;;;;false;;;;2026-09-28T00:00:00Z;SEED_BURNS_LEDGER;2026-09-28T00:00:00Z;SEED_BURNS_LEDGER
b5676112-d175-5d29-be0c-704682958889;4c3ed16e-3543-5765-b537-07134f9da488;A320;N568JB;N568JB;2026-09-25;00:35:00;2026-09-26T00:44:22Z;2026-09-26T03:05:53Z;142;;;5015;4996.91;;;5015;-18.09;-0.36;NORMAL;ACARS;;CONFIRMED;;;false;;;;false;;;;2026-09-28T00:00:00Z;SEED_BURNS_LEDGER;2026-09-28T00:00:00Z;SEED_BURNS_LEDGER
3fd7d289-83e9-5b95-a3df-49bfdc8c487e;02d66670-7cca-5780-8840-5cfb4c156a69;A223;N3308J;N3308J;2026-09-25;00:35:00;2026-09-26T00:44:47Z;2026-09-26T02:47:31Z;123;;;3320;3266.2;;;3320;-53.8;-1.62;NORMAL;ACARS;;CONFIRMED;;;false;;;;false;;;;2026-09-28T00:00:00Z;SEED_BURNS_LEDGER;2026-09-28T00:00:00Z;SEED_BURNS_LEDGER
fff24be9-ff4f-50f2-9b7b-401562fc6342;a8efd1d9-7e24-598a-b8ac-825453d0d6a9;A320;N821JB;N821JB;2026-09-25;23:55:00;2026-09-26T00:44:56Z;2026-09-26T03:45:25Z;180;;;6375;6529.23;;;6375;154.23;2.42;NORMAL;ACARS;;CONFIRMED;;;false;;;;false;;;;2026-09-28T00:00:00Z;SEED_BURNS_LEDGER;2026-09-28T00:00:00Z;SEED_BURNS_LEDGER
1536aaee-bbc0-5bf3-8d03-8a8604d14967;bfcbcb1e-ca52-5dd3-b728-8276b1df05ab;A320;N784JB;N784JB;2026-09-25;23:35:00;2026-09-26T00:45:39Z;2026-09-26T03:31:09Z;166;;;5822;6055.54;;;5822;233.54;4.01;NORMAL;ACARS;;CONFIRMED;;;false;;;;false;;;;2026-09-28T00:00:00Z;SEED_BURNS_LEDGER;2026-09-28T00:00:00Z;SEED_BURNS_LEDGER
a1daf1a2-cd31-5612-bcf5-d8e7e6e5bc9b;1f7d28c3-6a7c-56ed-ac38-fc73c2337fde;A223;N3203J;N3203J;2026-09-25;00:35:00;2026-09-26T00:46:10Z;2026-09-26T04:55:06Z;249;;;7461;7863.48;;;7461;402.48;5.39;EXCEEDED;ACARS;;CONFIRMED;;;false;;;;false;;;;2026-09-28T00:00:00Z;SEED_BURNS_LEDGER;2026-09-28T00:00:00Z;SEED_BURNS_LEDGER
16a707b1-5004-518f-a334-9f8c1094384c;2ecabbd0-9547-5173-b8e1-a63e079c9265;A21N;N4083J;N4083J;2026-09-25;00:40:00;2026-09-26T00:50:25Z;2026-09-26T07:58:52Z;428;;;15096;14667.24;;;15096;-428.76;-2.84;NORMAL;ACARS;;CONFIRMED;;;false;;;;false;;;;2026-09-28T00:00:00Z;SEED_BURNS_LEDGER;2026-09-28T00:00:00Z;SEED_BURNS_LEDGER
f5c5a122-be74-5528-9fd3-3c601c3a7b71;57e33baf-2813-50b2-a163-5d6fd669d855;A223;N3145J;N3145J;2026-09-25;00:50:00;2026-09-26T00:57:23Z;2026-09-26T03:47:17Z;170;;;5319;5163.47;;;5319;-155.53;-2.92;NORMAL;ACARS;;CONFIRMED;;;false;;;;false;;;;2026-09-28T00:00:00Z;SEED_BURNS_LEDGER;2026-09-28T00:00:00Z;SEED_BURNS_LEDGER
021435f1-2127-5f44-be65-a56a33424674;ccc3dd33-526a-52cc-8d29-ae5cf88b563b;A21N;N2169J;N2169J;2026-09-25;00:45:00;2026-09-26T00:58:13Z;2026-09-26T06:58:18Z;360;;;12104;12210.36;;;12104;106.36;0.88;NORMAL;ACARS;;CONFIRMED;;;false;;;;false;;;;2026-09-28T00:00:00Z;SEED_BURNS_LEDGER;2026-09-28T00:00:00Z;SEED_BURNS_LEDGER
3d4af1b5-5a28-5f0c-8fcc-c76d5228865d;2ec851d1-0dd1-525f-be67-f4f46d4d2835;A320;N599JB;N599JB;2026-09-25;00:50:00;2026-09-26T00:59:54Z;2026-09-26T03:55:17Z;175;;;6162;6333.06;;;6162;171.06;2.78;NORMAL;ACARS;;CONFIRMED;;;false;;;;false;;;;2026-09-28T00:00:00Z;SEED_BURNS_LEDGER;2026-09-28T00:00:00Z;SEED_BURNS_LEDGER
dc754c33-9ff2-57c2-a0a6-ab8af5e48d9e;c0b7df67-b930-5cf9-8cdb-2efc54f649a3;A223;N3255J;N3255J;2026-09-25;01:00:00;2026-09-26T01:00:34Z;2026-09-26T02:52:55Z;112;;;2820;2903.23;;;2820;83.23;2.95;NORMAL;ACARS;;CONFIRMED;;;false;;;;false;;;;2026-09-28T00:00:00Z;SEED_BURNS_LEDGER;2026-09-28T00:00:00Z;SEED_BURNS_LEDGER
7ec16f1c-e788-5fa3-82e2-6ecf6ad3262d;22f1f1d8-2369-58ab-904e-2952a92eed1c;A223;N3229J;N3229J;2026-09-25;00:55:00;2026-09-26T01:01:30Z;2026-09-26T03:35:35Z;154;;;4106;4225.95;;;4106;119.95;2.92;NORMAL;ACARS;;CONFIRMED;;;false;;;;false;;;;2026-09-28T00:00:00Z;SEED_BURNS_LEDGER;2026-09-28T00:00:00Z;SEED_BURNS_LEDGER
217bd8de-ed4b-5b4d-bc87-4f0bc5ee5e57;2e2d8b87-d265-56ed-b26c-bbde2bdff57f;A223;N3271J;N3271J;2026-09-25;01:00:00;2026-09-26T01:05:40Z;2026-09-26T02:43:40Z;98;;;2392;2302.36;;;2392;-89.64;-3.75;NORMAL;ACARS;;CONFIRMED;;;false;;;;false;;;;2026-09-28T00:00:00Z;SEED_BURNS_LEDGER;2026-09-28T00:00:00Z;SEED_BURNS_LEDGER
ac71de67-2eda-5433-b9a0-5f1f0915b0df;7ac4107e-1542-5a79-af12-1c8bf53e8f6c;A320;N608JB;N608JB;2026-09-25;01:00:00;2026-09-26T01:06:27Z;2026-09-26T03:21:07Z;135;;;4462;4448.57;;;4462;-13.43;-0.3;NORMAL;ACARS;;CONFIRMED;;;false;;;;false;;;;2026-09-28T00:00:00Z;SEED_BURNS_LEDGER;2026-09-28T00:00:00Z;SEED_BURNS_LEDGER
f6a3ca22-35ad-5661-817d-447c7355a60b;808a5860-4165-5496-b8bd-77e0b401abff;A321;N991JT;N991JT;2026-09-25;01:00:00;2026-09-26T01:08:27Z;2026-09-26T06:57:36Z;349;;;15273;15130.26;;;15273;-142.74;-0.93;NORMAL;ACARS;;CONFIRMED;;;false;;;;false;;;;2026-09-28T00:00:00Z;SEED_BURNS_LEDGER;2026-09-28T00:00:00Z;SEED_BURNS_LEDGER
bfce45f6-cfc1-5e8d-aab1-59364a5d41a8;8f068ebd-a10a-5c15-a4a7-04137fc9d5d9;A320;N630JB;N630JB;2026-09-25;01:05:00;2026-09-26T01:08:35Z;2026-09-26T03:09:38Z;121;;;4122;4026.33;;;4122;-95.67;-2.32;NORMAL;ACARS;;CONFIRMED;;;false;;;;false;;;;2026-09-28T00:00:00Z;SEED_BURNS_LEDGER;2026-09-28T00:00:00Z;SEED_BURNS_LEDGER
1ebdb6cb-31a9-5881-a63c-c1e42fe5e1d5;3a49de22-5219-5941-a448-72a246800b3a;A320;N655JB;N655JB;2026-09-25;01:00:00;2026-09-26T01:09:39Z;2026-09-26T03:48:17Z;159;;;5780;5667.54;;;5780;-112.46;-1.95;NORMAL;ACARS;;CONFIRMED;;;false;;;;false;;;;2026-09-28T00:00:00Z;SEED_BURNS_LEDGER;2026-09-28T00:00:00Z;SEED_BURNS_LEDGER
2a02a653-2f97-5d63-852a-1e5606e3f165;2c2618ac-becd-5e01-b015-58f4d7b9b2d3;A320;N768JB;N768JB;2026-09-25;01:10:00;2026-09-26T01:11:37Z;2026-09-26T03:10:32Z;119;;;3868;4080.27;;;3868;212.27;5.49;EXCEEDED;ACARS;;CONFIRMED;;;false;;;;false;;;;2026-09-28T00:00:00Z;SEED_BURNS_LEDGER;2026-09-28T00:00:00Z;SEED_BURNS_LEDGER
c5853df0-4bec-5f75-9cfd-fede650cd709;c753b66c-08fa-5e42-ac45-5ec49710ac2d;A223;N3102J;N3102J;2026-09-25;01:05:00;2026-09-26T01:14:52Z;2026-09-26T03:54:01Z;159;;;4141;4391.91;;;4141;250.91;6.06;EXCEEDED;ACARS;;CONFIRMED;;;false;;;;false;;;;2026-09-28T00:00:00Z;SEED_BURNS_LEDGER;2026-09-28T00:00:00Z;SEED_BURNS_LEDGER
9e947165-1e3a-5e5e-b282-e8ea04068205;52ed3627-1b31-5450-8b33-a90c15759416;A320;N592JB;N592JB;2026-09-25;01:10:00;2026-09-26T01:20:28Z;2026-09-26T04:00:55Z;160;;;5950;5821.25;;;5950;-128.75;-2.16;NORMAL;ACARS;;CONFIRMED;;;false;;;;false;;;;2026-09-28T00:00:00Z;SEED_BURNS_LEDGER;2026-09-28T00:00:00Z;SEED_BURNS_LEDGER
248b72af-441c-5012-add2-adb007678dd0;0bf3514e-f099-5567-817d-06ea5c1f0565;A21N;N4077J;N4077J;2026-09-25;00:15:00;2026-09-26T01:21:30Z;2026-09-26T08:16:35Z;415;;;14049;14358.92;;;14049;309.92;2.21;NORMAL;ACARS;;CONFIRMED;;;false;;;;false;;;;2026-09-28T00:00:00Z;SEED_BURNS_LEDGER;2026-09-28T00:00:00Z;SEED_BURNS_LEDGER
3955266f-108c-5ad2-9cb2-627ea57ae87e;aa72e3ae-0514-57d6-b9ad-1b0e43f557ba;A320;N523JB;N523JB;2026-09-25;01:10:00;2026-09-26T01:22:43Z;2026-09-26T02:35:30Z;73;;;2040;1920.43;;;2040;-119.57;-5.86;EXCEEDED;ACARS;;CONFIRMED;;;false;;;;false;;;;2026-09-28T00:00:00Z;SEED_BURNS_LEDGER;2026-09-28T00:00:00Z;SEED_BURNS_LEDGER
622f419b-39c2-5755-a554-9c708492df38;829c06de-fb81-500a-bff3-c27f7148b6f4;A320;N623JB;N623JB;2026-09-25;01:20:00;2026-09-26T01:22:53Z;2026-09-26T04:36:25Z;194;;;6800;6967.39;;;6800;167.39;2.46;NORMAL;ACARS;;CONFIRMED;;;false;;;;false;;;;2026-09-28T00:00:00Z;SEED_BURNS_LEDGER;2026-09-28T00:00:00Z;SEED_BURNS_LEDGER
e573d06f-428d-5063-8fea-65a44fe2c684;e87052fc-f4b1-5142-b430-d602ac6f4255;A223;N3118J;N3118J;2026-09-25;01:15:00;2026-09-26T01:24:25Z;2026-09-26T03:55:42Z;151;;;4284;4541.25;;;4284;257.25;6;EXCEEDED;ACARS;;CONFIRMED;;;false;;;;false;;;;2026-09-28T00:00:00Z;SEED_BURNS_LEDGER;2026-09-28T00:00:00Z;SEED_BURNS_LEDGER
f5086f83-1c55-553c-b33f-3fb7be254c2a;0b047e98-55a2-54a4-a9d7-30cf3fe5165d;A320;N729JB;N729JB;2026-09-25;01:20:00;2026-09-26T01:31:45Z;2026-09-26T04:20:33Z;169;;;6290;6253.9;;;6290;-36.1;-0.57;NORMAL;ACARS;;CONFIRMED;;;false;;;;false;;;;2026-09-28T00:00:00Z;SEED_BURNS_LEDGER;2026-09-28T00:00:00Z;SEED_BURNS_LEDGER
fb269b8d-87e6-5a3a-8732-489130aa92c0;e46a3b09-c4c6-5100-9445-a6e16456e2a0;A321;N983JT;N983JT;2026-09-25;01:30:00;2026-09-26T01:41:41Z;2026-09-26T03:12:45Z;91;;;2421;2766.64;;;2421;345.64;14.28;EXCEEDED;ACARS;;CONFIRMED;;;false;;;;false;;;;2026-09-28T00:00:00Z;SEED_BURNS_LEDGER;2026-09-28T00:00:00Z;SEED_BURNS_LEDGER
05b78a9b-0e4b-5eb1-a64d-f38e5301f1d4;44dc3647-f37a-51a4-bfe2-ada238b79f2c;A320;N547JB;N547JB;2026-09-25;01:40:00;2026-09-26T01:42:11Z;2026-09-26T04:14:14Z;152;;;5525;5463.06;;;5525;-61.94;-1.12;NORMAL;ACARS;;CONFIRMED;;;false;;;;false;;;;2026-09-28T00:00:00Z;SEED_BURNS_LEDGER;2026-09-28T00:00:00Z;SEED_BURNS_LEDGER
40d091c5-4e3e-50b5-9965-ac56e9aa0a62;403f426b-6d7f-5878-b076-c7217321385d;A223;N3115J;N3115J;2026-09-25;01:35:00;2026-09-26T01:46:21Z;2026-09-26T03:24:52Z;99;;;2392;2381.45;;;2392;-10.55;-0.44;NORMAL;ACARS;;CONFIRMED;;;false;;;;false;;;;2026-09-28T00:00:00Z;SEED_BURNS_LEDGER;2026-09-28T00:00:00Z;SEED_BURNS_LEDGER
f00339e6-b7ea-5cc9-96c9-0b592a4d36ad;04075da6-2d25-5040-b23e-f3eff1603997;A321;N981JT;N981JT;2026-09-25;00:55:00;2026-09-26T01:51:41Z;2026-09-26T07:39:09Z;347;;;14797;15391.06;;;14797;594.06;4.01;NORMAL;ACARS;;CONFIRMED;;;false;;;;false;;;;2026-09-28T00:00:00Z;SEED_BURNS_LEDGER;2026-09-28T00:00:00Z;SEED_BURNS_LEDGER
ccfbe587-730a-55c2-aa5c-12db076c8320;4bf19c22-7032-5bc7-8dbc-590cd5f89a9b;A320;N612JB;N612JB;2026-09-25;00:25:00;2026-09-26T01:54:54Z;2026-09-26T04:28:39Z;154;;;5015;5296.41;;;5015;281.41;5.61;EXCEEDED;ACARS;;CONFIRMED;;;false;;;;false;;;;2026-09-28T00:00:00Z;SEED_BURNS_LEDGER;2026-09-28T00:00:00Z;SEED_BURNS_LEDGER
2d87468f-7126-5528-ab81-e0b88c88e05b;4050fedb-c01c-5d33-bae7-7f20eaf2d0c7;A223;N3162J;N3162J;2026-09-25;02:00:00;2026-09-26T02:11:41Z;2026-09-26T04:19:23Z;128;;;3463;3430.45;;;3463;-32.55;-0.94;NORMAL;ACARS;;CONFIRMED;;;false;;;;false;;;;2026-09-28T00:00:00Z;SEED_BURNS_LEDGER;2026-09-28T00:00:00Z;SEED_BURNS_LEDGER
e20f0d4b-f113-532e-808a-933c4e152464;f98ec711-042d-53b9-817e-3e8c2e56b3a7;A21N;N4048J;N4048J;2026-09-25;02:10:00;2026-09-26T02:13:37Z;2026-09-26T08:59:28Z;406;;;14161;13953.41;;;14161;-207.59;-1.47;NORMAL;ACARS;;CONFIRMED;;;false;;;;false;;;;2026-09-28T00:00:00Z;SEED_BURNS_LEDGER;2026-09-28T00:00:00Z;SEED_BURNS_LEDGER
958142ef-6a9d-598f-8d9a-56ef8b31244b;bbbe4269-9fc0-57d0-9ec4-6654da3249bc;A321;N994JL;N994JL;2026-09-25;02:10:00;2026-09-26T02:15:53Z;2026-09-26T04:47:47Z;152;;;5610;5735.27;;;5610;125.27;2.23;NORMAL;ACARS;;CONFIRMED;;;false;;;;false;;;;2026-09-28T00:00:00Z;SEED_BURNS_LEDGER;2026-09-28T00:00:00Z;SEED_BURNS_LEDGER
320adbef-95f6-59bb-9660-560a664171e5;6cd8c214-6464-5964-a5e9-8c91a1ea26cc;A321;N982JB;N982JB;2026-09-25;02:25:00;2026-09-26T02:29:02Z;2026-09-26T08:47:38Z;379;;;17034;16815.28;;;17034;-218.72;-1.28;NORMAL;ACARS;;CONFIRMED;;;false;;;;false;;;;2026-09-28T00:00:00Z;SEED_BURNS_LEDGER;2026-09-28T00:00:00Z;SEED_BURNS_LEDGER
8b02a5ff-b795-5576-b292-32521e57a33e;0a0ffa13-3dd0-5262-b19a-8f202452870f;A21N;N2188J;N2188J;2026-09-25;02:25:00;2026-09-26T02:31:22Z;2026-09-26T08:44:15Z;373;;;12628;12775.46;;;12628;147.46;1.17;NORMAL;ACARS;;CONFIRMED;;;false;;;;false;;;;2026-09-28T00:00:00Z;SEED_BURNS_LEDGER;2026-09-28T00:00:00Z;SEED_BURNS_LEDGER
8f0d82cf-e590-599a-81b5-0064dfc4fa98;1b6e4e75-99b1-5ab4-995f-b68323719df7;A21N;N4074J;N4074J;2026-09-25;02:25:00;2026-09-26T02:34:16Z;2026-09-26T09:26:23Z;412;;;14759;14273.81;;;14759;-485.19;-3.29;NORMAL;ACARS;;CONFIRMED;;;false;;;;false;;;;2026-09-28T00:00:00Z;SEED_BURNS_LEDGER;2026-09-28T00:00:00Z;SEED_BURNS_LEDGER
7165cd05-df8b-5b4d-8b76-bc5e0b328bbd;3bbd962f-c61f-5e25-a026-a52b3df1e975;A320;N637JB;N637JB;2026-09-25;02:30:00;2026-09-26T02:38:21Z;2026-09-26T06:10:27Z;212;;;7480;7911.64;;;7480;431.64;5.77;EXCEEDED;ACARS;;CONFIRMED;;;false;;;;false;;;;2026-09-28T00:00:00Z;SEED_BURNS_LEDGER;2026-09-28T00:00:00Z;SEED_BURNS_LEDGER
2c35ec43-56fb-5fd8-a8a4-af8ce21a1034;eac395cc-8426-551e-8a84-6e7d47d5e6b8;A320;N766JB;N766JB;2026-09-25;02:40:00;2026-09-26T02:45:49Z;2026-09-26T04:36:49Z;111;;;3400;3309.84;;;3400;-90.16;-2.65;NORMAL;ACARS;;CONFIRMED;;;false;;;;false;;;;2026-09-28T00:00:00Z;SEED_BURNS_LEDGER;2026-09-28T00:00:00Z;SEED_BURNS_LEDGER
33e70639-5f2e-5655-b31f-9c0487fa17ff;a2cdfbee-dc1a-5d3d-afde-492fc3226182;A320;N565JB;N565JB;2026-09-25;01:35:00;2026-09-26T02:46:46Z;2026-09-26T04:25:34Z;99;;;2975;2987.06;;;2975;12.06;0.41;NORMAL;ACARS;;CONFIRMED;;;false;;;;false;;;;2026-09-28T00:00:00Z;SEED_BURNS_LEDGER;2026-09-28T00:00:00Z;SEED_BURNS_LEDGER
f033a112-9daa-576b-a3a9-82cee03d1ba7;a77318a3-bc6a-5da4-b8b9-371b8ae63cbd;A320;N585JB;N585JB;2026-09-25;02:45:00;2026-09-26T02:49:50Z;2026-09-26T04:02:07Z;72;;;1785;1884.62;;;1785;99.62;5.58;EXCEEDED;ACARS;;CONFIRMED;;;false;;;;false;;;;2026-09-28T00:00:00Z;SEED_BURNS_LEDGER;2026-09-28T00:00:00Z;SEED_BURNS_LEDGER
52c6bbd6-010a-589d-a248-3e24ff75edb8;c207d22b-65d0-5146-8848-bc7ddbcae9c3;A320;N656JB;N656JB;2026-09-25;01:25:00;2026-09-26T02:56:59Z;2026-09-26T06:33:06Z;216;;;8118;8016.29;;;8118;-101.71;-1.25;NORMAL;ACARS;;CONFIRMED;;;false;;;;false;;;;2026-09-28T00:00:00Z;SEED_BURNS_LEDGER;2026-09-28T00:00:00Z;SEED_BURNS_LEDGER
db0bf109-0119-55e8-8256-94b77a51c20b;48316eef-0308-56a2-86ab-be68c367cb60;A21N;N2205J;N2205J;2026-09-25;02:45:00;2026-09-26T03:11:46Z;2026-09-26T09:22:23Z;371;;;12441;12587.23;;;12441;146.23;1.18;NORMAL;ACARS;;CONFIRMED;;;false;;;;false;;;;2026-09-28T00:00:00Z;SEED_BURNS_LEDGER;2026-09-28T00:00:00Z;SEED_BURNS_LEDGER
3072ce26-9cc7-5332-a3a3-540afc0207d0;69f4e847-bab0-5225-9998-4fe20620f2f0;A223;N3044J;N3044J;2026-09-25;03:05:00;2026-09-26T03:13:58Z;2026-09-26T06:38:59Z;205;;;6426;6329.19;;;6426;-96.81;-1.51;NORMAL;ACARS;;CONFIRMED;;;false;;;;false;;;;2026-09-28T00:00:00Z;SEED_BURNS_LEDGER;2026-09-28T00:00:00Z;SEED_BURNS_LEDGER
d9fbb98d-6acd-5a33-b355-7599fa24c3ab;c6c24093-a566-5b2c-ada2-61fd45fd0950;A21N;N2180J;N2180J;2026-09-25;03:10:00;2026-09-26T03:17:53Z;2026-09-26T09:48:03Z;390;;;13450;13404.9;;;13450;-45.1;-0.34;NORMAL;ACARS;;CONFIRMED;;;false;;;;false;;;;2026-09-28T00:00:00Z;SEED_BURNS_LEDGER;2026-09-28T00:00:00Z;SEED_BURNS_LEDGER
79fd594d-f184-583f-91ab-dc8baf71ad9b;6e069dfa-35d7-5171-8099-429c9b9d4705;A320;N775JB;N775JB;2026-09-25;03:20:00;2026-09-26T03:21:51Z;2026-09-26T04:08:47Z;47;;;935;1177.32;;;935;242.32;25.92;EXCEEDED;ACARS;;CONFIRMED;;;false;;;;false;;;;2026-09-28T00:00:00Z;SEED_BURNS_LEDGER;2026-09-28T00:00:00Z;SEED_BURNS_LEDGER
696bcd95-df00-53d8-a882-08f9738faffa;2464fea8-e190-5bbe-9654-882c0028a387;A321;N962JT;N962JT;2026-09-25;03:20:00;2026-09-26T03:25:11Z;2026-09-26T09:15:32Z;350;;;15320;14939.31;;;15320;-380.69;-2.48;NORMAL;ACARS;;CONFIRMED;;;false;;;;false;;;;2026-09-28T00:00:00Z;SEED_BURNS_LEDGER;2026-09-28T00:00:00Z;SEED_BURNS_LEDGER
78c22da0-3522-5b65-a40b-5c2636e50fa5;670a3193-b5a7-58d8-be21-19e59ae44e8d;A223;N3058J;N3058J;2026-09-25;03:20:00;2026-09-26T03:26:57Z;2026-09-26T05:03:37Z;97;;;2106;2295.47;;;2106;189.47;9;EXCEEDED;ACARS;;CONFIRMED;;;false;;;;false;;;;2026-09-28T00:00:00Z;SEED_BURNS_LEDGER;2026-09-28T00:00:00Z;SEED_BURNS_LEDGER
40f93c64-eaf2-53c5-9024-c82279270816;fe0ba8ec-56ee-5d4e-9171-a9ae9af55576;A320;N566JB;N566JB;2026-09-25;03:20:00;2026-09-26T03:28:25Z;2026-09-26T06:46:16Z;198;;;7608;7394.53;;;7608;-213.47;-2.81;NORMAL;ACARS;;CONFIRMED;;;false;;;;false;;;;2026-09-28T00:00:00Z;SEED_BURNS_LEDGER;2026-09-28T00:00:00Z;SEED_BURNS_LEDGER
d0b8e769-066d-532c-a918-d15ccb8285c8;8c9bc61d-ccf5-599b-af1d-817cca17b867;A321;N978JB;N978JB;2026-09-25;03:25:00;2026-09-26T03:30:00Z;2026-09-26T08:41:30Z;312;;;13845;13194.03;;;13845;-650.97;-4.7;NORMAL;ACARS;;CONFIRMED;;;false;;;;false;;;;2026-09-28T00:00:00Z;SEED_BURNS_LEDGER;2026-09-28T00:00:00Z;SEED_BURNS_LEDGER
d0bcd32b-e572-55de-84c1-e6aa3775f5ff;871dfe56-a0a6-5589-b08c-28b22ebe5ffa;A320;N561JB;N561JB;2026-09-25;03:30:00;2026-09-26T03:32:54Z;2026-09-26T04:59:25Z;87;;;2550;2645.67;;;2550;95.67;3.75;NORMAL;ACARS;;CONFIRMED;;;false;;;;false;;;;2026-09-28T00:00:00Z;SEED_BURNS_LEDGER;2026-09-28T00:00:00Z;SEED_BURNS_LEDGER
14474099-09fb-5d8b-84ce-8d69ef899890;c714a50d-88ed-5796-819d-468f9792e160;A321;N942JB;N942JB;2026-09-25;02:45:00;2026-09-26T03:33:30Z;2026-09-26T09:12:18Z;339;;;15225;14631.22;;;15225;-593.78;-3.9;NORMAL;ACARS;;CONFIRMED;;;false;;;;false;;;;2026-09-28T00:00:00Z;SEED_BURNS_LEDGER;2026-09-28T00:00:00Z;SEED_BURNS_LEDGER
3a60ab95-1b4e-5378-8bc2-7ba3f0ffbf12;8a0577e4-fde9-50b1-93f8-73eeaf25c4e7;A321;N964JT;N964JT;2026-09-25;03:05:00;2026-09-26T03:35:40Z;2026-09-26T08:51:11Z;316;;;14035;13943.15;;;14035;-91.85;-0.65;NORMAL;ACARS;;CONFIRMED;;;false;;;;false;;;;2026-09-28T00:00:00Z;SEED_BURNS_LEDGER;2026-09-28T00:00:00Z;SEED_BURNS_LEDGER
21ffbb3a-1a4d-5c4d-b93d-e8981258b252;513eabd7-568d-55db-8334-7694f6c15ec6;A321;N946JL;N946JL;2026-09-25;03:30:00;2026-09-26T03:37:50Z;2026-09-26T09:09:12Z;331;;;14226;13951.81;;;14226;-274.19;-1.93;NORMAL;ACARS;;CONFIRMED;;;false;;;;false;;;;2026-09-28T00:00:00Z;SEED_BURNS_LEDGER;2026-09-28T00:00:00Z;SEED_BURNS_LEDGER
186a0f7e-9f85-597c-98c4-29218fc327d5;adaf8350-f523-5b32-8025-35ebb99a4394;A21N;N2165J;N2165J;2026-09-25;03:35:00;2026-09-26T03:37:58Z;2026-09-26T09:18:12Z;340;;;11281;11209.59;;;11281;-71.41;-0.63;NORMAL;ACARS;;CONFIRMED;;;false;;;;false;;;;2026-09-28T00:00:00Z;SEED_BURNS_LEDGER;2026-09-28T00:00:00Z;SEED_BURNS_LEDGER
6857c106-8247-5093-92e2-bf7bfb6ab889;35912828-0485-58bb-aff0-96410db38522;A321;N992JB;N992JB;2026-09-25;03:30:00;2026-09-26T03:38:38Z;2026-09-26T04:48:23Z;70;;;2135;2133.7;;;2135;-1.3;-0.06;NORMAL;ACARS;;CONFIRMED;;;false;;;;false;;;;2026-09-28T00:00:00Z;SEED_BURNS_LEDGER;2026-09-28T00:00:00Z;SEED_BURNS_LEDGER
5035b62b-309b-5df4-a174-e0aa8d8249d0;e37b9178-b9de-5e2d-96e2-7a591b723801;A320;N556JB;N556JB;2026-09-25;03:35:00;2026-09-26T03:38:49Z;2026-09-26T04:42:31Z;64;;;1488;1536.33;;;1488;48.33;3.25;NORMAL;ACARS;;CONFIRMED;;;false;;;;false;;;;2026-09-28T00:00:00Z;SEED_BURNS_LEDGER;2026-09-28T00:00:00Z;SEED_BURNS_LEDGER
52be93b1-bf22-58f7-91d0-c3614eb4db44;9161c6fc-53ba-5626-8982-8bfb92270db7;A21N;N2156J;N2156J;2026-09-25;03:15:00;2026-09-26T03:43:04Z;2026-09-26T09:18:18Z;335;;;11468;11451.6;;;11468;-16.4;-0.14;NORMAL;ACARS;;CONFIRMED;;;false;;;;false;;;;2026-09-28T00:00:00Z;SEED_BURNS_LEDGER;2026-09-28T00:00:00Z;SEED_BURNS_LEDGER
246fca61-b21a-57fe-9644-bbd743d351d5;063608ce-be9d-5106-8f28-222d8c6833d6;A223;N3291J;N3291J;2026-09-25;03:50:00;2026-09-26T03:54:29Z;2026-09-26T05:00:37Z;66;;;964;1267.38;;;964;303.38;31.47;EXCEEDED;ACARS;;CONFIRMED;;;false;;;;false;;;;2026-09-28T00:00:00Z;SEED_BURNS_LEDGER;2026-09-28T00:00:00Z;SEED_BURNS_LEDGER
e97ff37d-ea3d-5bf6-8614-1a04e7f8efb5;86139697-c440-59ac-823b-06576f761cd3;A223;N3244J;N3244J;2026-09-25;03:20:00;2026-09-26T03:58:30Z;2026-09-26T05:25:47Z;87;;;1785;1942.94;;;1785;157.94;8.85;EXCEEDED;ACARS;;CONFIRMED;;;false;;;;false;;;;2026-09-28T00:00:00Z;SEED_BURNS_LEDGER;2026-09-28T00:00:00Z;SEED_BURNS_LEDGER
37b4e7e6-35d3-50b9-be4f-f621c39c5908;0cfe0bd2-2103-5e6f-a1c2-f9bc6957b7ea;A223;N3308J;N3308J;2026-09-25;03:55:00;2026-09-26T03:58:32Z;2026-09-26T05:13:07Z;75;;;1464;1666.34;;;1464;202.34;13.82;EXCEEDED;ACARS;;CONFIRMED;;;false;;;;false;;;;2026-09-28T00:00:00Z;SEED_BURNS_LEDGER;2026-09-28T00:00:00Z;SEED_BURNS_LEDGER
20228bc7-ed87-5ab4-9148-2169f1ccee4b;82afedfb-b39b-5705-aad8-e909e4f82657;A321;N983JT;N983JT;2026-09-26;04:00:00;2026-09-26T04:04:40Z;2026-09-26T09:14:16Z;310;;;13892;13007.75;;;13892;-884.25;-6.37;EXCEEDED;ACARS;;CONFIRMED;;;false;;;;false;;;;2026-09-28T00:00:00Z;SEED_BURNS_LEDGER;2026-09-28T00:00:00Z;SEED_BURNS_LEDGER
bcb21890-8cb4-5273-a180-56a0fc44f84d;c1656d0c-fe8a-5877-9e7a-7fd5d7fa143d;A320;N638JB;N638JB;2026-09-25;03:50:00;2026-09-26T04:09:20Z;2026-09-26T05:24:48Z;75;;;1870;1945.48;;;1870;75.48;4.04;NORMAL;ACARS;;CONFIRMED;;;false;;;;false;;;;2026-09-28T00:00:00Z;SEED_BURNS_LEDGER;2026-09-28T00:00:00Z;SEED_BURNS_LEDGER
35e693d5-bb69-5ea3-a09c-e9c727eac5a4;62b413ef-0783-5180-ab26-440c607e5924;A223;N3104J;N3104J;2026-09-25;04:10:00;2026-09-26T04:12:57Z;2026-09-26T09:38:37Z;326;;;10960;10352.51;;;10960;-607.49;-5.54;EXCEEDED;ACARS;;CONFIRMED;;;false;;;;false;;;;2026-09-28T00:00:00Z;SEED_BURNS_LEDGER;2026-09-28T00:00:00Z;SEED_BURNS_LEDGER
ffec0816-2687-531e-9496-8bd2303eae91;031f60a3-3d65-5f69-8ddd-c9e60b2a2184;A320;N618JB;N618JB;2026-09-26;04:15:00;2026-09-26T04:19:45Z;2026-09-26T05:23:17Z;64;;;1148;1409.34;;;1148;261.34;22.76;EXCEEDED;ACARS;;CONFIRMED;;;false;;;;false;;;;2026-09-28T00:00:00Z;SEED_BURNS_LEDGER;2026-09-28T00:00:00Z;SEED_BURNS_LEDGER
957ff8db-df90-511c-af03-4d0a57c3070e;1d954c2b-f628-57e9-97e0-e7465a50e668;A320;N591JB;N591JB;2026-09-25;04:30:00;2026-09-26T04:40:30Z;2026-09-26T10:01:56Z;321;;;12835;12575.8;;;12835;-259.2;-2.02;NORMAL;ACARS;;CONFIRMED;;;false;;;;false;;;;2026-09-28T00:00:00Z;SEED_BURNS_LEDGER;2026-09-28T00:00:00Z;SEED_BURNS_LEDGER
4da3f4de-1c79-5681-9485-b34d2e18c9eb;9f351461-68ce-5b5e-9c94-bda462bef2d3;A320;N746JB;N746JB;2026-09-25;04:40:00;2026-09-26T04:44:18Z;2026-09-26T08:56:07Z;252;;;9478;9177.41;;;9478;-300.59;-3.17;NORMAL;ACARS;;CONFIRMED;;;false;;;;false;;;;2026-09-28T00:00:00Z;SEED_BURNS_LEDGER;2026-09-28T00:00:00Z;SEED_BURNS_LEDGER
978af6c5-02fb-58a9-b657-f6fc294cdb52;69f50810-181c-5862-bed6-ff7e60d239b4;A320;N655JB;N655JB;2026-09-25;03:55:00;2026-09-26T04:49:32Z;2026-09-26T07:35:18Z;166;;;5482;5652.63;;;5482;170.63;3.11;NORMAL;ACARS;;CONFIRMED;;;false;;;;false;;;;2026-09-28T00:00:00Z;SEED_BURNS_LEDGER;2026-09-28T00:00:00Z;SEED_BURNS_LEDGER
b8f65bdd-8aad-50f0-a594-b63dab6cb927;aed10c1e-6508-530f-9907-0fce37f24dac;A321;N929JB;N929JB;2026-09-25;04:45:00;2026-09-26T04:52:57Z;2026-09-26T10:38:51Z;346;;;14987;14473.12;;;14987;-513.88;-3.43;NORMAL;ACARS;;CONFIRMED;;;false;;;;false;;;;2026-09-28T00:00:00Z;SEED_BURNS_LEDGER;2026-09-28T00:00:00Z;SEED_BURNS_LEDGER
2b780c0c-84fc-550b-8d34-5ea182ef614e;637ca5e7-3ce2-54b1-81f4-c7c644cf6d01;A320;N516JB;N516JB;2026-09-26;04:50:00;2026-09-26T04:53:23Z;2026-09-26T06:02:12Z;69;;;1360;1637.09;;;1360;277.09;20.37;EXCEEDED;ACARS;;CONFIRMED;;;false;;;;false;;;;2026-09-28T00:00:00Z;SEED_BURNS_LEDGER;2026-09-28T00:00:00Z;SEED_BURNS_LEDGER
ab788de0-3f3a-5a95-a9cc-27c53099770e;38ca18ab-6bd2-5eb9-88a8-0ad9e31b5b6f;A321;N993JE;N993JE;2026-09-25;04:50:00;2026-09-26T04:59:14Z;2026-09-26T10:38:28Z;339;;;15320;14720.03;;;15320;-599.97;-3.92;NORMAL;ACARS;;CONFIRMED;;;false;;;;false;;;;2026-09-28T00:00:00Z;SEED_BURNS_LEDGER;2026-09-28T00:00:00Z;SEED_BURNS_LEDGER
9b1d0d28-f472-535a-92bb-4f7c84325769;704c0694-54be-50d6-83ca-f70932806d40;A321;N961JT;N961JT;2026-09-25;04:55:00;2026-09-26T05:04:05Z;2026-09-26T09:32:23Z;268;;;11274;11655.48;;;11274;381.48;3.38;NORMAL;ACARS;;CONFIRMED;;;false;;;;false;;;;2026-09-28T00:00:00Z;SEED_BURNS_LEDGER;2026-09-28T00:00:00Z;SEED_BURNS_LEDGER
222677f5-93ad-546c-84c5-65e32dc164d4;1295dc44-c3ce-5b8b-9c57-4db24fd46b84;A21N;N2142J;N2142J;2026-09-25;04:55:00;2026-09-26T05:06:48Z;2026-09-26T10:46:21Z;340;;;11206;11308.31;;;11206;102.31;0.91;NORMAL;ACARS;;CONFIRMED;;;false;;;;false;;;;2026-09-28T00:00:00Z;SEED_BURNS_LEDGER;2026-09-28T00:00:00Z;SEED_BURNS_LEDGER
c3b16429-2804-5a4d-9c22-0d603b4240c3;770dac26-c4ce-5221-95d9-3b4bf2856f3c;A21N;N4022J;N4022J;2026-09-26;05:15:00;2026-09-26T05:22:00Z;2026-09-26T06:33:11Z;71;;;1445;1725.16;;;1445;280.16;19.39;EXCEEDED;ACARS;;CONFIRMED;;;false;;;;false;;;;2026-09-28T00:00:00Z;SEED_BURNS_LEDGER;2026-09-28T00:00:00Z;SEED_BURNS_LEDGER
88b43f19-302a-59c6-b926-f413017d1fb3;56ddfc43-71be-58de-b948-e975c9975f2b;A21N;N2151J;N2151J;2026-09-25;05:15:00;2026-09-26T05:23:25Z;2026-09-26T10:51:34Z;328;;;10982;10998.56;;;10982;16.56;0.15;NORMAL;ACARS;;CONFIRMED;;;false;;;;false;;;;2026-09-28T00:00:00Z;SEED_BURNS_LEDGER;2026-09-28T00:00:00Z;SEED_BURNS_LEDGER
21bd2b4a-4740-5925-93cc-7db91748d8d2;7a217be0-1c83-54de-87db-80c03c0f5f0b;A321;N988JT;N988JT;2026-09-25;05:20:00;2026-09-26T05:28:12Z;2026-09-26T10:17:48Z;290;;;12655;12095.41;;;12655;-559.59;-4.42;NORMAL;ACARS;;CONFIRMED;;;false;;;;false;;;;2026-09-28T00:00:00Z;SEED_BURNS_LEDGER;2026-09-28T00:00:00Z;SEED_BURNS_LEDGER
7776b110-b4cf-5aba-82fa-74693b6b952a;253fa566-e516-5f96-a029-26f1e5855a72;A223;N3189J;N3189J;2026-09-25;04:30:00;2026-09-26T05:39:16Z;2026-09-26T10:56:20Z;317;;;10817;10424.07;;;10817;-392.93;-3.63;NORMAL;ACARS;;CONFIRMED;;;false;;;;false;;;;2026-09-28T00:00:00Z;SEED_BURNS_LEDGER;2026-09-28T00:00:00Z;SEED_BURNS_LEDGER
f4dc9f6c-8ef2-50f2-b4de-a28414587b00;1b288237-6401-5d12-a0f1-bb5e0a15417d;A321;N945JT;N945JT;2026-09-25;05:35:00;2026-09-26T05:42:47Z;2026-09-26T10:46:34Z;304;;;13416;13207.65;;;13416;-208.35;-1.55;NORMAL;ACARS;;CONFIRMED;;;false;;;;false;;;;2026-09-28T00:00:00Z;SEED_BURNS_LEDGER;2026-09-28T00:00:00Z;SEED_BURNS_LEDGER
1e65ebec-bf62-5026-bb01-492cbee83be3;751e88ef-7e56-5954-b595-4edc61ffb64a;A223;N3215J;N3215J;2026-09-25;05:45:00;2026-09-26T05:48:51Z;2026-09-26T10:22:17Z;273;;;8568;8614.25;;;8568;46.25;0.54;NORMAL;ACARS;;CONFIRMED;;;false;;;;false;;;;2026-09-28T00:00:00Z;SEED_BURNS_LEDGER;2026-09-28T00:00:00Z;SEED_BURNS_LEDGER
752bd0ba-062d-5a3e-919f-b728f4ec7f5a;538d162f-962d-50cf-96c9-61f3666e3b4a;A321;N935JB;N935JB;2026-09-25;06:05:00;2026-09-26T06:09:01Z;2026-09-26T11:38:31Z;330;;;14226;14016.37;;;14226;-209.63;-1.47;NORMAL;ACARS;;CONFIRMED;;;false;;;;false;;;;2026-09-28T00:00:00Z;SEED_BURNS_LEDGER;2026-09-28T00:00:00Z;SEED_BURNS_LEDGER
3c96ad9c-ffb3-5d6e-8376-efac85200713;4f0d067c-9377-5a07-a450-4448d832833a;A321;N967JT;N967JT;2026-09-25;06:20:00;2026-09-26T06:24:08Z;2026-09-26T11:52:38Z;328;;;14654;14383.88;;;14654;-270.12;-1.84;NORMAL;ACARS;;CONFIRMED;;;false;;;;false;;;;2026-09-28T00:00:00Z;SEED_BURNS_LEDGER;2026-09-28T00:00:00Z;SEED_BURNS_LEDGER
2de594a8-444e-59f0-865e-182f5b9ca6fd;cad6d97b-db08-593c-89e0-c44f54c78817;A321;N999JQ;N999JQ;2026-09-25;06:20:00;2026-09-26T06:28:04Z;2026-09-26T11:55:03Z;327;;;14797;14225.44;;;14797;-571.56;-3.86;NORMAL;ACARS;;CONFIRMED;;;false;;;;false;;;;2026-09-28T00:00:00Z;SEED_BURNS_LEDGER;2026-09-28T00:00:00Z;SEED_BURNS_LEDGER
fcd530ec-b313-5fcd-96d4-0b932b03376e;b9a1fc57-63e4-5e6c-9ab5-77b805138509;A321;N968JT;N968JT;2026-09-25;06:35:00;2026-09-26T06:47:07Z;2026-09-26T12:22:16Z;335;;;14416;14324.46;;;14416;-91.54;-0.63;NORMAL;ACARS;;CONFIRMED;;;false;;;;false;;;;2026-09-28T00:00:00Z;SEED_BURNS_LEDGER;2026-09-28T00:00:00Z;SEED_BURNS_LEDGER
291151b7-7639-57a1-a7ae-6305c4163554;5ac75bec-c297-5d4f-92e9-397ec16c6a51;A321;N986JB;N986JB;2026-09-25;06:45:00;2026-09-26T06:51:54Z;2026-09-26T12:00:45Z;309;;;13892;12914.41;;;13892;-977.59;-7.04;EXCEEDED;ACARS;;CONFIRMED;;;false;;;;false;;;;2026-09-28T00:00:00Z;SEED_BURNS_LEDGER;2026-09-28T00:00:00Z;SEED_BURNS_LEDGER
6f0e41d5-ae2b-5d79-a776-8c7f7b9910e5;9729948c-cdda-5651-9c92-d6d26980f2c3;A21N;N4058J;N4058J;2026-09-26;06:50:00;2026-09-26T06:59:44Z;2026-09-26T15:16:52Z;497;;;16816;17418.22;;;16816;602.22;3.58;NORMAL;ACARS;;CONFIRMED;;;false;;;;false;;;;2026-09-28T00:00:00Z;SEED_BURNS_LEDGER;2026-09-28T00:00:00Z;SEED_BURNS_LEDGER
0ffe7126-842a-5b9b-8235-4de93f6d046c;e36011e6-2863-5342-a11f-58c73c03f733;A321;N949JT;N949JT;2026-09-25;06:25:00;2026-09-26T07:20:49Z;2026-09-26T12:45:37Z;325;;;14511;14468.02;;;14511;-42.98;-0.3;NORMAL;ACARS;;CONFIRMED;;;false;;;;false;;;;2026-09-28T00:00:00Z;SEED_BURNS_LEDGER;2026-09-28T00:00:00Z;SEED_BURNS_LEDGER
2f346665-31e2-584e-a915-6b458cd61fcf;30d1090d-c1c8-5d04-8ce7-095d806541f3;A21N;N4073J;N4073J;2026-09-26;07:25:00;2026-09-26T07:29:04Z;2026-09-26T15:32:08Z;483;;;17265;16584.6;;;17265;-680.4;-3.94;NORMAL;ACARS;;CONFIRMED;;;false;;;;false;;;;2026-09-28T00:00:00Z;SEED_BURNS_LEDGER;2026-09-28T00:00:00Z;SEED_BURNS_LEDGER
eb0144d5-5a5a-5a5a-a375-528b09f2f4ed;50de18ad-bfa1-5007-88b1-40c8cdca6140;A321;N984JB;N984JB;2026-09-26;07:40:00;2026-09-26T07:48:17Z;2026-09-26T13:25:51Z;338;;;14083;14211.67;;;14083;128.67;0.91;NORMAL;ACARS;;CONFIRMED;;;false;;;;false;;;;2026-09-28T00:00:00Z;SEED_BURNS_LEDGER;2026-09-28T00:00:00Z;SEED_BURNS_LEDGER
ff51c9a8-38b4-5c48-8600-b3a5ccdf614f;2cf128da-4ca9-5f19-8620-5ae72ae3f617;A21N;N4064J;N4064J;2026-09-26;08:05:00;2026-09-26T08:47:43Z;2026-09-26T18:02:28Z;555;;;20033;19219;;;20033;-814;-4.06;NORMAL;ACARS;;CONFIRMED;;;false;;;;false;;;;2026-09-28T00:00:00Z;SEED_BURNS_LEDGER;2026-09-28T00:00:00Z;SEED_BURNS_LEDGER
72c77490-cd39-5b05-ba75-19a0eac01f40;d07e9dcb-4bfa-5439-8c16-7059c44842a2;A223;N3221J;N3221J;2026-09-26;08:50:00;2026-09-26T08:58:54Z;2026-09-26T10:25:42Z;87;;;1892;1884.72;;;1892;-7.28;-0.38;NORMAL;ACARS;;CONFIRMED;;;false;;;;false;;;;2026-09-28T00:00:00Z;SEED_BURNS_LEDGER;2026-09-28T00:00:00Z;SEED_BURNS_LEDGER
591ca2a1-f7e4-5899-8d8d-8f475e88f787;ad247031-d113-59b0-92f3-5ac36482c617;A21N;N4076J;N4076J;2026-09-26;09:00:00;2026-09-26T09:08:00Z;2026-09-26T17:28:44Z;501;;;17527;16820.28;;;17527;-706.72;-4.03;NORMAL;ACARS;;CONFIRMED;;;false;;;;false;;;;2026-09-28T00:00:00Z;SEED_BURNS_LEDGER;2026-09-28T00:00:00Z;SEED_BURNS_LEDGER
2e97f9b5-0444-5360-8e91-a2a161d0987a;4cc968cf-68cc-579f-98f3-1a2c6d23fdbd;A21N;N4080J;N4080J;2026-09-26;09:00:00;2026-09-26T09:11:28Z;2026-09-26T17:21:23Z;490;;;17228;17060.86;;;17228;-167.14;-0.97;NORMAL;ACARS;;CONFIRMED;;;false;;;;false;;;;2026-09-28T00:00:00Z;SEED_BURNS_LEDGER;2026-09-28T00:00:00Z;SEED_BURNS_LEDGER
7f5ab98a-e97d-5d7e-8353-574cd2d7e818;6b2f54fb-902d-53f5-bfd9-9b9b75bcbe22;A223;N3291J;N3291J;2026-09-26;09:30:00;2026-09-26T09:35:18Z;2026-09-26T10:59:50Z;85;;;1642;1872.97;;;1642;230.97;14.07;EXCEEDED;ACARS;;CONFIRMED;;;false;;;;false;;;;2026-09-28T00:00:00Z;SEED_BURNS_LEDGER;2026-09-28T00:00:00Z;SEED_BURNS_LEDGER
93e99a30-adb1-500b-a357-b71b224e708c;bf69490c-d49e-586d-a442-8e68b0483d95;A21N;N2169J;N2169J;2026-09-26;09:35:00;2026-09-26T09:38:22Z;2026-09-26T16:54:00Z;436;;;15320;15130.84;;;15320;-189.16;-1.23;NORMAL;ACARS;;CONFIRMED;;;false;;;;false;;;;2026-09-28T00:00:00Z;SEED_BURNS_LEDGER;2026-09-28T00:00:00Z;SEED_BURNS_LEDGER
84b3eed8-d8e2-5916-9277-9879f469076d;5070bdb4-2a6b-59bb-9575-ea7f0d9daf06;A223;N3115J;N3115J;2026-09-26;08:45:00;2026-09-26T09:41:00Z;2026-09-26T11:24:36Z;104;;;2535;2669.44;;;2535;134.44;5.3;EXCEEDED;ACARS;;CONFIRMED;;;false;;;;false;;;;2026-09-28T00:00:00Z;SEED_BURNS_LEDGER;2026-09-28T00:00:00Z;SEED_BURNS_LEDGER
b36b19da-3010-5dde-bb03-bd734e809519;8e199346-89b4-5c6d-9b31-b879a3937798;A223;N3308J;N3308J;2026-09-26;09:35:00;2026-09-26T09:43:26Z;2026-09-26T11:12:44Z;89;;;2249;2235.51;;;2249;-13.49;-0.6;NORMAL;ACARS;;CONFIRMED;;;false;;;;false;;;;2026-09-28T00:00:00Z;SEED_BURNS_LEDGER;2026-09-28T00:00:00Z;SEED_BURNS_LEDGER
da303726-6b77-5f79-9ac5-6ca4ce261825;8d468c72-bf84-5af6-8cc5-75c03747a0c3;A320;N793JB;N793JB;2026-09-26;09:35:00;2026-09-26T09:43:43Z;2026-09-26T13:51:30Z;248;;;9605;9166.21;;;9605;-438.79;-4.57;NORMAL;ACARS;;CONFIRMED;;;false;;;;false;;;;2026-09-28T00:00:00Z;SEED_BURNS_LEDGER;2026-09-28T00:00:00Z;SEED_BURNS_LEDGER
a1fdc7e6-e625-5ddf-9ab0-e065eb6bd88d;f80a3dd8-a0b2-5e34-96d9-7a7cf6039874;A320;N547JB;N547JB;2026-09-26;09:40:00;2026-09-26T09:45:19Z;2026-09-26T12:20:22Z;155;;;5185;5241.42;;;5185;56.42;1.09;NORMAL;ACARS;;CONFIRMED;;;false;;;;false;;;;2026-09-28T00:00:00Z;SEED_BURNS_LEDGER;2026-09-28T00:00:00Z;SEED_BURNS_LEDGER
ea6970f9-2709-5c27-9a00-ccaffbcf84fe;25ddc8e2-51b6-5a4a-b099-fef833020e5f;A320;N760JB;N760JB;2026-09-26;09:40:00;2026-09-26T09:46:16Z;2026-09-26T14:12:33Z;266;;;10668;10092.91;;;10668;-575.09;-5.39;EXCEEDED;ACARS;;CONFIRMED;;;false;;;;false;;;;2026-09-28T00:00:00Z;SEED_BURNS_LEDGER;2026-09-28T00:00:00Z;SEED_BURNS_LEDGER
75202761-1986-51ce-8a91-28ad2ca3386f;40eb1e52-1e13-56e6-bc6f-63112aa677b9;A320;N559JB;N559JB;2026-09-26;08:20:00;2026-09-26T09:47:05Z;2026-09-26T12:13:29Z;146;;;4802;5029.78;;;4802;227.78;4.74;NORMAL;ACARS;;CONFIRMED;;;false;;;;false;;;;2026-09-28T00:00:00Z;SEED_BURNS_LEDGER;2026-09-28T00:00:00Z;SEED_BURNS_LEDGER
2deea6b8-71ad-5aec-af7e-d49db40a8a50;e3b4e212-ac97-526e-8a85-bd18499e1d43;A223;N3185J;N3185J;2026-09-26;09:40:00;2026-09-26T09:47:16Z;2026-09-26T11:28:37Z;101;;;2463;2541.07;;;2463;78.07;3.17;NORMAL;ACARS;;CONFIRMED;;;false;;;;false;;;;2026-09-28T00:00:00Z;SEED_BURNS_LEDGER;2026-09-28T00:00:00Z;SEED_BURNS_LEDGER
97671f91-6eb7-5f1d-b489-474e92b608e6;2108016e-c72f-5179-9d2f-d6e12710a013;A320;N536JB;N536JB;2026-09-26;09:45:00;2026-09-26T09:49:41Z;2026-09-26T12:45:32Z;176;;;6460;6289.33;;;6460;-170.67;-2.64;NORMAL;ACARS;;CONFIRMED;;;false;;;;false;;;;2026-09-28T00:00:00Z;SEED_BURNS_LEDGER;2026-09-28T00:00:00Z;SEED_BURNS_LEDGER
026a1ee4-b6cd-5303-96fe-636636174374;3f2f0f1f-423e-5086-be19-695a2865b025;A321;N977JE;N977JE;2026-09-26;09:40:00;2026-09-26T09:51:05Z;2026-09-26T15:52:22Z;361;;;16130;15873.73;;;16130;-256.27;-1.59;NORMAL;ACARS;;CONFIRMED;;;false;;;;false;;;;2026-09-28T00:00:00Z;SEED_BURNS_LEDGER;2026-09-28T00:00:00Z;SEED_BURNS_LEDGER
0182ee0d-b1e1-5588-9fd2-2984eb5d7a38;e851d2f5-2a6a-5355-9062-c1418c295964;A320;N645JB;N645JB;2026-09-26;09:40:00;2026-09-26T09:51:20Z;2026-09-26T12:41:21Z;170;;;6120;6207.35;;;6120;87.35;1.43;NORMAL;ACARS;;CONFIRMED;;;false;;;;false;;;;2026-09-28T00:00:00Z;SEED_BURNS_LEDGER;2026-09-28T00:00:00Z;SEED_BURNS_LEDGER
6375dd97-8ed8-5c45-b66e-11b9f9da3845;0a740839-3456-58f0-b691-0f6a0d50a9ca;A321;N944JT;N944JT;2026-09-26;09:40:00;2026-09-26T09:51:25Z;2026-09-26T15:58:51Z;367;;;16034;15983.66;;;16034;-50.34;-0.31;NORMAL;ACARS;;CONFIRMED;;;false;;;;false;;;;2026-09-28T00:00:00Z;SEED_BURNS_LEDGER;2026-09-28T00:00:00Z;SEED_BURNS_LEDGER
07c5f9a4-1d07-502e-b33a-6388dd3a8633;5ea306bd-f1f3-5198-b119-51baebaeb516;A223;N3132J;N3132J;2026-09-26;09:45:00;2026-09-26T09:51:44Z;2026-09-26T11:45:50Z;114;;;2999;3076.36;;;2999;77.36;2.58;NORMAL;ACARS;;CONFIRMED;;;false;;;;false;;;;2026-09-28T00:00:00Z;SEED_BURNS_LEDGER;2026-09-28T00:00:00Z;SEED_BURNS_LEDGER
eacd43dd-f12e-505a-bead-6ea906d78b4f;23a2e6c9-3d1f-5f83-b8fe-cde9e62771ba;A320;N603JB;N603JB;2026-09-26;09:40:00;2026-09-26T09:51:55Z;2026-09-26T13:06:47Z;195;;;7352;7099.96;;;7352;-252.04;-3.43;NORMAL;ACARS;;CONFIRMED;;;false;;;;false;;;;2026-09-28T00:00:00Z;SEED_BURNS_LEDGER;2026-09-28T00:00:00Z;SEED_BURNS_LEDGER
e4bb09ca-86b7-5867-843e-c7d7505f69b1;a815fb63-f44a-5554-b529-ece59c56bff8;A320;N766JB;N766JB;2026-09-26;08:55:00;2026-09-26T09:52:36Z;2026-09-26T11:38:43Z;106;;;3230;3427.21;;;3230;197.21;6.11;EXCEEDED;ACARS;;CONFIRMED;;;false;;;;false;;;;2026-09-28T00:00:00Z;SEED_BURNS_LEDGER;2026-09-28T00:00:00Z;SEED_BURNS_LEDGER
3983287f-0b37-53a4-a947-f0ddb0e08f0d;efb22aaf-5511-5806-bab2-615c6a858452;A21N;N2017J;N2017J;2026-09-26;09:50:00;2026-09-26T09:52:44Z;2026-09-26T12:28:44Z;156;;;4923;4812.68;;;4923;-110.32;-2.24;NORMAL;ACARS;;CONFIRMED;;;false;;;;false;;;;2026-09-28T00:00:00Z;SEED_BURNS_LEDGER;2026-09-28T00:00:00Z;SEED_BURNS_LEDGER
c91eefec-07b9-5a5d-8e12-447c2311de63;02ae4fa8-8283-5b13-986f-ddc654a1519d;A223;N3077J;N3077J;2026-09-26;09:45:00;2026-09-26T09:52:57Z;2026-09-26T11:32:40Z;100;;;2213;2415.73;;;2213;202.73;9.16;EXCEEDED;ACARS;;CONFIRMED;;;false;;;;false;;;;2026-09-28T00:00:00Z;SEED_BURNS_LEDGER;2026-09-28T00:00:00Z;SEED_BURNS_LEDGER
60da8527-41ab-59ec-a61a-e4151e84c144;efba0cf9-db6d-5fec-a63a-722958510e93;A320;N638JB;N638JB;2026-09-26;08:30:00;2026-09-26T09:53:02Z;2026-09-26T11:32:25Z;99;;;2720;2903.01;;;2720;183.01;6.73;EXCEEDED;ACARS;;CONFIRMED;;;false;;;;false;;;;2026-09-28T00:00:00Z;SEED_BURNS_LEDGER;2026-09-28T00:00:00Z;SEED_BURNS_LEDGER
f3a7e367-9e93-5e68-bcee-5d967ed11104;fdc8f94d-9d38-5858-b5a4-96dc1e0cf1bb;A223;N3152J;N3152J;2026-09-26;09:45:00;2026-09-26T09:54:18Z;2026-09-26T11:16:09Z;82;;;1606;1785.16;;;1606;179.16;11.16;EXCEEDED;ACARS;;CONFIRMED;;;false;;;;false;;;;2026-09-28T00:00:00Z;SEED_BURNS_LEDGER;2026-09-28T00:00:00Z;SEED_BURNS_LEDGER
bb63bd03-96d7-5823-a9e0-37cf5b74db1b;c7b7b81b-6018-536f-8ac5-539778295ef4;A223;N3162J;N3162J;2026-09-26;09:50:00;2026-09-26T09:56:41Z;2026-09-26T12:48:21Z;172;;;5284;4956.13;;;5284;-327.87;-6.2;EXCEEDED;ACARS;;CONFIRMED;;;false;;;;false;;;;2026-09-28T00:00:00Z;SEED_BURNS_LEDGER;2026-09-28T00:00:00Z;SEED_BURNS_LEDGER
c0e333bf-f5e1-5516-a68e-00ffd9c500b2;5d31568a-dafe-536d-b8e2-27ea6323652e;A320;N637JB;N637JB;2026-09-26;09:50:00;2026-09-26T09:57:04Z;2026-09-26T12:33:58Z;157;;;5652;5585.86;;;5652;-66.14;-1.17;NORMAL;ACARS;;CONFIRMED;;;false;;;;false;;;;2026-09-28T00:00:00Z;SEED_BURNS_LEDGER;2026-09-28T00:00:00Z;SEED_BURNS_LEDGER
5b105133-49dd-5e7a-9626-ded002206bcc;b61665c8-32b8-55fe-9386-37cd8e31560b;A223;N3310J;N3310J;2026-09-26;09:55:00;2026-09-26T10:01:22Z;2026-09-26T13:27:19Z;206;;;6319;6055.25;;;6319;-263.75;-4.17;NORMAL;ACARS;;CONFIRMED;;;false;;;;false;;;;2026-09-28T00:00:00Z;SEED_BURNS_LEDGER;2026-09-28T00:00:00Z;SEED_BURNS_LEDGER
158444dc-b572-5050-9f9e-2c274e26ca66;17d62202-c716-507c-ad5b-bee926e24c26;A320;N640JB;N640JB;2026-09-26;09:55:00;2026-09-26T10:03:08Z;2026-09-26T12:52:42Z;170;;;5865;6191.21;;;5865;326.21;5.56;EXCEEDED;ACARS;;CONFIRMED;;;false;;;;false;;;;2026-09-28T00:00:00Z;SEED_BURNS_LEDGER;2026-09-28T00:00:00Z;SEED_BURNS_LEDGER
322fe377-d1e6-5207-97eb-b63c15941f96;b881b39c-704c-5912-98a2-3ec8bf72c6e1;A321;N947JB;N947JB;2026-09-26;10:00:00;2026-09-26T10:06:02Z;2026-09-26T15:49:41Z;344;;;15320;14767.86;;;15320;-552.14;-3.6;NORMAL;ACARS;;CONFIRMED;;;false;;;;false;;;;2026-09-28T00:00:00Z;SEED_BURNS_LEDGER;2026-09-28T00:00:00Z;SEED_BURNS_LEDGER
f202890d-ceaa-54fd-ab2d-6f6e7a3d3c3b;fae1f229-58ef-5eaf-811b-f005b1aad712;A320;N708JB;N708JB;2026-09-26;09:15:00;2026-09-26T10:10:32Z;2026-09-26T13:30:35Z;200;;;6928;7086.97;;;6928;158.97;2.29;NORMAL;ACARS;;CONFIRMED;;;false;;;;false;;;;2026-09-28T00:00:00Z;SEED_BURNS_LEDGER;2026-09-28T00:00:00Z;SEED_BURNS_LEDGER
fb48fdd4-7e07-5b41-a4ba-fd8aa3379b2b;122e2fdd-8d31-554e-b671-1aaf40a3c96a;A223;N3157J;N3157J;2026-09-26;10:05:00;2026-09-26T10:12:13Z;2026-09-26T14:42:48Z;271;;;8497;8504.21;;;8497;7.21;0.08;NORMAL;ACARS;;CONFIRMED;;;false;;;;false;;;;2026-09-28T00:00:00Z;SEED_BURNS_LEDGER;2026-09-28T00:00:00Z;SEED_BURNS_LEDGER
fb9de2b4-9026-5822-89bb-deee4bed7df2;12866add-54c9-5dda-a026-5ac1c293a8ff;A320;N729JB;N729JB;2026-09-26;10:10:00;2026-09-26T10:15:23Z;2026-09-26T12:50:54Z;156;;;5610;5570.81;;;5610;-39.19;-0.7;NORMAL;ACARS;;CONFIRMED;;;false;;;;false;;;;2026-09-28T00:00:00Z;SEED_BURNS_LEDGER;2026-09-28T00:00:00Z;SEED_BURNS_LEDGER
19c22547-032c-5db1-8589-f48ae68f18e9;805552c7-6a32-5fe7-883c-660f9a002371;A223;N3307J;N3307J;2026-09-26;10:15:00;2026-09-26T10:19:44Z;2026-09-26T13:01:35Z;162;;;4784;4756.16;;;4784;-27.84;-0.58;NORMAL;ACARS;;CONFIRMED;;;false;;;;false;;;;2026-09-28T00:00:00Z;SEED_BURNS_LEDGER;2026-09-28T00:00:00Z;SEED_BURNS_LEDGER
9a7e5110-2202-53b5-9260-3580e5111d16;756e4889-d990-5d61-ba44-90125a320573;A321;N937JB;N937JB;2026-09-26;10:15:00;2026-09-26T10:20:18Z;2026-09-26T16:21:27Z;361;;;16701;15651.77;;;16701;-1049.23;-6.28;EXCEEDED;ACARS;;CONFIRMED;;;false;;;;false;;;;2026-09-28T00:00:00Z;SEED_BURNS_LEDGER;2026-09-28T00:00:00Z;SEED_BURNS_LEDGER
f37f1bbc-8715-579a-852c-845bec70f321;0ecf8e62-16b7-55ed-a6b6-290c785f9510;A320;N632JB;N632JB;2026-09-26;10:15:00;2026-09-26T10:23:05Z;2026-09-26T13:18:02Z;175;;;6588;6450.43;;;6588;-137.57;-2.09;NORMAL;ACARS;;CONFIRMED;;;false;;;;false;;;;2026-09-28T00:00:00Z;SEED_BURNS_LEDGER;2026-09-28T00:00:00Z;SEED_BURNS_LEDGER
a85f8367-da7c-59d5-83ce-6ed1590d71af;ffafff1b-8e9d-5195-9471-ec3e0dce03e7;A21N;N4077J;N4077J;2026-09-26;10:20:00;2026-09-26T10:24:22Z;2026-09-26T19:21:17Z;537;;;19285;18234.62;;;19285;-1050.38;-5.45;EXCEEDED;ACARS;;CONFIRMED;;;false;;;;false;;;;2026-09-28T00:00:00Z;SEED_BURNS_LEDGER;2026-09-28T00:00:00Z;SEED_BURNS_LEDGER
a9409e37-7a5f-5185-85f4-5f419677dea2;d8313796-ff84-5d70-9bd7-311c9e8c50eb;A320;N590JB;N590JB;2026-09-26;10:15:00;2026-09-26T10:25:49Z;2026-09-26T13:13:34Z;168;;;5695;5928.27;;;5695;233.27;4.1;NORMAL;ACARS;;CONFIRMED;;;false;;;;false;;;;2026-09-28T00:00:00Z;SEED_BURNS_LEDGER;2026-09-28T00:00:00Z;SEED_BURNS_LEDGER
7bdf5fb6-4458-5e3f-9aab-fa0a4b6e8db3;7e5d1936-87ca-5887-bda7-5279918dac07;A320;N827JB;N827JB;2026-09-26;10:20:00;2026-09-26T10:27:34Z;2026-09-26T14:14:57Z;227;;;8458;8328.21;;;8458;-129.79;-1.53;NORMAL;ACARS;;CONFIRMED;;;false;;;;false;;;;2026-09-28T00:00:00Z;SEED_BURNS_LEDGER;2026-09-28T00:00:00Z;SEED_BURNS_LEDGER
61982474-a4c7-5302-b048-8919944754a6;2037fc95-92ac-5667-8565-522fca9d2c23;A320;N809JB;N809JB;2026-09-26;10:15:00;2026-09-26T10:27:37Z;2026-09-26T13:01:23Z;154;;;5398;5420.43;;;5398;22.43;0.42;NORMAL;ACARS;;CONFIRMED;;;false;;;;false;;;;2026-09-28T00:00:00Z;SEED_BURNS_LEDGER;2026-09-28T00:00:00Z;SEED_BURNS_LEDGER
40fc3221-a5f9-5eed-9398-96b2f9100474;c375fc06-038f-5df7-a63e-7f269ff4d7b9;A223;N3102J;N3102J;2026-09-26;10:20:00;2026-09-26T10:29:56Z;2026-09-26T12:15:27Z;106;;;2606;2619.76;;;2606;13.76;0.53;NORMAL;ACARS;;CONFIRMED;;;false;;;;false;;;;2026-09-28T00:00:00Z;SEED_BURNS_LEDGER;2026-09-28T00:00:00Z;SEED_BURNS_LEDGER
b708ebeb-cb0c-5979-ba48-32c514bb73f2;c0c3767b-40c4-5a9a-99b5-ca5606dafca3;A223;N3113J;N3113J;2026-09-26;10:20:00;2026-09-26T10:31:11Z;2026-09-26T11:47:41Z;76;;;1392;1712.53;;;1392;320.53;23.03;EXCEEDED;ACARS;;CONFIRMED;;;false;;;;false;;;;2026-09-28T00:00:00Z;SEED_BURNS_LEDGER;2026-09-28T00:00:00Z;SEED_BURNS_LEDGER
edc67231-b61e-5af6-af53-51060e062dd5;3d61716e-7281-5b7c-8656-cb7e66c93868;A21N;N2188J;N2188J;2026-09-26;09:55:00;2026-09-26T10:31:37Z;2026-09-26T18:08:13Z;457;;;16405;16222.48;;;16405;-182.52;-1.11;NORMAL;ACARS;;CONFIRMED;;;false;;;;false;;;;2026-09-28T00:00:00Z;SEED_BURNS_LEDGER;2026-09-28T00:00:00Z;SEED_BURNS_LEDGER
9b969f37-d43a-56d9-9d8b-5d235304012b;86d5f273-fa16-50d4-ab04-f74ee288f4f5;A21N;N2016J;N2016J;2026-09-26;10:05:00;2026-09-26T10:33:31Z;2026-09-26T13:16:09Z;163;;;5148;5008.18;;;5148;-139.82;-2.72;NORMAL;ACARS;;CONFIRMED;;;false;;;;false;;;;2026-09-28T00:00:00Z;SEED_BURNS_LEDGER;2026-09-28T00:00:00Z;SEED_BURNS_LEDGER
647e7d61-422c-5651-a811-4fb00282a73f;7841450a-c12a-5519-9bb2-5ef9ad21db1e;A223;N3276J;N3276J;2026-09-26;10:25:00;2026-09-26T10:35:58Z;2026-09-26T11:43:50Z;68;;;1321;1301.79;;;1321;-19.21;-1.45;NORMAL;ACARS;;CONFIRMED;;;false;;;;false;;;;2026-09-28T00:00:00Z;SEED_BURNS_LEDGER;2026-09-28T00:00:00Z;SEED_BURNS_LEDGER
45c6cc93-d48b-5a1e-9159-250ef665b656;2e3b7156-f2df-5ba9-86cd-01e708b79322;A320;N651JB;N651JB;2026-09-26;10:35:00;2026-09-26T10:39:20Z;2026-09-26T11:48:30Z;69;;;1572;1774.45;;;1572;202.45;12.88;EXCEEDED;ACARS;;CONFIRMED;;;false;;;;false;;;;2026-09-28T00:00:00Z;SEED_BURNS_LEDGER;2026-09-28T00:00:00Z;SEED_BURNS_LEDGER
dee44a7e-f88c-534f-bc49-fd2ac5ee8edc;3070ea52-2dad-51d2-954e-7be83eac7c68;A320;N537JT;N537JT;2026-09-26;10:35:00;2026-09-26T10:41:13Z;2026-09-26T14:28:58Z;228;;;8288;8321.15;;;8288;33.15;0.4;NORMAL;ACARS;;CONFIRMED;;;false;;;;false;;;;2026-09-28T00:00:00Z;SEED_BURNS_LEDGER;2026-09-28T00:00:00Z;SEED_BURNS_LEDGER
7a7359e8-3a70-50cb-9165-fce56682140f;d2fa2e76-068d-5907-8952-bd4f126db987;A21N;N2156J;N2156J;2026-09-26;10:35:00;2026-09-26T10:41:18Z;2026-09-26T16:01:54Z;321;;;10683;10994.55;;;10683;311.55;2.92;NORMAL;ACARS;;CONFIRMED;;;false;;;;false;;;;2026-09-28T00:00:00Z;SEED_BURNS_LEDGER;2026-09-28T00:00:00Z;SEED_BURNS_LEDGER
d8b36b07-588d-591e-9ab8-f120a142d8c7;65355448-0a57-5cb8-9748-4f509b1d07c1;A223;N3260J;N3260J;2026-09-26;10:35:00;2026-09-26T10:41:31Z;2026-09-26T13:24:07Z;163;;;4820;4764.9;;;4820;-55.1;-1.14;NORMAL;ACARS;;CONFIRMED;;;false;;;;false;;;;2026-09-28T00:00:00Z;SEED_BURNS_LEDGER;2026-09-28T00:00:00Z;SEED_BURNS_LEDGER
10eda63f-e105-5dc5-a62e-db5c9c8693cf;22ecfa1c-46e7-586c-a3c4-59263f1e86c7;A321;N965JT;N965JT;2026-09-26;10:35:00;2026-09-26T10:41:58Z;2026-09-26T13:46:41Z;185;;;7609;7394.07;;;7609;-214.93;-2.82;NORMAL;ACARS;;CONFIRMED;;;false;;;;false;;;;2026-09-28T00:00:00Z;SEED_BURNS_LEDGER;2026-09-28T00:00:00Z;SEED_BURNS_LEDGER
08df45dd-b597-535e-86d9-2dc0705780be;5531fd4d-8466-55d4-9c85-415cb61380e7;A223;N3044J;N3044J;2026-09-26;09:50:00;2026-09-26T10:43:14Z;2026-09-26T13:28:53Z;166;;;4891;4890.02;;;4891;-0.98;-0.02;NORMAL;ACARS;;CONFIRMED;;;false;;;;false;;;;2026-09-28T00:00:00Z;SEED_BURNS_LEDGER;2026-09-28T00:00:00Z;SEED_BURNS_LEDGER
5a303ec9-23b5-5b70-9517-21b360020945;423f9097-93b5-5377-87b5-69fc1064f063;A223;N3244J;N3244J;2026-09-26;10:30:00;2026-09-26T10:43:45Z;2026-09-26T13:08:58Z;145;;;3998;4157.13;;;3998;159.13;3.98;NORMAL;ACARS;;CONFIRMED;;;false;;;;false;;;;2026-09-28T00:00:00Z;SEED_BURNS_LEDGER;2026-09-28T00:00:00Z;SEED_BURNS_LEDGER
83f5e998-87fe-54a7-9d58-3b14458e4eb1;1927c8f3-a98f-5082-9e9c-bc1068297df1;A320;N592JB;N592JB;2026-09-26;10:40:00;2026-09-26T10:47:21Z;2026-09-26T13:42:08Z;175;;;6035;6289.31;;;6035;254.31;4.21;NORMAL;ACARS;;CONFIRMED;;;false;;;;false;;;;2026-09-28T00:00:00Z;SEED_BURNS_LEDGER;2026-09-28T00:00:00Z;SEED_BURNS_LEDGER
7b178426-0a64-5fb9-aeb3-3669f3a3f6ab;1817bb0e-fd07-5bc6-afd4-ee19ed214646;A223;N3145J;N3145J;2026-09-26;10:45:00;2026-09-26T10:49:14Z;2026-09-26T13:31:49Z;163;;;5034;4776.27;;;5034;-257.73;-5.12;EXCEEDED;ACARS;;CONFIRMED;;;false;;;;false;;;;2026-09-28T00:00:00Z;SEED_BURNS_LEDGER;2026-09-28T00:00:00Z;SEED_BURNS_LEDGER
dc25c6e1-6284-5dbe-ae19-56f095aac1dc;4501fa46-c6e7-5801-9716-d1a8443aa605;A223;N3269J;N3269J;2026-09-26;10:45:00;2026-09-26T10:49:38Z;2026-09-26T13:18:56Z;149;;;4141;4162.37;;;4141;21.37;0.52;NORMAL;ACARS;;CONFIRMED;;;false;;;;false;;;;2026-09-28T00:00:00Z;SEED_BURNS_LEDGER;2026-09-28T00:00:00Z;SEED_BURNS_LEDGER
8bad0f1f-608f-50bf-8e38-995993ed695b;9e7f510b-c1a6-5e03-b2ed-9b5f848c715c;A320;N595JB;N595JB;2026-09-26;10:45:00;2026-09-26T10:49:42Z;2026-09-26T13:43:57Z;174;;;6630;6091.21;;;6630;-538.79;-8.13;EXCEEDED;ACARS;;CONFIRMED;;;false;;;;false;;;;2026-09-28T00:00:00Z;SEED_BURNS_LEDGER;2026-09-28T00:00:00Z;SEED_BURNS_LEDGER
d1003ffd-189b-56d0-8581-7beb792cd669;6136f6c8-01a5-5a82-a64e-d83e19063dcd;A223;N3196J;N3196J;2026-09-26;10:40:00;2026-09-26T10:49:48Z;2026-09-26T14:00:20Z;191;;;5748;5564.21;;;5748;-183.79;-3.2;NORMAL;ACARS;;CONFIRMED;;;false;;;;false;;;;2026-09-28T00:00:00Z;SEED_BURNS_LEDGER;2026-09-28T00:00:00Z;SEED_BURNS_LEDGER
4b3f1c05-f3ea-5272-8334-d0588f010243;3516d2cc-e4f9-5b08-bda2-0cbdf35fe828;A320;N608JB;N608JB;2026-09-26;10:45:00;2026-09-26T10:50:27Z;2026-09-26T13:04:52Z;134;;;4590;4480.19;;;4590;-109.81;-2.39;NORMAL;ACARS;;CONFIRMED;;;false;;;;false;;;;2026-09-28T00:00:00Z;SEED_BURNS_LEDGER;2026-09-28T00:00:00Z;SEED_BURNS_LEDGER
2005e576-922d-5476-a499-97273db9ad2e;fb7054d8-83e6-5cfa-a6c4-b1a9e180e523;A320;N705JB;N705JB;2026-09-26;10:45:00;2026-09-26T10:51:28Z;2026-09-26T13:28:07Z;157;;;5950;5731.07;;;5950;-218.93;-3.68;NORMAL;ACARS;;CONFIRMED;;;false;;;;false;;;;2026-09-28T00:00:00Z;SEED_BURNS_LEDGER;2026-09-28T00:00:00Z;SEED_BURNS_LEDGER
228da96f-4722-5137-a443-d8c3a47313ed;dc79d163-8f00-562f-8896-6a3f5c85a701;A320;N519JB;N519JB;2026-09-26;10:45:00;2026-09-26T10:51:42Z;2026-09-26T13:20:43Z;149;;;5228;5120.66;;;5228;-107.34;-2.05;NORMAL;ACARS;;CONFIRMED;;;false;;;;false;;;;2026-09-28T00:00:00Z;SEED_BURNS_LEDGER;2026-09-28T00:00:00Z;SEED_BURNS_LEDGER
63e064d4-a3cb-5b65-b963-4f4d45651d20;cb3da3ab-5ef4-5b2e-b5d5-fa41b53c2a73;A320;N584JB;N584JB;2026-09-26;10:50:00;2026-09-26T10:51:43Z;2026-09-26T13:41:06Z;169;;;5908;5897.93;;;5908;-10.07;-0.17;NORMAL;ACARS;;CONFIRMED;;;false;;;;false;;;;2026-09-28T00:00:00Z;SEED_BURNS_LEDGER;2026-09-28T00:00:00Z;SEED_BURNS_LEDGER
d4e616f6-e719-52be-b9e0-973f45620d7b;9e39e8b7-c7b8-53df-b4ef-9e3d373b1f6a;A321;N964JT;N964JT;2026-09-26;10:50:00;2026-09-26T10:52:46Z;2026-09-26T16:38:09Z;345;;;14606;14978.9;;;14606;372.9;2.55;NORMAL;ACARS;;CONFIRMED;;;false;;;;false;;;;2026-09-28T00:00:00Z;SEED_BURNS_LEDGER;2026-09-28T00:00:00Z;SEED_BURNS_LEDGER
718d48c2-a80e-5c34-a7d7-6ef9b0e1f366;4ea64faa-2f7d-502a-94ec-6ddd2d74a862;A321;N943JT;N943JT;2026-09-26;10:50:00;2026-09-26T10:53:34Z;2026-09-26T16:29:18Z;336;;;14511;14773.93;;;14511;262.93;1.81;NORMAL;ACARS;;CONFIRMED;;;false;;;;false;;;;2026-09-28T00:00:00Z;SEED_BURNS_LEDGER;2026-09-28T00:00:00Z;SEED_BURNS_LEDGER
4a6de3ae-c017-5881-b16d-2d109d2ca227;5178697a-a835-5a81-a8ca-a232be2e029f;A320;N794JB;N794JB;2026-09-26;10:45:00;2026-09-26T10:53:37Z;2026-09-26T13:36:30Z;163;;;5822;6011.67;;;5822;189.67;3.26;NORMAL;ACARS;;CONFIRMED;;;false;;;;false;;;;2026-09-28T00:00:00Z;SEED_BURNS_LEDGER;2026-09-28T00:00:00Z;SEED_BURNS_LEDGER
bf7b90f3-d5ab-5f35-81aa-2cfa8ba9e0e9;b71e8db5-1fe4-549f-89f9-124e0ae3191d;A223;N3284J;N3284J;2026-09-26;10:50:00;2026-09-26T10:54:06Z;2026-09-26T13:56:43Z;183;;;5319;5455.53;;;5319;136.53;2.57;NORMAL;ACARS;;CONFIRMED;;;false;;;;false;;;;2026-09-28T00:00:00Z;SEED_BURNS_LEDGER;2026-09-28T00:00:00Z;SEED_BURNS_LEDGER
b6b2af21-0cfa-5c5c-9c53-cd8439a319e5;fd442686-c7e6-5d33-9f39-c93a4a39c3ff;A320;N775JB;N775JB;2026-09-26;10:45:00;2026-09-26T10:54:11Z;2026-09-26T14:01:22Z;187;;;6842;6780.98;;;6842;-61.02;-0.89;NORMAL;ACARS;;CONFIRMED;;;false;;;;false;;;;2026-09-28T00:00:00Z;SEED_BURNS_LEDGER;2026-09-28T00:00:00Z;SEED_BURNS_LEDGER
ef758a61-c6de-5371-b888-882872e667fd;8712f1f3-b38c-5d2e-b7d9-3dbac027511f;A21N;N4074J;N4074J;2026-09-26;10:50:00;2026-09-26T10:57:30Z;2026-09-26T19:27:38Z;510;;;17826;18332.01;;;17826;506.01;2.84;NORMAL;ACARS;;CONFIRMED;;;false;;;;false;;;;2026-09-28T00:00:00Z;SEED_BURNS_LEDGER;2026-09-28T00:00:00Z;SEED_BURNS_LEDGER
5ddc0503-ef4c-5fc2-a911-75caeba5f8d5;70957b2d-d6d8-5864-9618-144f80f60e91;A21N;N2193J;N2193J;2026-09-26;10:50:00;2026-09-26T10:57:58Z;2026-09-26T16:33:41Z;336;;;11169;11476.95;;;11169;307.95;2.76;NORMAL;ACARS;;CONFIRMED;;;false;;;;false;;;;2026-09-28T00:00:00Z;SEED_BURNS_LEDGER;2026-09-28T00:00:00Z;SEED_BURNS_LEDGER
aaafe3e8-bcde-51f7-bea0-21b17d836cf3;002a53a1-22ec-5736-b0b0-49fffbd1a7a0;A320;N585JB;N585JB;2026-09-26;10:15:00;2026-09-26T10:58:35Z;2026-09-26T12:26:17Z;88;;;2635;2544.65;;;2635;-90.35;-3.43;NORMAL;ACARS;;CONFIRMED;;;false;;;;false;;;;2026-09-28T00:00:00Z;SEED_BURNS_LEDGER;2026-09-28T00:00:00Z;SEED_BURNS_LEDGER
b2a7eab8-e037-5f2b-9a77-0410804d758c;e8fa5bca-2959-54ca-82e6-b6863f7695a7;A21N;N2165J;N2165J;2026-09-26;10:50:00;2026-09-26T10:58:37Z;2026-09-26T17:19:06Z;380;;;13413;12656.84;;;13413;-756.16;-5.64;EXCEEDED;ACARS;;CONFIRMED;;;false;;;;false;;;;2026-09-28T00:00:00Z;SEED_BURNS_LEDGER;2026-09-28T00:00:00Z;SEED_BURNS_LEDGER
573c95c6-b624-5376-8baf-d8f8a890dda9;6490553b-74c9-5373-ac7b-75469aa55dac;A320;N709JB;N709JB;2026-09-26;10:50:00;2026-09-26T11:00:17Z;2026-09-26T13:37:21Z;157;;;5355;5568.76;;;5355;213.76;3.99;NORMAL;ACARS;;CONFIRMED;;;false;;;;false;;;;2026-09-28T00:00:00Z;SEED_BURNS_LEDGER;2026-09-28T00:00:00Z;SEED_BURNS_LEDGER
78b61514-0905-5eeb-b9bb-fc9d32595a0f;a1e0aeab-5bd9-5400-819b-d6c74631027f;A320;N623JB;N623JB;2026-09-26;10:55:00;2026-09-26T11:00:27Z;2026-09-26T14:24:33Z;204;;;7182;7487.43;;;7182;305.43;4.25;NORMAL;ACARS;;CONFIRMED;;;false;;;;false;;;;2026-09-28T00:00:00Z;SEED_BURNS_LEDGER;2026-09-28T00:00:00Z;SEED_BURNS_LEDGER
d8d0e628-1555-575f-b2ad-4ce2f8ea81da;0eeb6f26-408f-591b-bbe5-4d807783c130;A320;N565JB;N565JB;2026-09-26;10:55:00;2026-09-26T11:02:36Z;2026-09-26T12:36:56Z;94;;;2720;2876.03;;;2720;156.03;5.74;EXCEEDED;ACARS;;CONFIRMED;;;false;;;;false;;;;2026-09-28T00:00:00Z;SEED_BURNS_LEDGER;2026-09-28T00:00:00Z;SEED_BURNS_LEDGER
f03f0cd5-3535-5971-b249-2f3e58f1918d;606f1b6f-ee0c-5ae1-b9d6-4edb0613ff83;A320;N653JB;N653JB;2026-09-26;10:30:00;2026-09-26T11:03:07Z;2026-09-26T13:54:32Z;171;;;6332;6211.55;;;6332;-120.45;-1.9;NORMAL;ACARS;;CONFIRMED;;;false;;;;false;;;;2026-09-28T00:00:00Z;SEED_BURNS_LEDGER;2026-09-28T00:00:00Z;SEED_BURNS_LEDGER
f7f0e536-01eb-5d58-be2d-5cdfdf958bed;6cf09309-ca2e-5193-bc7b-b08a95b330a4;A320;N583JB;N583JB;2026-09-26;10:55:00;2026-09-26T11:03:53Z;2026-09-26T13:43:52Z;160;;;5482;5797.84;;;5482;315.84;5.76;EXCEEDED;ACARS;;CONFIRMED;;;false;;;;false;;;;2026-09-28T00:00:00Z;SEED_BURNS_LEDGER;2026-09-28T00:00:00Z;SEED_BURNS_LEDGER
098f5904-a1a8-5db1-97fd-03b5cc646e46;0eff7423-4bd7-5cf2-9157-b6a59b8429a6;A223;N3125J;N3125J;2026-09-26;10:55:00;2026-09-26T11:05:31Z;2026-09-26T14:44:55Z;219;;;7176;6919.4;;;7176;-256.6;-3.58;NORMAL;ACARS;;CONFIRMED;;;false;;;;false;;;;2026-09-28T00:00:00Z;SEED_BURNS_LEDGER;2026-09-28T00:00:00Z;SEED_BURNS_LEDGER
efb0e305-3b12-5b20-9e8f-60ce6738cf7b;8bcd226f-aceb-5a5b-9d09-5554b556afd0;A320;N523JB;N523JB;2026-09-26;11:00:00;2026-09-26T11:08:17Z;2026-09-26T12:17:07Z;69;;;1828;1916.17;;;1828;88.17;4.82;NORMAL;ACARS;;CONFIRMED;;;false;;;;false;;;;2026-09-28T00:00:00Z;SEED_BURNS_LEDGER;2026-09-28T00:00:00Z;SEED_BURNS_LEDGER
df256927-b792-58cb-bc0a-9729931d0f8e;cd97651f-414d-5c0f-842b-c7d1a69c375a;A320;N568JB;N568JB;2026-09-26;10:55:00;2026-09-26T11:08:38Z;2026-09-26T13:57:31Z;169;;;6248;6108.13;;;6248;-139.87;-2.24;NORMAL;ACARS;;CONFIRMED;;;false;;;;false;;;;2026-09-28T00:00:00Z;SEED_BURNS_LEDGER;2026-09-28T00:00:00Z;SEED_BURNS_LEDGER
31a2af64-59c3-50dc-bb07-405cc8a8b800;092ab9ce-b390-511c-9f3e-4c9c6e2528aa;A223;N3280J;N3280J;2026-09-26;11:00:00;2026-09-26T11:09:31Z;2026-09-26T13:35:03Z;146;;;4177;4164.84;;;4177;-12.16;-0.29;NORMAL;ACARS;;CONFIRMED;;;false;;;;false;;;;2026-09-28T00:00:00Z;SEED_BURNS_LEDGER;2026-09-28T00:00:00Z;SEED_BURNS_LEDGER
ac615e6a-28bf-56b2-9a4c-17f602d6e2f8;2e2f2b24-d13e-509f-b6a0-d89f11eed7b4;A223;N3121J;N3121J;2026-09-26;10:10:00;2026-09-26T11:10:17Z;2026-09-26T12:41:16Z;91;;;1785;2074.88;;;1785;289.88;16.24;EXCEEDED;ACARS;;CONFIRMED;;;false;;;;false;;;;2026-09-28T00:00:00Z;SEED_BURNS_LEDGER;2026-09-28T00:00:00Z;SEED_BURNS_LEDGER
551e3e88-a049-5bb8-bc1a-f5a92ca2c837;5c10038c-534c-5b58-916a-8dca9550d1a9;A320;N646JB;N646JB;2026-09-26;11:00:00;2026-09-26T11:10:39Z;2026-09-26T15:06:29Z;236;;;9010;9083.96;;;9010;73.96;0.82;NORMAL;ACARS;;CONFIRMED;;;false;;;;false;;;;2026-09-28T00:00:00Z;SEED_BURNS_LEDGER;2026-09-28T00:00:00Z;SEED_BURNS_LEDGER
c893c52a-26a3-5f5e-9a4c-42a63976b725;68cb3bee-8e49-5af2-ac7f-5ec899a66d8a;A21N;N2205J;N2205J;2026-09-26;11:10:00;2026-09-26T11:10:49Z;2026-09-26T19:03:11Z;472;;;17078;16942.94;;;17078;-135.06;-0.79;NORMAL;ACARS;;CONFIRMED;;;false;;;;false;;;;2026-09-28T00:00:00Z;SEED_BURNS_LEDGER;2026-09-28T00:00:00Z;SEED_BURNS_LEDGER
0ab0d497-78de-5b25-9145-97f9d7dbcdf8;1d42d080-8828-59b1-a979-7500edc928d2;A223;N3062J;N3062J;2026-09-26;11:05:00;2026-09-26T11:10:57Z;2026-09-26T14:11:53Z;181;;;5462;5453.86;;;5462;-8.14;-0.15;NORMAL;ACARS;;CONFIRMED;;;false;;;;false;;;;2026-09-28T00:00:00Z;SEED_BURNS_LEDGER;2026-09-28T00:00:00Z;SEED_BURNS_LEDGER
4167f084-f6be-5993-a19f-48fd5e2419b9;14fda795-af1e-5101-82f9-6786549d8705;A320;N524JB;N524JB;2026-09-26;11:05:00;2026-09-26T11:11:18Z;2026-09-26T14:04:04Z;173;;;5822;6137.58;;;5822;315.58;5.42;EXCEEDED;ACARS;;CONFIRMED;;;false;;;;false;;;;2026-09-28T00:00:00Z;SEED_BURNS_LEDGER;2026-09-28T00:00:00Z;SEED_BURNS_LEDGER
8febec15-452d-5a6a-ace1-39276e7d6820;39a3d166-edcb-597e-a059-11de028b8220;A320;N649JB;N649JB;2026-09-26;10:10:00;2026-09-26T11:14:13Z;2026-09-26T13:40:42Z;146;;;5355;5178.28;;;5355;-176.72;-3.3;NORMAL;ACARS;;CONFIRMED;;;false;;;;false;;;;2026-09-28T00:00:00Z;SEED_BURNS_LEDGER;2026-09-28T00:00:00Z;SEED_BURNS_LEDGER
c3efeb37-120a-5f65-88c1-10d9c58bbfe5;66b57640-911b-5692-8543-ecdd8850847c;A320;N566JB;N566JB;2026-09-26;11:10:00;2026-09-26T11:17:57Z;2026-09-26T14:38:42Z;201;;;6928;7401.07;;;6928;473.07;6.83;EXCEEDED;ACARS;;CONFIRMED;;;false;;;;false;;;;2026-09-28T00:00:00Z;SEED_BURNS_LEDGER;2026-09-28T00:00:00Z;SEED_BURNS_LEDGER
60329415-cebe-51b8-b8c2-86ff5cd76c39;c96c06d8-14db-5aea-9c9f-4f5e7b01a081;A321;N970JB;N970JB;2026-09-26;11:10:00;2026-09-26T11:19:49Z;2026-09-26T14:22:11Z;182;;;7704;7229.64;;;7704;-474.36;-6.16;EXCEEDED;ACARS;;CONFIRMED;;;false;;;;false;;;;2026-09-28T00:00:00Z;SEED_BURNS_LEDGER;2026-09-28T00:00:00Z;SEED_BURNS_LEDGER
b6e4b4cd-b409-50cf-95e4-beb2350cbc0f;329f9c68-ead2-5ad6-a6db-cb5f78388469;A321;N961JT;N961JT;2026-09-26;11:15:00;2026-09-26T11:20:02Z;2026-09-26T16:25:32Z;305;;;13892;13582.4;;;13892;-309.6;-2.23;NORMAL;ACARS;;CONFIRMED;;;false;;;;false;;;;2026-09-28T00:00:00Z;SEED_BURNS_LEDGER;2026-09-28T00:00:00Z;SEED_BURNS_LEDGER
c6d7c6fb-e773-5613-94d8-0ceb2ece5776;fae742e6-04b7-5a5b-98b9-c5d2781e33be;A223;N3118J;N3118J;2026-09-26;11:10:00;2026-09-26T11:20:15Z;2026-09-26T13:46:16Z;146;;;4141;4292.6;;;4141;151.6;3.66;NORMAL;ACARS;;CONFIRMED;;;false;;;;false;;;;2026-09-28T00:00:00Z;SEED_BURNS_LEDGER;2026-09-28T00:00:00Z;SEED_BURNS_LEDGER
15b0bd6b-dcc2-5c5c-817f-2c987ceb420a;d96be843-eb59-5c49-b1d3-f5d0fca36452;A320;N563JB;N563JB;2026-09-26;11:15:00;2026-09-26T11:20:33Z;2026-09-26T13:27:36Z;127;;;4122;4190.88;;;4122;68.88;1.67;NORMAL;ACARS;;CONFIRMED;;;false;;;;false;;;;2026-09-28T00:00:00Z;SEED_BURNS_LEDGER;2026-09-28T00:00:00Z;SEED_BURNS_LEDGER
78122015-f541-597c-a1a3-72926967448c;7ec64280-5cb9-5d98-b636-f9142c069f79;A320;N606JB;N606JB;2026-09-26;11:20:00;2026-09-26T11:28:15Z;2026-09-26T13:41:04Z;133;;;4335;4359.34;;;4335;24.34;0.56;NORMAL;ACARS;;CONFIRMED;;;false;;;;false;;;;2026-09-28T00:00:00Z;SEED_BURNS_LEDGER;2026-09-28T00:00:00Z;SEED_BURNS_LEDGER
b20e73d9-1d62-545f-9c91-86e2f72b7aed;3b76c3b6-cd03-593a-ac47-ad7f758493d7;A320;N655JB;N655JB;2026-09-26;10:50:00;2026-09-26T11:28:53Z;2026-09-26T13:49:30Z;141;;;5185;5015.01;;;5185;-169.99;-3.28;NORMAL;ACARS;;CONFIRMED;;;false;;;;false;;;;2026-09-28T00:00:00Z;SEED_BURNS_LEDGER;2026-09-28T00:00:00Z;SEED_BURNS_LEDGER
e1547880-1e19-5deb-a5db-def6d15eba69;78713f07-df34-56dc-8929-b9a97ecf9508;A21N;N2086J;N2086J;2026-09-26;11:20:00;2026-09-26T11:31:04Z;2026-09-26T14:11:32Z;160;;;4961;4904.29;;;4961;-56.71;-1.14;NORMAL;ACARS;;CONFIRMED;;;false;;;;false;;;;2026-09-28T00:00:00Z;SEED_BURNS_LEDGER;2026-09-28T00:00:00Z;SEED_BURNS_LEDGER
4ec8f46e-16c3-5bf7-92c3-f81f1f9a2ece;9ef9d593-057c-5c88-af3c-729affdf4b5f;A21N;N2180J;N2180J;2026-09-26;11:25:00;2026-09-26T11:32:53Z;2026-09-26T19:01:04Z;448;;;15919;16293.53;;;15919;374.53;2.35;NORMAL;ACARS;;CONFIRMED;;;false;;;;false;;;;2026-09-28T00:00:00Z;SEED_BURNS_LEDGER;2026-09-28T00:00:00Z;SEED_BURNS_LEDGER
caec8055-06c8-55b9-a3e6-04372d4c3bf1;236cf7e5-eef3-53fb-8229-8656a25b7e98;A320;N599JB;N599JB;2026-09-26;10:45:00;2026-09-26T11:39:27Z;2026-09-26T14:09:28Z;150;;;5312;5302.44;;;5312;-9.56;-0.18;NORMAL;ACARS;;CONFIRMED;;;false;;;;false;;;;2026-09-28T00:00:00Z;SEED_BURNS_LEDGER;2026-09-28T00:00:00Z;SEED_BURNS_LEDGER
39c0ef2d-69f1-5e4b-9d7d-b8110512aba5;67d55469-4332-58ef-91f7-87b030b5bb8f;A320;N806JB;N806JB;2026-09-26;11:10:00;2026-09-26T11:40:23Z;2026-09-26T14:03:41Z;143;;;4802;4862.85;;;4802;60.85;1.27;NORMAL;ACARS;;CONFIRMED;;;false;;;;false;;;;2026-09-28T00:00:00Z;SEED_BURNS_LEDGER;2026-09-28T00:00:00Z;SEED_BURNS_LEDGER
b459c2a4-7f40-532a-809b-5f37a65fe738;d6b06bf9-3fab-5b66-a8bb-4ae8e3465939;A223;N3271J;N3271J;2026-09-26;11:35:00;2026-09-26T11:44:13Z;2026-09-26T13:56:36Z;132;;;3570;3574.07;;;3570;4.07;0.11;NORMAL;ACARS;;CONFIRMED;;;false;;;;false;;;;2026-09-28T00:00:00Z;SEED_BURNS_LEDGER;2026-09-28T00:00:00Z;SEED_BURNS_LEDGER
1d2e91db-1071-5eef-9360-3e1e338820f6;6c95fe8f-f4af-5809-b71e-79db6a573b25;A223;N3229J;N3229J;2026-09-26;11:10:00;2026-09-26T11:46:48Z;2026-09-26T13:44:27Z;118;;;3070;2952.8;;;3070;-117.2;-3.82;NORMAL;ACARS;;CONFIRMED;;;false;;;;false;;;;2026-09-28T00:00:00Z;SEED_BURNS_LEDGER;2026-09-28T00:00:00Z;SEED_BURNS_LEDGER
6ac82354-81ad-5980-9a8f-f87df460a8d1;38a6614f-1e78-58d1-98c0-4cf2b716483d;A320;N564JB;N564JB;2026-09-26;11:05:00;2026-09-26T11:48:41Z;2026-09-26T14:21:09Z;152;;;5610;5413.53;;;5610;-196.47;-3.5;NORMAL;ACARS;;CONFIRMED;;;false;;;;false;;;;2026-09-28T00:00:00Z;SEED_BURNS_LEDGER;2026-09-28T00:00:00Z;SEED_BURNS_LEDGER
82ab5f86-acc0-5140-b5bb-6bc15dcc43a0;19509caf-ee6a-5e76-b84f-6cf785ea63a2;A320;N656JB;N656JB;2026-09-26;11:40:00;2026-09-26T11:49:04Z;2026-09-26T14:38:48Z;170;;;5908;5830.9;;;5908;-77.1;-1.31;NORMAL;ACARS;;CONFIRMED;;;false;;;;false;;;;2026-09-28T00:00:00Z;SEED_BURNS_LEDGER;2026-09-28T00:00:00Z;SEED_BURNS_LEDGER
2a6506c7-45be-5222-b675-5c6b846a2413;6f6a005f-14d6-5e3d-83d1-e87723d017ba;A223;N3304J;N3304J;2026-09-26;11:45:00;2026-09-26T11:49:20Z;2026-09-26T13:55:37Z;126;;;3427;3443.37;;;3427;16.37;0.48;NORMAL;ACARS;;CONFIRMED;;;false;;;;false;;;;2026-09-28T00:00:00Z;SEED_BURNS_LEDGER;2026-09-28T00:00:00Z;SEED_BURNS_LEDGER
4eb32c02-1bda-5e34-828d-38cf5abd61ef;2e64403f-2395-508c-a9d7-43e98ff2bee7;A320;N594JB;N594JB;2026-09-26;11:45:00;2026-09-26T11:49:31Z;2026-09-26T15:46:59Z;237;;;8798;8414.72;;;8798;-383.28;-4.36;NORMAL;ACARS;;CONFIRMED;;;false;;;;false;;;;2026-09-28T00:00:00Z;SEED_BURNS_LEDGER;2026-09-28T00:00:00Z;SEED_BURNS_LEDGER
3f60913f-55e9-559a-9abd-a36eedaaa2c3;0b5551df-4d1b-5101-b6e8-c9d11f239352;A320;N805JB;N805JB;2026-09-26;11:40:00;2026-09-26T11:50:04Z;2026-09-26T13:48:34Z;118;;;3952;3895.98;;;3952;-56.02;-1.42;NORMAL;ACARS;;CONFIRMED;;;false;;;;false;;;;2026-09-28T00:00:00Z;SEED_BURNS_LEDGER;2026-09-28T00:00:00Z;SEED_BURNS_LEDGER
7ec1bce5-425e-5858-a1fc-5815d3cf2be0;d2e89b1f-c2dc-59fd-a9a8-c967b6732cad;A223;N3112J;N3112J;2026-09-26;11:45:00;2026-09-26T11:51:33Z;2026-09-26T14:36:04Z;165;;;4641;4861.72;;;4641;220.72;4.76;NORMAL;ACARS;;CONFIRMED;;;false;;;;false;;;;2026-09-28T00:00:00Z;SEED_BURNS_LEDGER;2026-09-28T00:00:00Z;SEED_BURNS_LEDGER
700705f0-1808-5e01-89f7-4476c1c3c7ab;551f8934-6210-5fba-8a55-3faccd7723ec;A320;N630JB;N630JB;2026-09-26;11:00:00;2026-09-26T11:52:49Z;2026-09-26T13:50:19Z;117;;;4080;3950.31;;;4080;-129.69;-3.18;NORMAL;ACARS;;CONFIRMED;;;false;;;;false;;;;2026-09-28T00:00:00Z;SEED_BURNS_LEDGER;2026-09-28T00:00:00Z;SEED_BURNS_LEDGER
aa985fce-94f1-50d8-99da-0d13e0ffc7b2;63044e4a-5ae4-5966-9493-2fae2332d69a;A320;N658JB;N658JB;2026-09-26;11:40:00;2026-09-26T11:53:22Z;2026-09-26T14:13:50Z;140;;;4972;4946.77;;;4972;-25.23;-0.51;NORMAL;ACARS;;CONFIRMED;;;false;;;;false;;;;2026-09-28T00:00:00Z;SEED_BURNS_LEDGER;2026-09-28T00:00:00Z;SEED_BURNS_LEDGER
c51465de-7cc3-5aad-96c4-512dbefe867f;a08b8da4-027a-5f02-b1a5-25c1a4464b79;A320;N605JB;N605JB;2026-09-26;11:50:00;2026-09-26T11:56:33Z;2026-09-26T15:01:22Z;185;;;6290;6511.85;;;6290;221.85;3.53;NORMAL;ACARS;;CONFIRMED;;;false;;;;false;;;;2026-09-28T00:00:00Z;SEED_BURNS_LEDGER;2026-09-28T00:00:00Z;SEED_BURNS_LEDGER
5ffedfd6-a16e-5dfd-9e8f-1e576f0f9357;20e0bd9d-b506-507c-8016-4d5a5eba7814;A223;N3322J;N3322J;2026-09-26;10:55:00;2026-09-26T11:58:27Z;2026-09-26T13:37:59Z;100;;;2213;2375.82;;;2213;162.82;7.36;EXCEEDED;ACARS;;CONFIRMED;;;false;;;;false;;;;2026-09-28T00:00:00Z;SEED_BURNS_LEDGER;2026-09-28T00:00:00Z;SEED_BURNS_LEDGER
e59ed0f7-2325-50b2-865e-488257468d2b;67111fd4-62e0-5b61-9fa0-ff7b77d70746;A320;N588JB;N588JB;2026-09-26;11:50:00;2026-09-26T12:02:10Z;2026-09-26T16:04:00Z;242;;;8542;8856.89;;;8542;314.89;3.69;NORMAL;ACARS;;CONFIRMED;;;false;;;;false;;;;2026-09-28T00:00:00Z;SEED_BURNS_LEDGER;2026-09-28T00:00:00Z;SEED_BURNS_LEDGER
c9d25c73-4c99-58f5-b9cf-a313c686ecbd;5e358ea4-e212-546f-a23e-bcc97a0e48b2;A223;N3241J;N3241J;2026-09-26;11:55:00;2026-09-26T12:03:37Z;2026-09-26T14:24:34Z;141;;;4070;3907.9;;;4070;-162.1;-3.98;NORMAL;ACARS;;CONFIRMED;;;false;;;;false;;;;2026-09-28T00:00:00Z;SEED_BURNS_LEDGER;2026-09-28T00:00:00Z;SEED_BURNS_LEDGER
824bd7b9-c3ec-5b97-b48d-1a88f94504c4;5b6728e9-5f91-5438-b35b-bd5f6d86789c;A223;N3152J;N3152J;2026-09-26;11:55:00;2026-09-26T12:05:39Z;2026-09-26T13:46:13Z;101;;;2320;2407.31;;;2320;87.31;3.76;NORMAL;ACARS;;CONFIRMED;;;false;;;;false;;;;2026-09-28T00:00:00Z;SEED_BURNS_LEDGER;2026-09-28T00:00:00Z;SEED_BURNS_LEDGER
b8c4d573-a1bd-5efc-ac94-733377fba9df;966994a4-a480-57c9-be15-2c902c20945c;A320;N636JB;N636JB;2026-09-26;12:05:00;2026-09-26T12:09:43Z;2026-09-26T16:31:40Z;262;;;9902;9885.17;;;9902;-16.83;-0.17;NORMAL;ACARS;;CONFIRMED;;;false;;;;false;;;;2026-09-28T00:00:00Z;SEED_BURNS_LEDGER;2026-09-28T00:00:00Z;SEED_BURNS_LEDGER
d3390e62-598e-526b-afaa-92315adb64fe;a32ca9d3-d810-5630-a5fc-1251209ab7e4;A320;N529JB;N529JB;2026-09-26;12:05:00;2026-09-26T12:09:59Z;2026-09-26T15:20:48Z;191;;;6842;6852.66;;;6842;10.66;0.16;NORMAL;ACARS;;CONFIRMED;;;false;;;;false;;;;2026-09-28T00:00:00Z;SEED_BURNS_LEDGER;2026-09-28T00:00:00Z;SEED_BURNS_LEDGER
baae5aa1-6299-5c45-8e5d-8e01893fd579;7cd12284-0100-5f78-a263-ca4a516630f7;A320;N531JL;N531JL;2026-09-26;10:40:00;2026-09-26T12:12:10Z;2026-09-26T14:45:31Z;153;;;5100;5367.21;;;5100;267.21;5.24;EXCEEDED;ACARS;;CONFIRMED;;;false;;;;false;;;;2026-09-28T00:00:00Z;SEED_BURNS_LEDGER;2026-09-28T00:00:00Z;SEED_BURNS_LEDGER
94fbb06c-1e12-57bf-a37d-4e25ea8297e3;05120355-bb79-55cf-8d8a-3bd98e1fdd3d;A320;N665JB;N665JB;2026-09-26;11:20:00;2026-09-26T12:14:25Z;2026-09-26T15:09:49Z;175;;;6120;6154.09;;;6120;34.09;0.56;NORMAL;ACARS;;CONFIRMED;;;false;;;;false;;;;2026-09-28T00:00:00Z;SEED_BURNS_LEDGER;2026-09-28T00:00:00Z;SEED_BURNS_LEDGER
44ae8942-6136-53df-8fe0-ef76a73f1080;bab8849f-af33-5edc-96ab-9685a33f42a8;A223;N3058J;N3058J;2026-09-26;12:10:00;2026-09-26T12:20:59Z;2026-09-26T14:50:42Z;150;;;4034;4201.92;;;4034;167.92;4.16;NORMAL;ACARS;;CONFIRMED;;;false;;;;false;;;;2026-09-28T00:00:00Z;SEED_BURNS_LEDGER;2026-09-28T00:00:00Z;SEED_BURNS_LEDGER
e46eeb78-e6af-52bf-b12d-23df1d4c1403;2c4dac59-7338-5cec-88e4-a87d2dd6d235;A320;N779JB;N779JB;2026-09-26;11:20:00;2026-09-26T12:22:13Z;2026-09-26T16:37:22Z;255;;;10412;9909.71;;;10412;-502.29;-4.82;NORMAL;ACARS;;CONFIRMED;;;false;;;;false;;;;2026-09-28T00:00:00Z;SEED_BURNS_LEDGER;2026-09-28T00:00:00Z;SEED_BURNS_LEDGER
2ade9e31-e597-57d8-961e-ff81be5a659c;602c4bb7-0d49-5783-997e-6ddd4df4317d;A320;N768JB;N768JB;2026-09-26;11:20:00;2026-09-26T12:22:37Z;2026-09-26T14:14:15Z;112;;;3782;3791.7;;;3782;9.7;0.26;NORMAL;ACARS;;CONFIRMED;;;false;;;;false;;;;2026-09-28T00:00:00Z;SEED_BURNS_LEDGER;2026-09-28T00:00:00Z;SEED_BURNS_LEDGER
585c8262-f907-5263-8b31-b2db5514f887;f080bad0-8a25-5ab5-a976-53f7765d5269;A320;N633JB;N633JB;2026-09-26;12:15:00;2026-09-26T12:23:44Z;2026-09-26T15:09:01Z;165;;;5398;5608.34;;;5398;210.34;3.9;NORMAL;ACARS;;CONFIRMED;;;false;;;;false;;;;2026-09-28T00:00:00Z;SEED_BURNS_LEDGER;2026-09-28T00:00:00Z;SEED_BURNS_LEDGER
c03ef8b1-87c2-50e8-a587-23ffe9193724;e2745d0c-2b7d-5793-90fe-1561e332c4c0;A223;N3221J;N3221J;2026-09-26;11:50:00;2026-09-26T12:25:00Z;2026-09-26T14:22:47Z;118;;;2963;3116.39;;;2963;153.39;5.18;EXCEEDED;ACARS;;CONFIRMED;;;false;;;;false;;;;2026-09-28T00:00:00Z;SEED_BURNS_LEDGER;2026-09-28T00:00:00Z;SEED_BURNS_LEDGER
512dad03-bb1a-5320-87a1-ff4fde2e7020;8eb59e76-470b-570d-8765-f79c2a5c8865;A320;N593JB;N593JB;2026-09-26;12:20:00;2026-09-26T12:25:31Z;2026-09-26T16:24:13Z;239;;;9138;9518.75;;;9138;380.75;4.17;NORMAL;ACARS;;CONFIRMED;;;false;;;;false;;;;2026-09-28T00:00:00Z;SEED_BURNS_LEDGER;2026-09-28T00:00:00Z;SEED_BURNS_LEDGER
b171ed39-201f-533e-8249-163fa655b6cb;d9c08331-02aa-508f-80fe-76e727537b8d;A223;N3104J;N3104J;2026-09-26;11:40:00;2026-09-26T12:28:55Z;2026-09-26T16:07:24Z;218;;;6176;6475.52;;;6176;299.52;4.85;NORMAL;ACARS;;CONFIRMED;;;false;;;;false;;;;2026-09-28T00:00:00Z;SEED_BURNS_LEDGER;2026-09-28T00:00:00Z;SEED_BURNS_LEDGER
9b504fc1-5b33-530d-b9f3-cb67f111fb06;372c1565-43b6-5213-b61c-1fc452b8275e;A21N;N2199J;N2199J;2026-09-26;12:25:00;2026-09-26T12:29:28Z;2026-09-26T18:19:08Z;350;;;12478;11732.06;;;12478;-745.94;-5.98;EXCEEDED;ACARS;;CONFIRMED;;;false;;;;false;;;;2026-09-28T00:00:00Z;SEED_BURNS_LEDGER;2026-09-28T00:00:00Z;SEED_BURNS_LEDGER
365a5b41-18a3-5579-a743-999246d8b415;69abffcb-2cac-56af-b19a-ac0f65198bac;A320;N580JB;N580JB;2026-09-26;12:25:00;2026-09-26T12:29:55Z;2026-09-26T15:32:05Z;182;;;6545;6441.37;;;6545;-103.63;-1.58;NORMAL;ACARS;;CONFIRMED;;;false;;;;false;;;;2026-09-28T00:00:00Z;SEED_BURNS_LEDGER;2026-09-28T00:00:00Z;SEED_BURNS_LEDGER
0fd5ce8d-bcf6-5b03-abe6-e68d186e0319;66b90ffc-573d-5b79-8df3-ebcc00c8ef85;A320;N796JB;N796JB;2026-09-26;12:20:00;2026-09-26T12:30:15Z;2026-09-26T13:41:14Z;71;;;1658;1931.05;;;1658;273.05;16.47;EXCEEDED;ACARS;;CONFIRMED;;;false;;;;false;;;;2026-09-28T00:00:00Z;SEED_BURNS_LEDGER;2026-09-28T00:00:00Z;SEED_BURNS_LEDGER
4abbbea0-1174-519f-ac81-4bc020de20a3;777a75d1-9418-56a8-bf21-dca250d8c951;A320;N763JB;N763JB;2026-09-26;12:30:00;2026-09-26T12:35:37Z;2026-09-26T14:15:51Z;100;;;2720;3004.99;;;2720;284.99;10.48;EXCEEDED;ACARS;;CONFIRMED;;;false;;;;false;;;;2026-09-28T00:00:00Z;SEED_BURNS_LEDGER;2026-09-28T00:00:00Z;SEED_BURNS_LEDGER
df91f391-b7a5-5e50-8ae4-a3c37692333a;f3df9a0e-4c14-53bd-ae78-6e1e04ab0d32;A223;N3276J;N3276J;2026-09-26;12:40:00;2026-09-26T12:44:38Z;2026-09-26T14:31:45Z;107;;;2463;2600.43;;;2463;137.43;5.58;EXCEEDED;ACARS;;CONFIRMED;;;false;;;;false;;;;2026-09-28T00:00:00Z;SEED_BURNS_LEDGER;2026-09-28T00:00:00Z;SEED_BURNS_LEDGER
a3acfcf8-6a31-5b04-a1a5-3c9159303328;2dce1819-a839-5d2b-8ebf-78dfbc8214ef;A223;N3251J;N3251J;2026-09-26;12:40:00;2026-09-26T12:45:39Z;2026-09-26T16:07:58Z;202;;;6033;6064.07;;;6033;31.07;0.52;NORMAL;ACARS;;CONFIRMED;;;false;;;;false;;;;2026-09-28T00:00:00Z;SEED_BURNS_LEDGER;2026-09-28T00:00:00Z;SEED_BURNS_LEDGER
e1170d6c-88e2-5209-a281-be23b0643288;29301e4d-8bce-54b5-80fd-4f1679ff8221;A223;N3077J;N3077J;2026-09-26;12:25:00;2026-09-26T12:45:46Z;2026-09-26T15:16:22Z;151;;;4427;4364.95;;;4427;-62.05;-1.4;NORMAL;ACARS;;CONFIRMED;;;false;;;;false;;;;2026-09-28T00:00:00Z;SEED_BURNS_LEDGER;2026-09-28T00:00:00Z;SEED_BURNS_LEDGER
dbb783b4-7722-5c17-9b01-85842810f432;997c0ad2-f17e-5d5b-b15b-27f08a886d1e;A223;N3102J;N3102J;2026-09-26;12:40:00;2026-09-26T12:47:28Z;2026-09-26T14:43:06Z;116;;;2927;2989.28;;;2927;62.28;2.13;NORMAL;ACARS;;CONFIRMED;;;false;;;;false;;;;2026-09-28T00:00:00Z;SEED_BURNS_LEDGER;2026-09-28T00:00:00Z;SEED_BURNS_LEDGER
ecd486fb-8d93-5aaf-baf4-fbb637f1ff24;4c35f97e-dd51-5654-a8ec-5bd52c9189f9;A321;N985JT;N985JT;2026-09-26;12:45:00;2026-09-26T12:50:56Z;2026-09-26T18:27:28Z;337;;;14987;14369.77;;;14987;-617.23;-4.12;NORMAL;ACARS;;CONFIRMED;;;false;;;;false;;;;2026-09-28T00:00:00Z;SEED_BURNS_LEDGER;2026-09-28T00:00:00Z;SEED_BURNS_LEDGER
92a9387c-f678-50f2-b5d1-b8fa3b7340d2;9fdff6eb-51f7-5ae1-8ee8-64d2d8dc8673;A223;N3132J;N3132J;2026-09-26;12:50:00;2026-09-26T12:53:10Z;2026-09-26T17:07:11Z;254;;;7533;7996.07;;;7533;463.07;6.15;EXCEEDED;ACARS;;CONFIRMED;;;false;;;;false;;;;2026-09-28T00:00:00Z;SEED_BURNS_LEDGER;2026-09-28T00:00:00Z;SEED_BURNS_LEDGER
e4765a54-4778-50da-8ec4-647bc5d460c1;1cbfe3c0-12b7-52b7-8d98-6f159ca1d615;A21N;N4022J;N4022J;2026-09-26;12:50:00;2026-09-26T12:53:41Z;2026-09-26T19:29:47Z;396;;;13525;13480.55;;;13525;-44.45;-0.33;NORMAL;ACARS;;CONFIRMED;;;false;;;;false;;;;2026-09-28T00:00:00Z;SEED_BURNS_LEDGER;2026-09-28T00:00:00Z;SEED_BURNS_LEDGER
18625397-1a02-5ef0-b65c-c83133aafd68;4892de37-4145-5e42-bbe5-061569202914;A321;N962JT;N962JT;2026-09-26;12:25:00;2026-09-26T12:54:37Z;2026-09-26T18:28:54Z;334;;;14368;14273.48;;;14368;-94.52;-0.66;NORMAL;ACARS;;CONFIRMED;;;false;;;;false;;;;2026-09-28T00:00:00Z;SEED_BURNS_LEDGER;2026-09-28T00:00:00Z;SEED_BURNS_LEDGER
98ada8e1-68be-5f51-8220-0391ef2021a5;641d49ba-3060-559c-ab53-dfae053f70b9;A321;N983JT;N983JT;2026-09-26;11:35:00;2026-09-26T12:56:33Z;2026-09-26T17:52:04Z;296;;;13178;12395.44;;;13178;-782.56;-5.94;EXCEEDED;ACARS;;CONFIRMED;;;false;;;;false;;;;2026-09-28T00:00:00Z;SEED_BURNS_LEDGER;2026-09-28T00:00:00Z;SEED_BURNS_LEDGER
f4a2ed51-8645-5f6a-b476-3f17028d39ed;718c3c95-fa92-5b9e-9f33-67090659a27d;A321;N959JB;N959JB;2026-09-26;12:55:00;2026-09-26T12:58:47Z;2026-09-26T15:54:37Z;176;;;6610;6924.29;;;6610;314.29;4.75;NORMAL;ACARS;;CONFIRMED;;;false;;;;false;;;;2026-09-28T00:00:00Z;SEED_BURNS_LEDGER;2026-09-28T00:00:00Z;SEED_BURNS_LEDGER
bd0a7784-72c7-5779-a653-377108d88c06;a4c8c165-60b9-5d52-85db-3313c0624dd9;A320;N625JB;N625JB;2026-09-26;12:50:00;2026-09-26T13:00:20Z;2026-09-26T15:37:19Z;157;;;5610;5828.07;;;5610;218.07;3.89;NORMAL;ACARS;;CONFIRMED;;;false;;;;false;;;;2026-09-28T00:00:00Z;SEED_BURNS_LEDGER;2026-09-28T00:00:00Z;SEED_BURNS_LEDGER
07148457-a7fe-5305-a573-98926c67af73;dd2d7c46-6804-52f6-99ca-3cf730c39309;A223;N3289J;N3289J;2026-09-26;12:50:00;2026-09-26T13:00:20Z;2026-09-26T15:01:35Z;121;;;3213;3255.56;;;3213;42.56;1.32;NORMAL;ACARS;;CONFIRMED;;;false;;;;false;;;;2026-09-28T00:00:00Z;SEED_BURNS_LEDGER;2026-09-28T00:00:00Z;SEED_BURNS_LEDGER
53874391-b4f5-5957-9e1a-c216812f4182;63958b44-e757-5484-868f-5b624de6260d;A223;N3113J;N3113J;2026-09-26;12:50:00;2026-09-26T13:01:19Z;2026-09-26T14:35:52Z;95;;;2285;2480.74;;;2285;195.74;8.57;EXCEEDED;ACARS;;CONFIRMED;;;false;;;;false;;;;2026-09-28T00:00:00Z;SEED_BURNS_LEDGER;2026-09-28T00:00:00Z;SEED_BURNS_LEDGER
50134289-7209-5bfc-b9a5-4ceb33e6f6f5;46ba6e87-fb9a-599c-bbd9-e7d4745e7707;A320;N579JB;N579JB;2026-09-26;12:55:00;2026-09-26T13:03:02Z;2026-09-26T15:45:16Z;162;;;5950;5826.72;;;5950;-123.28;-2.07;NORMAL;ACARS;;CONFIRMED;;;false;;;;false;;;;2026-09-28T00:00:00Z;SEED_BURNS_LEDGER;2026-09-28T00:00:00Z;SEED_BURNS_LEDGER
46d46671-86be-5ffe-be13-267cbdc63660;45cff6ad-77e8-59fa-a3e5-292b7db41a2c;A320;N624JB;N624JB;2026-09-26;12:55:00;2026-09-26T13:03:42Z;2026-09-26T14:07:57Z;64;;;1658;1610.98;;;1658;-47.02;-2.84;NORMAL;ACARS;;CONFIRMED;;;false;;;;false;;;;2026-09-28T00:00:00Z;SEED_BURNS_LEDGER;2026-09-28T00:00:00Z;SEED_BURNS_LEDGER
304d1c22-ee3f-5ec9-b210-6703ff0c3ee5;c104128f-3ac5-5d1e-b02b-043e439cd39c;A320;N571JB;N571JB;2026-09-26;12:30:00;2026-09-26T13:05:16Z;2026-09-26T17:49:28Z;284;;;10795;11013.54;;;10795;218.54;2.02;NORMAL;ACARS;;CONFIRMED;;;false;;;;false;;;;2026-09-28T00:00:00Z;SEED_BURNS_LEDGER;2026-09-28T00:00:00Z;SEED_BURNS_LEDGER
f84cdbf7-2626-5f49-8f86-6c299137b494;0cc769b4-9e8d-5890-9ee1-2c21604f557b;A320;N659JB;N659JB;2026-09-26;12:55:00;2026-09-26T13:05:19Z;2026-09-26T16:06:42Z;181;;;6502;6471.19;;;6502;-30.81;-0.47;NORMAL;ACARS;;CONFIRMED;;;false;;;;false;;;;2026-09-28T00:00:00Z;SEED_BURNS_LEDGER;2026-09-28T00:00:00Z;SEED_BURNS_LEDGER
ced47ac3-7f6c-575b-85ff-0f66908b95ee;8a53c93b-650d-51af-8924-4b21f66bd671;A320;N638JB;N638JB;2026-09-26;12:55:00;2026-09-26T13:07:44Z;2026-09-26T15:48:22Z;161;;;5652;5507.92;;;5652;-144.08;-2.55;NORMAL;ACARS;;CONFIRMED;;;false;;;;false;;;;2026-09-28T00:00:00Z;SEED_BURNS_LEDGER;2026-09-28T00:00:00Z;SEED_BURNS_LEDGER
747d9fc8-ab15-5525-a562-bb8fc3ac7c4d;304fa88d-94e2-5dee-862d-21861abebf3f;A320;N703JB;N703JB;2026-09-26;13:05:00;2026-09-26T13:08:45Z;2026-09-26T15:49:37Z;161;;;5738;5608.13;;;5738;-129.87;-2.26;NORMAL;ACARS;;CONFIRMED;;;false;;;;false;;;;2026-09-28T00:00:00Z;SEED_BURNS_LEDGER;2026-09-28T00:00:00Z;SEED_BURNS_LEDGER
0177f1cc-4acb-5e97-beaa-18be69af1dee;5bcbb408-73d9-54bf-9d02-402d5693836e;A223;N3291J;N3291J;2026-09-26;13:05:00;2026-09-26T13:09:45Z;2026-09-26T15:26:27Z;137;;;3499;3856.42;;;3499;357.42;10.21;EXCEEDED;ACARS;;CONFIRMED;;;false;;;;false;;;;2026-09-28T00:00:00Z;SEED_BURNS_LEDGER;2026-09-28T00:00:00Z;SEED_BURNS_LEDGER
9e7e7ae6-abb4-530a-a5d3-60f96e001c9d;3916a34b-f21b-58a0-9e5f-e3b5d5bfd0f0;A223;N3123J;N3123J;2026-09-26;13:05:00;2026-09-26T13:11:59Z;2026-09-26T14:33:51Z;82;;;1856;1891.31;;;1856;35.31;1.9;NORMAL;ACARS;;CONFIRMED;;;false;;;;false;;;;2026-09-28T00:00:00Z;SEED_BURNS_LEDGER;2026-09-28T00:00:00Z;SEED_BURNS_LEDGER
aec2b889-3b54-51b2-b443-52a85995c123;765dfd6d-7bd9-5b61-94f8-baaeeec053ad;A321;N954JB;N954JB;2026-09-26;13:05:00;2026-09-26T13:18:17Z;2026-09-26T16:22:16Z;184;;;7276;7363.06;;;7276;87.06;1.2;NORMAL;ACARS;;CONFIRMED;;;false;;;;false;;;;2026-09-28T00:00:00Z;SEED_BURNS_LEDGER;2026-09-28T00:00:00Z;SEED_BURNS_LEDGER
b4502542-fa4a-549b-946c-e15490c9025c;13da68eb-2e62-5212-8e84-eabb6e412ac7;A320;N570JB;N570JB;2026-09-26;13:15:00;2026-09-26T13:19:31Z;2026-09-26T17:55:25Z;276;;;10922;10293.36;;;10922;-628.64;-5.76;EXCEEDED;ACARS;;CONFIRMED;;;false;;;;false;;;;2026-09-28T00:00:00Z;SEED_BURNS_LEDGER;2026-09-28T00:00:00Z;SEED_BURNS_LEDGER
8adc2806-5be5-5d7d-9d94-c7e7048ec761;740c765f-c65a-5cbb-a149-e01d5c0a5b3f;A321;N907JB;N907JB;2026-09-26;13:25:00;2026-09-26T13:26:09Z;2026-09-26T15:58:29Z;152;;;5848;6003.24;;;5848;155.24;2.65;NORMAL;ACARS;;CONFIRMED;;;false;;;;false;;;;2026-09-28T00:00:00Z;SEED_BURNS_LEDGER;2026-09-28T00:00:00Z;SEED_BURNS_LEDGER
438def9f-c1f1-5b5a-9318-d0e54d0234b1;1f682cab-21f0-5349-8266-cafc7b9ddb38;A320;N618JB;N618JB;2026-09-26;13:20:00;2026-09-26T13:27:37Z;2026-09-26T16:09:13Z;162;;;5908;5961.55;;;5908;53.55;0.91;NORMAL;ACARS;;CONFIRMED;;;false;;;;false;;;;2026-09-28T00:00:00Z;SEED_BURNS_LEDGER;2026-09-28T00:00:00Z;SEED_BURNS_LEDGER
c27d720b-d506-507e-b550-f4e800315d70;d513d7be-de4b-5bc8-9307-c63f0cc66f08;A320;N523JB;N523JB;2026-09-26;13:25:00;2026-09-26T13:28:34Z;2026-09-26T16:19:17Z;171;;;6248;6009.5;;;6248;-238.5;-3.82;NORMAL;ACARS;;CONFIRMED;;;false;;;;false;;;;2026-09-28T00:00:00Z;SEED_BURNS_LEDGER;2026-09-28T00:00:00Z;SEED_BURNS_LEDGER
6ec6f699-5eac-52da-9314-2a6ed734401c;e6b06aa6-abb9-5b30-aa4f-33c18d9f38b8;A321;N988JT;N988JT;2026-09-26;13:25:00;2026-09-26T13:29:42Z;2026-09-26T18:53:55Z;324;;;13607;13821.09;;;13607;214.09;1.57;NORMAL;ACARS;;CONFIRMED;;;false;;;;false;;;;2026-09-28T00:00:00Z;SEED_BURNS_LEDGER;2026-09-28T00:00:00Z;SEED_BURNS_LEDGER
216aa897-562a-53a8-b2b3-a6c2b328b150;e313d620-7146-5e19-90d5-8ee24a40fec4;A321;N989JT;N989JT;2026-09-26;13:20:00;2026-09-26T13:30:05Z;2026-09-26T19:41:11Z;371;;;15987;15826.39;;;15987;-160.61;-1;NORMAL;ACARS;;CONFIRMED;;;false;;;;false;;;;2026-09-28T00:00:00Z;SEED_BURNS_LEDGER;2026-09-28T00:00:00Z;SEED_BURNS_LEDGER
0e2ce1dd-858b-55eb-b6b8-ca90a474a670;e53dd906-d186-5300-97d5-a73edd290d02;A321;N980JT;N980JT;2026-09-26;13:30:00;2026-09-26T13:34:48Z;2026-09-26T18:25:25Z;291;;;12607;12835.75;;;12607;228.75;1.81;NORMAL;ACARS;;CONFIRMED;;;false;;;;false;;;;2026-09-28T00:00:00Z;SEED_BURNS_LEDGER;2026-09-28T00:00:00Z;SEED_BURNS_LEDGER
f3ebe3de-2096-515a-8b9e-dc34120807e2;734ecde2-edf7-566a-8c31-f640e71a4195;A320;N645JB;N645JB;2026-09-26;13:25:00;2026-09-26T13:34:51Z;2026-09-26T16:19:00Z;164;;;6035;5828.87;;;6035;-206.13;-3.42;NORMAL;ACARS;;CONFIRMED;;;false;;;;false;;;;2026-09-28T00:00:00Z;SEED_BURNS_LEDGER;2026-09-28T00:00:00Z;SEED_BURNS_LEDGER
dc4c5db2-44e3-58cd-8e99-d6ee5930a296;b1f62626-57df-5f08-acfb-88b1a1904e6c;A320;N559JB;N559JB;2026-09-26;13:30:00;2026-09-26T13:35:45Z;2026-09-26T16:27:28Z;172;;;6418;6384.03;;;6418;-33.97;-0.53;NORMAL;ACARS;;CONFIRMED;;;false;;;;false;;;;2026-09-28T00:00:00Z;SEED_BURNS_LEDGER;2026-09-28T00:00:00Z;SEED_BURNS_LEDGER
7f596219-9258-5499-a284-c20713037a61;b7919222-48af-5fab-9091-676d14b0805b;A320;N766JB;N766JB;2026-09-26;13:30:00;2026-09-26T13:37:38Z;2026-09-26T18:31:06Z;293;;;11560;11250.5;;;11560;-309.5;-2.68;NORMAL;ACARS;;CONFIRMED;;;false;;;;false;;;;2026-09-28T00:00:00Z;SEED_BURNS_LEDGER;2026-09-28T00:00:00Z;SEED_BURNS_LEDGER
a4dddc2c-dfd2-5e13-8375-8996de5f2e81;14d79632-739a-5db3-9404-59f456c522d8;A223;N3162J;N3162J;2026-09-26;13:30:00;2026-09-26T13:38:56Z;2026-09-26T15:07:30Z;89;;;1999;2023.14;;;1999;24.14;1.21;NORMAL;ACARS;;CONFIRMED;;;false;;;;false;;;;2026-09-28T00:00:00Z;SEED_BURNS_LEDGER;2026-09-28T00:00:00Z;SEED_BURNS_LEDGER
d47e17ed-2817-5dec-a429-58df5350b56b;8bd2cad7-cdcf-5925-be64-813e543ad57b;A320;N547JB;N547JB;2026-09-26;13:30:00;2026-09-26T13:40:59Z;2026-09-26T16:13:01Z;152;;;5440;5401.54;;;5440;-38.46;-0.71;NORMAL;ACARS;;CONFIRMED;;;false;;;;false;;;;2026-09-28T00:00:00Z;SEED_BURNS_LEDGER;2026-09-28T00:00:00Z;SEED_BURNS_LEDGER
21a9ba4a-8b08-5e7e-aa86-7d6d741defce;5c37a568-c251-54b6-9d7d-7429e14c2138;A320;N554JB;N554JB;2026-09-26;13:40:00;2026-09-26T13:41:09Z;2026-09-26T20:45:31Z;424;;;16745;16614.49;;;16745;-130.51;-0.78;NORMAL;ACARS;;CONFIRMED;;;false;;;;false;;;;2026-09-28T00:00:00Z;SEED_BURNS_LEDGER;2026-09-28T00:00:00Z;SEED_BURNS_LEDGER
523c9b60-857e-58a6-a750-3e009dee7a1c;ada1f9be-6566-5e71-9ed8-c11485e9e9cd;A223;N3115J;N3115J;2026-09-26;13:35:00;2026-09-26T13:43:03Z;2026-09-26T15:07:26Z;84;;;1499;1757.25;;;1499;258.25;17.23;EXCEEDED;ACARS;;CONFIRMED;;;false;;;;false;;;;2026-09-28T00:00:00Z;SEED_BURNS_LEDGER;2026-09-28T00:00:00Z;SEED_BURNS_LEDGER
069b766b-1b9a-564f-be79-4b08a4a76a83;b6aaeaf6-5809-5ce7-9ea9-8f7ca1549dcc;A21N;N2043J;N2043J;2026-09-26;12:15:00;2026-09-26T13:45:49Z;2026-09-26T18:38:05Z;292;;;10496;9895.65;;;10496;-600.35;-5.72;EXCEEDED;ACARS;;CONFIRMED;;;false;;;;false;;;;2026-09-28T00:00:00Z;SEED_BURNS_LEDGER;2026-09-28T00:00:00Z;SEED_BURNS_LEDGER
1e380370-afa5-5687-a87f-e4e54af03809;ae487f03-9790-58e2-b22f-a860686866cd;A321;N929JB;N929JB;2026-09-26;13:35:00;2026-09-26T13:46:34Z;2026-09-26T19:47:15Z;361;;;16082;15775;;;16082;-307;-1.91;NORMAL;ACARS;;CONFIRMED;;;false;;;;false;;;;2026-09-28T00:00:00Z;SEED_BURNS_LEDGER;2026-09-28T00:00:00Z;SEED_BURNS_LEDGER
8fa84447-4437-5c4c-bb07-e34d53afaaec;a8d78a55-b0c4-569f-b386-84c5cac84174;A223;N3065J;N3065J;2026-09-26;13:40:00;2026-09-26T13:47:02Z;2026-09-26T18:05:34Z;259;;;8175;8203.41;;;8175;28.41;0.35;NORMAL;ACARS;;CONFIRMED;;;false;;;;false;;;;2026-09-28T00:00:00Z;SEED_BURNS_LEDGER;2026-09-28T00:00:00Z;SEED_BURNS_LEDGER
3b877102-09a3-54e4-a14e-3b0df60482b9;15cd197a-c734-5387-850f-658b8e4473a2;A320;N760JB;N760JB;2026-09-26;13:45:00;2026-09-26T13:49:04Z;2026-09-26T16:41:18Z;172;;;5950;6141.96;;;5950;191.96;3.23;NORMAL;ACARS;;CONFIRMED;;;false;;;;false;;;;2026-09-28T00:00:00Z;SEED_BURNS_LEDGER;2026-09-28T00:00:00Z;SEED_BURNS_LEDGER
2f4c33e9-96fa-5c60-9905-8d0bc5213cba;4ca9c7bb-6655-5456-869f-0673c189a268;A321;N995JL;N995JL;2026-09-26;13:45:00;2026-09-26T13:51:23Z;2026-09-26T17:12:16Z;201;;;8180;8289.17;;;8180;109.17;1.33;NORMAL;ACARS;;CONFIRMED;;;false;;;;false;;;;2026-09-28T00:00:00Z;SEED_BURNS_LEDGER;2026-09-28T00:00:00Z;SEED_BURNS_LEDGER
9136e61c-95de-5cb1-9c7c-6c969bff4962;9d0c2025-5779-5630-8996-328899728b73;A321;N934JB;N934JB;2026-09-26;12:20:00;2026-09-26T13:51:41Z;2026-09-26T18:27:42Z;276;;;11988;11756.33;;;11988;-231.67;-1.93;NORMAL;ACARS;;CONFIRMED;;;false;;;;false;;;;2026-09-28T00:00:00Z;SEED_BURNS_LEDGER;2026-09-28T00:00:00Z;SEED_BURNS_LEDGER
b5a625b1-9978-5612-a5e2-fade761a92bc;ab64aa7f-166b-5274-9071-015f60896d96;A320;N652JB;N652JB;2026-09-26;13:40:00;2026-09-26T13:52:36Z;2026-09-26T16:21:15Z;149;;;5185;5284.25;;;5185;99.25;1.91;NORMAL;ACARS;;CONFIRMED;;;false;;;;false;;;;2026-09-28T00:00:00Z;SEED_BURNS_LEDGER;2026-09-28T00:00:00Z;SEED_BURNS_LEDGER
0cf56156-ad11-5460-ba09-74a3a4cb8c79;b5740b1f-38f8-52ba-aa55-cacdd697c0e5;A223;N3255J;N3255J;2026-09-26;13:45:00;2026-09-26T13:55:45Z;2026-09-26T16:13:13Z;137;;;3499;3643.84;;;3499;144.84;4.14;NORMAL;ACARS;;CONFIRMED;;;false;;;;false;;;;2026-09-28T00:00:00Z;SEED_BURNS_LEDGER;2026-09-28T00:00:00Z;SEED_BURNS_LEDGER
538f931a-9bca-55ab-90fb-c4e24ebbe6fd;d696db4f-c476-5655-b6c2-ef9740d57737;A320;N527JL;N527JL;2026-09-26;13:55:00;2026-09-26T13:58:09Z;2026-09-26T16:41:38Z;163;;;6120;5754.31;;;6120;-365.69;-5.98;EXCEEDED;ACARS;;CONFIRMED;;;false;;;;false;;;;2026-09-28T00:00:00Z;SEED_BURNS_LEDGER;2026-09-28T00:00:00Z;SEED_BURNS_LEDGER
9263979f-ac9d-5fb6-9ad8-252a1c183cc1;b23164a5-ebc8-50d1-8c15-a328607c3b9b;A320;N603JB;N603JB;2026-09-26;12:40:00;2026-09-26T14:01:06Z;2026-09-26T17:30:58Z;210;;;7522;7540.14;;;7522;18.14;0.24;NORMAL;ACARS;;CONFIRMED;;;false;;;;false;;;;2026-09-28T00:00:00Z;SEED_BURNS_LEDGER;2026-09-28T00:00:00Z;SEED_BURNS_LEDGER
dcc02276-dad7-509c-ae65-ebdeb118dfa7;c5ee9ab7-95b5-5ed6-8f5b-a1edc874c94c;A320;N640JB;N640JB;2026-09-26;13:55:00;2026-09-26T14:06:15Z;2026-09-26T16:42:08Z;156;;;5525;5438.33;;;5525;-86.67;-1.57;NORMAL;ACARS;;CONFIRMED;;;false;;;;false;;;;2026-09-28T00:00:00Z;SEED_BURNS_LEDGER;2026-09-28T00:00:00Z;SEED_BURNS_LEDGER
6d235d6c-b4de-556e-9c05-e45dba8f7899;e8f79218-c6b4-5b89-bc59-210a2529e130;A320;N663JB;N663JB;2026-09-26;14:00:00;2026-09-26T14:06:16Z;2026-09-26T16:47:59Z;162;;;5355;5496.8;;;5355;141.8;2.65;NORMAL;ACARS;;CONFIRMED;;;false;;;;false;;;;2026-09-28T00:00:00Z;SEED_BURNS_LEDGER;2026-09-28T00:00:00Z;SEED_BURNS_LEDGER
d18667bc-fcf7-5b96-9370-1dbd0b2eb8da;7445a831-c0bf-5082-9bd0-4a9a9faaa767;A223;N3307J;N3307J;2026-09-26;14:05:00;2026-09-26T14:11:02Z;2026-09-26T17:02:15Z;171;;;5212;5046.61;;;5212;-165.39;-3.17;NORMAL;ACARS;;CONFIRMED;;;false;;;;false;;;;2026-09-28T00:00:00Z;SEED_BURNS_LEDGER;2026-09-28T00:00:00Z;SEED_BURNS_LEDGER
3db4dfa5-5844-5b00-82db-b73f2da774be;649ed698-1bc7-5f8e-84e4-461f128d03c0;A321;N994JL;N994JL;2026-09-26;14:10:00;2026-09-26T14:16:24Z;2026-09-26T17:27:10Z;191;;;7847;7655.7;;;7847;-191.3;-2.44;NORMAL;ACARS;;CONFIRMED;;;false;;;;false;;;;2026-09-28T00:00:00Z;SEED_BURNS_LEDGER;2026-09-28T00:00:00Z;SEED_BURNS_LEDGER
3d994b25-115f-5be8-8b4a-5d32d1d701e8;b48ccceb-40f3-5e7c-82da-05ac2435ed2f;A320;N536JB;N536JB;2026-09-26;14:10:00;2026-09-26T14:17:00Z;2026-09-26T19:31:37Z;315;;;11602;12271.55;;;11602;669.55;5.77;EXCEEDED;ACARS;;CONFIRMED;;;false;;;;false;;;;2026-09-28T00:00:00Z;SEED_BURNS_LEDGER;2026-09-28T00:00:00Z;SEED_BURNS_LEDGER
4eb9185f-4480-5231-b190-36942ca22ddd;6bbbf25b-3f80-5870-9fd3-ba0fce33f16b;A321;N986JB;N986JB;2026-09-26;14:10:00;2026-09-26T14:20:29Z;2026-09-26T19:53:58Z;333;;;14892;14438.22;;;14892;-453.78;-3.05;NORMAL;ACARS;;CONFIRMED;;;false;;;;false;;;;2026-09-28T00:00:00Z;SEED_BURNS_LEDGER;2026-09-28T00:00:00Z;SEED_BURNS_LEDGER
3263f24b-e57b-53eb-9a39-98321dbe8937;b6d49283-50e6-5f6c-ae5c-7e14a5a5c9d6;A321;N955JB;N955JB;2026-09-26;14:15:00;2026-09-26T14:20:58Z;2026-09-26T17:18:48Z;178;;;6657;6989.81;;;6657;332.81;5;NORMAL;ACARS;;CONFIRMED;;;false;;;;false;;;;2026-09-28T00:00:00Z;SEED_BURNS_LEDGER;2026-09-28T00:00:00Z;SEED_BURNS_LEDGER
e6d04f65-7926-5e59-a6f2-411591dcc4cb;17050b95-677d-5737-90b1-9ceb4617a678;A21N;N2084J;N2084J;2026-09-26;13:35:00;2026-09-26T14:24:07Z;2026-09-26T17:11:22Z;167;;;5148;5006.83;;;5148;-141.17;-2.74;NORMAL;ACARS;;CONFIRMED;;;false;;;;false;;;;2026-09-28T00:00:00Z;SEED_BURNS_LEDGER;2026-09-28T00:00:00Z;SEED_BURNS_LEDGER
2834ad59-b439-58c8-a4cf-43e60c033759;548a4e49-04b5-5703-b3a2-cfa8252394c0;A321;N996JL;N996JL;2026-09-26;14:20:00;2026-09-26T14:25:40Z;2026-09-26T18:23:31Z;238;;;9942;9824.35;;;9942;-117.65;-1.18;NORMAL;ACARS;;CONFIRMED;;;false;;;;false;;;;2026-09-28T00:00:00Z;SEED_BURNS_LEDGER;2026-09-28T00:00:00Z;SEED_BURNS_LEDGER
070ff5b1-0460-55ec-8a4e-79d58c498389;8562b8ec-7557-5381-86dd-4348947b0e97;A223;N3258J;N3258J;2026-09-26;14:15:00;2026-09-26T14:26:58Z;2026-09-26T16:19:21Z;112;;;2785;2945.72;;;2785;160.72;5.77;EXCEEDED;ACARS;;CONFIRMED;;;false;;;;false;;;;2026-09-28T00:00:00Z;SEED_BURNS_LEDGER;2026-09-28T00:00:00Z;SEED_BURNS_LEDGER
1ba3cbaf-0e9f-5d4a-97f4-6459e7690171;77ad446e-a0dc-5bd7-a721-5bce13c2d683;A223;N3152J;N3152J;2026-09-26;14:20:00;2026-09-26T14:28:39Z;2026-09-26T16:29:35Z;121;;;2820;3119.19;;;2820;299.19;10.61;EXCEEDED;ACARS;;CONFIRMED;;;false;;;;false;;;;2026-09-28T00:00:00Z;SEED_BURNS_LEDGER;2026-09-28T00:00:00Z;SEED_BURNS_LEDGER
8f9d3c8d-1c49-53b3-9230-a0b600f01e7e;64b3de33-283b-56d2-a2c4-ca8cd4169f01;A223;N3269J;N3269J;2026-09-26;14:10:00;2026-09-26T14:29:28Z;2026-09-26T17:06:53Z;157;;;4141;4357.34;;;4141;216.34;5.22;EXCEEDED;ACARS;;CONFIRMED;;;false;;;;false;;;;2026-09-28T00:00:00Z;SEED_BURNS_LEDGER;2026-09-28T00:00:00Z;SEED_BURNS_LEDGER
915148e2-97d1-5646-b6fa-3199ede04082;b43b00a1-44c8-5b9e-8342-b77f7741c679;A223;N3260J;N3260J;2026-09-26;14:20:00;2026-09-26T14:30:58Z;2026-09-26T16:07:24Z;96;;;2535;2407.56;;;2535;-127.44;-5.03;EXCEEDED;ACARS;;CONFIRMED;;;false;;;;false;;;;2026-09-28T00:00:00Z;SEED_BURNS_LEDGER;2026-09-28T00:00:00Z;SEED_BURNS_LEDGER
73d78271-9691-5057-9066-c9edd0324157;2cea7cc0-c0bc-5253-9af0-1ddfc78701ed;A321;N967JT;N967JT;2026-09-26;14:30:00;2026-09-26T14:31:40Z;2026-09-26T20:37:58Z;366;;;16177;16244.62;;;16177;67.62;0.42;NORMAL;ACARS;;CONFIRMED;;;false;;;;false;;;;2026-09-28T00:00:00Z;SEED_BURNS_LEDGER;2026-09-28T00:00:00Z;SEED_BURNS_LEDGER
89425afe-efe6-59fb-85ef-ed4590113eba;3c42f914-a204-5112-b472-cfb6d0a83c9c;A320;N608JB;N608JB;2026-09-26;14:30:00;2026-09-26T14:34:05Z;2026-09-26T17:20:33Z;166;;;6078;5984.23;;;6078;-93.77;-1.54;NORMAL;ACARS;;CONFIRMED;;;false;;;;false;;;;2026-09-28T00:00:00Z;SEED_BURNS_LEDGER;2026-09-28T00:00:00Z;SEED_BURNS_LEDGER
ba172be6-e67f-5040-a027-ad15f23616cd;7b563337-6e6b-5986-8c94-915dcf6b8c1b;A320;N595JB;N595JB;2026-09-26;14:30:00;2026-09-26T14:35:17Z;2026-09-26T17:07:52Z;153;;;5142;5320.19;;;5142;178.19;3.47;NORMAL;ACARS;;CONFIRMED;;;false;;;;false;;;;2026-09-28T00:00:00Z;SEED_BURNS_LEDGER;2026-09-28T00:00:00Z;SEED_BURNS_LEDGER
4f8279af-c6c7-5ddc-a58e-38103c653c7b;08a721ae-1f33-5663-abf0-fca8e317c3ac;A320;N592JB;N592JB;2026-09-26;14:35:00;2026-09-26T14:37:02Z;2026-09-26T17:28:24Z;171;;;5950;6071.48;;;5950;121.48;2.04;NORMAL;ACARS;;CONFIRMED;;;false;;;;false;;;;2026-09-28T00:00:00Z;SEED_BURNS_LEDGER;2026-09-28T00:00:00Z;SEED_BURNS_LEDGER
de5d27a7-2499-57d6-98c3-b62e14c0f6f3;93fffd08-b9f5-53c4-8684-e5320b2a3cd2;A321;N987JT;N987JT;2026-09-26;13:35:00;2026-09-26T14:38:36Z;2026-09-26T20:39:56Z;361;;;16034;15528.6;;;16034;-505.4;-3.15;NORMAL;ACARS;;CONFIRMED;;;false;;;;false;;;;2026-09-28T00:00:00Z;SEED_BURNS_LEDGER;2026-09-28T00:00:00Z;SEED_BURNS_LEDGER
8aa5744b-6ec0-5638-b400-6d70cb6f441b;1a065c50-f54e-57a5-af45-e628c420ee00;A223;N3121J;N3121J;2026-09-26;14:35:00;2026-09-26T14:38:38Z;2026-09-26T17:25:03Z;166;;;4498;4788.35;;;4498;290.35;6.46;EXCEEDED;ACARS;;CONFIRMED;;;false;;;;false;;;;2026-09-28T00:00:00Z;SEED_BURNS_LEDGER;2026-09-28T00:00:00Z;SEED_BURNS_LEDGER
1fc65015-7ba8-50c2-8a25-59e94c407238;66ae96f4-dc07-5a08-9692-d2f20e175141;A321;N981JT;N981JT;2026-09-26;13:40:00;2026-09-26T14:38:39Z;2026-09-26T20:20:10Z;342;;;15225;15043.38;;;15225;-181.62;-1.19;NORMAL;ACARS;;CONFIRMED;;;false;;;;false;;;;2026-09-28T00:00:00Z;SEED_BURNS_LEDGER;2026-09-28T00:00:00Z;SEED_BURNS_LEDGER
819edae6-3016-5915-bef5-8dd1605a6ae4;e8633dc6-c8de-5c9e-bd90-50859d191f93;A21N;N2016J;N2016J;2026-09-26;14:35:00;2026-09-26T14:38:44Z;2026-09-26T17:20:42Z;162;;;5222;5285.07;;;5222;63.07;1.21;NORMAL;ACARS;;CONFIRMED;;;false;;;;false;;;;2026-09-28T00:00:00Z;SEED_BURNS_LEDGER;2026-09-28T00:00:00Z;SEED_BURNS_LEDGER
587d85b5-1e0c-59e7-95c5-3adc234edcfe;13f23ce0-fade-54e7-a6dc-46a9788f0246;A320;N552JB;N552JB;2026-09-26;14:35:00;2026-09-26T14:39:39Z;2026-09-26T16:52:46Z;133;;;4420;4366;;;4420;-54;-1.22;NORMAL;ACARS;;CONFIRMED;;;false;;;;false;;;;2026-09-28T00:00:00Z;SEED_BURNS_LEDGER;2026-09-28T00:00:00Z;SEED_BURNS_LEDGER
29d1646d-9bd5-5562-8881-f5b583080038;11c0ef77-e6f5-5275-988f-f70723200259;A320;N763JB;N763JB;2026-09-26;14:40:00;2026-09-26T14:46:08Z;2026-09-26T19:02:17Z;256;;;9775;9707.18;;;9775;-67.82;-0.69;NORMAL;ACARS;;CONFIRMED;;;false;;;;false;;;;2026-09-28T00:00:00Z;SEED_BURNS_LEDGER;2026-09-28T00:00:00Z;SEED_BURNS_LEDGER
27dc5173-a216-5ba1-ae0a-005060685c24;04b921c9-ad77-5ba5-aa8d-4f50c36923d6;A321;N950JT;N950JT;2026-09-26;14:40:00;2026-09-26T14:46:23Z;2026-09-26T17:16:59Z;151;;;5658;6103.85;;;5658;445.85;7.88;EXCEEDED;ACARS;;CONFIRMED;;;false;;;;false;;;;2026-09-28T00:00:00Z;SEED_BURNS_LEDGER;2026-09-28T00:00:00Z;SEED_BURNS_LEDGER
6bbbb78f-08ab-5b26-a12d-8f108499454b;a92284f2-8f8c-5beb-a410-4c6cf6637d8d;A320;N565JB;N565JB;2026-09-26;14:40:00;2026-09-26T14:46:40Z;2026-09-26T21:22:38Z;396;;;15428;15462.56;;;15428;34.56;0.22;NORMAL;ACARS;;CONFIRMED;;;false;;;;false;;;;2026-09-28T00:00:00Z;SEED_BURNS_LEDGER;2026-09-28T00:00:00Z;SEED_BURNS_LEDGER
1e95d5c6-2cf2-55bc-b137-970b67686735;f9a20529-e8da-5a88-8f3e-66f849a03fea;A223;N3304J;N3304J;2026-09-26;14:45:00;2026-09-26T14:46:50Z;2026-09-26T16:47:51Z;121;;;2999;3055.26;;;2999;56.26;1.88;NORMAL;ACARS;;CONFIRMED;;;false;;;;false;;;;2026-09-28T00:00:00Z;SEED_BURNS_LEDGER;2026-09-28T00:00:00Z;SEED_BURNS_LEDGER
23ccf9f3-ba16-5853-ad85-16a5bfa1b931;abfbb2a6-ef18-5fa2-867e-4488f242095c;A320;N794JB;N794JB;2026-09-26;14:45:00;2026-09-26T14:56:05Z;2026-09-26T17:33:56Z;158;;;5568;5621.67;;;5568;53.67;0.96;NORMAL;ACARS;;CONFIRMED;;;false;;;;false;;;;2026-09-28T00:00:00Z;SEED_BURNS_LEDGER;2026-09-28T00:00:00Z;SEED_BURNS_LEDGER
a5599e6d-76ea-56b1-9a8a-06e62e2e40c0;53c38be9-0568-5f93-8ea5-a0dfee236595;A223;N3189J;N3189J;2026-09-26;14:45:00;2026-09-26T14:58:13Z;2026-09-26T17:17:53Z;140;;;3891;3736.3;;;3891;-154.7;-3.98;NORMAL;ACARS;;CONFIRMED;;;false;;;;false;;;;2026-09-28T00:00:00Z;SEED_BURNS_LEDGER;2026-09-28T00:00:00Z;SEED_BURNS_LEDGER
f7ac4924-f03e-5c73-9fc2-f8bf0ec51b77;88064f26-a1dd-578b-bef8-fe81bb2069a0;A321;N965JT;N965JT;2026-09-26;14:55:00;2026-09-26T14:58:19Z;2026-09-26T18:07:58Z;190;;;7942;7684.64;;;7942;-257.36;-3.24;NORMAL;ACARS;;CONFIRMED;;;false;;;;false;;;;2026-09-28T00:00:00Z;SEED_BURNS_LEDGER;2026-09-28T00:00:00Z;SEED_BURNS_LEDGER
dd206ee0-7baf-5009-9168-136381fbae3b;f80007d1-2056-573e-ae0a-d8ad55534f5f;A321;N982JB;N982JB;2026-09-26;13:55:00;2026-09-26T14:59:07Z;2026-09-26T20:44:19Z;345;;;14606;15243.5;;;14606;637.5;4.36;NORMAL;ACARS;;CONFIRMED;;;false;;;;false;;;;2026-09-28T00:00:00Z;SEED_BURNS_LEDGER;2026-09-28T00:00:00Z;SEED_BURNS_LEDGER
fa8a8315-25cf-5cca-a06b-bc686af9c2d4;d65203c9-1861-5e5a-b2a8-10ab6abd9dd1;A223;N3149J;N3149J;2026-09-26;14:55:00;2026-09-26T15:02:21Z;2026-09-26T16:41:57Z;100;;;2106;2373.99;;;2106;267.99;12.73;EXCEEDED;ACARS;;CONFIRMED;;;false;;;;false;;;;2026-09-28T00:00:00Z;SEED_BURNS_LEDGER;2026-09-28T00:00:00Z;SEED_BURNS_LEDGER
63934cfa-3302-5941-9635-57530b6a5a9f;e1bf1c04-84ec-5158-8e99-5aa54114f3d2;A320;N519JB;N519JB;2026-09-26;14:55:00;2026-09-26T15:03:07Z;2026-09-26T19:55:27Z;292;;;11220;11011.63;;;11220;-208.37;-1.86;NORMAL;ACARS;;CONFIRMED;;;false;;;;false;;;;2026-09-28T00:00:00Z;SEED_BURNS_LEDGER;2026-09-28T00:00:00Z;SEED_BURNS_LEDGER
b73f1874-3241-5d32-86f0-b89e025ce294;7af3df95-632b-5c2e-9d30-d6198816b0a8;A223;N3271J;N3271J;2026-09-26;14:55:00;2026-09-26T15:04:42Z;2026-09-26T17:03:05Z;118;;;3320;3229.56;;;3320;-90.44;-2.72;NORMAL;ACARS;;CONFIRMED;;;false;;;;false;;;;2026-09-28T00:00:00Z;SEED_BURNS_LEDGER;2026-09-28T00:00:00Z;SEED_BURNS_LEDGER
69b91588-8170-5a23-b8da-ce3c2940c900;6dce7e1e-9947-53b4-aa4c-f93a5f270bf2;A223;N3221J;N3221J;2026-09-26;14:55:00;2026-09-26T15:05:01Z;2026-09-26T16:57:49Z;113;;;3070;3054.93;;;3070;-15.07;-0.49;NORMAL;ACARS;;CONFIRMED;;;false;;;;false;;;;2026-09-28T00:00:00Z;SEED_BURNS_LEDGER;2026-09-28T00:00:00Z;SEED_BURNS_LEDGER
2a481913-0ed8-59da-aab1-622c5739bfe9;f0da0d65-6320-5301-943b-9ca7e39b4a66;A223;N3196J;N3196J;2026-09-26;14:55:00;2026-09-26T15:05:12Z;2026-09-26T18:37:49Z;213;;;6248;6249.44;;;6248;1.44;0.02;NORMAL;ACARS;;CONFIRMED;;;false;;;;false;;;;2026-09-28T00:00:00Z;SEED_BURNS_LEDGER;2026-09-28T00:00:00Z;SEED_BURNS_LEDGER
ef893f2b-1fc4-5bc1-a5cc-85e7907c5f9c;792df094-5065-59e9-9929-319cd5e8ac34;A320;N827JB;N827JB;2026-09-26;14:55:00;2026-09-26T15:05:35Z;2026-09-26T19:10:08Z;245;;;9095;9365.41;;;9095;270.41;2.97;NORMAL;ACARS;;CONFIRMED;;;false;;;;false;;;;2026-09-28T00:00:00Z;SEED_BURNS_LEDGER;2026-09-28T00:00:00Z;SEED_BURNS_LEDGER
941670f2-8f28-557e-8cee-4fc61b321468;b11243c9-caa1-5b1a-a1b4-027dd2582b19;A223;N3284J;N3284J;2026-09-26;14:10:00;2026-09-26T15:09:02Z;2026-09-26T16:24:22Z;75;;;1392;1484.1;;;1392;92.1;6.62;EXCEEDED;ACARS;;CONFIRMED;;;false;;;;false;;;;2026-09-28T00:00:00Z;SEED_BURNS_LEDGER;2026-09-28T00:00:00Z;SEED_BURNS_LEDGER
4ef271f0-6058-57d9-86f9-a2ff41e9b0d7;fc008c40-822d-5407-ab8e-53a8233194e4;A320;N796JB;N796JB;2026-09-26;15:05:00;2026-09-26T15:10:19Z;2026-09-26T16:33:16Z;83;;;2635;2540.94;;;2635;-94.06;-3.57;NORMAL;ACARS;;CONFIRMED;;;false;;;;false;;;;2026-09-28T00:00:00Z;SEED_BURNS_LEDGER;2026-09-28T00:00:00Z;SEED_BURNS_LEDGER
ca3caba0-f97c-56cf-bd72-8fea881ecd7d;3aa385bc-4d09-5b50-8c79-113deb71f3b8;A223;N3062J;N3062J;2026-09-26;15:05:00;2026-09-26T15:18:09Z;2026-09-26T18:20:02Z;182;;;5212;5515.26;;;5212;303.26;5.82;EXCEEDED;ACARS;;CONFIRMED;;;false;;;;false;;;;2026-09-28T00:00:00Z;SEED_BURNS_LEDGER;2026-09-28T00:00:00Z;SEED_BURNS_LEDGER
7507dc9e-6484-5246-abd4-ab8175955f5e;aadf1d31-2793-56c8-8ea4-3a0b10d579d7;A320;N591JB;N591JB;2026-09-26;14:40:00;2026-09-26T15:18:40Z;2026-09-26T18:21:17Z;183;;;6418;6295.04;;;6418;-122.96;-1.92;NORMAL;ACARS;;CONFIRMED;;;false;;;;false;;;;2026-09-28T00:00:00Z;SEED_BURNS_LEDGER;2026-09-28T00:00:00Z;SEED_BURNS_LEDGER
74875b89-3298-58d3-ae4c-924a01544f90;cb7a4577-3ff9-51f1-bb92-f85d38fc5b19;A320;N583JB;N583JB;2026-09-26;14:20:00;2026-09-26T15:18:44Z;2026-09-26T20:40:07Z;321;;;12070;12697.46;;;12070;627.46;5.2;EXCEEDED;ACARS;;CONFIRMED;;;false;;;;false;;;;2026-09-28T00:00:00Z;SEED_BURNS_LEDGER;2026-09-28T00:00:00Z;SEED_BURNS_LEDGER
0d52bfae-53c0-519d-b184-8a7fd925d0ec;9e5a6b59-87ec-5a04-a135-fbf9e4a9a4d5;A321;N905JB;N905JB;2026-09-26;15:10:00;2026-09-26T15:19:31Z;2026-09-26T18:00:54Z;161;;;6086;6577.58;;;6086;491.58;8.08;EXCEEDED;ACARS;;CONFIRMED;;;false;;;;false;;;;2026-09-28T00:00:00Z;SEED_BURNS_LEDGER;2026-09-28T00:00:00Z;SEED_BURNS_LEDGER
f58f7900-e8f0-57c4-b362-e2951b8c51d7;ee2b1db4-4a64-5e59-9812-ab0489065494;A223;N3113J;N3113J;2026-09-26;14:05:00;2026-09-26T15:23:59Z;2026-09-26T17:51:39Z;148;;;4070;4176.63;;;4070;106.63;2.62;NORMAL;ACARS;;CONFIRMED;;;false;;;;false;;;;2026-09-28T00:00:00Z;SEED_BURNS_LEDGER;2026-09-28T00:00:00Z;SEED_BURNS_LEDGER
70d75409-65da-56a4-ba75-8aeaa9cb920a;63929659-d8e6-594b-9455-a0be9dd4a19b;A223;N3276J;N3276J;2026-09-26;15:15:00;2026-09-26T15:26:14Z;2026-09-26T17:33:20Z;127;;;3499;3479.8;;;3499;-19.2;-0.55;NORMAL;ACARS;;CONFIRMED;;;false;;;;false;;;;2026-09-28T00:00:00Z;SEED_BURNS_LEDGER;2026-09-28T00:00:00Z;SEED_BURNS_LEDGER
9a8496d6-90e5-5e53-a454-0b13c2caeed7;dcc3eb0c-5a39-5d4c-97f6-a2859199f5eb;A223;N3123J;N3123J;2026-09-26;15:15:00;2026-09-26T15:26:26Z;2026-09-26T17:33:57Z;128;;;2999;3315.3;;;2999;316.3;10.55;EXCEEDED;ACARS;;CONFIRMED;;;false;;;;false;;;;2026-09-28T00:00:00Z;SEED_BURNS_LEDGER;2026-09-28T00:00:00Z;SEED_BURNS_LEDGER
186b02ee-e118-515f-941b-6e27efb5e5ef;08f4c983-1c26-58ee-a1a9-30cc5e4c5ae4;A320;N623JB;N623JB;2026-09-26;15:25:00;2026-09-26T15:27:07Z;2026-09-26T18:28:51Z;182;;;6800;6645.21;;;6800;-154.79;-2.28;NORMAL;ACARS;;CONFIRMED;;;false;;;;false;;;;2026-09-28T00:00:00Z;SEED_BURNS_LEDGER;2026-09-28T00:00:00Z;SEED_BURNS_LEDGER
0d01f51b-0830-5a9f-8e42-2045c651ca00;33cde6e9-9793-5cd9-b27e-d89b5999a637;A320;N661JB;N661JB;2026-09-26;15:20:00;2026-09-26T15:27:48Z;2026-09-26T22:06:20Z;399;;;15938;16232.53;;;15938;294.53;1.85;NORMAL;ACARS;;CONFIRMED;;;false;;;;false;;;;2026-09-28T00:00:00Z;SEED_BURNS_LEDGER;2026-09-28T00:00:00Z;SEED_BURNS_LEDGER
75a12ba5-0d51-5f07-9e9c-c69ee56538f1;58d49712-fb55-570a-b88d-3fe0818d700b;A223;N3058J;N3058J;2026-09-26;15:20:00;2026-09-26T15:28:20Z;2026-09-26T18:11:44Z;163;;;4570;4833.98;;;4570;263.98;5.78;EXCEEDED;ACARS;;CONFIRMED;;;false;;;;false;;;;2026-09-28T00:00:00Z;SEED_BURNS_LEDGER;2026-09-28T00:00:00Z;SEED_BURNS_LEDGER
96caee4e-d5fe-5a36-827a-db652e2d25bf;730ebbec-4e7e-575c-a5e3-2fb5e9a178c3;A223;N3044J;N3044J;2026-09-26;15:25:00;2026-09-26T15:28:44Z;2026-09-26T17:53:12Z;144;;;3927;4154.03;;;3927;227.03;5.78;EXCEEDED;ACARS;;CONFIRMED;;;false;;;;false;;;;2026-09-28T00:00:00Z;SEED_BURNS_LEDGER;2026-09-28T00:00:00Z;SEED_BURNS_LEDGER
b57de2ac-7eec-588e-9c1f-4de788e3de00;6057a86b-17a1-5d48-9414-aa75da98490e;A320;N793JB;N793JB;2026-09-26;15:15:00;2026-09-26T15:28:53Z;2026-09-26T17:31:37Z;123;;;3698;3768.7;;;3698;70.7;1.91;NORMAL;ACARS;;CONFIRMED;;;false;;;;false;;;;2026-09-28T00:00:00Z;SEED_BURNS_LEDGER;2026-09-28T00:00:00Z;SEED_BURNS_LEDGER
b0999b94-d0bb-535f-8efe-7b8cb4839044;4eb93bcd-44ff-52e3-bad9-05a0a7371155;A223;N3112J;N3112J;2026-09-26;15:30:00;2026-09-26T15:32:25Z;2026-09-26T18:38:34Z;186;;;5534;5706.26;;;5534;172.26;3.11;NORMAL;ACARS;;CONFIRMED;;;false;;;;false;;;;2026-09-28T00:00:00Z;SEED_BURNS_LEDGER;2026-09-28T00:00:00Z;SEED_BURNS_LEDGER
820ac9fc-85a7-57e8-aa4b-94b95b06a5b7;71b0d11d-4f12-52fc-90b9-b92157ae29de;A223;N3241J;N3241J;2026-09-26;15:25:00;2026-09-26T15:32:49Z;2026-09-26T17:49:08Z;136;;;3784;3835.67;;;3784;51.67;1.37;NORMAL;ACARS;;CONFIRMED;;;false;;;;false;;;;2026-09-28T00:00:00Z;SEED_BURNS_LEDGER;2026-09-28T00:00:00Z;SEED_BURNS_LEDGER
9196b28d-4f73-5c8a-8bf2-80293b79bdd4;c64843eb-4c38-5c7d-8677-feaba8990721;A223;N3261J;N3261J;2026-09-26;15:30:00;2026-09-26T15:33:08Z;2026-09-26T17:00:54Z;88;;;1964;2047.75;;;1964;83.75;4.26;NORMAL;ACARS;;CONFIRMED;;;false;;;;false;;;;2026-09-28T00:00:00Z;SEED_BURNS_LEDGER;2026-09-28T00:00:00Z;SEED_BURNS_LEDGER
2aaa1224-5203-5175-93ab-52492231ce55;e5105db0-f20a-53d1-9c3f-d446a01b54f3;A320;N564JB;N564JB;2026-09-26;15:30:00;2026-09-26T15:33:11Z;2026-09-26T18:16:34Z;163;;;6375;5958.45;;;6375;-416.55;-6.53;EXCEEDED;ACARS;;CONFIRMED;;;false;;;;false;;;;2026-09-28T00:00:00Z;SEED_BURNS_LEDGER;2026-09-28T00:00:00Z;SEED_BURNS_LEDGER
578eceac-821a-553e-a509-3923486b663e;9d8085dd-2603-5966-bb41-b753fe1227e3;A320;N566JB;N566JB;2026-09-26;14:15:00;2026-09-26T15:33:59Z;2026-09-26T18:13:24Z;159;;;5610;5767.34;;;5610;157.34;2.8;NORMAL;ACARS;;CONFIRMED;;;false;;;;false;;;;2026-09-28T00:00:00Z;SEED_BURNS_LEDGER;2026-09-28T00:00:00Z;SEED_BURNS_LEDGER
e8012c4e-4e20-5b4b-b8e8-07e922be5616;040cd496-f00f-52b8-86cf-422930293f85;A320;N524JB;N524JB;2026-09-26;15:30:00;2026-09-26T15:36:01Z;2026-09-26T18:33:03Z;177;;;6375;6375.13;;;6375;0.13;0;NORMAL;ACARS;;CONFIRMED;;;false;;;;false;;;;2026-09-28T00:00:00Z;SEED_BURNS_LEDGER;2026-09-28T00:00:00Z;SEED_BURNS_LEDGER
ad4bb23f-55ad-5137-887f-c269eabae7d6;8673e422-e051-52f0-82fb-63bd40e360d5;A320;N655JB;N655JB;2026-09-26;15:40:00;2026-09-26T15:42:13Z;2026-09-26T17:50:02Z;128;;;4250;4256.92;;;4250;6.92;0.16;NORMAL;ACARS;;CONFIRMED;;;false;;;;false;;;;2026-09-28T00:00:00Z;SEED_BURNS_LEDGER;2026-09-28T00:00:00Z;SEED_BURNS_LEDGER
ada70cd9-c5dc-517c-a45c-e4f360ca5d52;c60fbb4a-84f6-5a58-bced-d68ac076772b;A320;N705JB;N705JB;2026-09-26;15:30:00;2026-09-26T15:42:20Z;2026-09-26T22:35:09Z;413;;;17000;16661.09;;;17000;-338.91;-1.99;NORMAL;ACARS;;CONFIRMED;;;false;;;;false;;;;2026-09-28T00:00:00Z;SEED_BURNS_LEDGER;2026-09-28T00:00:00Z;SEED_BURNS_LEDGER
d257121b-da03-5029-bf5b-eebff1cdaa6a;293cb08b-a035-5d92-8c36-73ad22fe0d1f;A320;N599JB;N599JB;2026-09-26;15:35:00;2026-09-26T15:45:42Z;2026-09-26T19:52:43Z;247;;;9520;9369.78;;;9520;-150.22;-1.58;NORMAL;ACARS;;CONFIRMED;;;false;;;;false;;;;2026-09-28T00:00:00Z;SEED_BURNS_LEDGER;2026-09-28T00:00:00Z;SEED_BURNS_LEDGER
e0eaed65-22df-5a55-984d-8ac41b1166f1;b53c6b4d-b701-56df-be9d-88a22ceb4873;A320;N775JB;N775JB;2026-09-26;15:40:00;2026-09-26T15:46:08Z;2026-09-26T16:46:29Z;60;;;1445;1518.68;;;1445;73.68;5.1;EXCEEDED;ACARS;;CONFIRMED;;;false;;;;false;;;;2026-09-28T00:00:00Z;SEED_BURNS_LEDGER;2026-09-28T00:00:00Z;SEED_BURNS_LEDGER
2e8164b8-bfa2-5b5b-bd30-fe03146d07b0;2bd96e23-f06b-562c-b503-5cba488a8bbd;A223;N3251J;N3251J;2026-09-26;15:40:00;2026-09-26T15:47:59Z;2026-09-26T18:08:15Z;140;;;3927;3884.04;;;3927;-42.96;-1.09;NORMAL;ACARS;;CONFIRMED;;;false;;;;false;;;;2026-09-28T00:00:00Z;SEED_BURNS_LEDGER;2026-09-28T00:00:00Z;SEED_BURNS_LEDGER
0458f88a-1efa-56f3-846a-b1bd18c67274;40e79787-31e5-5db3-b515-87e1597031d9;A320;N646JB;N646JB;2026-09-26;15:45:00;2026-09-26T15:49:35Z;2026-09-26T19:58:04Z;248;;;9860;9612.77;;;9860;-247.23;-2.51;NORMAL;ACARS;;CONFIRMED;;;false;;;;false;;;;2026-09-28T00:00:00Z;SEED_BURNS_LEDGER;2026-09-28T00:00:00Z;SEED_BURNS_LEDGER
d83e6e01-dec2-5989-b2bf-8a58a0113ad7;6bbb05ec-9d12-5a64-bd61-fd9088c72807;A223;N3185J;N3185J;2026-09-26;15:50:00;2026-09-26T15:51:15Z;2026-09-26T18:13:10Z;142;;;3856;3907.24;;;3856;51.24;1.33;NORMAL;ACARS;;CONFIRMED;;;false;;;;false;;;;2026-09-28T00:00:00Z;SEED_BURNS_LEDGER;2026-09-28T00:00:00Z;SEED_BURNS_LEDGER
5bcd9127-d424-510c-80fe-340fb130eb07;28c66e8e-5a7d-5dd5-af77-9cd5be2ef3b4;A320;N805JB;N805JB;2026-09-26;14:20:00;2026-09-26T15:51:54Z;2026-09-26T18:07:26Z;136;;;4420;4598.65;;;4420;178.65;4.04;NORMAL;ACARS;;CONFIRMED;;;false;;;;false;;;;2026-09-28T00:00:00Z;SEED_BURNS_LEDGER;2026-09-28T00:00:00Z;SEED_BURNS_LEDGER
43b3fe89-4a13-572b-b599-0cd6cc5d3db1;3944b134-5b6b-5235-883b-c2b87842ee7d;A321;N970JB;N970JB;2026-09-26;14:50:00;2026-09-26T15:54:01Z;2026-09-26T19:15:20Z;201;;;8466;8198.09;;;8466;-267.91;-3.16;NORMAL;ACARS;;CONFIRMED;;;false;;;;false;;;;2026-09-28T00:00:00Z;SEED_BURNS_LEDGER;2026-09-28T00:00:00Z;SEED_BURNS_LEDGER
5c69edbf-ddcc-53b8-aab7-f29e1297232b;1e70230b-9ecf-5752-b11d-0c18aa2b6ade;A223;N3162J;N3162J;2026-09-26;15:45:00;2026-09-26T15:57:15Z;2026-09-26T19:58:25Z;241;;;7283;7258.12;;;7283;-24.88;-0.34;NORMAL;ACARS;;CONFIRMED;;;false;;;;false;;;;2026-09-28T00:00:00Z;SEED_BURNS_LEDGER;2026-09-28T00:00:00Z;SEED_BURNS_LEDGER
a3510af4-2502-517a-a7a1-41b807429bc7;62cd604e-0d82-509f-add2-bd5f22e595b5;A320;N768JB;N768JB;2026-09-26;15:50:00;2026-09-26T15:58:46Z;2026-09-26T17:54:23Z;116;;;3612;3875.5;;;3612;263.5;7.3;EXCEEDED;ACARS;;CONFIRMED;;;false;;;;false;;;;2026-09-28T00:00:00Z;SEED_BURNS_LEDGER;2026-09-28T00:00:00Z;SEED_BURNS_LEDGER
e0549856-8ea8-5d43-850d-429783a29dfa;ccc649d2-7f9f-5689-9a52-041f43c09fc7;A321;N968JT;N968JT;2026-09-26;15:50:00;2026-09-26T16:00:25Z;2026-09-26T21:11:48Z;311;;;13321;13483.85;;;13321;162.85;1.22;NORMAL;ACARS;;CONFIRMED;;;false;;;;false;;;;2026-09-28T00:00:00Z;SEED_BURNS_LEDGER;2026-09-28T00:00:00Z;SEED_BURNS_LEDGER
564fdf67-5b4d-5af3-abb7-9b9526c84f4f;819e4fd1-bd52-58b6-836a-6ddebb699e11;A21N;N2017J;N2017J;2026-09-26;15:55:00;2026-09-26T16:03:48Z;2026-09-26T18:38:37Z;155;;;4624;4627.2;;;4624;3.2;0.07;NORMAL;ACARS;;CONFIRMED;;;false;;;;false;;;;2026-09-28T00:00:00Z;SEED_BURNS_LEDGER;2026-09-28T00:00:00Z;SEED_BURNS_LEDGER
10651e24-e944-5a5f-8a4c-2ad9aa6ab026;8302345b-c523-544e-bc8f-d98483c7ae11;A321;N903JB;N903JB;2026-09-26;15:05:00;2026-09-26T16:06:50Z;2026-09-26T20:24:56Z;258;;;10894;10731.26;;;10894;-162.74;-1.49;NORMAL;ACARS;;CONFIRMED;;;false;;;;false;;;;2026-09-28T00:00:00Z;SEED_BURNS_LEDGER;2026-09-28T00:00:00Z;SEED_BURNS_LEDGER
f5a47dfb-84db-5e18-a003-efb2de9246b2;3044538e-143e-5764-9320-109039d828d7;A223;N3115J;N3115J;2026-09-26;15:55:00;2026-09-26T16:07:27Z;2026-09-26T18:47:52Z;160;;;4712;4470.28;;;4712;-241.72;-5.13;EXCEEDED;ACARS;;CONFIRMED;;;false;;;;false;;;;2026-09-28T00:00:00Z;SEED_BURNS_LEDGER;2026-09-28T00:00:00Z;SEED_BURNS_LEDGER
fb126468-70f5-5c6c-adcd-b6f736dd45af;4d87b984-7f28-54a7-8120-2192de154155;A320;N665JB;N665JB;2026-09-26;16:10:00;2026-09-26T16:15:05Z;2026-09-26T19:06:11Z;171;;;5865;6021.57;;;5865;156.57;2.67;NORMAL;ACARS;;CONFIRMED;;;false;;;;false;;;;2026-09-28T00:00:00Z;SEED_BURNS_LEDGER;2026-09-28T00:00:00Z;SEED_BURNS_LEDGER
58cb6f56-edb6-54f8-93f5-0420d1324848;561eb41f-29c5-5211-abb1-f8a7e09ea0fe;A320;N630JB;N630JB;2026-09-26;16:05:00;2026-09-26T16:15:17Z;2026-09-26T19:10:47Z;176;;;6630;6387.84;;;6630;-242.16;-3.65;NORMAL;ACARS;;CONFIRMED;;;false;;;;false;;;;2026-09-28T00:00:00Z;SEED_BURNS_LEDGER;2026-09-28T00:00:00Z;SEED_BURNS_LEDGER
9cd86dcb-d718-5a79-94b9-1b7164188d37;927cc8d0-3c4d-510a-90e1-88fd5fb9569c;A320;N584JB;N584JB;2026-09-26;16:20:00;2026-09-26T16:23:29Z;2026-09-26T19:27:19Z;184;;;6885;6683.79;;;6885;-201.21;-2.92;NORMAL;ACARS;;CONFIRMED;;;false;;;;false;;;;2026-09-28T00:00:00Z;SEED_BURNS_LEDGER;2026-09-28T00:00:00Z;SEED_BURNS_LEDGER
f6eb91e6-1ea3-5fbc-a076-d8ddba40bcab;ee7cdfb1-0b5a-51de-bfe7-70b636accf2e;A320;N531JL;N531JL;2026-09-26;16:20:00;2026-09-26T16:26:31Z;2026-09-26T19:00:56Z;154;;;5780;5531.34;;;5780;-248.66;-4.3;NORMAL;ACARS;;CONFIRMED;;;false;;;;false;;;;2026-09-28T00:00:00Z;SEED_BURNS_LEDGER;2026-09-28T00:00:00Z;SEED_BURNS_LEDGER
8db607fb-edb8-5ca6-865f-865abae68307;229159b1-5307-5757-82b6-87f1cc48fe9d;A223;N3280J;N3280J;2026-09-26;16:25:00;2026-09-26T16:27:04Z;2026-09-26T18:57:19Z;150;;;4355;4377.4;;;4355;22.4;0.51;NORMAL;ACARS;;CONFIRMED;;;false;;;;false;;;;2026-09-28T00:00:00Z;SEED_BURNS_LEDGER;2026-09-28T00:00:00Z;SEED_BURNS_LEDGER
163488e3-b0d4-5840-9050-7f9f0b6ec508;aff3bbf6-2a32-5723-b9db-53c2d7133468;A320;N779JB;N779JB;2026-09-26;16:10:00;2026-09-26T16:32:56Z;2026-09-26T19:22:12Z;169;;;5908;5959.58;;;5908;51.58;0.87;NORMAL;ACARS;;CONFIRMED;;;false;;;;false;;;;2026-09-28T00:00:00Z;SEED_BURNS_LEDGER;2026-09-28T00:00:00Z;SEED_BURNS_LEDGER
291d402d-88a7-5dbd-85ca-0ba5aedf8301;0ee71f6e-3f8d-558d-b16c-014a2b3c4af6;A223;N3240J;N3240J;2026-09-26;16:25:00;2026-09-26T16:38:52Z;2026-09-26T18:06:38Z;88;;;1928;2038.58;;;1928;110.58;5.74;EXCEEDED;ACARS;;CONFIRMED;;;false;;;;false;;;;2026-09-28T00:00:00Z;SEED_BURNS_LEDGER;2026-09-28T00:00:00Z;SEED_BURNS_LEDGER
968a8fa6-f6f3-5dbf-a9a1-b020f5b2a7a0;714ca0bf-a8ff-5779-afdd-d315c09c4c5c;A321;N991JT;N991JT;2026-09-26;16:30:00;2026-09-26T16:39:23Z;2026-09-26T22:40:05Z;361;;;15749;15781.07;;;15749;32.07;0.2;NORMAL;ACARS;;CONFIRMED;;;false;;;;false;;;;2026-09-28T00:00:00Z;SEED_BURNS_LEDGER;2026-09-28T00:00:00Z;SEED_BURNS_LEDGER
66e7dc91-306a-5391-9ee4-60b0c99ce840;8cf06702-fd19-5569-b863-e4d2f6f668ae;A321;N969JT;N969JT;2026-09-26;16:40:00;2026-09-26T16:42:23Z;2026-09-26T22:28:34Z;346;;;14368;14778.32;;;14368;410.32;2.86;NORMAL;ACARS;;CONFIRMED;;;false;;;;false;;;;2026-09-28T00:00:00Z;SEED_BURNS_LEDGER;2026-09-28T00:00:00Z;SEED_BURNS_LEDGER
2ada48f3-53c7-548e-b4ed-3687ae870aeb;fab58654-033b-51a5-abf2-2e3d7e2cb0cc;A321;N997JL;N997JL;2026-09-26;16:35:00;2026-09-26T16:43:25Z;2026-09-26T20:46:01Z;243;;;10608;9863.55;;;10608;-744.45;-7.02;EXCEEDED;ACARS;;CONFIRMED;;;false;;;;false;;;;2026-09-28T00:00:00Z;SEED_BURNS_LEDGER;2026-09-28T00:00:00Z;SEED_BURNS_LEDGER
abfd011e-14fb-503d-b2e7-bd30c0015d67;98f569ef-54da-5b23-9e24-5eb121229265;A223;N3077J;N3077J;2026-09-26;16:35:00;2026-09-26T16:43:28Z;2026-09-26T19:09:18Z;146;;;4248;4286.65;;;4248;38.65;0.91;NORMAL;ACARS;;CONFIRMED;;;false;;;;false;;;;2026-09-28T00:00:00Z;SEED_BURNS_LEDGER;2026-09-28T00:00:00Z;SEED_BURNS_LEDGER
e91fd518-4086-5ed9-8bad-d04c8da69170;7d3ee4f3-1b43-568d-9b73-2bd8184f8298;A321;N978JB;N978JB;2026-09-26;16:35:00;2026-09-26T16:44:43Z;2026-09-26T23:07:56Z;383;;;16653;16605.63;;;16653;-47.37;-0.28;NORMAL;ACARS;;CONFIRMED;;;false;;;;false;;;;2026-09-28T00:00:00Z;SEED_BURNS_LEDGER;2026-09-28T00:00:00Z;SEED_BURNS_LEDGER
7db7fb46-e914-5a65-b15a-c2ce29f879fb;3e7fdbb3-9a87-58c1-9cc3-d23146ef867b;A320;N643JB;N643JB;2026-09-26;15:40:00;2026-09-26T16:44:51Z;2026-09-26T19:30:49Z;166;;;5908;5828.23;;;5908;-79.77;-1.35;NORMAL;ACARS;;CONFIRMED;;;false;;;;false;;;;2026-09-28T00:00:00Z;SEED_BURNS_LEDGER;2026-09-28T00:00:00Z;SEED_BURNS_LEDGER
cda26d6e-6d4c-552e-b2b6-35ccc7b94787;2f0b622c-e0e9-57f5-84f7-4d0531687370;A223;N3293J;N3293J;2026-09-26;16:45:00;2026-09-26T16:47:15Z;2026-09-26T18:09:22Z;82;;;1785;1725.51;;;1785;-59.49;-3.33;NORMAL;ACARS;;CONFIRMED;;;false;;;;false;;;;2026-09-28T00:00:00Z;SEED_BURNS_LEDGER;2026-09-28T00:00:00Z;SEED_BURNS_LEDGER
c49826a4-743f-57a0-a38a-1ec34370b16f;02b039f2-5d7e-5967-95ce-3e1a79a2ef78;A320;N712JB;N712JB;2026-09-26;16:45:00;2026-09-26T16:55:37Z;2026-09-26T19:29:14Z;154;;;5398;5695.27;;;5398;297.27;5.51;EXCEEDED;ACARS;;CONFIRMED;;;false;;;;false;;;;2026-09-28T00:00:00Z;SEED_BURNS_LEDGER;2026-09-28T00:00:00Z;SEED_BURNS_LEDGER
8eead4f3-3b4e-5daf-8621-88d4fa130eba;bb215245-634f-502f-acf1-89d139573e3c;A320;N659JB;N659JB;2026-09-26;15:30:00;2026-09-26T16:55:55Z;2026-09-26T19:40:28Z;165;;;5738;5669.19;;;5738;-68.81;-1.2;NORMAL;ACARS;;CONFIRMED;;;false;;;;false;;;;2026-09-28T00:00:00Z;SEED_BURNS_LEDGER;2026-09-28T00:00:00Z;SEED_BURNS_LEDGER
029298a9-f408-57e3-a128-556b9a6a94dd;bf6046fe-d11b-5f91-bd04-eb1c8bd2bc62;A223;N3255J;N3255J;2026-09-26;15:45:00;2026-09-26T16:57:39Z;2026-09-26T18:12:29Z;75;;;1428;1499.29;;;1428;71.29;4.99;NORMAL;ACARS;;CONFIRMED;;;false;;;;false;;;;2026-09-28T00:00:00Z;SEED_BURNS_LEDGER;2026-09-28T00:00:00Z;SEED_BURNS_LEDGER
35092bc5-729a-5d15-a215-c080bb1fd52a;4c5b435d-bc47-5166-8421-b8faa97b6c79;A320;N633JB;N633JB;2026-09-26;16:15:00;2026-09-26T17:00:57Z;2026-09-26T18:04:12Z;63;;;1700;1767.55;;;1700;67.55;3.97;NORMAL;ACARS;;CONFIRMED;;;false;;;;false;;;;2026-09-28T00:00:00Z;SEED_BURNS_LEDGER;2026-09-28T00:00:00Z;SEED_BURNS_LEDGER
dd5e1478-1dab-5226-b73c-cff527453095;55249669-4241-5fdd-ad72-ecb6b222093c;A320;N806JB;N806JB;2026-09-26;16:55:00;2026-09-26T17:01:45Z;2026-09-26T18:51:47Z;110;;;3782;3776.3;;;3782;-5.7;-0.15;NORMAL;ACARS;;CONFIRMED;;;false;;;;false;;;;2026-09-28T00:00:00Z;SEED_BURNS_LEDGER;2026-09-28T00:00:00Z;SEED_BURNS_LEDGER
1a268c19-9dae-587b-ae26-8aabc9dc48f5;967b5a4b-a59f-5cdc-ae73-3331cb290f02;A223;N3104J;N3104J;2026-09-26;16:10:00;2026-09-26T17:03:23Z;2026-09-26T20:57:13Z;234;;;7211;7078.3;;;7211;-132.7;-1.84;NORMAL;ACARS;;CONFIRMED;;;false;;;;false;;;;2026-09-28T00:00:00Z;SEED_BURNS_LEDGER;2026-09-28T00:00:00Z;SEED_BURNS_LEDGER
9a73e1ed-4ad1-5a37-b8ee-91c604ba1d5b;d5bcbd79-3d79-5aad-a029-b953e729a8d8;A223;N3260J;N3260J;2026-09-26;16:55:00;2026-09-26T17:05:16Z;2026-09-26T19:36:58Z;152;;;4534;4450.01;;;4534;-83.99;-1.85;NORMAL;ACARS;;CONFIRMED;;;false;;;;false;;;;2026-09-28T00:00:00Z;SEED_BURNS_LEDGER;2026-09-28T00:00:00Z;SEED_BURNS_LEDGER
c520c1cf-9ff0-5977-82ad-4e840937c3c3;944f504a-1a2c-5e7a-b4e3-9e4e7e507ac6;A223;N3157J;N3157J;2026-09-26;16:25:00;2026-09-26T17:05:30Z;2026-09-26T19:55:15Z;170;;;5034;4969.37;;;5034;-64.63;-1.28;NORMAL;ACARS;;CONFIRMED;;;false;;;;false;;;;2026-09-28T00:00:00Z;SEED_BURNS_LEDGER;2026-09-28T00:00:00Z;SEED_BURNS_LEDGER
55e5ec86-9211-58b1-aa42-7332bb7b4006;09e84120-4405-565a-b9df-8dad66eb4b16;A320;N636JB;N636JB;2026-09-26;17:00:00;2026-09-26T17:09:00Z;2026-09-26T21:28:46Z;260;;;9945;9870.06;;;9945;-74.94;-0.75;NORMAL;ACARS;;CONFIRMED;;;false;;;;false;;;;2026-09-28T00:00:00Z;SEED_BURNS_LEDGER;2026-09-28T00:00:00Z;SEED_BURNS_LEDGER
8783bd83-1bfd-5a88-bc1a-6ccfd508e6dd;2d725c72-85f9-5ba8-bf42-037e4a61b2bf;A320;N625JB;N625JB;2026-09-26;17:00:00;2026-09-26T17:09:11Z;2026-09-26T20:09:39Z;180;;;6332;6656.27;;;6332;324.27;5.12;EXCEEDED;ACARS;;CONFIRMED;;;false;;;;false;;;;2026-09-28T00:00:00Z;SEED_BURNS_LEDGER;2026-09-28T00:00:00Z;SEED_BURNS_LEDGER
e7245010-5f77-50f3-b852-55c9648b2236;bfad5f4b-f101-53f5-b6e1-88a36a3622b8;A321;N947JB;N947JB;2026-09-26;17:05:00;2026-09-26T17:13:20Z;2026-09-26T22:51:45Z;338;;;15225;14426.33;;;15225;-798.67;-5.25;EXCEEDED;ACARS;;CONFIRMED;;;false;;;;false;;;;2026-09-28T00:00:00Z;SEED_BURNS_LEDGER;2026-09-28T00:00:00Z;SEED_BURNS_LEDGER
8ba27ec2-4e7b-5c66-bab7-083124576644;3238ceb9-57b4-5271-91bd-285f6ea4c869;A321;N937JB;N937JB;2026-09-26;16:20:00;2026-09-26T17:13:58Z;2026-09-26T23:20:18Z;366;;;15463;15773.04;;;15463;310.04;2.01;NORMAL;ACARS;;CONFIRMED;;;false;;;;false;;;;2026-09-28T00:00:00Z;SEED_BURNS_LEDGER;2026-09-28T00:00:00Z;SEED_BURNS_LEDGER
93392450-91d7-5eb9-a8de-67f4ab419bb2;7be32a09-5e1e-52c3-9de3-1f3f687de29e;A223;N3258J;N3258J;2026-09-26;17:10:00;2026-09-26T17:16:22Z;2026-09-26T19:14:27Z;118;;;3106;3120.38;;;3106;14.38;0.46;NORMAL;ACARS;;CONFIRMED;;;false;;;;false;;;;2026-09-28T00:00:00Z;SEED_BURNS_LEDGER;2026-09-28T00:00:00Z;SEED_BURNS_LEDGER
c0c796a9-0185-53d7-90d0-e4d3ae7841f0;a92aab63-0ced-5d70-9689-ebc03d60658a;A320;N580JB;N580JB;2026-09-26;17:05:00;2026-09-26T17:17:32Z;2026-09-26T19:25:57Z;128;;;3825;4175.36;;;3825;350.36;9.16;EXCEEDED;ACARS;;CONFIRMED;;;false;;;;false;;;;2026-09-28T00:00:00Z;SEED_BURNS_LEDGER;2026-09-28T00:00:00Z;SEED_BURNS_LEDGER
9afa8b58-634c-5c87-a984-9c109ee4ec73;3f515e2b-58c8-5d42-9021-4119e8ec7fe6;A320;N593JB;N593JB;2026-09-26;17:15:00;2026-09-26T17:17:49Z;2026-09-26T20:10:17Z;172;;;6460;6153.71;;;6460;-306.29;-4.74;NORMAL;ACARS;;CONFIRMED;;;false;;;;false;;;;2026-09-28T00:00:00Z;SEED_BURNS_LEDGER;2026-09-28T00:00:00Z;SEED_BURNS_LEDGER
35aacf58-0490-5176-811a-c60fd632dfbf;70db5105-cd65-5e3e-b647-6aa5cf0de8dc;A321;N977JE;N977JE;2026-09-26;16:00:00;2026-09-26T17:18:27Z;2026-09-26T22:22:10Z;304;;;12464;13002.79;;;12464;538.79;4.32;NORMAL;ACARS;;CONFIRMED;;;false;;;;false;;;;2026-09-28T00:00:00Z;SEED_BURNS_LEDGER;2026-09-28T00:00:00Z;SEED_BURNS_LEDGER
89b27dc5-a881-58b1-bc90-c25db2f64743;697c1d43-fa34-51b2-bdf0-2e477ca4fd3b;A320;N523JB;N523JB;2026-09-26;17:10:00;2026-09-26T17:18:39Z;2026-09-26T19:57:34Z;159;;;5610;5518.49;;;5610;-91.51;-1.63;NORMAL;ACARS;;CONFIRMED;;;false;;;;false;;;;2026-09-28T00:00:00Z;SEED_BURNS_LEDGER;2026-09-28T00:00:00Z;SEED_BURNS_LEDGER
8b5ac64c-5fb2-5e2b-8487-fc1a688bcbcf;4b78471b-77ab-55bc-9f0f-0bae7a6ba2c8;A320;N652JB;N652JB;2026-09-26;17:15:00;2026-09-26T17:18:44Z;2026-09-26T19:55:18Z;157;;;5312;5582.22;;;5312;270.22;5.09;EXCEEDED;ACARS;;CONFIRMED;;;false;;;;false;;;;2026-09-28T00:00:00Z;SEED_BURNS_LEDGER;2026-09-28T00:00:00Z;SEED_BURNS_LEDGER
f781451c-b2a9-5178-a45b-08e2d81dffa6;d8cf3f26-32fc-5edf-821a-9aa85b0cf8a7;A320;N760JB;N760JB;2026-09-26;16:50:00;2026-09-26T17:18:53Z;2026-09-26T20:04:13Z;165;;;6035;6068.97;;;6035;33.97;0.56;NORMAL;ACARS;;CONFIRMED;;;false;;;;false;;;;2026-09-28T00:00:00Z;SEED_BURNS_LEDGER;2026-09-28T00:00:00Z;SEED_BURNS_LEDGER
d63b851d-f23c-52cf-b1cc-8cfac36391a3;7e4c2f09-790f-5d80-8ba3-de2c90596b35;A321;N944JT;N944JT;2026-09-26;17:10:00;2026-09-26T17:22:28Z;2026-09-26T22:51:05Z;329;;;14464;14135.15;;;14464;-328.85;-2.27;NORMAL;ACARS;;CONFIRMED;;;false;;;;false;;;;2026-09-28T00:00:00Z;SEED_BURNS_LEDGER;2026-09-28T00:00:00Z;SEED_BURNS_LEDGER
af265776-cf4a-555f-be1c-24e78e102229;ee12d93d-3208-58d6-95b3-339cbf31d6fb;A223;N3275J;N3275J;2026-09-26;16:10:00;2026-09-26T17:25:24Z;2026-09-26T20:59:11Z;214;;;6640;6725.07;;;6640;85.07;1.28;NORMAL;ACARS;;CONFIRMED;;;false;;;;false;;;;2026-09-28T00:00:00Z;SEED_BURNS_LEDGER;2026-09-28T00:00:00Z;SEED_BURNS_LEDGER
3800026a-c791-5053-9414-fccef5118a32;610030f8-532e-5815-9859-6d63d45b7a19;A21N;N2156J;N2156J;2026-09-26;17:15:00;2026-09-26T17:28:36Z;2026-09-26T22:59:08Z;331;;;11094;11588.37;;;11094;494.37;4.46;NORMAL;ACARS;;CONFIRMED;;;false;;;;false;;;;2026-09-28T00:00:00Z;SEED_BURNS_LEDGER;2026-09-28T00:00:00Z;SEED_BURNS_LEDGER
b44a7f44-bfe2-504a-8c09-abbf0d3fb5c6;b2fcf768-5141-5b9c-8dfd-115f3e10152d;A320;N508JL;N508JL;2026-09-26;17:25:00;2026-09-26T17:32:26Z;2026-09-26T21:44:49Z;252;;;9860;9266.36;;;9860;-593.64;-6.02;EXCEEDED;ACARS;;CONFIRMED;;;false;;;;false;;;;2026-09-28T00:00:00Z;SEED_BURNS_LEDGER;2026-09-28T00:00:00Z;SEED_BURNS_LEDGER
cde37097-5905-56e2-9842-917f36c9cc95;3a693743-4fba-5004-992a-e6b62283e020;A321;N954JB;N954JB;2026-09-26;17:30:00;2026-09-26T17:35:16Z;2026-09-26T21:29:05Z;234;;;10037;9947.07;;;10037;-89.93;-0.9;NORMAL;ACARS;;CONFIRMED;;;false;;;;false;;;;2026-09-28T00:00:00Z;SEED_BURNS_LEDGER;2026-09-28T00:00:00Z;SEED_BURNS_LEDGER
5c36bece-d3c3-5710-a7f1-868d17f85842;53608b29-c1da-5529-b726-f6f5eeb626fb;A21N;N2193J;N2193J;2026-09-26;17:35:00;2026-09-26T17:41:22Z;2026-09-26T22:53:35Z;312;;;10645;10884.57;;;10645;239.57;2.25;NORMAL;ACARS;;CONFIRMED;;;false;;;;false;;;;2026-09-28T00:00:00Z;SEED_BURNS_LEDGER;2026-09-28T00:00:00Z;SEED_BURNS_LEDGER
65be20d0-f985-57b7-8724-50d178c08bb0;a7cedf18-7447-59fc-9296-097e658c4e05;A320;N645JB;N645JB;2026-09-26;17:35:00;2026-09-26T17:41:40Z;2026-09-26T20:20:02Z;158;;;5525;5756.07;;;5525;231.07;4.18;NORMAL;ACARS;;CONFIRMED;;;false;;;;false;;;;2026-09-28T00:00:00Z;SEED_BURNS_LEDGER;2026-09-28T00:00:00Z;SEED_BURNS_LEDGER
e025d9ee-f90f-5ed6-9181-c33abf846cdf;f1194b9f-7079-5fd5-8f2b-c96b1251a02a;A320;N588JB;N588JB;2026-09-26;17:40:00;2026-09-26T17:46:43Z;2026-09-26T20:16:36Z;150;;;5482;5478.65;;;5482;-3.35;-0.06;NORMAL;ACARS;;CONFIRMED;;;false;;;;false;;;;2026-09-28T00:00:00Z;SEED_BURNS_LEDGER;2026-09-28T00:00:00Z;SEED_BURNS_LEDGER
9ca1a291-8160-57fc-9105-4d0bffdd7cd8;9ccbce33-34ab-500a-80e4-d0288a1cfba2;A320;N775JB;N775JB;2026-09-26;17:40:00;2026-09-26T17:47:25Z;2026-09-26T18:55:38Z;68;;;1870;1837.59;;;1870;-32.41;-1.73;NORMAL;ACARS;;CONFIRMED;;;false;;;;false;;;;2026-09-28T00:00:00Z;SEED_BURNS_LEDGER;2026-09-28T00:00:00Z;SEED_BURNS_LEDGER
b4033260-9701-54ed-8504-2581877b7e59;078f122b-9790-51f8-9024-c8291283f88f;A223;N3307J;N3307J;2026-09-26;17:05:00;2026-09-26T17:48:27Z;2026-09-26T23:22:33Z;334;;;10888;11004.87;;;10888;116.87;1.07;NORMAL;ACARS;;CONFIRMED;;;false;;;;false;;;;2026-09-28T00:00:00Z;SEED_BURNS_LEDGER;2026-09-28T00:00:00Z;SEED_BURNS_LEDGER
854a083e-0ebf-58f1-bded-b1003baabdc0;f5450091-487a-5246-8933-919b4a69adde;A223;N3269J;N3269J;2026-09-26;17:45:00;2026-09-26T17:52:24Z;2026-09-26T19:55:09Z;123;;;2963;3109.04;;;2963;146.04;4.93;NORMAL;ACARS;;CONFIRMED;;;false;;;;false;;;;2026-09-28T00:00:00Z;SEED_BURNS_LEDGER;2026-09-28T00:00:00Z;SEED_BURNS_LEDGER
4daf617c-fab2-5b49-9b81-a1ff234fcc5f;efd8c62d-9dca-5104-a06f-0234026729d2;A320;N527JL;N527JL;2026-09-26;17:45:00;2026-09-26T17:53:01Z;2026-09-26T20:31:24Z;158;;;5865;5647.42;;;5865;-217.58;-3.71;NORMAL;ACARS;;CONFIRMED;;;false;;;;false;;;;2026-09-28T00:00:00Z;SEED_BURNS_LEDGER;2026-09-28T00:00:00Z;SEED_BURNS_LEDGER
0e7bef88-5ac6-5d8a-abd9-fc331c5dc7c2;83c5fcfd-9382-5eb2-be8e-0b4c7a31fa23;A320;N552JB;N552JB;2026-09-26;17:50:00;2026-09-26T17:54:05Z;2026-09-26T20:00:57Z;127;;;4208;4309.83;;;4208;101.83;2.42;NORMAL;ACARS;;CONFIRMED;;;false;;;;false;;;;2026-09-28T00:00:00Z;SEED_BURNS_LEDGER;2026-09-28T00:00:00Z;SEED_BURNS_LEDGER
d71a0fa9-0fe2-5db2-9036-a1d3a29cc1cb;4dc7e195-2986-552a-9239-f183fd9307ff;A320;N612JB;N612JB;2026-09-26;17:45:00;2026-09-26T17:56:07Z;2026-09-26T19:50:38Z;115;;;3825;3877.89;;;3825;52.89;1.38;NORMAL;ACARS;;CONFIRMED;;;false;;;;false;;;;2026-09-28T00:00:00Z;SEED_BURNS_LEDGER;2026-09-28T00:00:00Z;SEED_BURNS_LEDGER
d0912b90-cea8-50cb-82ae-bea6a54f32f9;e3cd0959-00df-51a6-beab-0e0787e03fe3;A223;N3149J;N3149J;2026-09-26;17:50:00;2026-09-26T17:56:31Z;2026-09-26T19:39:35Z;103;;;2749;2674.91;;;2749;-74.09;-2.7;NORMAL;ACARS;;CONFIRMED;;;false;;;;false;;;;2026-09-28T00:00:00Z;SEED_BURNS_LEDGER;2026-09-28T00:00:00Z;SEED_BURNS_LEDGER
1946418e-4a3d-55c3-91dd-019a60b7f4a6;2852a3b7-f65c-5fba-9cc8-1403cb4a1deb;A223;N3271J;N3271J;2026-09-26;17:50:00;2026-09-26T17:57:16Z;2026-09-26T20:13:19Z;136;;;3677;3577.85;;;3677;-99.15;-2.7;NORMAL;ACARS;;CONFIRMED;;;false;;;;false;;;;2026-09-28T00:00:00Z;SEED_BURNS_LEDGER;2026-09-28T00:00:00Z;SEED_BURNS_LEDGER
e4c2dcaf-9475-5136-aedd-8200204c1822;ee77a948-d7e8-5d83-9821-420e3d932636;A320;N579JB;N579JB;2026-09-26;18:00:00;2026-09-26T18:03:22Z;2026-09-26T20:44:51Z;161;;;5695;5732.98;;;5695;37.98;0.67;NORMAL;ACARS;;CONFIRMED;;;false;;;;false;;;;2026-09-28T00:00:00Z;SEED_BURNS_LEDGER;2026-09-28T00:00:00Z;SEED_BURNS_LEDGER
8e2f3ff3-b1d5-5bd7-ae84-71d54bedf13c;e9f32731-802d-55a0-908d-b8f918905b03;A321;N964JT;N964JT;2026-09-26;17:55:00;2026-09-26T18:03:23Z;2026-09-27T00:01:08Z;358;;;15225;16058.55;;;15225;833.55;5.47;EXCEEDED;ACARS;;CONFIRMED;;;false;;;;false;;;;2026-09-28T00:00:00Z;SEED_BURNS_LEDGER;2026-09-28T00:00:00Z;SEED_BURNS_LEDGER
55eb3185-3e04-5b6d-a2aa-4f6383bbb90b;691454ac-4aa6-5f68-bd8b-c42cbfa91c41;A320;N784JB;N784JB;2026-09-26;17:10:00;2026-09-26T18:04:16Z;2026-09-26T20:37:55Z;154;;;5440;5348.47;;;5440;-91.53;-1.68;NORMAL;ACARS;;CONFIRMED;;;false;;;;false;;;;2026-09-28T00:00:00Z;SEED_BURNS_LEDGER;2026-09-28T00:00:00Z;SEED_BURNS_LEDGER
3bca5be1-e823-5c5c-a17d-3f43ecc28429;c82596ac-1a0e-5fbe-8421-b79addf44a22;A320;N804JB;N804JB;2026-09-26;18:05:00;2026-09-26T18:08:20Z;2026-09-26T22:38:29Z;270;;;10880;10513.89;;;10880;-366.11;-3.36;NORMAL;ACARS;;CONFIRMED;;;false;;;;false;;;;2026-09-28T00:00:00Z;SEED_BURNS_LEDGER;2026-09-28T00:00:00Z;SEED_BURNS_LEDGER
81eee0fe-73d8-58ca-a407-bf9aac4dbf8e;7d550795-3e7c-54b7-b151-d9885634f80c;A21N;N2084J;N2084J;2026-09-26;18:00:00;2026-09-26T18:09:05Z;2026-09-26T21:02:07Z;173;;;5596;5520.53;;;5596;-75.47;-1.35;NORMAL;ACARS;;CONFIRMED;;;false;;;;false;;;;2026-09-28T00:00:00Z;SEED_BURNS_LEDGER;2026-09-28T00:00:00Z;SEED_BURNS_LEDGER
f1f58af5-1d4d-5ceb-88a2-d0a26d465899;30083e5d-d9e2-5136-a441-6ed80fff431b;A320;N663JB;N663JB;2026-09-26;18:05:00;2026-09-26T18:09:36Z;2026-09-26T22:13:24Z;244;;;9265;8974.39;;;9265;-290.61;-3.14;NORMAL;ACARS;;CONFIRMED;;;false;;;;false;;;;2026-09-28T00:00:00Z;SEED_BURNS_LEDGER;2026-09-28T00:00:00Z;SEED_BURNS_LEDGER
d12fe0b2-31fa-5670-87b9-a3cef3fcfc33;c7365568-b718-529f-b5c8-74ef8a0ffabd;A320;N605JB;N605JB;2026-09-26;18:00:00;2026-09-26T18:11:54Z;2026-09-26T20:47:51Z;156;;;5270;5512.45;;;5270;242.45;4.6;NORMAL;ACARS;;CONFIRMED;;;false;;;;false;;;;2026-09-28T00:00:00Z;SEED_BURNS_LEDGER;2026-09-28T00:00:00Z;SEED_BURNS_LEDGER
fe675b7a-2395-533f-a5f4-efd118faa38d;ef141431-4bf8-5f54-adcf-008fd5bba36c;A223;N3189J;N3189J;2026-09-26;18:05:00;2026-09-26T18:13:04Z;2026-09-26T20:41:43Z;149;;;3927;4156.55;;;3927;229.55;5.85;EXCEEDED;ACARS;;CONFIRMED;;;false;;;;false;;;;2026-09-28T00:00:00Z;SEED_BURNS_LEDGER;2026-09-28T00:00:00Z;SEED_BURNS_LEDGER
b42ab1f2-8b51-51a7-8c2b-ce1955bd70a8;278e0383-ad6e-5e4a-98ce-d064dab22762;A321;N959JB;N959JB;2026-09-26;18:10:00;2026-09-26T18:18:20Z;2026-09-26T21:02:07Z;164;;;6229;6285.2;;;6229;56.2;0.9;NORMAL;ACARS;;CONFIRMED;;;false;;;;false;;;;2026-09-28T00:00:00Z;SEED_BURNS_LEDGER;2026-09-28T00:00:00Z;SEED_BURNS_LEDGER
18d4ca08-217a-58b2-8485-f9ff3a5bfb45;5a147a4e-2b65-5a18-9314-c97d3c15991e;A320;N640JB;N640JB;2026-09-26;18:10:00;2026-09-26T18:21:57Z;2026-09-26T21:21:07Z;179;;;6162;6406.97;;;6162;244.97;3.98;NORMAL;ACARS;;CONFIRMED;;;false;;;;false;;;;2026-09-28T00:00:00Z;SEED_BURNS_LEDGER;2026-09-28T00:00:00Z;SEED_BURNS_LEDGER
5fe41a63-0b8f-5871-9eec-d89e2893b3a2;71f416fe-e59a-55ff-8f23-3e6b146c9d51;A321;N961JT;N961JT;2026-09-26;18:25:00;2026-09-26T18:25:53Z;2026-09-26T22:58:38Z;273;;;11750;11845.12;;;11750;95.12;0.81;NORMAL;ACARS;;CONFIRMED;;;false;;;;false;;;;2026-09-28T00:00:00Z;SEED_BURNS_LEDGER;2026-09-28T00:00:00Z;SEED_BURNS_LEDGER
ea25f642-fb8b-5d64-82e7-f6c56d52f87b;9070b65e-5fc7-502a-8b14-fa90352e7abc;A321;N995JL;N995JL;2026-09-26;17:10:00;2026-09-26T18:26:51Z;2026-09-26T21:38:20Z;191;;;8085;7928.36;;;8085;-156.64;-1.94;NORMAL;ACARS;;CONFIRMED;;;false;;;;false;;;;2026-09-28T00:00:00Z;SEED_BURNS_LEDGER;2026-09-28T00:00:00Z;SEED_BURNS_LEDGER
0ed6bd4b-afd5-5ae8-80dc-9bffd99084cd;d8979bd4-97be-5a6d-9294-88014e439b61;A321;N950JT;N950JT;2026-09-26;18:15:00;2026-09-26T18:28:13Z;2026-09-26T21:17:08Z;169;;;6562;7086.48;;;6562;524.48;7.99;EXCEEDED;ACARS;;CONFIRMED;;;false;;;;false;;;;2026-09-28T00:00:00Z;SEED_BURNS_LEDGER;2026-09-28T00:00:00Z;SEED_BURNS_LEDGER
346287d9-f13f-536b-befc-1ff397ecff75;21258ecb-c057-55e4-9bf4-2e38a9c880ad;A321;N994JL;N994JL;2026-09-26;18:20:00;2026-09-26T18:29:02Z;2026-09-26T21:30:26Z;181;;;7086;7086;;;7086;0;0;NORMAL;ACARS;;CONFIRMED;;;false;;;;false;;;;2026-09-28T00:00:00Z;SEED_BURNS_LEDGER;2026-09-28T00:00:00Z;SEED_BURNS_LEDGER
09c2eb53-8fd9-5b42-85a3-b8ffeef78e0c;1418fd74-e556-5f78-bb78-7ad99302570f;A320;N595JB;N595JB;2026-09-26;18:25:00;2026-09-26T18:29:32Z;2026-09-26T21:11:59Z;162;;;5908;5735.98;;;5908;-172.02;-2.91;NORMAL;ACARS;;CONFIRMED;;;false;;;;false;;;;2026-09-28T00:00:00Z;SEED_BURNS_LEDGER;2026-09-28T00:00:00Z;SEED_BURNS_LEDGER
5a3c91c9-4b68-5e4d-a270-50980f6fe274;fd9d1cf8-1bf3-5368-9171-fe33d89f0287;A320;N603JB;N603JB;2026-09-26;18:30:00;2026-09-26T18:33:56Z;2026-09-26T20:33:42Z;120;;;3740;3995.52;;;3740;255.52;6.83;EXCEEDED;ACARS;;CONFIRMED;;;false;;;;false;;;;2026-09-28T00:00:00Z;SEED_BURNS_LEDGER;2026-09-28T00:00:00Z;SEED_BURNS_LEDGER
810e743f-3132-54bc-8fef-9522f95b3be3;6c44f56a-2799-5647-bef0-2d82c2c8dbbb;A223;N3113J;N3113J;2026-09-26;18:25:00;2026-09-26T18:35:40Z;2026-09-26T20:53:45Z;138;;;4106;4124.34;;;4106;18.34;0.45;NORMAL;ACARS;;CONFIRMED;;;false;;;;false;;;;2026-09-28T00:00:00Z;SEED_BURNS_LEDGER;2026-09-28T00:00:00Z;SEED_BURNS_LEDGER
98b09c27-bf7b-531d-836c-55271a42cecb;9a87a360-16ce-5ae5-83df-7faf0fa70b23;A320;N794JB;N794JB;2026-09-26;18:25:00;2026-09-26T18:38:28Z;2026-09-26T21:14:13Z;156;;;5440;5751.37;;;5440;311.37;5.72;EXCEEDED;ACARS;;CONFIRMED;;;false;;;;false;;;;2026-09-28T00:00:00Z;SEED_BURNS_LEDGER;2026-09-28T00:00:00Z;SEED_BURNS_LEDGER
5895bb6c-bce4-5218-a596-38f3b1e97a0f;63b9ee49-bc94-5b44-a0a3-f4292c01e54a;A223;N3132J;N3132J;2026-09-26;18:35:00;2026-09-26T18:39:55Z;2026-09-26T22:54:18Z;254;;;7711;8098.35;;;7711;387.35;5.02;EXCEEDED;ACARS;;CONFIRMED;;;false;;;;false;;;;2026-09-28T00:00:00Z;SEED_BURNS_LEDGER;2026-09-28T00:00:00Z;SEED_BURNS_LEDGER
e0473ec2-8007-53be-bcbe-c9caed6813f6;572a75dd-ea66-58b1-baf4-baf3c81ba234;A321;N955JB;N955JB;2026-09-26;17:25:00;2026-09-26T18:40:45Z;2026-09-26T21:15:42Z;155;;;6514;6191.95;;;6514;-322.05;-4.94;NORMAL;ACARS;;CONFIRMED;;;false;;;;false;;;;2026-09-28T00:00:00Z;SEED_BURNS_LEDGER;2026-09-28T00:00:00Z;SEED_BURNS_LEDGER
926dbbb2-f855-5de6-81a3-42f5dcbe9367;2f2f388d-38e9-5f95-9629-bf1cf087e521;A223;N3121J;N3121J;2026-09-26;18:35:00;2026-09-26T18:41:51Z;2026-09-26T21:49:40Z;188;;;5748;5600.81;;;5748;-147.19;-2.56;NORMAL;ACARS;;CONFIRMED;;;false;;;;false;;;;2026-09-28T00:00:00Z;SEED_BURNS_LEDGER;2026-09-28T00:00:00Z;SEED_BURNS_LEDGER
98b21e0d-25d2-555d-bacb-f8c1632056e7;731e9d56-6c28-56c7-9189-ec1269fe74f0;A320;N537JT;N537JT;2026-09-26;18:35:00;2026-09-26T18:42:20Z;2026-09-26T20:28:09Z;106;;;3102;3191.43;;;3102;89.43;2.88;NORMAL;ACARS;;CONFIRMED;;;false;;;;false;;;;2026-09-28T00:00:00Z;SEED_BURNS_LEDGER;2026-09-28T00:00:00Z;SEED_BURNS_LEDGER
081f71a0-f1b7-51dc-885f-b2293acddf0f;f3487abc-bf50-5ef9-8b42-10f82e319bc5;A320;N564JB;N564JB;2026-09-26;18:45:00;2026-09-26T18:47:57Z;2026-09-26T21:28:26Z;160;;;5865;5538.76;;;5865;-326.24;-5.56;EXCEEDED;ACARS;;CONFIRMED;;;false;;;;false;;;;2026-09-28T00:00:00Z;SEED_BURNS_LEDGER;2026-09-28T00:00:00Z;SEED_BURNS_LEDGER
cf338e8e-b2e3-5442-8c1b-1f3cffae632d;4137bdaa-a1c2-5112-b203-f344a7299644;A223;N3152J;N3152J;2026-09-26;18:30:00;2026-09-26T18:50:17Z;2026-09-26T21:31:51Z;162;;;4320;4623.21;;;4320;303.21;7.02;EXCEEDED;ACARS;;CONFIRMED;;;false;;;;false;;;;2026-09-28T00:00:00Z;SEED_BURNS_LEDGER;2026-09-28T00:00:00Z;SEED_BURNS_LEDGER
43e4fd6f-81c6-502e-b1a7-066249fe649e;1e6a4c1d-fcd4-56e8-b6bd-d590e7d4f2c1;A320;N608JB;N608JB;2026-09-26;18:45:00;2026-09-26T18:51:41Z;2026-09-26T23:45:51Z;294;;;11518;11329.74;;;11518;-188.26;-1.63;NORMAL;ACARS;;CONFIRMED;;;false;;;;false;;;;2026-09-28T00:00:00Z;SEED_BURNS_LEDGER;2026-09-28T00:00:00Z;SEED_BURNS_LEDGER
e041ef96-8757-5d3a-a47f-643fadd4d75c;d57d84a2-7b68-5124-a3e4-826ef000d26b;A321;N935JB;N935JB;2026-09-26;18:45:00;2026-09-26T18:57:31Z;2026-09-26T23:54:15Z;297;;;12893;12895.7;;;12893;2.7;0.02;NORMAL;ACARS;;CONFIRMED;;;false;;;;false;;;;2026-09-28T00:00:00Z;SEED_BURNS_LEDGER;2026-09-28T00:00:00Z;SEED_BURNS_LEDGER
79899496-8b1c-5692-9c78-64e03089ffd9;08fccd9c-32b0-5572-9e4d-82bb47e48404;A21N;N2016J;N2016J;2026-09-26;17:40:00;2026-09-26T19:04:58Z;2026-09-26T21:37:54Z;153;;;4811;4836.93;;;4811;25.93;0.54;NORMAL;ACARS;;CONFIRMED;;;false;;;;false;;;;2026-09-28T00:00:00Z;SEED_BURNS_LEDGER;2026-09-28T00:00:00Z;SEED_BURNS_LEDGER
4ac2efce-b500-58d2-8cbb-ea740a5bcb3c;6a875e57-7edf-5110-b6ac-76b18a48eb61;A320;N592JB;N592JB;2026-09-26;17:35:00;2026-09-26T19:08:30Z;2026-09-26T21:42:02Z;154;;;5482;5320.01;;;5482;-161.99;-2.95;NORMAL;ACARS;;CONFIRMED;;;false;;;;false;;;;2026-09-28T00:00:00Z;SEED_BURNS_LEDGER;2026-09-28T00:00:00Z;SEED_BURNS_LEDGER
d35a95a6-8422-542b-8123-1385a1f62334;65e3b919-49d4-525b-b24f-67b0177bd0a9;A320;N805JB;N805JB;2026-09-26;19:00:00;2026-09-26T19:11:22Z;2026-09-26T21:28:18Z;137;;;4888;4641.84;;;4888;-246.16;-5.04;EXCEEDED;ACARS;;CONFIRMED;;;false;;;;false;;;;2026-09-28T00:00:00Z;SEED_BURNS_LEDGER;2026-09-28T00:00:00Z;SEED_BURNS_LEDGER
05a7f739-c50b-59fb-83bc-222c4c46672f;6dbd328f-2023-5b69-b377-fec92c6b467b;A223;N3185J;N3185J;2026-09-26;19:10:00;2026-09-26T19:11:50Z;2026-09-26T21:33:44Z;142;;;4141;4134.35;;;4141;-6.65;-0.16;NORMAL;ACARS;;CONFIRMED;;;false;;;;false;;;;2026-09-28T00:00:00Z;SEED_BURNS_LEDGER;2026-09-28T00:00:00Z;SEED_BURNS_LEDGER
df182901-a5f9-5ca4-a471-4838e128c62f;65c19364-640d-5520-97a2-22e9cfd0655e;A320;N613JB;N613JB;2026-09-26;19:10:00;2026-09-26T19:12:30Z;2026-09-26T21:07:07Z;115;;;3995;3968.66;;;3995;-26.34;-0.66;NORMAL;ACARS;;CONFIRMED;;;false;;;;false;;;;2026-09-28T00:00:00Z;SEED_BURNS_LEDGER;2026-09-28T00:00:00Z;SEED_BURNS_LEDGER
2f5220d8-a004-5a07-8e9e-abcb6635e736;e8c0d519-d236-52d2-ac58-ce4b82510058;A321;N965JT;N965JT;2026-09-26;19:05:00;2026-09-26T19:13:05Z;2026-09-26T22:00:20Z;167;;;6562;6531.61;;;6562;-30.39;-0.46;NORMAL;ACARS;;CONFIRMED;;;false;;;;false;;;;2026-09-28T00:00:00Z;SEED_BURNS_LEDGER;2026-09-28T00:00:00Z;SEED_BURNS_LEDGER
647d47ab-0e9c-522a-86f9-62f1c4b38bf3;7aca55b4-82d1-55bd-92ba-dc7187d2d330;A320;N633JB;N633JB;2026-09-26;19:10:00;2026-09-26T19:16:20Z;2026-09-26T20:22:11Z;66;;;1785;1794.3;;;1785;9.3;0.52;NORMAL;ACARS;;CONFIRMED;;;false;;;;false;;;;2026-09-28T00:00:00Z;SEED_BURNS_LEDGER;2026-09-28T00:00:00Z;SEED_BURNS_LEDGER
b1c476bb-2430-5ce4-a603-6c1fc22e6dc4;c9b77cbf-0dc8-543e-bc30-23e14a236a0a;A321;N996JL;N996JL;2026-09-26;19:15:00;2026-09-26T19:20:15Z;2026-09-26T22:17:42Z;177;;;7466;7118.19;;;7466;-347.81;-4.66;NORMAL;ACARS;;CONFIRMED;;;false;;;;false;;;;2026-09-28T00:00:00Z;SEED_BURNS_LEDGER;2026-09-28T00:00:00Z;SEED_BURNS_LEDGER
4c1c408a-57f2-5baa-b6c1-c170dd58507a;83a6138d-168c-50e9-a026-2da14bd98497;A223;N3065J;N3065J;2026-09-26;19:20:00;2026-09-26T19:25:42Z;2026-09-27T00:06:52Z;281;;;8711;8852.98;;;8711;141.98;1.63;NORMAL;ACARS;;CONFIRMED;;;false;;;;false;;;;2026-09-28T00:00:00Z;SEED_BURNS_LEDGER;2026-09-28T00:00:00Z;SEED_BURNS_LEDGER
23cc8400-159c-5d87-9462-a0fb752e3569;e7fb3a96-4db7-5151-87fe-ac75f6fd4d08;A320;N520JB;N520JB;2026-09-26;19:20:00;2026-09-26T19:28:08Z;2026-09-26T22:18:07Z;170;;;6078;5826.32;;;6078;-251.68;-4.14;NORMAL;ACARS;;CONFIRMED;;;false;;;;false;;;;2026-09-28T00:00:00Z;SEED_BURNS_LEDGER;2026-09-28T00:00:00Z;SEED_BURNS_LEDGER
18557640-edfa-5a93-ba16-edac3cd074fb;6faaba03-3960-5a58-9931-0083fd080ea4;A320;N524JB;N524JB;2026-09-26;19:20:00;2026-09-26T19:29:26Z;2026-09-26T22:17:52Z;168;;;5865;5867.04;;;5865;2.04;0.03;NORMAL;ACARS;;CONFIRMED;;;false;;;;false;;;;2026-09-28T00:00:00Z;SEED_BURNS_LEDGER;2026-09-28T00:00:00Z;SEED_BURNS_LEDGER
96c30a6d-811e-54d5-81a4-402dbc6d0634;b98e4135-e3f6-5021-8ba1-c862f5904f8f;A21N;N2048J;N2048J;2026-09-26;19:30:00;2026-09-26T19:30:17Z;2026-09-26T21:45:28Z;135;;;4063;3966.52;;;4063;-96.48;-2.37;NORMAL;ACARS;;CONFIRMED;;;false;;;;false;;;;2026-09-28T00:00:00Z;SEED_BURNS_LEDGER;2026-09-28T00:00:00Z;SEED_BURNS_LEDGER
aa691ffa-3b7f-5d88-86e9-c811399a6675;c5112f6b-f92c-5240-b384-6673fa290e8d;A223;N3255J;N3255J;2026-09-26;19:30:00;2026-09-26T19:39:18Z;2026-09-26T23:02:48Z;203;;;6140;6195.4;;;6140;55.4;0.9;NORMAL;ACARS;;CONFIRMED;;;false;;;;false;;;;2026-09-28T00:00:00Z;SEED_BURNS_LEDGER;2026-09-28T00:00:00Z;SEED_BURNS_LEDGER
7798884f-7d00-5c17-8c29-b2c53064c4ae;b5f6ec76-c1c1-50c9-9cea-1512d8cbecdc;A223;N3115J;N3115J;2026-09-26;18:35:00;2026-09-26T19:43:03Z;2026-09-26T22:12:59Z;150;;;4427;4376.58;;;4427;-50.42;-1.14;NORMAL;ACARS;;CONFIRMED;;;false;;;;false;;;;2026-09-28T00:00:00Z;SEED_BURNS_LEDGER;2026-09-28T00:00:00Z;SEED_BURNS_LEDGER
cf3bb3ea-cb6f-5cae-b9c1-8bd019de52ec;7e1d8820-6cee-5bcd-ab06-f546b30f4f4a;A223;N3293J;N3293J;2026-09-26;19:40:00;2026-09-26T19:43:21Z;2026-09-26T21:20:17Z;97;;;2285;2404.1;;;2285;119.1;5.21;EXCEEDED;ACARS;;CONFIRMED;;;false;;;;false;;;;2026-09-28T00:00:00Z;SEED_BURNS_LEDGER;2026-09-28T00:00:00Z;SEED_BURNS_LEDGER
3cf296ae-7f37-5af6-a91b-8fb3e9f75f4a;3a78663d-575c-5e7c-9755-3d565c758558;A223;N3085J;N3085J;2026-09-26;19:45:00;2026-09-26T19:46:15Z;2026-09-26T21:55:50Z;130;;;3249;3416.88;;;3249;167.88;5.17;EXCEEDED;ACARS;;CONFIRMED;;;false;;;;false;;;;2026-09-28T00:00:00Z;SEED_BURNS_LEDGER;2026-09-28T00:00:00Z;SEED_BURNS_LEDGER
273b2bcb-24b4-528e-8544-49082882d603;ac3c0fcd-3599-5409-be2a-90d42d2987ce;A320;N655JB;N655JB;2026-09-26;19:35:00;2026-09-26T19:46:44Z;2026-09-26T22:32:01Z;165;;;6332;6020.73;;;6332;-311.27;-4.92;NORMAL;ACARS;;CONFIRMED;;;false;;;;false;;;;2026-09-28T00:00:00Z;SEED_BURNS_LEDGER;2026-09-28T00:00:00Z;SEED_BURNS_LEDGER
4f5b68b2-5f9d-52d1-91ea-90f69ff9eb60;10191690-1c59-5b08-b7b5-d416658d7044;A320;N531JL;N531JL;2026-09-26;19:45:00;2026-09-26T19:47:08Z;2026-09-26T22:20:37Z;153;;;5185;5254.65;;;5185;69.65;1.34;NORMAL;ACARS;;CONFIRMED;;;false;;;;false;;;;2026-09-28T00:00:00Z;SEED_BURNS_LEDGER;2026-09-28T00:00:00Z;SEED_BURNS_LEDGER
a5dfc6d8-381d-5398-af46-1392d150fe82;252de8d8-d7ca-5ad8-9c93-2d81e47c79d9;A320;N623JB;N623JB;2026-09-26;19:35:00;2026-09-26T19:47:25Z;2026-09-26T22:46:37Z;179;;;6502;6481.93;;;6502;-20.07;-0.31;NORMAL;ACARS;;CONFIRMED;;;false;;;;false;;;;2026-09-28T00:00:00Z;SEED_BURNS_LEDGER;2026-09-28T00:00:00Z;SEED_BURNS_LEDGER
37049b75-465b-5434-b5e2-f317ce584543;04fd18c7-6646-5174-bbd1-d75b7b086831;A21N;N2038J;N2038J;2026-09-26;19:35:00;2026-09-26T19:47:26Z;2026-09-26T23:49:32Z;242;;;7953;7710.44;;;7953;-242.56;-3.05;NORMAL;ACARS;;CONFIRMED;;;false;;;;false;;;;2026-09-28T00:00:00Z;SEED_BURNS_LEDGER;2026-09-28T00:00:00Z;SEED_BURNS_LEDGER
2eddc059-722a-544f-803b-5139fd4ac6d5;0159ada2-70b2-5188-9f58-585e51d9873e;A223;N3280J;N3280J;2026-09-26;19:25:00;2026-09-26T19:48:38Z;2026-09-26T22:11:37Z;143;;;4034;4186.34;;;4034;152.34;3.78;NORMAL;ACARS;;CONFIRMED;;;false;;;;false;;;;2026-09-28T00:00:00Z;SEED_BURNS_LEDGER;2026-09-28T00:00:00Z;SEED_BURNS_LEDGER
91ce97e3-f543-5aa9-b321-698e809e4b2c;65117dcf-11bd-5314-80a8-ce2d95a00382;A223;N3251J;N3251J;2026-09-26;19:30:00;2026-09-26T19:50:43Z;2026-09-26T21:04:25Z;74;;;1285;1335.18;;;1285;50.18;3.91;NORMAL;ACARS;;CONFIRMED;;;false;;;;false;;;;2026-09-28T00:00:00Z;SEED_BURNS_LEDGER;2026-09-28T00:00:00Z;SEED_BURNS_LEDGER
59cee68f-e380-535c-8ed0-5798ab5f1379;18daaf44-0ce8-55b1-9653-a74e7064c180;A320;N566JB;N566JB;2026-09-26;19:45:00;2026-09-26T19:51:19Z;2026-09-26T22:33:51Z;163;;;5780;5921.95;;;5780;141.95;2.46;NORMAL;ACARS;;CONFIRMED;;;false;;;;false;;;;2026-09-28T00:00:00Z;SEED_BURNS_LEDGER;2026-09-28T00:00:00Z;SEED_BURNS_LEDGER
fff08d87-f22e-5086-bef0-348deaabe615;94df6c75-22d9-5f97-9dcb-c09002d17363;A223;N3322J;N3322J;2026-09-26;19:50:00;2026-09-26T19:54:17Z;2026-09-26T21:32:08Z;98;;;2106;2272.9;;;2106;166.9;7.92;EXCEEDED;ACARS;;CONFIRMED;;;false;;;;false;;;;2026-09-28T00:00:00Z;SEED_BURNS_LEDGER;2026-09-28T00:00:00Z;SEED_BURNS_LEDGER
06636587-68a6-5d60-b1e1-b1c3b0ba825c;f6e1b71b-ad4d-5b63-a3c9-99df0105025c;A320;N712JB;N712JB;2026-09-26;19:50:00;2026-09-26T19:55:30Z;2026-09-26T22:34:15Z;159;;;5780;5769.99;;;5780;-10.01;-0.17;NORMAL;ACARS;;CONFIRMED;;;false;;;;false;;;;2026-09-28T00:00:00Z;SEED_BURNS_LEDGER;2026-09-28T00:00:00Z;SEED_BURNS_LEDGER
35f90c94-1f8a-558d-ba46-2f282ab4db51;39349b58-87f6-5e8e-89d2-eeacd765d021;A223;N3304J;N3304J;2026-09-26;19:55:00;2026-09-26T19:58:19Z;2026-09-26T22:10:09Z;132;;;3748;3545.6;;;3748;-202.4;-5.4;EXCEEDED;ACARS;;CONFIRMED;;;false;;;;false;;;;2026-09-28T00:00:00Z;SEED_BURNS_LEDGER;2026-09-28T00:00:00Z;SEED_BURNS_LEDGER
5f8a3fef-59cf-5345-9fd4-1587dab9a090;fb28800a-cbd9-5d85-8fac-c8a5faaca14d;A320;N806JB;N806JB;2026-09-26;19:55:00;2026-09-26T19:59:10Z;2026-09-26T23:05:04Z;186;;;6885;6761.9;;;6885;-123.1;-1.79;NORMAL;ACARS;;CONFIRMED;;;false;;;;false;;;;2026-09-28T00:00:00Z;SEED_BURNS_LEDGER;2026-09-28T00:00:00Z;SEED_BURNS_LEDGER
eb144796-0241-51c6-a879-49384d83e28e;236bb2ef-8ecf-52fe-8fe8-b401e68cabd9;A223;N3240J;N3240J;2026-09-26;20:00:00;2026-09-26T20:05:20Z;2026-09-26T21:34:46Z;89;;;2106;2281.16;;;2106;175.16;8.32;EXCEEDED;ACARS;;CONFIRMED;;;false;;;;false;;;;2026-09-28T00:00:00Z;SEED_BURNS_LEDGER;2026-09-28T00:00:00Z;SEED_BURNS_LEDGER
04bbf1de-9252-503c-9c3f-d0cad9e8bf5c;abb31484-6c79-58ac-ac30-44479337148c;A320;N793JB;N793JB;2026-09-26;19:55:00;2026-09-26T20:08:40Z;2026-09-26T22:01:51Z;113;;;3655;3735.84;;;3655;80.84;2.21;NORMAL;ACARS;;CONFIRMED;;;false;;;;false;;;;2026-09-28T00:00:00Z;SEED_BURNS_LEDGER;2026-09-28T00:00:00Z;SEED_BURNS_LEDGER
ebaf2f18-5a86-5fc3-b393-931bc627c694;ed3ef4e4-37b7-5579-8f2b-ac90dfb15f39;A320;N615JB;N615JB;2026-09-26;20:10:00;2026-09-26T20:15:02Z;2026-09-26T21:27:17Z;72;;;1870;1947.45;;;1870;77.45;4.14;NORMAL;ACARS;;CONFIRMED;;;false;;;;false;;;;2026-09-28T00:00:00Z;SEED_BURNS_LEDGER;2026-09-28T00:00:00Z;SEED_BURNS_LEDGER
8d443b5d-ee76-529e-8ee9-e127abf3111a;9aa84ee9-92d5-5022-9d08-5751cd48ac11;A223;N3139J;N3139J;2026-09-26;20:15:00;2026-09-26T20:22:59Z;2026-09-26T22:05:50Z;103;;;2320;2482.2;;;2320;162.2;6.99;EXCEEDED;ACARS;;CONFIRMED;;;false;;;;false;;;;2026-09-28T00:00:00Z;SEED_BURNS_LEDGER;2026-09-28T00:00:00Z;SEED_BURNS_LEDGER
7adb1460-9463-5125-8c6c-7b1ec08d3e79;40bf1275-7385-5a37-b586-b6dd9b33b0ea;A223;N3112J;N3112J;2026-09-26;20:10:00;2026-09-26T20:29:11Z;2026-09-26T22:15:52Z;107;;;2535;2639.2;;;2535;104.2;4.11;NORMAL;ACARS;;CONFIRMED;;;false;;;;false;;;;2026-09-28T00:00:00Z;SEED_BURNS_LEDGER;2026-09-28T00:00:00Z;SEED_BURNS_LEDGER
32e31062-71ff-52f2-a65b-18a817061a14;25daff86-8d18-55f4-b322-a0969e3cf067;A320;N627JB;N627JB;2026-09-26;20:25:00;2026-09-26T20:31:16Z;2026-09-26T23:04:25Z;153;;;5270;5398.7;;;5270;128.7;2.44;NORMAL;ACARS;;CONFIRMED;;;false;;;;false;;;;2026-09-28T00:00:00Z;SEED_BURNS_LEDGER;2026-09-28T00:00:00Z;SEED_BURNS_LEDGER
12de87ae-7b68-5350-b482-d8eed5bd3b9d;1a9c2194-c2dd-5af5-837a-9131bfc497a1;A320;N580JB;N580JB;2026-09-26;20:30:00;2026-09-26T20:31:25Z;2026-09-26T23:01:18Z;150;;;4972;5179.05;;;4972;207.05;4.16;NORMAL;ACARS;;CONFIRMED;;;false;;;;false;;;;2026-09-28T00:00:00Z;SEED_BURNS_LEDGER;2026-09-28T00:00:00Z;SEED_BURNS_LEDGER
3409e17a-2ed8-5a2a-b831-db6892aac740;cd498501-b68d-56a0-854d-8388ad5e4907;A320;N775JB;N775JB;2026-09-26;20:25:00;2026-09-26T20:32:59Z;2026-09-26T22:08:15Z;95;;;3018;3075.51;;;3018;57.51;1.91;NORMAL;ACARS;;CONFIRMED;;;false;;;;false;;;;2026-09-28T00:00:00Z;SEED_BURNS_LEDGER;2026-09-28T00:00:00Z;SEED_BURNS_LEDGER
f8da6621-db02-5c29-be77-762e6c9a8222;887de6e5-59f9-5c93-843b-939205a04f07;A321;N973JT;N973JT;2026-09-26;20:25:00;2026-09-26T20:33:42Z;2026-09-26T23:30:36Z;177;;;7181;6738.22;;;7181;-442.78;-6.17;EXCEEDED;ACARS;;CONFIRMED;;;false;;;;false;;;;2026-09-28T00:00:00Z;SEED_BURNS_LEDGER;2026-09-28T00:00:00Z;SEED_BURNS_LEDGER
4af8e500-9fc5-5563-a2ea-4eba46d024ee;84ec082f-8bdd-5604-a6cf-b407828c709e;A223;N3123J;N3123J;2026-09-26;20:25:00;2026-09-26T20:33:51Z;2026-09-26T22:40:59Z;127;;;3249;3375.48;;;3249;126.48;3.89;NORMAL;ACARS;;CONFIRMED;;;false;;;;false;;;;2026-09-28T00:00:00Z;SEED_BURNS_LEDGER;2026-09-28T00:00:00Z;SEED_BURNS_LEDGER
4edbeb3b-8101-5e8c-ac18-4c398f08d8d0;c2cb2306-69e8-50d7-b315-b2b50b85d4ea;A223;N3241J;N3241J;2026-09-26;19:25:00;2026-09-26T20:36:20Z;2026-09-26T22:05:32Z;89;;;1964;2016.59;;;1964;52.59;2.68;NORMAL;ACARS;;CONFIRMED;;;false;;;;false;;;;2026-09-28T00:00:00Z;SEED_BURNS_LEDGER;2026-09-28T00:00:00Z;SEED_BURNS_LEDGER
0ad09d19-f36f-541a-8e31-1900a579720a;7148e9f5-0c4a-5392-96f4-e20dab9588b6;A223;N3196J;N3196J;2026-09-26;20:25:00;2026-09-26T20:36:21Z;2026-09-26T22:15:12Z;99;;;2213;2214.01;;;2213;1.01;0.05;NORMAL;ACARS;;CONFIRMED;;;false;;;;false;;;;2026-09-28T00:00:00Z;SEED_BURNS_LEDGER;2026-09-28T00:00:00Z;SEED_BURNS_LEDGER
6f3d5aaa-456f-5e17-8860-3e4254357825;0b590b84-3cd1-5ae5-b668-6d1d60ec729f;A320;N559JB;N559JB;2026-09-26;20:35:00;2026-09-26T20:39:02Z;2026-09-26T23:25:24Z;166;;;5992;6117.25;;;5992;125.25;2.09;NORMAL;ACARS;;CONFIRMED;;;false;;;;false;;;;2026-09-28T00:00:00Z;SEED_BURNS_LEDGER;2026-09-28T00:00:00Z;SEED_BURNS_LEDGER
e74ec99c-bc50-5d2d-a5ca-a9e8e85cda32;1793a1db-83a9-55bd-89bd-0480237f34db;A320;N584JB;N584JB;2026-09-26;20:30:00;2026-09-26T20:39:49Z;2026-09-26T23:45:33Z;186;;;6928;6743.54;;;6928;-184.46;-2.66;NORMAL;ACARS;;CONFIRMED;;;false;;;;false;;;;2026-09-28T00:00:00Z;SEED_BURNS_LEDGER;2026-09-28T00:00:00Z;SEED_BURNS_LEDGER
d1be5d9c-8c97-5d33-87c8-687936e281b7;6d38309b-0808-5085-94fd-6c7fbf29af52;A320;N612JB;N612JB;2026-09-26;19:30:00;2026-09-26T20:48:06Z;2026-09-26T22:45:19Z;117;;;4208;4084.68;;;4208;-123.32;-2.93;NORMAL;ACARS;;CONFIRMED;;;false;;;;false;;;;2026-09-28T00:00:00Z;SEED_BURNS_LEDGER;2026-09-28T00:00:00Z;SEED_BURNS_LEDGER
4f115126-e77b-5b08-bc9f-03b21a00bacb;cf59d8c0-fef9-5818-90a6-65ff23028395;A320;N779JB;N779JB;2026-09-26;20:25:00;2026-09-26T20:48:45Z;2026-09-26T23:24:17Z;156;;;5525;5521.19;;;5525;-3.81;-0.07;NORMAL;ACARS;;CONFIRMED;;;false;;;;false;;;;2026-09-28T00:00:00Z;SEED_BURNS_LEDGER;2026-09-28T00:00:00Z;SEED_BURNS_LEDGER
3bf15529-8913-5b6e-9d96-0e9700931b27;f02e4ebc-41f9-5f08-b73b-faf46dc815ae;A223;N3077J;N3077J;2026-09-26;20:45:00;2026-09-26T20:49:09Z;2026-09-26T23:24:08Z;155;;;4248;4286.66;;;4248;38.66;0.91;NORMAL;ACARS;;CONFIRMED;;;false;;;;false;;;;2026-09-28T00:00:00Z;SEED_BURNS_LEDGER;2026-09-28T00:00:00Z;SEED_BURNS_LEDGER
032bb0c9-bcc6-5449-92a5-2cf9f2fee4be;93eece6e-a454-5455-a3cd-3c2cb6fe495b;A223;N3157J;N3157J;2026-09-26;20:50:00;2026-09-26T20:52:14Z;2026-09-26T23:28:47Z;157;;;4462;4677.45;;;4462;215.45;4.83;NORMAL;ACARS;;CONFIRMED;;;false;;;;false;;;;2026-09-28T00:00:00Z;SEED_BURNS_LEDGER;2026-09-28T00:00:00Z;SEED_BURNS_LEDGER
88a229b1-e065-5abd-b0d2-72ea9f60421b;3a739b8c-af7a-5e44-bfb4-099dcb1a2836;A320;N597JB;N597JB;2026-09-26;20:45:00;2026-09-26T20:54:32Z;2026-09-26T22:40:55Z;106;;;3358;3487.47;;;3358;129.47;3.86;NORMAL;ACARS;;CONFIRMED;;;false;;;;false;;;;2026-09-28T00:00:00Z;SEED_BURNS_LEDGER;2026-09-28T00:00:00Z;SEED_BURNS_LEDGER
5e263238-120d-536a-96ad-7c98fd62bbd4;6a5792d9-7d3d-5177-b80a-9071dfb7a989;A320;N729JB;N729JB;2026-09-26;19:25:00;2026-09-26T20:57:44Z;2026-09-26T22:06:52Z;69;;;1870;1872.54;;;1870;2.54;0.14;NORMAL;ACARS;;CONFIRMED;;;false;;;;false;;;;2026-09-28T00:00:00Z;SEED_BURNS_LEDGER;2026-09-28T00:00:00Z;SEED_BURNS_LEDGER
908f3f8a-8903-50e4-945e-2755f670a4e4;b8f9460d-ac03-51c7-b216-7ed39812b494;A320;N591JB;N591JB;2026-09-26;20:55:00;2026-09-26T20:58:59Z;2026-09-26T23:50:19Z;171;;;6375;6180.15;;;6375;-194.85;-3.06;NORMAL;ACARS;;CONFIRMED;;;false;;;;false;;;;2026-09-28T00:00:00Z;SEED_BURNS_LEDGER;2026-09-28T00:00:00Z;SEED_BURNS_LEDGER
8a3b8def-7663-5621-80d0-4bd56764aeac;a1cb420d-fc0d-5859-82cc-e96c561c9b67;A320;N618JB;N618JB;2026-09-26;20:55:00;2026-09-26T21:04:23Z;2026-09-26T23:53:00Z;169;;;5950;6059.32;;;5950;109.32;1.84;NORMAL;ACARS;;CONFIRMED;;;false;;;;false;;;;2026-09-28T00:00:00Z;SEED_BURNS_LEDGER;2026-09-28T00:00:00Z;SEED_BURNS_LEDGER
e7269e43-7096-59de-a4ab-14f675728cc6;90ab0e66-a347-5004-99ed-cffc8a149f41;A223;N3289J;N3289J;2026-09-26;21:10:00;2026-09-26T21:12:09Z;2026-09-26T23:16:40Z;125;;;3106;3140.96;;;3106;34.96;1.13;NORMAL;ACARS;;CONFIRMED;;;false;;;;false;;;;2026-09-28T00:00:00Z;SEED_BURNS_LEDGER;2026-09-28T00:00:00Z;SEED_BURNS_LEDGER
4a4c3bba-7a14-5df7-8631-f888314140ef;650c4481-656d-58c2-866f-ac539cc35a2c;A320;N625JB;N625JB;2026-09-26;21:15:00;2026-09-26T21:15:40Z;2026-09-27T00:03:51Z;168;;;5652;6106.38;;;5652;454.38;8.04;EXCEEDED;ACARS;;CONFIRMED;;;false;;;;false;;;;2026-09-28T00:00:00Z;SEED_BURNS_LEDGER;2026-09-28T00:00:00Z;SEED_BURNS_LEDGER
98c629c2-e9a5-5a8b-8e0c-b513afe83b58;22457caf-5cd4-5a2a-9de7-2aa3dad9ece4;A320;N635JB;N635JB;2026-09-26;21:15:00;2026-09-26T21:21:45Z;2026-09-26T23:52:42Z;151;;;5058;5117.81;;;5058;59.81;1.18;NORMAL;ACARS;;CONFIRMED;;;false;;;;false;;;;2026-09-28T00:00:00Z;SEED_BURNS_LEDGER;2026-09-28T00:00:00Z;SEED_BURNS_LEDGER
97e6d658-d6f8-5675-84c7-33301fadefb2;ed5a4143-ed8e-5d01-b919-fbded0554892;A320;N821JB;N821JB;2026-09-26;20:30:00;2026-09-26T21:27:37Z;2026-09-26T23:46:38Z;139;;;4335;4520.7;;;4335;185.7;4.28;NORMAL;ACARS;;CONFIRMED;;;false;;;;false;;;;2026-09-28T00:00:00Z;SEED_BURNS_LEDGER;2026-09-28T00:00:00Z;SEED_BURNS_LEDGER
70993864-9be1-59a8-90c2-61dc395dcc24;4fef0fe7-f6f3-5e43-bedb-8f3c9ee87eb0;A320;N537JT;N537JT;2026-09-26;21:30:00;2026-09-26T21:38:31Z;2026-09-26T23:35:04Z;117;;;3825;3851.44;;;3825;26.44;0.69;NORMAL;ACARS;;CONFIRMED;;;false;;;;false;;;;2026-09-28T00:00:00Z;SEED_BURNS_LEDGER;2026-09-28T00:00:00Z;SEED_BURNS_LEDGER
2208dc65-26e8-511e-9418-ceea5090967e;ebb3ef0d-2bb3-5b40-9874-d9ccc21d0eb8;A320;N659JB;N659JB;2026-09-26;21:30:00;2026-09-26T21:38:41Z;2026-09-26T23:29:39Z;111;;;3612;3521.67;;;3612;-90.33;-2.5;NORMAL;ACARS;;CONFIRMED;;;false;;;;false;;;;2026-09-28T00:00:00Z;SEED_BURNS_LEDGER;2026-09-28T00:00:00Z;SEED_BURNS_LEDGER
b34a0aa7-c26f-5e2a-9bc6-b53095d9aa1d;82f7b822-c5a4-55a1-b3d3-b8d92d9edd93;A320;N760JB;N760JB;2026-09-26;21:35:00;2026-09-26T21:41:20Z;2026-09-26T22:36:06Z;55;;;1445;1433.03;;;1445;-11.97;-0.83;NORMAL;ACARS;;CONFIRMED;;;false;;;;false;;;;2026-09-28T00:00:00Z;SEED_BURNS_LEDGER;2026-09-28T00:00:00Z;SEED_BURNS_LEDGER
5b17e1f9-952c-5080-986b-c7ffc7f2ac0d;5953dfe1-b41c-55ae-8078-fc4ecafdea1e;A321;N958JB;N958JB;2026-09-26;21:45:00;2026-09-26T21:47:52Z;2026-09-26T22:58:16Z;70;;;2183;2296.44;;;2183;113.44;5.2;EXCEEDED;ACARS;;CONFIRMED;;;false;;;;false;;;;2026-09-28T00:00:00Z;SEED_BURNS_LEDGER;2026-09-28T00:00:00Z;SEED_BURNS_LEDGER
7c8e907b-c13a-5049-a870-55610d0052eb;e13bf29e-d195-549c-87b7-21d10ac67b1b;A223;N3189J;N3189J;2026-09-26;21:40:00;2026-09-26T21:50:12Z;2026-09-26T23:10:36Z;80;;;1678;1721.14;;;1678;43.14;2.57;NORMAL;ACARS;;CONFIRMED;;;false;;;;false;;;;2026-09-28T00:00:00Z;SEED_BURNS_LEDGER;2026-09-28T00:00:00Z;SEED_BURNS_LEDGER
8bb27578-d889-54ca-add5-761bcdd4b91b;dd6a0918-40c9-5003-a904-a7ad0040c940;A223;N3271J;N3271J;2026-09-26;21:50:00;2026-09-26T21:53:32Z;2026-09-27T00:05:17Z;132;;;3713;3628.52;;;3713;-84.48;-2.28;NORMAL;ACARS;;CONFIRMED;;;false;;;;false;;;;2026-09-28T00:00:00Z;SEED_BURNS_LEDGER;2026-09-28T00:00:00Z;SEED_BURNS_LEDGER
425bc51f-d6e2-5941-b6ca-e9d575214027;2b629aae-957b-59c4-b106-1bf5b10c40fb;A223;N3276J;N3276J;2026-09-26;22:00:00;2026-09-26T22:11:07Z;2026-09-26T23:52:13Z;101;;;2213;2276.04;;;2213;63.04;2.85;NORMAL;ACARS;;CONFIRMED;;;false;;;;false;;;;2026-09-28T00:00:00Z;SEED_BURNS_LEDGER;2026-09-28T00:00:00Z;SEED_BURNS_LEDGER
