ID;invoice_ID;line_number;product_ID;description;po_number;po_item;quantity;uom_code;unit_price;net_amount;tax_code;tax_amount;delivery_ID;fuel_order_ID;ticket_number;ticket_ID;resolved_po_number;resolved_gr_number;resolution_source;cost_center;gl_account;line_match_status;price_variance_pct;qty_variance_pct;review_status;flight_ID;ticket_quantity_kg;ticket_rate;ticket_amount;tolerance_status;sap_line_number
550e8400-e29b-41d4-a716-44665544A211;550e8400-e29b-41d4-a716-44665544A201;10;c3d4e5f6-3333-4000-8000-000000000001;Jet A-1 Fuel Delivery YYZ AC601;4500100002;00010;2180.000;KG;0.8500;1870.00;V1;224.40;a7b8c9d0-7777-4000-8000-00000000A003;f6a7b8c9-6666-4000-8000-00000000A007;WFS-YYZ-2026032401;b8c9d0e1-8888-4000-8000-00000000A002;4500100002;5000100002;TICKET_NUMBER;CC3000;400000;MATCHED;0.00;0.00;;;;;;;
550e8400-e29b-41d4-a716-44665544A212;550e8400-e29b-41d4-a716-44665544A202;10;c3d4e5f6-3333-4000-8000-000000000001;Jet A-1 Fuel Delivery LHR AC102;4500100001;00010;79800.000;KG;0.8200;65436.00;V1;7852.32;a7b8c9d0-7777-4000-8000-00000000A002;f6a7b8c9-6666-4000-8000-00000000A006;;;;;UNRESOLVED;CC3000;400000;PARTIAL_MATCH;0.00;-0.25;;;;;;;
550e8400-e29b-41d4-a716-44665544A213;550e8400-e29b-41d4-a716-44665544A203;10;c3d4e5f6-3333-4000-8000-000000000001;Jet A-1 Fuel Delivery CDG AC302;;;48500.000;KG;0.7800;37830.00;V1;7186.70;;;;;;;UNRESOLVED;CC3000;400000;;0.00;0.00;;;;;;;
6ca3b4c5-cccc-4000-8000-000000006001;5bf2a3b4-bbbb-4000-8000-000000006001;1;c3d4e5f6-3333-4000-8000-000000000001;Jet A-1 uplift YYZ 2026-04-03;4500001234;00010;20000.00;KG;0.8500;17000.00;;;17b8c9d0-7777-4000-8000-000000006003;f6a7b8c9-6666-4000-8000-000000006005;;;;;UNRESOLVED;;;UNMATCHED;;;;;;;;;
6ca3b4c5-cccc-4000-8000-000000006002;5bf2a3b4-bbbb-4000-8000-000000006001;2;c3d4e5f6-3333-4000-8000-000000000001;Jet A-1 uplift YYZ 2026-04-03;4500001234;00010;20000.00;KG;0.8500;17000.00;;;17b8c9d0-7777-4000-8000-000000006003;f6a7b8c9-6666-4000-8000-000000006005;;;;;UNRESOLVED;;;UNMATCHED;;;;;;;;;
21a00005-0000-4000-8000-000000000001;21a00004-0000-4000-8000-000000000001;10;c3d4e5f6-3333-4000-8000-000000000001;Jet A-1 uplift YYZ 2026-04-14;4500210001;00010;10030.000;KG;0.8500;8525.50;;0.00;;;WFS-YYZ-2026041401;21a00003-0000-4000-8000-000000000001;4500210001;5000210001;TICKET_NUMBER;;;UNMATCHED;;;;;;;;;
21a00005-0000-4000-8000-000000000002;21a00004-0000-4000-8000-000000000001;20;c3d4e5f6-3333-4000-8000-000000000001;Jet A-1 uplift YYZ 2026-04-14;4500210002;00010;10100.000;KG;0.8500;8585.00;;0.00;;;WFS-YYZ-2026041402;21a00003-0000-4000-8000-000000000002;4500210002;5000210002;TICKET_NUMBER;;;UNMATCHED;;;;;;;;;
21a00005-0000-4000-8000-000000000003;21a00004-0000-4000-8000-000000000001;30;c3d4e5f6-3333-4000-8000-000000000001;Jet A-1 uplift YYZ 2026-04-14;4500210003;00010;10300.000;KG;0.8500;8755.00;;0.00;;;WFS-YYZ-2026041403;21a00003-0000-4000-8000-000000000003;4500210003;5000210003;TICKET_NUMBER;;;UNMATCHED;;;;;;;;;
21a00005-0000-4000-8000-000000000004;21a00004-0000-4000-8000-000000000001;40;c3d4e5f6-3333-4000-8000-000000000001;Jet A-1 uplift YYZ 2026-04-14;4500210004;00010;10800.000;KG;0.8500;9180.00;;0.00;;;WFS-YYZ-2026041404;21a00003-0000-4000-8000-000000000004;4500210004;5000210004;TICKET_NUMBER;;;UNMATCHED;;;;;;;;;
21a00005-0000-4000-8000-000000000005;21a00004-0000-4000-8000-000000000002;10;c3d4e5f6-3333-4000-8000-000000000001;Jet A-1 uplift YYZ;;;10000.000;KG;0.8500;8500.00;;0.00;;;WFS-YYZ-NOSUCH-9999;;;;UNRESOLVED;;;UNMATCHED;;;;;;;;;
21a00005-0000-4000-8000-000000000006;21a00004-0000-4000-8000-000000000002;20;c3d4e5f6-3333-4000-8000-000000000001;Jet A-1 uplift YYZ;;;10000.000;KG;0.8500;8500.00;;0.00;;;WFS-YYZ-2026041405;21a00003-0000-4000-8000-000000000005;;;TICKET_NUMBER;;;UNMATCHED;;;;;;;;;
21a00005-0000-4000-8000-000000000007;21a00004-0000-4000-8000-000000000002;30;c3d4e5f6-3333-4000-8000-000000000001;Jet A-1 uplift YYZ;;;10000.000;KG;0.8500;8500.00;;0.00;;;WFS-YYZ-2026041406;21a00003-0000-4000-8000-000000000006;;;TICKET_NUMBER;;;UNMATCHED;;;;;;;;;
21a00005-0000-4000-8000-000000000008;21a00004-0000-4000-8000-000000000003;10;c3d4e5f6-3333-4000-8000-000000000001;Jet A-1 uplift YYZ 2026-04-14;4500210008;00010;10000.000;KG;0.8500;8500.00;;0.00;;;WFS-YYZ-2026041408;21a00003-0000-4000-8000-000000000008;4500210008;5000210008;TICKET_NUMBER;;;UNMATCHED;;;;;;;;;
21a00005-0000-4000-8000-000000000009;21a00004-0000-4000-8000-000000000003;20;c3d4e5f6-3333-4000-8000-000000000001;Jet A-1 uplift YYZ 2026-04-14;4500210008;00010;10000.000;KG;0.8500;8500.00;;0.00;;;WFS-YYZ-2026041408;21a00003-0000-4000-8000-000000000008;4500210008;5000210008;TICKET_NUMBER;;;UNMATCHED;;;;;;;;;
21a00005-0000-4000-8000-000000000010;21a00004-0000-4000-8000-000000000004;10;c3d4e5f6-3333-4000-8000-000000000001;Jet A-1 uplift YYZ 2026-04-14;4500210009;00010;10000.000;KG;0.8500;8500.00;;0.00;;;WFS-YYZ-2026041409;21a00003-0000-4000-8000-000000000009;4500210009;5000210009;TICKET_NUMBER;;;UNMATCHED;;;;;;;;;
21a00005-0000-4000-8000-000000000011;21a00004-0000-4000-8000-000000000005;10;c3d4e5f6-3333-4000-8000-000000000001;Jet A-1 uplift YYZ 2026-04-14;4500999999;00010;10000.000;KG;0.8500;8500.00;;0.00;;;WFS-YYZ-2026041410;21a00003-0000-4000-8000-000000000010;4500210010;5000210010;TICKET_NUMBER;;;UNMATCHED;;;;;;;;;
21a00005-0000-4000-8000-000000000012;21a00004-0000-4000-8000-000000000006;10;c3d4e5f6-3333-4000-8000-000000000001;Jet A-1 uplift MNL 2026-04-14;4500210007;00010;10000.000;KG;0.8500;8500.00;;0.00;;;PETRON-MNL-2026041407;21a00003-0000-4000-8000-000000000007;4500210007;5000210007;TICKET_NUMBER;;;UNMATCHED;;;;;;;;;
f1c00001-0000-4000-8000-000000000001;f1c00000-0000-4000-8000-000000000001;10;c3d4e5f6-3333-4000-8000-000000000001;Jet A-1 uplift YYZ 2026-04-10 AC412;4500210013;00010;2881.250;LTR;0.7100;2045.69;;0.00;a7b8c9d0-7777-4000-8000-0000000d0003;f6a7b8c9-6666-4000-8000-0000000d0003;WFS-YYZ-20260410-31;b8c9d0e1-8888-4000-8000-0000000d0004;4500210013;5000210013;TICKET_NUMBER;;;UNMATCHED;;;;;;;;;
f1c00001-0000-4000-8000-000000000002;f1c00000-0000-4000-8000-000000000002;10;c3d4e5f6-3333-4000-8000-000000000001;Jet A-1 uplift YYZ 2026-04-10 AC410;4500210011;00010;2881.250;LTR;0.7100;2045.69;;0.00;a7b8c9d0-7777-4000-8000-0000000d0001;f6a7b8c9-6666-4000-8000-0000000d0001;WFS-YYZ-20260410-11;b8c9d0e1-8888-4000-8000-0000000d0001;4500210011;5000210011;TICKET_NUMBER;;;UNMATCHED;;;;;;;;;
f1c00001-0000-4000-8000-000000000003;f1c00000-0000-4000-8000-000000000002;20;c3d4e5f6-3333-4000-8000-000000000001;Jet A-1 uplift YYZ 2026-04-10 AC410;4500210011;00010;2881.250;LTR;0.7100;2045.69;;0.00;a7b8c9d0-7777-4000-8000-0000000d0001;f6a7b8c9-6666-4000-8000-0000000d0001;WFS-YYZ-20260410-11;b8c9d0e1-8888-4000-8000-0000000d0001;4500210011;5000210011;TICKET_NUMBER;;;UNMATCHED;;;;;;;;;
f1c00001-0000-4000-8000-000000000004;f1c00000-0000-4000-8000-000000000003;10;c3d4e5f6-3333-4000-8000-000000000001;Jet A-1 uplift YYZ 2026-04-10 AC856;4500210012;00010;53800.000;LTR;0.7100;38198.00;;0.00;a7b8c9d0-7777-4000-8000-0000000d0002;f6a7b8c9-6666-4000-8000-0000000d0002;WFS-YYZ-20260410-21;b8c9d0e1-8888-4000-8000-0000000d0002;4500210012;5000210012;TICKET_NUMBER;;;UNMATCHED;;;;;;;;;
bff1e772-9693-508a-b28f-d4c663ef0125;a92382f5-d959-561f-b07a-f8a1c6c32f74;10;013573ad-8e1e-50ab-bfd5-140b70dbab8b;Jet A into-plane ABQ B666 23Sep N715JB;4500300084;00010;11255.000;LTR;1.2927;14549.34;U1;130.83;b201ae2d-e4aa-527f-bd1d-11b950a67510;710e3e90-3be6-500d-80d9-69478bfd4e9c;CGA-ABQ-567986;841ae58c-a283-561c-b5b6-98bfd8ddb7b3;4500300084;5000300084;TICKET_NUMBER;FUELABQ;400000;MATCHED;0.00;0.00;NONE;d38f00ae-7e58-5f35-9e5e-398f6198d9ec;9070.4;1.604;14549.34;WITHIN;
78150255-ab57-5c4c-ac21-d91e4500afad;a92382f5-d959-561f-b07a-f8a1c6c32f74;20;013573ad-8e1e-50ab-bfd5-140b70dbab8b;Jet A into-plane ABQ B666 24Sep N775JB;4500300728;00010;9866.000;LTR;1.3006;12831.72;U1;114.68;b52942b1-c148-50a9-a9b3-3dfc0b6005fd;1e5a5f18-f222-5320-83ee-e6dee54cdd37;CGA-ABQ-567987;8eb5cece-bbb5-5792-9b4e-3a2480e601c7;4500300728;5000300728;TICKET_NUMBER;FUELABQ;400000;MATCHED;0.00;0.00;NONE;2ceb0695-62c2-5d30-8fb4-106a7ca63fcb;7908.59;1.6225;12831.72;WITHIN;
78b7ec1d-4dd6-57c5-9556-b67d3a990f37;a92382f5-d959-561f-b07a-f8a1c6c32f74;30;013573ad-8e1e-50ab-bfd5-140b70dbab8b;Jet A into-plane ABQ B666 25Sep N746JB;4500301360;00010;9995.000;LTR;1.3112;13105.44;U1;116.18;d8f2658c-e99e-551e-8076-a4c42c3339b1;77e17986-45cb-528f-b754-f87e6ae3d360;CGA-ABQ-567990;8fa1cd00-8dc0-5047-b444-ae1fba7e701d;4500301360;5000301360;TICKET_NUMBER;FUELABQ;400000;MATCHED;0.00;0.00;NONE;9f351461-68ce-5b5e-9c94-bda462bef2d3;8007.99;1.6365;13105.44;WITHIN;
506d144f-8781-5dbc-ad03-1828639d1a60;1fde17f3-8b8f-5669-92b8-9b3816628b67;10;013573ad-8e1e-50ab-bfd5-140b70dbab8b;Jet A into-plane ACK B62493 24Sep N3195J;4500300301;00010;3869.000;LTR;1.3159;5091.22;U1;44.97;e1f8a6d9-2bcc-583f-9a73-b8666f71d942;a403166f-ee24-5f40-a935-a2e5a5fb293c;WFS-ACK-768075;9fe62746-8945-57cd-98cb-9660f5ea4f0e;4500300301;5000300301;TICKET_NUMBER;FUELACK;400000;MATCHED;0.00;0.00;NONE;a9c3edf2-a495-5226-9eea-7a05089233ac;3108.35;1.6379;5091.22;WITHIN;
eb0c8ee1-5536-54de-ac26-368deb25e368;1fde17f3-8b8f-5669-92b8-9b3816628b67;20;013573ad-8e1e-50ab-bfd5-140b70dbab8b;Jet A into-plane ACK B692 24Sep N3139J;4500300322;00010;2810.000;LTR;1.3159;3697.68;U1;32.66;7c8c79e5-5a1a-58bf-8df2-82b51f4d08d4;8aa426c8-fdcb-50d4-adb6-dd4d41d2f316;WFS-ACK-768077;ecaf2bae-c235-5e9e-a996-2d49014a4a6c;4500300322;5000300322;TICKET_NUMBER;FUELACK;400000;MATCHED;0.00;0.00;NONE;15ec044e-b4c6-5b7d-9af2-b0384ef1d1e6;2262.05;1.6347;3697.68;WITHIN;
e0d49051-f4ac-5957-9296-7b6e1e27bd78;1fde17f3-8b8f-5669-92b8-9b3816628b67;30;013573ad-8e1e-50ab-bfd5-140b70dbab8b;Jet A into-plane ACK B6831 24Sep N3289J;4500300359;00010;2051.000;LTR;1.3159;2698.91;U1;23.84;abf59171-f26f-55bd-ae75-250c6792ba18;794f6e36-e943-52b1-96bd-6adc1fdb2ba8;WFS-ACK-768079;6253cc7c-0cac-5c57-b0c9-1d5f7d9a7586;4500300359;5000300359;TICKET_NUMBER;FUELACK;400000;MATCHED;0.00;0.00;NONE;0ddfd6a3-a6bb-546f-918e-909abe244bcb;1653.31;1.6324;2698.91;WITHIN;
e467aa5b-50fe-5a16-bb21-db663e8e4932;1fde17f3-8b8f-5669-92b8-9b3816628b67;40;013573ad-8e1e-50ab-bfd5-140b70dbab8b;Jet A into-plane ACK B61151 24Sep N3142J;4500300533;00010;1165.000;LTR;1.3159;1533.02;U1;13.54;e4b6855d-9992-5510-a622-2350f5dd9f3c;42c8dbd4-80d0-5a37-8996-b760f9b7f4c7;WFS-ACK-768080;c0948b26-0e90-5bda-b86f-1cdd6a5019a6;4500300533;5000300533;TICKET_NUMBER;FUELACK;400000;MATCHED;0.00;0.00;NONE;87c39c6d-77d0-5b6c-aa9d-60b716e69c33;936.66;1.6367;1533.02;WITHIN;
19e9c9c1-3eeb-5dd1-b7b8-62e0099f8f07;1fde17f3-8b8f-5669-92b8-9b3816628b67;50;013573ad-8e1e-50ab-bfd5-140b70dbab8b;Jet A into-plane ACK B62122 24Sep N3298J;4500300565;00010;1383.000;LTR;1.3159;1819.89;U1;16.08;80f8b8f7-b93d-5da0-81f6-451d710cc981;b629dcf0-4887-5b0d-9fee-eedfab42607b;WFS-ACK-768082;1f1058d3-ebc4-5f12-b0a6-8fc31f97f763;4500300565;5000300565;TICKET_NUMBER;FUELACK;400000;MATCHED;0.00;0.00;NONE;88c4f546-4cfc-509f-b184-1448749273da;1110.55;1.6387;1819.89;WITHIN;
c23facfe-b39d-5b25-9416-b22746da0d68;1fde17f3-8b8f-5669-92b8-9b3816628b67;60;013573ad-8e1e-50ab-bfd5-140b70dbab8b;Jet A into-plane ACK B62493 25Sep N3102J;4500300947;00010;2769.000;LTR;1.3264;3672.80;U1;32.19;b45051e2-10d8-5336-8d6a-90ca3c0ff476;ad7e8388-832d-57b7-83af-17456e4ea08b;WFS-ACK-768084;0c665bdf-9c59-5db7-aff3-04f17bc3a673;4500300947;5000300947;TICKET_NUMBER;FUELACK;400000;MATCHED;0.00;0.00;NONE;7c4a0db9-570d-505c-9458-e8ac41a26936;2201.08;1.6686;3672.8;WITHIN;
f0707a42-7246-5d0a-a28b-9e5f8c4b6798;1fde17f3-8b8f-5669-92b8-9b3816628b67;70;013573ad-8e1e-50ab-bfd5-140b70dbab8b;Jet A into-plane ACK B692 25Sep N3267J;4500300977;00010;1695.000;LTR;1.3264;2248.25;U1;19.70;7d848d48-fab8-5ffe-b067-120e25298d56;06cb0be8-c3ba-5e31-be76-f66e9794af0e;WFS-ACK-768087;7f14d58f-1e67-560b-a96b-d25d1130ad3e;4500300977;5000300977;TICKET_NUMBER;FUELACK;400000;MATCHED;0.00;0.00;NONE;03e3dc52-c3e2-5f45-8f0a-4f2fab013560;1348.88;1.6668;2248.25;WITHIN;
89e87953-641f-56d7-827b-1a2f077d8388;1fde17f3-8b8f-5669-92b8-9b3816628b67;80;013573ad-8e1e-50ab-bfd5-140b70dbab8b;Jet A into-plane ACK B6831 25Sep N3232J;4500301053;00010;2487.000;LTR;1.3264;3298.76;U1;28.91;831684b2-3bb3-5879-a939-d821ff81ffb2;fc538abb-7526-5b3d-9b50-49a4a7490dd0;WFS-ACK-768090;f3aaca24-45e2-5156-90a4-8ef4a6e63598;4500301053;5000301053;TICKET_NUMBER;FUELACK;400000;MATCHED;0.00;0.00;NONE;c692d5af-9d6b-5cfe-b7c3-13404a616cdb;1978.16;1.6676;3298.76;WITHIN;
934b9218-f55e-55a0-8012-49ecc907e8c0;1fde17f3-8b8f-5669-92b8-9b3816628b67;90;013573ad-8e1e-50ab-bfd5-140b70dbab8b;Jet A into-plane ACK B61151 25Sep N3260J;4500301093;00010;1232.000;LTR;1.3264;1634.12;U1;14.32;8386e695-aecb-5a34-82c6-e3e5464f239c;482486c6-fe03-5f97-a868-4ea994a2b0c9;WFS-ACK-768092;8c2767c4-d34e-5677-b7c9-eaba02b38e6e;4500301093;5000301093;TICKET_NUMBER;FUELACK;400000;MATCHED;0.00;0.00;NONE;68b3393d-a6e9-5ff8-8f02-79b79d360360;980.3;1.667;1634.12;WITHIN;
e81071cf-f67c-5f22-b0fd-ff90ec9f7de6;1fde17f3-8b8f-5669-92b8-9b3816628b67;100;013573ad-8e1e-50ab-bfd5-140b70dbab8b;Jet A into-plane PWM B6307 24Sep N834JB;4500300115;00010;3826.000;LTR;1.3296;5087.05;U1;44.47;e506ffd3-09a2-55dd-a0cc-2dea2a931b6c;c3c978ec-198d-5ec2-9d7a-e4b05e0bd568;WFS-PWM-108824;1d55e7d9-551a-58f1-bc9b-448f5d5ed067;4500300115;5000300115;TICKET_NUMBER;FUELACK;400000;EXCEPTION;0.00;0.00;NONE;f2f77bf2-2ce3-5cd4-b7f5-7fe146ecc9a2;3090.64;1.646;5087.05;EXCEEDED;
2e82b030-2c39-5436-bf84-d8b6cca50aa6;0760edbb-136f-5ff4-8936-0838a6377cf3;10;013573ad-8e1e-50ab-bfd5-140b70dbab8b;Jet A into-plane ALB B687 25Sep N793JB;4500300863;00010;8981.000;LTR;1.3680;12286.01;U1;104.40;137d2ddb-7943-5a0a-97ce-852ffd8e1f1f;3066bdf3-e04c-51fe-a433-225b99f12c2c;WFS-ALB-625364;eb31dcd9-30da-577b-842d-097d4050ed48;4500300863;5000300863;TICKET_NUMBER;FUELALB;400000;MATCHED;0.00;0.00;NONE;7bbf8fda-067d-5506-932f-2088665e106a;7282.69;1.687;12286.01;WITHIN;
a9fac980-d2cd-5921-9353-c13dc9e1437e;0760edbb-136f-5ff4-8936-0838a6377cf3;20;013573ad-8e1e-50ab-bfd5-140b70dbab8b;Jet A into-plane ALB B62920 25Sep N579JB;4500300881;00010;7273.000;LTR;1.3680;9949.46;U1;84.54;688ede59-4f2e-5df3-a09e-dd2234f490be;f25fa412-886d-5944-a67d-9576247795d2;WFS-ALB-625366;2c552a33-5a6e-5959-b7fc-32ffc3d2ecd5;4500300881;5000300881;TICKET_NUMBER;FUELALB;400000;MATCHED;0.00;0.00;NONE;f497b5e8-c947-5971-95ab-3d4a77c92e13;5881.68;1.6916;9949.46;WITHIN;
ba9ab3b3-1a43-5d91-abb4-95bb2c36d088;0760edbb-136f-5ff4-8936-0838a6377cf3;30;013573ad-8e1e-50ab-bfd5-140b70dbab8b;Jet A into-plane ALB B6324 25Sep N992JB;4500301346;00010;1782.000;LTR;1.3680;2437.78;U1;20.71;02cce388-7a71-5ce7-8d6b-a21847e59c51;e35a6062-f74f-5a82-9cda-353fdc3ffc45;WFS-ALB-625367;eaf72486-7c17-52cb-9777-aee5ec41f998;4500301346;5000301346;TICKET_NUMBER;FUELALB;400000;MATCHED;0.00;0.00;NONE;35912828-0485-58bb-aff0-96410db38522;1437.54;1.6958;2437.78;WITHIN;
650cfa59-fd1a-5ebf-8701-c5c2b8d06512;0760edbb-136f-5ff4-8936-0838a6377cf3;40;013573ad-8e1e-50ab-bfd5-140b70dbab8b;Jet A into-plane ALB B687 26Sep N653JB;4500301448;00010;8743.000;LTR;1.3760;12030.37;U1;101.63;587b1716-057c-52ab-b0cd-72a6c6e139d8;c9a57375-8573-5631-b1b6-9f58ca65fad9;WFS-ALB-625370;d8702e3d-43e5-55c7-84d0-a00e828609bf;4500301448;5000301448;TICKET_NUMBER;FUELALB;400000;MATCHED;0.00;0.00;NONE;606f1b6f-ee0c-5ae1-b9d6-4edb0613ff83;7029.37;1.7114;12030.37;WITHIN;
93084623-2c7a-50b6-901b-cbe083ace982;0760edbb-136f-5ff4-8936-0838a6377cf3;50;013573ad-8e1e-50ab-bfd5-140b70dbab8b;Jet A into-plane ALB B62920 26Sep N580JB;4500301501;00010;8425.000;LTR;1.3760;11592.80;U1;97.93;120169e3-ce05-5fde-9011-b4130b604324;2ca6081e-6a27-5627-80c0-40e2f3378d0e;WFS-ALB-625372;8d3f13d2-eb4f-574b-be3d-0f636f36cfda;4500301501;5000301501;TICKET_NUMBER;FUELALB;400000;MATCHED;0.00;0.00;NONE;69abffcb-2cac-56af-b19a-ac0f65198bac;6768.65;1.7127;11592.8;WITHIN;
70164492-ea05-51d2-85aa-8458b30382a0;a8ce58e5-0d22-516a-90b1-01cc1be51d04;10;c3d4e5f6-3333-4000-8000-000000000001;Jet A into-plane AMS B632 24Sep N4064J;4500300106;00010;20753.000;LTR;1.2777;26516.11;V0;0.00;f4eac1e3-d753-53a3-8ab6-5baee1312102;e7124a9e-579e-5352-96dd-1694def45cfa;SNL-AMS-485591;bb59a02e-bf31-5865-8383-c01a7109036f;4500300106;5000300106;TICKET_NUMBER;FUELAMS;400000;MATCHED;0.00;0.00;NONE;0a437318-652e-52d0-93e0-8b8d64f5c13a;16826.53;1.5759;26516.11;WITHIN;
a30bb5f6-0c03-551b-81fc-e1631fb06a5f;a8ce58e5-0d22-516a-90b1-01cc1be51d04;20;c3d4e5f6-3333-4000-8000-000000000001;Jet A into-plane AMS B632 25Sep N4064J;4500300748;00010;20630.000;LTR;1.2882;26575.57;V0;0.00;515ad11f-d8ed-523c-961a-b055daef1a7e;abed6aec-410c-5f19-b06a-f5dcb8b13ec0;SNL-AMS-485592;7b1f74fb-192c-54e7-89f3-fd80f99fd882;4500300748;5000300748;TICKET_NUMBER;FUELAMS;400000;MATCHED;0.00;0.00;NONE;88501ce2-640c-5c00-9d0d-31114438a1bb;16565.89;1.6042;26575.57;WITHIN;
79897618-d69b-5b26-8e2c-9622798513ce;a8ce58e5-0d22-516a-90b1-01cc1be51d04;30;c3d4e5f6-3333-4000-8000-000000000001;Jet A into-plane AMS B632 26Sep N4080J;4500301385;00010;21820.000;LTR;1.2961;28280.90;V0;0.00;3685328f-7634-5986-9ab7-8539e48cfaf4;4cb49584-e085-5e77-8b27-03707dfa2596;SNL-AMS-485593;bfa75623-486b-5473-a7fa-e688de7ff353;4500301385;5000301385;TICKET_NUMBER;FUELAMS;400000;MATCHED;0.00;0.00;NONE;4cc968cf-68cc-579f-98f3-1a2c6d23fdbd;17739.66;1.5942;28280.9;WITHIN;
22752579-13d5-534b-9cd3-0f79160ebe5c;4445fcb9-00f5-5c13-b7f4-5ae693e6a66c;10;013573ad-8e1e-50ab-bfd5-140b70dbab8b;Jet A into-plane ATL B61896 24Sep N3221J;4500300114;00010;5182.000;LTR;1.2074;6256.75;U1;60.24;18cb4d8a-85a2-5ab6-be91-055001d4812f;4a11ef8e-191c-52b3-8093-d764c6414a65;WFS-ATL-755170;07ec6d2e-35c2-5e58-8511-b34ada822b9f;4500300114;5000300114;TICKET_NUMBER;FUELATL;400000;MATCHED;0.00;0.00;NONE;9f3d096f-5edd-56c5-ae7c-b8b6564cf305;4101.03;1.5257;6256.75;WITHIN;
bed923ca-b9cb-501b-81bf-92445935a961;4445fcb9-00f5-5c13-b7f4-5ae693e6a66c;20;013573ad-8e1e-50ab-bfd5-140b70dbab8b;Jet A into-plane ATL B61797 24Sep N3310J;4500300201;00010;2891.000;LTR;1.2074;3490.59;U1;33.60;1642a1f3-c7ea-5fe0-bd04-84d665b2d86e;a01ee4e4-731f-5686-8d74-acc39035b067;WFS-ATL-755171;6cac89b0-fbf5-5f80-aa99-8c0d674e0efc;4500300201;5000300201;TICKET_NUMBER;FUELATL;400000;MATCHED;0.00;0.00;NONE;087f0d75-36dd-590d-8614-ed02954a4514;2296.03;1.5203;3490.59;WITHIN;
5d1c55b6-ab03-56ab-98d8-f0585fa65905;4445fcb9-00f5-5c13-b7f4-5ae693e6a66c;30;013573ad-8e1e-50ab-bfd5-140b70dbab8b;Jet A into-plane ATL B61520 24Sep N3244J;4500300263;00010;3796.000;LTR;1.2074;4583.29;U1;44.12;1276541a-cf7a-50fe-b035-4a8d4a4ed320;36f04f9f-09f9-57ed-b3ff-0461a3ecc088;WFS-ATL-755174;2d00dedd-c5a0-5f8f-ab9d-0da06e40bbac;4500300263;5000300263;TICKET_NUMBER;FUELATL;400000;MATCHED;0.00;0.00;NONE;573f714a-6171-51c3-83b7-f0798ce54bd9;3007.95;1.5237;4583.29;WITHIN;
e8c5fd3e-d187-576d-8ea5-b65c42c71b67;4445fcb9-00f5-5c13-b7f4-5ae693e6a66c;40;013573ad-8e1e-50ab-bfd5-140b70dbab8b;Jet A into-plane ATL B62097 24Sep N3280J;4500300383;00010;4078.000;LTR;1.2074;4923.78;U1;47.40;f8dff8a6-a2a1-53b4-ad16-67ec374f0da7;c3ce25f3-d1ea-5ca5-989f-b4b7c6d8d22d;WFS-ATL-755175;bd99b2c6-a890-5124-9529-4bbefbf7f594;4500300383;5000300383;TICKET_NUMBER;FUELATL;400000;MATCHED;0.00;0.00;NONE;7e347611-2828-54fb-9529-b8a6ba756ef6;3239.97;1.5197;4923.78;WITHIN;
16a8d006-fd74-5a2c-b7cb-6d591ff9b4b0;4445fcb9-00f5-5c13-b7f4-5ae693e6a66c;50;013573ad-8e1e-50ab-bfd5-140b70dbab8b;Jet A into-plane ATL B6896 24Sep N3242J;4500300409;00010;5399.000;LTR;1.2074;6518.75;U1;62.76;90241cc1-0666-5d07-8227-370d9592d369;ca4375f1-ef02-560c-8ea2-fdd211aa5d95;WFS-ATL-755177;8c61dfe9-348f-5ecf-bd6c-b5c2e635cb59;4500300409;5000300409;TICKET_NUMBER;FUELATL;400000;MATCHED;0.00;0.00;NONE;1282ad24-1966-5d25-a8de-da530e68e52c;4271.69;1.526;6518.75;WITHIN;
fa8c91f6-010d-57e1-ad18-ed62b63ee729;4445fcb9-00f5-5c13-b7f4-5ae693e6a66c;60;013573ad-8e1e-50ab-bfd5-140b70dbab8b;Jet A into-plane ATL B6120 24Sep N3138J;4500300425;00010;4651.000;LTR;1.2074;5615.62;U1;54.06;e0832dcd-784c-51fc-9db3-da4e91b56e9b;7d876fa2-2d1b-55c1-9e27-1d8c803f1d78;WFS-ATL-755179;30c20d80-94d2-5e85-b048-19be409e0650;4500300425;5000300425;TICKET_NUMBER;FUELATL;400000;MATCHED;0.00;0.00;NONE;5ca751e1-494d-570a-8534-a2e24b606d92;3680.8;1.5257;5615.62;WITHIN;
f58292c3-bb00-51f7-b714-e3b1369e164d;4445fcb9-00f5-5c13-b7f4-5ae693e6a66c;70;013573ad-8e1e-50ab-bfd5-140b70dbab8b;Jet A into-plane ATL B61396 24Sep N3065J;4500300599;00010;6403.000;LTR;1.2074;7730.98;U1;74.43;e0d301e8-0385-5c0e-854a-1655d90bc542;2363e675-7d21-5c4f-8517-c7ab63d03556;WFS-ATL-755182;f3dc0e20-ae95-529b-95ae-30d67eb35b64;4500300599;5000300599;TICKET_NUMBER;FUELATL;400000;MATCHED;0.00;0.00;NONE;e93752d0-9abe-5534-8ae0-64b7bb62cf99;5091.67;1.5184;7730.98;WITHIN;
32a98ee7-1e60-5bd7-a118-868e75a452ae;4445fcb9-00f5-5c13-b7f4-5ae693e6a66c;80;013573ad-8e1e-50ab-bfd5-140b70dbab8b;Jet A into-plane ATL B6520 24Sep N3308J;4500300601;00010;4285.000;LTR;1.2074;5173.71;U1;49.81;502dd5a6-1798-5c38-8504-dc0335974496;cb055dd1-e1e3-5472-acce-fb1e0efa2cbb;WFS-ATL-755185;2d3c1b7d-c0a0-5cba-864b-99ef4d4c19f8;4500300601;5000300601;TICKET_NUMBER;FUELATL;400000;MATCHED;0.00;0.00;NONE;f920d7ed-4550-56bd-8838-71a9ed9c5940;3405.29;1.5193;5173.71;WITHIN;
5b91905a-3b74-5082-aea0-6ec7c90d43c7;4445fcb9-00f5-5c13-b7f4-5ae693e6a66c;90;013573ad-8e1e-50ab-bfd5-140b70dbab8b;Jet A into-plane ATL B61697 24Sep N599JB;4500300619;00010;3406.000;LTR;1.2074;4112.40;U1;39.59;24983dfc-90a2-52a7-a7a7-f4be8de2cfff;d22e044e-f808-585b-a771-4103c08fa7b3;WFS-ATL-755186;44e01301-518b-5499-8aea-6460d01c21d6;4500300619;5000300619;TICKET_NUMBER;FUELATL;400000;MATCHED;0.00;0.00;NONE;9851de26-8168-5b24-be7c-fc5e6f9b22eb;2706.41;1.5195;4112.4;WITHIN;
bb23e444-f073-5b90-b873-6df2784536cb;4445fcb9-00f5-5c13-b7f4-5ae693e6a66c;100;013573ad-8e1e-50ab-bfd5-140b70dbab8b;Jet A into-plane ATL B61896 25Sep N3058J;4500300771;00010;6073.000;LTR;1.2179;7396.31;U1;70.59;96cf0018-f124-5b39-bb62-80f99379083b;9c5bef70-bb2d-5389-b4b5-6e9f5356bd7c;WFS-ATL-755189;11211f12-0997-5081-9b01-5a90eae40bb5;4500300771;5000300771;TICKET_NUMBER;FUELATL;400000;MATCHED;0.00;0.00;NONE;3353baf0-c2c8-548a-b569-1f7e83b3c8e6;4842;1.5275;7396.31;WITHIN;
702dbf8b-ebbb-5364-b417-4d83397e49e0;4445fcb9-00f5-5c13-b7f4-5ae693e6a66c;110;013573ad-8e1e-50ab-bfd5-140b70dbab8b;Jet A into-plane ATL B61797 25Sep N3280J;4500300843;00010;3793.000;LTR;1.2179;4619.49;U1;44.09;010dc875-053b-5171-8c0d-2ad858f5122a;dcdd6d39-28aa-5cb9-98d2-a4e82388ad1a;WFS-ATL-755191;10c8724e-f495-51a6-baa8-89bef7e72ed5;4500300843;5000300843;TICKET_NUMBER;FUELATL;400000;MATCHED;0.00;0.00;NONE;31c3df43-a992-568d-83fe-c28660dd825f;3012.78;1.5333;4619.49;WITHIN;
1fc38a9d-2f69-5ce3-8dc6-44a3d192a999;4445fcb9-00f5-5c13-b7f4-5ae693e6a66c;120;013573ad-8e1e-50ab-bfd5-140b70dbab8b;Jet A into-plane ATL B61520 25Sep N3241J;4500300933;00010;4707.000;LTR;1.2179;5732.66;U1;54.71;41717228-ec89-534f-90e0-eff62a1417d3;8e626e13-008c-54bf-92b8-b63ea882deea;WFS-ATL-755192;1fa2dd27-b9d9-58c8-82f4-0a52845bb7b4;4500300933;5000300933;TICKET_NUMBER;FUELATL;400000;MATCHED;0.00;0.00;NONE;ea22d655-e25c-5a0f-be9a-9a0a62b742fa;3751.01;1.5283;5732.66;WITHIN;
516bc993-c06f-5f2a-bcb4-959b3daa98d6;4445fcb9-00f5-5c13-b7f4-5ae693e6a66c;130;013573ad-8e1e-50ab-bfd5-140b70dbab8b;Jet A into-plane ATL B6896 25Sep N3261J;4500301022;00010;5299.000;LTR;1.2179;6453.65;U1;61.60;6a196962-473e-5fe3-a1d7-498a06541246;e6faf246-9bd9-5882-b3b1-ed4cecc33473;WFS-ATL-755194;68b0072e-80fa-521b-a470-9ec4c052237b;4500301022;5000301022;TICKET_NUMBER;FUELATL;400000;MATCHED;0.00;0.00;NONE;ab52721e-77cb-59b1-9bfe-403abd86b10e;4211.12;1.5325;6453.65;WITHIN;
f667215f-77b3-5b62-8fa0-4c423b12056b;4445fcb9-00f5-5c13-b7f4-5ae693e6a66c;140;013573ad-8e1e-50ab-bfd5-140b70dbab8b;Jet A into-plane ATL B62097 25Sep N3145J;4500301044;00010;3208.000;LTR;1.2179;3907.02;U1;37.29;963025ad-d3c2-5a1f-99b7-62e93c6fbf1d;0598e931-91a9-5bfc-bb54-91803f0bb005;WFS-ATL-755197;55911d82-d41d-5fbb-9ab5-aeb2e1bc3758;4500301044;5000301044;TICKET_NUMBER;FUELATL;400000;MATCHED;0.00;0.00;NONE;a02158b1-2664-590e-b42c-8420a8bca4ec;2548.11;1.5333;3907.02;WITHIN;
b7beb68d-af4a-5262-87de-5b7040f1bfce;4445fcb9-00f5-5c13-b7f4-5ae693e6a66c;150;013573ad-8e1e-50ab-bfd5-140b70dbab8b;Jet A into-plane ATL B6120 25Sep N3189J;4500301081;00010;7680.000;LTR;1.2179;9353.47;U1;89.27;df9503b3-f719-53bf-a894-b97f3a58bb5f;1c0ad239-ae23-5e22-a22b-6f2c5c6b1437;WFS-ATL-755198;930ef006-fde2-53f7-b77c-53a44dd4edc9;4500301081;5000301081;TICKET_NUMBER;FUELATL;400000;MATCHED;0.00;0.00;NONE;dc30aa9a-e506-5100-943b-6b518ddf9e72;6097.15;1.5341;9353.47;WITHIN;
ef487377-96c1-5123-a447-02c26dcba9ea;4445fcb9-00f5-5c13-b7f4-5ae693e6a66c;160;013573ad-8e1e-50ab-bfd5-140b70dbab8b;Jet A into-plane ATL B61396 25Sep N3065J;4500301167;00010;5963.000;LTR;1.2179;7262.34;U1;69.31;38421344-f653-5314-b5f7-cf2d6629f4df;f19f91bf-bae3-5a24-a0d6-b7c2c7e14083;WFS-ATL-755201;155146e8-f1dd-5a77-9274-131b0c0e6d90;4500301167;5000301167;TICKET_NUMBER;FUELATL;400000;MATCHED;0.00;0.00;NONE;c9908e8f-722b-5651-996a-637e34547391;4735.22;1.5337;7262.34;WITHIN;
148bf95c-a5db-504a-b880-19ec449919a4;4445fcb9-00f5-5c13-b7f4-5ae693e6a66c;170;013573ad-8e1e-50ab-bfd5-140b70dbab8b;Jet A into-plane ATL B6520 25Sep N3244J;4500301257;00010;5617.000;LTR;1.2179;6840.94;U1;65.29;19cfcacc-99aa-53ae-a589-70e5ff569da6;73ba8249-baca-554d-9bdb-0d52b795da62;WFS-ATL-755203;967d687a-fb29-5385-8a56-f953b6b817d7;4500301257;5000301257;TICKET_NUMBER;FUELATL;400000;MATCHED;0.00;0.00;NONE;c00037c4-a174-5016-9f12-afd8fb617809;4472.26;1.5296;6840.94;WITHIN;
aa2d712e-ac09-52c3-902c-6bf935e4c655;4445fcb9-00f5-5c13-b7f4-5ae693e6a66c;180;013573ad-8e1e-50ab-bfd5-140b70dbab8b;Jet A into-plane ATL B61697 25Sep N605JB;4500301294;00010;3712.000;LTR;1.2179;4520.84;U1;43.15;540b4723-ed57-5983-88dc-0208ec47a9b5;66ba462f-5b31-56a7-8cd0-6ae34a8a4675;WFS-ATL-755206;02442c8f-ebf7-5f06-a4ea-3efbae625001;4500301294;5000301294;TICKET_NUMBER;FUELATL;400000;MATCHED;0.00;0.00;NONE;e7534f14-97c7-57d3-9e2a-4d9ae8fa724b;2946.59;1.5343;4520.84;WITHIN;
6845646f-f002-57c2-b6da-3eb837ed5f23;4445fcb9-00f5-5c13-b7f4-5ae693e6a66c;190;013573ad-8e1e-50ab-bfd5-140b70dbab8b;Jet A into-plane ATL B61896 26Sep N3162J;4500301406;00010;5904.000;LTR;1.2259;7237.71;U1;68.63;d31a6a95-5153-531f-918d-9d5fb9cd1ace;22a70f63-ba57-5df6-8c73-d3968ebcc9f3;WFS-ATL-755207;be8a947b-dc6d-5eac-8ed4-e82a16bfc0de;4500301406;5000301406;TICKET_NUMBER;FUELATL;400000;MATCHED;0.00;0.00;NONE;c7b7b81b-6018-536f-8ac5-539778295ef4;4706.67;1.5378;7237.71;WITHIN;
b2c8b62a-c997-50b0-9f27-833391a9f707;4445fcb9-00f5-5c13-b7f4-5ae693e6a66c;200;013573ad-8e1e-50ab-bfd5-140b70dbab8b;Jet A into-plane ATL B61797 26Sep N3229J;4500301485;00010;4078.000;LTR;1.2259;4999.22;U1;47.40;c46a9452-85b0-5f2c-b289-063597da78ae;a88a1ab9-bd97-505a-9a51-61694edfa276;WFS-ATL-755210;601d7419-9bdd-57b0-9be2-5e5584b94f69;4500301485;5000301485;TICKET_NUMBER;FUELATL;400000;MATCHED;0.00;0.00;NONE;6c95fe8f-f4af-5809-b71e-79db6a573b25;3236.3;1.5447;4999.22;WITHIN;
286a0577-ec60-5b7b-a5da-1dfa0ab1178c;4445fcb9-00f5-5c13-b7f4-5ae693e6a66c;210;013573ad-8e1e-50ab-bfd5-140b70dbab8b;Jet A into-plane ATL B61520 26Sep N3255J;4500301551;00010;3424.000;LTR;1.2259;4197.48;U1;39.80;eb6054a9-f4ba-5127-a675-d58bd0b0e83f;2f3d4726-bd37-5f1c-acbe-95cc2b05ac00;WFS-ATL-755212;6a774018-b6e9-5b60-a550-3b69b8fab021;4500301551;5000301551;TICKET_NUMBER;FUELATL;400000;MATCHED;0.00;0.00;NONE;b5740b1f-38f8-52ba-aa55-cacdd697c0e5;2714.89;1.5461;4197.48;WITHIN;
e329991d-317d-5c0d-953e-4d6555656d63;4445fcb9-00f5-5c13-b7f4-5ae693e6a66c;220;013573ad-8e1e-50ab-bfd5-140b70dbab8b;Jet A into-plane ATL B62097 26Sep N3258J;4500301654;00010;3298.000;LTR;1.2259;4043.02;U1;38.34;fa2d58a6-8f21-560f-b025-eb41267dc999;b8918f44-b6e8-5b4f-b0dd-2538fda14e2e;WFS-ATL-755213;cdba696c-35ec-5b31-9564-da867011ca2b;4500301654;5000301654;TICKET_NUMBER;FUELATL;400000;MATCHED;0.00;0.00;NONE;7be32a09-5e1e-52c3-9de3-1f3f687de29e;2622.24;1.5418;4043.02;WITHIN;
425d1f0e-4a55-5144-8af8-8ad01ca76a3d;4445fcb9-00f5-5c13-b7f4-5ae693e6a66c;230;013573ad-8e1e-50ab-bfd5-140b70dbab8b;Jet A into-plane ATL B6120 26Sep N3189J;4500301678;00010;4915.000;LTR;1.2259;6025.30;U1;57.13;5356a7ce-d9db-5e7c-8d24-87f664bac19e;740dbfc7-f2a2-581b-aecc-b110daf10112;WFS-ATL-755215;5b25723f-e7f5-544c-9c00-73308215e9bc;4500301678;5000301678;TICKET_NUMBER;FUELATL;400000;MATCHED;0.00;0.00;NONE;ef141431-4bf8-5f54-adcf-008fd5bba36c;3914.8;1.5391;6025.3;WITHIN;
8f60603a-a535-58a8-8731-6f6e83529db8;c27cff23-6360-557a-9f2f-f8a760cbba9f;10;013573ad-8e1e-50ab-bfd5-140b70dbab8b;Jet A into-plane AUS B62272 24Sep N597JB;4500300176;00010;7285.000;LTR;1.2531;9128.83;U1;84.68;db3f3204-bfcd-577d-8ab9-53d3b8521ed2;c3ca03ff-430b-573c-aa4e-02a3d32f9222;CGA-AUS-601305;4f8040e8-033c-5a84-8e48-1e2fd88ccf76;4500300176;5000300176;TICKET_NUMBER;FUELAUS;400000;MATCHED;0.00;0.00;NONE;75c07ad2-7739-555f-be45-d2ed53c573c6;5779.92;1.5794;9128.83;WITHIN;
0fd2909b-1ec1-58b3-bc13-fe53e6c698f3;c27cff23-6360-557a-9f2f-f8a760cbba9f;20;013573ad-8e1e-50ab-bfd5-140b70dbab8b;Jet A into-plane AUS B61972 24Sep N566JB;4500300520;00010;7063.000;LTR;1.2531;8850.65;U1;82.10;9279463e-f2d0-5f31-90af-084bd11a9293;5c686e31-c1c2-5342-9240-e9fe9edced9c;CGA-AUS-601308;35e8aeae-4616-5ca6-a5af-ebdbab6e1243;4500300520;5000300520;TICKET_NUMBER;FUELAUS;400000;MATCHED;0.00;0.00;NONE;808f6775-bee2-5ba7-924c-ee63984b04bd;5592.48;1.5826;8850.65;WITHIN;
7d3c2e70-0c01-5fc2-bbaa-48adf371022f;c27cff23-6360-557a-9f2f-f8a760cbba9f;30;013573ad-8e1e-50ab-bfd5-140b70dbab8b;Jet A into-plane AUS B61238 24Sep N3251J;4500300523;00010;9860.000;LTR;1.2531;12355.57;U1;114.61;7544dfde-c1e1-5f04-9a04-3bcdc1453d8c;47767814-909e-56de-b4b1-fd78bbbbd5cf;CGA-AUS-601311;356d1e2e-5e5e-525d-a60b-c9f832a628ee;4500300523;5000300523;TICKET_NUMBER;FUELAUS;400000;MATCHED;0.00;0.00;NONE;5e69087d-3c23-5e37-ab82-9dc5ea6e52a1;7814.05;1.5812;12355.57;WITHIN;
a9969358-9274-5639-9fcc-fdca0f708387;c27cff23-6360-557a-9f2f-f8a760cbba9f;40;013573ad-8e1e-50ab-bfd5-140b70dbab8b;Jet A into-plane AUS B62272 25Sep N564JB;4500300826;00010;6231.000;LTR;1.2636;7873.49;U1;72.43;69c274c5-b1ee-5e2d-9574-51b4f04e7af9;d3ca455b-a10a-53fa-9579-a5b66b184ff1;CGA-AUS-601312;31c7d785-16f1-55ef-b2c6-0c06b7ef0731;4500300826;5000300826;TICKET_NUMBER;FUELAUS;400000;MATCHED;0.00;0.00;NONE;3abf2546-10f2-55df-b129-eb311a1570bd;5037.76;1.5629;7873.49;WITHIN;
7a64a392-92b7-544e-bef4-601742406ce4;c27cff23-6360-557a-9f2f-f8a760cbba9f;50;013573ad-8e1e-50ab-bfd5-140b70dbab8b;Jet A into-plane AUS B61238 25Sep N3229J;4500301111;00010;9637.000;LTR;1.2636;12177.31;U1;112.02;5c3aee14-734a-5228-85fc-328106a015eb;923e5809-c123-5cce-a394-71699bd5e2bb;CGA-AUS-601315;10571fe3-c884-54c5-be20-778be26340b3;4500301111;5000301111;TICKET_NUMBER;FUELAUS;400000;MATCHED;0.00;0.00;NONE;6d75e3c2-4e4e-5609-aaf6-fdccb3635483;7788.62;1.5635;12177.31;WITHIN;
0c16579a-4fc3-520c-bbc8-c74bc29d99fb;c27cff23-6360-557a-9f2f-f8a760cbba9f;60;013573ad-8e1e-50ab-bfd5-140b70dbab8b;Jet A into-plane AUS B61972 25Sep N709JB;4500301158;00010;6353.000;LTR;1.2636;8027.65;U1;73.85;5345431f-f40d-59b5-a697-dcb842911f61;0b07935e-dddb-502a-bef9-fb35e149892b;CGA-AUS-601318;836873c3-2053-53e6-84e7-94d6c659c843;4500301158;5000301158;TICKET_NUMBER;FUELAUS;400000;MATCHED;0.00;0.00;NONE;f832eb6e-0202-5e4d-aa9c-7844c46a2e7c;5129.41;1.565;8027.65;WITHIN;
ac13b20c-2c8a-5212-9426-b8b876d5938a;c27cff23-6360-557a-9f2f-f8a760cbba9f;70;013573ad-8e1e-50ab-bfd5-140b70dbab8b;Jet A into-plane AUS B62272 26Sep N524JB;4500301463;00010;7112.000;LTR;1.2715;9042.91;U1;82.67;b824a09a-55ba-5ab8-89ae-55ab23651d4f;d1948cf9-9eb8-57b0-b595-eca7018e45a5;CGA-AUS-601319;dad9e7d8-3ef6-5cd1-bb7f-2ab0235f54ba;4500301463;5000301463;TICKET_NUMBER;FUELAUS;400000;MATCHED;0.00;0.00;NONE;14fda795-af1e-5101-82f9-6786549d8705;5667.55;1.5956;9042.91;WITHIN;
940afdae-85af-5674-9b54-c2a587288d9c;c27cff23-6360-557a-9f2f-f8a760cbba9f;80;013573ad-8e1e-50ab-bfd5-140b70dbab8b;Jet A into-plane AUS B61238 26Sep N3065J;4500301706;00010;9646.000;LTR;1.2715;12264.89;U1;112.13;00e9d1e9-37b1-5f5b-af48-23e6654aa133;ba669b31-9fa9-5b5a-84ca-48c1289cb1ca;CGA-AUS-601320;41ab7f21-492e-593b-9177-67af83f5aa13;4500301706;5000301706;TICKET_NUMBER;FUELAUS;400000;MATCHED;0.00;0.00;NONE;83a6138d-168c-50e9-a026-2da14bd98497;7699.44;1.593;12264.89;WITHIN;
9b9530ac-478c-5117-98ab-64303dcf61e1;c27cff23-6360-557a-9f2f-f8a760cbba9f;90;013573ad-8e1e-50ab-bfd5-140b70dbab8b;Jet A into-plane AUS B61972 26Sep N559JB;4500301735;00010;6668.000;LTR;1.2715;8478.36;U1;77.51;d3ec31b7-fd91-591f-a325-de67f83cf201;cc27ff19-e6ec-5c91-80da-4bca8fce6310;CGA-AUS-601321;76d276e8-44ab-5a5b-98b0-4976899495df;4500301735;5000301735;TICKET_NUMBER;FUELAUS;400000;MATCHED;0.00;0.00;NONE;0b590b84-3cd1-5ae5-b668-6d1d60ec729f;5305.73;1.598;8478.36;WITHIN;
2c1361e6-703a-5a85-ad6d-1eae6bc9f180;97e43dc9-daf5-55e7-bc2c-35ee9c42d614;10;c3d4e5f6-3333-4000-8000-000000000001;Jet A into-plane BCN B6346 24Sep N4083J;4500300193;00010;20266.000;LTR;1.2874;26090.45;V0;0.00;94450180-b667-557e-9574-777eddf483bd;dc1a4963-5402-54b9-ac64-8651228142d9;REP-BCN-292909;d93f9e43-448f-5bfe-b6f4-49d3bb8ab376;4500300193;5000300193;TICKET_NUMBER;FUELBCN;400000;MATCHED;0.00;0.00;NONE;8e65ddf8-bc53-50f5-b4da-ce9f7f3e27e9;16174.29;1.6131;26090.45;WITHIN;
97e99f43-85cc-52e2-81f3-811cee70b223;97e43dc9-daf5-55e7-bc2c-35ee9c42d614;20;c3d4e5f6-3333-4000-8000-000000000001;Jet A into-plane BCN B6346 25Sep N4083J;4500300842;00010;25005.000;LTR;1.2980;32456.49;V0;0.00;07ae88c3-4b1e-5e82-ba60-81e1c593eedc;42b295ef-1260-5347-84ad-ff22422821bf;REP-BCN-292912;8cadd47d-47e4-5a2e-9069-a3b3b53e344e;4500300842;5000300842;TICKET_NUMBER;FUELBCN;400000;MATCHED;0.00;0.00;NONE;7ab72394-4fe3-541b-9635-42ee4f513ad3;20234.05;1.6041;32456.49;WITHIN;
35343e3f-20c9-5eb3-892f-5c7698e2699a;63b5bf20-2207-5d5c-a4a5-ba9a48de66e9;10;c3d4e5f6-3333-4000-8000-000000000001;Jet A into-plane BDA B6204 24Sep N3307J;4500300342;00010;2825.000;LTR;1.3886;3922.80;V0;0.00;d6a8ad73-87d7-5129-acf0-69be997cb37a;92621e67-a0dc-5863-bc3c-f65fed578a21;SOL-BDA-462132;a339402c-9f72-56c6-b737-04e7c0372655;4500300342;5000300342;TICKET_NUMBER;FUELBDA;400000;MATCHED;0.00;0.00;NONE;2de4fbba-cd2f-5794-8fb7-f3aef2477b24;2248.7;1.7445;3922.8;WITHIN;
896e4128-e92d-5fbe-a9c6-97455958c06a;63b5bf20-2207-5d5c-a4a5-ba9a48de66e9;20;c3d4e5f6-3333-4000-8000-000000000001;Jet A into-plane BDA B6204 25Sep N3307J;4500300994;00010;2235.000;LTR;1.3992;3127.21;V0;0.00;29c79454-3b71-5ed1-b1f2-519072e35cf6;06abcf8b-78df-53b6-8125-0969187a520f;SOL-BDA-462135;24428277-7e41-5420-9ecc-9abd14d2fb01;4500300994;5000300994;TICKET_NUMBER;FUELBDA;400000;MATCHED;0.00;0.00;NONE;cceb3cb5-1c3d-5ec0-bc97-169f3edff595;1774.81;1.762;3127.21;WITHIN;
51311bc9-4e2b-53cc-aaf9-f1724be1ce1b;63b5bf20-2207-5d5c-a4a5-ba9a48de66e9;30;c3d4e5f6-3333-4000-8000-000000000001;Jet A into-plane BDA B6204 26Sep N3241J;4500301601;00010;1468.000;LTR;1.4071;2065.62;V0;0.00;ee392028-4ea9-5451-b12f-1d54d8fa99db;6ad29d65-8e74-5988-9036-c92dacd9ae3b;SOL-BDA-462137;765cbdc8-1557-5d52-bdea-b47e67160f3d;4500301601;5000301601;TICKET_NUMBER;FUELBDA;400000;MATCHED;0.00;0.00;NONE;71b0d11d-4f12-52fc-90b9-b92157ae29de;1167.06;1.7699;2065.62;WITHIN;
cb93ad57-cc2f-5ef8-a2dd-e69eb49218f6;ca924113-9faf-5484-b21a-9e8755a7b478;10;013573ad-8e1e-50ab-bfd5-140b70dbab8b;Jet A into-plane BDL B6676 24Sep N561JB;4500300129;00010;2161.000;LTR;1.3411;2898.12;U1;25.12;30367e20-48bb-5fa8-bca4-a6412a9cdb84;739fa20b-0c7b-5a49-b934-96bcc6b29fe6;WFS-BDL-333649;588e3e52-6b33-58f8-971f-810562be7915;4500300129;5000300129;TICKET_NUMBER;FUELBDL;400000;MATCHED;0.00;0.00;NONE;d42f1818-fde6-52cd-9f2f-cc505a0bf7aa;1724.48;1.6806;2898.12;WITHIN;
6a4ec2ed-2a77-501f-888e-79b30a4306f3;ca924113-9faf-5484-b21a-9e8755a7b478;20;013573ad-8e1e-50ab-bfd5-140b70dbab8b;Jet A into-plane BDL B6959 24Sep N519JB;4500300156;00010;7943.000;LTR;1.3411;10652.36;U1;92.33;7185a689-27fd-59d2-8f2b-b1397392431c;daf2124f-a7c3-5a59-bd16-2abc3fc472af;WFS-BDL-333651;0e96efe7-d723-5555-bff9-f5f114e55880;4500300156;5000300156;TICKET_NUMBER;FUELBDL;400000;MATCHED;0.00;0.00;NONE;dc66dbf2-5f0d-55c9-b819-0bfc2d420e3c;6341.69;1.6797;10652.36;WITHIN;
496dcf5e-71b1-57f6-9677-adc5cf2555f9;ca924113-9faf-5484-b21a-9e8755a7b478;30;013573ad-8e1e-50ab-bfd5-140b70dbab8b;Jet A into-plane BDL B61241 24Sep N784JB;4500300221;00010;10230.000;LTR;1.3411;13719.45;U1;118.91;d1e71f1a-6f62-5491-a0a2-32edeaacfebc;fc4e05ca-e695-5fe8-a516-4df09cdf32e1;WFS-BDL-333654;bd1fbdc5-8f32-58c2-9922-5cc751e8232d;4500300221;5000300221;TICKET_NUMBER;FUELBDL;400000;MATCHED;0.00;0.00;NONE;a7a3bfc9-d38e-50af-8814-ea4dbbb58897;8191.16;1.6749;13719.45;WITHIN;
7119b31c-0dac-52cc-af74-ab7014413dd6;ca924113-9faf-5484-b21a-9e8755a7b478;40;013573ad-8e1e-50ab-bfd5-140b70dbab8b;Jet A into-plane BDL B6737 24Sep N565JB;4500300272;00010;6308.000;LTR;1.3411;8459.66;U1;73.32;29c79fad-70d4-5625-87ec-349a93baf58b;50f507f1-c9d0-532a-bf36-ac35626f429e;WFS-BDL-333657;84bdd514-361c-58ec-9789-60953777892e;4500300272;5000300272;TICKET_NUMBER;FUELBDL;400000;MATCHED;0.00;0.00;NONE;8c5e6db7-26bd-5fc2-be59-0158ac02a52d;5040.72;1.6783;8459.66;WITHIN;
d23c3859-891b-5898-859f-caf1c2b2bf3f;ca924113-9faf-5484-b21a-9e8755a7b478;50;013573ad-8e1e-50ab-bfd5-140b70dbab8b;Jet A into-plane BDL B61475 24Sep N590JB;4500300407;00010;12654.000;LTR;1.3411;16970.28;U1;147.09;9822f858-283d-5756-8ecb-9d0a472f3f51;1fab5c78-1084-5565-9d8b-c8cc61538e4c;WFS-BDL-333660;883f1554-322a-5e74-9cd3-fc52f1737bb7;4500300407;5000300407;TICKET_NUMBER;FUELBDL;400000;MATCHED;0.00;0.00;NONE;60b8c7f5-1937-591f-a9c5-5d5218038965;10090.3;1.6818;16970.28;WITHIN;
3aaf4fd5-32cb-5880-8012-7670e548c52b;ca924113-9faf-5484-b21a-9e8755a7b478;60;013573ad-8e1e-50ab-bfd5-140b70dbab8b;Jet A into-plane BDL B6437 24Sep N632JB;4500300412;00010;7825.000;LTR;1.3411;10494.11;U1;90.96;6057c1b6-c01e-5bc0-a888-a71fb5e60243;c8b10331-33bc-52e1-a718-86b90556c653;WFS-BDL-333662;a562a894-6a35-5710-bccb-0afe3fb55379;4500300412;5000300412;TICKET_NUMBER;FUELBDL;400000;MATCHED;0.00;0.00;NONE;2f906147-be1b-537c-ba94-e62caac523b6;6242.78;1.681;10494.11;WITHIN;
85f593e5-b4b9-5da6-ae9f-ae6c2f1a34e2;ca924113-9faf-5484-b21a-9e8755a7b478;70;013573ad-8e1e-50ab-bfd5-140b70dbab8b;Jet A into-plane BDL B6676 25Sep N834JB;4500300772;00010;2810.000;LTR;1.3516;3798.00;U1;32.66;4da2e717-826b-5a0f-a59e-a187467c4a7e;868ef4f1-ceaf-510d-94c5-7d8fc0c51a15;WFS-BDL-333665;07316b90-3989-5772-86a0-bba9984cf553;4500300772;5000300772;TICKET_NUMBER;FUELBDL;400000;MATCHED;0.00;0.00;NONE;8ea692e1-5a61-5ba6-abd1-67c2ee69f1af;2252.22;1.6863;3798;WITHIN;
db62c9d4-35e6-51ba-b02e-c63d73e4c3f8;ca924113-9faf-5484-b21a-9e8755a7b478;80;013573ad-8e1e-50ab-bfd5-140b70dbab8b;Jet A into-plane BDL B6959 25Sep N705JB;4500300793;00010;8640.000;LTR;1.3516;11677.82;U1;100.43;e32272df-ac05-52e6-99d9-99a85286d9ef;5f120ec9-4fdd-54bd-aee1-21dbd62304bc;WFS-BDL-333668;b9e6d321-86bd-5eaf-bfbc-bbdc9157e680;4500300793;5000300793;TICKET_NUMBER;FUELBDL;400000;MATCHED;0.00;0.00;NONE;939032bf-a1ac-5db3-8aa2-c5a49b93446a;6912.86;1.6893;11677.82;WITHIN;
60a16d76-6e2c-5bf6-8935-dc528b2fe8d6;ca924113-9faf-5484-b21a-9e8755a7b478;90;013573ad-8e1e-50ab-bfd5-140b70dbab8b;Jet A into-plane BDL B61241 25Sep N632JB;4500300872;00010;7923.000;LTR;1.3516;10708.73;U1;92.10;8009ec41-f405-58ee-8b37-652e6f8d96f2;756aa1ba-314e-563a-a9ba-a088e584bc0a;WFS-BDL-333670;04a10932-d762-5f04-a985-8f8fdf86984f;4500300872;5000300872;TICKET_NUMBER;FUELBDL;400000;MATCHED;0.00;0.00;NONE;dba6ac45-528a-5bca-88cc-be65fa5e180b;6328.1;1.6923;10708.73;WITHIN;
f2347f1d-cee9-5a52-bdd2-c3e43185947d;ca924113-9faf-5484-b21a-9e8755a7b478;100;013573ad-8e1e-50ab-bfd5-140b70dbab8b;Jet A into-plane BDL B6737 25Sep N804JB;4500300927;00010;6590.000;LTR;1.3516;8907.04;U1;76.60;8615e238-ca5b-50fd-9b59-25b4474928ed;4214a6b6-666c-5515-aa3c-188097a77a17;WFS-BDL-333672;cfd19047-4ef2-5c1a-b9b1-c5e67d72385f;4500300927;5000300927;TICKET_NUMBER;FUELBDL;400000;MATCHED;0.00;0.00;NONE;3c1b763a-5003-5d98-aa1f-47b7140020e5;5266.73;1.6912;8907.04;WITHIN;
d71613bb-e535-5a99-941e-935401c95b04;ca924113-9faf-5484-b21a-9e8755a7b478;110;013573ad-8e1e-50ab-bfd5-140b70dbab8b;Jet A into-plane BDL B6437 25Sep N653JB;4500301064;00010;7508.000;LTR;1.3516;10147.81;U1;87.27;be4650f2-eb17-559b-8b16-517eb3ede3d4;7165de6c-e9cd-5552-9b0f-988f7e516f95;WFS-BDL-333673;d83010a8-3020-5110-a078-182189c96263;4500301064;5000301064;TICKET_NUMBER;FUELBDL;400000;MATCHED;0.00;0.00;NONE;eb72535b-209e-5c03-8464-3e7399750a4e;5994.39;1.6929;10147.81;WITHIN;
82188df2-0d21-53e5-b252-e6011bd2d3e6;ca924113-9faf-5484-b21a-9e8755a7b478;120;013573ad-8e1e-50ab-bfd5-140b70dbab8b;Jet A into-plane BDL B61475 25Sep N708JB;4500301068;00010;10833.000;LTR;1.3516;14641.88;U1;125.92;5454a92e-5363-57c2-9814-8b89c0be3a15;0ac5e6f8-f5d5-5a20-9c30-642559324eae;WFS-BDL-333675;c2aa00a0-6dae-5b1f-a3bb-deac99d71162;4500301068;5000301068;TICKET_NUMBER;FUELBDL;400000;MATCHED;0.00;0.00;NONE;1ed9474f-eff1-592c-b83b-9dee8eb7b7dd;8682.65;1.6863;14641.88;WITHIN;
685905b7-efef-5bb9-861c-99cca7e2680d;ca924113-9faf-5484-b21a-9e8755a7b478;130;013573ad-8e1e-50ab-bfd5-140b70dbab8b;Jet A into-plane BDL B6158 25Sep N556JB;4500301348;00010;2013.000;LTR;1.3516;2720.77;U1;23.40;5096460e-7500-511f-85ba-d8c197ba93b6;77875915-0e76-512c-b0a2-d20a37fc8b89;WFS-BDL-333676;3404e0e1-95e7-5570-a03b-60d5dc585dbe;4500301348;5000301348;TICKET_NUMBER;FUELBDL;400000;MATCHED;0.00;0.00;NONE;e37b9178-b9de-5e2d-96e2-7a591b723801;1607.18;1.6929;2720.77;WITHIN;
53460a98-d96f-5e53-8934-fff88475eb14;ca924113-9faf-5484-b21a-9e8755a7b478;140;013573ad-8e1e-50ab-bfd5-140b70dbab8b;Jet A into-plane BDL B6959 26Sep N775JB;4500301445;00010;9146.000;LTR;1.3595;12433.99;U1;106.31;4b88d42f-d7b5-5552-a27a-7737c1ade3a4;d50a0df8-5195-5acd-b31b-496a232f2159;WFS-BDL-333679;552bb37b-be35-58d3-9650-150d41c698d5;4500301445;5000301445;TICKET_NUMBER;FUELBDL;400000;MATCHED;0.00;0.00;NONE;fd442686-c7e6-5d33-9f39-c93a4a39c3ff;7325.03;1.6975;12433.99;WITHIN;
3dcbd172-1631-55ee-9f13-6209428c05a1;ca924113-9faf-5484-b21a-9e8755a7b478;150;013573ad-8e1e-50ab-bfd5-140b70dbab8b;Jet A into-plane BDL B61241 26Sep N665JB;4500301494;00010;7808.000;LTR;1.3595;10614.98;U1;90.76;ca16b236-bac4-5e10-be7c-875575f4b40e;583efcc6-786c-530d-9871-e666e3b535b7;WFS-BDL-333680;08d6dd48-ee8c-5fb1-a00c-e223bb0f357c;4500301494;5000301494;TICKET_NUMBER;FUELBDL;400000;MATCHED;0.00;0.00;NONE;05120355-bb79-55cf-8d8a-3bd98e1fdd3d;6247.18;1.6992;10614.98;WITHIN;
6862f6ff-6e7e-5bd1-90c7-6806d9401585;ca924113-9faf-5484-b21a-9e8755a7b478;160;013573ad-8e1e-50ab-bfd5-140b70dbab8b;Jet A into-plane BDL B6737 26Sep N527JL;4500301550;00010;8459.000;LTR;1.3595;11500.01;U1;98.33;cb14aa19-873c-5fa7-bc0c-2b7df52c76c8;6dfb466b-2ea4-5943-838d-ee653a601375;WFS-BDL-333681;3bbd8ce9-b43e-500f-9afe-b0d8c3a790a4;4500301550;5000301550;TICKET_NUMBER;FUELBDL;400000;MATCHED;0.00;0.00;NONE;d696db4f-c476-5655-b6c2-ef9740d57737;6772.28;1.6981;11500.01;WITHIN;
232b7ff5-010b-540b-8270-cd633c38925f;ca924113-9faf-5484-b21a-9e8755a7b478;170;013573ad-8e1e-50ab-bfd5-140b70dbab8b;Jet A into-plane BDL B6437 26Sep N593JB;4500301651;00010;8415.000;LTR;1.3595;11440.19;U1;97.82;ebecf6a4-3be9-56f9-92a7-ccbb5771dd80;c3f746cb-0c68-5138-9dba-383cd3aa1ac1;WFS-BDL-333684;ab2920c6-c852-577d-b0ec-cce7f30dfddb;4500301651;5000301651;TICKET_NUMBER;FUELBDL;400000;MATCHED;0.00;0.00;NONE;3f515e2b-58c8-5d42-9021-4119e8ec7fe6;6732;1.6994;11440.19;WITHIN;
e1b4680a-58ab-5c25-a4ff-8039d6223469;ca924113-9faf-5484-b21a-9e8755a7b478;180;013573ad-8e1e-50ab-bfd5-140b70dbab8b;Jet A into-plane BDL B61475 26Sep N663JB;4500301677;00010;11118.000;LTR;1.3595;15114.92;U1;129.24;8ffaf48c-83a7-5328-9ce2-4387687a39d0;0852b638-c116-58c5-ad5b-2906901a6eb8;WFS-BDL-333687;2093343e-87ab-5bdf-a04c-40aa7dc88045;4500301677;5000301677;TICKET_NUMBER;FUELBDL;400000;MATCHED;0.00;0.00;NONE;30083e5d-d9e2-5136-a441-6ed80fff431b;8917.75;1.6949;15114.92;WITHIN;
c086f3fa-6505-51fb-87fb-5b9619649b97;99a3fd7c-8a18-5c43-a30f-d5afed960c76;10;013573ad-8e1e-50ab-bfd5-140b70dbab8b;Jet A into-plane BHM B68620 24Sep N606JB;4500300395;00010;3752.000;LTR;1.2711;4769.17;U1;43.61;a97b7677-8f2a-5288-b277-87dde27479a7;cbaaffc6-2313-56e0-bbff-2fdc256dd75f;AVF-BHM-522090;92faa246-5ccf-51d9-a4dc-c0cd72413b13;4500300395;5000300395;TICKET_NUMBER;FUELBHM;400000;MATCHED;0.00;0.00;NONE;0c468d65-8862-5cd6-865c-63814145b050;3010.98;1.5839;4769.17;WITHIN;
4c9eabd8-9174-54f1-aacf-93cf88143da5;99a3fd7c-8a18-5c43-a30f-d5afed960c76;20;013573ad-8e1e-50ab-bfd5-140b70dbab8b;Jet A into-plane BHM B68621 24Sep N593JB;4500300560;00010;2856.000;LTR;1.2711;3630.26;U1;33.20;55e1cdd6-a663-5f30-91d9-27d43a7b16f1;8a2f52a7-6851-5e73-a8d8-4e8d66cd7e36;AVF-BHM-522092;5485eebc-1b34-5303-b14a-173b9f12d403;4500300560;5000300560;TICKET_NUMBER;FUELBHM;400000;MATCHED;0.00;0.00;NONE;b542de71-8c4a-56f6-8d07-97f2887b72d0;2296.22;1.581;3630.26;WITHIN;
fd305493-f066-5bce-8636-90bdd9e20d55;ade509e7-16e6-5f61-a7fa-b86894bfe1e6;10;013573ad-8e1e-50ab-bfd5-140b70dbab8b;Jet A into-plane BNA B62482 24Sep N651JB;4500300220;00010;5279.000;LTR;1.2679;6693.24;U1;61.36;c34d8ab0-445a-5e03-8cf0-9b673fe151db;8c8d0525-13bd-5866-89ef-a9d4d97a251a;WFS-BNA-688035;8e18f35d-2c1f-577f-8209-676076903558;4500300220;5000300220;TICKET_NUMBER;FUELBNA;400000;MATCHED;0.00;0.00;NONE;1b8cfdc5-7b26-5431-a3f6-345387adf837;4185.19;1.5993;6693.24;WITHIN;
042b8726-7add-5fea-93ea-b54ddf37b494;ade509e7-16e6-5f61-a7fa-b86894bfe1e6;20;013573ad-8e1e-50ab-bfd5-140b70dbab8b;Jet A into-plane BNA B61806 24Sep N3125J;4500300283;00010;4891.000;LTR;1.2679;6201.30;U1;56.85;ffe439ae-4f76-58b9-bb46-967ae73ebc84;d383ea56-8844-514f-86f1-e7d8bb51d4a8;WFS-BNA-688038;74e67eb7-356d-567e-b42a-c7553ae84040;4500300283;5000300283;TICKET_NUMBER;FUELBNA;400000;MATCHED;0.00;0.00;NONE;bf84e23a-eaa0-5ae5-91d3-c67583fdfaf3;3891.28;1.5936;6201.3;WITHIN;
bb6405ac-637a-5c16-9a4f-4741e39d7c60;ade509e7-16e6-5f61-a7fa-b86894bfe1e6;30;013573ad-8e1e-50ab-bfd5-140b70dbab8b;Jet A into-plane BNA B6274 24Sep N3169J;4500300328;00010;3706.000;LTR;1.2679;4698.84;U1;43.08;abad3832-435c-5347-a53f-7cd44035e508;0f8cc0f9-5b64-5e2a-963b-c37eed5f8a1f;WFS-BNA-688041;b85b60c6-921f-50a5-a949-09fd26be52df;4500300328;5000300328;TICKET_NUMBER;FUELBNA;400000;MATCHED;0.00;0.00;NONE;11cbc5f5-ca12-5eb1-abff-6152e9a07f67;2948.49;1.5936;4698.84;WITHIN;
1345a6d5-e579-5255-b326-eda4eacefead;ade509e7-16e6-5f61-a7fa-b86894bfe1e6;40;013573ad-8e1e-50ab-bfd5-140b70dbab8b;Jet A into-plane BNA B62582 24Sep N651JB;4500300456;00010;4366.000;LTR;1.2679;5535.65;U1;50.75;91b58e4b-54da-519f-bdc8-544f7e7464f6;afa553a1-3fab-5c13-a333-4bc958c0c1f2;WFS-BNA-688042;d0982abb-a18e-52ea-ab1e-89160780ba55;4500300456;5000300456;TICKET_NUMBER;FUELBNA;400000;MATCHED;0.00;0.00;NONE;671bd896-0926-57db-8d87-2d0b9f43f276;3476.21;1.5924;5535.65;WITHIN;
efc4c88b-6f40-56c3-9ec1-329ccb5786e6;ade509e7-16e6-5f61-a7fa-b86894bfe1e6;50;013573ad-8e1e-50ab-bfd5-140b70dbab8b;Jet A into-plane BNA B6406 24Sep N3125J;4500300618;00010;6542.000;LTR;1.2679;8294.60;U1;76.04;c3032167-95ec-54da-bdfa-a2986687ab16;bcf64d93-c224-5f13-9bb7-ee83b282cf65;WFS-BNA-688043;e1e9c9d1-0e5b-5a95-8b0e-fd3d658b56fc;4500300618;5000300618;TICKET_NUMBER;FUELBNA;400000;MATCHED;0.00;0.00;NONE;ad5355ae-d34c-574d-bc0e-a05715cad18d;5212.01;1.5914;8294.6;WITHIN;
a174d106-cfd4-5b86-9c02-158538b76194;ade509e7-16e6-5f61-a7fa-b86894bfe1e6;60;013573ad-8e1e-50ab-bfd5-140b70dbab8b;Jet A into-plane BNA B61174 24Sep N635JB;4500300643;00010;7297.000;LTR;1.2679;9251.87;U1;84.82;28890496-f1e9-5f91-aa55-fbc86af5d97d;0eb70781-56a1-52a0-9e4f-a6772cdb9fda;WFS-BNA-688045;9a32a67a-b1fe-5344-99b7-136eb2b50f40;4500300643;5000300643;TICKET_NUMBER;FUELBNA;400000;MATCHED;0.00;0.00;NONE;f429a01a-3138-5f1a-9dc6-0536e0f09046;5812.79;1.5916;9251.87;WITHIN;
c7f67471-d8eb-5a01-9cde-fe111904be5b;ade509e7-16e6-5f61-a7fa-b86894bfe1e6;70;013573ad-8e1e-50ab-bfd5-140b70dbab8b;Jet A into-plane BNA B6806 25Sep N3196J;4500300806;00010;5612.000;LTR;1.2785;7174.94;U1;65.23;529dd6eb-d2fe-524a-8fde-51573a5c6665;7fa16e81-e8d6-5e5d-a053-db2268347235;WFS-BNA-688046;f9d160a7-6e67-5a64-b4a2-211d39314b09;4500300806;5000300806;TICKET_NUMBER;FUELBNA;400000;MATCHED;0.00;0.00;NONE;93175ea8-e5cb-58a2-92d7-41dedd3f7f1f;4462.66;1.6078;7174.94;WITHIN;
315caa84-6200-5caa-b3f6-eab22edda337;ade509e7-16e6-5f61-a7fa-b86894bfe1e6;80;013573ad-8e1e-50ab-bfd5-140b70dbab8b;Jet A into-plane BNA B62482 25Sep N659JB;4500300845;00010;5221.000;LTR;1.2785;6675.05;U1;60.69;1a79bd27-2b2f-58e0-a6ac-6bd544c30150;4b3b626a-368d-5d2c-ba3f-6b6a090d96bb;WFS-BNA-688049;09fee143-6dd9-535d-b4e1-5507094517f5;4500300845;5000300845;TICKET_NUMBER;FUELBNA;400000;MATCHED;0.00;0.00;NONE;edc66a92-83de-54ef-af3f-d10352f24456;4144.95;1.6104;6675.05;WITHIN;
315fbe93-5dab-514b-9ec1-1c1411b683c2;ade509e7-16e6-5f61-a7fa-b86894bfe1e6;90;013573ad-8e1e-50ab-bfd5-140b70dbab8b;Jet A into-plane BNA B61806 25Sep N3221J;4500300928;00010;5050.000;LTR;1.2785;6456.43;U1;58.70;25b7a10d-b321-583f-ba8a-91c91db016bc;be7b7d3f-626f-5203-b906-3b28cb5b6092;WFS-BNA-688052;e49cc0fa-5cbd-521c-a98b-242856ac9931;4500300928;5000300928;TICKET_NUMBER;FUELBNA;400000;MATCHED;0.00;0.00;NONE;8cc81f0a-1b45-56e0-9737-3c914c2529d3;4012.22;1.6092;6456.43;WITHIN;
dd919669-e369-5ed6-9b03-c26fcb32a759;ade509e7-16e6-5f61-a7fa-b86894bfe1e6;100;013573ad-8e1e-50ab-bfd5-140b70dbab8b;Jet A into-plane BNA B6274 25Sep N3291J;4500300988;00010;4208.000;LTR;1.2785;5379.93;U1;48.91;b7fc821e-465d-5214-b5db-b7a280978871;a15eb35f-0701-5dad-b5b0-93681b5572b9;WFS-BNA-688053;b8cb7a53-164f-50d2-86df-e9fae7edede0;4500300988;5000300988;TICKET_NUMBER;FUELBNA;400000;MATCHED;0.00;0.00;NONE;e75f9769-d846-50b8-84be-b638d912d227;3354.2;1.6039;5379.93;WITHIN;
c4ca23db-61ae-5d37-821c-4ec750de671f;ade509e7-16e6-5f61-a7fa-b86894bfe1e6;110;013573ad-8e1e-50ab-bfd5-140b70dbab8b;Jet A into-plane BNA B62582 25Sep N564JB;4500301106;00010;5256.000;LTR;1.2785;6719.80;U1;61.10;21e0a3f2-8e98-5453-b2c8-38b290b81b96;6e6ea8e8-bde1-53ef-9946-b426b2ef518c;WFS-BNA-688054;01d3005c-3440-5962-87e5-5e4e5915071a;4500301106;5000301106;TICKET_NUMBER;FUELBNA;400000;MATCHED;0.00;0.00;NONE;a408ada2-702d-59e7-8d11-437ccb1169ad;4191.13;1.6033;6719.8;WITHIN;
4754bb3c-d380-5be0-8290-e8fe21734210;ade509e7-16e6-5f61-a7fa-b86894bfe1e6;120;013573ad-8e1e-50ab-bfd5-140b70dbab8b;Jet A into-plane BNA B6406 25Sep N3221J;4500301170;00010;5525.000;LTR;1.2785;7063.71;U1;64.22;2e1b8e4a-03d6-5648-b0bb-8ed75c1fd20d;f6866c37-a702-542c-91ae-d293c3b897de;WFS-BNA-688057;e50ceade-b146-58ea-ac57-3457eee33a95;4500301170;5000301170;TICKET_NUMBER;FUELBNA;400000;MATCHED;0.00;0.00;NONE;77c704d7-078d-5f91-8dfb-c66a499a8e17;4400.11;1.6053;7063.71;WITHIN;
9da77c7e-490b-5090-87ef-04181e064800;ade509e7-16e6-5f61-a7fa-b86894bfe1e6;130;013573ad-8e1e-50ab-bfd5-140b70dbab8b;Jet A into-plane BNA B61174 25Sep N821JB;4500301295;00010;8384.000;LTR;1.2785;10718.94;U1;97.46;ea3e0c18-ea34-56f1-86dd-6239c30b1e56;944c0352-6a64-574f-9bcd-d46ffa938684;WFS-BNA-688060;cb54ef8b-0792-5129-9eb2-e7cabb2f67c3;4500301295;5000301295;TICKET_NUMBER;FUELBNA;400000;MATCHED;0.00;0.00;NONE;a8efd1d9-7e24-598a-b8ac-825453d0d6a9;6672.83;1.6064;10718.94;WITHIN;
014fedb7-3616-5b99-84d4-9fd347175446;ade509e7-16e6-5f61-a7fa-b86894bfe1e6;140;013573ad-8e1e-50ab-bfd5-140b70dbab8b;Jet A into-plane BNA B6806 26Sep N3260J;4500301428;00010;5190.000;LTR;1.2864;6676.42;U1;60.33;0f03caab-e8a7-5de3-853e-8670ca5ec904;8b22c391-5734-5cf6-9f04-34254b1e5eab;WFS-BNA-688062;14253671-6e8f-535d-96b0-d253337ade6c;4500301428;5000301428;TICKET_NUMBER;FUELBNA;400000;MATCHED;0.00;0.00;NONE;65355448-0a57-5cb8-9748-4f509b1d07c1;4190.93;1.5931;6676.42;WITHIN;
c691d10d-6ac9-5781-98d6-ef0e32a1cbf2;ade509e7-16e6-5f61-a7fa-b86894bfe1e6;150;013573ad-8e1e-50ab-bfd5-140b70dbab8b;Jet A into-plane BNA B62482 26Sep N658JB;4500301480;00010;5758.000;LTR;1.2864;7407.09;U1;66.93;d6e0332a-cfc8-5fd3-ad9c-cbc825963bbb;2f2cd699-733f-5abc-a000-2ffbbc2cc767;WFS-BNA-688064;939cb184-6666-5697-96d5-b9f7a2e1349a;4500301480;5000301480;TICKET_NUMBER;FUELBNA;400000;MATCHED;0.00;0.00;NONE;63044e4a-5ae4-5966-9493-2fae2332d69a;4666.28;1.5874;7407.09;WITHIN;
728a8ede-6188-5cfb-8c91-375bc0b59c3b;ade509e7-16e6-5f61-a7fa-b86894bfe1e6;160;013573ad-8e1e-50ab-bfd5-140b70dbab8b;Jet A into-plane BNA B61806 26Sep N3307J;4500301553;00010;6046.000;LTR;1.2864;7777.57;U1;70.28;b32f1003-0014-5dd7-926a-379ee8c5295e;5f347e4e-c923-5841-a981-7a4fe5f22dc1;WFS-BNA-688065;4c915ec3-704a-53b0-9db3-5b2504af65b8;4500301553;5000301553;TICKET_NUMBER;FUELBNA;400000;MATCHED;0.00;0.00;NONE;7445a831-c0bf-5082-9bd0-4a9a9faaa767;4884.56;1.5923;7777.57;WITHIN;
f7820777-abe0-50a6-bf89-a2079579e9b1;ade509e7-16e6-5f61-a7fa-b86894bfe1e6;170;013573ad-8e1e-50ab-bfd5-140b70dbab8b;Jet A into-plane BNA B6274 26Sep N3251J;4500301610;00010;4523.000;LTR;1.2864;5818.39;U1;52.58;38884ab1-f63e-54be-bb6a-3517345353e8;f9bbd37f-45f0-58cf-93f6-4f59ddd73976;WFS-BNA-688068;c8bedec8-969b-57fc-ab0b-f0a83d608490;4500301610;5000301610;TICKET_NUMBER;FUELBNA;400000;MATCHED;0.00;0.00;NONE;2bd96e23-f06b-562c-b503-5cba488a8bbd;3657.3;1.5909;5818.39;WITHIN;
31c6a1d4-c07c-5c90-a8da-9adb65ce5dab;ade509e7-16e6-5f61-a7fa-b86894bfe1e6;180;013573ad-8e1e-50ab-bfd5-140b70dbab8b;Jet A into-plane BNA B62582 26Sep N805JB;4500301701;00010;6029.000;LTR;1.2864;7755.71;U1;70.08;fe401db3-429b-5b00-b591-f67fa4b67a65;a3c370b8-262c-542d-9a78-2ce359a2602e;WFS-BNA-688071;a722b851-56de-5011-9789-5e4453a9f0e0;4500301701;5000301701;TICKET_NUMBER;FUELBNA;400000;MATCHED;0.00;0.00;NONE;65e3b919-49d4-525b-b24f-67b0177bd0a9;4868.42;1.5931;7755.71;WITHIN;
8dcd1fc0-7206-5c50-8fcd-296868e82bbc;f35981fe-204a-5be5-ac37-4a0bb10c9925;10;013573ad-8e1e-50ab-bfd5-140b70dbab8b;Jet A into-plane BOS B6397 23Sep N971JT;4500300002;00010;21111.000;LTR;1.2981;27404.19;U1;245.39;948fd5b8-88f4-5b54-8cea-73f85be193ec;7ff1c14f-f0e3-5e29-9b7e-caaaa45d00fe;SHL-BOS-696780;c9b92ea2-96a9-5ca1-8987-710ccd5efcd0;4500300002;5000300002;TICKET_NUMBER;FUELBOS;400000;MATCHED;0.00;0.00;NONE;580d575e-f3cd-5f75-8107-de924febd2a9;16865.58;1.6249;27404.19;WITHIN;
91c8e488-9d01-5cfd-bb5a-77e942b0a9ae;f35981fe-204a-5be5-ac37-4a0bb10c9925;20;013573ad-8e1e-50ab-bfd5-140b70dbab8b;Jet A into-plane BOS B6845 23Sep N3121J;4500300033;00010;1468.000;LTR;1.2981;1905.61;U1;17.06;f39c4204-2066-5ae5-a907-6a81fc12c5ec;7af3c103-5e87-5783-9bd2-869b6345270f;SHL-BOS-696782;a07e826a-5722-59bc-a379-cd4e869eeae2;4500300033;5000300033;TICKET_NUMBER;FUELBOS;400000;MATCHED;0.00;0.00;NONE;194678e1-e094-51f2-8123-2a8810111822;1170.29;1.6283;1905.61;WITHIN;
701da1a4-d0f9-505d-b1c5-00b73d2d0f1c;f35981fe-204a-5be5-ac37-4a0bb10c9925;30;013573ad-8e1e-50ab-bfd5-140b70dbab8b;Jet A into-plane BOS B61337 23Sep N3162J;4500300044;00010;3468.000;LTR;1.2981;4501.81;U1;40.31;0dc9f67e-6b75-575f-b233-6d1cf088e598;c0b02832-f83b-56fb-8d44-a92c4d95cf5f;SHL-BOS-696783;b9ec005a-51d4-535f-a65f-de8911629cf9;4500300044;5000300044;TICKET_NUMBER;FUELBOS;400000;MATCHED;0.00;0.00;NONE;8b685543-b29f-5824-99d8-f84c1f380d58;2763.65;1.6289;4501.81;WITHIN;
40413fe2-f650-5b0b-96ff-565369c1fa76;f35981fe-204a-5be5-ac37-4a0bb10c9925;40;013573ad-8e1e-50ab-bfd5-140b70dbab8b;Jet A into-plane BOS B6591 23Sep N564JB;4500300064;00010;7922.000;LTR;1.2981;10283.55;U1;92.09;56f439e5-21b3-56fa-ab7d-8ae55491d0ce;18e4010d-3f21-512b-a1a2-8f045d7710c6;SHL-BOS-696786;80471275-fa31-5921-a8af-637d13cd1872;4500300064;5000300064;TICKET_NUMBER;FUELBOS;400000;MATCHED;0.00;0.00;NONE;4056ffd9-9d9c-577b-9dbd-43fe9e032659;6306.7;1.6306;10283.55;WITHIN;
e0795b3c-e423-57e7-959e-65d95906a35a;f35981fe-204a-5be5-ac37-4a0bb10c9925;50;013573ad-8e1e-50ab-bfd5-140b70dbab8b;Jet A into-plane BOS B62261 23Sep N4048J;4500300065;00010;18010.000;LTR;1.2981;23378.78;U1;209.35;8f43abda-8ebf-59d0-83ce-3b7e4887360b;387d867a-2b39-5d5b-9d2b-c00f210a52a5;SHL-BOS-696789;93baa3ec-84de-51bc-8495-3488293db176;4500300065;5000300065;TICKET_NUMBER;FUELBOS;400000;MATCHED;0.00;0.00;NONE;e9df6fac-e125-58d3-a1b0-7e62a04a4ec5;14370.18;1.6269;23378.78;WITHIN;
a440dd53-0f09-5859-95c6-d42ecc3c8f46;f35981fe-204a-5be5-ac37-4a0bb10c9925;60;013573ad-8e1e-50ab-bfd5-140b70dbab8b;Jet A into-plane BOS B61079 23Sep N2188J;4500300073;00010;16576.000;LTR;1.2981;21517.31;U1;192.68;e802c03b-51b7-530d-953e-6b91fa7fde6b;ac37ab1e-8a9b-5287-b485-2c3213e18cd4;SHL-BOS-696790;a54aedcc-ccf6-50b5-8ffd-91b69b62a169;4500300073;5000300073;TICKET_NUMBER;FUELBOS;400000;MATCHED;0.00;0.00;NONE;6b72e548-86ef-5a15-8b83-428b1a025a03;13202.78;1.6298;21517.31;WITHIN;
ca77b2ad-558d-5e56-b3b6-55e2bcc3db95;f35981fe-204a-5be5-ac37-4a0bb10c9925;70;013573ad-8e1e-50ab-bfd5-140b70dbab8b;Jet A into-plane BOS B61897 23Sep N3221J;4500300077;00010;4962.000;LTR;1.2981;6441.17;U1;57.68;4ea2f842-a62d-5073-9db6-81733c5f9719;7b26e59b-0bd5-5615-9774-fd6ba76fdafd;SHL-BOS-696793;f54c4314-6576-5e5e-8759-191bbad916e0;4500300077;5000300077;TICKET_NUMBER;FUELBOS;400000;MATCHED;0.00;0.00;NONE;a925200b-927a-5ebc-bea8-faa8dc1e263a;3962.65;1.6255;6441.17;WITHIN;
8a4bcd2d-afdc-59ff-a23c-381c56e219a6;f35981fe-204a-5be5-ac37-4a0bb10c9925;80;013573ad-8e1e-50ab-bfd5-140b70dbab8b;Jet A into-plane BOS B6455 24Sep N3284J;4500300111;00010;2626.000;LTR;1.3061;3429.82;U1;30.52;8b8f76c6-f389-5b31-9ae7-0bfd80226d60;46af81df-2372-57db-9dc1-5829c5d13de9;SHL-BOS-696794;7f4812cc-f023-526f-8116-f4a0d99b8979;4500300111;5000300111;TICKET_NUMBER;FUELBOS;400000;MATCHED;0.00;0.00;NONE;f01d53ac-8020-5fa0-8a0d-987c0870eed3;2108.94;1.6263;3429.82;WITHIN;
a712e3f9-9275-5fda-884c-4d3333eebebc;f35981fe-204a-5be5-ac37-4a0bb10c9925;90;013573ad-8e1e-50ab-bfd5-140b70dbab8b;Jet A into-plane BOS B6287 24Sep N947JB;4500300120;00010;19533.000;LTR;1.3061;25512.05;U1;227.05;cf7a6804-e18b-574c-b06e-78e4774e4b7e;509e29f8-9445-5bdb-b08c-3f4947ac90f1;SHL-BOS-696795;174617f7-1ae7-523d-98c7-c194d383f9e5;4500300120;5000300120;TICKET_NUMBER;FUELBOS;400000;MATCHED;0.00;0.00;NONE;3abb4049-23b6-592e-bd4d-d982f98eea18;15735.78;1.6213;25512.05;WITHIN;
de5c1339-a3ff-56f3-b03f-6de0db35c993;f35981fe-204a-5be5-ac37-4a0bb10c9925;100;013573ad-8e1e-50ab-bfd5-140b70dbab8b;Jet A into-plane BOS B6351 24Sep N3115J;4500300131;00010;7695.000;LTR;1.3061;10050.44;U1;89.45;e540a674-8507-5918-a4b1-9172ca3011dd;94dea7d4-639f-50f7-9276-42a7adc4fa40;SHL-BOS-696796;b5f1d7bc-0832-5982-9e2f-dca2357d164c;4500300131;5000300131;TICKET_NUMBER;FUELBOS;400000;MATCHED;0.00;0.00;NONE;d52f868a-cbac-5dfa-b1d3-65491c7f6a8d;6183.7;1.6253;10050.44;WITHIN;
0981722f-506c-58bd-a74e-b7c464315512;f35981fe-204a-5be5-ac37-4a0bb10c9925;110;013573ad-8e1e-50ab-bfd5-140b70dbab8b;Jet A into-plane BOS B6691 24Sep N703JB;4500300148;00010;8787.000;LTR;1.3061;11476.70;U1;102.14;155df43a-fde9-5da0-91d3-89a6b2f3bc3c;05748776-b8be-5306-bd26-7665d05512a9;SHL-BOS-696797;326a93eb-2ac6-5301-8ee9-96401539bd77;4500300148;5000300148;TICKET_NUMBER;FUELBOS;400000;MATCHED;0.00;0.00;NONE;a0dc3066-bcd1-54fa-b0dc-d7070ed60d83;7075.29;1.6221;11476.7;WITHIN;
8e202874-c377-5f18-8498-64ee1a526407;f35981fe-204a-5be5-ac37-4a0bb10c9925;120;013573ad-8e1e-50ab-bfd5-140b70dbab8b;Jet A into-plane BOS B61577 24Sep N2156J;4500300170;00010;14103.000;LTR;1.3061;18419.93;U1;163.93;479e963a-78f7-5e36-ad39-cd4ec06f459a;48510b0e-334a-5065-8c27-22292d9fa7d3;SHL-BOS-696798;34cde7a2-bade-5400-bd0e-6f5e62d1ef79;4500300170;5000300170;TICKET_NUMBER;FUELBOS;400000;MATCHED;0.00;0.00;NONE;577d5201-cb86-537f-a2bd-8ee5dde82868;11327.53;1.6261;18419.93;WITHIN;
4fe39941-b3a4-5fe0-bc7a-cd57a0055582;f35981fe-204a-5be5-ac37-4a0bb10c9925;130;013573ad-8e1e-50ab-bfd5-140b70dbab8b;Jet A into-plane BOS B6109 24Sep N3085J;4500300206;00010;5525.000;LTR;1.3061;7216.20;U1;64.22;e804dd5f-8c8b-5fe5-9af2-d40f9868b083;26bb278a-af02-5e60-8029-c23facaaebea;SHL-BOS-696800;e18fe3aa-e811-5e76-9f73-f86e0831ce48;4500300206;5000300206;TICKET_NUMBER;FUELBOS;400000;MATCHED;0.00;0.00;NONE;71d3bfc2-a70a-57b5-ac92-becf751b291a;4435.47;1.6269;7216.2;WITHIN;
f8ce622e-1577-5fba-b7c1-70060f18cab2;f35981fe-204a-5be5-ac37-4a0bb10c9925;140;013573ad-8e1e-50ab-bfd5-140b70dbab8b;Jet A into-plane BOS B61055 24Sep N3065J;4500300209;00010;3018.000;LTR;1.3061;3941.81;U1;35.08;a530c5fb-3f16-5c28-8c9b-3260014e7bea;de0878ea-230c-5a3a-9f11-ef2bc9b23264;SHL-BOS-696802;7e856836-ed06-5bfa-be2e-c8366651dd8c;4500300209;5000300209;TICKET_NUMBER;FUELBOS;400000;MATCHED;0.00;0.00;NONE;50be08f7-0c0f-57e6-a20b-48e66c34553c;2430.09;1.6221;3941.81;WITHIN;
a295aa8b-27fb-54f1-9683-0fcb961fa11a;f35981fe-204a-5be5-ac37-4a0bb10c9925;150;013573ad-8e1e-50ab-bfd5-140b70dbab8b;Jet A into-plane BOS B621 24Sep N998JE;4500300211;00010;10336.000;LTR;1.3061;13499.85;U1;120.15;e2e75cd3-fff6-564e-b0c0-8bddd62842b1;56198ecd-bd3d-56f1-9a04-806934421e0b;SHL-BOS-696805;9f2c7f2e-0fba-56b2-909b-344dd188d9b3;4500300211;5000300211;TICKET_NUMBER;FUELBOS;400000;MATCHED;0.00;0.00;NONE;7994d74f-47ae-589f-b239-5402478fe53e;8319.45;1.6227;13499.85;WITHIN;
ec02fc8a-0335-5667-9618-2473eb7c1ba9;f35981fe-204a-5be5-ac37-4a0bb10c9925;160;013573ad-8e1e-50ab-bfd5-140b70dbab8b;Jet A into-plane BOS B6837 24Sep N3077J;4500300228;00010;4401.000;LTR;1.3061;5748.15;U1;51.16;548c114c-8a0e-516f-afed-bd3a646dc2e1;161b3ca6-f144-5360-99b4-e6c5aca0fcc1;SHL-BOS-696806;dd7aa717-781e-5e40-b1cc-10b4d99c799a;4500300228;5000300228;TICKET_NUMBER;FUELBOS;400000;MATCHED;0.00;0.00;NONE;9e4180b1-c62f-523d-a668-6d6e05d76d85;3534.44;1.6263;5748.15;WITHIN;
e1f6cb2c-5f24-55f6-a4f5-003d9bc34af1;f35981fe-204a-5be5-ac37-4a0bb10c9925;170;013573ad-8e1e-50ab-bfd5-140b70dbab8b;Jet A into-plane BOS B62041 24Sep N3296J;4500300230;00010;3311.000;LTR;1.3061;4324.50;U1;38.49;99f738b7-2052-57b7-b696-50a449c496ff;aa24484f-34b4-539c-ba22-b762270286c0;SHL-BOS-696809;8644dbfb-a74e-5be4-9ae5-e279211a031f;4500300230;5000300230;TICKET_NUMBER;FUELBOS;400000;MATCHED;0.00;0.00;NONE;332491de-6f8e-5826-9e39-bada4ef58449;2667.34;1.6213;4324.5;WITHIN;
8997ee5b-9c2a-550f-bed5-300b248601b6;f35981fe-204a-5be5-ac37-4a0bb10c9925;180;013573ad-8e1e-50ab-bfd5-140b70dbab8b;Jet A into-plane BOS B6203 24Sep N3307J;4500300232;00010;4438.000;LTR;1.3061;5796.47;U1;51.59;23897a5c-71ae-5f44-abb8-c89397edf38a;e7da9e4b-67c4-5d62-98b5-7c0d53d7dc7f;SHL-BOS-696812;5df79f26-8237-5a37-afe3-fe90bf780fd5;4500300232;5000300232;TICKET_NUMBER;FUELBOS;400000;MATCHED;0.00;0.00;NONE;56495e08-e10d-52d9-8470-4af1d734cb43;3564.16;1.6263;5796.47;WITHIN;
3af61b86-9a64-5b3b-966f-b4825897d421;f35981fe-204a-5be5-ac37-4a0bb10c9925;190;013573ad-8e1e-50ab-bfd5-140b70dbab8b;Jet A into-plane BOS B61281 24Sep N595JB;4500300245;00010;3610.000;LTR;1.3061;4715.02;U1;41.96;038a8c96-acd6-547b-aae9-7b363f777548;3a210e21-1b93-531e-9a84-c82faa7410b0;SHL-BOS-696813;44908cd3-15cf-5807-a595-60ce411f69ab;4500300245;5000300245;TICKET_NUMBER;FUELBOS;400000;MATCHED;0.00;0.00;NONE;559239ca-47fb-58e7-a2cc-9fefe72ac661;2899.55;1.6261;4715.02;WITHIN;
57d23f40-be94-58e1-855c-db7ed6d9ac7c;f35981fe-204a-5be5-ac37-4a0bb10c9925;200;013573ad-8e1e-50ab-bfd5-140b70dbab8b;Jet A into-plane BOS B61097 24Sep N3242J;4500300253;00010;6260.000;LTR;1.3061;8176.19;U1;72.77;a9edc43c-a591-54ee-93d5-780508e7275d;3cdc9f9e-0c46-5625-baa8-4f12988e1854;SHL-BOS-696815;e3bb13e9-ffd0-59ef-8d41-597fb62065e0;4500300253;5000300253;TICKET_NUMBER;FUELBOS;400000;MATCHED;0.00;0.00;NONE;936e91fa-fcd2-5867-8455-e4a24119c030;5028.03;1.6261;8176.19;WITHIN;
8feba1ff-d418-5c4d-af9d-5a9244c07e64;f35981fe-204a-5be5-ac37-4a0bb10c9925;210;013573ad-8e1e-50ab-bfd5-140b70dbab8b;Jet A into-plane BOS B6219 24Sep N2205J;4500300267;00010;15963.000;LTR;1.3061;20849.27;U1;185.55;e2188170-eff1-5cd2-b1a9-3d20125e3b0c;bcd4fb7a-3e63-5754-909f-c9d3529c8811;SHL-BOS-696818;0aba34ac-2a04-56ba-980f-3e3af325d67b;4500300267;5000300267;TICKET_NUMBER;FUELBOS;400000;MATCHED;0.00;0.00;NONE;87996415-58f6-5476-b5de-94b4206571f8;12864.58;1.6207;20849.27;WITHIN;
4dd883e1-a8fd-5407-b4a3-08a2a1f57d94;f35981fe-204a-5be5-ac37-4a0bb10c9925;220;013573ad-8e1e-50ab-bfd5-140b70dbab8b;Jet A into-plane BOS B6833 24Sep N980JT;4500300276;00010;19828.000;LTR;1.3061;25897.35;U1;230.48;d66c1ee9-da2a-507e-86ee-f6b818919841;c95bb0eb-2bcb-5e4d-9dfa-053425a3cca7;SHL-BOS-696819;7a65db07-712a-5682-aee3-6d00225db504;4500300276;5000300276;TICKET_NUMBER;FUELBOS;400000;MATCHED;0.00;0.00;NONE;1cac5b04-a2b3-5176-b889-0e82a60aea1c;15981.37;1.6205;25897.35;WITHIN;
07caed16-17ec-58db-9129-86c7dded5698;f35981fe-204a-5be5-ac37-4a0bb10c9925;230;013573ad-8e1e-50ab-bfd5-140b70dbab8b;Jet A into-plane BOS B61439 24Sep N3251J;4500300280;00010;10132.000;LTR;1.3061;13233.41;U1;117.77;7f31f13a-a98d-5954-95c1-58f83ed564be;84a47a0a-3c60-544f-a224-4a874cbac75e;SHL-BOS-696820;f5d59b94-2d72-5f30-be38-fb0ab3db6d5d;4500300280;5000300280;TICKET_NUMBER;FUELBOS;400000;MATCHED;0.00;0.00;NONE;86c33322-e6bb-52ec-9d68-71261a15b27c;8133.97;1.6269;13233.41;WITHIN;
8b6d8a34-4e4b-5142-8809-fa98f5d3d397;f35981fe-204a-5be5-ac37-4a0bb10c9925;240;013573ad-8e1e-50ab-bfd5-140b70dbab8b;Jet A into-plane BOS B6651 24Sep N913JB;4500300300;00010;8930.000;LTR;1.3061;11663.47;U1;103.80;7db26381-7cd2-57f5-812b-2c4dfa438a96;12233ac2-55b8-53eb-812f-ece741679e11;SHL-BOS-696822;2d8e7bbf-4866-5370-9fe5-1e712aa66c6b;4500300300;5000300300;TICKET_NUMBER;FUELBOS;400000;MATCHED;0.00;0.00;NONE;1a9ef434-32a8-5199-880a-e5e77c22ebaa;7187.76;1.6227;11663.47;WITHIN;
c146fba3-e42f-5800-af72-e9d354b4a416;f35981fe-204a-5be5-ac37-4a0bb10c9925;250;013573ad-8e1e-50ab-bfd5-140b70dbab8b;Jet A into-plane BOS B61293 24Sep N3162J;4500300326;00010;5705.000;LTR;1.3061;7451.30;U1;66.31;01a34027-2274-5958-8838-31c6717b800e;3f62deb6-3bb7-5b24-b1c4-35b9cd62221a;SHL-BOS-696824;7935b3a7-e080-56d1-ae99-6919b101dde5;4500300326;5000300326;TICKET_NUMBER;FUELBOS;400000;MATCHED;0.00;0.00;NONE;1867a35c-f7e9-55ec-8779-85f7feb1ac2e;4605.65;1.6179;7451.3;WITHIN;
7f2ba598-3415-5e20-ae00-5acd886c6411;f35981fe-204a-5be5-ac37-4a0bb10c9925;260;013573ad-8e1e-50ab-bfd5-140b70dbab8b;Jet A into-plane BOS B62283 24Sep N588JB;4500300336;00010;4593.000;LTR;1.3061;5998.92;U1;53.39;1b802b00-5b17-5e4b-a909-40a28e909866;e0e15736-8897-5e09-b650-14094f69e0bc;SHL-BOS-696826;378868e1-cd31-5243-b984-311c38ebc6a7;4500300336;5000300336;TICKET_NUMBER;FUELBOS;400000;MATCHED;0.00;0.00;NONE;be856952-1e29-5870-af9a-db69fc8d3c3a;3705.63;1.6189;5998.92;WITHIN;
addf3dd1-4cd8-5a44-aa93-b69b3e4aade5;f35981fe-204a-5be5-ac37-4a0bb10c9925;270;013573ad-8e1e-50ab-bfd5-140b70dbab8b;Jet A into-plane BOS B6915 24Sep N3152J;4500300363;00010;2861.000;LTR;1.3061;3736.75;U1;33.26;1a2a5c83-55e8-5e2b-b3d0-a2c1174ee362;e3df8160-10a9-5a48-9881-6b4909333e5b;SHL-BOS-696828;0d39422b-0c4d-5964-a634-eb1d3d9a1608;4500300363;5000300363;TICKET_NUMBER;FUELBOS;400000;MATCHED;0.00;0.00;NONE;e5461e72-8c00-5ceb-88dd-c1f85672ce2d;2307.97;1.6191;3736.75;WITHIN;
baca5767-fc13-5dbf-ae47-da4cb68ce977;f35981fe-204a-5be5-ac37-4a0bb10c9925;280;013573ad-8e1e-50ab-bfd5-140b70dbab8b;Jet A into-plane BOS B61859 24Sep N3194J;4500300385;00010;4251.000;LTR;1.3061;5552.23;U1;49.41;e5e4a580-208d-53e4-b28f-552eacb9dbcd;a88256c2-a500-550c-9cf3-1416bc2c84ad;SHL-BOS-696830;a3aa3958-3722-5ed3-a41c-017b9267bc1c;4500300385;5000300385;TICKET_NUMBER;FUELBOS;400000;MATCHED;0.00;0.00;NONE;b35abf71-07c9-5d4b-9be6-b297eb610e57;3424.61;1.6213;5552.23;WITHIN;
d0adfc80-da5c-5586-a318-d466027e5c72;f35981fe-204a-5be5-ac37-4a0bb10c9925;290;013573ad-8e1e-50ab-bfd5-140b70dbab8b;Jet A into-plane BOS B61397 24Sep N3065J;4500300388;00010;6414.000;LTR;1.3061;8377.33;U1;74.56;93dfb795-47cb-5735-bfb9-b959d42b94ae;a5171adb-7b18-5eb1-8cd7-3df6bede1e57;SHL-BOS-696833;4f22a4a2-8fab-54ed-ab0d-fb67e207702c;4500300388;5000300388;TICKET_NUMBER;FUELBOS;400000;MATCHED;0.00;0.00;NONE;76d0a428-004e-516f-a842-0461d24332bc;5156.86;1.6245;8377.33;WITHIN;
bdd32e42-4956-56fe-8e02-a71644433d23;f35981fe-204a-5be5-ac37-4a0bb10c9925;300;013573ad-8e1e-50ab-bfd5-140b70dbab8b;Jet A into-plane BOS B6855 24Sep N3298J;4500300391;00010;2927.000;LTR;1.3061;3822.95;U1;34.02;b0a45490-5f9d-55e2-b7b4-f3affa4ec6f7;1d06c916-1ad8-535d-b810-0d8ef6f7ff72;SHL-BOS-696836;953b1e51-7443-51a1-a091-d7ea285e0b32;4500300391;5000300391;TICKET_NUMBER;FUELBOS;400000;MATCHED;0.00;0.00;NONE;a577f098-f39f-57f0-9724-abc5b6524d91;2355.65;1.6229;3822.95;WITHIN;
993bf11e-9512-530f-8ae1-5aee08ffa958;f35981fe-204a-5be5-ac37-4a0bb10c9925;310;013573ad-8e1e-50ab-bfd5-140b70dbab8b;Jet A into-plane BOS B62251 24Sep N903JB;4500300411;00010;9521.000;LTR;1.3061;12435.38;U1;110.67;45042b0a-4aef-5039-9f98-d83d8468b7ae;ed10419a-014b-504d-b976-80f01c354cf7;SHL-BOS-696839;f6afeb77-ca11-5487-9cd8-e275c57fd94d;4500300411;5000300411;TICKET_NUMBER;FUELBOS;400000;MATCHED;0.00;0.00;NONE;76fcbee8-ddc5-5af7-9788-9333b0b0be19;7651.08;1.6253;12435.38;WITHIN;
91a94690-9198-53c5-9245-0a4e671fac04;f35981fe-204a-5be5-ac37-4a0bb10c9925;320;013573ad-8e1e-50ab-bfd5-140b70dbab8b;Jet A into-plane BOS B62383 24Sep N3121J;4500300423;00010;4520.000;LTR;1.3061;5903.57;U1;52.54;fb01c5d2-ad6d-5363-b200-7b2730e7ecb8;af18e042-6f01-5e11-80ce-51aa1af9ea78;SHL-BOS-696842;60e5c343-d571-50df-b61e-800c832874de;4500300423;5000300423;TICKET_NUMBER;FUELBOS;400000;MATCHED;0.00;0.00;NONE;b256232e-86ed-592e-953e-3c803ff65223;3632.27;1.6253;5903.57;WITHIN;
4eee288e-d673-5f77-9cf4-f94f301eb326;f35981fe-204a-5be5-ac37-4a0bb10c9925;330;013573ad-8e1e-50ab-bfd5-140b70dbab8b;Jet A into-plane BOS B62459 24Sep N3085J;4500300483;00010;2331.000;LTR;1.3061;3044.52;U1;27.10;bb9a9f69-6d1d-5abd-8b86-d98f929170f3;1989a059-161e-5a12-bf5d-9a34c58eb538;SHL-BOS-696844;c0223962-eb90-5b00-8c5a-e348d38f771f;4500300483;5000300483;TICKET_NUMBER;FUELBOS;400000;MATCHED;0.00;0.00;NONE;b7a22d90-94aa-58cb-84dd-b8197b8bc000;1879.02;1.6203;3044.52;WITHIN;
76059f4e-cc83-5d9f-8ef1-737c82282cb9;f35981fe-204a-5be5-ac37-4a0bb10c9925;340;013573ad-8e1e-50ab-bfd5-140b70dbab8b;Jet A into-plane BOS B61237 24Sep N703JB;4500300525;00010;5197.000;LTR;1.3061;6787.80;U1;60.41;d71ee620-ff19-50f5-9b56-5542583d24ac;000c752a-8aaa-554c-91b6-c9e9566409fe;SHL-BOS-696845;4b5e2c52-1f1d-56ff-b243-094cec360378;4500300525;5000300525;TICKET_NUMBER;FUELBOS;400000;MATCHED;0.00;0.00;NONE;d144742d-517b-5fb5-830d-513ec9c2aee5;4172.15;1.6269;6787.8;WITHIN;
f7fccc93-5c0a-5eeb-930f-518d12b025c7;f35981fe-204a-5be5-ac37-4a0bb10c9925;350;013573ad-8e1e-50ab-bfd5-140b70dbab8b;Jet A into-plane BOS B62065 24Sep N3296J;4500300549;00010;7403.000;LTR;1.3061;9669.06;U1;86.05;79022fc4-bddf-50ed-823b-01b54343b7a4;f6eb75b6-51d7-5eeb-ad6b-182498927021;SHL-BOS-696848;95a45020-18d0-527d-981d-7abad2bb0220;4500300549;5000300549;TICKET_NUMBER;FUELBOS;400000;MATCHED;0.00;0.00;NONE;9bb0bae2-ee61-5c18-a3e4-c376461f2fa2;5954.97;1.6237;9669.06;WITHIN;
3e5a34f9-dc38-54ee-a4ed-fd17c7998f8f;f35981fe-204a-5be5-ac37-4a0bb10c9925;360;013573ad-8e1e-50ab-bfd5-140b70dbab8b;Jet A into-plane BOS B6387 24Sep N949JT;4500300553;00010;20760.000;LTR;1.3061;27114.64;U1;241.31;397212c5-8035-5f99-92be-218a937141b2;e2457e3b-853b-5727-9b88-8b35f8e2b477;SHL-BOS-696849;d2cd1cd9-b23c-51fd-8912-a252adc4638e;4500300553;5000300553;TICKET_NUMBER;FUELBOS;400000;MATCHED;0.00;0.00;NONE;c5362677-1625-5f10-b6ac-27ec2dfeddf9;16738.79;1.6199;27114.64;WITHIN;
481197e7-9002-5326-9c2a-2422f9bb3e77;f35981fe-204a-5be5-ac37-4a0bb10c9925;370;013573ad-8e1e-50ab-bfd5-140b70dbab8b;Jet A into-plane BOS B6177 24Sep N986JB;4500300554;00010;18139.000;LTR;1.3061;23691.35;U1;210.85;aab1619d-2ea7-5e31-8a7c-e82eef1e2a0f;c4ca38a9-f255-5719-801d-44d9a43c23a7;SHL-BOS-696850;69b1f510-18d0-51e1-b9f6-467cc1b8dbc7;4500300554;5000300554;TICKET_NUMBER;FUELBOS;400000;MATCHED;0.00;0.00;NONE;e7f4cbfd-3ed4-5517-8eca-8de8a9431409;14591.01;1.6237;23691.35;WITHIN;
579055a8-92e0-5fd9-b92e-b9878bf2894f;f35981fe-204a-5be5-ac37-4a0bb10c9925;380;013573ad-8e1e-50ab-bfd5-140b70dbab8b;Jet A into-plane BOS B6715 24Sep N3244J;4500300568;00010;3776.000;LTR;1.3061;4931.83;U1;43.89;5df93883-5d8c-5849-a99e-0ff6281c945a;8df83d30-1085-558d-bfca-a1f88a18bc34;SHL-BOS-696852;81b31dc8-b3d4-5a5c-98ba-cbb7cde3f384;4500300568;5000300568;TICKET_NUMBER;FUELBOS;400000;MATCHED;0.00;0.00;NONE;531cd360-a081-5075-9045-ac9d20efee66;3036.28;1.6243;4931.83;WITHIN;
02693af4-ced1-5ad8-bcac-e9ed180a980d;f35981fe-204a-5be5-ac37-4a0bb10c9925;390;013573ad-8e1e-50ab-bfd5-140b70dbab8b;Jet A into-plane BOS B6817 24Sep N3162J;4500300596;00010;2940.000;LTR;1.3061;3839.93;U1;34.17;802ebfe3-36af-5937-826d-f933012ff523;4bb619aa-2a34-5b38-8e18-6aeecc16a60b;SHL-BOS-696853;aee7caae-f933-5ac9-b566-120c11722505;4500300596;5000300596;TICKET_NUMBER;FUELBOS;400000;MATCHED;0.00;0.00;NONE;f053eb1c-4964-5074-b080-98ff502bdf20;2367.88;1.6217;3839.93;WITHIN;
e760f0c7-a13e-56b9-b0b9-7d051d449566;f35981fe-204a-5be5-ac37-4a0bb10c9925;400;013573ad-8e1e-50ab-bfd5-140b70dbab8b;Jet A into-plane BOS B6907 24Sep N3196J;4500300604;00010;6160.000;LTR;1.3061;8045.58;U1;71.60;e0d11a78-0004-531e-b048-b44b40d092d8;e93aa893-0f3a-540f-99cd-8b1afc43cf65;SHL-BOS-696855;57bef078-8bb0-515c-bf80-5636ccc50f2a;4500300604;5000300604;TICKET_NUMBER;FUELBOS;400000;MATCHED;0.00;0.00;NONE;8901a9c3-2fe8-54f8-a839-8efa39e4bca2;4961.88;1.6215;8045.58;WITHIN;
a9f790e3-05a5-57b5-89cd-0a1e3a87499a;f35981fe-204a-5be5-ac37-4a0bb10c9925;410;013573ad-8e1e-50ab-bfd5-140b70dbab8b;Jet A into-plane BOS B6845 24Sep N3271J;4500300606;00010;1400.000;LTR;1.3061;1828.54;U1;16.27;b07badaf-9818-512a-80da-e4557f729f30;291e25fd-72d8-5235-b88a-ccd73b3a24f1;SHL-BOS-696858;67cebf79-63c9-5f18-b078-d497ea7d2632;4500300606;5000300606;TICKET_NUMBER;FUELBOS;400000;MATCHED;0.00;0.00;NONE;8e32b546-fc8a-5502-bc99-4fd316ac08ea;1124.48;1.6261;1828.54;WITHIN;
06a98111-8007-5f87-9071-331d6947a6c5;f35981fe-204a-5be5-ac37-4a0bb10c9925;420;013573ad-8e1e-50ab-bfd5-140b70dbab8b;Jet A into-plane BOS B6397 24Sep N998JE;4500300607;00010;19063.000;LTR;1.3061;24898.18;U1;221.59;d4e69bdb-6e2f-5caf-aeb2-c8a251da28a9;c3059bd2-6ed9-505f-9b8a-f638295989a4;SHL-BOS-696861;5b4dc145-9b55-505d-b409-dcf203dcc157;4500300607;5000300607;TICKET_NUMBER;FUELBOS;400000;MATCHED;0.00;0.00;NONE;49807508-1ce2-564c-9e81-69535c84acc8;15357.15;1.6213;24898.18;WITHIN;
b576fc88-3615-54e1-a244-307532005d51;f35981fe-204a-5be5-ac37-4a0bb10c9925;430;013573ad-8e1e-50ab-bfd5-140b70dbab8b;Jet A into-plane BOS B6451 24Sep N3169J;4500300608;00010;5555.000;LTR;1.3061;7255.39;U1;64.57;b8a2471a-c199-5c0c-a95c-89c96f559de2;60daf266-2f90-5b51-ab1a-fcae25dedb8a;SHL-BOS-696864;87ae3c3e-2fd5-5c0c-9330-45179e8f69f5;4500300608;5000300608;TICKET_NUMBER;FUELBOS;400000;MATCHED;0.00;0.00;NONE;1c70f637-528b-5d34-8310-19df059e8c36;4470.11;1.6231;7255.39;WITHIN;
ecd47ed6-1a99-5ad2-9aa6-6c965ab7f105;f35981fe-204a-5be5-ac37-4a0bb10c9925;440;013573ad-8e1e-50ab-bfd5-140b70dbab8b;Jet A into-plane BOS B61337 24Sep N3232J;4500300621;00010;4780.000;LTR;1.3061;6243.16;U1;55.56;c395aabd-c164-54e7-b838-d8e80c45bec8;05c4861a-b076-5a59-b886-71e9c52ce4fe;SHL-BOS-696865;4f81a46b-fad1-5934-880d-4257105dd8dd;4500300621;5000300621;TICKET_NUMBER;FUELBOS;400000;MATCHED;0.00;0.00;NONE;5aefc597-7ca9-50a0-b3d1-dd0a9441062b;3846.47;1.6231;6243.16;WITHIN;
20b9a504-08da-5036-b6ed-dc9c8bd67471;f35981fe-204a-5be5-ac37-4a0bb10c9925;450;013573ad-8e1e-50ab-bfd5-140b70dbab8b;Jet A into-plane BOS B6591 24Sep N556JB;4500300692;00010;8621.000;LTR;1.3061;11259.89;U1;100.21;76b4718a-d826-574d-b6c1-617d578825f3;d1d1a9b7-ef27-5928-832b-75c70514ba3e;SHL-BOS-696868;22e39794-266d-5836-bfd8-48a42514da74;4500300692;5000300692;TICKET_NUMBER;FUELBOS;400000;MATCHED;0.00;0.00;NONE;02354e86-0a7a-5314-bb02-0b4d6d5c380d;6945.94;1.6211;11259.89;WITHIN;
db14d1be-3499-53eb-abf4-5c5f2385ac72;f35981fe-204a-5be5-ac37-4a0bb10c9925;460;013573ad-8e1e-50ab-bfd5-140b70dbab8b;Jet A into-plane BOS B6777 24Sep N988JT;4500300694;00010;19661.000;LTR;1.3061;25679.23;U1;228.54;c3793d9b-ec57-5cb5-8110-4bb05ea9606d;aea91bc7-809a-5eee-90a2-db6faea785c4;SHL-BOS-696870;4b1897ec-8d57-5bd4-972b-c6fc9bb38f42;4500300694;5000300694;TICKET_NUMBER;FUELBOS;400000;MATCHED;0.00;0.00;NONE;2cb842c0-a11c-5a54-8d54-fd9fc7059acc;15811.38;1.6241;25679.23;WITHIN;
0102dfa6-f1ab-5b33-acb4-893089208ed6;f35981fe-204a-5be5-ac37-4a0bb10c9925;470;013573ad-8e1e-50ab-bfd5-140b70dbab8b;Jet A into-plane BOS B61079 24Sep N2151J;4500300705;00010;17822.000;LTR;1.3061;23277.31;U1;207.16;b37091c9-bbc0-599c-ac5b-c371f77fdd9c;c5570873-bb3c-5c60-acf7-cbaa205af33a;SHL-BOS-696873;b949fc57-deb8-5996-9165-182871d18bb1;4500300705;5000300705;TICKET_NUMBER;FUELBOS;400000;MATCHED;0.00;0.00;NONE;1418a4d1-cdb0-56d7-a89d-eb4ac2e36c1e;14307.5;1.6269;23277.31;WITHIN;
10db67cf-f5fc-5b6d-9e6d-5007a45afb5c;f35981fe-204a-5be5-ac37-4a0bb10c9925;480;013573ad-8e1e-50ab-bfd5-140b70dbab8b;Jet A into-plane BOS B61897 24Sep N3241J;4500300706;00010;5093.000;LTR;1.3061;6651.97;U1;59.20;8c2c1a7d-d2ba-5392-b621-6a48df726a73;19e5afd9-f884-53bb-95a4-8415a2dff90b;SHL-BOS-696875;1d837310-a25a-577a-a752-75b16c177d76;4500300706;5000300706;TICKET_NUMBER;FUELBOS;400000;MATCHED;0.00;0.00;NONE;ae2c966f-7662-528f-88dc-c75b54eed775;4109.03;1.6189;6651.97;WITHIN;
7da8b395-0024-57c9-8031-579cf1567d0c;f35981fe-204a-5be5-ac37-4a0bb10c9925;490;013573ad-8e1e-50ab-bfd5-140b70dbab8b;Jet A into-plane BOS B62261 24Sep N4080J;4500300713;00010;18577.000;LTR;1.3061;24263.42;U1;215.94;8d35c286-8424-5459-a44e-36ee788a7a40;e58315aa-1060-5588-897d-ac64a678cc5d;SHL-BOS-696876;7d9079e5-f66d-59c7-8dea-f7efaaea27f4;4500300713;5000300713;TICKET_NUMBER;FUELBOS;400000;MATCHED;0.00;0.00;NONE;49258b28-af22-5db1-b20a-78e1470bf3cc;14945.2;1.6235;24263.42;WITHIN;
e96c78d1-764e-5315-8162-e9da87eafbd8;f35981fe-204a-5be5-ac37-4a0bb10c9925;500;013573ad-8e1e-50ab-bfd5-140b70dbab8b;Jet A into-plane BOS B6287 25Sep N968JT;4500300759;00010;19040.000;LTR;1.3166;25068.06;U1;221.32;c3cf89a9-4101-5efc-a1f4-aa1ce514b344;ae2d89e2-d4b7-54d9-bb72-75d20c648c40;SHL-BOS-696879;e5f16c02-5e24-5c55-ad20-b746c2ff0c72;4500300759;5000300759;TICKET_NUMBER;FUELBOS;400000;MATCHED;0.00;0.00;NONE;57cff379-ba3d-5018-8fbf-608c3c87a902;15416.69;1.626;25068.06;WITHIN;
e4a40bdc-f86d-53c2-89d2-9c7c3cca2eb4;f35981fe-204a-5be5-ac37-4a0bb10c9925;510;013573ad-8e1e-50ab-bfd5-140b70dbab8b;Jet A into-plane BOS B6351 25Sep N3125J;4500300786;00010;5752.000;LTR;1.3166;7573.08;U1;66.86;fdb0bc7e-1f77-54eb-b825-f62344a2556a;145ae75d-7c5f-5cf4-936a-c3f2cf401993;SHL-BOS-696882;10c031a2-95fb-5509-8dab-4c66d8f94469;4500300786;5000300786;TICKET_NUMBER;FUELBOS;400000;MATCHED;0.00;0.00;NONE;67baf26a-79a3-5f8a-b28d-906a9c6d44ad;4647.04;1.6297;7573.08;WITHIN;
68cdc71b-cc0d-57b3-9d48-6cca820a7317;f35981fe-204a-5be5-ac37-4a0bb10c9925;520;013573ad-8e1e-50ab-bfd5-140b70dbab8b;Jet A into-plane BOS B6691 25Sep N703JB;4500300789;00010;8347.000;LTR;1.3166;10989.66;U1;97.03;ca31206d-3918-543a-bcd2-2dfc84519d91;358927ac-497a-55bc-b94d-e8459f843ee0;SHL-BOS-696885;5d244299-74c8-5ee8-abd5-1c09f24366a1;4500300789;5000300789;TICKET_NUMBER;FUELBOS;400000;MATCHED;0.00;0.00;NONE;e8ee2969-88d1-5ca0-b8ed-0974eddcf304;6723.51;1.6345;10989.66;WITHIN;
581fe4ce-5bf0-5fc7-bd8c-1216dfa4fdfa;f35981fe-204a-5be5-ac37-4a0bb10c9925;530;013573ad-8e1e-50ab-bfd5-140b70dbab8b;Jet A into-plane BOS B61577 25Sep N2199J;4500300804;00010;12756.000;LTR;1.3166;16794.55;U1;148.28;0a55b7d9-172e-5292-afc3-a3ecc4d5b7b7;89b73128-76b1-55aa-a0f2-1d845c38eb62;SHL-BOS-696886;b9ad4eb3-3e88-5af1-a781-bb304f09f6e8;4500300804;5000300804;TICKET_NUMBER;FUELBOS;400000;MATCHED;0.00;0.00;NONE;61c7f5f9-5f05-56f2-b41c-9fd37ba1487f;10287.71;1.6325;16794.55;WITHIN;
063c694f-2f74-580b-b3ba-ae3d09a714ce;f35981fe-204a-5be5-ac37-4a0bb10c9925;540;013573ad-8e1e-50ab-bfd5-140b70dbab8b;Jet A into-plane BOS B6109 25Sep N3085J;4500300860;00010;5311.000;LTR;1.3166;6992.46;U1;61.74;ae133c42-faff-5813-9476-b01c36af9a7e;1cf7a9f5-5b8c-5751-a4c2-1663211981b3;SHL-BOS-696890;9d728c1b-ee65-5e83-b673-e633a78763af;4500300860;5000300860;TICKET_NUMBER;FUELBOS;400000;MATCHED;0.00;0.00;NONE;43f06dca-bd16-59b2-ab06-78885751a203;4292.88;1.6289;6992.46;WITHIN;
f8305650-ead3-56d2-bb8b-bee1d74b89e9;f35981fe-204a-5be5-ac37-4a0bb10c9925;550;013573ad-8e1e-50ab-bfd5-140b70dbab8b;Jet A into-plane BOS B6203 25Sep N3307J;4500300862;00010;7401.000;LTR;1.3166;9744.16;U1;86.03;c23a88f7-f539-56a2-8136-46294ac8f510;b79b9935-8213-5d39-ab38-ad4b14075466;SHL-BOS-696891;735fb4f9-7c55-5560-969a-c29bda029126;4500300862;5000300862;TICKET_NUMBER;FUELBOS;400000;MATCHED;0.00;0.00;NONE;12747f38-adbb-52a6-8de9-dca073242276;5964.47;1.6337;9744.16;WITHIN;
d1bfefbb-bde3-5c27-ad79-1f100bdf8131;f35981fe-204a-5be5-ac37-4a0bb10c9925;560;013573ad-8e1e-50ab-bfd5-140b70dbab8b;Jet A into-plane BOS B6837 25Sep N3269J;4500300870;00010;4682.000;LTR;1.3166;6164.32;U1;54.42;f925ccc6-f026-5875-a5c2-75f40ed6c20b;ab5ed875-1e62-57c5-be01-a07aaa3a98a8;SHL-BOS-696893;4d9e400f-8dbb-5b4f-bf51-bc68cbcbe5b2;4500300870;5000300870;TICKET_NUMBER;FUELBOS;400000;MATCHED;0.00;0.00;NONE;09de0df9-2b0d-5a9e-80bf-8100cc11fb3e;3777.44;1.6319;6164.32;WITHIN;
dd1a938b-4420-5e69-bbe0-b2b0ce886404;f35981fe-204a-5be5-ac37-4a0bb10c9925;570;013573ad-8e1e-50ab-bfd5-140b70dbab8b;Jet A into-plane BOS B62041 25Sep N3157J;4500300873;00010;2883.000;LTR;1.3166;3795.76;U1;33.51;a15c64b2-afcc-5c69-b24d-3577d144fb6d;027759fe-e61c-56a2-a3af-1beac9a3cff1;SHL-BOS-696894;20fdb4ee-1e55-5148-ba85-66175e89974e;4500300873;5000300873;TICKET_NUMBER;FUELBOS;400000;MATCHED;0.00;0.00;NONE;20bb24e1-23cb-5201-9718-fff0d766a02e;2326;1.6319;3795.76;WITHIN;
56ea088c-7950-57ca-b1f6-15163c6ef5d8;f35981fe-204a-5be5-ac37-4a0bb10c9925;580;013573ad-8e1e-50ab-bfd5-140b70dbab8b;Jet A into-plane BOS B621 25Sep N949JT;4500300876;00010;8304.000;LTR;1.3166;10933.05;U1;96.53;4c675da9-7d99-5bdf-b8bc-470c1b9810b5;9676ac99-dece-5c75-938d-cdb9701628d7;SHL-BOS-696895;ed893bba-5563-5459-9a40-c49f4d223630;4500300876;5000300876;TICKET_NUMBER;FUELBOS;400000;MATCHED;0.00;0.00;NONE;3fc14ac0-5766-5268-a5f7-327860658321;6724.58;1.6258;10933.05;WITHIN;
81047aef-4525-5f43-af2b-9ffac7683b80;f35981fe-204a-5be5-ac37-4a0bb10c9925;590;013573ad-8e1e-50ab-bfd5-140b70dbab8b;Jet A into-plane BOS B61281 25Sep N3194J;4500300889;00010;3350.000;LTR;1.3166;4410.61;U1;38.94;fdbd50a6-f5c7-5b9d-829a-5f780b79e14b;3eef9f74-8264-512f-be70-0ae7a7e74017;SHL-BOS-696898;9b54ea52-89de-5522-ae74-5a161769035f;4500300889;5000300889;TICKET_NUMBER;FUELBOS;400000;MATCHED;0.00;0.00;NONE;65b0a7ab-c6cd-549b-9deb-41b4e3740b6b;2701.11;1.6329;4410.61;WITHIN;
405cd05f-bf95-5ade-b68f-52a76b5a1032;f35981fe-204a-5be5-ac37-4a0bb10c9925;600;013573ad-8e1e-50ab-bfd5-140b70dbab8b;Jet A into-plane BOS B61097 25Sep N3261J;4500300894;00010;6271.000;LTR;1.3166;8256.40;U1;72.89;fbd33252-7889-5aac-8f0c-4263e414e8b2;6a267b61-37ec-58aa-8ef3-a232e5e74cd7;SHL-BOS-696899;0d67a8e1-2edc-54c2-a123-8f471af16b00;4500300894;5000300894;TICKET_NUMBER;FUELBOS;400000;MATCHED;0.00;0.00;NONE;2351bfae-e702-5054-a7a3-9961611432b0;5054.43;1.6335;8256.4;WITHIN;
8000f36a-7c9d-532b-bf8d-25bd30b89eea;f35981fe-204a-5be5-ac37-4a0bb10c9925;610;013573ad-8e1e-50ab-bfd5-140b70dbab8b;Jet A into-plane BOS B62283 25Sep N603JB;4500300900;00010;4997.000;LTR;1.3166;6579.05;U1;58.09;df8b8e13-6818-5370-92b1-d3ba825ad8df;c0c8aa83-8043-5470-8f3c-454c7639552d;SHL-BOS-696902;7476670d-9d7d-5bb4-a13c-7f80e9352416;4500300900;5000300900;TICKET_NUMBER;FUELBOS;400000;MATCHED;0.00;0.00;NONE;6d1b4d95-901d-5cf4-8023-039b74ecbccb;4038.58;1.6291;6579.05;WITHIN;
6be4f6df-b707-54ca-82d1-d34c5b3ceb86;f35981fe-204a-5be5-ac37-4a0bb10c9925;620;013573ad-8e1e-50ab-bfd5-140b70dbab8b;Jet A into-plane BOS B61439 25Sep N3229J;4500300925;00010;9963.000;LTR;1.3166;13117.29;U1;115.81;530daf7d-ffbe-5d9f-b26d-83ee93e9e23e;dea962c3-4f28-5ce2-b8de-8f44584de70f;SHL-BOS-696903;1db6223f-1474-5af7-afdf-cef69e11cc17;4500300925;5000300925;TICKET_NUMBER;FUELBOS;400000;MATCHED;0.00;0.00;NONE;e8deb2a9-d635-520b-a237-18f7d87df143;8025.2;1.6345;13117.29;WITHIN;
d2a8e912-b5df-50f0-84ff-d923291abb9b;f35981fe-204a-5be5-ac37-4a0bb10c9925;630;013573ad-8e1e-50ab-bfd5-140b70dbab8b;Jet A into-plane BOS B6833 25Sep N2157J;4500300941;00010;16030.000;LTR;1.3166;21105.10;U1;186.33;8b0086f7-de72-540c-b349-3b02cf8e53c7;b647b006-8bb7-5677-b96f-17cce92bb30f;SHL-BOS-696905;a955560f-aa87-5d56-9a55-d33ec2c1e397;4500300941;5000300941;TICKET_NUMBER;FUELBOS;400000;MATCHED;0.00;0.00;NONE;8111a2b5-a163-5094-8a9a-c94acdff1888;12912.16;1.6345;21105.1;WITHIN;
6c25ed2b-a559-50bb-bfcb-859172710b42;f35981fe-204a-5be5-ac37-4a0bb10c9925;640;013573ad-8e1e-50ab-bfd5-140b70dbab8b;Jet A into-plane BOS B6651 25Sep N2038J;4500300955;00010;6687.000;LTR;1.3166;8804.10;U1;77.73;92247946-bf3d-5017-9bb7-3405462042ec;dd2c09cf-df63-5baa-9b59-5a1c6d3e055f;SHL-BOS-696907;96c9f999-4f6c-5202-ad3d-ea85d99f52c8;4500300955;5000300955;TICKET_NUMBER;FUELBOS;400000;MATCHED;0.00;0.00;NONE;e1614b84-b96e-5bd1-80c7-7c11cda1a6e0;5390.39;1.6333;8804.1;WITHIN;
ebc079a8-ca9a-5016-9e3b-9f7279bb0e63;f35981fe-204a-5be5-ac37-4a0bb10c9925;650;013573ad-8e1e-50ab-bfd5-140b70dbab8b;Jet A into-plane BOS B6385 25Sep N3196J;4500300958;00010;3237.000;LTR;1.3166;4261.83;U1;37.63;b1d34bd7-b323-5c98-8608-55b082ecc297;89a39c29-f22f-55cc-b0fe-502912f8354f;SHL-BOS-696910;8c4defc8-7843-5606-ad37-1ac5019bc4bc;4500300958;5000300958;TICKET_NUMBER;FUELBOS;400000;MATCHED;0.00;0.00;NONE;00306d8c-c174-56ba-9620-62fa92df9d68;2615.5;1.6295;4261.83;WITHIN;
8173d39d-2ff5-5ca0-8433-73bb89aa8f2d;f35981fe-204a-5be5-ac37-4a0bb10c9925;660;013573ad-8e1e-50ab-bfd5-140b70dbab8b;Jet A into-plane BOS B6219 25Sep N2193J;4500300960;00010;14788.000;LTR;1.3166;19469.88;U1;171.90;a7c655f5-12a1-59ec-be81-a092ec0e976d;3f2e1726-b91f-59e8-b3c6-669b1713181e;SHL-BOS-696913;41910601-74a5-5e28-bbf6-aa1cccda23d3;4500300960;5000300960;TICKET_NUMBER;FUELBOS;400000;MATCHED;0.00;0.00;NONE;091dd1fe-0263-50d3-88f2-8ae669e50b54;11932.44;1.6317;19469.88;WITHIN;
b4688af3-4441-50cf-bb2d-360131f0a658;f35981fe-204a-5be5-ac37-4a0bb10c9925;670;013573ad-8e1e-50ab-bfd5-140b70dbab8b;Jet A into-plane BOS B61293 25Sep N3123J;4500300990;00010;4058.000;LTR;1.3166;5342.76;U1;47.17;93e20909-3dee-577a-8942-b06c12b28a9e;98e6e6a7-4f72-56d1-890e-c1a8e56d1ad0;SHL-BOS-696915;c7f566f7-f4ad-5ad5-8195-5aaf873f9233;4500300990;5000300990;TICKET_NUMBER;FUELBOS;400000;MATCHED;0.00;0.00;NONE;402fae95-e929-516e-91d3-b9c0bee1f2cf;3277.65;1.6301;5342.76;WITHIN;
449caeb6-3b63-5dd6-8eae-b7aca2ef32e6;f35981fe-204a-5be5-ac37-4a0bb10c9925;680;013573ad-8e1e-50ab-bfd5-140b70dbab8b;Jet A into-plane BOS B6915 25Sep N3271J;4500301009;00010;2269.000;LTR;1.3166;2987.37;U1;26.37;5aca84d1-da8d-5c3b-906e-f495c1296704;4fac4b74-0f65-528c-8663-385629968448;SHL-BOS-696917;322acff1-117c-5c22-bcc2-ac0e01cb1ce0;4500301009;5000301009;TICKET_NUMBER;FUELBOS;400000;MATCHED;0.00;0.00;NONE;d16edb59-65d3-58c1-8ce0-bc0d1041e34b;1834.26;1.6287;2987.37;WITHIN;
be670306-3a98-5788-b497-e48f57806ecc;f35981fe-204a-5be5-ac37-4a0bb10c9925;690;013573ad-8e1e-50ab-bfd5-140b70dbab8b;Jet A into-plane BOS B6855 25Sep N3296J;4500301043;00010;2380.000;LTR;1.3166;3133.51;U1;27.67;9699f274-a315-5c37-ad13-38dfb785b40c;6e47f623-1332-594d-baee-e071a79c3dc7;SHL-BOS-696918;5246a437-7a28-599b-9ba3-aed09a073b60;4500301043;5000301043;TICKET_NUMBER;FUELBOS;400000;MATCHED;0.00;0.00;NONE;416d2583-aff2-56a9-b27c-7a47cb34e79e;1917.33;1.6343;3133.51;WITHIN;
6c62cacd-f648-568e-ac3c-c5b6efa328bf;f35981fe-204a-5be5-ac37-4a0bb10c9925;700;013573ad-8e1e-50ab-bfd5-140b70dbab8b;Jet A into-plane BOS B61859 25Sep N3304J;4500301047;00010;2730.000;LTR;1.3166;3594.32;U1;31.73;be08ebbe-eca1-5f6b-981d-a3ac388bfc39;a7c77317-523a-5c60-a04c-09a585aa795e;SHL-BOS-696919;8fc46013-e863-593f-b3c4-e4fcf41ec3a8;4500301047;5000301047;TICKET_NUMBER;FUELBOS;400000;MATCHED;0.00;0.00;NONE;68468dd9-3200-5da6-9d4d-c6ed6cd41b38;2199.01;1.6345;3594.32;WITHIN;
a0399fc5-148a-515a-bf55-cab10f0eae31;f35981fe-204a-5be5-ac37-4a0bb10c9925;710;013573ad-8e1e-50ab-bfd5-140b70dbab8b;Jet A into-plane BOS B61397 25Sep N3065J;4500301051;00010;4598.000;LTR;1.3166;6053.73;U1;53.45;7eee9cd6-4406-590a-ae58-d2e9f0e8f86f;99141d06-d2f6-5558-a4e0-0f81c228f576;SHL-BOS-696922;e37aa76c-ef20-57ce-8d9b-def9bec4e3c9;4500301051;5000301051;TICKET_NUMBER;FUELBOS;400000;MATCHED;0.00;0.00;NONE;ae9606b7-3283-5a47-b604-2ab7bade1f77;3720.24;1.6272;6053.73;WITHIN;
4729b73c-1e61-589f-b625-76765d729a28;f35981fe-204a-5be5-ac37-4a0bb10c9925;720;013573ad-8e1e-50ab-bfd5-140b70dbab8b;Jet A into-plane BOS B62251 25Sep N996JL;4500301066;00010;9024.000;LTR;1.3166;11881.00;U1;104.89;cfee4c4c-0f79-5ed8-ae38-4472c69ac757;b9dd65f1-2522-5d84-baa3-8f145733a6d3;SHL-BOS-696924;e6c34f33-3f17-5f12-9718-a832c42316da;4500301066;5000301066;TICKET_NUMBER;FUELBOS;400000;MATCHED;0.00;0.00;NONE;ebff5291-da94-567e-b294-df69d2c41235;7302.22;1.627;11881;WITHIN;
3bf24db6-bb25-553f-92ad-6498fcad12fb;f35981fe-204a-5be5-ac37-4a0bb10c9925;730;013573ad-8e1e-50ab-bfd5-140b70dbab8b;Jet A into-plane BOS B62383 25Sep N3322J;4500301070;00010;3682.000;LTR;1.3166;4847.72;U1;42.80;5ef87c10-6ca2-5e88-8381-33ae166b6495;c73f78b0-accd-5a20-83d2-3cbfc4720162;SHL-BOS-696926;c8ac7242-4545-51fe-bc3d-0f3a56f445ba;4500301070;5000301070;TICKET_NUMBER;FUELBOS;400000;MATCHED;0.00;0.00;NONE;76270335-7ff0-5d4d-a931-2174a6bda80f;2972.48;1.6309;4847.72;WITHIN;
8b8dc8ab-7ead-537a-bf6a-86be0980b096;f35981fe-204a-5be5-ac37-4a0bb10c9925;740;013573ad-8e1e-50ab-bfd5-140b70dbab8b;Jet A into-plane BOS B62065 25Sep N3269J;4500301128;00010;8619.000;LTR;1.3166;11347.78;U1;100.19;9cda7a5d-979c-517d-adbd-2f5a6767c97a;63b1f3e3-8bf8-502e-9d98-a9b49f7f7956;SHL-BOS-696928;7fce3f13-ca68-56c9-871a-1ed43c085c04;4500301128;5000301128;TICKET_NUMBER;FUELBOS;400000;MATCHED;0.00;0.00;NONE;b23fece6-2ee2-504b-87cc-a262ca64167f;6943.47;1.6343;11347.78;WITHIN;
5a61a774-e2fe-592f-b14f-614bb9917e9c;f35981fe-204a-5be5-ac37-4a0bb10c9925;750;013573ad-8e1e-50ab-bfd5-140b70dbab8b;Jet A into-plane BOS B62459 25Sep N3240J;4500301138;00010;4173.000;LTR;1.3166;5494.17;U1;48.51;4ee758f1-549b-559f-aca1-0086fdac8560;eeb0d6bc-709a-516d-93f2-887a3023bfc3;SHL-BOS-696931;eadf7e19-fd67-514e-a1f6-20778e829926;4500301138;5000301138;TICKET_NUMBER;FUELBOS;400000;MATCHED;0.00;0.00;NONE;8ebd8445-9224-56d2-9279-56b8908cf071;3362.19;1.6341;5494.17;WITHIN;
85d55387-88bc-5791-bb53-ec806448f2a1;f35981fe-204a-5be5-ac37-4a0bb10c9925;760;013573ad-8e1e-50ab-bfd5-140b70dbab8b;Jet A into-plane BOS B61237 25Sep N703JB;4500301159;00010;4914.000;LTR;1.3166;6469.77;U1;57.12;7f9fa2bb-6a33-56a0-90da-8b76f2dd8969;b91e62ee-92c9-51f3-b9ce-ab4cfcfb459f;SHL-BOS-696933;5640bfe2-e149-5b66-9631-9677626ed256;4500301159;5000301159;TICKET_NUMBER;FUELBOS;400000;MATCHED;0.00;0.00;NONE;be1c7c4c-e7a9-54b9-a7c5-594234df5e35;3977.88;1.6264;6469.77;WITHIN;
aac21e00-f17c-5d28-87fe-84ec0a21acbf;f35981fe-204a-5be5-ac37-4a0bb10c9925;770;013573ad-8e1e-50ab-bfd5-140b70dbab8b;Jet A into-plane BOS B6387 25Sep N2142J;4500301185;00010;15830.000;LTR;1.3166;20841.78;U1;184.01;7ab49699-0a5e-5959-ae96-9b4b666eb4ea;864ac9f9-4b12-5fe3-a17c-efe4b3bb172b;SHL-BOS-696934;066f93cf-330e-592b-a6d5-5119aba0b999;4500301185;5000301185;TICKET_NUMBER;FUELBOS;400000;MATCHED;0.00;0.00;NONE;af5a3a3e-5be5-5275-b158-e885e7d4b984;12803.3;1.6278;20841.78;WITHIN;
c785ffd6-4824-57fb-9871-247614a06fbe;f35981fe-204a-5be5-ac37-4a0bb10c9925;780;013573ad-8e1e-50ab-bfd5-140b70dbab8b;Jet A into-plane BOS B6715 25Sep N3261J;4500301191;00010;3180.000;LTR;1.3166;4186.79;U1;36.96;dd713d9a-7f9c-5130-92f0-1cf846ff4708;054b1137-8835-501f-8472-298729237d68;SHL-BOS-696935;50165ab1-068d-5c8e-b7dc-0f0942edd93d;4500301191;5000301191;TICKET_NUMBER;FUELBOS;400000;MATCHED;0.00;0.00;NONE;b0b767df-84c7-5b9d-9879-54a3b38f9838;2563.4;1.6333;4186.79;WITHIN;
4fa9567e-f232-54b3-b9a2-f3876363a69e;f35981fe-204a-5be5-ac37-4a0bb10c9925;790;013573ad-8e1e-50ab-bfd5-140b70dbab8b;Jet A into-plane BOS B6177 25Sep N945JT;4500301206;00010;19286.000;LTR;1.3166;25391.95;U1;224.18;ebf3c2d4-191d-5997-bf20-a6cd178ca9cd;a070e1fd-a0f6-5a6f-8fb0-5232ba02da08;SHL-BOS-696936;2e247a9a-2f91-5f32-8813-69df10502d7b;4500301206;5000301206;TICKET_NUMBER;FUELBOS;400000;MATCHED;0.00;0.00;NONE;fbfb636c-e477-56c4-8c6c-e53c9296aac2;15538.73;1.6341;25391.95;WITHIN;
a88c9d27-2909-5b61-ae52-57c9708852f8;f35981fe-204a-5be5-ac37-4a0bb10c9925;800;013573ad-8e1e-50ab-bfd5-140b70dbab8b;Jet A into-plane BOS B6907 25Sep N3260J;4500301225;00010;6850.000;LTR;1.3166;9018.71;U1;79.62;7b56854e-53f4-5aed-a9c0-f31787aa5e0b;379c9c40-5834-5c33-b48f-55024cd53bac;SHL-BOS-696938;49110b84-45bd-54e5-983c-102286c63686;4500301225;5000301225;TICKET_NUMBER;FUELBOS;400000;MATCHED;0.00;0.00;NONE;37a0be28-6204-5328-a450-7113e8830319;5525.21;1.6323;9018.71;WITHIN;
6c482ee1-a388-5d6d-a670-62592c69002b;f35981fe-204a-5be5-ac37-4a0bb10c9925;810;013573ad-8e1e-50ab-bfd5-140b70dbab8b;Jet A into-plane BOS B6451 25Sep N3284J;4500301238;00010;6462.000;LTR;1.3166;8507.87;U1;75.11;7818f0f9-33d6-54dc-b789-6891dbf1e1d4;9034afd0-dc2d-5fc2-a38e-de5678491cb4;SHL-BOS-696939;939ca7ae-10a0-5c67-8bbe-cce7bf27d940;4500301238;5000301238;TICKET_NUMBER;FUELBOS;400000;MATCHED;0.00;0.00;NONE;b3710b5a-7437-5455-9605-9494416ae692;5207.73;1.6337;8507.87;WITHIN;
8241b079-6179-50f6-932a-b65fab5e409e;f35981fe-204a-5be5-ac37-4a0bb10c9925;820;013573ad-8e1e-50ab-bfd5-140b70dbab8b;Jet A into-plane BOS B6397 25Sep N949JT;4500301244;00010;20457.000;LTR;1.3166;26933.69;U1;237.79;ab77093a-dea8-5e5e-82c0-479ac4f1ddd8;82c67ce3-8600-5031-8853-f6963b3ae391;SHL-BOS-696941;43988fd0-1c10-56f3-8192-340977539c40;4500301244;5000301244;TICKET_NUMBER;FUELBOS;400000;MATCHED;0.00;0.00;NONE;21aa5f02-fe73-5c1c-970f-fd76b75ab94d;16539.48;1.6284;26933.69;WITHIN;
005aa5a8-39ed-5ed0-808e-ed9d6ebb3801;f35981fe-204a-5be5-ac37-4a0bb10c9925;830;013573ad-8e1e-50ab-bfd5-140b70dbab8b;Jet A into-plane BOS B6817 25Sep N3062J;4500301245;00010;2212.000;LTR;1.3166;2912.32;U1;25.71;96ee06cd-8ac6-5843-b26c-c830908e9b3d;cb1ed932-4fb9-5dea-af8a-2f510559aa9d;SHL-BOS-696944;9f51eaf8-429d-563d-9070-e5f58848d1b3;4500301245;5000301245;TICKET_NUMBER;FUELBOS;400000;MATCHED;0.00;0.00;NONE;419d1889-4e63-51a9-a7ea-d9d94402c7cd;1781.77;1.6345;2912.32;WITHIN;
6de9b503-4e65-5f89-aa16-ac6222b8ea86;f35981fe-204a-5be5-ac37-4a0bb10c9925;840;013573ad-8e1e-50ab-bfd5-140b70dbab8b;Jet A into-plane BOS B61337 25Sep N3304J;4500301250;00010;3189.000;LTR;1.3166;4198.64;U1;37.07;6f7842e5-3817-531f-a658-0521794cbdd9;44baa8de-3652-51e7-b910-022027a3eab5;SHL-BOS-696946;6385bb39-cf49-5627-bbe2-a0efe450cac2;4500301250;5000301250;TICKET_NUMBER;FUELBOS;400000;MATCHED;0.00;0.00;NONE;381d099e-ae69-5495-8715-7cfe9d8346c7;2570.33;1.6335;4198.64;WITHIN;
552be643-003f-53f3-a737-b3738196259d;f35981fe-204a-5be5-ac37-4a0bb10c9925;850;013573ad-8e1e-50ab-bfd5-140b70dbab8b;Jet A into-plane BOS B6591 25Sep N583JB;4500301287;00010;8921.000;LTR;1.3166;11745.39;U1;103.70;1e5ab073-4de3-54fc-9817-2dd417fc7a74;c583d911-0abc-5b10-9506-9ec5d9f650df;SHL-BOS-696948;ac9deb95-c6d6-57af-b6e9-9b9e2ae107f4;4500301287;5000301287;TICKET_NUMBER;FUELBOS;400000;MATCHED;0.00;0.00;NONE;17d6a6b4-4e29-54a1-9536-39a0cedda2a6;7192.11;1.6331;11745.39;WITHIN;
a7b11433-fbe2-598a-949a-6a29149dd6bc;f35981fe-204a-5be5-ac37-4a0bb10c9925;860;013573ad-8e1e-50ab-bfd5-140b70dbab8b;Jet A into-plane BOS B6845 25Sep N3123J;4500301290;00010;1232.000;LTR;1.3166;1622.05;U1;14.32;113193fa-ff33-5f14-b3f8-b5dfa3030b93;a5552b8f-05bf-5a4c-aa58-0bfb25dd79cc;SHL-BOS-696950;991a5ee6-5a37-5382-8719-474035f9d32b;4500301290;5000301290;TICKET_NUMBER;FUELBOS;400000;MATCHED;0.00;0.00;NONE;57452b79-f352-5b33-9729-cd4afd604869;994.84;1.6305;1622.05;WITHIN;
b24cbb4a-d04a-59cd-b2d0-32d221e6f0be;f35981fe-204a-5be5-ac37-4a0bb10c9925;870;013573ad-8e1e-50ab-bfd5-140b70dbab8b;Jet A into-plane BOS B6777 25Sep N934JB;4500301300;00010;20947.000;LTR;1.3166;27578.82;U1;243.49;17de952a-9948-5bf6-b4ae-f8d043b12cde;a8ad24b0-c0fe-56ea-99ac-13e4c2b1a6f8;SHL-BOS-696951;5e8dcc3b-42fd-5429-8817-24e48a5aef44;4500301300;5000301300;TICKET_NUMBER;FUELBOS;400000;MATCHED;0.00;0.00;NONE;5769d6c4-1193-513e-9a7c-2d5ec738663f;16950.31;1.627;27578.82;WITHIN;
bac5f32a-4409-5273-9494-c05ef2c8a862;f35981fe-204a-5be5-ac37-4a0bb10c9925;880;013573ad-8e1e-50ab-bfd5-140b70dbab8b;Jet A into-plane BOS B61897 25Sep N3229J;4500301306;00010;5629.000;LTR;1.3166;7411.14;U1;65.43;754d1abe-0a97-5cba-be92-2d0507bb3880;fda76f96-d814-5f34-aaf7-8ecf8652fd20;SHL-BOS-696954;97f7738c-29ab-532e-9929-23e9c95b5174;4500301306;5000301306;TICKET_NUMBER;FUELBOS;400000;MATCHED;0.00;0.00;NONE;22f1f1d8-2369-58ab-904e-2952a92eed1c;4554.42;1.6272;7411.14;WITHIN;
8cd98745-5117-5cb5-bba8-dc816a8577a3;f35981fe-204a-5be5-ac37-4a0bb10c9925;890;013573ad-8e1e-50ab-bfd5-140b70dbab8b;Jet A into-plane BOS B68501 25Sep N983JT;4500301321;00010;4353.000;LTR;1.3166;5731.16;U1;50.60;32e57a18-c32b-5fcb-9cce-c31f8483f814;15e7c8b1-5795-5f6c-8360-e4813abb4a79;SHL-BOS-696957;2721e686-07a4-5716-9239-42a5289f529b;4500301321;5000301321;TICKET_NUMBER;FUELBOS;400000;MATCHED;0.00;0.00;NONE;e46a3b09-c4c6-5100-9445-a6e16456e2a0;3515.48;1.6303;5731.16;WITHIN;
361c714e-0de7-5779-a4b9-e79c4d6dfed6;f35981fe-204a-5be5-ac37-4a0bb10c9925;900;013573ad-8e1e-50ab-bfd5-140b70dbab8b;Jet A into-plane BOS B62261 25Sep N4048J;4500301326;00010;19657.000;LTR;1.3166;25880.41;U1;228.49;4d30513a-e374-5726-8cf9-f054611182f3;16f05e6f-a0b3-532f-ad78-1be1dd0793c8;SHL-BOS-696959;ecb790ae-1e94-512c-9621-833fe18ea6ad;4500301326;5000301326;TICKET_NUMBER;FUELBOS;400000;MATCHED;0.00;0.00;NONE;f98ec711-042d-53b9-817e-3e8c2e56b3a7;15839.61;1.6339;25880.41;WITHIN;
269d3821-4894-5aae-b81c-a785c9ad30c0;f35981fe-204a-5be5-ac37-4a0bb10c9925;910;013573ad-8e1e-50ab-bfd5-140b70dbab8b;Jet A into-plane BOS B61079 25Sep N2205J;4500301337;00010;17608.000;LTR;1.3166;23182.69;U1;204.68;52e7f77d-c02c-5b66-94c2-5d231bd58a86;e69c28aa-105a-5001-a505-17e45d1dc53f;SHL-BOS-696962;0ca997f8-c342-5b27-9b90-dca10bc4eec7;4500301337;5000301337;TICKET_NUMBER;FUELBOS;400000;MATCHED;0.00;0.00;NONE;48316eef-0308-56a2-86ab-be68c367cb60;14237.83;1.6282;23182.69;WITHIN;
4d2ad4e2-3dfd-5fb4-b081-879e9b86c344;f35981fe-204a-5be5-ac37-4a0bb10c9925;920;013573ad-8e1e-50ab-bfd5-140b70dbab8b;Jet A into-plane BOS B6287 26Sep N977JE;4500301403;00010;21900.000;LTR;1.3245;29006.55;U1;254.57;12d9fd71-8738-5c75-8af5-7c14944d1b7b;ed1fda9b-6efa-5182-bef9-6ef01107f028;SHL-BOS-696964;d0bac3ae-76ea-5ece-810c-6d7a1b885ec5;4500301403;5000301403;TICKET_NUMBER;FUELBOS;400000;MATCHED;0.00;0.00;NONE;3f2f0f1f-423e-5086-be19-695a2865b025;17666.73;1.6419;29006.55;WITHIN;
ce5e640a-8809-5b5e-a867-600950cd113c;f35981fe-204a-5be5-ac37-4a0bb10c9925;930;013573ad-8e1e-50ab-bfd5-140b70dbab8b;Jet A into-plane BOS B6351 26Sep N3157J;4500301412;00010;10317.000;LTR;1.3245;13664.87;U1;119.92;e6bf05b7-e060-5c38-bde7-06764ef8974a;601c0998-b870-5fda-907c-abd823122c8f;SHL-BOS-696965;1b9b0bda-04d8-59ca-9601-c3dd32918167;4500301412;5000301412;TICKET_NUMBER;FUELBOS;400000;MATCHED;0.00;0.00;NONE;122e2fdd-8d31-554e-b671-1aaf40a3c96a;8333.04;1.6398;13664.87;WITHIN;
a3e4be96-7a95-5173-8124-840a2abe1213;f35981fe-204a-5be5-ac37-4a0bb10c9925;940;013573ad-8e1e-50ab-bfd5-140b70dbab8b;Jet A into-plane BOS B6691 26Sep N3196J;4500301441;00010;7180.000;LTR;1.3245;9509.91;U1;83.46;329d38b2-2027-5e23-8ce4-a444e656b0d5;eddc51a2-1e6f-58a5-842c-8fe840ba4151;SHL-BOS-696968;a720f8a7-cd2b-56bc-ba97-d646fa8e181b;4500301441;5000301441;TICKET_NUMBER;FUELBOS;400000;MATCHED;0.00;0.00;NONE;6136f6c8-01a5-5a82-a64e-d83e19063dcd;5822.26;1.6334;9509.91;WITHIN;
1657cb55-2fdb-5a2e-9791-d29fd8a7fead;f35981fe-204a-5be5-ac37-4a0bb10c9925;950;013573ad-8e1e-50ab-bfd5-140b70dbab8b;Jet A into-plane BOS B61577 26Sep N2193J;4500301454;00010;15058.000;LTR;1.3245;19944.32;U1;175.03;8edd7ecc-a4a7-5ebb-af5b-a00b351bd156;5dcecc5f-0e89-5e49-bdbd-ef6558e3b5d7;SHL-BOS-696969;4c0e0c1a-db21-596f-9d51-999f776ede6a;4500301454;5000301454;TICKET_NUMBER;FUELBOS;400000;MATCHED;0.00;0.00;NONE;70957b2d-d6d8-5864-9618-144f80f60e91;12159.33;1.6402;19944.32;WITHIN;
ef1674e8-fd4e-56de-8d31-fe57a79b88e3;f35981fe-204a-5be5-ac37-4a0bb10c9925;960;013573ad-8e1e-50ab-bfd5-140b70dbab8b;Jet A into-plane BOS B621 26Sep N970JB;4500301470;00010;9994.000;LTR;1.3245;13237.05;U1;116.17;15aae289-7fef-5f03-9388-0c4cc5e2097c;fe872564-1860-53ec-b7c9-d70cfce7479f;SHL-BOS-696972;cdd9adec-e119-5e62-bebd-60fd704652a6;4500301470;5000301470;TICKET_NUMBER;FUELBOS;400000;MATCHED;0.00;0.00;NONE;c96c06d8-14db-5aea-9c9f-4f5e7b01a081;8086.15;1.637;13237.05;WITHIN;
5f71b5dc-ba61-51d5-976c-6d84942c59de;f35981fe-204a-5be5-ac37-4a0bb10c9925;970;013573ad-8e1e-50ab-bfd5-140b70dbab8b;Jet A into-plane BOS B6109 26Sep N3112J;4500301484;00010;6255.000;LTR;1.3245;8284.75;U1;72.71;7f8a387e-d198-5cab-8d4a-ea5d1ac26d9c;54b94a29-0ac5-5c81-8856-05e315ed97d1;SHL-BOS-696973;75dbf225-0684-5693-8a85-b1dd97bf10c2;4500301484;5000301484;TICKET_NUMBER;FUELBOS;400000;MATCHED;0.00;0.00;NONE;d2e89b1f-c2dc-59fd-a9a8-c967b6732cad;5062.17;1.6366;8284.75;WITHIN;
932035ed-5a49-5b61-8c90-384737c9cde0;f35981fe-204a-5be5-ac37-4a0bb10c9925;980;013573ad-8e1e-50ab-bfd5-140b70dbab8b;Jet A into-plane BOS B61055 26Sep N3322J;4500301488;00010;3452.000;LTR;1.3245;4572.17;U1;40.13;ec77c6bd-ff74-539a-8e9f-01efe42d11bc;8221c48f-985b-5864-a991-48de511c4896;SHL-BOS-696976;73839874-5d99-50b2-b329-2dce549585b0;4500301488;5000301488;TICKET_NUMBER;FUELBOS;400000;MATCHED;0.00;0.00;NONE;20e0bd9d-b506-507c-8016-4d5a5eba7814;2792.67;1.6372;4572.17;WITHIN;
cf75d29a-5bba-50bf-a152-9933c7f4dd8a;f35981fe-204a-5be5-ac37-4a0bb10c9925;990;013573ad-8e1e-50ab-bfd5-140b70dbab8b;Jet A into-plane BOS B6203 26Sep N3241J;4500301489;00010;8147.000;LTR;1.3245;10790.70;U1;94.70;85349722-c635-54bc-937e-0bdbc02e1592;d23c1f3c-90a8-5bac-bcfc-f1be4105154f;SHL-BOS-696977;d36dd6bc-1364-59d6-af9d-ac758e47b7a3;4500301489;5000301489;TICKET_NUMBER;FUELBOS;400000;MATCHED;0.00;0.00;NONE;5e358ea4-e212-546f-a23e-bcc97a0e48b2;6605.59;1.6336;10790.7;WITHIN;
7b07089d-232f-5139-b1e1-31f3a497fd51;f35981fe-204a-5be5-ac37-4a0bb10c9925;1000;013573ad-8e1e-50ab-bfd5-140b70dbab8b;Jet A into-plane BOS B61281 26Sep N3276J;4500301510;00010;3480.000;LTR;1.3245;4609.26;U1;40.45;bbcfdd64-8316-5340-9b63-b0125ec9f990;16fd72fc-fe6c-59a8-b427-96a7246c4e70;SHL-BOS-696978;b705db72-1377-5f54-a261-270412720984;4500301510;5000301510;TICKET_NUMBER;FUELBOS;400000;MATCHED;0.00;0.00;NONE;f3df9a0e-4c14-53bd-ae78-6e1e04ab0d32;2821.93;1.6334;4609.26;WITHIN;
8ad4f083-d274-50a3-a1c5-d6e93da3c25c;f35981fe-204a-5be5-ac37-4a0bb10c9925;1010;013573ad-8e1e-50ab-bfd5-140b70dbab8b;Jet A into-plane BOS B6771 26Sep N554JB;4500301541;00010;19089.000;LTR;1.3245;25283.38;U1;221.89;a963405b-cfb5-5af3-ad99-383bb4f1b1ae;b6fa0fc5-0ea1-5cfc-afac-7fdc27ee1eac;SHL-BOS-696981;10578ef4-fa49-5d2e-bf29-928607fd3124;4500301541;5000301541;TICKET_NUMBER;FUELBOS;400000;MATCHED;0.00;0.00;NONE;5c37a568-c251-54b6-9d7d-7429e14c2138;15475.45;1.6338;25283.38;WITHIN;
cba2b190-17d8-581f-8e65-251bd9273687;f35981fe-204a-5be5-ac37-4a0bb10c9925;1020;013573ad-8e1e-50ab-bfd5-140b70dbab8b;Jet A into-plane BOS B6219 26Sep N929JB;4500301543;00010;19628.000;LTR;1.3245;25997.29;U1;228.16;ce4c66a2-467d-5ab3-9f0b-9082ccc53c66;192e963c-9815-5f22-bf13-88aff010c116;SHL-BOS-696983;9dfffa25-d264-5182-b7d9-ce5c4d81686b;4500301543;5000301543;TICKET_NUMBER;FUELBOS;400000;MATCHED;0.00;0.00;NONE;ae487f03-9790-58e2-b22f-a860686866cd;15888.87;1.6362;25997.29;WITHIN;
832dc08b-ab62-5ea8-a70f-87e481dc9e7b;f35981fe-204a-5be5-ac37-4a0bb10c9925;1030;013573ad-8e1e-50ab-bfd5-140b70dbab8b;Jet A into-plane BOS B61439 26Sep N3065J;4500301549;00010;11879.000;LTR;1.3245;15733.74;U1;138.08;07f5bb7d-57b6-54c2-861f-86065f72c962;e25cc6a2-954c-5fac-bff2-e685d8d614dd;SHL-BOS-696986;dfa88688-f858-5e08-963a-281d2c1421bf;4500301549;5000301549;TICKET_NUMBER;FUELBOS;400000;MATCHED;0.00;0.00;NONE;a8d78a55-b0c4-569f-b386-84c5cac84174;9606.55;1.6378;15733.74;WITHIN;
9edc3726-532b-5301-bfd7-b94502a81121;f35981fe-204a-5be5-ac37-4a0bb10c9925;1040;013573ad-8e1e-50ab-bfd5-140b70dbab8b;Jet A into-plane BOS B6651 26Sep N955JB;4500301559;00010;8267.000;LTR;1.3245;10949.64;U1;96.10;8bbb64de-dd3e-51d9-a805-4a32f4cf7f1f;e2a78893-4bbc-555d-9e8b-de64b86ef34c;SHL-BOS-696987;fbc5d8d4-9f20-56cd-b28e-f45e961d9003;4500301559;5000301559;TICKET_NUMBER;FUELBOS;400000;MATCHED;0.00;0.00;NONE;b6d49283-50e6-5f6c-ae5c-7e14a5a5c9d6;6686.35;1.6376;10949.64;WITHIN;
45a4efff-b959-582a-b8a6-9b9525600f00;f35981fe-204a-5be5-ac37-4a0bb10c9925;1050;013573ad-8e1e-50ab-bfd5-140b70dbab8b;Jet A into-plane BOS B6385 26Sep N3260J;4500301566;00010;3254.000;LTR;1.3245;4309.92;U1;37.82;730598b8-6c00-50dc-8f7f-799cc0a2eed5;f4cd2307-29fe-5d8f-b16a-26f8f3914d08;SHL-BOS-696988;1e78c3c3-a9a6-5ef2-ae12-9ea9b4121a9d;4500301566;5000301566;TICKET_NUMBER;FUELBOS;400000;MATCHED;0.00;0.00;NONE;b43b00a1-44c8-5b9e-8342-b77f7741c679;2636.07;1.635;4309.92;WITHIN;
297f9ad6-1aba-544d-a7f7-62ddce2d47c3;f35981fe-204a-5be5-ac37-4a0bb10c9925;1060;013573ad-8e1e-50ab-bfd5-140b70dbab8b;Jet A into-plane BOS B61237 26Sep N3304J;4500301577;00010;3926.000;LTR;1.3245;5199.99;U1;45.64;ca3a3140-7424-5d7a-83e1-54676cb57205;7d0ee298-7879-53a8-a88b-d0cdc2b8eecc;SHL-BOS-696989;d9b956a2-7381-5512-b91e-0447173bea82;4500301577;5000301577;TICKET_NUMBER;FUELBOS;400000;MATCHED;0.00;0.00;NONE;f9a20529-e8da-5a88-8f3e-66f849a03fea;3171.03;1.6398;5199.99;WITHIN;
751c3b51-3050-5bb1-af0a-3eca29625033;f35981fe-204a-5be5-ac37-4a0bb10c9925;1070;013573ad-8e1e-50ab-bfd5-140b70dbab8b;Jet A into-plane BOS B61293 26Sep N3123J;4500301604;00010;3145.000;LTR;1.3245;4165.55;U1;36.56;a070f737-6ef5-5ec3-9ae8-2e9e6c9b2395;79ec3911-01ee-598d-b0ff-e11294c440dd;SHL-BOS-696990;3b17989d-96e0-591f-a177-ec3c12c5cd5d;4500301604;5000301604;TICKET_NUMBER;FUELBOS;400000;MATCHED;0.00;0.00;NONE;dcc3eb0c-5a39-5d4c-97f6-a2859199f5eb;2542.73;1.6382;4165.55;WITHIN;
b4f4aacc-82db-5702-a552-d04241e41a73;f35981fe-204a-5be5-ac37-4a0bb10c9925;1080;013573ad-8e1e-50ab-bfd5-140b70dbab8b;Jet A into-plane BOS B62283 26Sep N793JB;4500301606;00010;4815.000;LTR;1.3245;6377.47;U1;55.97;49b49f6c-f442-50e9-9a4e-f029c54932ab;ba51cef9-2ebd-5f76-a568-575dbf21592b;SHL-BOS-696993;4bf0e02a-f9d2-56f3-a0e7-d8039121d9af;4500301606;5000301606;TICKET_NUMBER;FUELBOS;400000;MATCHED;0.00;0.00;NONE;6057a86b-17a1-5d48-9414-aa75da98490e;3898.71;1.6358;6377.47;WITHIN;
01a77b72-ee15-504b-94d1-9c04e61d4f5f;f35981fe-204a-5be5-ac37-4a0bb10c9925;1090;013573ad-8e1e-50ab-bfd5-140b70dbab8b;Jet A into-plane BOS B6915 26Sep N3240J;4500301632;00010;1511.000;LTR;1.3245;2001.32;U1;17.56;c88cf7d1-c1c5-50bb-8119-f4d57b2488b0;da9b2868-0344-56e4-862e-ce75435d7786;SHL-BOS-696994;2915b5d6-fb0d-5b90-9892-5cbf2436ca65;4500301632;5000301632;TICKET_NUMBER;FUELBOS;400000;MATCHED;0.00;0.00;NONE;0ee71f6e-3f8d-558d-b16c-014a2b3c4af6;1222.85;1.6366;2001.32;WITHIN;
d5ad6201-0731-5d7f-b892-b263628adb1c;f35981fe-204a-5be5-ac37-4a0bb10c9925;1100;013573ad-8e1e-50ab-bfd5-140b70dbab8b;Jet A into-plane BOS B62383 26Sep N3271J;4500301672;00010;4126.000;LTR;1.3245;5464.89;U1;47.96;ae08fff7-7773-5a41-a7a1-4338af779c57;4497f2ee-ccbb-5cd4-9210-5ab8ee06a878;SHL-BOS-696996;d166da86-f68e-5e02-a187-6ce014f5c513;4500301672;5000301672;TICKET_NUMBER;FUELBOS;400000;MATCHED;0.00;0.00;NONE;2852a3b7-f65c-5fba-9cc8-1403cb4a1deb;3337.52;1.6374;5464.89;WITHIN;
63866e75-2f9b-5d9b-ab0f-00d02dee145f;f35981fe-204a-5be5-ac37-4a0bb10c9925;1110;013573ad-8e1e-50ab-bfd5-140b70dbab8b;Jet A into-plane BOS B62251 26Sep N994JL;4500301691;00010;7524.000;LTR;1.3245;9965.54;U1;87.46;04c21230-d418-5a03-840b-b060360d460e;c4d75fd0-c958-5bf0-9f21-482c0c1b147f;SHL-BOS-696998;dc5112fb-9dd7-5b92-bbdc-338064d5afcb;4500301691;5000301691;TICKET_NUMBER;FUELBOS;400000;MATCHED;0.00;0.00;NONE;21258ecb-c057-55e4-9bf4-2e38a9c880ad;6104.22;1.6326;9965.54;WITHIN;
8ecb70e5-7232-579b-86f0-8abc2a5f895f;f35981fe-204a-5be5-ac37-4a0bb10c9925;1120;013573ad-8e1e-50ab-bfd5-140b70dbab8b;Jet A into-plane BOS B61397 26Sep N3152J;4500301696;00010;5991.000;LTR;1.3245;7935.08;U1;69.64;71549a50-13d2-545e-bd64-0bdefa699d14;6b971e81-5f14-5cce-ae59-3709b95931dc;SHL-BOS-697001;e643df26-049e-5af2-9a71-042902d07d49;4500301696;5000301696;TICKET_NUMBER;FUELBOS;400000;MATCHED;0.00;0.00;NONE;4137bdaa-a1c2-5112-b203-f344a7299644;4855.71;1.6342;7935.08;WITHIN;
92e8f00b-0df6-595c-a838-99b3dd17eadb;f35981fe-204a-5be5-ac37-4a0bb10c9925;1130;013573ad-8e1e-50ab-bfd5-140b70dbab8b;Jet A into-plane BOS B62065 26Sep N3255J;4500301712;00010;7694.000;LTR;1.3245;10190.70;U1;89.44;c3b50638-812c-557c-9cd8-09f06a4b679d;110e4213-7a96-5456-b344-78e0b8a2f3ac;SHL-BOS-697003;b5041232-f4f6-5d85-88e2-32c11412b473;4500301712;5000301712;TICKET_NUMBER;FUELBOS;400000;MATCHED;0.00;0.00;NONE;c5112f6b-f92c-5240-b384-6673fa290e8d;6232.91;1.635;10190.7;WITHIN;
05efc9a6-609b-54a6-a695-e6814631f69b;f35981fe-204a-5be5-ac37-4a0bb10c9925;1140;013573ad-8e1e-50ab-bfd5-140b70dbab8b;Jet A into-plane BOS B62459 26Sep N3196J;4500301738;00010;3237.000;LTR;1.3245;4287.41;U1;37.63;0c508a4f-53a6-5b01-8721-6c0ba9c97037;78daa073-2135-5a81-8fe9-499c86471997;SHL-BOS-697006;1e188f66-7390-58fc-9e0e-7cd81a850ba5;4500301738;5000301738;TICKET_NUMBER;FUELBOS;400000;MATCHED;0.00;0.00;NONE;7148e9f5-0c4a-5392-96f4-e20dab9588b6;2623.59;1.6342;4287.41;WITHIN;
f859fedb-472a-5108-9853-acd003df21ea;cc11e35b-0f27-57dc-83b8-99de52d58448;10;013573ad-8e1e-50ab-bfd5-140b70dbab8b;Jet A into-plane BOS B6251 23Sep N957JB;4500300025;00010;9135.000;LTR;1.3014;11888.29;U1;106.19;ca4e3349-93e8-5c6b-840b-bb0c1f9e5ad9;8ff80120-b4d8-51f5-ac6f-f72fa6058682;WFS-BOS-478831;c98f812e-c2b7-5a62-a21a-4983a4d6cfd8;4500300025;5000300025;TICKET_NUMBER;FUELBOS;400000;MATCHED;0.00;0.00;NONE;4081ee90-ddb5-571a-8a09-cd9fd51011c7;7297.95;1.629;11888.29;WITHIN;
2cae4e36-96c8-52a3-8706-8a3b24b4ce56;cc11e35b-0f27-57dc-83b8-99de52d58448;20;013573ad-8e1e-50ab-bfd5-140b70dbab8b;Jet A into-plane BOS B631 23Sep N4064J;4500300028;00010;17763.000;LTR;1.3014;23116.77;U1;206.48;c8520f11-53d0-5dda-9262-00c13cb48c94;e9f54994-4fb6-518e-a844-156faac0efe3;WFS-BOS-478833;5e3f4007-f1bb-53f0-ad45-6d1b23470639;4500300028;5000300028;TICKET_NUMBER;FUELBOS;400000;MATCHED;0.00;0.00;NONE;836cb900-5646-5804-8597-d9e540fdb3bd;14215.73;1.6261;23116.77;WITHIN;
05c802a9-0d9a-5db6-8373-8af4baf01c02;cc11e35b-0f27-57dc-83b8-99de52d58448;30;013573ad-8e1e-50ab-bfd5-140b70dbab8b;Jet A into-plane BOS B6159 23Sep N3322J;4500300037;00010;1931.000;LTR;1.3014;2513.00;U1;22.45;89b7ba54-ea08-5093-9b70-eb391c7eeb90;97903473-f55f-55eb-9ed5-3a8856ef6b0f;WFS-BOS-478834;67e5c298-6753-5171-ace7-cc73f57e88be;4500300037;5000300037;TICKET_NUMBER;FUELBOS;400000;MATCHED;0.00;0.00;NONE;33bc6c6d-487a-573d-8f5c-4664b5bd1a58;1536.5;1.6355;2513;WITHIN;
18f73c05-332a-570b-82ba-8431ea26a353;cc11e35b-0f27-57dc-83b8-99de52d58448;40;013573ad-8e1e-50ab-bfd5-140b70dbab8b;Jet A into-plane BOS B6345 23Sep N4083J;4500300042;00010;20471.000;LTR;1.3014;26640.96;U1;237.95;8a27363f-4ba6-5096-8109-1b207f2f9934;90b75f21-987a-5154-a0d1-63ec11d1ae92;WFS-BOS-478836;4b7d3b5d-de8a-5ec6-b8fd-177f8fd815b6;4500300042;5000300042;TICKET_NUMBER;FUELBOS;400000;MATCHED;0.00;0.00;NONE;5c4974fe-1530-5415-9ec9-da6e012c0a89;16344.05;1.63;26640.96;WITHIN;
2ce07cdd-fe51-5229-be64-7b2f3fed0475;cc11e35b-0f27-57dc-83b8-99de52d58448;50;013573ad-8e1e-50ab-bfd5-140b70dbab8b;Jet A into-plane BOS B633 23Sep N4076J;4500300051;00010;17507.000;LTR;1.3014;22783.61;U1;203.50;69968cc5-c824-5e7b-adf2-3e784220d807;7082882e-ca98-53b6-a10c-5426628ab4d9;WFS-BOS-478839;c7cde040-fdf2-5d63-8048-1f3a13c48392;4500300051;5000300051;TICKET_NUMBER;FUELBOS;400000;MATCHED;0.00;0.00;NONE;f69f0984-984a-5ba8-8612-c1c4374c8355;14002.1;1.6272;22783.61;WITHIN;
70222e91-414b-5206-9506-6f2a3d1da7a6;cc11e35b-0f27-57dc-83b8-99de52d58448;60;013573ad-8e1e-50ab-bfd5-140b70dbab8b;Jet A into-plane BOS B6413 23Sep N943JT;4500300068;00010;19263.000;LTR;1.3014;25068.87;U1;223.91;83f2f99e-cdbd-5bbe-8362-a76ebd4aa46a;c6bfb849-907d-5327-b3e1-874dc8e85dc6;WFS-BOS-478840;09f196b7-a884-55ac-830c-4d6b0a836ca7;4500300068;5000300068;TICKET_NUMBER;FUELBOS;400000;MATCHED;0.00;0.00;NONE;efb4bbba-51eb-5265-a308-c637275722fe;15385.36;1.6294;25068.87;WITHIN;
a857ff7f-5a81-568e-89cb-d3cbb4119bb0;cc11e35b-0f27-57dc-83b8-99de52d58448;70;013573ad-8e1e-50ab-bfd5-140b70dbab8b;Jet A into-plane BOS B6717 24Sep N3293J;4500300104;00010;727.000;LTR;1.3094;951.93;U1;8.45;3ed9e438-a85f-5603-9955-843b609693b9;5dd0d7c8-3393-5967-9e32-22ac35ea9411;WFS-BOS-478842;c51f572d-3658-5260-bf93-87f2a7adc0ab;4500300104;5000300104;TICKET_NUMBER;FUELBOS;400000;MATCHED;0.00;0.00;NONE;f0774351-8e9f-54c0-97a2-b2720e22fc62;585.31;1.6264;951.93;WITHIN;
37f99e08-8a64-511f-a4ab-ccd784215b48;cc11e35b-0f27-57dc-83b8-99de52d58448;80;013573ad-8e1e-50ab-bfd5-140b70dbab8b;Jet A into-plane BOS B61807 24Sep N3125J;4500300132;00010;9868.000;LTR;1.3094;12921.16;U1;114.71;1623ccc2-3de9-5aae-b05a-7d2a271407f5;ae1001a8-3ab9-5e68-8625-ac24720a3d91;WFS-BOS-478843;dc2356c5-7b04-5d00-80e5-ddc2eaa7de9d;4500300132;5000300132;TICKET_NUMBER;FUELBOS;400000;MATCHED;0.00;0.00;NONE;7bf64e6b-6b88-5075-9b78-7eaeaa3ff9e1;7954.59;1.6244;12921.16;WITHIN;
db677ddc-c50b-51fe-bec0-d28213ca7678;cc11e35b-0f27-57dc-83b8-99de52d58448;90;013573ad-8e1e-50ab-bfd5-140b70dbab8b;Jet A into-plane BOS B6165 24Sep N949JT;4500300140;00010;10598.000;LTR;1.3094;13877.02;U1;123.19;011c4c90-2688-5d9f-a058-cb92749021a5;09bd9d41-2d5e-5eb8-af15-644b2bfac3f5;WFS-BOS-478844;8dd0c03f-b75a-5b68-8989-027905ac61d4;4500300140;5000300140;TICKET_NUMBER;FUELBOS;400000;MATCHED;0.00;0.00;NONE;1ab71509-1ea8-5fe4-8d38-b5ae727ee2c2;8530.33;1.6268;13877.02;WITHIN;
04b9f026-7089-56fc-875f-766c9e90b5b4;cc11e35b-0f27-57dc-83b8-99de52d58448;100;013573ad-8e1e-50ab-bfd5-140b70dbab8b;Jet A into-plane BOS B6569 24Sep N729JB;4500300144;00010;9231.000;LTR;1.3094;12087.07;U1;107.30;0f84de63-382c-5f71-801e-04479d9a54fc;fbf16d40-cd31-59ee-a272-39fc02a3be53;WFS-BOS-478845;d3bc1ca5-42d0-57de-b41a-56fe0798d29d;4500300144;5000300144;TICKET_NUMBER;FUELBOS;400000;MATCHED;0.00;0.00;NONE;eb4d49ae-da3f-583c-a78f-c1879984aee0;7440.19;1.6246;12087.07;WITHIN;
605a965c-0c19-58e7-b09a-7876d7876ff9;cc11e35b-0f27-57dc-83b8-99de52d58448;110;013573ad-8e1e-50ab-bfd5-140b70dbab8b;Jet A into-plane BOS B61585 24Sep N3194J;4500300145;00010;3784.000;LTR;1.3094;4954.77;U1;43.99;abaa131a-7724-5299-91be-458cdbb12290;4809ae91-660b-5f83-87d9-a649aa9a9278;WFS-BOS-478846;53491bc0-0f82-541e-8053-7282a2e39a11;4500300145;5000300145;TICKET_NUMBER;FUELBOS;400000;MATCHED;0.00;0.00;NONE;f495f109-2104-52f6-9b8d-56a46287088f;3040.82;1.6294;4954.77;WITHIN;
42a37e03-bc65-523e-ad5a-aa7059dce2da;cc11e35b-0f27-57dc-83b8-99de52d58448;120;013573ad-8e1e-50ab-bfd5-140b70dbab8b;Jet A into-plane BOS B6111 24Sep N3229J;4500300162;00010;4402.000;LTR;1.3094;5763.98;U1;51.17;471e12d5-930a-5309-a592-5695de7c29ce;7b9bd2b4-1053-5c7e-986e-d4e022b4eef4;WFS-BOS-478849;e8dd16a2-2ade-59c5-b3a4-484838ff01f4;4500300162;5000300162;TICKET_NUMBER;FUELBOS;400000;MATCHED;0.00;0.00;NONE;a83a2cd0-88d6-5f44-824e-875d8f64afd1;3552.41;1.6226;5763.98;WITHIN;
d02acc4c-e6a6-563a-a036-d8a8e525e1f3;cc11e35b-0f27-57dc-83b8-99de52d58448;130;013573ad-8e1e-50ab-bfd5-140b70dbab8b;Jet A into-plane BOS B6917 24Sep N658JB;4500300166;00010;2965.000;LTR;1.3094;3882.37;U1;34.47;ae4792d4-61f9-5612-8a22-163a55868c6e;fb2425c0-031a-5793-b148-948a11e331ef;WFS-BOS-478851;bb40fdc7-3cdd-5905-b6e3-e0735541d39b;4500300166;5000300166;TICKET_NUMBER;FUELBOS;400000;MATCHED;0.00;0.00;NONE;1d00fd40-38ea-5e37-91c6-59266d3da301;2388.31;1.6256;3882.37;WITHIN;
5f3d358e-99a2-53d2-aa4c-8e2a70a41fb8;cc11e35b-0f27-57dc-83b8-99de52d58448;140;013573ad-8e1e-50ab-bfd5-140b70dbab8b;Jet A into-plane BOS B6861 24Sep N521JB;4500300198;00010;11696.000;LTR;1.3094;15314.74;U1;135.95;344a09ec-56e7-589c-90a5-663775bb0421;390c2110-4386-5af4-90ec-9239a66084bb;WFS-BOS-478852;902ae15f-982a-5eeb-82c5-1c4672ab9881;4500300198;5000300198;TICKET_NUMBER;FUELBOS;400000;MATCHED;0.00;0.00;NONE;73eac16b-aac9-5c81-a660-25060788b172;9426.98;1.6246;15314.74;WITHIN;
93f83395-1147-58bb-bc3d-22107399bcf7;cc11e35b-0f27-57dc-83b8-99de52d58448;150;013573ad-8e1e-50ab-bfd5-140b70dbab8b;Jet A into-plane BOS B62083 24Sep N3241J;4500300202;00010;2935.000;LTR;1.3094;3843.09;U1;34.12;a12f1ec7-db71-5443-8d96-d07c1011cfc5;6d6fb1f0-983b-57f2-a130-b23d3328ee4c;WFS-BOS-478854;b6599a2d-5916-5993-ab1c-f935f0c6f700;4500300202;5000300202;TICKET_NUMBER;FUELBOS;400000;MATCHED;0.00;0.00;NONE;4cb59588-aa97-5034-8eb3-b1e88180060c;2362.09;1.627;3843.09;WITHIN;
b48b6144-204a-5e9d-91eb-94ba0f346ae4;cc11e35b-0f27-57dc-83b8-99de52d58448;160;013573ad-8e1e-50ab-bfd5-140b70dbab8b;Jet A into-plane BOS B61159 24Sep N3298J;4500300205;00010;2273.000;LTR;1.3094;2976.27;U1;26.42;c3955166-1995-5442-b493-5eff44c0dfe5;e0ddb135-62d4-57ae-a0a3-1738ff623925;WFS-BOS-478855;739bf538-4460-5269-8e01-bb223a128ea2;4500300205;5000300205;TICKET_NUMBER;FUELBOS;400000;MATCHED;0.00;0.00;NONE;b03018ba-ae42-5587-8c11-1d859fc9da3b;1834.08;1.6228;2976.27;WITHIN;
cd76a46d-df8e-53db-b40e-ac56f06a8aae;cc11e35b-0f27-57dc-83b8-99de52d58448;170;013573ad-8e1e-50ab-bfd5-140b70dbab8b;Jet A into-plane BOS B6633 24Sep N2157J;4500300210;00010;16793.000;LTR;1.3094;21988.75;U1;195.20;829b61c2-0256-5cad-a51a-d642d89dba90;f5b0dbfb-2190-5361-9649-266618fecda1;WFS-BOS-478858;7bfdd80e-ce41-5381-98ed-8e5c6e5e1c3a;4500300210;5000300210;TICKET_NUMBER;FUELBOS;400000;MATCHED;0.00;0.00;NONE;e33766a1-03c0-540f-bc42-c3c6b754acd3;13521.72;1.6262;21988.75;WITHIN;
3e2581fc-f9e5-5491-9e79-e541ee60b11e;cc11e35b-0f27-57dc-83b8-99de52d58448;180;013573ad-8e1e-50ab-bfd5-140b70dbab8b;Jet A into-plane BOS B62033 24Sep N623JB;4500300213;00010;12585.000;LTR;1.3094;16478.80;U1;146.29;f111ca24-a28d-56fa-8331-aa67de6cedc1;62c855b5-67ab-56e6-b9c4-ca966463467d;WFS-BOS-478861;4698999d-4d91-552a-96d1-e9880581c38b;4500300213;5000300213;TICKET_NUMBER;FUELBOS;400000;MATCHED;0.00;0.00;NONE;3bc15e16-6e32-50ce-8481-6cf9ac09e727;10157.35;1.6224;16478.8;WITHIN;
3b96aa44-3de6-5fed-9edd-7062d1b3e9e5;cc11e35b-0f27-57dc-83b8-99de52d58448;190;013573ad-8e1e-50ab-bfd5-140b70dbab8b;Jet A into-plane BOS B6687 24Sep N989JT;4500300223;00010;19030.000;LTR;1.3094;24917.88;U1;221.20;a0235375-91ec-569b-a894-e08b17f2a866;13de836c-7fe3-5335-bacf-7eea7db8c21e;WFS-BOS-478862;64785fc0-e5c6-506c-b93a-188b1c11689e;4500300223;5000300223;TICKET_NUMBER;FUELBOS;400000;MATCHED;0.00;0.00;NONE;d606d1d0-f45a-5379-9ffa-f3db2b89e226;15341.99;1.6242;24917.88;WITHIN;
4258027e-2c18-5984-926b-1fff95e0a5c9;cc11e35b-0f27-57dc-83b8-99de52d58448;200;013573ad-8e1e-50ab-bfd5-140b70dbab8b;Jet A into-plane BOS B669 24Sep N529JB;4500300224;00010;7505.000;LTR;1.3094;9827.05;U1;87.24;5288a62f-28f6-53a6-8f63-befe0b910dbd;5081ab7e-0ec8-5c5e-a5c6-30ea7b6c595e;WFS-BOS-478864;138ed511-bda3-584a-afbf-3627c7cc16fb;4500300224;5000300224;TICKET_NUMBER;FUELBOS;400000;MATCHED;0.00;0.00;NONE;cfe22964-5009-5fff-9bab-e6a44c7966d7;6040.02;1.627;9827.05;WITHIN;
076e30f0-426b-5255-ab34-e9414aa233ba;cc11e35b-0f27-57dc-83b8-99de52d58448;210;013573ad-8e1e-50ab-bfd5-140b70dbab8b;Jet A into-plane BOS B62229 24Sep N3260J;4500300226;00010;4673.000;LTR;1.3094;6118.83;U1;54.32;39654ac5-ce31-5303-be7e-6b2b3bc04cef;f6e839c3-e286-52da-9f5e-3b63bb0e9c5d;WFS-BOS-478865;9e74f89c-707e-538e-9269-cd9cd07ec69e;4500300226;5000300226;TICKET_NUMBER;FUELBOS;400000;MATCHED;0.00;0.00;NONE;5aefe42d-5ead-553b-9372-14e35d77b934;3760.83;1.627;6118.83;WITHIN;
24a10a8f-7184-5633-9dda-5d5e24fb43fb;cc11e35b-0f27-57dc-83b8-99de52d58448;220;013573ad-8e1e-50ab-bfd5-140b70dbab8b;Jet A into-plane BOS B6567 24Sep N3322J;4500300242;00010;5440.000;LTR;1.3094;7123.14;U1;63.23;18b3e8e9-9a7f-57b5-b364-2579ad924b9c;3af1135a-0991-5702-bfc8-d788d9df24d0;WFS-BOS-478867;c9a2ae36-5f3a-55bb-b8d7-02f6acbe915b;4500300242;5000300242;TICKET_NUMBER;FUELBOS;400000;MATCHED;0.00;0.00;NONE;6b8f8974-0598-5073-9433-284ad8692d85;4375.39;1.628;7123.14;WITHIN;
f6608c27-8030-5c59-b53b-df2adbe4dad3;cc11e35b-0f27-57dc-83b8-99de52d58448;230;013573ad-8e1e-50ab-bfd5-140b70dbab8b;Jet A into-plane BOS B61215 24Sep N637JB;4500300244;00010;3096.000;LTR;1.3094;4053.90;U1;35.99;e4c9a30f-0f41-5505-978e-5a84c3094cc1;75c0e461-7197-50b6-9fb1-dbb50ee60274;WFS-BOS-478869;96e5756e-aea6-5fce-a831-5112ca305638;4500300244;5000300244;TICKET_NUMBER;FUELBOS;400000;MATCHED;0.00;0.00;NONE;88d209d7-ee53-535c-bfbd-f5c2b80dc1af;2485.16;1.6312;4053.9;WITHIN;
a7e0b00b-cfaf-5d3a-a16c-4e276c79305e;cc11e35b-0f27-57dc-83b8-99de52d58448;240;013573ad-8e1e-50ab-bfd5-140b70dbab8b;Jet A into-plane BOS B6393 24Sep N3157J;4500300252;00010;9717.000;LTR;1.3094;12723.44;U1;112.95;0cdecb9c-42f1-5f5c-93af-ca8f843818d7;e7c3b464-0460-59ef-bd69-53d40322488f;WFS-BOS-478871;1e104be5-2133-5451-b3b6-15991dbc2c59;4500300252;5000300252;TICKET_NUMBER;FUELBOS;400000;MATCHED;0.00;0.00;NONE;7ec7d3fe-6a0a-507f-bf99-1a51de624b0a;7828.02;1.6254;12723.44;WITHIN;
5d2430f9-1026-5de6-8e65-fdf1ad27d7d4;cc11e35b-0f27-57dc-83b8-99de52d58448;250;013573ad-8e1e-50ab-bfd5-140b70dbab8b;Jet A into-plane BOS B62355 24Sep N3221J;4500300269;00010;2953.000;LTR;1.3094;3866.66;U1;34.33;c978e8c0-ecd3-57f1-b1ca-91f103fe1a7d;5fc05064-7949-59e9-be8d-860735944300;WFS-BOS-478873;daa49333-ba58-50c2-b641-0480683f5a1c;4500300269;5000300269;TICKET_NUMBER;FUELBOS;400000;MATCHED;0.00;0.00;NONE;fb0e6fcd-dfd4-5f61-b05e-f947bbfcae3c;2380.12;1.6246;3866.66;WITHIN;
89c98ecd-200e-5d99-a715-3892b901acd0;cc11e35b-0f27-57dc-83b8-99de52d58448;260;013573ad-8e1e-50ab-bfd5-140b70dbab8b;Jet A into-plane BOS B61017 24Sep N3104J;4500300270;00010;937.000;LTR;1.3094;1226.91;U1;10.89;53b987fc-3b3b-50c3-828e-45d97ba1a3eb;ff732622-f58c-5475-9705-48432d945e15;WFS-BOS-478874;ac8f764e-ebb4-5d1d-8f7a-8a1137c688ba;4500300270;5000300270;TICKET_NUMBER;FUELBOS;400000;MATCHED;0.00;0.00;NONE;ebea78b6-bde4-5f64-8e1f-b7eca141579b;756.44;1.622;1226.91;WITHIN;
be6baf14-4a1b-5e37-899f-c3ae2ea8c76f;cc11e35b-0f27-57dc-83b8-99de52d58448;270;013573ad-8e1e-50ab-bfd5-140b70dbab8b;Jet A into-plane BOS B6401 24Sep N559JB;4500300286;00010;11738.000;LTR;1.3094;15369.74;U1;136.44;8dabbe7d-9685-5fc2-b046-8b9458f691f3;6cc921e9-3e73-571f-a72e-86aa98336df3;WFS-BOS-478875;b5c8c477-3cef-5633-a9b3-44c12bcb35bd;4500300286;5000300286;TICKET_NUMBER;FUELBOS;400000;MATCHED;0.00;0.00;NONE;5bd6a798-018c-50f0-b4ec-5950ef1d3777;9452.61;1.626;15369.74;WITHIN;
97e089e8-058e-573c-885e-676799f5bfd6;cc11e35b-0f27-57dc-83b8-99de52d58448;280;013573ad-8e1e-50ab-bfd5-140b70dbab8b;Jet A into-plane BOS B61177 24Sep N977JE;4500300292;00010;16802.000;LTR;1.3094;22000.54;U1;195.31;0de6231e-5a72-5269-a110-d7b3275e3269;db6318b9-ea96-5602-870b-f58d592aa6ed;WFS-BOS-478878;ae72f974-49fe-539f-bd59-b5cc683e0152;4500300292;5000300292;TICKET_NUMBER;FUELBOS;400000;MATCHED;0.00;0.00;NONE;6410fa4b-6c39-5a34-ad5c-bf1b8bcca027;13513.85;1.628;22000.54;WITHIN;
ed616488-31e0-54b7-99c1-8e4c38a3ed70;cc11e35b-0f27-57dc-83b8-99de52d58448;290;013573ad-8e1e-50ab-bfd5-140b70dbab8b;Jet A into-plane BOS B62352 24Sep N3289J;4500300294;00010;1193.000;LTR;1.3094;1562.11;U1;13.87;e75cc419-1cca-52b2-831f-f64fce9c6f84;a628e555-8eb5-5bd9-b780-545fe1460340;WFS-BOS-478880;8e70af5e-0888-549b-8b9d-9a72c9ea32bf;4500300294;5000300294;TICKET_NUMBER;FUELBOS;400000;MATCHED;0.00;0.00;NONE;8911a7d0-3148-5ff2-b9fb-e4c7cf1bbe31;961.56;1.6246;1562.11;WITHIN;
5b61f9f3-24c3-5f09-aa9d-10a75fe35d89;cc11e35b-0f27-57dc-83b8-99de52d58448;300;013573ad-8e1e-50ab-bfd5-140b70dbab8b;Jet A into-plane BOS B6791 24Sep N965JT;4500300315;00010;10419.000;LTR;1.3094;13642.64;U1;121.11;d08720a3-270f-5369-8798-8c60b14c5f89;0803d936-16e6-528f-aafe-9a08cd79d25c;WFS-BOS-478883;576d17f1-6b73-59f0-af5d-494cc0c51700;4500300315;5000300315;TICKET_NUMBER;FUELBOS;400000;MATCHED;0.00;0.00;NONE;5df300f9-e138-5146-9b1b-42e77e665933;8373.75;1.6292;13642.64;WITHIN;
93dd8cbb-34e8-5fac-a387-1eb658c67cdb;cc11e35b-0f27-57dc-83b8-99de52d58448;310;013573ad-8e1e-50ab-bfd5-140b70dbab8b;Jet A into-plane BOS B61117 24Sep N3113J;4500300317;00010;2705.000;LTR;1.3094;3541.93;U1;31.44;0e28c595-1f6a-57f1-b2b7-f906b7c1a1af;e5505a90-05e4-58fc-b3e2-678655c3f5d3;WFS-BOS-478884;6040adeb-455e-5c05-8900-d225fbe03c20;4500300317;5000300317;TICKET_NUMBER;FUELBOS;400000;MATCHED;0.00;0.00;NONE;5848c6dc-bbd4-5b66-9c1f-34b80ba47859;2180.5;1.6244;3541.93;WITHIN;
d9228d63-6c70-50d3-8945-5041c5313cc9;cc11e35b-0f27-57dc-83b8-99de52d58448;320;013573ad-8e1e-50ab-bfd5-140b70dbab8b;Jet A into-plane BOS B6267 24Sep N3232J;4500300337;00010;5078.000;LTR;1.3094;6649.13;U1;59.03;02cd4e06-3336-51e6-986f-8205b1dbdade;b78b1639-9839-5bf1-bad4-ae00c6db0e2e;WFS-BOS-478885;914c7923-caa5-5371-95b9-688179c885cd;4500300337;5000300337;TICKET_NUMBER;FUELBOS;400000;MATCHED;0.00;0.00;NONE;38c251dc-ae1d-5101-87e3-43fa56e906ea;4085.25;1.6276;6649.13;WITHIN;
a72c853e-f608-50c4-9a14-fb109fdee8e6;cc11e35b-0f27-57dc-83b8-99de52d58448;330;013573ad-8e1e-50ab-bfd5-140b70dbab8b;Jet A into-plane BOS B6249 24Sep N3269J;4500300357;00010;5508.000;LTR;1.3094;7212.18;U1;64.02;c5d5f344-211e-59ef-a876-570d12585820;e452d86f-9866-518b-b206-2fa502f0c442;WFS-BOS-478888;cc01705c-4abc-5f19-b556-63f2a3af7034;4500300357;5000300357;TICKET_NUMBER;FUELBOS;400000;MATCHED;0.00;0.00;NONE;e4ad860a-197e-59a0-9b52-4f1d0f534576;4443.85;1.623;7212.18;WITHIN;
d982aa12-31f2-57de-8153-06321707ddc5;cc11e35b-0f27-57dc-83b8-99de52d58448;340;013573ad-8e1e-50ab-bfd5-140b70dbab8b;Jet A into-plane BOS B61487 24Sep N978JB;4500300367;00010;21075.000;LTR;1.3094;27595.60;U1;244.98;7509e0e9-bc49-5ad0-8ba9-a65fcd786833;490f1358-c8b8-545f-afb1-3a572a2d92b1;WFS-BOS-478891;28fcbbe9-b394-5108-9c18-b4f6480dda01;4500300367;5000300367;TICKET_NUMBER;FUELBOS;400000;MATCHED;0.00;0.00;NONE;ce2442e2-b8e1-51ac-8979-2c9e878d2ee1;16948.51;1.6282;27595.6;WITHIN;
f3d5cf2b-9c87-544d-ae84-aef1cc2ea29a;cc11e35b-0f27-57dc-83b8-99de52d58448;350;013573ad-8e1e-50ab-bfd5-140b70dbab8b;Jet A into-plane BOS B6509 24Sep N655JB;4500300378;00010;7100.000;LTR;1.3094;9296.74;U1;82.53;1729e9ef-9de1-5a1d-b517-12257569cbc2;bf33fcf5-2493-50c7-b30d-dc9a907e667f;WFS-BOS-478894;47d85774-0229-55b2-afb1-83f7f9a7c4cb;4500300378;5000300378;TICKET_NUMBER;FUELBOS;400000;MATCHED;0.00;0.00;NONE;a6ada0d9-a955-5147-9a96-452cad5c95cf;5726.15;1.6236;9296.74;WITHIN;
96143f64-253e-5ae4-9115-7851a18202ec;cc11e35b-0f27-57dc-83b8-99de52d58448;360;013573ad-8e1e-50ab-bfd5-140b70dbab8b;Jet A into-plane BOS B6407 24Sep N3125J;4500300397;00010;5983.000;LTR;1.3094;7834.14;U1;69.55;f3639dca-41f8-5d1d-8a5f-ed8174b720e0;b321c278-fa88-5a6f-9c0c-46248d2bd0cb;WFS-BOS-478896;230ba777-3c5b-5854-a72c-7c299fb61a2a;4500300397;5000300397;TICKET_NUMBER;FUELBOS;400000;MATCHED;0.00;0.00;NONE;fe917bd9-85ab-547c-a523-0b29def29daa;4829.48;1.6221;7834.14;WITHIN;
bdef997e-5ec0-5495-8c70-6288aa967c67;cc11e35b-0f27-57dc-83b8-99de52d58448;370;013573ad-8e1e-50ab-bfd5-140b70dbab8b;Jet A into-plane BOS B6781 24Sep N3229J;4500300410;00010;3040.000;LTR;1.3094;3980.58;U1;35.34;2be3319c-fcc3-52cf-902e-adcaba5045d6;32c29e9a-ce4d-5924-9f44-4c2a7d8d9d18;WFS-BOS-478899;1c1e1442-5768-52fc-a424-5228210d1256;4500300410;5000300410;TICKET_NUMBER;FUELBOS;400000;MATCHED;0.00;0.00;NONE;b6fb5f02-9567-52f6-b8c9-9f9b2f2ddb05;2450.24;1.6246;3980.58;WITHIN;
ea5b9787-4af6-5592-964f-67c6fdbad674;cc11e35b-0f27-57dc-83b8-99de52d58448;380;013573ad-8e1e-50ab-bfd5-140b70dbab8b;Jet A into-plane BOS B6269 24Sep N905JB;4500300432;00010;10443.000;LTR;1.3094;13674.06;U1;121.39;3df9b6d2-cdd5-5101-a6ad-83ad0d71c770;9a15e19e-ca26-5b93-9eab-41ab92269e4f;WFS-BOS-478902;e3962941-9adf-5263-97d2-7f75c425ad36;4500300432;5000300432;TICKET_NUMBER;FUELBOS;400000;MATCHED;0.00;0.00;NONE;d610a490-31fc-59bf-8223-ce52ab02872e;8407.66;1.6264;13674.06;WITHIN;
0a7965c6-281d-5e81-9642-5d4675e17fe1;cc11e35b-0f27-57dc-83b8-99de52d58448;390;013573ad-8e1e-50ab-bfd5-140b70dbab8b;Jet A into-plane BOS B6755 24Sep N3241J;4500300441;00010;3672.000;LTR;1.3094;4808.12;U1;42.68;bc74eb88-ce0c-5268-aa72-76cfcf6c35fe;e52a65e3-c3d8-5cb5-b78b-94106c934a31;WFS-BOS-478905;092ba63c-eada-54d5-af2c-0eefb320ffc6;4500300441;5000300441;TICKET_NUMBER;FUELBOS;400000;MATCHED;0.00;0.00;NONE;2e5438cd-f5be-5df7-9685-c7f51d8fb617;2962.94;1.6228;4808.12;WITHIN;
9ed1c83f-1a85-5e09-8991-04b29143f10b;cc11e35b-0f27-57dc-83b8-99de52d58448;400;013573ad-8e1e-50ab-bfd5-140b70dbab8b;Jet A into-plane BOS B62321 24Sep N605JB;4500300453;00010;7867.000;LTR;1.3094;10301.05;U1;91.45;f48b2bc8-304c-5339-aff6-fe94d1781758;9af46197-e247-5ecb-a927-812dbef10b05;WFS-BOS-478907;759ad8df-4b89-5b0f-9a86-034cc14640c0;4500300453;5000300453;TICKET_NUMBER;FUELBOS;400000;MATCHED;0.00;0.00;NONE;3ff03d17-074e-56a5-a0e3-522b1032578d;6321.92;1.6294;10301.05;WITHIN;
06ccdf7d-7cbf-5751-8092-7d3f7258c6b7;cc11e35b-0f27-57dc-83b8-99de52d58448;410;013573ad-8e1e-50ab-bfd5-140b70dbab8b;Jet A into-plane BOS B61785 24Sep N3077J;4500300463;00010;3826.000;LTR;1.3094;5009.76;U1;44.47;8e8e067e-d3a5-5ad3-9ede-12b1d26503cf;e3f21a7c-c4cf-5fe2-b18f-6ef14bb5e186;WFS-BOS-478910;a72dadab-9bb5-58e7-ae93-85c61db0ca55;4500300463;5000300463;TICKET_NUMBER;FUELBOS;400000;MATCHED;0.00;0.00;NONE;f50c5e60-4e8b-5127-995c-91abc6c66da6;3080.31;1.6264;5009.76;WITHIN;
bfee6a9e-786c-5b9e-a153-1465d7adb47f;cc11e35b-0f27-57dc-83b8-99de52d58448;420;013573ad-8e1e-50ab-bfd5-140b70dbab8b;Jet A into-plane BOS B61187 24Sep N2199J;4500300476;00010;13905.000;LTR;1.3094;18207.21;U1;161.63;881565f9-5c7a-5db2-8a86-07be29458426;414129fd-a880-5d89-8dcb-3ac990e45fc3;WFS-BOS-478913;27faca97-d04c-5a1c-8fea-d60e6dd9321b;4500300476;5000300476;TICKET_NUMBER;FUELBOS;400000;MATCHED;0.00;0.00;NONE;1a450ce2-baf9-50a1-82b2-0b852b770f38;11185.18;1.6278;18207.21;WITHIN;
e917ee30-9a04-5198-815f-9d65bee77456;cc11e35b-0f27-57dc-83b8-99de52d58448;430;013573ad-8e1e-50ab-bfd5-140b70dbab8b;Jet A into-plane BOS B61355 24Sep N3260J;4500300480;00010;3246.000;LTR;1.3094;4250.31;U1;37.73;9e3b4750-be87-5d31-be13-51d4099c71b3;6596100b-55cd-5911-9a1d-a1fe4cc62a06;WFS-BOS-478914;1acdf568-59ee-53ca-b224-74dd74570e67;4500300480;5000300480;TICKET_NUMBER;FUELBOS;400000;MATCHED;0.00;0.00;NONE;0423d9de-7a9f-5023-9748-1fb875104035;2613.03;1.6266;4250.31;WITHIN;
f3e87250-096b-5806-bbc7-4ea5bfbed040;cc11e35b-0f27-57dc-83b8-99de52d58448;440;013573ad-8e1e-50ab-bfd5-140b70dbab8b;Jet A into-plane BOS B6319 24Sep N595JB;4500300495;00010;18251.000;LTR;1.3094;23897.86;U1;212.15;346555b1-1908-513c-b480-6e6bbffeb7b1;b0c86538-5205-5563-9e0a-5dfde2aea6fb;WFS-BOS-478917;772833bb-5817-539b-90ed-1cc06d809176;4500300495;5000300495;TICKET_NUMBER;FUELBOS;400000;MATCHED;0.00;0.00;NONE;7036dfbd-86a0-5035-a7f7-ca8cd1089aa2;14695.71;1.6262;23897.86;WITHIN;
2f6ed316-1837-570a-a5f9-73b6806974ea;cc11e35b-0f27-57dc-83b8-99de52d58448;450;013573ad-8e1e-50ab-bfd5-140b70dbab8b;Jet A into-plane BOS B6641 24Sep N3221J;4500300503;00010;3587.000;LTR;1.3094;4696.82;U1;41.70;8a466c22-b2df-5e6d-8af0-08a63da8b675;9a2c94db-1587-55c8-9a98-37cb838ffd43;WFS-BOS-478920;dfcdf3ef-0607-5d07-87ba-efe5cc6470ab;4500300503;5000300503;TICKET_NUMBER;FUELBOS;400000;MATCHED;0.00;0.00;NONE;8387a59c-6701-57eb-9050-6c3226e9b3d1;2889.33;1.6256;4696.82;WITHIN;
d0da8de5-c914-5132-9e7c-bf23d96a8fb9;cc11e35b-0f27-57dc-83b8-99de52d58448;460;013573ad-8e1e-50ab-bfd5-140b70dbab8b;Jet A into-plane BOS B6811 24Sep N3322J;4500300518;00010;4363.000;LTR;1.3094;5712.91;U1;50.72;13d315e2-4a79-529f-baef-f442a8790897;2c50d8c0-a215-56f9-844f-b16265ccfb9d;WFS-BOS-478922;70b5b828-f6bf-5393-a702-0a569d6cb1dc;4500300518;5000300518;TICKET_NUMBER;FUELBOS;400000;MATCHED;0.00;0.00;NONE;5c308ea9-3baf-5ca7-b234-e96d205bb06e;3513.09;1.6262;5712.91;WITHIN;
a77d8255-6238-58aa-820b-8d5258bb0a03;cc11e35b-0f27-57dc-83b8-99de52d58448;470;013573ad-8e1e-50ab-bfd5-140b70dbab8b;Jet A into-plane BOS B6733 24Sep N982JB;4500300528;00010;20971.000;LTR;1.3094;27459.43;U1;243.77;32a289a3-d4f5-5e63-9c00-4f49dc480bbe;38b52aac-59e0-5365-bd51-6371fbf54285;WFS-BOS-478925;596576b9-de1e-5361-bddb-9a0c294c19f2;4500300528;5000300528;TICKET_NUMBER;FUELBOS;400000;MATCHED;0.00;0.00;NONE;ae11cd69-ab8a-5aff-a189-0a903d4ee4a2;16896.33;1.6252;27459.43;WITHIN;
968a106a-4421-5b17-8b48-5b04126aa6aa;cc11e35b-0f27-57dc-83b8-99de52d58448;480;013573ad-8e1e-50ab-bfd5-140b70dbab8b;Jet A into-plane BOS B6317 24Sep N3307J;4500300538;00010;2996.000;LTR;1.3094;3922.96;U1;34.83;a7b091b6-2e2f-50dd-b5c1-ea1d6bdf3169;c0206821-86b1-55b4-9fe7-e2256daaa391;WFS-BOS-478926;b8c08ed6-173d-5bac-ad99-6855072a2060;4500300538;5000300538;TICKET_NUMBER;FUELBOS;400000;MATCHED;0.00;0.00;NONE;a2a4e2b7-dde0-5838-bbc1-4c78738e34e6;2415.38;1.6242;3922.96;WITHIN;
dcd95bd0-2b24-54e6-8228-1fbc5ae5f38a;cc11e35b-0f27-57dc-83b8-99de52d58448;490;013573ad-8e1e-50ab-bfd5-140b70dbab8b;Jet A into-plane BOS B61955 24Sep N3195J;4500300543;00010;3205.000;LTR;1.3094;4196.63;U1;37.25;eff01330-c4fe-538d-9047-21648a260203;c8eed832-b4a3-53f9-a15c-3ed8192f91d3;WFS-BOS-478927;ba7467ee-bb81-5427-bf33-bb3b33a40d94;4500300543;5000300543;TICKET_NUMBER;FUELBOS;400000;MATCHED;0.00;0.00;NONE;883bbd06-9a61-5e5e-8649-1b4bcbefef71;2577.14;1.6284;4196.63;WITHIN;
6ec0e3e1-8642-5843-9b51-45ad2f43bc37;cc11e35b-0f27-57dc-83b8-99de52d58448;500;013573ad-8e1e-50ab-bfd5-140b70dbab8b;Jet A into-plane BOS B62185 24Sep N3242J;4500300548;00010;3497.000;LTR;1.3094;4578.97;U1;40.65;57f688e0-9933-5ca0-8034-1d142b1e4676;1df14546-92b9-5ef5-b04c-741cd6a350cc;WFS-BOS-478928;d8137807-da20-5098-b49d-0599735d36a1;4500300548;5000300548;TICKET_NUMBER;FUELBOS;400000;MATCHED;0.00;0.00;NONE;45b3fc9f-fda9-5ead-86ea-eb7ed472a106;2812.29;1.6282;4578.97;WITHIN;
63396e82-7b97-5a4f-abee-2cc966e23f9d;cc11e35b-0f27-57dc-83b8-99de52d58448;510;013573ad-8e1e-50ab-bfd5-140b70dbab8b;Jet A into-plane BOS B61341 24Sep N3304J;4500300556;00010;3492.000;LTR;1.3094;4572.42;U1;40.59;b46fa653-9c20-5a82-9fb7-b9ccbdb0ec67;650d9e84-b859-57b6-a81e-ccf8e5c063fe;WFS-BOS-478931;54bd4c04-23c8-54ec-8baa-30c24c1c98cb;4500300556;5000300556;TICKET_NUMBER;FUELBOS;400000;MATCHED;0.00;0.00;NONE;e3bc8cde-b6c7-51c0-82d0-4237f995e008;2803.03;1.6312;4572.42;WITHIN;
7b759f34-acb5-5d5a-bae3-a44f23c9dfd5;cc11e35b-0f27-57dc-83b8-99de52d58448;520;013573ad-8e1e-50ab-bfd5-140b70dbab8b;Jet A into-plane BOS B6369 24Sep N638JB;4500300561;00010;9651.000;LTR;1.3094;12637.02;U1;112.18;e9e98fc6-4002-5d3a-a442-d7fb173f1d41;2dbe108a-8f90-5022-af43-b509abbcbd54;WFS-BOS-478932;6571b70d-ca8f-5c11-a45a-09e9a69b20ef;4500300561;5000300561;TICKET_NUMBER;FUELBOS;400000;MATCHED;0.00;0.00;NONE;4d227722-4a35-5277-8861-2e460d95cab7;7759.4;1.6286;12637.02;WITHIN;
42053968-f52e-5b3f-95ee-18e0ad07b678;cc11e35b-0f27-57dc-83b8-99de52d58448;530;013573ad-8e1e-50ab-bfd5-140b70dbab8b;Jet A into-plane BOS B6331 24Sep N4062J;4500300572;00010;19983.000;LTR;1.3094;26165.74;U1;232.28;0ad1fc36-317f-5868-ba6f-8061192f87f7;d584ee24-fbb3-56d6-8dfd-9955dd177327;WFS-BOS-478935;ff39fc06-f8de-51b7-b32d-12d72d27bf9e;4500300572;5000300572;TICKET_NUMBER;FUELBOS;400000;MATCHED;0.00;0.00;NONE;e4e25f6a-4c5f-5912-90a9-a675144e4a4d;16058.34;1.6294;26165.74;WITHIN;
aaa93566-5f25-5679-8222-5cb73578209d;cc11e35b-0f27-57dc-83b8-99de52d58448;540;013573ad-8e1e-50ab-bfd5-140b70dbab8b;Jet A into-plane BOS B62255 24Sep N3152J;4500300575;00010;2936.000;LTR;1.3094;3844.40;U1;34.13;017d90f5-b770-59f6-88e5-6f9c32f46747;e94945ab-f84b-5ef4-bd26-cd0fa32e037b;WFS-BOS-478937;df7ed18e-2df0-5719-bedf-6705f0aa021a;4500300575;5000300575;TICKET_NUMBER;FUELBOS;400000;MATCHED;0.00;0.00;NONE;cc4e861f-c447-57d1-9296-b680eac86b00;2358.78;1.6298;3844.4;WITHIN;
548889e9-11f1-59f1-a54a-e9ce87b38b81;cc11e35b-0f27-57dc-83b8-99de52d58448;550;013573ad-8e1e-50ab-bfd5-140b70dbab8b;Jet A into-plane BOS B61620 24Sep N4073J;4500300581;00010;19161.000;LTR;1.3094;25089.41;U1;222.73;db28ef3c-cb73-518e-8ca2-52d09fc3c666;eb14f6cf-a07c-51e0-adc1-70c108d69b15;WFS-BOS-478938;2cec84ea-d44d-5caf-8efc-3c427ab4341e;4500300581;5000300581;TICKET_NUMBER;FUELBOS;400000;MATCHED;0.00;0.00;NONE;d8182eab-4ce6-5690-a203-37a82132724c;15407.36;1.6284;25089.41;WITHIN;
54465864-21c7-500b-8b69-d763e9908e24;cc11e35b-0f27-57dc-83b8-99de52d58448;560;013573ad-8e1e-50ab-bfd5-140b70dbab8b;Jet A into-plane BOS B6933 24Sep N937JB;4500300600;00010;20977.000;LTR;1.3094;27467.28;U1;243.84;b976197c-eb3e-5997-aef9-1aeac45e1485;6ff5e319-09a6-59db-b3ab-c073474cf27c;WFS-BOS-478940;d7242014-ba55-5f4a-804b-052935774b0a;4500300600;5000300600;TICKET_NUMBER;FUELBOS;400000;MATCHED;0.00;0.00;NONE;29f89629-076e-5d79-8a91-4b416560c5cc;16901.17;1.6252;27467.28;WITHIN;
7b2d2050-6350-5834-96cd-1269346bad13;cc11e35b-0f27-57dc-83b8-99de52d58448;570;013573ad-8e1e-50ab-bfd5-140b70dbab8b;Jet A into-plane BOS B631 24Sep N4064J;4500300644;00010;17643.000;LTR;1.3094;23101.74;U1;205.08;5ce57553-8349-5ef4-94e8-a7951ab70020;74f976d1-fa32-5ca2-a07b-d0d74a665dd2;WFS-BOS-478941;10a1ab41-8019-5d14-81d8-db05624b5e4b;4500300644;5000300644;TICKET_NUMBER;FUELBOS;400000;MATCHED;0.00;0.00;NONE;98009eee-60b7-5862-94e7-86cba030e012;14199.09;1.627;23101.74;WITHIN;
c9d48ae3-2913-58a1-949d-9cb1cec61437;cc11e35b-0f27-57dc-83b8-99de52d58448;580;013573ad-8e1e-50ab-bfd5-140b70dbab8b;Jet A into-plane BOS B6561 24Sep N547JB;4500300647;00010;11996.000;LTR;1.3094;15707.56;U1;139.44;822cad2f-0264-5c9b-92ab-7663a898d9e0;4d886e5a-1e72-5ca7-957c-4186645a98fa;WFS-BOS-478943;8cc5410a-0116-5d79-94fb-934b538671f7;4500300647;5000300647;TICKET_NUMBER;FUELBOS;400000;MATCHED;0.00;0.00;NONE;dd3f6608-3915-5e91-9c7c-9399c030c7bc;9645.98;1.6284;15707.56;WITHIN;
cfc7ba55-ffa6-5eba-9ed9-b73664e12542;cc11e35b-0f27-57dc-83b8-99de52d58448;590;013573ad-8e1e-50ab-bfd5-140b70dbab8b;Jet A into-plane BOS B6251 24Sep N996JL;4500300655;00010;9018.000;LTR;1.3094;11808.17;U1;104.83;8b91c3ee-e6fb-5e51-aac8-b1f542ec6fab;81dd462f-8844-5017-a128-cfe80d407fc7;WFS-BOS-478944;d8197b78-3ebb-5f3f-8651-3a370f1dfc72;4500300655;5000300655;TICKET_NUMBER;FUELBOS;400000;MATCHED;0.00;0.00;NONE;1584a2d3-3b1a-5fa2-b1bf-af3ddf2fb7fd;7237.85;1.6314;11808.17;WITHIN;
52a6d031-5aa3-5acb-9ade-c74759574347;cc11e35b-0f27-57dc-83b8-99de52d58448;600;013573ad-8e1e-50ab-bfd5-140b70dbab8b;Jet A into-plane BOS B6345 24Sep N4083J;4500300658;00010;21577.000;LTR;1.3094;28252.92;U1;250.81;65b78506-37de-561e-a8c0-fdf57394e603;1df3e971-499e-549c-a82a-b007c5b0d69f;WFS-BOS-478945;e257808b-dc84-54ac-9dc2-23662bcb3543;4500300658;5000300658;TICKET_NUMBER;FUELBOS;400000;MATCHED;0.00;0.00;NONE;5d82e1c9-d8ce-50ed-b098-7046691d677f;17350.07;1.6284;28252.92;WITHIN;
088381b8-4b45-5f9d-8703-cbb27d35c48e;cc11e35b-0f27-57dc-83b8-99de52d58448;610;013573ad-8e1e-50ab-bfd5-140b70dbab8b;Jet A into-plane BOS B62783 24Sep N3142J;4500300671;00010;5737.000;LTR;1.3094;7512.03;U1;66.69;78cdeadd-1812-50b4-8bce-a4c9b364db65;b5633310-5c4f-5e53-9184-c0b4a72f2b2b;WFS-BOS-478946;ca1378fd-9c43-5e6c-b7a1-6b9e5377da7c;4500300671;5000300671;TICKET_NUMBER;FUELBOS;400000;MATCHED;0.00;0.00;NONE;a49ceb0f-a1d3-5dc7-8b41-ac2c4a02a946;4611.97;1.6288;7512.03;WITHIN;
9639d320-ca17-5bd8-9980-d709a0f3a7c6;cc11e35b-0f27-57dc-83b8-99de52d58448;620;013573ad-8e1e-50ab-bfd5-140b70dbab8b;Jet A into-plane BOS B633 24Sep N4074J;4500300677;00010;19515.000;LTR;1.3094;25552.94;U1;226.84;3e163d3c-5e87-5761-9e68-2551d8e43fe5;5b2d7c27-6139-5e75-a9c6-4f5eb6c95095;WFS-BOS-478948;bbc19a4a-e900-5c65-b0ad-c73a11f6e350;4500300677;5000300677;TICKET_NUMBER;FUELBOS;400000;MATCHED;0.00;0.00;NONE;840d3d63-0f3e-58ae-af90-b5ec00407eef;15686.16;1.629;25552.94;WITHIN;
32c4404e-dcd0-5af9-bc08-a9cb8761bdd8;cc11e35b-0f27-57dc-83b8-99de52d58448;630;013573ad-8e1e-50ab-bfd5-140b70dbab8b;Jet A into-plane BOS B6381 24Sep N3194J;4500300678;00010;3005.000;LTR;1.3094;3934.75;U1;34.93;821a5a21-aae1-58e6-a327-4861926df613;3916099e-8be0-5604-b947-fedcb95c0371;WFS-BOS-478951;9fb7d608-466f-5f87-a1fc-23739d457764;4500300678;5000300678;TICKET_NUMBER;FUELBOS;400000;MATCHED;0.00;0.00;NONE;2d68c605-2528-5d29-9322-ffaa0f232ee9;2425.64;1.6221;3934.75;WITHIN;
2b5c89f0-df98-51cd-9941-7fb2ce623073;cc11e35b-0f27-57dc-83b8-99de52d58448;640;013573ad-8e1e-50ab-bfd5-140b70dbab8b;Jet A into-plane BOS B6353 24Sep N2142J;4500300690;00010;15840.000;LTR;1.3094;20740.90;U1;184.12;579ae573-fb49-5ec7-b89c-278d6c6c3821;0751e2b3-574d-5c1a-a52f-2e30fa7f408e;WFS-BOS-478952;067181a5-3ee8-5dd9-a2c7-ad30f3df2cc8;4500300690;5000300690;TICKET_NUMBER;FUELBOS;400000;MATCHED;0.00;0.00;NONE;643f913b-5540-5225-b86a-3cf58c2f9d21;12744.86;1.6274;20740.9;WITHIN;
c955ed06-88fd-541c-b86a-0e5ed329e689;cc11e35b-0f27-57dc-83b8-99de52d58448;650;013573ad-8e1e-50ab-bfd5-140b70dbab8b;Jet A into-plane BOS B6159 24Sep N3157J;4500300697;00010;2533.000;LTR;1.3094;3316.71;U1;29.44;cb411732-f3cc-57e5-bd66-3927b68b29e4;128e22e8-5223-5aaf-9266-107a875d876e;WFS-BOS-478955;62b6fb6a-a23a-56b8-99f7-85d5a9241b3d;4500300697;5000300697;TICKET_NUMBER;FUELBOS;400000;MATCHED;0.00;0.00;NONE;8dd27fc5-9d9b-5a00-a22b-084d6992b179;2035.52;1.6294;3316.71;WITHIN;
8c6b0b54-89f6-5c3d-83e1-38feaf74d4c7;cc11e35b-0f27-57dc-83b8-99de52d58448;660;013573ad-8e1e-50ab-bfd5-140b70dbab8b;Jet A into-plane BOS B6413 24Sep N946JL;4500300721;00010;20707.000;LTR;1.3094;27113.75;U1;240.70;714f2e74-00f7-5e78-be79-8bb6c2b48c09;af726f00-5e93-5aa1-b1d6-b657e1eb1201;WFS-BOS-478958;5c65aed2-8544-54a3-a7a4-3e393c4ac35a;4500300721;5000300721;TICKET_NUMBER;FUELBOS;400000;MATCHED;0.00;0.00;NONE;e211c66b-8503-5be0-a0e8-e69c3a8f5493;16708.48;1.6228;27113.75;WITHIN;
bb9df70f-ad09-5282-8fad-026f3e256d68;cc11e35b-0f27-57dc-83b8-99de52d58448;670;013573ad-8e1e-50ab-bfd5-140b70dbab8b;Jet A into-plane BOS B6717 25Sep N3195J;4500300744;00010;2088.000;LTR;1.3199;2755.95;U1;24.27;a805aa00-2fab-55e3-8221-9f07cce38139;d057f5a6-03bd-5861-b18e-ae08730a552f;WFS-BOS-478961;313fca3c-ba27-58dc-b75b-4eb6b5689f86;4500300744;5000300744;TICKET_NUMBER;FUELBOS;400000;MATCHED;0.00;0.00;NONE;5dbe02c5-47bc-5ae8-91dc-a248e60e4ee2;1691.28;1.6295;2755.95;WITHIN;
3cf1c8fb-2e38-5b5f-89f9-26836a027fbc;cc11e35b-0f27-57dc-83b8-99de52d58448;680;013573ad-8e1e-50ab-bfd5-140b70dbab8b;Jet A into-plane BOS B6569 25Sep N637JB;4500300775;00010;9241.000;LTR;1.3199;12197.20;U1;107.42;e2646938-7823-5ba1-af8b-c9ed924c4e05;41b47be9-8581-5f10-93b5-63ec8e205a3f;WFS-BOS-478964;d1a3bc3f-26f9-5c1b-95c7-ba8649893aa2;4500300775;5000300775;TICKET_NUMBER;FUELBOS;400000;MATCHED;0.00;0.00;NONE;297272fc-83da-5595-844b-01cbf2834f60;7472.27;1.6323;12197.2;WITHIN;
19b134e1-d14c-57c7-a0a9-dc96f34ab150;cc11e35b-0f27-57dc-83b8-99de52d58448;690;013573ad-8e1e-50ab-bfd5-140b70dbab8b;Jet A into-plane BOS B61807 25Sep N3221J;4500300781;00010;5265.000;LTR;1.3199;6949.27;U1;61.20;40215d36-72eb-523d-ac6b-672b84467dbf;f233eb03-de43-5b8e-ae69-e7979728b76d;WFS-BOS-478965;9ea418b4-2d39-592e-8ead-eeb9b250adca;4500300781;5000300781;TICKET_NUMBER;FUELBOS;400000;MATCHED;0.00;0.00;NONE;7f9026cb-f737-5fa1-a7ed-6744880c6533;4259.91;1.6313;6949.27;WITHIN;
84c7ff9d-e2de-5d32-a57d-d57a29950bf4;cc11e35b-0f27-57dc-83b8-99de52d58448;700;013573ad-8e1e-50ab-bfd5-140b70dbab8b;Jet A into-plane BOS B61585 25Sep N3242J;4500300784;00010;3844.000;LTR;1.3199;5073.70;U1;44.68;36086a10-1ff7-590a-a57e-46ec7dc66854;679206de-1bf6-5666-a0fa-e13611620d9f;WFS-BOS-478968;e3998162-f22c-5fee-92d9-4e753be138e7;4500300784;5000300784;TICKET_NUMBER;FUELBOS;400000;MATCHED;0.00;0.00;NONE;00eaa442-e11b-5caa-ac1a-60119a416106;3097.88;1.6378;5073.7;WITHIN;
d25cd782-2b64-5f0d-a512-0e92dd810882;cc11e35b-0f27-57dc-83b8-99de52d58448;710;013573ad-8e1e-50ab-bfd5-140b70dbab8b;Jet A into-plane BOS B6165 25Sep N971JT;4500300787;00010;10115.000;LTR;1.3199;13350.79;U1;117.58;f39f6a98-b98b-5396-85fd-3f85fa79d3a9;193ea8c7-7774-5f82-90ad-7e72cbf658fe;WFS-BOS-478971;78cbf186-e661-5d86-ba11-d3657ba27365;4500300787;5000300787;TICKET_NUMBER;FUELBOS;400000;MATCHED;0.00;0.00;NONE;bbab5782-e919-59ae-b481-b854c460152b;8188.09;1.6305;13350.79;WITHIN;
c08ce567-5f78-52c8-b386-6672c533e9bf;cc11e35b-0f27-57dc-83b8-99de52d58448;720;013573ad-8e1e-50ab-bfd5-140b70dbab8b;Jet A into-plane BOS B6111 25Sep N3077J;4500300800;00010;5332.000;LTR;1.3199;7037.71;U1;61.98;f2bbe66d-d8e2-53e5-9837-7e66c6c4d00c;590ce516-8c44-5286-9537-84083bd66159;WFS-BOS-478973;3d60cc32-025a-5962-a045-3cc9c575114b;4500300800;5000300800;TICKET_NUMBER;FUELBOS;400000;MATCHED;0.00;0.00;NONE;20b9f325-787c-5f1a-8eac-3e05eb23e50d;4311.46;1.6323;7037.71;WITHIN;
51470367-fc07-5f26-800b-439ced95b8db;cc11e35b-0f27-57dc-83b8-99de52d58448;730;013573ad-8e1e-50ab-bfd5-140b70dbab8b;Jet A into-plane BOS B6917 25Sep N559JB;4500300813;00010;1871.000;LTR;1.3199;2469.53;U1;21.75;1edb72ad-9411-5324-8660-d4339c505708;e6ed2fb9-00a2-5a19-b4d6-837c759e1a2e;WFS-BOS-478974;84f1e9f4-8166-560d-b59a-f5a9c5689f3f;4500300813;5000300813;TICKET_NUMBER;FUELBOS;400000;MATCHED;0.00;0.00;NONE;c3ff6494-6627-57d0-b5ee-972ebd053392;1506.9;1.6388;2469.53;WITHIN;
b1c596b1-5e2c-5ba1-b411-515b19fd155f;cc11e35b-0f27-57dc-83b8-99de52d58448;740;013573ad-8e1e-50ab-bfd5-140b70dbab8b;Jet A into-plane BOS B6633 25Sep N2205J;4500300820;00010;17771.000;LTR;1.3199;23455.94;U1;206.57;01d6265c-ee21-579f-9645-af5be3686b5f;e2a801b9-8c62-5531-9a61-24fa24b2d694;WFS-BOS-478976;c33e2fd6-0aa5-5f89-bbe7-b91d3f8e34a2;4500300820;5000300820;TICKET_NUMBER;FUELBOS;400000;MATCHED;0.00;0.00;NONE;da815508-f508-5d2a-9929-52abccfcfe3e;14360.75;1.6333;23455.94;WITHIN;
cd5124a2-3c45-5d40-ba2a-b1d96f1d37a0;cc11e35b-0f27-57dc-83b8-99de52d58448;750;013573ad-8e1e-50ab-bfd5-140b70dbab8b;Jet A into-plane BOS B6861 25Sep N594JB;4500300841;00010;18439.000;LTR;1.3199;24337.64;U1;214.33;57e86b37-771c-5f88-a5b6-64666a3bf587;f781694f-4669-5ef4-bb6d-ffb85dae5cb1;WFS-BOS-478979;ead36d9d-5b66-58d4-9b79-34bf07f1a893;4500300841;5000300841;TICKET_NUMBER;FUELBOS;400000;MATCHED;0.00;0.00;NONE;9eb60a39-906a-5972-9f04-dd75dbf848c4;14933.75;1.6297;24337.64;WITHIN;
baebb958-d552-5a6c-bb62-2a3cfdb0a3a2;cc11e35b-0f27-57dc-83b8-99de52d58448;760;013573ad-8e1e-50ab-bfd5-140b70dbab8b;Jet A into-plane BOS B62083 25Sep N3322J;4500300848;00010;4040.000;LTR;1.3199;5332.40;U1;46.96;62777ec5-2aab-5b85-a407-d527fd7fbea9;077596ca-6112-500c-90f1-9f57cd034763;WFS-BOS-478980;325c9fa2-d805-583b-b710-180f630bd141;4500300848;5000300848;TICKET_NUMBER;FUELBOS;400000;MATCHED;0.00;0.00;NONE;90ef472c-5730-5ab6-8047-3d91249590ef;3267.96;1.6317;5332.4;WITHIN;
50efc00d-7a03-5b8a-bde2-8394a3d3f4da;cc11e35b-0f27-57dc-83b8-99de52d58448;770;013573ad-8e1e-50ab-bfd5-140b70dbab8b;Jet A into-plane BOS B61159 25Sep N3296J;4500300853;00010;3216.000;LTR;1.3199;4244.80;U1;37.38;5ca9f189-5a7c-53fa-9e4c-227d46b6fc6c;5838477f-6264-5eab-a39c-01eddbc3753e;WFS-BOS-478982;2cd24e59-bc97-5767-a6de-f8ec6c65fcd5;4500300853;5000300853;TICKET_NUMBER;FUELBOS;400000;MATCHED;0.00;0.00;NONE;5d50597a-a88c-5aaf-80cf-f74230712330;2589.84;1.639;4244.8;WITHIN;
5f6394c8-33f0-5db6-b313-0961abc623f3;cc11e35b-0f27-57dc-83b8-99de52d58448;780;013573ad-8e1e-50ab-bfd5-140b70dbab8b;Jet A into-plane BOS B6687 25Sep N982JB;4500300864;00010;21723.000;LTR;1.3199;28672.19;U1;252.51;b5973230-db9c-51da-80fc-f3b955bf75e7;e9ef2796-4ae1-5040-ae04-e8d2ca4cbe8c;WFS-BOS-478985;ed03b1db-8784-568b-9070-b4037cf9017d;4500300864;5000300864;TICKET_NUMBER;FUELBOS;400000;MATCHED;0.00;0.00;NONE;29015506-f278-577a-892c-71c9a305fe98;17550.01;1.6337;28672.19;WITHIN;
5bb6e6c9-42b4-58cb-8059-239d11f4d407;cc11e35b-0f27-57dc-83b8-99de52d58448;790;013573ad-8e1e-50ab-bfd5-140b70dbab8b;Jet A into-plane BOS B62229 25Sep N3121J;4500300866;00010;3708.000;LTR;1.3199;4894.19;U1;43.10;c39ae21c-c104-5066-a0b2-dd2d1a41c8c4;3e2dff6e-c89b-5a65-a126-ab600240eeaf;WFS-BOS-478986;42640eec-78c7-5b07-b7f4-7949d7c59909;4500300866;5000300866;TICKET_NUMBER;FUELBOS;400000;MATCHED;0.00;0.00;NONE;47eea4a0-c208-50dc-b201-7e269153c20c;2997.18;1.6329;4894.19;WITHIN;
c18b8a24-77e1-58f5-9ef7-048b2f14affe;cc11e35b-0f27-57dc-83b8-99de52d58448;800;013573ad-8e1e-50ab-bfd5-140b70dbab8b;Jet A into-plane BOS B669 25Sep N529JB;4500300869;00010;9171.000;LTR;1.3199;12104.80;U1;106.60;d47bea26-c68a-5647-a319-b8a94aa6c0f6;3becb3a9-53b1-5f72-ba2e-c905a72d1680;WFS-BOS-478989;3582803b-f119-56b9-a5bf-690da4e713b1;4500300869;5000300869;TICKET_NUMBER;FUELBOS;400000;MATCHED;0.00;0.00;NONE;2ad6efa4-9576-5bfd-8fd1-ca4d29edd83d;7421.17;1.6311;12104.8;WITHIN;
7c95d5c1-de33-5c0c-9ec2-900204345942;cc11e35b-0f27-57dc-83b8-99de52d58448;810;013573ad-8e1e-50ab-bfd5-140b70dbab8b;Jet A into-plane BOS B62033 25Sep N605JB;4500300871;00010;11685.000;LTR;1.3199;15423.03;U1;135.83;69747121-d42e-58f5-a0cf-a42503b74a0b;0fac0984-d609-572c-8edb-8eb5d61e79f6;WFS-BOS-478990;52021afd-4c65-5241-a48e-1a536af62768;4500300871;5000300871;TICKET_NUMBER;FUELBOS;400000;MATCHED;0.00;0.00;NONE;5900e218-2eed-56ca-b425-9a581a84ca65;9462.51;1.6299;15423.03;WITHIN;
ed5963db-b7de-59d3-928f-72ba0f973671;cc11e35b-0f27-57dc-83b8-99de52d58448;820;013573ad-8e1e-50ab-bfd5-140b70dbab8b;Jet A into-plane BOS B61215 25Sep N636JB;4500300877;00010;3860.000;LTR;1.3199;5094.81;U1;44.87;97b035c6-628f-5fee-a95c-dc3310525666;fa979555-f104-51be-acf9-04f7bed856d4;WFS-BOS-478991;f4fc4a51-2ef2-5158-9e9e-474c48cb2469;4500300877;5000300877;TICKET_NUMBER;FUELBOS;400000;MATCHED;0.00;0.00;NONE;80eced9b-9b27-599a-9208-2cb1b0a08fc8;3110.39;1.638;5094.81;WITHIN;
81b843de-5d71-5160-ad3b-44458c60cbf7;cc11e35b-0f27-57dc-83b8-99de52d58448;830;013573ad-8e1e-50ab-bfd5-140b70dbab8b;Jet A into-plane BOS B6567 25Sep N3142J;4500300879;00010;5470.000;LTR;1.3199;7219.85;U1;63.58;7a343fcf-86aa-50c0-a46d-5b5c21028903;b614d6c4-927b-55fc-b174-f3764fcdb104;WFS-BOS-478994;697445fd-cf69-50ce-840f-37653e39b5ee;4500300879;5000300879;TICKET_NUMBER;FUELBOS;400000;MATCHED;0.00;0.00;NONE;15833b04-1519-5e7f-957c-6a9fdfd487cc;4409.37;1.6374;7219.85;WITHIN;
17fbbb9e-412a-5da3-8a1d-19f9fba1599b;cc11e35b-0f27-57dc-83b8-99de52d58448;840;013573ad-8e1e-50ab-bfd5-140b70dbab8b;Jet A into-plane BOS B6393 25Sep N3152J;4500300895;00010;13258.000;LTR;1.3199;17499.23;U1;154.11;c6e15db5-9383-5339-b483-8074a6d72213;e0ef01a1-76b3-51ee-ab40-d93d59af7a1f;WFS-BOS-478996;5935239b-a056-5217-9d31-c59a374d4ba8;4500300895;5000300895;TICKET_NUMBER;FUELBOS;400000;MATCHED;0.00;0.00;NONE;6a1dacb3-dbc9-5867-99aa-15f554aac522;10716.44;1.6329;17499.23;WITHIN;
37c8607a-cdf9-52e5-8405-789f9ecdf21a;cc11e35b-0f27-57dc-83b8-99de52d58448;850;013573ad-8e1e-50ab-bfd5-140b70dbab8b;Jet A into-plane BOS B62355 25Sep N3058J;4500300913;00010;3315.000;LTR;1.3199;4375.47;U1;38.53;ddbe9fd1-ee08-5de6-b2fc-adec4eb5ac69;30fd58ac-c39b-5411-abb8-9813af116d88;WFS-BOS-478999;be43700a-bfe9-5771-b987-a1a751b3f97d;4500300913;5000300913;TICKET_NUMBER;FUELBOS;400000;MATCHED;0.00;0.00;NONE;412807be-0799-5daa-8990-4c13c28416b1;2676.2;1.635;4375.47;WITHIN;
e2427759-9c81-562f-a347-7ee66532e763;cc11e35b-0f27-57dc-83b8-99de52d58448;860;013573ad-8e1e-50ab-bfd5-140b70dbab8b;Jet A into-plane BOS B61017 25Sep N3251J;4500300915;00010;2056.000;LTR;1.3199;2713.71;U1;23.90;dea593d0-290d-5355-9466-273678009f4f;3284abd7-e7a1-5b4e-84f3-c4a985a96bc1;WFS-BOS-479001;85d0efc6-1b3c-58af-b647-43f46ef33a0f;4500300915;5000300915;TICKET_NUMBER;FUELBOS;400000;MATCHED;0.00;0.00;NONE;1542a5dc-aa38-569f-9da3-426d0994c5d6;1664.95;1.6299;2713.71;WITHIN;
b009b294-5860-530b-9e9c-4fcdfbbae49c;cc11e35b-0f27-57dc-83b8-99de52d58448;870;013573ad-8e1e-50ab-bfd5-140b70dbab8b;Jet A into-plane BOS B62909 25Sep N706JB;4500300919;00010;6946.000;LTR;1.3199;9168.03;U1;80.74;b0683938-3eb8-5674-b5bf-a6f3cbc10187;c1176ab4-7d84-5e3f-8601-e3e9a896f5f2;WFS-BOS-479002;af2597c3-e6bb-5633-b231-9f90f8ddf5cc;4500300919;5000300919;TICKET_NUMBER;FUELBOS;400000;MATCHED;0.00;0.00;NONE;9f291bf7-3ab5-5f15-a1a4-f995009cd467;5594.31;1.6388;9168.03;WITHIN;
b840e5f8-2443-5971-82d9-0ec6550136cf;cc11e35b-0f27-57dc-83b8-99de52d58448;880;013573ad-8e1e-50ab-bfd5-140b70dbab8b;Jet A into-plane BOS B6401 25Sep N563JB;4500300942;00010;11062.000;LTR;1.3199;14600.73;U1;128.58;af33570f-7457-52c1-a7d6-8c06549ab748;0a7a67a7-f60e-5b37-b7ff-7007ee33144a;WFS-BOS-479005;299d3efe-2fef-5b27-9509-7cbfc30d6f16;4500300942;5000300942;TICKET_NUMBER;FUELBOS;400000;MATCHED;0.00;0.00;NONE;acdbe3d4-ea68-5a54-8f2c-5514646d4846;8928.14;1.6354;14600.73;WITHIN;
3563a933-d8b2-5636-b797-86cfbc65b1c9;cc11e35b-0f27-57dc-83b8-99de52d58448;890;013573ad-8e1e-50ab-bfd5-140b70dbab8b;Jet A into-plane BOS B62352 25Sep N3232J;4500300943;00010;754.000;LTR;1.3199;995.20;U1;8.76;0d343960-f9ea-58d4-85b0-510dc8cf358e;9e3a263e-3dff-5af9-948f-5326e00fb94a;WFS-BOS-479008;d1963f14-d2af-5054-a16b-4adf85683380;4500300943;5000300943;TICKET_NUMBER;FUELBOS;400000;MATCHED;0.00;0.00;NONE;2b6c4c2f-2d4b-5354-a3a9-5e1148bad1e1;610.44;1.6303;995.2;WITHIN;
48c0bbdc-73c7-5631-b697-49b8b7a80db0;cc11e35b-0f27-57dc-83b8-99de52d58448;900;013573ad-8e1e-50ab-bfd5-140b70dbab8b;Jet A into-plane BOS B61177 25Sep N980JT;4500300944;00010;18219.000;LTR;1.3199;24047.26;U1;211.78;3c5cd055-8d73-527a-b9c4-e4e81b223643;b54b4ec4-8e5f-5413-9a46-ac141ab73072;WFS-BOS-479011;e6e79bd6-4699-5a39-8a70-3799f0124342;4500300944;5000300944;TICKET_NUMBER;FUELBOS;400000;MATCHED;0.00;0.00;NONE;44fbd9bd-fe55-556e-8a72-51710f365ef3;14728.24;1.6327;24047.26;WITHIN;
cf0e9d31-4436-5d51-9048-ff35f10cb4d2;cc11e35b-0f27-57dc-83b8-99de52d58448;910;013573ad-8e1e-50ab-bfd5-140b70dbab8b;Jet A into-plane BOS B61487 25Sep N979JT;4500300971;00010;20134.000;LTR;1.3199;26574.87;U1;234.04;7fed5bef-c8bc-5297-82a9-e3922d7b5cd5;d5899470-a1ce-5874-b292-ed009ebbb385;WFS-BOS-479012;d8ea1125-835d-5d84-88be-c2e76f58e8ff;4500300971;5000300971;TICKET_NUMBER;FUELBOS;400000;MATCHED;0.00;0.00;NONE;51fc240e-c553-5d29-8580-6bf90dbda744;16296.46;1.6307;26574.87;WITHIN;
53b21919-2def-5a33-be4c-dc7989d5ba03;cc11e35b-0f27-57dc-83b8-99de52d58448;920;013573ad-8e1e-50ab-bfd5-140b70dbab8b;Jet A into-plane BOS B6791 25Sep N965JT;4500300974;00010;9164.000;LTR;1.3199;12095.56;U1;106.52;ebe97ee9-b294-5e47-bbb7-d436387e650f;0ea61c71-189d-5c9d-93bd-360e601b26bb;WFS-BOS-479013;e5ea2e48-4895-53d0-850a-5eb534688b80;4500300974;5000300974;TICKET_NUMBER;FUELBOS;400000;MATCHED;0.00;0.00;NONE;e94f808d-25a7-5e9a-a933-83ee2c96832b;7407.26;1.6329;12095.56;WITHIN;
41e84948-3b65-5897-86f8-4c520c507704;cc11e35b-0f27-57dc-83b8-99de52d58448;930;013573ad-8e1e-50ab-bfd5-140b70dbab8b;Jet A into-plane BOS B61117 25Sep N3215J;4500300978;00010;3363.000;LTR;1.3199;4438.82;U1;39.09;e3f5dce2-c73d-5699-82d0-5c5ab4cf6719;10ae8fd9-e6ab-5b4e-8d44-da143ef3e127;WFS-BOS-479016;1b2558f4-ec9d-51e9-b9ca-94d98573ed62;4500300978;5000300978;TICKET_NUMBER;FUELBOS;400000;MATCHED;0.00;0.00;NONE;48e4ff17-42fa-5272-8d4d-b95595e86c9e;2711.92;1.6368;4438.82;WITHIN;
98346711-94ca-5143-940b-c13eb297996b;cc11e35b-0f27-57dc-83b8-99de52d58448;940;013573ad-8e1e-50ab-bfd5-140b70dbab8b;Jet A into-plane BOS B6267 25Sep N3242J;4500301000;00010;5283.000;LTR;1.3199;6973.03;U1;61.41;e4458447-3468-5c98-8781-49849f204e2f;3bf6c3be-20fe-5ace-8ea5-0cdd1437eefd;WFS-BOS-479019;b248c326-5bdf-5762-8ed1-41c877508d8c;4500301000;5000301000;TICKET_NUMBER;FUELBOS;400000;MATCHED;0.00;0.00;NONE;97609263-9a3d-597b-ba2b-1c75220cb441;4260.21;1.6368;6973.03;WITHIN;
efcbf5f3-72e3-5904-b8cc-b040ee312544;cc11e35b-0f27-57dc-83b8-99de52d58448;950;013573ad-8e1e-50ab-bfd5-140b70dbab8b;Jet A into-plane BOS B6249 25Sep N3310J;4500301016;00010;5437.000;LTR;1.3199;7176.30;U1;63.20;f6c33a84-47cd-5ac4-acfd-719723b267c4;2a80aa02-86be-5a40-aa9c-720118adbe02;WFS-BOS-479020;78cb6b61-9bb6-56a3-a218-0e2712cb4739;4500301016;5000301016;TICKET_NUMBER;FUELBOS;400000;MATCHED;0.00;0.00;NONE;77d3dfc1-bf19-53a8-9db9-5ec58df8b986;4378.42;1.639;7176.3;WITHIN;
ea7d8b33-0971-5570-8c10-7b3c1b144e02;cc11e35b-0f27-57dc-83b8-99de52d58448;960;013573ad-8e1e-50ab-bfd5-140b70dbab8b;Jet A into-plane BOS B6509 25Sep N643JB;4500301031;00010;7326.000;LTR;1.3199;9669.59;U1;85.16;a797b6a0-6901-5e13-a98f-5299c5ae6bbd;7f8631e1-52f0-5fa3-a3f8-0ade0887090d;WFS-BOS-479022;1e833416-903a-59ac-a88e-1ec8e5238982;4500301031;5000301031;TICKET_NUMBER;FUELBOS;400000;MATCHED;0.00;0.00;NONE;a8670b9c-8631-55cd-a5f8-29edb15d5925;5925.27;1.6319;9669.59;WITHIN;
f89dc5c2-c58b-5d11-8652-ce9289574144;cc11e35b-0f27-57dc-83b8-99de52d58448;970;013573ad-8e1e-50ab-bfd5-140b70dbab8b;Jet A into-plane BOS B6407 25Sep N3221J;4500301054;00010;6875.000;LTR;1.3199;9074.31;U1;79.92;47c8152d-24f9-5cc1-a600-27e30165fc0c;b1d01277-0f73-5f01-9e80-0f010678b5e2;WFS-BOS-479023;ac43cb32-5f98-5101-b96f-7d3eacc18d42;4500301054;5000301054;TICKET_NUMBER;FUELBOS;400000;MATCHED;0.00;0.00;NONE;a36c8c67-a393-5594-a7bf-49602f720b39;5546.06;1.6362;9074.31;WITHIN;
a7c623b4-0d9c-5cdf-a40f-dbd3b0844ed9;cc11e35b-0f27-57dc-83b8-99de52d58448;980;013573ad-8e1e-50ab-bfd5-140b70dbab8b;Jet A into-plane BOS B6781 25Sep N3077J;4500301063;00010;3787.000;LTR;1.3199;4998.46;U1;44.02;d4242959-73a0-5951-838c-1baafa1aeffb;0f54cb6a-71f4-5612-8972-677d60fedf7a;WFS-BOS-479025;2fefb7ed-161b-5e8f-856c-8b385619f0e5;4500301063;5000301063;TICKET_NUMBER;FUELBOS;400000;MATCHED;0.00;0.00;NONE;c9faddac-8b28-55bc-9a7b-8afd7bbac040;3053.84;1.6368;4998.46;WITHIN;
02c555ad-c2b6-5485-be20-b4bf6e8ec24e;cc11e35b-0f27-57dc-83b8-99de52d58448;990;013573ad-8e1e-50ab-bfd5-140b70dbab8b;Jet A into-plane BOS B6269 25Sep N995JL;4500301089;00010;9812.000;LTR;1.3199;12950.86;U1;114.05;096b17b5-d87d-56e0-9683-56435c54162e;a7ea87ec-63fe-5054-9483-012271e74bb4;WFS-BOS-479027;219ad3c7-97f3-5587-9952-d82fc63baf30;4500301089;5000301089;TICKET_NUMBER;FUELBOS;400000;MATCHED;0.00;0.00;NONE;9a2168b7-dfe4-55f8-bb37-faf403985477;7916.32;1.636;12950.86;WITHIN;
b18e2519-cd14-5979-9fdb-23afc3f13578;cc11e35b-0f27-57dc-83b8-99de52d58448;1000;013573ad-8e1e-50ab-bfd5-140b70dbab8b;Jet A into-plane BOS B62321 25Sep N588JB;4500301096;00010;8439.000;LTR;1.3199;11138.64;U1;98.09;84a6120c-d83c-5a75-b9bd-eb6d41153ddc;9e26890a-bf8d-5100-8136-7880c81522e4;WFS-BOS-479030;2c20b4b1-ba22-572e-a338-e930bf76bc31;4500301096;5000301096;TICKET_NUMBER;FUELBOS;400000;MATCHED;0.00;0.00;NONE;2cab9a36-fb23-55a6-8695-48174a66efc2;6820.4;1.6331;11138.64;WITHIN;
b53bd2c8-b2de-5287-b88e-3f6cf3bb1fe0;cc11e35b-0f27-57dc-83b8-99de52d58448;1010;013573ad-8e1e-50ab-bfd5-140b70dbab8b;Jet A into-plane BOS B6641 25Sep N3157J;4500301105;00010;4202.000;LTR;1.3199;5546.22;U1;48.84;a16de020-3f8c-5cbf-bf5d-4a771e9ed4a6;9dd04ed5-50fd-519e-8a19-8f9244af45a7;WFS-BOS-479033;77ab3f70-8212-57c8-82db-a189b2f541e6;4500301105;5000301105;TICKET_NUMBER;FUELBOS;400000;MATCHED;0.00;0.00;NONE;fb2f4e60-4f44-5ebb-8c56-75dfe0dc0bc9;3399.84;1.6313;5546.22;WITHIN;
29fa0844-7000-5111-91e2-4d647e724cd0;cc11e35b-0f27-57dc-83b8-99de52d58448;1020;013573ad-8e1e-50ab-bfd5-140b70dbab8b;Jet A into-plane BOS B61785 25Sep N3121J;4500301117;00010;3641.000;LTR;1.3199;4805.76;U1;42.32;de902d78-276e-582e-b8e7-07f03d50d361;165f460d-9a8b-5b9c-b3da-4d418bff6441;WFS-BOS-479036;8b837136-5b09-5ed3-b143-70fac26fd9c2;4500301117;5000301117;TICKET_NUMBER;FUELBOS;400000;MATCHED;0.00;0.00;NONE;16eb3b52-645a-5e3f-bc6a-092539a69687;2935.37;1.6372;4805.76;WITHIN;
a34da094-b84f-5c53-89a1-3e15ae029c13;cc11e35b-0f27-57dc-83b8-99de52d58448;1030;013573ad-8e1e-50ab-bfd5-140b70dbab8b;Jet A into-plane BOS B6733 25Sep N929JB;4500301140;00010;19856.000;LTR;1.3199;26207.93;U1;230.81;3f614b3b-6caf-5e36-a174-fdbe92ab79cc;8356560f-5052-572b-99d2-c45254a09b32;WFS-BOS-479038;37329748-e648-54b0-a155-fa7c49d1866f;4500301140;5000301140;TICKET_NUMBER;FUELBOS;400000;MATCHED;0.00;0.00;NONE;afcad0a0-cc2b-53cb-9676-d2acfcbc07c4;16057.55;1.6321;26207.93;WITHIN;
9853d084-7352-53e8-963b-847637732226;cc11e35b-0f27-57dc-83b8-99de52d58448;1040;013573ad-8e1e-50ab-bfd5-140b70dbab8b;Jet A into-plane BOS B61187 25Sep N2165J;4500301142;00010;14882.000;LTR;1.3199;19642.75;U1;172.99;3409631a-ec48-592a-8243-eb64bf784bb9;adfa5444-7585-58e9-a65e-1985ef9da550;WFS-BOS-479040;158634c0-3706-50c5-80a1-c2f34431ec27;4500301142;5000301142;TICKET_NUMBER;FUELBOS;400000;MATCHED;0.00;0.00;NONE;1e758765-5e22-5048-974d-a0382b41dbdf;12017.22;1.6346;19642.75;WITHIN;
9e03c5a5-2ffb-5207-935b-981bde39a5ff;cc11e35b-0f27-57dc-83b8-99de52d58448;1050;013573ad-8e1e-50ab-bfd5-140b70dbab8b;Jet A into-plane BOS B61813 25Sep N3241J;4500301144;00010;3250.000;LTR;1.3199;4289.68;U1;37.78;12affa55-a223-5d14-a22f-67cf3b810e8e;d2011bf8-9d48-5a26-999d-594c6ee6413b;WFS-BOS-479042;5cb2d231-d129-5adb-93b4-b421be6c3f3c;4500301144;5000301144;TICKET_NUMBER;FUELBOS;400000;MATCHED;0.00;0.00;NONE;f589480c-e74e-577b-81af-4ec762c953a7;2632.5;1.6295;4289.68;WITHIN;
81cb7b0d-be32-54e0-aacc-d9ff1f606286;cc11e35b-0f27-57dc-83b8-99de52d58448;1060;013573ad-8e1e-50ab-bfd5-140b70dbab8b;Jet A into-plane BOS B6319 25Sep N942JB;4500301147;00010;20131.000;LTR;1.3199;26570.91;U1;234.00;fd55be19-536a-5c5d-9d2a-3d4360ac1da0;3b63b1ca-90e7-5a89-a5c5-f4c376fd4e85;WFS-BOS-479045;9a082ad7-59ec-568d-92f6-0b2a11608025;4500301147;5000301147;TICKET_NUMBER;FUELBOS;400000;MATCHED;0.00;0.00;NONE;3fa5ac63-839f-5902-b2b9-ff657cc50600;16215.52;1.6386;26570.91;WITHIN;
52555a99-55d3-5a07-b53b-284b78f396ba;cc11e35b-0f27-57dc-83b8-99de52d58448;1070;013573ad-8e1e-50ab-bfd5-140b70dbab8b;Jet A into-plane BOS B6317 25Sep N3085J;4500301156;00010;1996.000;LTR;1.3199;2634.52;U1;23.20;92445205-bdce-5830-a0e4-724b20062e23;0216831d-0684-55ab-a7e8-be6757d50a56;WFS-BOS-479046;5d1a9def-0303-5aba-ac70-dfc3cd40032b;4500301156;5000301156;TICKET_NUMBER;FUELBOS;400000;MATCHED;0.00;0.00;NONE;9ead68a2-f6f0-5601-a314-76971966a9fe;1611.17;1.6352;2634.52;WITHIN;
1e107c9a-9683-5446-9f2f-95b2b28c1c8b;cc11e35b-0f27-57dc-83b8-99de52d58448;1080;013573ad-8e1e-50ab-bfd5-140b70dbab8b;Jet A into-plane BOS B61955 25Sep N3196J;4500301164;00010;4738.000;LTR;1.3199;6253.69;U1;55.07;399c6ca8-9058-5b39-b14d-21b7b89f5bd8;468ff419-35c3-57a9-831d-87445899f642;WFS-BOS-479047;930ff344-29f7-52d7-af7f-40b27172e12e;4500301164;5000301164;TICKET_NUMBER;FUELBOS;400000;MATCHED;0.00;0.00;NONE;6b20e117-1ec7-5efb-87a8-99e515019411;3824.51;1.6352;6253.69;WITHIN;
5e03c1b2-89c9-5791-8b17-f3952aa4bd48;cc11e35b-0f27-57dc-83b8-99de52d58448;1090;013573ad-8e1e-50ab-bfd5-140b70dbab8b;Jet A into-plane BOS B6811 25Sep N3102J;4500301182;00010;7165.000;LTR;1.3199;9457.08;U1;83.29;4c96062b-4927-50fc-8037-b355578fe437;fb6c5cce-40ec-5c43-a266-06470b4f6a75;WFS-BOS-479049;79b407ce-8fd4-50d6-bda1-b3562776549e;4500301182;5000301182;TICKET_NUMBER;FUELBOS;400000;MATCHED;0.00;0.00;NONE;8ceae484-e2b6-5bc6-a0da-054c021cd184;5797.2;1.6313;9457.08;WITHIN;
17e17de9-fc90-58b4-83f5-7b571045fb0a;cc11e35b-0f27-57dc-83b8-99de52d58448;1100;013573ad-8e1e-50ab-bfd5-140b70dbab8b;Jet A into-plane BOS B62185 25Sep N3142J;4500301188;00010;3585.000;LTR;1.3199;4731.84;U1;41.67;51ffc8a9-2881-5e96-a616-860e3264f0c7;d345ac59-7b68-500b-8e0a-a8ac81df9739;WFS-BOS-479052;5b172206-8bb5-520e-986a-639902bfb2c6;4500301188;5000301188;TICKET_NUMBER;FUELBOS;400000;MATCHED;0.00;0.00;NONE;d0acdad2-c14f-54e6-bd92-599e35273020;2895.25;1.6343;4731.84;WITHIN;
794e16fd-da01-509c-85a4-64b859ffb122;cc11e35b-0f27-57dc-83b8-99de52d58448;1110;013573ad-8e1e-50ab-bfd5-140b70dbab8b;Jet A into-plane BOS B6369 25Sep N595JB;4500301202;00010;8240.000;LTR;1.3199;10875.98;U1;95.78;00735ca3-4889-5de0-a609-987dd9622191;41f1c637-3166-54b2-af89-ddc1608c3660;WFS-BOS-479054;8e17ba4e-a378-50fd-817f-8ac0d6527c00;4500301202;5000301202;TICKET_NUMBER;FUELBOS;400000;MATCHED;0.00;0.00;NONE;68e2bb4b-1459-595f-8387-61569aa98c42;6650.5;1.6354;10875.98;WITHIN;
34c46305-7210-51db-884b-7a32dae06855;cc11e35b-0f27-57dc-83b8-99de52d58448;1120;013573ad-8e1e-50ab-bfd5-140b70dbab8b;Jet A into-plane BOS B62255 25Sep N3271J;4500301207;00010;2853.000;LTR;1.3199;3765.67;U1;33.16;4a41e0f0-0a13-5774-b519-00cdbf7b541f;552432ba-2e4b-59d1-adc1-76209a923435;WFS-BOS-479057;b670a438-ffd6-540d-be5e-1d55d61dcf36;4500301207;5000301207;TICKET_NUMBER;FUELBOS;400000;MATCHED;0.00;0.00;NONE;15a4c315-f18f-5758-a806-909fb6bbf2c9;2310.64;1.6297;3765.67;WITHIN;
839ac8e7-007b-593e-a74b-12a5dc5a950a;cc11e35b-0f27-57dc-83b8-99de52d58448;1130;013573ad-8e1e-50ab-bfd5-140b70dbab8b;Jet A into-plane BOS B61341 25Sep N3289J;4500301209;00010;3965.000;LTR;1.3199;5233.40;U1;46.09;1eb4bde6-7c96-5f60-962f-30bc2666f781;a423c140-3bca-5031-aeac-cce21b3390d0;WFS-BOS-479060;f0b5ea8d-40bf-5ea5-a0a1-622af3e46531;4500301209;5000301209;TICKET_NUMBER;FUELBOS;400000;MATCHED;0.00;0.00;NONE;fba02558-8c43-5d8e-a33a-7c397a206bb2;3198.57;1.6362;5233.4;WITHIN;
ecfe48bf-9f44-5199-be83-0108e59dea6c;cc11e35b-0f27-57dc-83b8-99de52d58448;1140;013573ad-8e1e-50ab-bfd5-140b70dbab8b;Jet A into-plane BOS B6561 25Sep N646JB;4500301214;00010;13349.000;LTR;1.3199;17619.35;U1;155.17;b6a1b7ae-b71d-51cd-988c-04ae0b4a6a37;d2c025f2-6d8b-573e-8021-eb0b091287af;WFS-BOS-479061;a025b3eb-060c-58e1-a27f-dcb3c372ff21;4500301214;5000301214;TICKET_NUMBER;FUELBOS;400000;MATCHED;0.00;0.00;NONE;17fffe01-6d64-51f3-894f-9b11c293bae1;10769.97;1.636;17619.35;WITHIN;
e6eefe51-47b4-5a1d-b672-e7a32fda64ca;cc11e35b-0f27-57dc-83b8-99de52d58448;1150;013573ad-8e1e-50ab-bfd5-140b70dbab8b;Jet A into-plane BOS B61620 25Sep N4073J;4500301216;00010;18739.000;LTR;1.3199;24733.61;U1;217.82;a7c21569-9418-53bb-8f84-8d3eaad2a126;d94b674a-7585-5d61-90dc-994b25830e96;WFS-BOS-479062;df30dc54-9ceb-537b-bfab-48f349a1c0e4;4500301216;5000301216;TICKET_NUMBER;FUELBOS;400000;MATCHED;0.00;0.00;NONE;d14ca1b1-063e-51b8-8917-732b9fe61a6a;15146.73;1.6329;24733.61;WITHIN;
dc2e78dc-c2df-5524-a661-d8acf3e71091;cc11e35b-0f27-57dc-83b8-99de52d58448;1160;013573ad-8e1e-50ab-bfd5-140b70dbab8b;Jet A into-plane BOS B6331 25Sep N4064J;4500301218;00010;21610.000;LTR;1.3199;28523.04;U1;251.19;963b57be-4a27-5d06-88c5-3c97540e0f68;50929590-605d-58ce-9834-8791d36cddbc;WFS-BOS-479065;872c05a1-7fb2-5d77-bfc7-f8884007936d;4500301218;5000301218;TICKET_NUMBER;FUELBOS;400000;MATCHED;0.00;0.00;NONE;e0703430-1bb7-57c1-aec8-c5be057a5a4e;17493.29;1.6305;28523.04;WITHIN;
1be2462d-4cc9-5c96-b7da-1be888ff71e0;cc11e35b-0f27-57dc-83b8-99de52d58448;1170;013573ad-8e1e-50ab-bfd5-140b70dbab8b;Jet A into-plane BOS B62783 25Sep N3132J;4500301229;00010;3405.000;LTR;1.3199;4494.26;U1;39.58;0cdd00f7-b08c-5fdf-b9cc-b9b5fc01b70c;b7c81eb9-3f05-5bca-bd57-5fcf57db8773;WFS-BOS-479066;7f259c08-9ed9-5f89-8871-d412b35ba5a5;4500301229;5000301229;TICKET_NUMBER;FUELBOS;400000;MATCHED;0.00;0.00;NONE;74bbf956-8336-5ee2-af7a-9ec78763a82f;2751.58;1.6333;4494.26;WITHIN;
3772b448-c911-59fb-a38a-e0d8aba83012;cc11e35b-0f27-57dc-83b8-99de52d58448;1180;013573ad-8e1e-50ab-bfd5-140b70dbab8b;Jet A into-plane BOS B6933 25Sep N985JT;4500301269;00010;18482.000;LTR;1.3199;24394.39;U1;214.83;c0021e82-0ae4-53ea-b313-23d183982839;b4a66797-1ce9-50ae-bed6-8367f90be908;WFS-BOS-479067;70a5ab33-e8f7-580b-822f-7a9705be3ad9;4500301269;5000301269;TICKET_NUMBER;FUELBOS;400000;MATCHED;0.00;0.00;NONE;6337a107-a975-5b17-a771-e2f59074e010;14948.24;1.6319;24394.39;WITHIN;
1996158e-bce5-5d1d-ac18-3112e62a20fe;cc11e35b-0f27-57dc-83b8-99de52d58448;1190;013573ad-8e1e-50ab-bfd5-140b70dbab8b;Jet A into-plane BOS B631 25Sep N4080J;4500301276;00010;15971.000;LTR;1.3199;21080.12;U1;185.65;5f52a8d5-ca52-5b7d-a6ee-4cf88df6056c;9faf4a45-f9c4-53ad-beae-08e1959cf1fd;WFS-BOS-479069;c8b713cc-6353-5e84-9025-b4c32c849387;4500301276;5000301276;TICKET_NUMBER;FUELBOS;400000;MATCHED;0.00;0.00;NONE;90cd51df-cb32-540d-ac9c-724aef6c3d71;12915.75;1.6321;21080.12;WITHIN;
5c1701d5-a794-5917-a5a7-54d22c8f93ed;cc11e35b-0f27-57dc-83b8-99de52d58448;1200;013573ad-8e1e-50ab-bfd5-140b70dbab8b;Jet A into-plane BOS B6381 25Sep N3077J;4500301281;00010;3056.000;LTR;1.3199;4033.61;U1;35.52;7d420277-4c0b-5d9a-9544-15da11243861;b615f3de-9f5d-5621-854e-ecab894bdbcc;WFS-BOS-479070;4d6244f8-a819-5fe5-b85c-68d9c4af4df8;4500301281;5000301281;TICKET_NUMBER;FUELBOS;400000;MATCHED;0.00;0.00;NONE;29d85007-f22c-5cf4-9ff2-1aba9b6ff588;2469.25;1.6335;4033.61;WITHIN;
06271c90-2fbd-5f5e-9dad-f7f404d5b631;cc11e35b-0f27-57dc-83b8-99de52d58448;1210;013573ad-8e1e-50ab-bfd5-140b70dbab8b;Jet A into-plane BOS B6159 25Sep N3152J;4500301286;00010;1163.000;LTR;1.3199;1535.04;U1;13.52;430b42bd-8b01-5c4f-8a4c-f5253ab9d15c;8a17f390-0a6e-5578-9bff-2ad1c7d24dd7;WFS-BOS-479073;4725cd0e-2749-5ce6-9ed7-dbe95d7a8a7a;4500301286;5000301286;TICKET_NUMBER;FUELBOS;400000;MATCHED;0.00;0.00;NONE;f8b1d8d0-9728-54ef-8e43-282b0fb06bf9;939.59;1.6337;1535.04;WITHIN;
cd709bd5-515f-5679-8fce-fba05122b72c;cc11e35b-0f27-57dc-83b8-99de52d58448;1220;013573ad-8e1e-50ab-bfd5-140b70dbab8b;Jet A into-plane BOS B6251 25Sep N907JB;4500301288;00010;7751.000;LTR;1.3199;10230.54;U1;90.10;7d96db09-ad6d-5a08-945a-811f181f6338;815b97b2-2873-5ac8-9685-b42ed5c28caa;WFS-BOS-479076;d41b2bf9-8cee-5b63-be81-cd05dd01a86a;4500301288;5000301288;TICKET_NUMBER;FUELBOS;400000;MATCHED;0.00;0.00;NONE;e0989f0f-5896-5312-b91b-9f72fe9f0fa0;6244.21;1.6384;10230.54;WITHIN;
a3d805e5-ab0c-528e-a2ab-20f3b9914171;cc11e35b-0f27-57dc-83b8-99de52d58448;1230;013573ad-8e1e-50ab-bfd5-140b70dbab8b;Jet A into-plane BOS B6345 25Sep N4083J;4500301301;00010;18148.000;LTR;1.3199;23953.55;U1;210.95;982961ac-e611-59ec-922e-e5c41d29bd89;647587cc-5b52-54b9-bcc6-ab68cfe74cd9;WFS-BOS-479077;05910b96-8aaa-5eaa-bb24-96fdc0469d0f;4500301301;5000301301;TICKET_NUMBER;FUELBOS;400000;MATCHED;0.00;0.00;NONE;2ecabbd0-9547-5173-b8e1-a63e079c9265;14669.03;1.6329;23953.55;WITHIN;
281befa2-c4b9-551c-ab3c-0abd45fa8a73;cc11e35b-0f27-57dc-83b8-99de52d58448;1240;013573ad-8e1e-50ab-bfd5-140b70dbab8b;Jet A into-plane BOS B6353 25Sep N2169J;4500301305;00010;16712.000;LTR;1.3199;22058.17;U1;194.26;3aaabc0a-c383-542c-b646-444d708cb387;a68288b8-a3de-5c2f-8781-21bb90286456;WFS-BOS-479080;dce3f82c-b918-5345-a6f7-daa050ebeba9;4500301305;5000301305;TICKET_NUMBER;FUELBOS;400000;MATCHED;0.00;0.00;NONE;ccc3dd33-526a-52cc-8d29-ae5cf88b563b;13486.58;1.6356;22058.17;WITHIN;
778c7e17-9d15-5dbe-a67b-09f2ec337ffa;cc11e35b-0f27-57dc-83b8-99de52d58448;1250;013573ad-8e1e-50ab-bfd5-140b70dbab8b;Jet A into-plane BOS B633 25Sep N4077J;4500301317;00010;18116.000;LTR;1.3199;23911.31;U1;210.58;405bb724-d752-5c39-954f-56ab1b7aba3a;6aca3b00-d08b-5a8e-a572-451d6b8272e2;WFS-BOS-479083;644cf89f-b93e-568d-ae36-9d2bacaddb4a;4500301317;5000301317;TICKET_NUMBER;FUELBOS;400000;MATCHED;0.00;0.00;NONE;0bf3514e-f099-5567-817d-06ea5c1f0565;14652.22;1.6319;23911.31;WITHIN;
8b59081f-4b71-53eb-af93-7c2b6977bfb0;cc11e35b-0f27-57dc-83b8-99de52d58448;1260;013573ad-8e1e-50ab-bfd5-140b70dbab8b;Jet A into-plane BOS B6413 25Sep N982JB;4500301328;00010;21607.000;LTR;1.3199;28519.08;U1;251.16;96bb2e31-1ef0-5da6-b20f-a5b80db54ad6;d795e879-7179-5828-9d38-8216e121ed41;WFS-BOS-479086;e805e21e-4cc2-565f-922e-667edda43216;4500301328;5000301328;TICKET_NUMBER;FUELBOS;400000;MATCHED;0.00;0.00;NONE;6cd8c214-6464-5964-a5e9-8c91a1ea26cc;17462.78;1.6331;28519.08;WITHIN;
e200543f-7ff1-5ca2-b7e1-1d3856924ae5;cc11e35b-0f27-57dc-83b8-99de52d58448;1270;013573ad-8e1e-50ab-bfd5-140b70dbab8b;Jet A into-plane BOS B6717 26Sep N3221J;4500301383;00010;2626.000;LTR;1.3279;3487.07;U1;30.52;163e16f5-2aa8-52dc-b616-6f597ec3b601;bf909e41-2f4c-5b4e-95e4-03e1f7bf25f8;WFS-BOS-479087;2eff7277-1f4a-5b3e-bb1e-f68adf5af430;4500301383;5000301383;TICKET_NUMBER;FUELBOS;400000;MATCHED;0.00;0.00;NONE;d07e9dcb-4bfa-5439-8c16-7059c44842a2;2119.71;1.6451;3487.07;WITHIN;
f6072414-b4b5-50b6-975b-edd1d5e0a912;cc11e35b-0f27-57dc-83b8-99de52d58448;1280;013573ad-8e1e-50ab-bfd5-140b70dbab8b;Jet A into-plane BOS B6165 26Sep N3310J;4500301409;00010;7895.000;LTR;1.3279;10483.77;U1;91.77;2fced13c-1a37-54c0-b5eb-32a9c2c01507;74d29000-fd4a-5198-8ad5-9ddf16718f2a;WFS-BOS-479089;0f2be56f-629d-5105-8c06-09f6f36e29bd;4500301409;5000301409;TICKET_NUMBER;FUELBOS;400000;MATCHED;0.00;0.00;NONE;b61665c8-32b8-55fe-9386-37cd8e31560b;6401.27;1.6378;10483.77;WITHIN;
31b65059-f4dc-5de3-bafb-896033bb9c46;cc11e35b-0f27-57dc-83b8-99de52d58448;1290;013573ad-8e1e-50ab-bfd5-140b70dbab8b;Jet A into-plane BOS B6569 26Sep N708JB;4500301414;00010;8988.000;LTR;1.3279;11935.17;U1;104.48;3b87970d-6000-5e93-8dcb-36c51bec346e;9127d4f9-2d6a-503a-8a4d-60fa73dd2d1a;WFS-BOS-479092;938fb3c1-d693-51a4-8669-7aa50ee38f58;4500301414;5000301414;TICKET_NUMBER;FUELBOS;400000;MATCHED;0.00;0.00;NONE;fae1f229-58ef-5eaf-811b-f005b1aad712;7266.8;1.6424;11935.17;WITHIN;
d2215a7b-d06e-5c2a-b9ad-a65f56e62e27;cc11e35b-0f27-57dc-83b8-99de52d58448;1300;013573ad-8e1e-50ab-bfd5-140b70dbab8b;Jet A into-plane BOS B61807 26Sep N3307J;4500301416;00010;7411.000;LTR;1.3279;9841.07;U1;86.15;2ebd698a-8db5-5b76-bceb-9267a673d743;1568f003-e832-5498-8977-a9d65fb3ba7a;WFS-BOS-479093;fc384782-8dc3-5a95-8ecb-248e040952e1;4500301416;5000301416;TICKET_NUMBER;FUELBOS;400000;MATCHED;0.00;0.00;NONE;805552c7-6a32-5fe7-883c-660f9a002371;5979.19;1.6459;9841.07;WITHIN;
51871711-2815-5b17-a27e-be28379c67a5;cc11e35b-0f27-57dc-83b8-99de52d58448;1310;013573ad-8e1e-50ab-bfd5-140b70dbab8b;Jet A into-plane BOS B61585 26Sep N3102J;4500301422;00010;4050.000;LTR;1.3279;5377.99;U1;47.08;d9d4104e-6a3e-59af-bbfb-e35a3e3880b8;05d88f45-bfd3-592a-948b-3c44d1677666;WFS-BOS-479096;85b6a10d-95f7-581f-8ac3-d2194c5d553f;4500301422;5000301422;TICKET_NUMBER;FUELBOS;400000;MATCHED;0.00;0.00;NONE;c375fc06-038f-5df7-a63e-7f269ff4d7b9;3280.5;1.6394;5377.99;WITHIN;
5e56b2fb-7fc8-5f34-9669-d0883133261f;cc11e35b-0f27-57dc-83b8-99de52d58448;1320;013573ad-8e1e-50ab-bfd5-140b70dbab8b;Jet A into-plane BOS B6111 26Sep N3269J;4500301439;00010;4581.000;LTR;1.3279;6083.11;U1;53.25;36606422-d089-54f9-9d62-a571e0c102b0;8d5d98df-8f39-5281-a5b6-0ac9fb7b9430;WFS-BOS-479097;3857477b-67a9-50c1-9137-4283da8826e4;4500301439;5000301439;TICKET_NUMBER;FUELBOS;400000;MATCHED;0.00;0.00;NONE;4501fa46-c6e7-5801-9716-d1a8443aa605;3712.44;1.6386;6083.11;WITHIN;
691aa9a4-d0cd-51c9-94af-d5872e755778;cc11e35b-0f27-57dc-83b8-99de52d58448;1330;013573ad-8e1e-50ab-bfd5-140b70dbab8b;Jet A into-plane BOS B6633 26Sep N2165J;4500301458;00010;16609.000;LTR;1.3279;22055.09;U1;193.06;0a04a479-126a-5550-b011-8ce2777c110e;49acf82a-22a3-5553-a476-cd33576cba96;WFS-BOS-479098;4e70a430-f9c5-584c-bfc7-73df79becf5e;4500301458;5000301458;TICKET_NUMBER;FUELBOS;400000;MATCHED;0.00;0.00;NONE;e8fa5bca-2959-54ca-82e6-b6863f7695a7;13443.32;1.6406;22055.09;WITHIN;
2397debd-da5f-5ed0-9616-18e52a3e06cb;cc11e35b-0f27-57dc-83b8-99de52d58448;1340;013573ad-8e1e-50ab-bfd5-140b70dbab8b;Jet A into-plane BOS B6917 26Sep N3121J;4500301464;00010;2500.000;LTR;1.3279;3319.75;U1;29.06;2a1bdfa4-693f-5686-9d3d-6d76ab6b2269;51d33588-9141-5af9-a08b-c4479d6c9b37;WFS-BOS-479099;b7040045-f56d-5444-8d9a-d7d7ff8ba5e1;4500301464;5000301464;TICKET_NUMBER;FUELBOS;400000;MATCHED;0.00;0.00;NONE;2e2f2b24-d13e-509f-b6a0-d89f11eed7b4;2019.25;1.6441;3319.75;WITHIN;
84fa3e8f-624e-51e4-ac22-9185d27f26c2;cc11e35b-0f27-57dc-83b8-99de52d58448;1350;013573ad-8e1e-50ab-bfd5-140b70dbab8b;Jet A into-plane BOS B62083 26Sep N3271J;4500301478;00010;4261.000;LTR;1.3279;5658.18;U1;49.53;c923d979-ef65-56fa-82b8-f1e705327f54;8a036981-feee-5c8d-b999-e51944ded327;WFS-BOS-479102;49f57040-cde3-5f2d-ae2d-d47a6ee11baf;4500301478;5000301478;TICKET_NUMBER;FUELBOS;400000;MATCHED;0.00;0.00;NONE;d6b06bf9-3fab-5b66-a8bb-4ae8e3465939;3450.13;1.64;5658.18;WITHIN;
0cda664b-5766-5ef7-8973-32ca729ba89e;cc11e35b-0f27-57dc-83b8-99de52d58448;1360;013573ad-8e1e-50ab-bfd5-140b70dbab8b;Jet A into-plane BOS B62033 26Sep N588JB;4500301490;00010;10530.000;LTR;1.3279;13982.79;U1;122.40;a6c72bbd-adf4-5c01-9382-2f692cd8d369;527238af-b28e-5b16-b6f1-c26a94f61e32;WFS-BOS-479103;e6c4e5f3-0eeb-589c-9346-537812eb8930;4500301490;5000301490;TICKET_NUMBER;FUELBOS;400000;MATCHED;0.00;0.00;NONE;67111fd4-62e0-5b61-9fa0-ff7b77d70746;8532.46;1.6388;13982.79;WITHIN;
ad185c5d-0016-5112-82d7-903fbf0c30df;cc11e35b-0f27-57dc-83b8-99de52d58448;1370;013573ad-8e1e-50ab-bfd5-140b70dbab8b;Jet A into-plane BOS B61159 26Sep N3152J;4500301491;00010;2678.000;LTR;1.3279;3556.12;U1;31.13;da29f890-ded9-5c65-9a25-f79bea35c8dd;d211e258-c0b6-5918-8025-f6f4aa7ba62d;WFS-BOS-479106;962f066d-fa44-5636-90b3-3707a0325c1c;4500301491;5000301491;TICKET_NUMBER;FUELBOS;400000;MATCHED;0.00;0.00;NONE;5b6728e9-5f91-5438-b35b-bd5f6d86789c;2162.75;1.6443;3556.12;WITHIN;
abdfb4ea-cef9-5c64-aba8-bd60898a8b98;cc11e35b-0f27-57dc-83b8-99de52d58448;1380;013573ad-8e1e-50ab-bfd5-140b70dbab8b;Jet A into-plane BOS B669 26Sep N529JB;4500301492;00010;7856.000;LTR;1.3279;10431.98;U1;91.32;c3836694-073e-5613-9883-0b9eab6f1565;20023564-3d59-5c07-8056-377bd9e7c71d;WFS-BOS-479109;6808b52a-7c3d-569a-97f5-54e6567abfc5;4500301492;5000301492;TICKET_NUMBER;FUELBOS;400000;MATCHED;0.00;0.00;NONE;a32ca9d3-d810-5630-a5fc-1251209ab7e4;6368.07;1.6382;10431.98;WITHIN;
ad960b39-8754-5d90-90b2-1c93a731981f;cc11e35b-0f27-57dc-83b8-99de52d58448;1390;013573ad-8e1e-50ab-bfd5-140b70dbab8b;Jet A into-plane BOS B6861 26Sep N636JB;4500301495;00010;12594.000;LTR;1.3279;16723.57;U1;146.39;23adb065-cc97-53ab-a3b1-810829bbf12a;46740397-ed47-5b87-b93c-f8599993c50c;WFS-BOS-479112;01bab871-82bf-58db-9201-478a9a070f11;4500301495;5000301495;TICKET_NUMBER;FUELBOS;400000;MATCHED;0.00;0.00;NONE;966994a4-a480-57c9-be15-2c902c20945c;10167.14;1.6449;16723.57;WITHIN;
e8d57463-15b2-5769-ace4-53af45c7cccb;cc11e35b-0f27-57dc-83b8-99de52d58448;1400;013573ad-8e1e-50ab-bfd5-140b70dbab8b;Jet A into-plane BOS B62229 26Sep N3058J;4500301500;00010;4141.000;LTR;1.3279;5498.83;U1;48.13;1face35d-e228-5291-840e-dff97174aa6c;bb276bc2-0218-5a77-a61c-2182dc4272f8;WFS-BOS-479113;e4b217b4-4f05-5df7-b718-3facef1c7de3;4500301500;5000301500;TICKET_NUMBER;FUELBOS;400000;MATCHED;0.00;0.00;NONE;bab8849f-af33-5edc-96ab-9685a33f42a8;3357.94;1.6376;5498.83;WITHIN;
10e361d8-e02f-5acc-8207-5b9e7a667614;cc11e35b-0f27-57dc-83b8-99de52d58448;1410;013573ad-8e1e-50ab-bfd5-140b70dbab8b;Jet A into-plane BOS B61215 26Sep N763JB;4500301506;00010;3412.000;LTR;1.3279;4530.79;U1;39.66;864844f4-7e26-5499-a5ed-1c5bdec5d4ea;1092987c-a7eb-53de-b31c-8de24ef3a03c;WFS-BOS-479116;b8df69d3-9d85-5b1a-b3b9-5c44b6f48778;4500301506;5000301506;TICKET_NUMBER;FUELBOS;400000;MATCHED;0.00;0.00;NONE;777a75d1-9418-56a8-bf21-dca250d8c951;2764.06;1.6392;4530.79;WITHIN;
bc1eee35-680d-58bf-9568-487b487f35e8;cc11e35b-0f27-57dc-83b8-99de52d58448;1420;013573ad-8e1e-50ab-bfd5-140b70dbab8b;Jet A into-plane BOS B6567 26Sep N3077J;4500301507;00010;4945.000;LTR;1.3279;6566.47;U1;57.48;8950c534-8dd6-5f8e-b314-e73183e2dd27;46545d0f-58f5-5224-9900-b5f87868970f;WFS-BOS-479118;ad36ff00-ba76-5f11-ab3c-f9c80cb73e8a;4500301507;5000301507;TICKET_NUMBER;FUELBOS;400000;MATCHED;0.00;0.00;NONE;29301e4d-8bce-54b5-80fd-4f1679ff8221;4000.01;1.6416;6566.47;WITHIN;
23c011ae-d6ff-5256-ba8c-9bfe7e3699b9;cc11e35b-0f27-57dc-83b8-99de52d58448;1430;013573ad-8e1e-50ab-bfd5-140b70dbab8b;Jet A into-plane BOS B6393 26Sep N3132J;4500301515;00010;11248.000;LTR;1.3279;14936.22;U1;130.75;e12feffd-79da-5348-9fad-ea1b6af19539;ef66869b-8fca-58ce-a38f-95ce87153732;WFS-BOS-479119;4718d11e-6294-57c4-8219-0d4166f0e746;4500301515;5000301515;TICKET_NUMBER;FUELBOS;400000;MATCHED;0.00;0.00;NONE;9fdff6eb-51f7-5ae1-8ee8-64d2d8dc8673;9116.5;1.6384;14936.22;WITHIN;
c0e77bed-2144-50c4-b2d3-ccd6a296457f;cc11e35b-0f27-57dc-83b8-99de52d58448;1440;013573ad-8e1e-50ab-bfd5-140b70dbab8b;Jet A into-plane BOS B62909 26Sep N703JB;4500301525;00010;8144.000;LTR;1.3279;10814.42;U1;94.67;df67be09-bf4d-5c44-9b08-c9a2db4e4eb8;c35332f0-bb34-5fd1-9f91-22c61d2c0d33;WFS-BOS-479122;759670f1-8d39-533a-a90c-1a18dbd809ba;4500301525;5000301525;TICKET_NUMBER;FUELBOS;400000;MATCHED;0.00;0.00;NONE;304fa88d-94e2-5dee-862d-21861abebf3f;6595.83;1.6396;10814.42;WITHIN;
01ff870c-f51a-5122-bdd0-46549b2172f6;cc11e35b-0f27-57dc-83b8-99de52d58448;1450;013573ad-8e1e-50ab-bfd5-140b70dbab8b;Jet A into-plane BOS B61017 26Sep N3162J;4500301540;00010;3082.000;LTR;1.3279;4092.59;U1;35.83;3cd2c367-e585-541b-832e-bd8fb00a96b2;cbe37c05-947c-5239-94f3-c3d65f04ad0e;WFS-BOS-479123;7eb1dd02-5d08-5ab1-9469-abe88f840c3b;4500301540;5000301540;TICKET_NUMBER;FUELBOS;400000;MATCHED;0.00;0.00;NONE;14d79632-739a-5db3-9404-59f456c522d8;2488.1;1.6449;4092.59;WITHIN;
02d960e4-0110-56db-834c-d21f311a367c;cc11e35b-0f27-57dc-83b8-99de52d58448;1460;013573ad-8e1e-50ab-bfd5-140b70dbab8b;Jet A into-plane BOS B6401 26Sep N603JB;4500301552;00010;10540.000;LTR;1.3279;13996.07;U1;122.52;fa4270dd-590e-57c3-9389-906e3084d000;f088e10d-91c2-50dc-850e-5a6e9bf0bec5;WFS-BOS-479125;d8a8a742-e124-5f1a-bd20-1ddd660d31fb;4500301552;5000301552;TICKET_NUMBER;FUELBOS;400000;MATCHED;0.00;0.00;NONE;b23164a5-ebc8-50d1-8c15-a328607c3b9b;8504.73;1.6457;13996.07;WITHIN;
eea5b0c6-cd9b-5f72-a2a8-af36c3ee89a5;cc11e35b-0f27-57dc-83b8-99de52d58448;1470;013573ad-8e1e-50ab-bfd5-140b70dbab8b;Jet A into-plane BOS B61177 26Sep N986JB;4500301558;00010;18370.000;LTR;1.3279;24393.52;U1;213.53;ee45aa2a-40cf-547f-a5e8-410ce859da6d;5903eb15-6351-5083-ab82-12752e6fc455;WFS-BOS-479127;60fd0c9c-69c2-5b19-b10d-ca370553ae59;4500301558;5000301558;TICKET_NUMBER;FUELBOS;400000;MATCHED;0.00;0.00;NONE;6bbbf25b-3f80-5870-9fd3-ba0fce33f16b;14853.98;1.6422;24393.52;WITHIN;
d6832c03-d5bf-5855-bc75-28633558ceb3;cc11e35b-0f27-57dc-83b8-99de52d58448;1480;013573ad-8e1e-50ab-bfd5-140b70dbab8b;Jet A into-plane BOS B6791 26Sep N965JT;4500301582;00010;9631.000;LTR;1.3279;12789.00;U1;111.95;5253696e-7fb1-5ed6-a5bd-324cc69bb267;de61d948-15d3-5acd-a424-1eef5f9f48c1;WFS-BOS-479128;93e7deb4-3fbd-53f8-b7ee-18f9e26eb462;4500301582;5000301582;TICKET_NUMBER;FUELBOS;400000;MATCHED;0.00;0.00;NONE;88064f26-a1dd-578b-bef8-fe81bb2069a0;7803.04;1.639;12789;WITHIN;
0197aaaf-97b8-5709-98c8-c491c9841cea;cc11e35b-0f27-57dc-83b8-99de52d58448;1490;013573ad-8e1e-50ab-bfd5-140b70dbab8b;Jet A into-plane BOS B61117 26Sep N3284J;4500301589;00010;2218.000;LTR;1.3279;2945.28;U1;25.78;c8236e47-e542-5aca-ad3c-1ee1ec515d4f;9d3be0b6-93fd-560d-8310-01c94e79cc79;WFS-BOS-479131;c2088fd4-af98-5ec4-8bce-5c55798072ee;4500301589;5000301589;TICKET_NUMBER;FUELBOS;400000;MATCHED;0.00;0.00;NONE;b11243c9-caa1-5b1a-a1b4-027dd2582b19;1797.25;1.6388;2945.28;WITHIN;
944d89df-f353-5aa0-ab9d-9bf64f79468f;cc11e35b-0f27-57dc-83b8-99de52d58448;1500;013573ad-8e1e-50ab-bfd5-140b70dbab8b;Jet A into-plane BOS B6267 26Sep N3113J;4500301598;00010;5372.000;LTR;1.3279;7133.48;U1;62.44;2a890cea-1059-598f-bd80-55face186624;32d51327-569b-510a-8d30-5a5f85d0e452;WFS-BOS-479134;6d5944a3-a605-5d3f-b7b5-684e0ee89d21;4500301598;5000301598;TICKET_NUMBER;FUELBOS;400000;MATCHED;0.00;0.00;NONE;ee2b1db4-4a64-5e59-9812-ab0489065494;4345.95;1.6414;7133.48;WITHIN;
75a0ba9e-0eb5-59c6-8165-a0f7211fd0c1;cc11e35b-0f27-57dc-83b8-99de52d58448;1510;013573ad-8e1e-50ab-bfd5-140b70dbab8b;Jet A into-plane BOS B6249 26Sep N3115J;4500301623;00010;6189.000;LTR;1.3279;8218.37;U1;71.94;ad7fea2f-6d21-5b17-80e7-6d3b07108d33;0e28ea5e-1309-5516-8782-2e01f38136d5;WFS-BOS-479137;8f85e61f-34b3-5d90-87a3-f09c7cbd54cb;4500301623;5000301623;TICKET_NUMBER;FUELBOS;400000;MATCHED;0.00;0.00;NONE;3044538e-143e-5764-9320-109039d828d7;5012.47;1.6396;8218.37;WITHIN;
abaef49d-4d36-5220-87ed-e6a1553a24b4;cc11e35b-0f27-57dc-83b8-99de52d58448;1520;013573ad-8e1e-50ab-bfd5-140b70dbab8b;Jet A into-plane BOS B6733 26Sep N978JB;4500301634;00010;20468.000;LTR;1.3279;27179.46;U1;237.92;bf3b8b62-0c0f-5a44-a24c-aff6870599d5;75592377-2c1d-5259-9e57-4272189108a6;WFS-BOS-479138;d0b04425-b550-50af-8c6d-a6ee2f2878ef;4500301634;5000301634;TICKET_NUMBER;FUELBOS;400000;MATCHED;0.00;0.00;NONE;7d3ee4f3-1b43-568d-9b73-2bd8184f8298;16601.59;1.6372;27179.46;WITHIN;
65715089-c574-56a9-8b80-81dd0f624236;cc11e35b-0f27-57dc-83b8-99de52d58448;1530;013573ad-8e1e-50ab-bfd5-140b70dbab8b;Jet A into-plane BOS B6509 26Sep N643JB;4500301635;00010;7951.000;LTR;1.3279;10558.13;U1;92.42;d66a49b4-9aa9-5b68-9b81-858cdb6fa439;722f55b9-03f7-54c1-a9da-41e74293abc1;WFS-BOS-479140;b04d844e-56ac-5db2-9f4b-440937821ad6;4500301635;5000301635;TICKET_NUMBER;FUELBOS;400000;MATCHED;0.00;0.00;NONE;3e7fdbb3-9a87-58c1-9cc3-d23146ef867b;6448.26;1.6374;10558.13;WITHIN;
08ba0ccd-8541-573e-9db6-a88b72541871;cc11e35b-0f27-57dc-83b8-99de52d58448;1540;013573ad-8e1e-50ab-bfd5-140b70dbab8b;Jet A into-plane BOS B6407 26Sep N3307J;4500301667;00010;13630.000;LTR;1.3279;18099.28;U1;158.44;d0ffd128-1e4a-5e2e-9277-2d6a6945533f;8919bd17-6f1c-5c4a-9a72-98858034a040;WFS-BOS-479143;ab28261a-b40e-5a5a-a9bb-4c30b898825c;4500301667;5000301667;TICKET_NUMBER;FUELBOS;400000;MATCHED;0.00;0.00;NONE;078f122b-9790-51f8-9024-c8291283f88f;11008.95;1.6441;18099.28;WITHIN;
0c1f6771-6039-5200-a01f-96e664eb0bec;cc11e35b-0f27-57dc-83b8-99de52d58448;1550;013573ad-8e1e-50ab-bfd5-140b70dbab8b;Jet A into-plane BOS B6781 26Sep N3269J;4500301670;00010;3406.000;LTR;1.3279;4522.83;U1;39.59;165b267d-c519-51cb-8229-67bda73916f6;d1f373f7-ebde-5e8d-b2c1-c35331d74990;WFS-BOS-479145;84dbefa6-8d01-5e1b-9160-6b19497183e3;4500301670;5000301670;TICKET_NUMBER;FUELBOS;400000;MATCHED;0.00;0.00;NONE;f5450091-487a-5246-8933-919b4a69adde;2757.16;1.6404;4522.83;WITHIN;
3ae58222-57a2-53de-ac8c-d7fa21c25f10;cc11e35b-0f27-57dc-83b8-99de52d58448;1560;013573ad-8e1e-50ab-bfd5-140b70dbab8b;Jet A into-plane BOS B6269 26Sep N995JL;4500301685;00010;10688.000;LTR;1.3279;14192.60;U1;124.24;b5c0fb83-bfe8-54fe-a769-d5375088a66f;2d475016-7024-5392-976e-f642076abb33;WFS-BOS-479147;d3b608fb-0465-5d28-8027-942425c43e0f;4500301685;5000301685;TICKET_NUMBER;FUELBOS;400000;MATCHED;0.00;0.00;NONE;9070b65e-5fc7-502a-8b14-fa90352e7abc;8663.69;1.6382;14192.6;WITHIN;
90e9cf2b-c7d2-579f-b57e-c9f330872cb7;cc11e35b-0f27-57dc-83b8-99de52d58448;1570;013573ad-8e1e-50ab-bfd5-140b70dbab8b;Jet A into-plane BOS B61813 26Sep N3112J;4500301733;00010;3440.000;LTR;1.3279;4567.98;U1;39.99;2cb35aba-c6f8-5eb9-a216-b9650264bc77;9d401efb-ee92-50b0-b033-159169fbf3f0;WFS-BOS-479149;abd79127-ccc4-504c-9eec-0b2781364c99;4500301733;5000301733;TICKET_NUMBER;FUELBOS;400000;MATCHED;0.00;0.00;NONE;40bf1275-7385-5a37-b586-b6dd9b33b0ea;2788.12;1.6384;4567.98;WITHIN;
4f5f202b-44fb-51c7-b8fb-7f5760d98541;cc11e35b-0f27-57dc-83b8-99de52d58448;1580;013573ad-8e1e-50ab-bfd5-140b70dbab8b;Jet A into-plane BOS B6317 26Sep N3241J;4500301736;00010;3050.000;LTR;1.3279;4050.10;U1;35.45;c3719e0d-2d7e-51ae-874f-31482aafed26;b1dd972b-32ae-59b0-8172-94d346515483;WFS-BOS-479151;b67bf86f-b226-5c05-90ee-c9ddf40df67f;4500301736;5000301736;TICKET_NUMBER;FUELBOS;400000;MATCHED;0.00;0.00;NONE;c2cb2306-69e8-50d7-b315-b2b50b85d4ea;2473.24;1.6376;4050.1;WITHIN;
b7cd9bca-8e9f-5f20-930b-7bf5acf9fd98;cc11e35b-0f27-57dc-83b8-99de52d58448;1590;013573ad-8e1e-50ab-bfd5-140b70dbab8b;Jet A into-plane BOS B6811 26Sep N3077J;4500301743;00010;5569.000;LTR;1.3279;7395.08;U1;64.73;df4c46eb-2b75-514a-b5f9-0d63745a809b;a1c11111-4f1b-5250-b0f9-0c5830cbce83;WFS-BOS-479153;0c1de791-6c55-5882-867a-96625ef467b8;4500301743;5000301743;TICKET_NUMBER;FUELBOS;400000;MATCHED;0.00;0.00;NONE;f02e4ebc-41f9-5f08-b73b-faf46dc815ae;4511.45;1.6392;7395.08;WITHIN;
4af322c8-d8ee-5af2-b59f-350e5300f900;cc11e35b-0f27-57dc-83b8-99de52d58448;1600;013573ad-8e1e-50ab-bfd5-140b70dbab8b;Jet A into-plane BOS B62255 26Sep N3276J;4500301757;00010;3626.000;LTR;1.3279;4814.97;U1;42.15;c29abf32-df9f-52d8-ad7e-d2f935706c62;8d97265c-4a3f-5df9-bf70-074a6286b65a;WFS-BOS-479155;2c8af787-f00a-57ed-9350-23b49425c4e4;4500301757;5000301757;TICKET_NUMBER;FUELBOS;400000;MATCHED;0.00;0.00;NONE;2b629aae-957b-59c4-b106-1bf5b10c40fb;2934.52;1.6408;4814.97;WITHIN;
63ddd5e6-4629-5d4f-b283-2b704682f3da;ff1cb28d-1c1f-5a23-a866-468d56f0c9a4;10;013573ad-8e1e-50ab-bfd5-140b70dbab8b;Jet A into-plane BUF B685 24Sep N3272J;4500300175;00010;6107.000;LTR;1.3240;8085.67;U1;70.99;210692d8-f445-56c2-a0d7-29783b6bb225;c958b057-cc6f-5198-87f4-656253dad37c;WFS-BUF-723667;f3e35626-19fd-586e-8631-1fb225821aea;4500300175;5000300175;TICKET_NUMBER;FUELBUF;400000;MATCHED;0.00;0.00;NONE;3a6c0e77-e5af-566f-8e0a-ae60614f38d2;4874;1.6589;8085.67;WITHIN;
9b4f2d57-1d46-5c6a-a2b2-301a604d5dcc;ff1cb28d-1c1f-5a23-a866-468d56f0c9a4;20;013573ad-8e1e-50ab-bfd5-140b70dbab8b;Jet A into-plane BUF B6716 24Sep N3232J;4500300240;00010;4132.000;LTR;1.3240;5470.77;U1;48.03;d6663566-8ad8-5971-b00c-f32a5eb3e096;740703c7-cb80-5402-9abe-a78e57ba790e;WFS-BUF-723668;89893a32-1909-5f1c-9e2b-43c57f8c9970;4500300240;5000300240;TICKET_NUMBER;FUELBUF;400000;MATCHED;0.00;0.00;NONE;b4f8be43-cefe-5a54-ba17-4c813066f123;3308.49;1.6536;5470.77;WITHIN;
878fea9b-175a-5bf1-8ba4-3c02e6d2beab;ff1cb28d-1c1f-5a23-a866-468d56f0c9a4;30;013573ad-8e1e-50ab-bfd5-140b70dbab8b;Jet A into-plane BUF B62049 24Sep N637JB;4500300309;00010;7490.000;LTR;1.3240;9916.76;U1;87.06;e0b30cf4-a69d-594b-9765-0a78ad2103b8;9cf176f2-cad5-56ad-ab23-aab0ecd94c2a;WFS-BUF-723671;efb8c888-4006-5703-960f-e0c2e2848903;4500300309;5000300309;TICKET_NUMBER;FUELBUF;400000;MATCHED;0.00;0.00;NONE;deae361d-c9a3-59a6-91c8-374d9cd2d762;5968.03;1.6616;9916.76;WITHIN;
75bd5208-0bfd-5300-ac70-087b0b1b90fb;ff1cb28d-1c1f-5a23-a866-468d56f0c9a4;40;013573ad-8e1e-50ab-bfd5-140b70dbab8b;Jet A into-plane BUF B6916 24Sep N3152J;4500300481;00010;1810.000;LTR;1.3240;2396.44;U1;21.04;a2e7d3cc-e2b5-587a-b517-e267ff45bcdf;68366911-b159-570c-9a2c-75f3b88fdb31;WFS-BUF-723674;1e725073-4102-586e-af42-7cdea9a7e148;4500300481;5000300481;TICKET_NUMBER;FUELBUF;400000;MATCHED;0.00;0.00;NONE;7bac45fc-e88e-5e28-8896-e40ba250dc24;1443.47;1.6602;2396.44;WITHIN;
aa6ff8b1-1218-5ccb-a28e-165c7830a0d1;ff1cb28d-1c1f-5a23-a866-468d56f0c9a4;50;013573ad-8e1e-50ab-bfd5-140b70dbab8b;Jet A into-plane BUF B62901 24Sep N3113J;4500300490;00010;2412.000;LTR;1.3240;3193.49;U1;28.04;1408d96b-8d80-5c73-abb5-58fd9ce75a7f;e6490112-ed9f-504a-91da-7f421eac6f00;WFS-BUF-723676;8ed57373-3302-52f3-becb-80d46d11fae4;4500300490;5000300490;TICKET_NUMBER;FUELBUF;400000;MATCHED;0.00;0.00;NONE;0cd49085-c3a4-56b7-9917-d4bad2422e46;1924.78;1.6591;3193.49;WITHIN;
f3ffdbcf-f045-5231-82c0-946714de3c47;ff1cb28d-1c1f-5a23-a866-468d56f0c9a4;60;013573ad-8e1e-50ab-bfd5-140b70dbab8b;Jet A into-plane BUF B6516 24Sep N637JB;4500300610;00010;2459.000;LTR;1.3240;3255.72;U1;28.58;922e05a9-aaf4-5f11-a06f-be2e53ad9a5a;8b379439-af10-5e9c-97a6-e095f29a32af;WFS-BUF-723677;7f12a1ed-b334-5548-b40e-9bc318dc2189;4500300610;5000300610;TICKET_NUMBER;FUELBUF;400000;MATCHED;0.00;0.00;NONE;ad2bd006-f796-5060-8440-d8ef4652bb76;1969.9;1.6527;3255.72;WITHIN;
67790c92-8c48-586e-8011-dad5307efc3b;ff1cb28d-1c1f-5a23-a866-468d56f0c9a4;70;013573ad-8e1e-50ab-bfd5-140b70dbab8b;Jet A into-plane BUF B6201 24Sep N3138J;4500300628;00010;2366.000;LTR;1.3240;3132.58;U1;27.50;1f88b5a4-cd5b-58f4-85b0-43a1c864344b;0bd00f42-70da-54a8-999f-0d21abddbd45;WFS-BUF-723678;dbc14aa3-5054-5946-8da4-1cfe32774f20;4500300628;5000300628;TICKET_NUMBER;FUELBUF;400000;MATCHED;0.00;0.00;NONE;ca51feaf-567a-5ecd-bef9-d2fe9c837c11;1892.56;1.6552;3132.58;WITHIN;
f2c8dd1f-b019-5ae3-adaf-c1bf95f6ab6b;ff1cb28d-1c1f-5a23-a866-468d56f0c9a4;80;013573ad-8e1e-50ab-bfd5-140b70dbab8b;Jet A into-plane BUF B62001 25Sep N3115J;4500300758;00010;2189.000;LTR;1.3346;2921.44;U1;25.44;55158722-f990-5f95-a264-c0716c1b3fc3;73e81cc6-a580-519a-8f2a-cf49ef8d2bea;WFS-BUF-723680;871a2b93-eb55-5b69-9182-d95c22a7eb94;4500300758;5000300758;TICKET_NUMBER;FUELBUF;400000;MATCHED;0.00;0.00;NONE;a9fd35fc-fba3-5418-81ee-124a51422ddb;1749.67;1.6697;2921.44;WITHIN;
805c2e9c-5414-5460-ad6b-3053dc3a12ea;ff1cb28d-1c1f-5a23-a866-468d56f0c9a4;90;013573ad-8e1e-50ab-bfd5-140b70dbab8b;Jet A into-plane BUF B685 25Sep N3138J;4500300814;00010;5054.000;LTR;1.3346;6745.07;U1;58.75;30cb203b-cc70-592a-9e3b-d7c7b00253a0;49870473-5c11-5c6c-92ee-05d08969ffc9;WFS-BUF-723683;14b72d94-1237-5e70-a08b-62d0042c9457;4500300814;5000300814;TICKET_NUMBER;FUELBUF;400000;MATCHED;0.00;0.00;NONE;4f9e78e6-37ba-5584-96f8-49f7bc6e07e5;4037.64;1.6705;6745.07;WITHIN;
e0cae5d8-5f64-5397-8461-595cb3cfd5c2;ff1cb28d-1c1f-5a23-a866-468d56f0c9a4;100;013573ad-8e1e-50ab-bfd5-140b70dbab8b;Jet A into-plane BUF B6716 25Sep N3123J;4500300880;00010;3153.000;LTR;1.3346;4207.99;U1;36.65;8cf7c654-ef16-5732-bce8-62f943b8bfb3;9795c14c-c4a0-5d66-aad7-0d734f9e8f39;WFS-BUF-723686;a3610636-565e-50c4-8066-d6edf9ecffab;4500300880;5000300880;TICKET_NUMBER;FUELBUF;400000;MATCHED;0.00;0.00;NONE;3b4c2e98-37ba-58fa-a2d0-3baff21923eb;2533.44;1.661;4207.99;WITHIN;
10ebb9e1-143a-5620-9737-88c355702be2;ff1cb28d-1c1f-5a23-a866-468d56f0c9a4;110;013573ad-8e1e-50ab-bfd5-140b70dbab8b;Jet A into-plane BUF B61901 25Sep N3244J;4500301023;00010;2276.000;LTR;1.3346;3037.55;U1;26.46;a16bc396-c1a0-5f05-a534-a9e8cd396202;1c1bb249-54b9-5086-a277-91116215defb;WFS-BUF-723689;108f515d-a9f0-5767-8580-d80407f8a04d;4500301023;5000301023;TICKET_NUMBER;FUELBUF;400000;MATCHED;0.00;0.00;NONE;91371f4a-6202-5821-aeeb-300b097e512d;1823.08;1.6662;3037.55;WITHIN;
c7bedfdf-402e-5064-9bb8-8dd05b6c7cad;ff1cb28d-1c1f-5a23-a866-468d56f0c9a4;120;013573ad-8e1e-50ab-bfd5-140b70dbab8b;Jet A into-plane BUF B6916 25Sep N3271J;4500301065;00010;2481.000;LTR;1.3346;3311.14;U1;28.84;7b15c7db-cdf2-5949-b4dc-89d3d129a5fb;e717f2b2-b7e3-5d1f-a79a-a5010462e2b3;WFS-BUF-723690;0f99a483-08ee-5e15-aafe-6623f787b17d;4500301065;5000301065;TICKET_NUMBER;FUELBUF;400000;MATCHED;0.00;0.00;NONE;ce5cd82e-26d3-5563-9b07-45c9f8bde7fb;1991.75;1.6624;3311.14;WITHIN;
30e58d0d-e306-5d80-8928-8ecfc7c0a86d;ff1cb28d-1c1f-5a23-a866-468d56f0c9a4;130;013573ad-8e1e-50ab-bfd5-140b70dbab8b;Jet A into-plane BUF B62901 25Sep N3215J;4500301132;00010;3481.000;LTR;1.3346;4645.74;U1;40.46;f51a5330-52db-51ef-be80-c03239d131e2;1922a098-8be5-57a1-b050-948ec77eb2a0;WFS-BUF-723693;2057b9b4-271f-5d8f-a603-f1d9f0fce61d;4500301132;5000301132;TICKET_NUMBER;FUELBUF;400000;MATCHED;0.00;0.00;NONE;45e3f118-f97c-5580-bf34-9330c36ab781;2785.15;1.668;4645.74;WITHIN;
8b42caf2-ed92-5bdd-b1f3-581e546544d5;ff1cb28d-1c1f-5a23-a866-468d56f0c9a4;140;013573ad-8e1e-50ab-bfd5-140b70dbab8b;Jet A into-plane BUF B6516 25Sep N636JB;4500301221;00010;4412.000;LTR;1.3346;5888.26;U1;51.29;7be61eca-1a01-5deb-803e-bb2ccc8e2c41;8f6d53b0-27d3-5a49-86fd-5076d9770698;WFS-BUF-723695;1f7b4fc5-edf3-5b54-b5f0-bed9abe84676;4500301221;5000301221;TICKET_NUMBER;FUELBUF;400000;MATCHED;0.00;0.00;NONE;6fec8241-045f-5c64-a618-1872de5e20c3;3534.89;1.6658;5888.26;WITHIN;
222aa25d-ebc4-5eec-bade-91aeeb2900f7;ff1cb28d-1c1f-5a23-a866-468d56f0c9a4;150;013573ad-8e1e-50ab-bfd5-140b70dbab8b;Jet A into-plane BUF B6201 25Sep N3308J;4500301298;00010;4030.000;LTR;1.3346;5378.44;U1;46.84;bf8b1cb9-2190-5d4f-919e-08582dceb570;00e72543-f5ba-5afc-88d1-396c494f3001;WFS-BUF-723698;901682b1-b20b-501c-bfbc-fcb90cc3c1c6;4500301298;5000301298;TICKET_NUMBER;FUELBUF;400000;MATCHED;0.00;0.00;NONE;02d66670-7cca-5780-8840-5cfb4c156a69;3238.11;1.661;5378.44;WITHIN;
e52a6896-d973-5c18-84d1-07474dc24aa9;ff1cb28d-1c1f-5a23-a866-468d56f0c9a4;160;013573ad-8e1e-50ab-bfd5-140b70dbab8b;Jet A into-plane BUF B6348 25Sep N561JB;4500301341;00010;3062.000;LTR;1.3346;4086.55;U1;35.59;ea1ef561-bf07-5953-a532-dc1bb3773e23;b60b2afe-d5c0-53e1-85de-1f4a30447db9;WFS-BUF-723699;53d974af-0fbf-55a6-991d-2b4e9074cfa6;4500301341;5000301341;TICKET_NUMBER;FUELBUF;400000;MATCHED;0.00;0.00;NONE;871dfe56-a0a6-5589-b08c-28b22ebe5ffa;2459.09;1.6618;4086.55;WITHIN;
c8b85642-97ad-5a80-a5bf-68aa2be450fd;ff1cb28d-1c1f-5a23-a866-468d56f0c9a4;170;013573ad-8e1e-50ab-bfd5-140b70dbab8b;Jet A into-plane BUF B62001 26Sep N3308J;4500301388;00010;2155.000;LTR;1.3425;2893.09;U1;25.05;83cbec8a-d87a-59ab-abc7-dc47e16c260e;cbca76d7-c1d3-58f6-980e-0dad23d7d7d0;WFS-BUF-723702;994b2ad0-0049-52e5-9784-e6466a8194a4;4500301388;5000301388;TICKET_NUMBER;FUELBUF;400000;MATCHED;0.00;0.00;NONE;8e199346-89b4-5c6d-9b31-b879a3937798;1730.68;1.6716;2893.09;WITHIN;
18ee212e-891b-5dae-9039-ee36860b27de;ff1cb28d-1c1f-5a23-a866-468d56f0c9a4;180;013573ad-8e1e-50ab-bfd5-140b70dbab8b;Jet A into-plane BUF B6865 26Sep N584JB;4500301442;00010;7347.000;LTR;1.3425;9863.35;U1;85.40;5207343e-83c7-5432-aaa1-f5c691e31c7a;d1530af5-6dac-5f81-a242-544bf08f0fc7;WFS-BUF-723704;b5741502-6075-5d70-837b-d7ebc740a860;4500301442;5000301442;TICKET_NUMBER;FUELBUF;400000;MATCHED;0.00;0.00;NONE;cb3da3ab-5ef4-5b2e-b5d5-fa41b53c2a73;5887.15;1.6754;9863.35;WITHIN;
46ed7092-8c1e-5903-9b53-a105ee9b76a5;ff1cb28d-1c1f-5a23-a866-468d56f0c9a4;190;013573ad-8e1e-50ab-bfd5-140b70dbab8b;Jet A into-plane BUF B685 26Sep N3125J;4500301453;00010;8436.000;LTR;1.3425;11325.33;U1;98.06;ee1ab57f-40fb-5609-b092-0a8fc17f546e;5db1162d-005b-5c1d-a51f-239b6c4b759c;WFS-BUF-723705;29d915f8-7ce2-5f45-a234-2885f13df0f8;4500301453;5000301453;TICKET_NUMBER;FUELBUF;400000;MATCHED;0.00;0.00;NONE;0eff7423-4bd7-5cf2-9157-b6a59b8429a6;6774.11;1.6719;11325.33;WITHIN;
3ba2b043-e4c9-553d-a151-a081ef69db43;ff1cb28d-1c1f-5a23-a866-468d56f0c9a4;200;013573ad-8e1e-50ab-bfd5-140b70dbab8b;Jet A into-plane BUF B6716 26Sep N3113J;4500301516;00010;2831.000;LTR;1.3425;3800.62;U1;32.91;b27c494e-76b2-5fc5-bcee-de0ae6aa1c1a;6c513cb4-8477-5eb7-bdae-6eacf7384d8a;WFS-BUF-723708;6b2ae5bf-83b6-50cd-990d-c29a9ff495d4;4500301516;5000301516;TICKET_NUMBER;FUELBUF;400000;MATCHED;0.00;0.00;NONE;63958b44-e757-5484-868f-5b624de6260d;2269.33;1.6748;3800.62;WITHIN;
6d8975b6-4d49-5822-8533-62dbae8eeb91;ff1cb28d-1c1f-5a23-a866-468d56f0c9a4;210;013573ad-8e1e-50ab-bfd5-140b70dbab8b;Jet A into-plane BUF B6635 26Sep N763JB;4500301572;00010;12191.000;LTR;1.3425;16366.42;U1;141.71;1fa5a09b-68da-5087-bd5a-35bd33a86dff;eacc31ad-6a04-5e1d-9fbb-62a838e57f3d;WFS-BUF-723711;80babca7-7b09-506b-8aea-f28080ce49a6;4500301572;5000301572;TICKET_NUMBER;FUELBUF;400000;MATCHED;0.00;0.00;NONE;11c0ef77-e6f5-5275-988f-f70723200259;9797.91;1.6704;16366.42;WITHIN;
0644400f-e080-5721-a135-52487f01dbcb;ff1cb28d-1c1f-5a23-a866-468d56f0c9a4;220;013573ad-8e1e-50ab-bfd5-140b70dbab8b;Jet A into-plane BUF B61901 26Sep N3261J;4500301603;00010;1975.000;LTR;1.3425;2651.44;U1;22.96;c3db9227-ac5f-504e-bb99-fd8824a59672;3895fb6b-74ce-5749-91dd-05f34738d16d;WFS-BUF-723713;f70d808c-1756-559f-8bd3-dfa72b5f4d5d;4500301603;5000301603;TICKET_NUMBER;FUELBUF;400000;MATCHED;0.00;0.00;NONE;c64843eb-4c38-5c7d-8677-feaba8990721;1584.54;1.6733;2651.44;WITHIN;
0aa04709-6de8-5df9-923d-1a66ba016bea;ff1cb28d-1c1f-5a23-a866-468d56f0c9a4;230;013573ad-8e1e-50ab-bfd5-140b70dbab8b;Jet A into-plane BUF B62901 26Sep N3293J;4500301713;00010;2645.000;LTR;1.3425;3550.91;U1;30.75;c72331d8-0da1-57bc-85c2-5e92c4582eaa;874719cc-2f97-5d82-b28d-8c41cc5533ac;WFS-BUF-723714;80e9eae4-3716-51c6-9bb4-382db0721cd1;4500301713;5000301713;TICKET_NUMBER;FUELBUF;400000;MATCHED;0.00;0.00;NONE;7e1d8820-6cee-5bcd-ab06-f546b30f4f4a;2127.11;1.6694;3550.91;WITHIN;
ec376965-5ff0-54bc-869e-25951d476586;ff1cb28d-1c1f-5a23-a866-468d56f0c9a4;240;013573ad-8e1e-50ab-bfd5-140b70dbab8b;Jet A into-plane BUF B6916 26Sep N3240J;4500301725;00010;2497.000;LTR;1.3425;3352.22;U1;29.03;8e5c2cf4-0660-5df2-b1d2-50fa6bbfa057;4ffacf69-eb9e-528a-903c-978e3c8a904b;WFS-BUF-723717;b7dced73-4f73-5a74-acc2-12f0eb8571ef;4500301725;5000301725;TICKET_NUMBER;FUELBUF;400000;MATCHED;0.00;0.00;NONE;236bb2ef-8ecf-52fe-8fe8-b401e68cabd9;2011.83;1.6663;3352.22;WITHIN;
b074f6ab-614b-53e6-810f-fff9a891e03e;3a9d02bb-fb80-5764-aaba-b7b3c40c5a23;10;013573ad-8e1e-50ab-bfd5-140b70dbab8b;Jet A into-plane BUR B6359 23Sep N3189J;4500300092;00010;12463.000;LTR;1.3301;16577.04;U1;144.87;a5a2c3a5-0ff0-5e88-9521-62334b796347;5fb37df5-5691-5b0d-83f6-f720ba970b23;CGA-BUR-132121;aa62d335-e8f2-53d1-a828-d5a44b21a764;4500300092;5000300092;TICKET_NUMBER;FUELBUR;400000;MATCHED;0.00;0.00;NONE;40284ad4-6d0c-57a2-a899-734c36cc319c;10007.79;1.6564;16577.04;WITHIN;
90661cb2-a406-58e4-a9e6-ed6a35c9d7aa;3a9d02bb-fb80-5764-aaba-b7b3c40c5a23;20;013573ad-8e1e-50ab-bfd5-140b70dbab8b;Jet A into-plane BUR B6359 24Sep N3123J;4500300722;00010;12813.000;LTR;1.3380;17143.79;U1;148.94;6d86d288-6076-5873-84fd-865dcf2e5a15;e40d22bc-80d9-56db-b52c-5c263f363791;CGA-BUR-132123;2d1d774c-d877-5093-baa1-69a046fc5bbb;4500300722;5000300722;TICKET_NUMBER;FUELBUR;400000;MATCHED;0.00;0.00;NONE;e75b580b-4a1c-5bcb-bd73-adc4bcbd9cdd;10213.24;1.6786;17143.79;WITHIN;
066e45f7-9a2a-5bcc-9ca5-f3153768d183;3a9d02bb-fb80-5764-aaba-b7b3c40c5a23;30;013573ad-8e1e-50ab-bfd5-140b70dbab8b;Jet A into-plane BUR B6359 25Sep N3104J;4500301357;00010;13323.000;LTR;1.3486;17967.40;U1;154.87;9a6e07dd-1253-5325-b8a5-54aae6e1eb42;4f9f5e58-c48b-58e4-b0f2-c54b8842ac5b;CGA-BUR-132126;6fee5e33-6a3b-5282-a933-c094417ca27a;4500301357;5000301357;TICKET_NUMBER;FUELBUR;400000;MATCHED;0.00;0.00;NONE;62b413ef-0783-5180-ab26-440c607e5924;10738.34;1.6732;17967.4;WITHIN;
aae0c82b-d377-5de3-824d-5a37af78c382;0cb8c686-92e8-5f1a-b407-a0e08c6b2311;10;013573ad-8e1e-50ab-bfd5-140b70dbab8b;Jet A into-plane BWI B62995 24Sep N3145J;4500300173;00010;4903.000;LTR;1.3143;6444.01;U1;56.99;75a98175-9e1c-5a96-806d-022d5521594e;dc42fe57-3dab-59d7-bd81-5edf43dcb33e;BPA-BWI-463110;393ed648-924f-5c27-9178-21cfd111c5ef;4500300173;5000300173;TICKET_NUMBER;FUELBWI;400000;MATCHED;0.00;0.00;NONE;73be49a5-dbeb-530c-a228-5776ba384c95;3935.64;1.6373;6444.01;WITHIN;
8a2eef6d-10a8-510e-8fad-67d0eaf5f26c;0cb8c686-92e8-5f1a-b407-a0e08c6b2311;20;013573ad-8e1e-50ab-bfd5-140b70dbab8b;Jet A into-plane BWI B62595 24Sep N3258J;4500300471;00010;7647.000;LTR;1.3143;10050.45;U1;88.89;a1679504-1479-5a51-909f-79b202788ccb;0e37afe3-eeb1-5db5-abf5-500dae543df3;BPA-BWI-463112;b9eb9cd0-9eff-5824-8b3f-ae524e2aef34;4500300471;5000300471;TICKET_NUMBER;FUELBWI;400000;MATCHED;0.00;0.00;NONE;08b38831-c954-566d-989c-8270ba3c657d;6145.89;1.6353;10050.45;WITHIN;
fa197b68-9d99-5537-8641-5cb295668756;0cb8c686-92e8-5f1a-b407-a0e08c6b2311;30;013573ad-8e1e-50ab-bfd5-140b70dbab8b;Jet A into-plane BWI B62995 25Sep N3255J;4500300996;00010;5179.000;LTR;1.3249;6861.66;U1;60.20;fc1e4e87-f823-52b7-b6af-7b370fbca245;377490f7-6e1c-5d62-a589-22bcc4ad2cef;BPA-BWI-463113;9724ee9b-f9b8-5fd6-997c-da3dbb0113fc;4500300996;5000300996;TICKET_NUMBER;FUELBWI;400000;MATCHED;0.00;0.00;NONE;1adafe4a-ea40-5d71-b5c6-4ebd9c1feed7;4160.81;1.6491;6861.66;WITHIN;
39a63b8a-43a5-5fdc-86a6-077d87df4314;0cb8c686-92e8-5f1a-b407-a0e08c6b2311;40;013573ad-8e1e-50ab-bfd5-140b70dbab8b;Jet A into-plane BWI B62595 25Sep N3280J;4500301124;00010;5455.000;LTR;1.3249;7227.33;U1;63.41;f822162f-bb39-5ae5-b247-71f8619063d7;4b43334e-fbf2-5040-bd3b-135767e7ed19;BPA-BWI-463115;3240651f-9975-53da-8450-ff07edbd775b;4500301124;5000301124;TICKET_NUMBER;FUELBWI;400000;MATCHED;0.00;0.00;NONE;7706aedb-0052-588f-b6a6-b847682e6c69;4384.73;1.6483;7227.33;WITHIN;
baca5756-0a04-5798-9afe-4f835d491a4b;0cb8c686-92e8-5f1a-b407-a0e08c6b2311;50;013573ad-8e1e-50ab-bfd5-140b70dbab8b;Jet A into-plane BWI B62995 26Sep N3280J;4500301462;00010;5578.000;LTR;1.3328;7434.36;U1;64.84;3b18d7a2-dcef-58a6-9e87-536479a37209;1318b248-61dd-5ae3-98a9-5f403914c77e;BPA-BWI-463117;b6ca4a6d-f8bd-51ea-9bc0-599803640c23;4500301462;5000301462;TICKET_NUMBER;FUELBWI;400000;MATCHED;0.00;0.00;NONE;092ab9ce-b390-511c-9f3e-4c9c6e2528aa;4442.88;1.6733;7434.36;WITHIN;
3f0cfb11-c068-5fa9-a3d7-e2e8b554f650;0cb8c686-92e8-5f1a-b407-a0e08c6b2311;60;013573ad-8e1e-50ab-bfd5-140b70dbab8b;Jet A into-plane BWI B62595 26Sep N3280J;4500301714;00010;4099.000;LTR;1.3328;5463.15;U1;47.65;9d2d0a4b-7faf-53be-a161-4dc6b7995d97;44bb570c-14e0-5807-9305-0947d3d3a25d;BPA-BWI-463120;cdbc5b48-ab44-53d3-82b8-3fbef42f1336;4500301714;5000301714;TICKET_NUMBER;FUELBWI;400000;MATCHED;0.00;0.00;NONE;0159ada2-70b2-5188-9f58-585e51d9873e;3252.97;1.6794;5463.15;WITHIN;
7ecd5f27-3c62-58de-a90b-796e3c0cb05d;c192acf6-ad17-51b8-951c-325a29f2a84c;10;c3d4e5f6-3333-4000-8000-000000000001;Jet A into-plane CDG B634 24Sep N4073J;4500300105;00010;20278.000;LTR;1.2630;25611.11;V0;0.00;a6c8203b-0f68-561c-a016-e69c1e8e37d2;a503f327-ba02-5bc6-b3bb-31f0418d16d3;ATI-CDG-343437;14a88a20-665b-5207-bda0-b2d7a46f846b;4500300105;5000300105;TICKET_NUMBER;FUELCDG;400000;MATCHED;0.00;0.00;NONE;2afaa71a-0b22-54fb-b07d-20d197562f17;16471.82;1.5548;25611.11;WITHIN;
4cd15060-ee6a-5752-aada-8cfcb096bb90;c192acf6-ad17-51b8-951c-325a29f2a84c;20;c3d4e5f6-3333-4000-8000-000000000001;Jet A into-plane CDG B61408 24Sep N4076J;4500300135;00010;24127.000;LTR;1.2630;30472.40;V0;0.00;92134b23-0dd1-5557-b8f4-d6ca562227b1;fb14bb89-b723-5197-b2c2-260282608120;ATI-CDG-343440;bafc2685-6c96-5f75-b6b7-c38123967ff6;4500300135;5000300135;TICKET_NUMBER;FUELCDG;400000;MATCHED;0.00;0.00;NONE;4e1d0dfe-552e-5c65-9c52-56d8721f5a73;19525.98;1.5606;30472.4;WITHIN;
466814b8-6c33-58fa-9b6b-95d60cdf0ba0;c192acf6-ad17-51b8-951c-325a29f2a84c;30;c3d4e5f6-3333-4000-8000-000000000001;Jet A into-plane CDG B634 25Sep N4077J;4500300747;00010;20109.000;LTR;1.2736;25610.82;V0;0.00;e9dc894b-5c6c-5a5c-945f-f2feb3ecab87;1657dc78-8c10-58cc-b089-e9d9d5ebb532;ATI-CDG-343441;72330e28-eb3f-55f6-964d-459265ce49ec;4500300747;5000300747;TICKET_NUMBER;FUELCDG;400000;MATCHED;0.00;0.00;NONE;6bb073d6-12cb-5e16-9ec1-1b8b9014012c;16354.65;1.566;25610.82;WITHIN;
827df084-4d34-5cb9-a6ed-b7acdbe700c5;c192acf6-ad17-51b8-951c-325a29f2a84c;40;c3d4e5f6-3333-4000-8000-000000000001;Jet A into-plane CDG B61408 25Sep N4074J;4500300780;00010;22303.000;LTR;1.2736;28405.10;V0;0.00;0b32f463-ef16-5073-a629-b9ee8f0ad033;583d47c9-8a71-5036-9eb6-94302128e1cc;ATI-CDG-343443;050f580c-5371-583c-9149-3edc0f5d1ad4;4500300780;5000300780;TICKET_NUMBER;FUELCDG;400000;MATCHED;0.00;0.00;NONE;ffc8c23e-8e72-574b-baf6-fb836614b074;18145.72;1.5654;28405.1;WITHIN;
8e7e8e84-b20e-5e2e-9945-08eebb7e6462;c192acf6-ad17-51b8-951c-325a29f2a84c;50;c3d4e5f6-3333-4000-8000-000000000001;Jet A into-plane CDG B634 26Sep N4076J;4500301384;00010;20755.000;LTR;1.2815;26597.53;V0;0.00;da74b9ef-2501-5f85-81bb-81873bce1d0a;22a8c5c7-0912-5407-b1fd-0af7d335bb05;ATI-CDG-343446;b17cda09-dc0d-556c-a10b-e6044de3e87b;4500301384;5000301384;TICKET_NUMBER;FUELCDG;400000;MATCHED;0.00;0.00;NONE;ad247031-d113-59b0-92f3-5ac36482c617;16850.98;1.5784;26597.53;WITHIN;
e27338d6-21f0-568f-8978-fdd6d425b201;c192acf6-ad17-51b8-951c-325a29f2a84c;60;c3d4e5f6-3333-4000-8000-000000000001;Jet A into-plane CDG B61408 26Sep N4077J;4500301419;00010;24099.000;LTR;1.2815;30882.87;V0;0.00;9a9aa633-ae1d-5e02-8c2e-03e4fd261889;2ee7e533-81d5-5e40-9928-8c746dae92dc;ATI-CDG-343447;7560003a-8c2b-5af9-9332-1820d9a9b5ee;4500301419;5000301419;TICKET_NUMBER;FUELCDG;400000;MATCHED;0.00;0.00;NONE;ffafff1b-8e9d-5195-9471-ec3e0dce03e7;19628.64;1.5734;30882.87;WITHIN;
e2c69234-6b3d-5a39-9b08-00bcf39e02a6;1d7d336b-be0c-5fd8-9d06-1b89653ba3e2;10;013573ad-8e1e-50ab-bfd5-140b70dbab8b;Jet A into-plane CHS B62474 24Sep N3293J;4500300320;00010;2393.000;LTR;1.2570;3008.00;U1;27.82;821cc088-48ec-5ab3-bbbf-e1463b8b8164;330c6c54-d59e-5aed-aa25-8140f12d81c0;AVF-CHS-586546;c91c3ade-226f-5e1b-a564-ce874d7103a7;4500300320;5000300320;TICKET_NUMBER;FUELCHS;400000;MATCHED;0.00;0.00;NONE;92e5d9a6-e96a-505a-90c6-a544a0c52083;1930.43;1.5582;3008;WITHIN;
42091da1-2f13-52b1-95df-28f2493d5dbf;1d7d336b-be0c-5fd8-9d06-1b89653ba3e2;20;013573ad-8e1e-50ab-bfd5-140b70dbab8b;Jet A into-plane CHS B6568 24Sep N3322J;4500300387;00010;5463.000;LTR;1.2570;6866.99;U1;63.50;f2174eea-16c0-5299-ac16-737616030ee8;9f8a1946-155e-5388-a4e7-2bf7f78a9000;AVF-CHS-586547;f6a499b4-614a-5c72-9f09-96f4d2f97b6f;4500300387;5000300387;TICKET_NUMBER;FUELCHS;400000;MATCHED;0.00;0.00;NONE;3596b9db-df5c-5f63-acef-688e1b53cb3c;4393.89;1.5628;6866.99;WITHIN;
554a5864-fe3f-5715-ae34-663f232980f2;1d7d336b-be0c-5fd8-9d06-1b89653ba3e2;30;013573ad-8e1e-50ab-bfd5-140b70dbab8b;Jet A into-plane CHS B668 24Sep N3232J;4500300485;00010;4414.000;LTR;1.2570;5548.40;U1;51.31;ce4aff05-7060-5518-80b7-0dbda5a6193e;61c206c1-74f1-5778-8f62-811b9f692bc0;AVF-CHS-586549;5e89270e-4c52-5d20-b4e4-014131845306;4500300485;5000300485;TICKET_NUMBER;FUELCHS;400000;MATCHED;0.00;0.00;NONE;955d68c4-8bc2-5254-a0c1-3b31af3a7dab;3556.8;1.5599;5548.4;WITHIN;
9d33bd7d-b17b-55cd-b5ee-2fa805cf94c8;1d7d336b-be0c-5fd8-9d06-1b89653ba3e2;40;013573ad-8e1e-50ab-bfd5-140b70dbab8b;Jet A into-plane CHS B61131 24Sep N645JB;4500300603;00010;3705.000;LTR;1.2570;4657.18;U1;43.07;2c748758-9001-53f5-ae57-955b0bc8b1c4;679c64f6-3d61-50a4-83f8-2093f7cd3ba2;AVF-CHS-586551;ffc90ba3-eecc-594d-b6c0-c7acad1ddd12;4500300603;5000300603;TICKET_NUMBER;FUELCHS;400000;MATCHED;0.00;0.00;NONE;28ade87d-5fa9-5ae9-9c86-5065bdefcfed;2976.6;1.5646;4657.18;WITHIN;
f3ab3ecb-4cd3-519d-baa9-36d307fed11c;1d7d336b-be0c-5fd8-9d06-1b89653ba3e2;50;013573ad-8e1e-50ab-bfd5-140b70dbab8b;Jet A into-plane CHS B62474 25Sep N3195J;4500300969;00010;4614.000;LTR;1.2676;5848.71;U1;53.63;1c0fa95b-da59-51fd-9962-dabdacc79370;f6c115d1-422b-5ab0-bb00-f1c5d49419d1;AVF-CHS-586552;b7b11ba6-7504-5288-bf5b-8899739b1cbf;4500300969;5000300969;TICKET_NUMBER;FUELCHS;400000;MATCHED;0.00;0.00;NONE;84cbd64e-eebc-54ce-b52a-00ca25b98f93;3679.66;1.5895;5848.71;WITHIN;
c40c858d-a84d-5aa4-9231-98da0af34dad;1d7d336b-be0c-5fd8-9d06-1b89653ba3e2;60;013573ad-8e1e-50ab-bfd5-140b70dbab8b;Jet A into-plane CHS B6568 25Sep N3142J;4500301026;00010;5820.000;LTR;1.2676;7377.43;U1;67.65;c61b31dc-fcad-5f9c-9f72-9434519b07f8;17dffbd6-882c-51bf-ace7-61f6293e7e33;AVF-CHS-586553;0c24cb63-a006-5513-a2d7-79b0f1564a48;4500301026;5000301026;TICKET_NUMBER;FUELCHS;400000;MATCHED;0.00;0.00;NONE;ef17d210-d1ac-5902-838b-5bcab5361dcb;4650.18;1.5865;7377.43;WITHIN;
8e431833-2eec-5c57-8cb9-15e9f4b78be2;1d7d336b-be0c-5fd8-9d06-1b89653ba3e2;70;013573ad-8e1e-50ab-bfd5-140b70dbab8b;Jet A into-plane CHS B61131 25Sep N603JB;4500301236;00010;3836.000;LTR;1.2676;4862.51;U1;44.59;0889b58b-5f56-500b-8104-624d9b2cda53;c0421318-4691-57be-90d9-8e9ada3c4b08;AVF-CHS-586554;3f93f9ac-0c90-58af-b41a-505566bdd438;4500301236;5000301236;TICKET_NUMBER;FUELCHS;400000;MATCHED;0.00;0.00;NONE;f983e85b-7562-56e2-a6c7-f1d3bab9e850;3062.66;1.5877;4862.51;WITHIN;
32d56058-0000-55d2-ae8d-c748c97494ff;1d7d336b-be0c-5fd8-9d06-1b89653ba3e2;80;013573ad-8e1e-50ab-bfd5-140b70dbab8b;Jet A into-plane CHS B62474 26Sep N3221J;4500301586;00010;3133.000;LTR;1.2755;3996.14;U1;36.42;b04a3c75-abe4-5c69-89f4-15e6f0219612;6c7f0c94-5434-5b00-bf1e-0766fb43ca8e;AVF-CHS-586555;c02f8d16-1f74-52ab-91b3-f1cd650beb16;4500301586;5000301586;TICKET_NUMBER;FUELCHS;400000;MATCHED;0.00;0.00;NONE;6dce7e1e-9947-53b4-aa4c-f93a5f270bf2;2478.52;1.6123;3996.14;WITHIN;
a344e1ca-d3f5-5c77-81f1-75a1761b52aa;1d7d336b-be0c-5fd8-9d06-1b89653ba3e2;90;013573ad-8e1e-50ab-bfd5-140b70dbab8b;Jet A into-plane CHS B6568 26Sep N3077J;4500301629;00010;5842.000;LTR;1.2755;7451.47;U1;67.91;e8961e92-b94b-57d5-85ab-f678906920a0;62466c18-f1f9-58bd-8c6f-ec981241822c;AVF-CHS-586558;10a34e12-04a6-52f6-ba21-a062ef50d9bd;4500301629;5000301629;TICKET_NUMBER;FUELCHS;400000;MATCHED;0.00;0.00;NONE;98f569ef-54da-5b23-9e24-5eb121229265;4638.55;1.6064;7451.47;WITHIN;
14b244bb-82d9-59a9-8973-b879937bcd5a;1d7d336b-be0c-5fd8-9d06-1b89653ba3e2;100;013573ad-8e1e-50ab-bfd5-140b70dbab8b;Jet A into-plane CHS B668 26Sep N3113J;4500301686;00010;5715.000;LTR;1.2755;7289.48;U1;66.43;b20f4b86-00a9-5d4d-a472-fd37370b7662;98fc76e5-41d7-5bc1-8dec-211ca1cc7ffd;AVF-CHS-586559;7712cf19-b9f8-56e1-a19c-3e1850d396dc;4500301686;5000301686;TICKET_NUMBER;FUELCHS;400000;MATCHED;0.00;0.00;NONE;6c44f56a-2799-5647-bef0-2d82c2c8dbbb;4529.14;1.6095;7289.48;WITHIN;
65a47f6e-b1d8-585c-a38d-18e6f92a3a0a;2b92b341-6579-51e8-904f-ca3de6f6b695;10;013573ad-8e1e-50ab-bfd5-140b70dbab8b;Jet A into-plane CLE B62769 24Sep N3269J;4500300130;00010;3931.000;LTR;1.3006;5112.66;U1;45.69;8324c319-9a6a-5c52-826a-a5feffc4292e;774c4893-e690-5cba-8777-686acbdd89ea;BPA-CLE-201324;1aecefd8-1575-580e-a0b2-ec534caa3b82;4500300130;5000300130;TICKET_NUMBER;FUELCLE;400000;MATCHED;0.00;0.00;NONE;f5ee5eb4-b2b1-5a1e-b7df-bbf0c73a89e9;3191.58;1.6019;5112.66;WITHIN;
8f8dc36b-fdca-520b-9ea9-e8f35a585e9a;2b92b341-6579-51e8-904f-ca3de6f6b695;20;013573ad-8e1e-50ab-bfd5-140b70dbab8b;Jet A into-plane CLE B62289 24Sep N3280J;4500300152;00010;6105.000;LTR;1.3006;7940.16;U1;70.96;e4057d47-f934-5329-862b-11df0e681868;6d76f37e-423b-50c2-a0ce-0148369f5042;BPA-CLE-201327;d3ce52db-b818-561a-a66b-6aeb1d4ca7c5;4500300152;5000300152;TICKET_NUMBER;FUELCLE;400000;MATCHED;0.00;0.00;NONE;e0c88a9e-3b32-5950-b7c8-8e9380fde394;4948.71;1.6045;7940.16;WITHIN;
ab15775d-0877-5a47-a7fa-1c7739612c8d;2b92b341-6579-51e8-904f-ca3de6f6b695;30;013573ad-8e1e-50ab-bfd5-140b70dbab8b;Jet A into-plane CLE B61340 24Sep N3152J;4500300265;00010;3353.000;LTR;1.3006;4360.91;U1;38.98;08e977af-af2b-5269-b92a-affeb3c24383;c42e2d5e-b9cd-59ce-b345-67adbd74a83a;BPA-CLE-201330;18af6c5d-3d9d-5929-8c15-318c700b1c9a;4500300265;5000300265;TICKET_NUMBER;FUELCLE;400000;MATCHED;0.00;0.00;NONE;4f5173e3-0240-55fb-b162-19a499a4a64e;2709.22;1.6097;4360.91;WITHIN;
fe3eea80-5974-5eca-89bd-664c0cea9f6e;2b92b341-6579-51e8-904f-ca3de6f6b695;40;013573ad-8e1e-50ab-bfd5-140b70dbab8b;Jet A into-plane CLE B62040 24Sep N3296J;4500300332;00010;3483.000;LTR;1.3006;4529.99;U1;40.49;c2e84cc6-2cbc-5204-b25b-768c01bb8744;a14c5e3f-e34f-5f9a-8ecc-9bfeb8a2c9b2;BPA-CLE-201331;3865d026-2625-5afe-a013-5fd797828c94;4500300332;5000300332;TICKET_NUMBER;FUELCLE;400000;MATCHED;0.00;0.00;NONE;d001fb88-4955-553c-9aaa-80ddaec377fa;2816.7;1.6083;4529.99;WITHIN;
b0fcaea4-6797-5f23-bfe6-c205a25a5f36;2b92b341-6579-51e8-904f-ca3de6f6b695;50;013573ad-8e1e-50ab-bfd5-140b70dbab8b;Jet A into-plane CLE B6640 24Sep N3221J;4500300634;00010;4693.000;LTR;1.3006;6103.72;U1;54.55;8a92e4ed-bb22-5156-b74c-63fb489ba74d;a48d0dd8-d3e3-55e2-9f5e-95896b46c07f;BPA-CLE-201334;a01372de-d32c-5aec-b540-d156c340becf;4500300634;5000300634;TICKET_NUMBER;FUELCLE;400000;MATCHED;0.00;0.00;NONE;535b0548-8ee6-5c40-be2e-565c3cf0f959;3789.13;1.6108;6103.72;WITHIN;
f2b87c07-7774-5991-803f-dfc58c12dd6f;2b92b341-6579-51e8-904f-ca3de6f6b695;60;013573ad-8e1e-50ab-bfd5-140b70dbab8b;Jet A into-plane CLE B62769 25Sep N3267J;4500300767;00010;3472.000;LTR;1.3112;4552.49;U1;40.36;cc50c0c9-f48f-5876-bf69-271d1a9fcd00;616d9019-72ff-514a-8c25-9e0a8d6adf99;BPA-CLE-201335;5a997faa-9930-5bcf-8c23-95e948a10c48;4500300767;5000300767;TICKET_NUMBER;FUELCLE;400000;MATCHED;0.00;0.00;NONE;f6c937cb-aa38-59b9-94bf-ab57533c5910;2776.21;1.6398;4552.49;WITHIN;
4c7df041-140b-51e6-9cdc-cafa78d4dcb9;2b92b341-6579-51e8-904f-ca3de6f6b695;70;013573ad-8e1e-50ab-bfd5-140b70dbab8b;Jet A into-plane CLE B62289 25Sep N3145J;4500300796;00010;6112.000;LTR;1.3112;8014.05;U1;71.05;9f2ab52b-d946-54e8-aefc-430231c40631;4be0168b-a3ae-588c-a8db-695b6cd2434a;BPA-CLE-201338;73186f32-ecd8-5b74-884e-fc9ca7f3444a;4500300796;5000300796;TICKET_NUMBER;FUELCLE;400000;MATCHED;0.00;0.00;NONE;d943d87a-2b50-57f3-aa2b-e083d635507b;4885.93;1.6402;8014.05;WITHIN;
5c816654-bfa9-51fa-b144-1f5392cdeb9f;2b92b341-6579-51e8-904f-ca3de6f6b695;80;013573ad-8e1e-50ab-bfd5-140b70dbab8b;Jet A into-plane CLE B61340 25Sep N3304J;4500300898;00010;2703.000;LTR;1.3112;3544.17;U1;31.42;d73afd40-10ce-5d80-beed-fb6ca7a160c9;d6443cbe-74c7-5a28-8551-e2d9efdd8a01;BPA-CLE-201341;2f3b0d02-81da-5025-ab4f-156a01fcf414;4500300898;5000300898;TICKET_NUMBER;FUELCLE;400000;MATCHED;0.00;0.00;NONE;1a64169a-9f55-5e01-9210-e684b0d6c777;2159.16;1.6415;3544.17;WITHIN;
62e3d992-0c36-5dd5-986f-d7109d3d9767;2b92b341-6579-51e8-904f-ca3de6f6b695;90;013573ad-8e1e-50ab-bfd5-140b70dbab8b;Jet A into-plane CLE B62040 25Sep N3157J;4500300979;00010;2601.000;LTR;1.3112;3410.43;U1;30.23;b0837bc2-bb83-5e60-ae60-f70790d0fe4a;8eeacb74-3307-5279-ae9c-57a6eb63912c;BPA-CLE-201343;0a9b442c-371a-55d4-86f5-a48d47472bcc;4500300979;5000300979;TICKET_NUMBER;FUELCLE;400000;MATCHED;0.00;0.00;NONE;c24b9ab7-aebd-57ec-98ac-3f5ddddd15ea;2072.74;1.6454;3410.43;WITHIN;
80ee99db-cb8b-581f-bb04-2e60b0bc529b;2b92b341-6579-51e8-904f-ca3de6f6b695;100;013573ad-8e1e-50ab-bfd5-140b70dbab8b;Jet A into-plane CLE B6640 25Sep N3157J;4500301200;00010;4621.000;LTR;1.3112;6059.06;U1;53.71;9178a6ea-6d0f-57e0-ba1b-e6fd662d3389;ce195f17-6263-50ae-a983-66b94c749941;BPA-CLE-201345;d69c8555-7d07-55ca-9dfd-998040bc381b;4500301200;5000301200;TICKET_NUMBER;FUELCLE;400000;MATCHED;0.00;0.00;NONE;59a4fc44-66b6-5488-8946-2cf05e5a49ff;3685.71;1.6439;6059.06;WITHIN;
74d9a411-7341-5d9e-99bb-39255944575e;2b92b341-6579-51e8-904f-ca3de6f6b695;110;013573ad-8e1e-50ab-bfd5-140b70dbab8b;Jet A into-plane CLE B62769 26Sep N3115J;4500301389;00010;2830.000;LTR;1.3191;3733.05;U1;32.90;3ddd3198-6212-548f-8a81-a5e676fb0ea0;9146ec0d-4edb-54d8-8995-c37278c00cd2;BPA-CLE-201347;a0c6475f-08e5-5442-9870-d9ef667d6d7f;4500301389;5000301389;TICKET_NUMBER;FUELCLE;400000;MATCHED;0.00;0.00;NONE;5070bdb4-2a6b-59bb-9575-ea7f0d9daf06;2254.09;1.6561;3733.05;WITHIN;
5425f83e-6464-506a-be69-c8847ae278a4;2b92b341-6579-51e8-904f-ca3de6f6b695;120;013573ad-8e1e-50ab-bfd5-140b70dbab8b;Jet A into-plane CLE B62289 26Sep N3145J;4500301431;00010;5856.000;LTR;1.3191;7724.65;U1;68.07;d1e0a067-06d3-59a3-8a3e-81e3d85e0332;13c16594-dc49-580c-90b8-263fe09cfe56;BPA-CLE-201349;98f45795-67d2-5c1d-b462-9a1cfbb82d80;4500301431;5000301431;TICKET_NUMBER;FUELCLE;400000;MATCHED;0.00;0.00;NONE;1817bb0e-fd07-5bc6-afd4-ee19ed214646;4689.48;1.6472;7724.65;WITHIN;
c7127b0f-2d6f-5358-a81e-87a503f9026b;2b92b341-6579-51e8-904f-ca3de6f6b695;130;013573ad-8e1e-50ab-bfd5-140b70dbab8b;Jet A into-plane CLE B61340 26Sep N3289J;4500301520;00010;4642.000;LTR;1.3191;6123.26;U1;53.96;e7136776-e848-5eac-8891-5b5986a3d70e;5b2ee05b-bdb5-51ee-a94b-105c1906657d;BPA-CLE-201352;27bfc106-2ee2-5db2-97d5-f6f354437bbb;4500301520;5000301520;TICKET_NUMBER;FUELCLE;400000;MATCHED;0.00;0.00;NONE;dd2d7c46-6804-52f6-99ca-3cf730c39309;3705.71;1.6524;6123.26;WITHIN;
2a963b39-b82f-5b73-9d05-1f87af832277;5d4c3a39-970e-5a17-abef-40dcf0185703;10;013573ad-8e1e-50ab-bfd5-140b70dbab8b;Jet A into-plane CLT B6848 24Sep N706JB;4500300229;00010;4532.000;LTR;1.2712;5761.08;U1;52.68;aa2a1c62-c290-5f89-83d7-716b24b066d5;17eb3b9a-4dfc-5036-b70b-35af6f58bfab;WFS-CLT-174242;675a02b2-2325-5e79-aca0-9f5091b9e915;4500300229;5000300229;TICKET_NUMBER;FUELCLT;400000;MATCHED;0.00;0.00;NONE;c1efed74-f22d-5ecc-a7df-35bba62be2d0;3644.63;1.5807;5761.08;WITHIN;
72f893e9-8ec4-5f83-896c-a304b95a56e2;5d4c3a39-970e-5a17-abef-40dcf0185703;20;013573ad-8e1e-50ab-bfd5-140b70dbab8b;Jet A into-plane CLT B61148 24Sep N643JB;4500300443;00010;5121.000;LTR;1.2712;6509.82;U1;59.53;015356cf-5099-59b4-a174-cab07c2af201;52965c72-da45-5d05-b2ce-154a69b271a3;WFS-CLT-174243;2e6bcbfa-9c32-52f4-94f6-bf0b9d1ee09c;4500300443;5000300443;TICKET_NUMBER;FUELCLT;400000;MATCHED;0.00;0.00;NONE;b1e1b522-71b4-53f3-bd77-c3a9fb9a3829;4107.55;1.5848;6509.82;WITHIN;
97bafa9e-4492-521e-8a33-e645622823c1;5d4c3a39-970e-5a17-abef-40dcf0185703;30;013573ad-8e1e-50ab-bfd5-140b70dbab8b;Jet A into-plane CLT B61148 25Sep N508JL;4500301102;00010;3909.000;LTR;1.2818;5010.56;U1;45.44;84755adb-631a-5a05-83d7-6960c8552c33;b078037a-fd63-5b2e-ad36-b12cecc80ef3;WFS-CLT-174249;6c6c4319-675d-5a30-9284-2515d59d79dd;4500301102;5000301102;TICKET_NUMBER;FUELCLT;400000;MATCHED;0.00;0.00;NONE;96bca366-aae1-5ac8-959b-9e0027179745;3151.04;1.5901;5010.56;WITHIN;
338dd7fb-4eec-5355-adbb-75deea182027;5d4c3a39-970e-5a17-abef-40dcf0185703;40;013573ad-8e1e-50ab-bfd5-140b70dbab8b;Jet A into-plane CLT B6848 26Sep N768JB;4500301497;00010;5728.000;LTR;1.2897;7387.40;U1;66.58;5574e0d7-110b-5c1a-9255-dac54a61429b;aea5b382-722d-59df-8adf-26cbd91588da;WFS-CLT-174252;7e28ae42-45f8-5886-b196-cfe628248ee8;4500301497;5000301497;TICKET_NUMBER;FUELCLT;400000;MATCHED;0.00;0.00;NONE;602c4bb7-0d49-5783-997e-6ddd4df4317d;4557.77;1.6208;7387.4;WITHIN;
f6961ed5-2a87-553c-a20a-9742e95ad615;a03b826d-6538-5f19-b46d-7b6b2890fc57;10;c3d4e5f6-3333-4000-8000-000000000001;Jet A into-plane CUN B61014 25Sep N608JB;4500301184;00010;4926.000;LTR;1.3963;6878.17;V0;0.00;d92d18ec-3255-5e68-9d3d-7b518e7a04c4;550bef4a-8e82-5175-b885-c66b2ac28ec2;ASA-CUN-110384;1a244a8c-3276-5b8b-9bf9-f4aac6b7c1f8;4500301184;5000301184;TICKET_NUMBER;FUELCUN;400000;MATCHED;0.00;0.00;NONE;7f7f6833-d135-52c7-8506-b15457fe7413;3904.84;1.7614;6878.17;WITHIN;
5f295213-cf7d-5b5d-b853-51120cff6067;c63a09f0-e063-5b6f-ba22-a51bbca6bcb0;10;013573ad-8e1e-50ab-bfd5-140b70dbab8b;Jet A into-plane DCA B62754 23Sep N3115J;4500300020;00010;2445.000;LTR;1.2972;3171.65;U1;28.42;a2e13ecf-f510-5224-a387-c4fc32600eab;7b4f7306-760c-5761-af48-87564c476236;BPA-DCA-429136;d92d7a85-311c-5cf8-b7ca-ba380f56eee4;4500300020;5000300020;TICKET_NUMBER;FUELDCA;400000;MATCHED;0.00;0.00;NONE;997b5b8d-973f-5cfc-8f7d-bcb2898a76ad;1970.91;1.6092;3171.65;WITHIN;
cf9aebd3-7e9d-509d-ab55-0ea18d792e0e;c63a09f0-e063-5b6f-ba22-a51bbca6bcb0;20;013573ad-8e1e-50ab-bfd5-140b70dbab8b;Jet A into-plane DCA B61854 23Sep N3260J;4500300056;00010;1607.000;LTR;1.2972;2084.60;U1;18.68;5c8c6480-5e25-5a13-ba1a-ae6a8ac1d0e3;dcda272f-d05c-5719-8994-d2acf2a28860;BPA-DCA-429138;e0ba3394-7a1d-517e-86f9-ca64bc81c672;4500300056;5000300056;TICKET_NUMBER;FUELDCA;400000;MATCHED;0.00;0.00;NONE;5fdb1bd4-a9f2-5ab8-9193-22a8b4fa9c74;1295.4;1.6092;2084.6;WITHIN;
f88f4a72-ed35-5d9c-9887-d73d9a2ac5eb;c63a09f0-e063-5b6f-ba22-a51bbca6bcb0;30;013573ad-8e1e-50ab-bfd5-140b70dbab8b;Jet A into-plane DCA B6379 24Sep N552JB;4500300117;00010;6423.000;LTR;1.3051;8382.66;U1;74.66;ccc389dc-452e-5337-87bc-bb0dfc19ccd5;74f04e5d-0ea6-5f4a-b73d-de0b8de9f2ad;BPA-DCA-429140;41f3611b-5a18-5b94-b727-9fb312b26c78;4500300117;5000300117;TICKET_NUMBER;FUELDCA;400000;MATCHED;0.00;0.00;NONE;acd75406-aa8c-54db-adb3-105238196da6;5120.42;1.6371;8382.66;WITHIN;
ad6340d8-43c0-5044-989d-54fc1e6cd6f4;c63a09f0-e063-5b6f-ba22-a51bbca6bcb0;40;013573ad-8e1e-50ab-bfd5-140b70dbab8b;Jet A into-plane DCA B6254 24Sep N3149J;4500300133;00010;1227.000;LTR;1.3051;1601.36;U1;14.26;fc739723-ebb9-521c-a0dd-69fe4d64b19a;163246ff-922a-50c0-81e2-f2fcac48876d;BPA-DCA-429142;4542101e-81d7-53a2-9e7e-01a102606bca;4500300133;5000300133;TICKET_NUMBER;FUELDCA;400000;MATCHED;0.00;0.00;NONE;f2f823de-c7d2-5ce7-845b-14d06fbfa5f6;980.62;1.633;1601.36;WITHIN;
f4268261-f51f-565d-bf8c-a0d464453fd8;c63a09f0-e063-5b6f-ba22-a51bbca6bcb0;50;013573ad-8e1e-50ab-bfd5-140b70dbab8b;Jet A into-plane DCA B62423 24Sep N590JB;4500300169;00010;4498.000;LTR;1.3051;5870.34;U1;52.28;ede71bf6-bcd6-59aa-9a70-0089511580fe;d51c4b91-43a7-500d-bd35-e975fad68971;BPA-DCA-429143;cca0e61f-635b-50d6-b8ee-ef3b2492b7e3;4500300169;5000300169;TICKET_NUMBER;FUELDCA;400000;MATCHED;0.00;0.00;NONE;5a09bf69-fa3c-560a-a187-1b9d1ba01e7b;3580.86;1.6394;5870.34;WITHIN;
7fd8f2f6-19ea-5782-9c3e-fa48afa52ab1;c63a09f0-e063-5b6f-ba22-a51bbca6bcb0;60;013573ad-8e1e-50ab-bfd5-140b70dbab8b;Jet A into-plane DCA B6579 24Sep N3267J;4500300197;00010;5831.000;LTR;1.3051;7610.04;U1;67.78;caff1745-e16d-50eb-a4de-973e7a404a85;b8cf02cc-f98f-5b8d-a133-6fe804a37679;BPA-DCA-429146;be6cddf4-a0d1-5651-b2c2-2bc89daaadff;4500300197;5000300197;TICKET_NUMBER;FUELDCA;400000;MATCHED;0.00;0.00;NONE;77356f5e-c7f8-58ff-9009-9af92dbacc01;4646.72;1.6377;7610.04;WITHIN;
69c30285-c970-514c-9184-9f06224e6cc0;c63a09f0-e063-5b6f-ba22-a51bbca6bcb0;70;013573ad-8e1e-50ab-bfd5-140b70dbab8b;Jet A into-plane DCA B6554 24Sep N3284J;4500300237;00010;2801.000;LTR;1.3051;3655.59;U1;32.56;b7d93154-ad8f-5d06-aeaa-d3b8ff40901a;b2238a3f-5cf4-5d5d-85e9-9d852515660d;BPA-DCA-429148;22830046-190e-58e8-ac19-11b92af39732;4500300237;5000300237;TICKET_NUMBER;FUELDCA;400000;MATCHED;0.00;0.00;NONE;a5b209e2-f6b0-507a-876d-4ecd83805b03;2235.2;1.6355;3655.59;WITHIN;
7dd37d05-7122-57e7-af84-6ec85ba6fc5e;c63a09f0-e063-5b6f-ba22-a51bbca6bcb0;80;013573ad-8e1e-50ab-bfd5-140b70dbab8b;Jet A into-plane DCA B62433 24Sep N649JB;4500300304;00010;6961.000;LTR;1.3051;9084.80;U1;80.91;e2c1f3f1-700c-5bdf-926f-b9f0a00baa8b;e0b59085-92a5-5299-b79c-fb0e95ecdedd;BPA-DCA-429150;36cb5010-f66f-5813-bc1d-546f90f27bb5;4500300304;5000300304;TICKET_NUMBER;FUELDCA;400000;MATCHED;0.00;0.00;NONE;b76fed41-c075-5b7e-8902-0db666f1e6a7;5570.19;1.631;9084.8;WITHIN;
84f44bb1-027d-5f54-bf86-35ccb55fdc0f;c63a09f0-e063-5b6f-ba22-a51bbca6bcb0;90;013573ad-8e1e-50ab-bfd5-140b70dbab8b;Jet A into-plane DCA B62454 24Sep N3065J;4500300318;00010;1732.000;LTR;1.3051;2260.43;U1;20.13;159cf643-46f8-5302-9cb7-cc136d90b78e;c71566a7-4ea1-5c3c-8225-f4fb2b4d9eba;BPA-DCA-429153;fc5a19f9-816b-5d2b-a4b5-6056b71a56da;4500300318;5000300318;TICKET_NUMBER;FUELDCA;400000;MATCHED;0.00;0.00;NONE;1779f7df-1daf-5871-8593-a1a75035768b;1382.14;1.6355;2260.43;WITHIN;
b900a1fb-2d61-5dcc-b2ad-52b82f5dac52;c63a09f0-e063-5b6f-ba22-a51bbca6bcb0;100;013573ad-8e1e-50ab-bfd5-140b70dbab8b;Jet A into-plane DCA B6754 24Sep N3221J;4500300416;00010;3803.000;LTR;1.3051;4963.30;U1;44.21;98e5b999-239d-5548-82f7-febdc98b51d6;e428eb22-c6dc-588f-b2d2-6d59d0ea417b;BPA-DCA-429154;5cc178dd-a027-5096-b56f-0318dab5dd0c;4500300416;5000300416;TICKET_NUMBER;FUELDCA;400000;MATCHED;0.00;0.00;NONE;f563864b-07a3-577c-8478-beda6e6eadd0;3027.95;1.6392;4963.3;WITHIN;
745a5128-cf2d-508e-9b29-42f7b794f5a9;c63a09f0-e063-5b6f-ba22-a51bbca6bcb0;110;013573ad-8e1e-50ab-bfd5-140b70dbab8b;Jet A into-plane DCA B61254 24Sep N3195J;4500300449;00010;1713.000;LTR;1.3051;2235.64;U1;19.91;ec60d15f-3895-5ad6-b2fb-43a24ddb80fc;c971109e-6b28-58d0-8566-49ece7c80e3b;BPA-DCA-429157;f7d18abd-cc15-55fd-b15e-16c0b19db365;4500300449;5000300449;TICKET_NUMBER;FUELDCA;400000;MATCHED;0.00;0.00;NONE;82c7348b-73c3-5631-a8da-251c37c7fe40;1369.03;1.633;2235.64;WITHIN;
cd1c1793-a78f-57f6-ae8c-1eef594d43a0;c63a09f0-e063-5b6f-ba22-a51bbca6bcb0;120;013573ad-8e1e-50ab-bfd5-140b70dbab8b;Jet A into-plane DCA B62494 24Sep N3298J;4500300486;00010;2403.000;LTR;1.3051;3136.16;U1;27.93;4e990166-96fc-51a1-a217-f8832d61e516;f18b2b0a-3053-5f03-896b-9ef1f93bd14e;BPA-DCA-429158;b802dcb9-694e-56e0-964f-d099d4aeea49;4500300486;5000300486;TICKET_NUMBER;FUELDCA;400000;MATCHED;0.00;0.00;NONE;e7014e3a-53ba-5eca-94a1-aab23815f6ec;1921.44;1.6322;3136.16;WITHIN;
cfde8eb4-d7b2-5d6c-af43-6ca4fc045f72;c63a09f0-e063-5b6f-ba22-a51bbca6bcb0;130;013573ad-8e1e-50ab-bfd5-140b70dbab8b;Jet A into-plane DCA B61579 24Sep N3145J;4500300494;00010;5540.000;LTR;1.3051;7230.25;U1;64.40;4b12a022-da86-5c67-8d1c-e216b148045d;297e1ace-b45e-5fa7-9d2e-3e887b112650;BPA-DCA-429160;1ab14bc9-f00a-5e75-b46c-e91a34874668;4500300494;5000300494;TICKET_NUMBER;FUELDCA;400000;MATCHED;0.00;0.00;NONE;eadaccb7-ea46-572a-bf4e-844ee78a4f24;4433.66;1.6308;7230.25;WITHIN;
25b42052-4e41-509d-b74d-6afa138e7d29;c63a09f0-e063-5b6f-ba22-a51bbca6bcb0;140;013573ad-8e1e-50ab-bfd5-140b70dbab8b;Jet A into-plane DCA B61354 24Sep N3196J;4500300511;00010;1922.000;LTR;1.3051;2508.40;U1;22.34;be76fff4-3baa-5b69-9106-a0e5dd75f9b8;e36a80f4-d9d7-50f8-a014-15f03ffa279c;BPA-DCA-429162;f5f87bf7-2bb4-5a7e-98de-356beec1c9a4;4500300511;5000300511;TICKET_NUMBER;FUELDCA;400000;MATCHED;0.00;0.00;NONE;2d89ca90-9783-59f3-8cbd-fe67c4e48e32;1531.64;1.6377;2508.4;WITHIN;
c13e5c00-087a-5231-b729-28861e05d44d;c63a09f0-e063-5b6f-ba22-a51bbca6bcb0;150;013573ad-8e1e-50ab-bfd5-140b70dbab8b;Jet A into-plane DCA B623 24Sep N3260J;4500300578;00010;4875.000;LTR;1.3051;6362.36;U1;56.67;029cbdb4-0445-52b1-a495-ab13208a728e;6176b768-52e4-5ed0-9a4d-a08dde1ffd5d;BPA-DCA-429163;52b48e74-383c-52f2-a487-e7264bf73e78;4500300578;5000300578;TICKET_NUMBER;FUELDCA;400000;MATCHED;0.00;0.00;NONE;d4c8e454-cd64-5f94-8198-08fe5450108e;3879.52;1.64;6362.36;WITHIN;
0f06e5d1-a0cd-5349-affc-ac62acab1b15;c63a09f0-e063-5b6f-ba22-a51bbca6bcb0;160;013573ad-8e1e-50ab-bfd5-140b70dbab8b;Jet A into-plane DCA B62523 24Sep N712JB;4500300580;00010;5626.000;LTR;1.3051;7342.49;U1;65.40;74573518-96f4-5da1-959a-246f9fc6359a;8ff21d90-f91e-57f2-ac13-ad2ba9fbc021;BPA-DCA-429166;49b35fcd-67c5-5512-b85f-1e21abad87a3;4500300580;5000300580;TICKET_NUMBER;FUELDCA;400000;MATCHED;0.00;0.00;NONE;4b860dcb-e676-5333-a502-c871cb82633a;4495.17;1.6334;7342.49;WITHIN;
afea7bec-e165-59c9-93c8-23e09c938927;c63a09f0-e063-5b6f-ba22-a51bbca6bcb0;170;013573ad-8e1e-50ab-bfd5-140b70dbab8b;Jet A into-plane DCA B61979 24Sep N649JB;4500300614;00010;6886.000;LTR;1.3051;8986.92;U1;80.04;1d54b5a6-9045-5e70-a437-117bb6cd8ef0;5b0193a1-fca7-572e-aace-09a2d55281f6;BPA-DCA-429167;5c3d7c6d-130f-50c0-a3da-9be21b388cf1;4500300614;5000300614;TICKET_NUMBER;FUELDCA;400000;MATCHED;0.00;0.00;NONE;53423d1b-dba6-5c5b-8cb8-9f958a40b3bd;5506.05;1.6322;8986.92;WITHIN;
396655dc-d993-5670-84ec-5a583161751c;c63a09f0-e063-5b6f-ba22-a51bbca6bcb0;180;013573ad-8e1e-50ab-bfd5-140b70dbab8b;Jet A into-plane DCA B62954 24Sep N3241J;4500300620;00010;3791.000;LTR;1.3051;4947.63;U1;44.07;77b31927-a907-5ee2-9bfc-875f39b42206;08327a3f-288c-52e0-b579-0c012410a70c;BPA-DCA-429170;304a8ff0-eaaa-5b8a-96f1-13005431dc27;4500300620;5000300620;TICKET_NUMBER;FUELDCA;400000;MATCHED;0.00;0.00;NONE;aef9630a-7cb2-507e-957f-78cdf693fcb7;3018.02;1.6394;4947.63;WITHIN;
5c6d029f-fd60-5084-a6c5-ed9f708729c0;c63a09f0-e063-5b6f-ba22-a51bbca6bcb0;190;013573ad-8e1e-50ab-bfd5-140b70dbab8b;Jet A into-plane DCA B62754 24Sep N3195J;4500300641;00010;3328.000;LTR;1.3051;4343.37;U1;38.68;62cb834c-239c-5d2a-a929-3c419b1ac84f;fb432a07-e8bb-5f0e-910b-616fa8ad472f;BPA-DCA-429171;ab915323-c424-5b28-91bd-907018694c00;4500300641;5000300641;TICKET_NUMBER;FUELDCA;400000;MATCHED;0.00;0.00;NONE;5ac516bf-a9a0-518e-b08a-a88f186d4421;2661.07;1.6322;4343.37;WITHIN;
783844e7-8883-5c54-9839-c4970153c676;c63a09f0-e063-5b6f-ba22-a51bbca6bcb0;200;013573ad-8e1e-50ab-bfd5-140b70dbab8b;Jet A into-plane DCA B61854 24Sep N3152J;4500300684;00010;3095.000;LTR;1.3051;4039.28;U1;35.98;329e4eab-4b98-5239-a377-7f3427b68dad;6a3a710a-7820-5820-8606-d81890927eb0;BPA-DCA-429172;e133c6d9-5101-52d9-a883-c31cc88aa83d;4500300684;5000300684;TICKET_NUMBER;FUELDCA;400000;MATCHED;0.00;0.00;NONE;b794e958-8db0-52d2-83f3-6968ff1b52a5;2473.52;1.633;4039.28;WITHIN;
0b5e1d31-0331-5f24-9750-9dcb79cc6ff2;c63a09f0-e063-5b6f-ba22-a51bbca6bcb0;210;013573ad-8e1e-50ab-bfd5-140b70dbab8b;Jet A into-plane DCA B6379 25Sep N709JB;4500300764;00010;6101.000;LTR;1.3157;8027.09;U1;70.92;5ebd11e1-e943-5c2e-84cf-98a868e672e9;48154a0b-2df0-593f-b5cb-0d54dab97054;BPA-DCA-429174;18eb8f0d-296d-5330-8a03-a207d2a5bc39;4500300764;5000300764;TICKET_NUMBER;FUELDCA;400000;MATCHED;0.00;0.00;NONE;b11fda3e-c9df-5808-a37d-6a4d35954726;4867.38;1.6492;8027.09;WITHIN;
569c045d-8281-511c-bcb0-4faf6881bd22;c63a09f0-e063-5b6f-ba22-a51bbca6bcb0;220;013573ad-8e1e-50ab-bfd5-140b70dbab8b;Jet A into-plane DCA B6254 25Sep N3310J;4500300779;00010;2285.000;LTR;1.3157;3006.37;U1;26.56;c33475cf-ada2-5dcd-b36a-b2372f1e0c22;94f9525e-8ab1-50ca-b71e-06c1524077e9;BPA-DCA-429175;2cf44d3e-f640-58f9-b1d2-4bc7ad931e1c;4500300779;5000300779;TICKET_NUMBER;FUELDCA;400000;MATCHED;0.00;0.00;NONE;9e141bfe-6889-5426-9dfe-07a66b65b4ce;1824.34;1.6479;3006.37;WITHIN;
c9232d10-f551-52a1-8893-f0be0b695367;c63a09f0-e063-5b6f-ba22-a51bbca6bcb0;230;013573ad-8e1e-50ab-bfd5-140b70dbab8b;Jet A into-plane DCA B62423 25Sep N708JB;4500300818;00010;5692.000;LTR;1.3157;7488.96;U1;66.16;e1e9b08a-8dd3-5b59-8f45-6ca21a12ed44;41dedc61-5b55-529e-bcfc-3f8ca1f80a3e;BPA-DCA-429177;e0c6dbb6-0132-5cf7-bcf1-ea07715371ba;4500300818;5000300818;TICKET_NUMBER;FUELDCA;400000;MATCHED;0.00;0.00;NONE;a2350bbb-1ca7-5aa4-9dcb-99cf2908d99d;4539.94;1.6496;7488.96;WITHIN;
c204a05e-7ad6-5c6f-b24a-9b1b7490ba80;c63a09f0-e063-5b6f-ba22-a51bbca6bcb0;240;013573ad-8e1e-50ab-bfd5-140b70dbab8b;Jet A into-plane DCA B6579 25Sep N3162J;4500300835;00010;5394.000;LTR;1.3157;7096.89;U1;62.70;9f648cb5-cacf-5000-a633-636ba69cddc2;207d0267-9d48-522d-aea4-f6c2f5e0bf46;BPA-DCA-429178;20ab6ad5-b929-532d-8d6e-364402b16f7e;4500300835;5000300835;TICKET_NUMBER;FUELDCA;400000;MATCHED;0.00;0.00;NONE;14099efd-23ee-51b7-8635-1b951eec7821;4302.25;1.6496;7096.89;WITHIN;
428e6deb-a46c-5f99-8b2b-772d7d370f3d;c63a09f0-e063-5b6f-ba22-a51bbca6bcb0;250;013573ad-8e1e-50ab-bfd5-140b70dbab8b;Jet A into-plane DCA B61347 25Sep N627JB;4500300852;00010;11838.000;LTR;1.3157;15575.26;U1;137.60;8d1d8e1e-db8a-531f-ba95-898ca731e8cb;91d22a52-f88d-5f36-88ff-9417bd6598bc;BPA-DCA-429179;ade33be3-b684-5879-8ffc-9a3f322e0a38;4500300852;5000300852;TICKET_NUMBER;FUELDCA;400000;MATCHED;0.00;0.00;NONE;e6ad02cb-5b9d-5e66-b724-9b7920d56395;9458.56;1.6467;15575.26;WITHIN;
8d9f0a02-6f58-536f-8b08-9d2f61b7ccf7;c63a09f0-e063-5b6f-ba22-a51bbca6bcb0;260;013573ad-8e1e-50ab-bfd5-140b70dbab8b;Jet A into-plane DCA B62433 25Sep N613JB;4500300963;00010;5672.000;LTR;1.3157;7462.65;U1;65.93;84d51774-f229-5012-9bd3-4f0134621fc0;a0c47e30-f5c5-5bc2-a337-9d494cf3e74f;BPA-DCA-429182;dda0155e-2740-526f-9212-9024bea1a36c;4500300963;5000300963;TICKET_NUMBER;FUELDCA;400000;MATCHED;0.00;0.00;NONE;50255cf4-cc18-5910-81fd-a910b62c1a8d;4521.72;1.6504;7462.65;WITHIN;
89ab2506-b451-5481-aa91-6c0515f53e50;c63a09f0-e063-5b6f-ba22-a51bbca6bcb0;270;013573ad-8e1e-50ab-bfd5-140b70dbab8b;Jet A into-plane DCA B62454 25Sep N3065J;4500300970;00010;4041.000;LTR;1.3157;5316.74;U1;46.97;b543a3e1-bd1a-5984-a296-7e827de10cea;6619832b-1677-5a6d-bd9d-da38d0bcfcbd;BPA-DCA-429183;101c8552-53b5-5093-8abc-ccacc6aa181e;4500300970;5000300970;TICKET_NUMBER;FUELDCA;400000;MATCHED;0.00;0.00;NONE;b00b14d5-fd69-5085-96a8-c7527e304810;3229.57;1.6463;5316.74;WITHIN;
213c00e3-7eeb-59ac-8f69-c6c732fef12a;c63a09f0-e063-5b6f-ba22-a51bbca6bcb0;280;013573ad-8e1e-50ab-bfd5-140b70dbab8b;Jet A into-plane DCA B61923 25Sep N657JB;4500301008;00010;5884.000;LTR;1.3157;7741.58;U1;68.40;5a146270-61bc-547e-95eb-ea215650a03f;2704449e-33ef-5bb4-9559-825b69e08e41;BPA-DCA-429184;0d493dea-c3cf-5479-a98e-a466620e7e7d;4500301008;5000301008;TICKET_NUMBER;FUELDCA;400000;MATCHED;0.00;0.00;NONE;8b72295b-fefd-5737-ad14-db68c687943b;4700.73;1.6469;7741.58;WITHIN;
cfd14970-071e-564f-8640-9000de540217;c63a09f0-e063-5b6f-ba22-a51bbca6bcb0;290;013573ad-8e1e-50ab-bfd5-140b70dbab8b;Jet A into-plane DCA B61254 25Sep N3102J;4500301037;00010;2584.000;LTR;1.3157;3399.77;U1;30.04;c2e8aad7-7bc6-5d83-9d70-69cabd559b07;49b8cf95-a03d-5790-9e30-04776c9c24a7;BPA-DCA-429185;88b3d73c-a347-51b8-944b-0c82cfacc86b;4500301037;5000301037;TICKET_NUMBER;FUELDCA;400000;MATCHED;0.00;0.00;NONE;6b921e47-b7fc-55a4-8b5d-1327d52ae703;2059.71;1.6506;3399.77;WITHIN;
906ace0a-d10a-5a3e-ad27-cf21d1525c69;c63a09f0-e063-5b6f-ba22-a51bbca6bcb0;300;013573ad-8e1e-50ab-bfd5-140b70dbab8b;Jet A into-plane DCA B61354 25Sep N3289J;4500301069;00010;2447.000;LTR;1.3157;3219.52;U1;28.44;a97500c2-6158-574e-b2bc-b8f3b5c96006;8d156921-8953-5b36-9905-f405c7655816;BPA-DCA-429186;004f34fa-e798-5dba-8154-b1dce6d51067;4500301069;5000301069;TICKET_NUMBER;FUELDCA;400000;MATCHED;0.00;0.00;NONE;e71fa26b-3f88-5fc5-9b85-6c071e7b7d7a;1950.5;1.6506;3219.52;WITHIN;
c41ab5c0-5f2a-5f04-a098-ffd37d26d9b0;c63a09f0-e063-5b6f-ba22-a51bbca6bcb0;310;013573ad-8e1e-50ab-bfd5-140b70dbab8b;Jet A into-plane DCA B61579 25Sep N3203J;4500301145;00010;4876.000;LTR;1.3157;6415.35;U1;56.68;a5ceb6c0-da84-56d0-b7e0-988307ac0307;14befa94-ffdd-5709-90b0-295dc110eae1;BPA-DCA-429188;43e83a8f-2c98-534a-bdb5-5e7616c6da05;4500301145;5000301145;TICKET_NUMBER;FUELDCA;400000;MATCHED;0.00;0.00;NONE;9f07ed0c-f25c-52b1-8cb2-e384b931adf7;3890.07;1.6492;6415.35;WITHIN;
45ac2535-0069-5f94-8c58-21f9c6a2aab6;c63a09f0-e063-5b6f-ba22-a51bbca6bcb0;320;013573ad-8e1e-50ab-bfd5-140b70dbab8b;Jet A into-plane DCA B62523 25Sep N579JB;4500301208;00010;5493.000;LTR;1.3157;7227.14;U1;63.85;7ba1b1df-6fe5-5c80-a593-8651063ee6b6;b13de854-5f46-5635-a735-c5b85fc7fa05;BPA-DCA-429189;e4e28a24-d873-5955-b640-369b7a0ed75c;4500301208;5000301208;TICKET_NUMBER;FUELDCA;400000;MATCHED;0.00;0.00;NONE;10d5d602-5dbc-5c7d-bab5-51f106c36e4e;4373.53;1.6525;7227.14;WITHIN;
80536724-ec4c-561b-8232-81313a5554a2;c63a09f0-e063-5b6f-ba22-a51bbca6bcb0;330;013573ad-8e1e-50ab-bfd5-140b70dbab8b;Jet A into-plane DCA B61979 25Sep N613JB;4500301232;00010;6212.000;LTR;1.3157;8173.13;U1;72.21;0b081cdf-b621-5403-a5f9-a810c8317bc8;c37d8986-8a4f-5e9e-8ec9-717a24e072f5;BPA-DCA-429191;781a729d-859b-5805-8c76-9ba41101a9a4;4500301232;5000301232;TICKET_NUMBER;FUELDCA;400000;MATCHED;0.00;0.00;NONE;0910ab4b-bcc0-5e2e-a60b-2c27ebf18f1d;4941.65;1.6539;8173.13;WITHIN;
bdc85f12-f59a-51db-ba26-c668ad282b3e;c63a09f0-e063-5b6f-ba22-a51bbca6bcb0;340;013573ad-8e1e-50ab-bfd5-140b70dbab8b;Jet A into-plane DCA B62754 25Sep N3196J;4500301243;00010;1279.000;LTR;1.3157;1682.78;U1;14.87;d9bce804-1da4-525f-b388-605a5ac25e42;3b062b9c-fb82-55aa-ab90-24d98db287c7;BPA-DCA-429193;9cf291fe-3da3-5a4e-b704-ecf515821f36;4500301243;5000301243;TICKET_NUMBER;FUELDCA;400000;MATCHED;0.00;0.00;NONE;a342edfe-a6be-5a90-b91c-d8f3e579eb3f;1022.3;1.6461;1682.78;WITHIN;
772373a5-5c58-5de5-864b-655c1d1e59e0;c63a09f0-e063-5b6f-ba22-a51bbca6bcb0;350;013573ad-8e1e-50ab-bfd5-140b70dbab8b;Jet A into-plane DCA B61854 25Sep N3271J;4500301308;00010;3162.000;LTR;1.3157;4160.24;U1;36.76;6a66234e-edbc-5d1c-83a0-40c86b15f652;d3988a3e-7ec4-5bc0-a980-a3031679816d;BPA-DCA-429194;e30488bb-b874-52b0-9a0b-100a5ac432f8;4500301308;5000301308;TICKET_NUMBER;FUELDCA;400000;MATCHED;0.00;0.00;NONE;2e2d8b87-d265-56ed-b26c-bbde2bdff57f;2526.44;1.6467;4160.24;WITHIN;
3d2b72be-4866-5225-84dd-a6bceea831f6;c63a09f0-e063-5b6f-ba22-a51bbca6bcb0;360;013573ad-8e1e-50ab-bfd5-140b70dbab8b;Jet A into-plane DCA B62954 25Sep N3058J;4500301344;00010;3085.000;LTR;1.3157;4058.93;U1;35.86;9cd36b8c-1b47-54c0-bb31-da2367fd4c27;8999f243-3daf-5932-8631-f2ff6a4be1b6;BPA-DCA-429195;04141a05-18ff-576d-a159-cadbcd7fbd04;4500301344;5000301344;TICKET_NUMBER;FUELDCA;400000;MATCHED;0.00;0.00;NONE;670a3193-b5a7-58d8-be21-19e59ae44e8d;2461.21;1.6492;4058.93;WITHIN;
d5751d35-0185-510e-b748-d43dea7ba9e7;c63a09f0-e063-5b6f-ba22-a51bbca6bcb0;370;013573ad-8e1e-50ab-bfd5-140b70dbab8b;Jet A into-plane DCA B6379 26Sep N559JB;4500301396;00010;5516.000;LTR;1.3236;7300.98;U1;64.12;e9272aff-3381-5cf8-b63f-067032c5b70b;46cf9608-1726-5ad9-8e2b-33d3cc556165;BPA-DCA-429197;a17065cd-f4c1-5797-bc37-b84f7a8ac381;4500301396;5000301396;TICKET_NUMBER;FUELDCA;400000;MATCHED;0.00;0.00;NONE;40eb1e52-1e13-56e6-bc6f-63112aa677b9;4424.94;1.65;7300.98;WITHIN;
9c2b5eca-394d-55d1-9859-e7b621b532db;c63a09f0-e063-5b6f-ba22-a51bbca6bcb0;380;013573ad-8e1e-50ab-bfd5-140b70dbab8b;Jet A into-plane DCA B62423 26Sep N608JB;4500301440;00010;4658.000;LTR;1.3236;6165.33;U1;54.14;ce591b02-d0a7-5c59-bc99-e71a85fcfa1f;3d4dd6d9-e956-5fd2-a0cd-cae1bbfea5ad;BPA-DCA-429200;c38522aa-097a-5a01-b81d-f324df1041c7;4500301440;5000301440;TICKET_NUMBER;FUELDCA;400000;MATCHED;0.00;0.00;NONE;3516d2cc-e4f9-5b08-bda2-0cbdf35fe828;3724.07;1.6555;6165.33;WITHIN;
6b20a646-ddad-507e-afe6-5d9330bd62d2;c63a09f0-e063-5b6f-ba22-a51bbca6bcb0;390;013573ad-8e1e-50ab-bfd5-140b70dbab8b;Jet A into-plane DCA B6579 26Sep N3118J;4500301468;00010;5541.000;LTR;1.3236;7334.07;U1;64.41;5f7845ec-4232-5ad9-ad0b-096cc0072aa9;ddf188f3-cc0e-529d-b4b5-48421b73d5a2;BPA-DCA-429201;7a203efe-8cf1-5b59-8c34-0146d85434ae;4500301468;5000301468;TICKET_NUMBER;FUELDCA;400000;MATCHED;0.00;0.00;NONE;fae742e6-04b7-5a5b-98b9-c5d2781e33be;4440.56;1.6516;7334.07;WITHIN;
cfc9d366-f32a-5e71-8016-9c6560029265;c63a09f0-e063-5b6f-ba22-a51bbca6bcb0;400;013573ad-8e1e-50ab-bfd5-140b70dbab8b;Jet A into-plane DCA B61347 26Sep N594JB;4500301486;00010;10363.000;LTR;1.3236;13716.47;U1;120.46;12235d1a-9b6c-5515-b395-325e1621a2b2;31a5fec4-f670-507d-b39d-aff67beb96dc;BPA-DCA-429203;70adc5d2-f84b-57e6-b589-7a7470a40e9d;4500301486;5000301486;TICKET_NUMBER;FUELDCA;400000;MATCHED;0.00;0.00;NONE;2e64403f-2395-508c-a9d7-43e98ff2bee7;8323.56;1.6479;13716.47;WITHIN;
eb1e96af-f0ed-5249-84cd-7defc2a103ef;c63a09f0-e063-5b6f-ba22-a51bbca6bcb0;410;013573ad-8e1e-50ab-bfd5-140b70dbab8b;Jet A into-plane DCA B61923 26Sep N655JB;4500301612;00010;5779.000;LTR;1.3236;7649.08;U1;67.18;87cc2eb9-03d6-5a3a-bb28-c0f902f8784d;207b47e4-0c21-5159-a63a-cbfc229979fa;BPA-DCA-429206;e395424e-1761-551b-ba82-9f3432c52eb5;4500301612;5000301612;TICKET_NUMBER;FUELDCA;400000;MATCHED;0.00;0.00;NONE;8673e422-e051-52f0-82fb-63bd40e360d5;4630.71;1.6518;7649.08;WITHIN;
e127c205-8716-53be-8404-d471f9ee9c5b;c63a09f0-e063-5b6f-ba22-a51bbca6bcb0;420;013573ad-8e1e-50ab-bfd5-140b70dbab8b;Jet A into-plane DCA B61254 26Sep N3322J;4500301724;00010;3146.000;LTR;1.3236;4164.05;U1;36.57;ae4aa488-71ec-5a7c-af5a-977318a2c2b9;0eb43b67-b0c6-53ff-bffa-2427bd59b1a8;BPA-DCA-429207;39ea75b5-fa51-56dc-9b8c-1ee0b4396519;4500301724;5000301724;TICKET_NUMBER;FUELDCA;400000;MATCHED;0.00;0.00;NONE;94df6c75-22d9-5f97-9dcb-c09002d17363;2528.44;1.6469;4164.05;WITHIN;
22310f6b-7424-5d3a-ba59-3ad9be1e4d49;c63a09f0-e063-5b6f-ba22-a51bbca6bcb0;430;013573ad-8e1e-50ab-bfd5-140b70dbab8b;Jet A into-plane DCA B61579 26Sep N580JB;4500301732;00010;6451.000;LTR;1.3236;8538.54;U1;74.99;04111612-987a-5be2-af6e-fa5728abd71f;7c609a22-4d47-5339-9886-816b4fa7a47c;BPA-DCA-429210;4ff973d8-6650-52f3-a33a-856d4e24e333;4500301732;5000301732;TICKET_NUMBER;FUELDCA;400000;MATCHED;0.00;0.00;NONE;1a9c2194-c2dd-5af5-837a-9131bfc497a1;5174.99;1.65;8538.54;WITHIN;
c6967a07-2cd3-557a-9e3b-d67422dbadb8;59857b65-94b7-57ab-a79c-dd80185a73c4;10;013573ad-8e1e-50ab-bfd5-140b70dbab8b;Jet A into-plane DEN B6394 24Sep N3157J;4500300504;00010;7457.000;LTR;1.2688;9461.44;U1;86.68;aa312065-97b4-554e-ad48-b90f633d4b66;50a289fd-ddc9-57b8-9df9-2703536c114d;CGA-DEN-616017;2d1bdd04-32e0-5df1-aa9c-4bae41062606;4500300504;5000300504;TICKET_NUMBER;FUELDEN;400000;MATCHED;0.00;0.00;NONE;08764e9e-ccf1-5f71-9eee-b0bb5cfcc982;6046.88;1.5647;9461.44;WITHIN;
976cb918-b40b-5c26-a40e-08ceb4af888c;59857b65-94b7-57ab-a79c-dd80185a73c4;20;013573ad-8e1e-50ab-bfd5-140b70dbab8b;Jet A into-plane DEN B61498 24Sep N3104J;4500300562;00010;8177.000;LTR;1.2688;10374.98;U1;95.05;71069ec8-775c-5f66-b312-cb3e698c1484;c261bf92-5b3c-5392-90f3-cf2be2aeb2ab;CGA-DEN-616019;56fe7469-7301-5fa9-a8ff-5eb2957a90e1;4500300562;5000300562;TICKET_NUMBER;FUELDEN;400000;MATCHED;0.00;0.00;NONE;f97af589-ddd2-569f-9233-92d59c9d9a82;6603.75;1.5711;10374.98;WITHIN;
34711baf-80c4-5c3e-a5cc-cd8f93b73a4f;59857b65-94b7-57ab-a79c-dd80185a73c4;30;013573ad-8e1e-50ab-bfd5-140b70dbab8b;Jet A into-plane DEN B6394 25Sep N3152J;4500301082;00010;12548.000;LTR;1.2793;16052.66;U1;145.86;77897fb1-d7b6-5f4c-8a36-a6920ecdef13;b6ed350c-0ccd-52e0-b2a6-2465bbdeeefb;CGA-DEN-616021;ffbbf471-7866-5aa7-bf5c-5251c2eb04fe;4500301082;5000301082;TICKET_NUMBER;FUELDEN;400000;MATCHED;0.00;0.00;NONE;0d34d920-fc6e-58da-be54-f4b5d29e2040;10165.13;1.5792;16052.66;WITHIN;
486132bc-8514-5092-9554-efe0fd50e041;59857b65-94b7-57ab-a79c-dd80185a73c4;40;013573ad-8e1e-50ab-bfd5-140b70dbab8b;Jet A into-plane DEN B61498 25Sep N3251J;4500301178;00010;8243.000;LTR;1.2793;10545.27;U1;95.82;1a95f9b7-b567-5f08-8559-e620356f75f1;59260a6d-81a6-5cce-a957-3b0c1f222098;CGA-DEN-616023;aa54fc4d-7bd3-51e4-aab4-af8223955c49;4500301178;5000301178;TICKET_NUMBER;FUELDEN;400000;MATCHED;0.00;0.00;NONE;24bfdbd4-8226-5070-88b4-5088fbe3c469;6673.53;1.5802;10545.27;WITHIN;
a5cc6136-db97-5bb2-a557-b19198734223;59857b65-94b7-57ab-a79c-dd80185a73c4;50;013573ad-8e1e-50ab-bfd5-140b70dbab8b;Jet A into-plane DEN B6394 26Sep N3132J;4500301690;00010;9277.000;LTR;1.2873;11942.28;U1;107.84;4665de93-ac02-52df-a518-6dba4578e727;673f2dcf-679d-5c4c-b390-8e8c78bcc418;CGA-DEN-616024;e4da50b9-1db4-51be-ad44-0a01dbf20aef;4500301690;5000301690;TICKET_NUMBER;FUELDEN;400000;MATCHED;0.00;0.00;NONE;63b9ee49-bc94-5b44-a0a3-f4292c01e54a;7488.39;1.5948;11942.28;WITHIN;
d97ddd77-2e11-53da-ab01-0d5df6f8014d;690aaa98-d879-572b-bbbf-bc1e63421c56;10;013573ad-8e1e-50ab-bfd5-140b70dbab8b;Jet A into-plane DFW B62282 24Sep N527JL;4500300168;00010;7866.000;LTR;1.2291;9668.10;U1;91.43;b7f7d0d7-497e-5efb-ae48-b1605cd51fa8;207010b8-7220-5d1d-849e-585ca6d10e56;CGA-DFW-294811;d5d4676c-8b7d-59da-9653-256e83326a43;4500300168;5000300168;TICKET_NUMBER;FUELDFW;400000;MATCHED;0.00;0.00;NONE;57299ba7-0a0b-522c-82ec-74e72f1f266f;6280.21;1.5395;9668.1;WITHIN;
a258cd07-1bdd-58d5-b07c-5eb7f0e1a9dc;690aaa98-d879-572b-bbbf-bc1e63421c56;20;013573ad-8e1e-50ab-bfd5-140b70dbab8b;Jet A into-plane DFW B6482 24Sep N599JB;4500300382;00010;7015.000;LTR;1.2291;8622.14;U1;81.54;c52e27b2-79b7-53de-953d-c990ae9a2eab;90052997-1a37-55eb-bad8-0c57fbe6f31e;CGA-DFW-294813;ef4d2b8d-4fb0-52bf-b74f-c5f76d7aebbd;4500300382;5000300382;TICKET_NUMBER;FUELDFW;400000;MATCHED;0.00;0.00;NONE;bcea2ffe-862e-54c6-ba84-8514cec53c26;5590.25;1.5424;8622.14;WITHIN;
abe6c12e-2978-584d-8579-9514f0a4ec6e;690aaa98-d879-572b-bbbf-bc1e63421c56;30;013573ad-8e1e-50ab-bfd5-140b70dbab8b;Jet A into-plane DFW B61882 24Sep N612JB;4500300537;00010;6721.000;LTR;1.2291;8260.78;U1;78.12;bccb95e3-8a5f-5434-8685-387b2199c38d;bb195e7e-0b8c-5888-ae18-aaee80a6c7e8;CGA-DFW-294815;8931b301-28bb-5153-99cc-d8a59eb5edd7;4500300537;5000300537;TICKET_NUMBER;FUELDFW;400000;MATCHED;0.00;0.00;NONE;090058f3-10c2-522b-84f0-d6dfc1784835;5378.14;1.536;8260.78;WITHIN;
c8c0f24e-e790-5d9b-94d1-ee54261bb9da;690aaa98-d879-572b-bbbf-bc1e63421c56;40;013573ad-8e1e-50ab-bfd5-140b70dbab8b;Jet A into-plane DFW B62282 25Sep N531JL;4500300802;00010;7876.000;LTR;1.2397;9763.88;U1;91.55;100bf9c2-7f5e-546e-aeb2-cf2772acc3e7;5fb22b02-7487-582b-bb7b-98fc8733b055;CGA-DFW-294818;5100dd5f-1608-5840-ac8b-0609c46ad9f2;4500300802;5000300802;TICKET_NUMBER;FUELDFW;400000;MATCHED;0.00;0.00;NONE;0bd46e24-357d-5969-91bf-9b0420dd3147;6263;1.559;9763.88;WITHIN;
531fdd2e-bcb8-5315-af98-f79ceddef0a1;690aaa98-d879-572b-bbbf-bc1e63421c56;50;013573ad-8e1e-50ab-bfd5-140b70dbab8b;Jet A into-plane DFW B6482 25Sep N612JB;4500301039;00010;7052.000;LTR;1.2397;8742.36;U1;81.97;1b7f6249-f00c-50cf-8744-cc5cf69f50fb;de10b37f-ddcf-5040-a5f8-a5a4ce72989a;CGA-DFW-294821;a7cac683-b88c-5838-b338-8d828b1345ed;4500301039;5000301039;TICKET_NUMBER;FUELDFW;400000;MATCHED;0.00;0.00;NONE;6f971078-a98c-5ba1-a9c8-cbfb36c9bd7d;5608.46;1.5588;8742.36;WITHIN;
671d282e-dffc-5af6-b590-46e4e4701010;690aaa98-d879-572b-bbbf-bc1e63421c56;60;013573ad-8e1e-50ab-bfd5-140b70dbab8b;Jet A into-plane DFW B61882 25Sep N640JB;4500301177;00010;6973.000;LTR;1.2397;8644.43;U1;81.05;5a354427-a252-5dc7-8a9a-c28b62107153;85ec8487-40c3-5de9-9bd8-acc7bd6e7ec5;CGA-DFW-294823;d754bea2-d2e0-50f3-b054-512c05bb1924;4500301177;5000301177;TICKET_NUMBER;FUELDFW;400000;MATCHED;0.00;0.00;NONE;94f90005-98c1-531c-a735-19e5bfaeee5f;5561.66;1.5543;8644.43;WITHIN;
b31f9a14-6a59-5623-a2b6-0a11c2afb624;690aaa98-d879-572b-bbbf-bc1e63421c56;70;013573ad-8e1e-50ab-bfd5-140b70dbab8b;Jet A into-plane DFW B62282 26Sep N794JB;4500301436;00010;7253.000;LTR;1.2476;9048.84;U1;84.31;3aad39db-53b2-5f63-af2a-b011d24afad5;bb8b9727-dc43-5a1e-aee2-fd747db4bd4f;CGA-DFW-294825;3af788cf-246b-5d47-bf22-0cee4096a753;4500301436;5000301436;TICKET_NUMBER;FUELDFW;400000;MATCHED;0.00;0.00;NONE;5178697a-a835-5a81-a8ca-a232be2e029f;5815.46;1.556;9048.84;WITHIN;
8f06d9c7-563c-5976-bcbe-751a7dec1612;690aaa98-d879-572b-bbbf-bc1e63421c56;80;013573ad-8e1e-50ab-bfd5-140b70dbab8b;Jet A into-plane DFW B6482 26Sep N659JB;4500301638;00010;6636.000;LTR;1.2476;8279.07;U1;77.14;29308c68-ef20-591f-b91e-8a5cdcc2f462;696c0576-5d34-5a82-aa2d-0f1a40bf6581;CGA-DFW-294828;91225fb0-01eb-5def-a1fc-be27f5c28cd8;4500301638;5000301638;TICKET_NUMBER;FUELDFW;400000;MATCHED;0.00;0.00;NONE;bb215245-634f-502f-acf1-89d139573e3c;5320.74;1.556;8279.07;WITHIN;
5ee59add-f88f-5dc8-9777-5f27aea305e1;690aaa98-d879-572b-bbbf-bc1e63421c56;90;013573ad-8e1e-50ab-bfd5-140b70dbab8b;Jet A into-plane DFW B61882 26Sep N625JB;4500301747;00010;6971.000;LTR;1.2476;8697.02;U1;81.03;9f096090-abf3-5f38-bab6-3e2b6b88f23a;f54cbc8d-fc3e-59d0-95d8-3fe0090652db;CGA-DFW-294830;8dfc1f46-1d54-52d4-a9c2-8911b0921a39;4500301747;5000301747;TICKET_NUMBER;FUELDFW;400000;MATCHED;0.00;0.00;NONE;650c4481-656d-58c2-866f-ac539cc35a2c;5577.5;1.5593;8697.02;WITHIN;
9913896c-5711-5947-9a12-27a7aad57d5b;690aaa98-d879-572b-bbbf-bc1e63421c56;100;013573ad-8e1e-50ab-bfd5-140b70dbab8b;Jet A into-plane DFW ticket CGA-DFW-976679;;;9045.000;LTR;1.2495;11301.73;U1;105.14;;;CGA-DFW-976679;;;;UNRESOLVED;FUELDFW;400000;EXCEPTION;0.00;;NONE;;;;;EXCEEDED;
c5d7493f-2cdc-584c-b0fa-57f20559786b;690aaa98-d879-572b-bbbf-bc1e63421c56;110;013573ad-8e1e-50ab-bfd5-140b70dbab8b;Jet A into-plane DFW ticket CGA-DFW-988507;;;8530.000;LTR;1.2601;10748.65;U1;99.15;;;CGA-DFW-988507;;;;UNRESOLVED;FUELDFW;400000;EXCEPTION;0.00;;NONE;;;;;EXCEEDED;
e7fc61fa-7d83-5534-b7bd-34ec6609f26d;314ef2ee-cc8f-5c62-a5e6-5f3f7267b58c;10;013573ad-8e1e-50ab-bfd5-140b70dbab8b;Jet A into-plane DTW B61136 23Sep N703JB;4500300018;00010;4262.000;LTR;1.2919;5506.08;U1;49.54;1b203394-3613-5443-aa4e-a6de05f237db;7be6e0c3-c391-5f1c-b6f9-726c9f920f96;BPA-DTW-753863;9abe759e-8f26-528f-9260-5e16e6357927;4500300018;5000300018;TICKET_NUMBER;FUELDTW;400000;MATCHED;0.00;0.00;NONE;901f0587-636c-52c5-b6af-21730d1635ad;3418.12;1.6109;5506.08;WITHIN;
7a2bb2f3-814f-50c5-ac3d-03dd356e773b;314ef2ee-cc8f-5c62-a5e6-5f3f7267b58c;20;013573ad-8e1e-50ab-bfd5-140b70dbab8b;Jet A into-plane DTW B61419 24Sep N568JB;4500300127;00010;4276.000;LTR;1.2998;5557.94;U1;49.70;8979b6c5-2c6d-50ed-a3d9-501810988e16;0bdfe00e-c2fa-5b7a-b046-33e8731775dd;BPA-DTW-753864;e04a342d-9498-5f1e-a434-866fa91f0ad2;4500300127;5000300127;TICKET_NUMBER;FUELDTW;400000;MATCHED;0.00;0.00;NONE;5f457e9a-3025-5c49-86a0-112f16acc003;3445.6;1.6131;5557.94;WITHIN;
68858746-0956-51c2-8fca-8b4ec5b77b9f;314ef2ee-cc8f-5c62-a5e6-5f3f7267b58c;30;013573ad-8e1e-50ab-bfd5-140b70dbab8b;Jet A into-plane DTW B62489 24Sep N520JB;4500300164;00010;7513.000;LTR;1.2998;9765.40;U1;87.33;6ff0f58a-2c83-54c9-af62-ab645cf765d5;84e893e7-417a-5082-b866-3d857f8bbc39;BPA-DTW-753865;237a1979-ec6b-58fa-947a-203b789da0c1;4500300164;5000300164;TICKET_NUMBER;FUELDTW;400000;MATCHED;0.00;0.00;NONE;ac942cb2-7799-5d9a-868c-11f76a8b0cdc;6054.73;1.6129;9765.4;WITHIN;
dec91cc1-bb55-5d73-8eac-978f36011388;314ef2ee-cc8f-5c62-a5e6-5f3f7267b58c;40;013573ad-8e1e-50ab-bfd5-140b70dbab8b;Jet A into-plane DTW B61236 24Sep N3162J;4500300195;00010;3891.000;LTR;1.2998;5057.52;U1;45.23;c713941f-756e-58d0-aee0-0dabe4c8af41;22623d49-4a07-5401-afd7-918b60f77bc7;BPA-DTW-753866;d1476351-b6d4-5144-96d1-9aa5bf609da9;4500300195;5000300195;TICKET_NUMBER;FUELDTW;400000;MATCHED;0.00;0.00;NONE;bf38e393-c188-5663-88c1-0fb09859f4da;3132.64;1.6145;5057.52;WITHIN;
b1c04702-fab3-5d4e-9261-fa8bff9c3849;314ef2ee-cc8f-5c62-a5e6-5f3f7267b58c;50;013573ad-8e1e-50ab-bfd5-140b70dbab8b;Jet A into-plane DTW B61336 24Sep N3077J;4500300344;00010;3180.000;LTR;1.2998;4133.36;U1;36.96;907fdf42-040e-5b17-975f-fddd1761df1e;3094c8bd-397a-5ca2-a830-580f95753bf6;BPA-DTW-753868;253cd26d-0ef4-591c-aa9d-42227a682421;4500300344;5000300344;TICKET_NUMBER;FUELDTW;400000;MATCHED;0.00;0.00;NONE;c1b5f6f0-b33a-5671-aa58-7dc6ad249bd0;2556.08;1.6171;4133.36;WITHIN;
aa00e270-935b-5cfc-811e-7eb82df793b1;314ef2ee-cc8f-5c62-a5e6-5f3f7267b58c;60;013573ad-8e1e-50ab-bfd5-140b70dbab8b;Jet A into-plane DTW B6789 24Sep N531JL;4500300458;00010;7663.000;LTR;1.2998;9960.37;U1;89.07;1af03fc8-7d88-5afc-812d-a8a848887724;3d64f4e2-808b-596f-adaf-a1de625204cd;BPA-DTW-753871;5af0efa4-64a8-5f7a-9689-09d5778dd8d4;4500300458;5000300458;TICKET_NUMBER;FUELDTW;400000;MATCHED;0.00;0.00;NONE;69b268d7-5140-50c7-b9bd-8f0bc658d7b1;6171.78;1.6139;9960.37;WITHIN;
2a1526d3-01d1-5363-a049-8f8b24165a17;314ef2ee-cc8f-5c62-a5e6-5f3f7267b58c;70;013573ad-8e1e-50ab-bfd5-140b70dbab8b;Jet A into-plane DTW B6819 24Sep N3276J;4500300526;00010;3937.000;LTR;1.2998;5117.31;U1;45.76;d55be1a5-ac91-5eb4-8475-d91c5ac8ea08;0ba1a0f4-a0b7-5f60-a77e-a1f518919bdd;BPA-DTW-753874;302d71b9-674c-575d-86f0-08eb9d3124d8;4500300526;5000300526;TICKET_NUMBER;FUELDTW;400000;MATCHED;0.00;0.00;NONE;1bb7eb7e-709b-558e-86ef-aca9a8128ab7;3162.99;1.6179;5117.31;WITHIN;
56304942-59e3-5ac3-aa0e-82c053fa869c;314ef2ee-cc8f-5c62-a5e6-5f3f7267b58c;80;013573ad-8e1e-50ab-bfd5-140b70dbab8b;Jet A into-plane DTW B61136 24Sep N703JB;4500300625;00010;4772.000;LTR;1.2998;6202.65;U1;55.47;f9e6a710-4d4c-550d-8481-6fb16e0a03c3;2e5de147-d48e-53c9-ac03-86bb20ac5f2d;BPA-DTW-753876;3cea92dd-6106-57d6-8d86-c79c82b9c95b;4500300625;5000300625;TICKET_NUMBER;FUELDTW;400000;MATCHED;0.00;0.00;NONE;b32fafe0-b3e3-5e59-a763-155e49d7cab8;3828.1;1.6203;6202.65;WITHIN;
bf9db866-f48d-5675-94a4-83f991834c20;314ef2ee-cc8f-5c62-a5e6-5f3f7267b58c;90;013573ad-8e1e-50ab-bfd5-140b70dbab8b;Jet A into-plane DTW B61419 25Sep N583JB;4500300763;00010;3617.000;LTR;1.3104;4739.72;U1;42.04;24380907-8e1d-535e-b372-6471d588d82a;391e2b15-540b-5673-80c8-85ee05ed2ddf;BPA-DTW-753879;5ed9ab6c-9ddd-5d82-a4f0-7d329b7aa2ca;4500300763;5000300763;TICKET_NUMBER;FUELDTW;400000;MATCHED;0.00;0.00;NONE;06dd944b-aea6-5c63-9021-1d97be1281ba;2906.98;1.6305;4739.72;WITHIN;
991191e8-fa34-5dcf-921a-bca09e694420;314ef2ee-cc8f-5c62-a5e6-5f3f7267b58c;100;013573ad-8e1e-50ab-bfd5-140b70dbab8b;Jet A into-plane DTW B62489 25Sep N766JB;4500300798;00010;7132.000;LTR;1.3104;9345.77;U1;82.90;8863a27d-de2b-5795-93a8-b0410d7c78a3;9551bd52-3f6b-5917-bcae-7027f8d97632;BPA-DTW-753880;66da51ac-a73e-594a-b298-3872902ca0e7;4500300798;5000300798;TICKET_NUMBER;FUELDTW;400000;MATCHED;0.00;0.00;NONE;a2efa7ca-092d-56d2-afc2-1f955ab9a14d;5722;1.6333;9345.77;WITHIN;
79824281-bd00-5c1f-8e11-97a257af1845;314ef2ee-cc8f-5c62-a5e6-5f3f7267b58c;110;013573ad-8e1e-50ab-bfd5-140b70dbab8b;Jet A into-plane DTW B61236 25Sep N3232J;4500300828;00010;3560.000;LTR;1.3104;4665.02;U1;41.38;4c31e60c-5365-5c1b-83d7-dde3b60b9016;14ec43ce-c314-5483-90f4-a8a8015a5ba3;BPA-DTW-753882;891fd83c-fac4-5021-9048-373f34c6a46b;4500300828;5000300828;TICKET_NUMBER;FUELDTW;400000;MATCHED;0.00;0.00;NONE;23971abf-fb4d-59db-b71e-fbc752e80032;2867.94;1.6266;4665.02;WITHIN;
6bc8633f-64d7-5d81-a607-e83c8b2a1b83;314ef2ee-cc8f-5c62-a5e6-5f3f7267b58c;120;013573ad-8e1e-50ab-bfd5-140b70dbab8b;Jet A into-plane DTW B61336 25Sep N3269J;4500301001;00010;3613.000;LTR;1.3104;4734.48;U1;42.00;b606aba4-d782-54c7-bc12-64de6dadd7b0;65b83ade-e2dd-5e40-89c6-a46b0101a248;BPA-DTW-753883;3cd1492b-35fd-5425-8d82-975c2a9e7efc;4500301001;5000301001;TICKET_NUMBER;FUELDTW;400000;MATCHED;0.00;0.00;NONE;f7babd11-a597-57be-9d7b-89e4d6488310;2908.47;1.6278;4734.48;WITHIN;
30a4fddf-3c36-542d-99dd-901dcb69a19f;314ef2ee-cc8f-5c62-a5e6-5f3f7267b58c;130;013573ad-8e1e-50ab-bfd5-140b70dbab8b;Jet A into-plane DTW B6789 25Sep N524JB;4500301112;00010;7965.000;LTR;1.3104;10437.34;U1;92.59;6abb1ab6-ca43-5458-be1a-34e51ed5a8a5;c49c027d-ee98-51e4-82bb-2113a2579aa9;BPA-DTW-753884;2e19582f-9d37-5181-bd80-4b0526d7ccbf;4500301112;5000301112;TICKET_NUMBER;FUELDTW;400000;MATCHED;0.00;0.00;NONE;2f952ea3-c8e2-5f42-b061-6a7f3a5305a2;6415.81;1.6268;10437.34;WITHIN;
d6e1e108-4b1f-54af-b5cd-26631c376b56;314ef2ee-cc8f-5c62-a5e6-5f3f7267b58c;140;013573ad-8e1e-50ab-bfd5-140b70dbab8b;Jet A into-plane DTW B6819 25Sep N585JB;4500301226;00010;5943.000;LTR;1.3104;7787.71;U1;69.08;64e2a795-ba2b-5752-ae7f-f094969c7b08;5b667b5c-f953-511e-ab4f-4cad2d064d9c;BPA-DTW-753886;1e7c67d3-b45a-5601-b1ae-d18ae2254a7a;4500301226;5000301226;TICKET_NUMBER;FUELDTW;400000;MATCHED;0.00;0.00;NONE;9482f76b-753c-5ca3-b3fc-525aa177042a;4762.72;1.6351;7787.71;WITHIN;
e6db207b-4df1-52cc-8a12-033fdc844a6f;314ef2ee-cc8f-5c62-a5e6-5f3f7267b58c;150;013573ad-8e1e-50ab-bfd5-140b70dbab8b;Jet A into-plane DTW B61136 25Sep N703JB;4500301246;00010;4196.000;LTR;1.3104;5498.44;U1;48.77;3b51b88b-9633-5827-8a5b-6fe0c5a4237f;d7a481c3-194e-56ff-b9fc-48415cece121;BPA-DTW-753888;98f7de79-1890-54e9-84f2-bb5c6a8cc634;4500301246;5000301246;TICKET_NUMBER;FUELDTW;400000;MATCHED;0.00;0.00;NONE;86312105-005f-5f1a-83ab-5aebdfe214b8;3375.26;1.629;5498.44;WITHIN;
8c3dbf03-5f89-5d32-963f-81c30b7c8ef2;314ef2ee-cc8f-5c62-a5e6-5f3f7267b58c;160;013573ad-8e1e-50ab-bfd5-140b70dbab8b;Jet A into-plane DTW B61419 26Sep N766JB;4500301393;00010;3919.000;LTR;1.3183;5166.42;U1;45.55;73406910-251d-5538-80d5-d9178b0d0235;a499fa72-d13f-54a6-ac9f-af0ae7fafd78;BPA-DTW-753889;5de2ce4e-ac7c-55aa-a701-fb1daa3b005e;4500301393;5000301393;TICKET_NUMBER;FUELDTW;400000;MATCHED;0.00;0.00;NONE;a815fb63-f44a-5554-b529-ece59c56bff8;3161.85;1.634;5166.42;WITHIN;
f5052b90-0ae2-5a0d-b1c0-688636b46f30;314ef2ee-cc8f-5c62-a5e6-5f3f7267b58c;170;013573ad-8e1e-50ab-bfd5-140b70dbab8b;Jet A into-plane DTW B62489 26Sep N705JB;4500301432;00010;7238.000;LTR;1.3183;9541.86;U1;84.13;2867ef03-df8e-55bf-99f2-d4c54c56a544;cba1eb3d-2d89-50fe-9c44-bfeba0484a92;BPA-DTW-753892;8c4b5b22-94b9-54f9-8456-3f54bbfb8d8d;4500301432;5000301432;TICKET_NUMBER;FUELDTW;400000;MATCHED;0.00;0.00;NONE;fb7054d8-83e6-5cfa-a6c4-b1a9e180e523;5815.73;1.6407;9541.86;WITHIN;
7b9adedb-35ac-5d55-8e07-4dd04a8bc9ce;314ef2ee-cc8f-5c62-a5e6-5f3f7267b58c;180;013573ad-8e1e-50ab-bfd5-140b70dbab8b;Jet A into-plane DTW B61236 26Sep N3304J;4500301479;00010;3967.000;LTR;1.3183;5229.70;U1;46.11;83af7ed3-1312-5acb-8484-b8e214ff5a7b;a8a3938f-4c4a-5586-8c92-7519721ba9b3;BPA-DTW-753893;18447bb6-d6dd-54e9-a6b3-95b6b5f08ff4;4500301479;5000301479;TICKET_NUMBER;FUELDTW;400000;MATCHED;0.00;0.00;NONE;6f6a005f-14d6-5e3d-83d1-e87723d017ba;3192.24;1.6383;5229.7;WITHIN;
96127d42-68e7-5b82-9e1b-955e3d2096e0;314ef2ee-cc8f-5c62-a5e6-5f3f7267b58c;190;013573ad-8e1e-50ab-bfd5-140b70dbab8b;Jet A into-plane DTW B6789 26Sep N524JB;4500301708;00010;7467.000;LTR;1.3183;9843.75;U1;86.80;cd8a26bc-3ae0-5827-bf8b-207a6c4967ec;32428a2a-a298-5b92-bb29-6f64338cff10;BPA-DTW-753894;a90f3b65-3886-5cad-8b8a-8a6c7c84e968;4500301708;5000301708;TICKET_NUMBER;FUELDTW;400000;MATCHED;0.00;0.00;NONE;6faaba03-3960-5a58-9931-0083fd080ea4;6001.23;1.6403;9843.75;WITHIN;
10fa9f46-ff8a-5fae-901e-20528bc24f01;314ef2ee-cc8f-5c62-a5e6-5f3f7267b58c;200;013573ad-8e1e-50ab-bfd5-140b70dbab8b;Jet A into-plane DTW B61136 26Sep N3304J;4500301723;00010;4717.000;LTR;1.3183;6218.42;U1;54.83;71adb6cd-f5ef-55f3-b942-cd8b46bb5691;81c9c589-2ff2-5629-ad02-d01963c5349e;BPA-DTW-753896;3888be98-41f9-507d-87bf-de07cb0895b7;4500301723;5000301723;TICKET_NUMBER;FUELDTW;400000;MATCHED;0.00;0.00;NONE;39349b58-87f6-5e8e-89d2-eeacd765d021;3788.69;1.6413;6218.42;WITHIN;
ac36ea5c-3be1-54c3-b3c3-2c2ce2390875;314ef2ee-cc8f-5c62-a5e6-5f3f7267b58c;210;013573ad-8e1e-50ab-bfd5-140b70dbab8b;Jet A into-plane DTW B6819 26Sep N537JT;4500301751;00010;4902.000;LTR;1.3183;6462.31;U1;56.98;4629a44b-50c4-55ef-b294-bd466e8d641e;ca1b22ec-be7f-59ec-ba12-a43667d0c9cf;BPA-DTW-753899;9ea5c1f4-9a7e-5251-a8f3-f13b831fbdf7;4500301751;5000301751;TICKET_NUMBER;FUELDTW;400000;MATCHED;0.00;0.00;NONE;4fef0fe7-f6f3-5e43-bedb-8f3c9ee87eb0;3952.48;1.635;6462.31;WITHIN;
4a711afd-009f-5190-9493-df58089486ca;82ef365a-08f5-535b-b5ce-2ee0d7fc29d0;10;c3d4e5f6-3333-4000-8000-000000000001;Jet A into-plane DUB B6842 24Sep N4074J;4500300136;00010;20362.000;LTR;1.2877;26220.15;V0;0.00;4c5d2ff4-e4aa-59dd-a190-147644633900;3457883d-33da-51d3-bb53-84faba311ccb;BPK-DUB-467010;2279420d-f549-5bcc-8d8d-f24d7e8552ec;4500300136;5000300136;TICKET_NUMBER;FUELDUB;400000;MATCHED;0.00;0.00;NONE;22e885fb-465c-51a3-aad8-f4698a3e6d12;16342.54;1.6044;26220.15;WITHIN;
7c607f9d-4241-5435-91ce-446afc27f5fb;82ef365a-08f5-535b-b5ce-2ee0d7fc29d0;20;c3d4e5f6-3333-4000-8000-000000000001;Jet A into-plane DUB B6354 25Sep N2142J;4500300756;00010;17681.000;LTR;1.2983;22955.24;V0;0.00;7134a49f-4853-524d-8fee-908177123d32;3668fe0d-84e2-595a-9d84-146a3aec2eb3;BPK-DUB-467013;2d51ec4e-c5b3-5c40-933a-6ecf22293c8b;4500300756;5000300756;TICKET_NUMBER;FUELDUB;400000;MATCHED;0.00;0.00;NONE;d3ecac79-7953-5026-8feb-6e37585898b3;14379.96;1.5963;22955.24;WITHIN;
28e482e7-cdcc-590d-bd6c-7ce9c85acce8;82ef365a-08f5-535b-b5ce-2ee0d7fc29d0;30;c3d4e5f6-3333-4000-8000-000000000001;Jet A into-plane DUB B6354 26Sep N2169J;4500301387;00010;18775.000;LTR;1.3062;24523.90;V0;0.00;0b69a015-efdd-56b0-b44e-f4c8f700aeee;f12738bf-dc94-5984-90c8-e088ce9879b9;BPK-DUB-467015;5de9b588-e0f0-5972-9734-a7b9737c24ab;4500301387;5000301387;TICKET_NUMBER;FUELDUB;400000;MATCHED;0.00;0.00;NONE;bf69490c-d49e-586d-a442-8e68b0483d95;15147.67;1.619;24523.9;WITHIN;
c5d26822-6b76-59e3-9afc-64060ff82e1e;82ef365a-08f5-535b-b5ce-2ee0d7fc29d0;40;c3d4e5f6-3333-4000-8000-000000000001;Jet A into-plane DUB B6842 26Sep N2188J;4500301418;00010;20177.000;LTR;1.3062;26355.20;V0;0.00;8d96e552-8aa7-5e81-8973-c385dd173ac9;31fef826-0c3a-54ef-b1b3-07ea68f441de;BPK-DUB-467017;d276bb2c-187b-5015-8e00-313b842b21d0;4500301418;5000301418;TICKET_NUMBER;FUELDUB;400000;MATCHED;0.00;0.00;NONE;3d61716e-7281-5b7c-8656-cb7e66c93868;16345.39;1.6124;26355.2;WITHIN;
c2a94853-e031-58e2-a06d-dbda78735442;5e82a268-e1d8-5b6b-ae8e-b2b7880f1a00;10;c3d4e5f6-3333-4000-8000-000000000001;Jet A into-plane EDI B61080 24Sep N2199J;4500300143;00010;17595.000;LTR;1.2636;22233.04;V0;0.00;57b6ef57-307f-57dc-a9fd-788857e6c27b;c15ce734-c0ba-529a-b9dd-d199c5982acf;BPK-EDI-411234;17e0a4f1-4ec6-51c2-a4cc-b8444085bec7;4500300143;5000300143;TICKET_NUMBER;FUELEDI;400000;MATCHED;0.00;0.00;NONE;a4a43248-7021-5706-852a-02c1c59ab73a;14116.47;1.575;22233.04;WITHIN;
d48189e8-7cfe-5c13-bbba-c865b302a3a6;5e82a268-e1d8-5b6b-ae8e-b2b7880f1a00;20;c3d4e5f6-3333-4000-8000-000000000001;Jet A into-plane EDI B672 24Sep N2188J;4500300180;00010;19411.000;LTR;1.2636;24527.74;V0;0.00;a50ec0ae-c6b5-5bb1-abb9-f3249f4e33f1;7a2cd006-286a-59e6-a617-66ab6378b521;BPK-EDI-411237;5d24e484-57a0-5b51-ba82-cc8957ef3e9d;4500300180;5000300180;TICKET_NUMBER;FUELEDI;400000;MATCHED;0.00;0.00;NONE;2795afa0-bf75-5dc5-9476-284f53d59aec;15571.5;1.5752;24527.74;WITHIN;
8a250837-1746-538c-8d6f-42283f7db13b;5e82a268-e1d8-5b6b-ae8e-b2b7880f1a00;30;c3d4e5f6-3333-4000-8000-000000000001;Jet A into-plane EDI B61080 25Sep N2165J;4500300785;00010;18682.000;LTR;1.2742;23804.60;V0;0.00;03e17daf-d997-5942-8e0d-bd9c3effcca7;2c22dd18-24b1-5369-9174-27dca37c88de;BPK-EDI-411240;566d61af-afed-5555-a10f-495189a62b58;4500300785;5000300785;TICKET_NUMBER;FUELEDI;400000;MATCHED;0.00;0.00;NONE;9a6e91b5-b37c-5c5f-a658-55abc22c78bb;15039.01;1.5829;23804.6;WITHIN;
083fe568-b8b9-56fb-8d72-45b380df8da9;5e82a268-e1d8-5b6b-ae8e-b2b7880f1a00;40;c3d4e5f6-3333-4000-8000-000000000001;Jet A into-plane EDI B672 25Sep N2151J;4500300831;00010;17797.000;LTR;1.2742;22676.94;V0;0.00;7a6aaad1-86c5-56ee-a660-c93bf082be7d;1f41b58f-957a-505d-9f38-5def7996dd85;BPK-EDI-411242;a38a9263-b565-534b-b6cb-e3edd06d02d4;4500300831;5000300831;TICKET_NUMBER;FUELEDI;400000;MATCHED;0.00;0.00;NONE;f948e4ed-5a0e-580b-8caf-85eb4f5bec3d;14333.7;1.5821;22676.94;WITHIN;
c2211f90-9d82-5710-bc75-55cf8c13a432;5e82a268-e1d8-5b6b-ae8e-b2b7880f1a00;50;c3d4e5f6-3333-4000-8000-000000000001;Jet A into-plane EDI B672 26Sep N2205J;4500301460;00010;20258.000;LTR;1.2821;25972.78;V0;0.00;3e4ee921-a7ec-5d26-909b-f47d01b9cea5;9e41a0e4-5574-56db-8294-2cc03b0f90d7;BPK-EDI-411245;2379557b-1037-5884-9501-b7965f8b0a28;4500301460;5000301460;TICKET_NUMBER;FUELEDI;400000;MATCHED;0.00;0.00;NONE;68cb3bee-8e49-5af2-ac7f-5ec899a66d8a;16437.34;1.5801;25972.78;WITHIN;
f34cfc75-fc4e-503d-9df8-554ebf35920a;5e82a268-e1d8-5b6b-ae8e-b2b7880f1a00;60;c3d4e5f6-3333-4000-8000-000000000001;Jet A into-plane EDI B61080 26Sep N2180J;4500301473;00010;18356.000;LTR;1.2821;23534.23;V0;0.00;7faa8fae-d680-5dc9-aefd-276e2e093a31;45f28613-005c-5273-a40f-67316f8c339a;BPK-EDI-411246;2dc697bd-a9a3-51b7-b1a6-823db8c1540d;4500301473;5000301473;TICKET_NUMBER;FUELEDI;400000;MATCHED;0.00;0.00;NONE;9ef9d593-057c-5c88-af3c-729affdf4b5f;14861.02;1.5836;23534.23;WITHIN;
caf5ebf9-88bb-504b-b3e2-91b17efa8e87;ca52bd88-c6b8-59a1-a203-2ba0ddbcbcba;10;013573ad-8e1e-50ab-bfd5-140b70dbab8b;Jet A into-plane EWR B6105 24Sep N760JB;4500300227;00010;6682.000;LTR;1.3098;8752.08;U1;77.67;a48b0601-0e12-5121-bd7c-eb1b4bc57374;127a99cb-4199-5375-9d0f-360e2cb13274;BPA-EWR-657005;01027ef7-b0eb-5fc4-a679-37a2c9054ea1;4500300227;5000300227;TICKET_NUMBER;FUELEWR;400000;MATCHED;0.00;0.00;NONE;7b67a2f1-be21-53a0-81d8-be44f2394ec9;5342.93;1.6381;8752.08;WITHIN;
2502f689-c12c-590e-acc6-678a804436f6;ca52bd88-c6b8-59a1-a203-2ba0ddbcbcba;20;013573ad-8e1e-50ab-bfd5-140b70dbab8b;Jet A into-plane EWR B6127 24Sep N646JB;4500300392;00010;5643.000;LTR;1.3098;7391.20;U1;65.59;df9f4c3e-50a3-5b7f-a899-ca2dc9018316;27b1148e-3547-58d9-836e-a09fe6ab0349;BPA-EWR-657008;21d3c56d-7cd7-560e-87f4-539c2698ddc1;4500300392;5000300392;TICKET_NUMBER;FUELEWR;400000;MATCHED;0.00;0.00;NONE;17c1d622-c620-58a8-b46d-880ce93cd237;4503.68;1.6411;7391.2;WITHIN;
ee10cb9f-860e-5a2f-a41d-05302bfab2e2;ca52bd88-c6b8-59a1-a203-2ba0ddbcbcba;30;013573ad-8e1e-50ab-bfd5-140b70dbab8b;Jet A into-plane EWR B62143 24Sep N508JL;4500300445;00010;8233.000;LTR;1.3098;10783.58;U1;95.70;2c92ef45-6d9a-5867-b9ae-9b8f8e11ca44;f6b50468-66e9-5138-aec9-c4a5a359027d;BPA-EWR-657011;340b095d-e5e1-5b08-b77e-da8c3d77cd8c;4500300445;5000300445;TICKET_NUMBER;FUELEWR;400000;MATCHED;0.00;0.00;NONE;379d0e42-21bf-5b3b-b56c-5c47bf0f9273;6560.88;1.6436;10783.58;WITHIN;
fb1e4f1e-709f-5caf-ade3-4687168edbaa;ca52bd88-c6b8-59a1-a203-2ba0ddbcbcba;40;013573ad-8e1e-50ab-bfd5-140b70dbab8b;Jet A into-plane EWR B6685 24Sep N630JB;4500300461;00010;8993.000;LTR;1.3098;11779.03;U1;104.53;7ec6ac07-a593-5a3b-8885-5f43d7310a0b;edb96a82-057a-5017-9215-ab22284a5d3f;BPA-EWR-657012;11fc2e99-f101-580f-a750-24dddb91092e;4500300461;5000300461;TICKET_NUMBER;FUELEWR;400000;MATCHED;0.00;0.00;NONE;aa5fb564-bc0d-58a2-9a9d-f56ed5eeec23;7180.91;1.6403;11779.03;WITHIN;
f20b3cb2-c109-5ea2-b592-493c9bc1b5dd;ca52bd88-c6b8-59a1-a203-2ba0ddbcbcba;50;013573ad-8e1e-50ab-bfd5-140b70dbab8b;Jet A into-plane EWR B6105 25Sep N593JB;4500300886;00010;6847.000;LTR;1.3204;9040.78;U1;79.59;d8d721b2-5ea1-5ad7-be08-7b58adefb682;eabbb6e8-2e02-5bdc-9266-d7a015b04feb;BPA-EWR-657013;f6e49fad-6380-58dc-85c8-a9fea4d411c9;4500300886;5000300886;TICKET_NUMBER;FUELEWR;400000;MATCHED;0.00;0.00;NONE;b963ebf9-ec62-57a9-af9d-3480f12d059c;5513.89;1.6396;9040.78;WITHIN;
6a11074c-acda-5202-af52-4d833ce1a114;ca52bd88-c6b8-59a1-a203-2ba0ddbcbcba;60;013573ad-8e1e-50ab-bfd5-140b70dbab8b;Jet A into-plane EWR B6127 25Sep N655JB;4500301046;00010;6626.000;LTR;1.3204;8748.97;U1;77.02;3553e150-7d1e-5a3c-a193-f227bd7e81f0;45395dd2-613d-5e84-9bfa-15b937f3b0ea;BPA-EWR-657014;5f827568-0279-57fe-95c9-146c1eaaea44;4500301046;5000301046;TICKET_NUMBER;FUELEWR;400000;MATCHED;0.00;0.00;NONE;06b8560e-d692-5283-b043-7158701ead1b;5333.27;1.6405;8748.97;WITHIN;
d40abfc2-b46d-5953-8967-5fd1bb771d22;ca52bd88-c6b8-59a1-a203-2ba0ddbcbcba;70;013573ad-8e1e-50ab-bfd5-140b70dbab8b;Jet A into-plane EWR B62143 25Sep N656JB;4500301094;00010;7423.000;LTR;1.3204;9801.33;U1;86.28;ae2a0b2a-ba2a-57a4-b2f3-2736cc2091b5;470707d5-e342-5c53-8254-44c7991f284d;BPA-EWR-657017;c597a092-5a88-5935-867e-9cef2cc4c0b7;4500301094;5000301094;TICKET_NUMBER;FUELEWR;400000;MATCHED;0.00;0.00;NONE;227067eb-fb43-5c4a-89d9-f5289680f4d8;5962.9;1.6437;9801.33;WITHIN;
9294291f-cd5b-567e-a645-bc7646a19815;ca52bd88-c6b8-59a1-a203-2ba0ddbcbcba;80;013573ad-8e1e-50ab-bfd5-140b70dbab8b;Jet A into-plane EWR B6685 25Sep N649JB;4500301110;00010;7843.000;LTR;1.3204;10355.90;U1;91.17;43bc9712-d40a-5284-8ca2-74de1698bbc6;e3adb057-9e0d-5afc-ac22-c8c0b5b06e83;BPA-EWR-657020;43d5fdb2-8cc2-5c79-8b54-6e7514561989;4500301110;5000301110;TICKET_NUMBER;FUELEWR;400000;MATCHED;0.00;0.00;NONE;541bde7c-2b92-5964-bfc9-fbdf647a2f9e;6284.6;1.6478;10355.9;WITHIN;
7bd21ca6-ba5c-5bae-bd5d-382d41062e4b;ca52bd88-c6b8-59a1-a203-2ba0ddbcbcba;90;013573ad-8e1e-50ab-bfd5-140b70dbab8b;Jet A into-plane EWR B6105 26Sep N633JB;4500301503;00010;7380.000;LTR;1.3283;9802.85;U1;85.79;385ad242-e50f-5816-9dbf-aed2905eab81;07c363c3-862b-58c0-9f0e-9330afc71428;BPA-EWR-657021;4185a39b-36e0-515c-9ea8-8b74ec1b5724;4500301503;5000301503;TICKET_NUMBER;FUELEWR;400000;MATCHED;0.00;0.00;NONE;f080bad0-8a25-5ab5-a976-53f7765d5269;5945.33;1.6488;9802.85;WITHIN;
68f34551-50a7-588b-a9ce-e2f3339b19e0;ca52bd88-c6b8-59a1-a203-2ba0ddbcbcba;100;013573ad-8e1e-50ab-bfd5-140b70dbab8b;Jet A into-plane EWR B6127 26Sep N605JB;4500301679;00010;6658.000;LTR;1.3283;8843.82;U1;77.39;9893732d-efc0-5155-b778-765c99d37178;74f90074-b13b-5be2-b93e-c31cbab0ef4a;BPA-EWR-657022;70cfa731-51f5-5666-a13f-af9b9c0c11fa;4500301679;5000301679;TICKET_NUMBER;FUELEWR;400000;MATCHED;0.00;0.00;NONE;c7365568-b718-529f-b5c8-74ef8a0ffabd;5340.38;1.656;8843.82;WITHIN;
d1bc9c90-2717-5c2f-b5bf-d0058add56d1;ca52bd88-c6b8-59a1-a203-2ba0ddbcbcba;110;013573ad-8e1e-50ab-bfd5-140b70dbab8b;Jet A into-plane EWR B6685 26Sep N520JB;4500301707;00010;7730.000;LTR;1.3283;10267.76;U1;89.85;86a73bd0-aded-578f-9519-9a55bf1a82b3;3f2a25cf-503b-5e80-8257-614737cdc688;BPA-EWR-657023;ae2ca681-f5e1-51ce-8bc1-14850da731da;4500301707;5000301707;TICKET_NUMBER;FUELEWR;400000;MATCHED;0.00;0.00;NONE;e7fb3a96-4db7-5151-87fe-ac75f6fd4d08;6225.74;1.6492;10267.76;WITHIN;
532119d8-0247-592f-9a41-20c2b51acca3;1067cc26-e2f0-5a9a-a56c-6bf87510c3d3;10;013573ad-8e1e-50ab-bfd5-140b70dbab8b;Jet A into-plane EWR B61505 24Sep N645JB;4500300141;00010;7682.000;LTR;1.2997;9984.30;U1;89.30;b388330c-9352-575e-a50d-635cdb2c1d38;f239810e-d966-5dc2-8810-1ea2d926ae8c;WFS-EWR-719328;9fb42a84-4a56-59d5-81f5-0f939943c303;4500300141;5000300141;TICKET_NUMBER;FUELEWR;400000;MATCHED;0.00;0.00;NONE;40df8e3f-6f41-5c90-8389-80a996581511;6130.24;1.6287;9984.3;WITHIN;
2fd3baa9-0303-5791-bdd5-41ef058e1501;1067cc26-e2f0-5a9a-a56c-6bf87510c3d3;20;013573ad-8e1e-50ab-bfd5-140b70dbab8b;Jet A into-plane EWR B61573 24Sep N946JL;4500300160;00010;18628.000;LTR;1.2997;24210.81;U1;216.53;010660c6-b551-54c8-8d57-5161b1ed9059;f3729fce-4db6-5374-9b86-1ade982f42e6;WFS-EWR-719330;9919c2fe-66a1-568c-9ee1-249a799b21f5;4500300160;5000300160;TICKET_NUMBER;FUELEWR;400000;MATCHED;0.00;0.00;NONE;5ebf9c79-6276-5aad-8418-dc8129575c8b;14880.05;1.6271;24210.81;WITHIN;
8010d52b-efcb-503c-944a-6b380e69ebd5;1067cc26-e2f0-5a9a-a56c-6bf87510c3d3;30;013573ad-8e1e-50ab-bfd5-140b70dbab8b;Jet A into-plane EWR B6927 24Sep N535JB;4500300188;00010;5923.000;LTR;1.2997;7698.12;U1;68.85;a6f6f68a-7ee8-5c6b-b386-875bf5e4b116;fa841807-3094-5da5-ac36-248683565f1f;WFS-EWR-719332;398a5344-e3d1-5a0c-bcea-aaf53bcdbda6;4500300188;5000300188;TICKET_NUMBER;FUELEWR;400000;MATCHED;0.00;0.00;NONE;ac8d8169-a091-59ef-8b0e-67874545cba6;4723.59;1.6297;7698.12;WITHIN;
5983e5aa-9b05-5280-9d3b-06929db15606;1067cc26-e2f0-5a9a-a56c-6bf87510c3d3;40;013573ad-8e1e-50ab-bfd5-140b70dbab8b;Jet A into-plane EWR B61889 24Sep N652JB;4500300274;00010;11510.000;LTR;1.2997;14959.55;U1;133.79;8d75663d-8b17-5b15-8fdd-9fbb60d4a66f;2a08b8ef-7b7a-5ea8-8005-bf2e1592cd06;WFS-EWR-719334;ba403e4b-ae86-5156-8308-d69df199eeb6;4500300274;5000300274;TICKET_NUMBER;FUELEWR;400000;MATCHED;0.00;0.00;NONE;239d3d93-4b60-5d85-93c5-ccadd7b48a1d;9187.28;1.6283;14959.55;WITHIN;
c94abf05-0150-50eb-a79b-9d43277ffea2;1067cc26-e2f0-5a9a-a56c-6bf87510c3d3;50;013573ad-8e1e-50ab-bfd5-140b70dbab8b;Jet A into-plane EWR B61873 24Sep N991JT;4500300455;00010;17795.000;LTR;1.2997;23128.16;U1;206.85;60080a5d-3957-564b-8723-40e384c5a6b7;8f15a19e-854e-5332-85ba-9eed69a861a5;WFS-EWR-719336;24291c1f-2417-587c-8392-e3b782913070;4500300455;5000300455;TICKET_NUMBER;FUELEWR;400000;MATCHED;0.00;0.00;NONE;5846b204-91ba-5aec-9f6e-238b3845c793;14203.97;1.6283;23128.16;WITHIN;
e3542072-eb02-5e33-b3b6-91fed83bfc0f;1067cc26-e2f0-5a9a-a56c-6bf87510c3d3;60;013573ad-8e1e-50ab-bfd5-140b70dbab8b;Jet A into-plane EWR B61827 24Sep N652JB;4500300623;00010;5490.000;LTR;1.2997;7135.35;U1;63.82;7effdab7-39ec-5ef3-a98f-61ce3d65732f;e03e0b97-8d70-5102-bbe1-f4c5d06fbf10;WFS-EWR-719337;ea8374a6-c521-5c38-91eb-c77d2cd5738a;4500300623;5000300623;TICKET_NUMBER;FUELEWR;400000;MATCHED;0.00;0.00;NONE;e4fff3d6-b76f-5ec4-9862-fbe7c8ae3155;4384.86;1.6273;7135.35;WITHIN;
cdca6632-e919-55ee-9eec-96a33b72a7ff;1067cc26-e2f0-5a9a-a56c-6bf87510c3d3;70;013573ad-8e1e-50ab-bfd5-140b70dbab8b;Jet A into-plane EWR B62073 24Sep N964JT;4500300687;00010;19257.000;LTR;1.2997;25028.32;U1;223.84;3be58794-bc4f-556e-b242-2763b1652ec6;460d6889-0cda-58e6-9a1d-a13061289d67;WFS-EWR-719340;6a97e8c5-5ad6-5b0a-964c-ee3259085061;4500300687;5000300687;TICKET_NUMBER;FUELEWR;400000;MATCHED;0.00;0.00;NONE;feb1a2ed-9b26-52ad-b4c5-6da1c457a348;15342.05;1.6314;25028.32;WITHIN;
6c1e3458-5ab9-5b6d-af5d-e517ea9ff02f;1067cc26-e2f0-5a9a-a56c-6bf87510c3d3;80;013573ad-8e1e-50ab-bfd5-140b70dbab8b;Jet A into-plane EWR B6927 25Sep N656JB;4500300773;00010;6191.000;LTR;1.3103;8112.07;U1;71.96;ee0046d9-ac0f-5144-a79d-f262225945f7;dd81101f-5f80-501e-9123-adac65d6ed4d;WFS-EWR-719341;27ee1cd6-c8d5-50f6-a727-e5b463324a48;4500300773;5000300773;TICKET_NUMBER;FUELEWR;400000;MATCHED;0.00;0.00;NONE;bf9b3a90-f594-5fc2-ab1e-cc5a5ee152d8;4967.66;1.633;8112.07;WITHIN;
2f6b1f35-5079-58ae-94b1-2be7525ea51d;1067cc26-e2f0-5a9a-a56c-6bf87510c3d3;90;013573ad-8e1e-50ab-bfd5-140b70dbab8b;Jet A into-plane EWR B61505 25Sep N796JB;4500300782;00010;7152.000;LTR;1.3103;9371.27;U1;83.13;add01928-d1ee-5bb7-b41c-58d87847e3c8;e8687f30-5fa9-5bdb-8751-0945c3bb11af;WFS-EWR-719342;576c7cc3-420f-57b9-ba47-186390b8906e;4500300782;5000300782;TICKET_NUMBER;FUELEWR;400000;MATCHED;0.00;0.00;NONE;a62e553b-a98f-5ec5-a900-bb4adc892d96;5748.06;1.6303;9371.27;WITHIN;
286efbfc-bebf-5405-af74-6ae1e90b0517;1067cc26-e2f0-5a9a-a56c-6bf87510c3d3;100;013573ad-8e1e-50ab-bfd5-140b70dbab8b;Jet A into-plane EWR B61573 25Sep N983JT;4500300807;00010;20812.000;LTR;1.3103;27269.96;U1;241.92;fdcbbcbd-9642-5401-8118-9136a86be213;708dfe05-5bdc-5104-9f4e-561bcd7f6f0b;WFS-EWR-719345;e2cd2cf6-bc83-5cca-93e9-bfb662431e57;4500300807;5000300807;TICKET_NUMBER;FUELEWR;400000;MATCHED;0.00;0.00;NONE;02dc2bc4-1a28-59f5-974b-2b64a1e6ec8f;16716.2;1.6313;27269.96;WITHIN;
e48cc2c2-3c6e-531b-a79b-286302f9d328;1067cc26-e2f0-5a9a-a56c-6bf87510c3d3;110;013573ad-8e1e-50ab-bfd5-140b70dbab8b;Jet A into-plane EWR B61889 25Sep N662JB;4500300930;00010;11880.000;LTR;1.3103;15566.36;U1;138.09;137e8fad-14da-5d79-9f96-ac9ef10ba572;30575b50-e860-5114-af41-a0ed94d00122;WFS-EWR-719347;f44fdf27-7de4-5e5e-b01f-df2067024de1;4500300930;5000300930;TICKET_NUMBER;FUELEWR;400000;MATCHED;0.00;0.00;NONE;50791e56-edc4-5ad8-abdb-48b8cc2f027c;9556.27;1.6289;15566.36;WITHIN;
e27863e8-94d6-5c6e-b606-125ece83fa8e;1067cc26-e2f0-5a9a-a56c-6bf87510c3d3;120;013573ad-8e1e-50ab-bfd5-140b70dbab8b;Jet A into-plane EWR B61873 25Sep N964JT;4500301114;00010;20365.000;LTR;1.3103;26684.26;U1;236.72;81c1a82b-5623-57d5-9539-fde58d7bbbfa;a76c0c7d-f1a9-5dea-bcdf-67194446118b;WFS-EWR-719350;ba33566b-e9dc-51c9-82c9-2f6e9fdf77f7;4500301114;5000301114;TICKET_NUMBER;FUELEWR;400000;MATCHED;0.00;0.00;NONE;8e45a08c-3d19-57d2-8dd5-e5ec4137d3b0;16397.9;1.6273;26684.26;WITHIN;
b7156756-e5d4-5f3d-9a66-03f7fd3950d5;1067cc26-e2f0-5a9a-a56c-6bf87510c3d3;130;013573ad-8e1e-50ab-bfd5-140b70dbab8b;Jet A into-plane EWR B61827 25Sep N662JB;4500301296;00010;5514.000;LTR;1.3103;7224.99;U1;64.09;1d774c43-378f-53e8-acc3-a07d96a81ad4;b0a93dc8-0539-5337-9c87-3d5890cd863b;WFS-EWR-719351;4472b0d1-a2c5-5daf-8ff3-67f5b93fc6ef;4500301296;5000301296;TICKET_NUMBER;FUELEWR;400000;MATCHED;0.00;0.00;NONE;98402348-26ef-517a-8fd7-33afb7aa81af;4423.88;1.6332;7224.99;WITHIN;
8bd90a3f-0be2-5093-94c4-e7752128363f;1067cc26-e2f0-5a9a-a56c-6bf87510c3d3;140;013573ad-8e1e-50ab-bfd5-140b70dbab8b;Jet A into-plane EWR B62073 25Sep N991JT;4500301312;00010;19418.000;LTR;1.3103;25443.41;U1;225.71;679b5004-4a52-58cd-87d8-8bf580bbe237;b14b3adc-e52d-5d37-8d8a-cbcf9a60ce5d;WFS-EWR-719352;72669574-dace-5ad7-ad78-7bdeeb392b7e;4500301312;5000301312;TICKET_NUMBER;FUELEWR;400000;MATCHED;0.00;0.00;NONE;808a5860-4165-5496-b8bd-77e0b401abff;15631.49;1.6277;25443.41;WITHIN;
c72119bc-f6dc-5dca-8552-df4439b471c5;1067cc26-e2f0-5a9a-a56c-6bf87510c3d3;150;013573ad-8e1e-50ab-bfd5-140b70dbab8b;Jet A into-plane EWR B6927 26Sep N547JB;4500301398;00010;6955.000;LTR;1.3182;9168.08;U1;80.84;dbdaa259-28b0-52c9-80a9-f12de51b4e2a;ecdb0638-f11a-5707-a38a-644e075df1c1;WFS-EWR-719354;e4dff2e8-1e24-5990-8a36-c6fae16a8e50;4500301398;5000301398;TICKET_NUMBER;FUELEWR;400000;MATCHED;0.00;0.00;NONE;f80a3dd8-a0b2-5e34-96d9-7a7cf6039874;5573.74;1.6449;9168.08;WITHIN;
79e5c368-ea84-50cf-bf7e-328828a2e4e1;1067cc26-e2f0-5a9a-a56c-6bf87510c3d3;160;013573ad-8e1e-50ab-bfd5-140b70dbab8b;Jet A into-plane EWR B61505 26Sep N590JB;4500301420;00010;7556.000;LTR;1.3182;9960.32;U1;87.83;164a9eea-e85a-5451-bef3-4385f6897969;e3023d76-6bb0-588f-878b-c09bae465f1b;WFS-EWR-719356;cd55b1fc-3ed9-5a43-8b8d-e717e20a0ca9;4500301420;5000301420;TICKET_NUMBER;FUELEWR;400000;MATCHED;0.00;0.00;NONE;d8313796-ff84-5d70-9bd7-311c9e8c50eb;6063.69;1.6426;9960.32;WITHIN;
5fa3f2c2-a563-5a10-8aab-051f50a711d8;1067cc26-e2f0-5a9a-a56c-6bf87510c3d3;170;013573ad-8e1e-50ab-bfd5-140b70dbab8b;Jet A into-plane EWR B61573 26Sep N964JT;4500301447;00010;18663.000;LTR;1.3182;24601.57;U1;216.94;e0aa397e-1a65-58b4-b15e-23e68eab0a4a;a565fb47-1b8e-59db-8f19-dfc256a87b67;WFS-EWR-719359;9b570785-5910-5289-99be-535fa4e035a5;4500301447;5000301447;TICKET_NUMBER;FUELEWR;400000;MATCHED;0.00;0.00;NONE;9e39e8b7-c7b8-53df-b4ef-9e3d373b1f6a;15029.31;1.6369;24601.57;WITHIN;
681197e0-9f20-55f1-b5d3-5e21b9f418ca;1067cc26-e2f0-5a9a-a56c-6bf87510c3d3;180;013573ad-8e1e-50ab-bfd5-140b70dbab8b;Jet A into-plane EWR B61889 26Sep N508JL;4500301660;00010;12863.000;LTR;1.3182;16956.01;U1;149.52;4b14ee10-dbec-5d7a-881c-608f23f2c377;bb4cff15-bc4d-5b6f-9fcd-4639cc71f2af;WFS-EWR-719361;7761685c-4f98-5340-b8c0-d3518e473133;4500301660;5000301660;TICKET_NUMBER;FUELEWR;400000;MATCHED;0.00;0.00;NONE;b2fcf768-5141-5b9c-8dfd-115f3e10152d;10307.12;1.6451;16956.01;WITHIN;
d9299a29-5b0c-56a4-bc98-77f71689bac4;27fef5a5-f64f-53fe-84b3-0be16b6e8284;10;013573ad-8e1e-50ab-bfd5-140b70dbab8b;Jet A into-plane FLL B6706 23Sep N645JB;4500300005;00010;5986.000;LTR;1.2201;7303.52;U1;69.58;15209953-ca72-52df-a1a5-fb516f99b3ac;9ec3780a-541d-563e-bb45-edb2f8b324b3;SHL-FLL-485000;78ee130c-c3e7-58ff-aa55-d35af0211a8d;4500300005;5000300005;TICKET_NUMBER;FUELFLL;400000;MATCHED;0.00;0.00;NONE;39025d72-8353-55ba-b008-13a917e1fd53;4764.86;1.5328;7303.52;WITHIN;
ba7b1a14-2032-53d0-af1c-8ba819395ceb;27fef5a5-f64f-53fe-84b3-0be16b6e8284;20;013573ad-8e1e-50ab-bfd5-140b70dbab8b;Jet A into-plane FLL B62994 23Sep N3145J;4500300007;00010;5173.000;LTR;1.2201;6311.58;U1;60.13;d4e4d501-7ea2-5fdf-b4b0-178ba61972f2;65a871a9-1d23-57cb-9fc4-bdd0574a75b0;SHL-FLL-485001;ac136cba-b778-55ee-a4ac-26cff99ff6d7;4500300007;5000300007;TICKET_NUMBER;FUELFLL;400000;MATCHED;0.00;0.00;NONE;9c95eb58-f985-5635-a96f-475b91e19674;4114.09;1.5341;6311.58;WITHIN;
94355df5-1448-58d3-8429-e8d46516effe;27fef5a5-f64f-53fe-84b3-0be16b6e8284;30;013573ad-8e1e-50ab-bfd5-140b70dbab8b;Jet A into-plane FLL B62581 23Sep N651JB;4500300012;00010;5870.000;LTR;1.2201;7161.99;U1;68.23;a8f62bd8-7700-5fa3-b14e-7b3628e8c8dd;c7d4334f-1200-532c-b0a8-e3a65e6c575e;SHL-FLL-485004;fd09e8e4-b792-55fd-9b27-faf851aacfdf;4500300012;5000300012;TICKET_NUMBER;FUELFLL;400000;MATCHED;0.00;0.00;NONE;4354e8d8-5eab-52f5-8aeb-1682bc89615c;4674.87;1.532;7161.99;WITHIN;
bf4458cf-c76b-59b0-9013-7b396caf2cc4;27fef5a5-f64f-53fe-84b3-0be16b6e8284;40;013573ad-8e1e-50ab-bfd5-140b70dbab8b;Jet A into-plane FLL B6277 23Sep N968JT;4500300014;00010;20245.000;LTR;1.2201;24700.92;U1;235.33;8764b327-a2ba-53d4-ac54-a2f1710693cc;c88bdef0-e27f-5053-9bb0-2e0b5b801204;SHL-FLL-485005;4259fb71-6ef1-55d0-8f02-b6e2030d3f8e;4500300014;5000300014;TICKET_NUMBER;FUELFLL;400000;MATCHED;0.00;0.00;NONE;b49c714a-ae39-520f-8c36-9722eb38769c;16094.78;1.5347;24700.92;WITHIN;
677cb64b-111c-559a-9080-6999399837bf;27fef5a5-f64f-53fe-84b3-0be16b6e8284;50;013573ad-8e1e-50ab-bfd5-140b70dbab8b;Jet A into-plane FLL B62271 23Sep N597JB;4500300017;00010;7425.000;LTR;1.2201;9059.24;U1;86.31;e6c4e19b-cf20-5f24-8676-07bd8d144137;7df5a1a4-5c91-5413-b898-39a1efb9141c;SHL-FLL-485007;c71ffde3-9617-5973-ab7c-ca7ea36bbb75;4500300017;5000300017;TICKET_NUMBER;FUELFLL;400000;MATCHED;0.00;0.00;NONE;205c90e3-0851-5a14-a2f3-ca10c09fb023;5887.28;1.5388;9059.24;WITHIN;
da104e04-e15b-540b-87eb-acfc44b2af5e;27fef5a5-f64f-53fe-84b3-0be16b6e8284;60;013573ad-8e1e-50ab-bfd5-140b70dbab8b;Jet A into-plane FLL B61948 23Sep N625JB;4500300022;00010;625.000;LTR;1.2201;762.56;U1;7.27;88af2c8e-6b05-5a67-bf26-08ca65a6d750;46d6032b-3292-5479-a51a-385d3a0112be;SHL-FLL-485010;7434abf4-ec8e-5a10-9d44-4ab5aad0077c;4500300022;5000300022;TICKET_NUMBER;FUELFLL;400000;MATCHED;0.00;0.00;NONE;cf66ec76-2ab2-5d3a-9e61-284143264632;495.88;1.5378;762.56;WITHIN;
fa938976-b13b-568e-9135-8a81a2a461dc;27fef5a5-f64f-53fe-84b3-0be16b6e8284;70;013573ad-8e1e-50ab-bfd5-140b70dbab8b;Jet A into-plane FLL B61196 23Sep N516JB;4500300023;00010;6703.000;LTR;1.2201;8178.33;U1;77.92;52d3fb03-75ed-5285-a7b5-e676a6ec230f;00dd4f07-0482-5bf3-9ccb-447caf952a71;SHL-FLL-485012;d852ea6b-1d53-5458-a74a-7f6bc1ede220;4500300023;5000300023;TICKET_NUMBER;FUELFLL;400000;MATCHED;0.00;0.00;NONE;477eff4f-2397-5d64-b8af-9326528ff5e1;5315.48;1.5386;8178.33;WITHIN;
1df5bfb3-0a23-54a9-b7cd-b853bde48d6c;27fef5a5-f64f-53fe-84b3-0be16b6e8284;80;013573ad-8e1e-50ab-bfd5-140b70dbab8b;Jet A into-plane FLL B6572 23Sep N584JB;4500300029;00010;6213.000;LTR;1.2201;7580.48;U1;72.22;aa719c34-2b1f-5129-9809-924eccdaa583;4cd26717-6662-5ce3-ba14-e907a5e1e93d;SHL-FLL-485015;488fbca5-d81c-5c25-ae3c-b5e1dd797f47;4500300029;5000300029;TICKET_NUMBER;FUELFLL;400000;MATCHED;0.00;0.00;NONE;105f2bf5-6313-5391-9d54-2b98be125224;4931.26;1.5372;7580.48;WITHIN;
22f3b5c9-bd2e-59da-995d-c02eda102459;27fef5a5-f64f-53fe-84b3-0be16b6e8284;90;013573ad-8e1e-50ab-bfd5-140b70dbab8b;Jet A into-plane FLL B6460 23Sep N784JB;4500300034;00010;7061.000;LTR;1.2201;8615.13;U1;82.08;ef64644e-74c7-5143-8a9d-1e6a1668185c;59bb0b46-0222-5a95-a3c2-ac75f7d17634;SHL-FLL-485016;3acbc89e-6619-55b4-bdcd-40738afbc5dd;4500300034;5000300034;TICKET_NUMBER;FUELFLL;400000;MATCHED;0.00;0.00;NONE;fa8a0fb4-1d10-5fa7-8aa4-8b00a5811d1d;5609.96;1.5357;8615.13;WITHIN;
91189831-7411-56a4-8079-57b946d970e3;27fef5a5-f64f-53fe-84b3-0be16b6e8284;100;013573ad-8e1e-50ab-bfd5-140b70dbab8b;Jet A into-plane FLL B6376 23Sep N636JB;4500300036;00010;6282.000;LTR;1.2201;7664.67;U1;73.02;1170b1c9-9d69-5d0d-9c4d-d6361f0874bf;0a2ef300-efa3-5269-96cc-0ca1d2ebb2fc;SHL-FLL-485019;d8eb9c81-a165-5bab-9908-44f0cfcf3235;4500300036;5000300036;TICKET_NUMBER;FUELFLL;400000;MATCHED;0.00;0.00;NONE;06b66b57-6528-57d5-8884-f8d2770e444f;4981;1.5388;7664.67;WITHIN;
24a2589f-7eff-5be1-91d7-968b3e84b3b3;27fef5a5-f64f-53fe-84b3-0be16b6e8284;110;013573ad-8e1e-50ab-bfd5-140b70dbab8b;Jet A into-plane FLL B62501 23Sep N961JT;4500300046;00010;16626.000;LTR;1.2201;20285.38;U1;193.26;feae81a0-2c80-58ba-a141-47444048b4a8;97f0eb42-da68-51f3-8205-69df65cdee62;SHL-FLL-485022;e4643d7d-ec09-5eb9-882d-3e9bd87973f8;4500300046;5000300046;TICKET_NUMBER;FUELFLL;400000;MATCHED;0.00;0.00;NONE;f41d052e-821c-5427-8cad-3fe0be019f11;13222.66;1.5341;20285.38;WITHIN;
5400bc63-5d49-5dc7-a59c-4ba68789e8bf;27fef5a5-f64f-53fe-84b3-0be16b6e8284;120;013573ad-8e1e-50ab-bfd5-140b70dbab8b;Jet A into-plane FLL B618 23Sep N566JB;4500300047;00010;952.000;LTR;1.2201;1161.54;U1;11.07;55284e7f-d05e-5f91-bebf-5a026abe2caf;905a288b-e1bd-5106-b413-3d84064ac7e4;SHL-FLL-485023;3ec08186-ab70-5b0f-adaf-00bde5761fa3;4500300047;5000300047;TICKET_NUMBER;FUELFLL;400000;MATCHED;0.00;0.00;NONE;d1d07c6b-bb49-5473-a4ee-267f84f95dc3;758.84;1.5307;1161.54;WITHIN;
b8c3dbc3-43bd-5e54-8d08-d1cc7e66034b;27fef5a5-f64f-53fe-84b3-0be16b6e8284;130;013573ad-8e1e-50ab-bfd5-140b70dbab8b;Jet A into-plane FLL B62149 23Sep N706JB;4500300048;00010;4652.000;LTR;1.2201;5675.91;U1;54.07;e6dda3c2-f2d8-53fa-93ad-8061813e834e;97eee791-cf01-5ff8-979c-4473b06b4896;SHL-FLL-485026;51756438-51a3-5d4c-be3a-0ef223a1dcd3;4500300048;5000300048;TICKET_NUMBER;FUELFLL;400000;MATCHED;0.00;0.00;NONE;4545ca9b-fa62-54b6-8866-55a64e43f275;3701.6;1.5334;5675.91;WITHIN;
1e2fccfa-66b0-55cb-a6b3-50cf7cceac4a;27fef5a5-f64f-53fe-84b3-0be16b6e8284;140;013573ad-8e1e-50ab-bfd5-140b70dbab8b;Jet A into-plane FLL B6863 23Sep N583JB;4500300050;00010;8513.000;LTR;1.2201;10386.71;U1;98.96;1e73c918-2a21-52c7-b707-e3510db892f0;7c75cb0c-2a27-509b-b8bb-a4072965390c;SHL-FLL-485028;fc5aa349-08b3-5915-9e95-a606e4776a62;4500300050;5000300050;TICKET_NUMBER;FUELFLL;400000;MATCHED;0.00;0.00;NONE;6f799bd2-575b-56af-b5c3-2e51c5a28e8b;6751.66;1.5384;10386.71;WITHIN;
02c16935-0f4a-5489-a96f-bb651c13cad8;27fef5a5-f64f-53fe-84b3-0be16b6e8284;150;013573ad-8e1e-50ab-bfd5-140b70dbab8b;Jet A into-plane FLL B61902 23Sep N995JL;4500300061;00010;6081.000;LTR;1.2201;7419.43;U1;70.69;6db0b749-c2b6-58ff-8d4b-d1d12e603c24;6807e75d-1f92-5b7f-8ebf-70e339e092f6;SHL-FLL-485031;74eba269-95cd-581c-a8e1-817224b29283;4500300061;5000300061;TICKET_NUMBER;FUELFLL;400000;MATCHED;0.00;0.00;NONE;d7c6a088-d695-5b0b-b1fe-5df0fd036e80;4824.67;1.5378;7419.43;WITHIN;
4b6ad4c3-d7b1-59c3-bdae-53359952532f;27fef5a5-f64f-53fe-84b3-0be16b6e8284;160;013573ad-8e1e-50ab-bfd5-140b70dbab8b;Jet A into-plane FLL B6470 23Sep N658JB;4500300071;00010;6422.000;LTR;1.2201;7835.48;U1;74.65;e4170082-0d22-5b8a-94f1-5e798d1063ce;3af02267-5ea5-5bd3-bf9c-fd8fe85e8942;SHL-FLL-485032;ca026434-6f9c-5785-8f34-8ea7f3b7ced3;4500300071;5000300071;TICKET_NUMBER;FUELFLL;400000;MATCHED;0.00;0.00;NONE;4f03783a-d83c-5cbe-ba0b-4f1374a84573;5092;1.5388;7835.48;WITHIN;
17822097-891e-50dc-b3a1-843cab685dde;27fef5a5-f64f-53fe-84b3-0be16b6e8284;170;013573ad-8e1e-50ab-bfd5-140b70dbab8b;Jet A into-plane FLL B62008 24Sep N3258J;4500300081;00010;5291.000;LTR;1.2280;6497.35;U1;61.50;fdef506d-84c9-569b-8a64-5f15b870e6bc;7a284941-ae52-58c3-b13e-0be9fa64c307;SHL-FLL-485034;d2d11776-402c-530e-8898-a2990f6dd250;4500300081;5000300081;TICKET_NUMBER;FUELFLL;400000;MATCHED;0.00;0.00;NONE;782a7c71-24fe-59f3-b2e1-b62cb1c7b73d;4199.47;1.5472;6497.35;WITHIN;
d801cc48-0815-535d-8dfc-0c091bba0601;27fef5a5-f64f-53fe-84b3-0be16b6e8284;180;013573ad-8e1e-50ab-bfd5-140b70dbab8b;Jet A into-plane FLL B6302 24Sep N828JB;4500300112;00010;8116.000;LTR;1.2280;9966.45;U1;94.34;9494fb84-42b4-513c-b449-5ca189e34f4d;7f7067db-d819-512e-98d4-db402585feac;SHL-FLL-485036;adc8a9dc-970e-5de9-b58a-00bdaf16cb2b;4500300112;5000300112;TICKET_NUMBER;FUELFLL;400000;MATCHED;0.00;0.00;NONE;3635f0b4-abdd-5f57-952b-858cea4ca3bd;6429.5;1.5501;9966.45;WITHIN;
2e3e31a8-654f-57a3-9b22-0658d7b65532;27fef5a5-f64f-53fe-84b3-0be16b6e8284;190;013573ad-8e1e-50ab-bfd5-140b70dbab8b;Jet A into-plane FLL B6577 24Sep N935JB;4500300121;00010;18310.000;LTR;1.2280;22484.68;U1;212.84;06afcf43-57e4-569d-bc7f-18a3ecb89a66;52a51aa9-9888-55ea-a494-f175d221e5a0;SHL-FLL-485038;9a50df0a-3e8e-5312-95d9-f50fed978f28;4500300121;5000300121;TICKET_NUMBER;FUELFLL;400000;MATCHED;0.00;0.00;NONE;eb5faf2a-d0bf-5ec2-8c4e-366393029d2b;14501.52;1.5505;22484.68;WITHIN;
6b0255cd-4abe-57cf-8a0b-0d3aff2fc7df;27fef5a5-f64f-53fe-84b3-0be16b6e8284;200;013573ad-8e1e-50ab-bfd5-140b70dbab8b;Jet A into-plane FLL B6690 24Sep N559JB;4500300125;00010;7483.000;LTR;1.2280;9189.12;U1;86.98;f8fb941d-5797-57f5-967f-8d77463aa173;9e81fcdd-760f-5d42-9ff9-32a0a3174da1;SHL-FLL-485039;606ddbb1-7af4-5816-9c76-c99928dab42c;4500300125;5000300125;TICKET_NUMBER;FUELFLL;400000;MATCHED;0.00;0.00;NONE;78537797-6c60-59a6-90fe-f4381f95f983;5931.03;1.5493;9189.12;WITHIN;
eb435e33-8b53-5e9a-abae-b26ed67a7914;27fef5a5-f64f-53fe-84b3-0be16b6e8284;210;013573ad-8e1e-50ab-bfd5-140b70dbab8b;Jet A into-plane FLL B6172 24Sep N807JB;4500300134;00010;6932.000;LTR;1.2280;8512.50;U1;80.58;b5df50cd-630d-5703-a3e2-24a935f13c86;abe5e65a-67bd-5620-abc4-e4ac7cb2a8d9;SHL-FLL-485040;e2837808-c761-5707-8fa9-eb6beb88cd78;4500300134;5000300134;TICKET_NUMBER;FUELFLL;400000;MATCHED;0.00;0.00;NONE;1f814eab-96e3-5a15-8167-8b855ac6338d;5508.86;1.5452;8512.5;WITHIN;
70f24805-66f3-553b-b41b-182c39194aed;27fef5a5-f64f-53fe-84b3-0be16b6e8284;220;013573ad-8e1e-50ab-bfd5-140b70dbab8b;Jet A into-plane FLL B6753 24Sep N580JB;4500300139;00010;7406.000;LTR;1.2280;9094.57;U1;86.09;c5e6acbf-7a3f-5766-ab6f-3e0826d22aea;af334517-e18a-504f-b816-b4b0dd745477;SHL-FLL-485043;bae55dbc-3e3c-516b-a4ab-2aa95b5a2763;4500300139;5000300139;TICKET_NUMBER;FUELFLL;400000;MATCHED;0.00;0.00;NONE;cf52d351-347e-56e4-87cd-7c878b16c304;5863.33;1.5511;9094.57;WITHIN;
e0f0db40-34b7-5098-9005-811c78bec0d5;27fef5a5-f64f-53fe-84b3-0be16b6e8284;230;013573ad-8e1e-50ab-bfd5-140b70dbab8b;Jet A into-plane FLL B61301 24Sep N964JT;4500300174;00010;18958.000;LTR;1.2280;23280.42;U1;220.37;808dde79-6144-58a6-9ce7-4d3ae1c14f6b;3bb091ff-d8b0-5bfa-a947-ed56b7ce9a90;SHL-FLL-485044;49f91c74-ec73-54bb-b4b3-052780c8161b;4500300174;5000300174;TICKET_NUMBER;FUELFLL;400000;MATCHED;0.00;0.00;NONE;a39fc6cb-43a5-504a-bfb6-4d04a048b41a;14993.88;1.5527;23280.42;WITHIN;
a24351cc-538c-5a7f-89bd-7b9daf8475f0;27fef5a5-f64f-53fe-84b3-0be16b6e8284;240;013573ad-8e1e-50ab-bfd5-140b70dbab8b;Jet A into-plane FLL B61480 24Sep N649JB;4500300186;00010;5871.000;LTR;1.2280;7209.59;U1;68.24;b505ca0f-c464-51fb-8708-8b2b1735185a;d3aa8c28-d022-5a5a-93b8-a920e36804bd;SHL-FLL-485045;9fd21a37-eb32-5ca9-a7e5-fc4a1528cf5f;4500300186;5000300186;TICKET_NUMBER;FUELFLL;400000;MATCHED;0.00;0.00;NONE;eaed9e03-3be1-5318-ab47-f817c255605e;4649.24;1.5507;7209.59;WITHIN;
3bd63431-3f24-5e97-b697-c9d3cdce589e;27fef5a5-f64f-53fe-84b3-0be16b6e8284;250;013573ad-8e1e-50ab-bfd5-140b70dbab8b;Jet A into-plane FLL B6707 24Sep N942JB;4500300187;00010;16880.000;LTR;1.2280;20728.64;U1;196.21;8523f2a5-dfc6-501e-8bf0-214c5f8871b4;0770f238-0377-5699-a862-e7b2b386bd52;SHL-FLL-485047;a7d6ae2b-31f3-516f-86b0-b95ab42b61b4;4500300187;5000300187;TICKET_NUMBER;FUELFLL;400000;MATCHED;0.00;0.00;NONE;6daac59d-9cd1-5d87-b2c0-75e5a77259c8;13379.09;1.5493;20728.64;WITHIN;
e4fa722d-bd72-5a6f-a7d9-9ae90177a0e9;27fef5a5-f64f-53fe-84b3-0be16b6e8284;260;013573ad-8e1e-50ab-bfd5-140b70dbab8b;Jet A into-plane FLL B6686 24Sep N646JB;4500300208;00010;8220.000;LTR;1.2280;10094.16;U1;95.55;e99e1068-6bb1-5bd3-bfd2-8798fe9a35ed;f660de9b-aaea-5af1-8d54-b6c5c9ad5c6d;SHL-FLL-485049;a2c81229-294b-5905-b71d-f31845ead715;4500300208;5000300208;TICKET_NUMBER;FUELFLL;400000;MATCHED;0.00;0.00;NONE;01d67fa3-ed04-5374-9c51-1db9362e5f2f;6510.24;1.5505;10094.16;WITHIN;
1fe176c7-3ba1-5e47-ab9e-820b9153df3d;27fef5a5-f64f-53fe-84b3-0be16b6e8284;270;013573ad-8e1e-50ab-bfd5-140b70dbab8b;Jet A into-plane FLL B62179 24Sep N638JB;4500300214;00010;5958.000;LTR;1.2280;7316.42;U1;69.26;ff10233c-8578-5013-bbbe-013cffadeb9a;90c3fb14-3c6a-5773-bfa0-b4623555cab1;SHL-FLL-485050;23cd1a6a-8301-5f55-8bd7-3634812c55c8;4500300214;5000300214;TICKET_NUMBER;FUELFLL;400000;MATCHED;0.00;0.00;NONE;73599166-cbbd-5c6b-8dd2-0271a32ea4a3;4712.78;1.5525;7316.42;WITHIN;
363a5db3-1fd4-53d9-9074-60a52ecb4bbc;27fef5a5-f64f-53fe-84b3-0be16b6e8284;280;013573ad-8e1e-50ab-bfd5-140b70dbab8b;Jet A into-plane FLL B61002 24Sep N958JB;4500300236;00010;7838.000;LTR;1.2280;9625.06;U1;91.11;cc2d9f2e-97a5-5e32-9eaf-003a63d47ac3;3750d808-d5b9-50b3-97ae-ae46f06b2c88;SHL-FLL-485052;537c7749-35d4-5e41-a957-215321ad4e3d;4500300236;5000300236;TICKET_NUMBER;FUELFLL;400000;MATCHED;0.00;0.00;NONE;d77711dc-cf34-5c13-a81a-6c08f28587db;6202.99;1.5517;9625.06;WITHIN;
4dc550da-c17a-5054-907e-8afb8c9769e2;27fef5a5-f64f-53fe-84b3-0be16b6e8284;290;013573ad-8e1e-50ab-bfd5-140b70dbab8b;Jet A into-plane FLL B6979 24Sep N599JB;4500300249;00010;7427.000;LTR;1.2280;9120.36;U1;86.33;24ba671e-7b0f-5af3-98f2-aae8f96f7b1e;6ac0e589-5ef5-5ea1-a5d2-e14e27543e2f;SHL-FLL-485053;93740405-d448-525f-8e94-08269288d1c8;4500300249;5000300249;TICKET_NUMBER;FUELFLL;400000;MATCHED;0.00;0.00;NONE;1268dc8a-1d78-55cb-bae0-a46b2b55a2b7;5905.95;1.5443;9120.36;WITHIN;
a8a21f0a-d055-51b7-a82a-23ed4883c766;27fef5a5-f64f-53fe-84b3-0be16b6e8284;300;013573ad-8e1e-50ab-bfd5-140b70dbab8b;Jet A into-plane FLL B62801 24Sep N985JT;4500300258;00010;18506.000;LTR;1.2280;22725.37;U1;215.11;1a3ed471-688d-5696-a92f-d4408e84eb56;7ff4d7f6-ea1b-5b5c-b9fd-298d352a035c;SHL-FLL-485054;55660c7f-6b47-5905-ae39-dfc1b6225859;4500300258;5000300258;TICKET_NUMBER;FUELFLL;400000;MATCHED;0.00;0.00;NONE;21469b19-fc21-5e70-a076-758999f16940;14643.8;1.5519;22725.37;WITHIN;
f9ec0d94-f9af-59af-9dfd-8acdb056fbd3;27fef5a5-f64f-53fe-84b3-0be16b6e8284;310;013573ad-8e1e-50ab-bfd5-140b70dbab8b;Jet A into-plane FLL B6270 24Sep N905JB;4500300289;00010;9000.000;LTR;1.2280;11052.00;U1;104.62;c0385878-2560-5b73-a40c-bef1fceabb6e;14f0adf1-58d7-55ee-b794-804929b0d3f0;SHL-FLL-485055;4c30c1e0-8663-5c4b-9832-5a7166a98147;4500300289;5000300289;TICKET_NUMBER;FUELFLL;400000;MATCHED;0.00;0.00;NONE;743aae47-c6d8-59c6-a2b3-9461f15efc4c;7152.3;1.5452;11052;WITHIN;
fb66b63f-5761-51ba-8e06-74035c9c004c;27fef5a5-f64f-53fe-84b3-0be16b6e8284;320;013573ad-8e1e-50ab-bfd5-140b70dbab8b;Jet A into-plane FLL B62548 24Sep N564JB;4500300297;00010;2887.000;LTR;1.2280;3545.24;U1;33.56;68b4bb32-6d20-58df-9c5e-f551053bc5d3;283e9c8b-4814-54ce-b49d-65b120a40074;SHL-FLL-485058;43899fdf-be41-5d45-ac3e-f62d387ab0d7;4500300297;5000300297;TICKET_NUMBER;FUELFLL;400000;MATCHED;0.00;0.00;NONE;85582964-fb78-5a11-b324-fe52eed8d5db;2291.99;1.5468;3545.24;WITHIN;
91cc0f04-83cc-5b9a-998d-8424019205d8;27fef5a5-f64f-53fe-84b3-0be16b6e8284;330;013573ad-8e1e-50ab-bfd5-140b70dbab8b;Jet A into-plane FLL B61698 24Sep N3280J;4500300299;00010;4881.000;LTR;1.2280;5993.87;U1;56.74;0da325a0-a908-5082-bee0-1119f0329f7c;b59ed079-bc6e-5218-a302-f3165f9e879a;SHL-FLL-485059;d6f4f01b-3dc8-52d7-a6ae-d3192081941c;4500300299;5000300299;TICKET_NUMBER;FUELFLL;400000;MATCHED;0.00;0.00;NONE;bc1ed484-74ad-5f22-8e82-3310cdb65fad;3863.31;1.5515;5993.87;WITHIN;
3d91c551-b4d2-588c-ba20-2e2771c8d7fe;27fef5a5-f64f-53fe-84b3-0be16b6e8284;340;013573ad-8e1e-50ab-bfd5-140b70dbab8b;Jet A into-plane FLL B6663 24Sep N805JB;4500300325;00010;9803.000;LTR;1.2280;12038.08;U1;113.95;fe7e3a36-9672-52eb-9136-deeec0772f6e;cc6557b8-7476-5f32-9d95-22ca7d24b75e;SHL-FLL-485062;da705529-06f6-5dc8-81d2-cbf4d402c05c;4500300325;5000300325;TICKET_NUMBER;FUELFLL;400000;MATCHED;0.00;0.00;NONE;3bedb04f-a9d9-5b04-8de4-3c050ab01654;7787.5;1.5458;12038.08;WITHIN;
6b5c2d4a-7f48-5a33-bf0d-68d7dcb2e7c2;27fef5a5-f64f-53fe-84b3-0be16b6e8284;350;013573ad-8e1e-50ab-bfd5-140b70dbab8b;Jet A into-plane FLL B62102 24Sep N2044J;4500300329;00010;7422.000;LTR;1.2280;9114.22;U1;86.27;10c6e547-f71a-54da-86ba-16da1989127c;d5536dc9-642a-5a62-adb2-e5e93c773d80;SHL-FLL-485064;0bd90d4f-c233-5d98-89bd-62d6bdc1d3f0;4500300329;5000300329;TICKET_NUMBER;FUELFLL;400000;MATCHED;0.00;0.00;NONE;84e95f8b-8402-5546-9cb6-560e2c200dc0;5883.42;1.5491;9114.22;WITHIN;
996deedc-9e6e-5bd8-bf67-07bfb1508ff1;27fef5a5-f64f-53fe-84b3-0be16b6e8284;360;013573ad-8e1e-50ab-bfd5-140b70dbab8b;Jet A into-plane FLL B61005 24Sep N645JB;4500300339;00010;1776.000;LTR;1.2280;2180.93;U1;20.64;1697eb1f-5800-54f0-becf-8267ec4e4f2f;dff2f517-56f5-52ee-ac97-d40f9f7e76a2;SHL-FLL-485065;a37d15b8-1be0-5cc4-8acb-cc15df519553;4500300339;5000300339;TICKET_NUMBER;FUELFLL;400000;MATCHED;0.00;0.00;NONE;63b1ba35-5f7c-5215-b5d7-d4f62ab4b5e6;1411.56;1.545;2180.93;WITHIN;
85e91680-505c-5cb9-8843-889d85871bdc;27fef5a5-f64f-53fe-84b3-0be16b6e8284;370;013573ad-8e1e-50ab-bfd5-140b70dbab8b;Jet A into-plane FLL B6790 24Sep N531JL;4500300340;00010;8738.000;LTR;1.2280;10730.26;U1;101.57;569c1c7f-e37d-5dc2-9925-62eb70a83c2c;58505ee6-a5ab-543f-8d7d-eeb9a7306c00;SHL-FLL-485068;73601434-b18e-5e84-b871-002bfa6b7d31;4500300340;5000300340;TICKET_NUMBER;FUELFLL;400000;MATCHED;0.00;0.00;NONE;74d189b0-9500-5fa0-9ff5-4cacc3befdb8;6910.88;1.5527;10730.26;WITHIN;
525ecedc-ebf4-5a02-b990-a0c1103c37cb;27fef5a5-f64f-53fe-84b3-0be16b6e8284;380;013573ad-8e1e-50ab-bfd5-140b70dbab8b;Jet A into-plane FLL B62922 24Sep N706JB;4500300343;00010;18211.000;LTR;1.2280;22363.11;U1;211.68;84e030b7-fe73-519f-b3dd-f90d0da8b78b;9581d8db-34b2-5740-9888-092909179950;SHL-FLL-485069;45b0970b-0911-5bce-83a0-c274c81d26fa;4500300343;5000300343;TICKET_NUMBER;FUELFLL;400000;MATCHED;0.00;0.00;NONE;701204a1-ece5-553a-b99f-91c4d116fcb0;14410.36;1.5519;22363.11;WITHIN;
1698e055-ec4f-5930-bf72-334bd8735b7f;27fef5a5-f64f-53fe-84b3-0be16b6e8284;390;013573ad-8e1e-50ab-bfd5-140b70dbab8b;Jet A into-plane FLL B61575 24Sep N519JB;4500300348;00010;4477.000;LTR;1.2280;5497.76;U1;52.04;1d304284-e6c4-5b87-b558-9ac8e099dd75;677d6942-00c7-5583-bcfc-861988f2b2ef;SHL-FLL-485071;cd58c470-f3d1-51ff-9f70-880cdd48802a;4500300348;5000300348;TICKET_NUMBER;FUELFLL;400000;MATCHED;0.00;0.00;NONE;98843653-0eb0-5d19-a001-73a2ab8d1c4f;3544.44;1.5511;5497.76;WITHIN;
f6c3dba0-13b9-5a60-9a29-d97b6e6e686e;27fef5a5-f64f-53fe-84b3-0be16b6e8284;400;013573ad-8e1e-50ab-bfd5-140b70dbab8b;Jet A into-plane FLL B6749 24Sep N643JB;4500300349;00010;4765.000;LTR;1.2280;5851.42;U1;55.39;e245252e-1fdb-55e6-a1b7-69c1d1efdf19;f2a7552c-b3b8-5fbe-b7ce-37a4ecb8df73;SHL-FLL-485073;293c81fa-feef-5dcc-a9b4-2e80558112c2;4500300349;5000300349;TICKET_NUMBER;FUELFLL;400000;MATCHED;0.00;0.00;NONE;78e3e797-5c9f-5d76-b8ce-157810173c4e;3781.98;1.5472;5851.42;WITHIN;
f068c534-78bc-5c81-a213-4731bb5abdf1;27fef5a5-f64f-53fe-84b3-0be16b6e8284;410;013573ad-8e1e-50ab-bfd5-140b70dbab8b;Jet A into-plane FLL B6681 24Sep N651JB;4500300351;00010;10835.000;LTR;1.2280;13305.38;U1;125.95;e9ba41f8-6155-57be-ba20-cd9d05ec930c;e8b57edb-9c6d-5fcf-8f64-0205b40f8df1;SHL-FLL-485076;f33201b4-9b63-5600-b19f-f6e7deea9353;4500300351;5000300351;TICKET_NUMBER;FUELFLL;400000;MATCHED;0.00;0.00;NONE;f49d3dca-c264-5f6d-8122-1778e4b144dd;8618.16;1.5439;13305.38;WITHIN;
c6de877b-db1b-5afb-b040-ddd56f7ee07d;27fef5a5-f64f-53fe-84b3-0be16b6e8284;420;013573ad-8e1e-50ab-bfd5-140b70dbab8b;Jet A into-plane FLL B62020 24Sep N597JB;4500300355;00010;8505.000;LTR;1.2280;10444.14;U1;98.86;23a649b1-22f8-58fe-a595-12d47c124fd2;2ed55b81-9d66-5bfd-9b49-2b85603802a9;SHL-FLL-485078;175e4922-c915-528f-8b70-21b4bdfb5e0b;4500300355;5000300355;TICKET_NUMBER;FUELFLL;400000;MATCHED;0.00;0.00;NONE;a1de453f-8379-5a52-adac-cd626954facb;6764.88;1.5439;10444.14;WITHIN;
5dc13310-9a0b-5fba-8632-c59eebf11ebb;27fef5a5-f64f-53fe-84b3-0be16b6e8284;430;013573ad-8e1e-50ab-bfd5-140b70dbab8b;Jet A into-plane FLL B61680 24Sep N3145J;4500300364;00010;6723.000;LTR;1.2280;8255.84;U1;78.15;2fc47b5c-4b09-5345-9c73-7502db0d7348;ded34ce6-d785-5d85-b9bd-aeb43438604b;SHL-FLL-485080;a07d8210-e4d4-522b-9514-a2175f3d2eb4;4500300364;5000300364;TICKET_NUMBER;FUELFLL;400000;MATCHED;0.00;0.00;NONE;48a64442-19d1-5cc1-bf3f-3d64a895a531;5324.62;1.5505;8255.84;WITHIN;
22ec6aea-69d9-5e26-aee8-daf2f6dfd9a6;27fef5a5-f64f-53fe-84b3-0be16b6e8284;440;013573ad-8e1e-50ab-bfd5-140b70dbab8b;Jet A into-plane FLL B62094 24Sep N3258J;4500300371;00010;5637.000;LTR;1.2280;6922.24;U1;65.52;8a22e537-db8b-596e-8e19-7bfead7f321c;54d9bb67-3408-5342-88bc-7d0806e5b5c7;SHL-FLL-485081;d17eb720-62fe-504a-a11b-38c8dec2bc26;4500300371;5000300371;TICKET_NUMBER;FUELFLL;400000;MATCHED;0.00;0.00;NONE;b4ee4ddd-771a-5aa8-85d0-912f657c3432;4464.5;1.5505;6922.24;WITHIN;
3719b053-0d69-5aca-904f-5bb339dcd8b6;27fef5a5-f64f-53fe-84b3-0be16b6e8284;450;013573ad-8e1e-50ab-bfd5-140b70dbab8b;Jet A into-plane FLL B61453 24Sep N529JB;4500300390;00010;6192.000;LTR;1.2280;7603.78;U1;71.98;8e9cbc3a-528a-5bb4-a46e-565e768f701c;d8d792f7-e8e4-55da-9d2f-320fc5dbeca9;SHL-FLL-485084;0fc550df-36e6-5ef8-ae68-bf9e126c7f5e;4500300390;5000300390;TICKET_NUMBER;FUELFLL;400000;MATCHED;0.00;0.00;NONE;883bf99a-5532-57a8-bc09-6d58ce77ec71;4905.3;1.5501;7603.78;WITHIN;
2c1e872a-1196-5b44-b15b-3ea739886f15;27fef5a5-f64f-53fe-84b3-0be16b6e8284;460;013573ad-8e1e-50ab-bfd5-140b70dbab8b;Jet A into-plane FLL B6507 24Sep N944JT;4500300440;00010;16531.000;LTR;1.2280;20300.07;U1;192.16;69efdd07-fca6-587a-92a2-2622ef2defd7;fc1953d9-c02c-500b-95d4-fe711b336665;SHL-FLL-485085;b62563d8-3d8e-5bac-8de2-d109d1f77a4e;4500300440;5000300440;TICKET_NUMBER;FUELFLL;400000;MATCHED;0.00;0.00;NONE;5442ac1e-8974-5f06-8b77-1aca5087381f;13127.27;1.5464;20300.07;WITHIN;
b7b6702d-a9b6-5027-baf2-6ec2b8ffe9fa;27fef5a5-f64f-53fe-84b3-0be16b6e8284;470;013573ad-8e1e-50ab-bfd5-140b70dbab8b;Jet A into-plane FLL B62379 24Sep N809JB;4500300444;00010;7210.000;LTR;1.2280;8853.88;U1;83.81;6423bc10-e5ed-5c97-be45-b17fe63e25ba;cfa642d1-b99f-51f1-8406-9049fa59d136;SHL-FLL-485086;c910962b-34a0-5b4a-8b09-117c47f6ea1c;4500300444;5000300444;TICKET_NUMBER;FUELFLL;400000;MATCHED;0.00;0.00;NONE;d02edd6e-e9e3-5c54-b2a3-e7481b212062;5728.35;1.5456;8853.88;WITHIN;
c3c3b3ef-bb60-59bd-a763-8b61c6a87b06;27fef5a5-f64f-53fe-84b3-0be16b6e8284;480;013573ad-8e1e-50ab-bfd5-140b70dbab8b;Jet A into-plane FLL B6101 24Sep N983JT;4500300470;00010;15927.000;LTR;1.2280;19558.36;U1;185.14;c8ff96d5-b2a5-5526-8cdc-a8ca0f8645f3;346ba1ac-ba42-5728-bfd6-377e38fb7f54;SHL-FLL-485088;5e34c789-a0ee-5502-b43f-ff8b901a2073;4500300470;5000300470;TICKET_NUMBER;FUELFLL;400000;MATCHED;0.00;0.00;NONE;f6e0bc34-334a-5b71-ab68-bb5b13ea57f6;12631.7;1.5484;19558.36;WITHIN;
8cfe893b-d1e8-5f99-99ca-e9331244914c;27fef5a5-f64f-53fe-84b3-0be16b6e8284;490;013573ad-8e1e-50ab-bfd5-140b70dbab8b;Jet A into-plane FLL B61738 24Sep N661JB;4500300491;00010;9267.000;LTR;1.2280;11379.88;U1;107.72;af0c3247-1c82-56f7-a805-d2dadce48030;20f48592-efa5-554c-afc3-674c5817d3a1;SHL-FLL-485089;3d1c783f-1a30-5f1e-ab6d-b8056ef915e0;4500300491;5000300491;TICKET_NUMBER;FUELFLL;400000;MATCHED;0.00;0.00;NONE;2c3c358a-4256-50f3-ab80-758277c7c23f;7364.48;1.5452;11379.88;WITHIN;
ded954c9-9bb3-512a-b781-a90b21ddf467;27fef5a5-f64f-53fe-84b3-0be16b6e8284;500;013573ad-8e1e-50ab-bfd5-140b70dbab8b;Jet A into-plane FLL B61130 24Sep N645JB;4500300499;00010;4326.000;LTR;1.2280;5312.33;U1;50.29;f9d49a9b-7831-56d9-b89e-96175fdb53f0;57f3679a-2056-580e-9b9a-8fba98d7fa7c;SHL-FLL-485092;463d1c33-9506-52b0-9c0d-99e5ecd9434d;4500300499;5000300499;TICKET_NUMBER;FUELFLL;400000;MATCHED;0.00;0.00;NONE;2d188051-8abf-5892-9a7c-20bfc6639820;3427.92;1.5497;5312.33;WITHIN;
f5e9589d-0dd4-52b7-b1f6-3fe9d5b8fb9a;27fef5a5-f64f-53fe-84b3-0be16b6e8284;510;013573ad-8e1e-50ab-bfd5-140b70dbab8b;Jet A into-plane FLL B68614 24Sep N589JB;4500300506;00010;5807.000;LTR;1.2280;7131.00;U1;67.50;2af33416-ad60-59bc-affa-659b2c3630c9;92fd9683-5ddf-5619-9dad-a76aad7fb302;SHL-FLL-485094;ab810f5b-3f69-5df2-b29a-8bf6687cae0a;4500300506;5000300506;TICKET_NUMBER;FUELFLL;400000;MATCHED;0.00;0.00;NONE;e29fb1c9-e713-5578-8d3a-563f3376daf1;4592.76;1.5527;7131;WITHIN;
53ae1c3c-dc13-5e5a-a96a-79ded4a593dd;27fef5a5-f64f-53fe-84b3-0be16b6e8284;520;013573ad-8e1e-50ab-bfd5-140b70dbab8b;Jet A into-plane FLL B62098 24Sep N599JB;4500300514;00010;6195.000;LTR;1.2280;7607.46;U1;72.01;7a479da2-16d9-5c79-969e-434cc9a86602;1ae5b61c-fa20-5154-949c-54cae602d8a8;SHL-FLL-485097;b2d1ae85-84aa-59f6-be9c-a932bb76bdf1;4500300514;5000300514;TICKET_NUMBER;FUELFLL;400000;MATCHED;0.00;0.00;NONE;8d8b6429-157f-5760-b266-a1a051f36389;4910.78;1.5491;7607.46;WITHIN;
d467f33e-f12e-5844-bae4-faaf27596bf6;27fef5a5-f64f-53fe-84b3-0be16b6e8284;530;013573ad-8e1e-50ab-bfd5-140b70dbab8b;Jet A into-plane FLL B6472 24Sep N580JB;4500300522;00010;8996.000;LTR;1.2280;11047.09;U1;104.57;8b97fc7f-f975-5f47-ac8d-a483b343425e;3a6bc7ff-e16d-555a-9a7e-b40caade0e1b;SHL-FLL-485098;9a23a1f0-ce25-5f5c-b622-cffdee5b1614;4500300522;5000300522;TICKET_NUMBER;FUELFLL;400000;MATCHED;0.00;0.00;NONE;1818eefc-4991-5f03-abc1-6ef84c1a48ea;7143.72;1.5464;11047.09;WITHIN;
91147e0b-41c9-554a-a69f-7589aee47d4d;27fef5a5-f64f-53fe-84b3-0be16b6e8284;540;013573ad-8e1e-50ab-bfd5-140b70dbab8b;Jet A into-plane FLL B62702 24Sep N2017J;4500300577;00010;6953.000;LTR;1.2280;8538.28;U1;80.82;111bb4a7-d3df-55cf-a5ec-21bbbc5f2100;bed4b9de-2931-5064-a60b-666f1e631711;SHL-FLL-485101;29341c42-219c-5aee-977d-11dc8daebae7;4500300577;5000300577;TICKET_NUMBER;FUELFLL;400000;MATCHED;0.00;0.00;NONE;b03b0a0f-c25e-5739-87c4-91d450e090d3;5503.99;1.5513;8538.28;WITHIN;
46ec8fdd-d47a-564d-8a9e-b6a732f599b0;27fef5a5-f64f-53fe-84b3-0be16b6e8284;550;013573ad-8e1e-50ab-bfd5-140b70dbab8b;Jet A into-plane FLL B6672 24Sep N663JB;4500300585;00010;8031.000;LTR;1.2280;9862.07;U1;93.35;561396c7-9d46-55b8-9bd5-9d39e440a83c;a71adef8-a3bf-59d5-89f6-03a676ffc951;SHL-FLL-485104;fe910a71-b91b-5405-a227-66f04f11e5c7;4500300585;5000300585;TICKET_NUMBER;FUELFLL;400000;MATCHED;0.00;0.00;NONE;efe686f1-13d2-52ff-a54b-970d6ecbab6c;6374.2;1.5472;9862.07;WITHIN;
9d5bbec6-e4a0-54c9-918c-9269f0e52cf1;27fef5a5-f64f-53fe-84b3-0be16b6e8284;560;013573ad-8e1e-50ab-bfd5-140b70dbab8b;Jet A into-plane FLL B61880 24Sep N709JB;4500300591;00010;7454.000;LTR;1.2280;9153.51;U1;86.65;cc9a040e-2895-564e-a7d7-213450b03dec;766704b1-50eb-55b5-8663-1c1dcaa2910e;SHL-FLL-485106;839b8c23-775b-5082-aade-d815b9feddee;4500300591;5000300591;TICKET_NUMBER;FUELFLL;400000;MATCHED;0.00;0.00;NONE;303f5aba-ec57-5876-a8b7-83af351f7eb2;5899.84;1.5515;9153.51;WITHIN;
4f8a4501-5e52-5cf9-a55a-cfaf37c4cf3b;27fef5a5-f64f-53fe-84b3-0be16b6e8284;570;013573ad-8e1e-50ab-bfd5-140b70dbab8b;Jet A into-plane FLL B6914 24Sep N520JB;4500300594;00010;7356.000;LTR;1.2280;9033.17;U1;85.51;b6e4f36a-8772-52ab-8690-2ad3ad9ef7f4;14f48e9a-fc6a-52f6-aefa-ea62a848529f;SHL-FLL-485108;ea14372a-cdc1-54c6-baf2-2041fa524793;4500300594;5000300594;TICKET_NUMBER;FUELFLL;400000;MATCHED;0.00;0.00;NONE;9f7d3e73-4ef2-598b-a972-6c34c31aaf92;5845.81;1.5452;9033.17;WITHIN;
fd158325-8021-52b3-a1b8-d0887ebd033b;27fef5a5-f64f-53fe-84b3-0be16b6e8284;580;013573ad-8e1e-50ab-bfd5-140b70dbab8b;Jet A into-plane FLL B62271 24Sep N564JB;4500300627;00010;8692.000;LTR;1.2280;10673.78;U1;101.04;6c48feab-0fb0-56fd-b1bc-61ca661e1e26;f77b9bcd-ff4e-5474-b96e-47d3418d850e;SHL-FLL-485110;ce798372-9c0b-5eb2-9744-1a546469c7c9;4500300627;5000300627;TICKET_NUMBER;FUELFLL;400000;MATCHED;0.00;0.00;NONE;40904514-b357-530a-8226-8b112d05847b;6874.5;1.5527;10673.78;WITHIN;
7f237a8f-b28c-5aa5-b7da-1d6f9ce01572;27fef5a5-f64f-53fe-84b3-0be16b6e8284;590;013573ad-8e1e-50ab-bfd5-140b70dbab8b;Jet A into-plane FLL B6572 24Sep N615JB;4500300629;00010;6815.000;LTR;1.2280;8368.82;U1;79.22;2c0cbed7-d20e-58fd-a6c1-a173bd69c463;c38355e3-ddbb-51a7-96af-2cc3d4ce8485;SHL-FLL-485113;a17aca96-fbd5-58f9-b883-3bb09f4bb379;4500300629;5000300629;TICKET_NUMBER;FUELFLL;400000;MATCHED;0.00;0.00;NONE;957a1231-c64e-5abf-9e46-809523840a10;5417.93;1.5447;8368.82;WITHIN;
4cffbe3e-e55f-5628-9343-68db0c00f1ee;27fef5a5-f64f-53fe-84b3-0be16b6e8284;600;013573ad-8e1e-50ab-bfd5-140b70dbab8b;Jet A into-plane FLL B688 24Sep N793JB;4500300635;00010;6806.000;LTR;1.2280;8357.77;U1;79.11;fefb5ea6-f16d-5efa-86d3-30ecc13200a6;3f585590-012f-5fb7-aeff-b697135607d9;SHL-FLL-485115;f7b4459b-c678-5b14-99a6-3c416c02a76b;4500300635;5000300635;TICKET_NUMBER;FUELFLL;400000;MATCHED;0.00;0.00;NONE;85e02dec-d821-55bf-8d82-789639fa86fd;5401.24;1.5474;8357.77;WITHIN;
2b428206-b733-5b06-ba3e-731526c59825;27fef5a5-f64f-53fe-84b3-0be16b6e8284;610;013573ad-8e1e-50ab-bfd5-140b70dbab8b;Jet A into-plane FLL B61196 24Sep N794JB;4500300652;00010;7660.000;LTR;1.2280;9406.48;U1;89.04;996a4d9d-d89e-5b22-87dc-bc976f4156ca;df9e3a94-01c4-5e22-b8a1-f3ae501dbb9b;SHL-FLL-485116;0dd4ae0e-14d5-51b0-965f-819e76a373fd;4500300652;5000300652;TICKET_NUMBER;FUELFLL;400000;MATCHED;0.00;0.00;NONE;f94af42b-7ed6-5874-9515-2a2df5f0ad20;6072.85;1.5489;9406.48;WITHIN;
eab0f7fc-5501-54ab-a983-d6adb7488fa7;27fef5a5-f64f-53fe-84b3-0be16b6e8284;620;013573ad-8e1e-50ab-bfd5-140b70dbab8b;Jet A into-plane FLL B6460 24Sep N705JB;4500300653;00010;8527.000;LTR;1.2280;10471.16;U1;99.12;fb5948d0-214d-525b-af8e-03b6abf617af;f44c0051-a730-5c85-8e07-bf9cb4251ea2;SHL-FLL-485119;f41ae281-6f9b-58ae-857f-a0cf7287aed4;4500300653;5000300653;TICKET_NUMBER;FUELFLL;400000;MATCHED;0.00;0.00;NONE;0207872f-a393-529a-a835-f00dddd4d8d9;6744;1.5527;10471.16;WITHIN;
a6fe85dc-7701-5039-acbe-54edcbd43cc9;27fef5a5-f64f-53fe-84b3-0be16b6e8284;630;013573ad-8e1e-50ab-bfd5-140b70dbab8b;Jet A into-plane FLL B6277 24Sep N935JB;4500300654;00010;20382.000;LTR;1.2280;25029.10;U1;236.92;7c5d8525-eec6-557d-9ce3-b8f4028b49ff;e3ed7ff2-ed78-5f1c-aea2-2dc8cedda931;SHL-FLL-485121;662d2c5a-72e4-55c7-81d3-07613f892d5e;4500300654;5000300654;TICKET_NUMBER;FUELFLL;400000;MATCHED;0.00;0.00;NONE;ea60e7d7-1d68-5b31-a0d1-1edcce565ab7;16164.96;1.5484;25029.1;WITHIN;
8686f917-a6fa-549b-a14c-ce3f5b67c3d8;27fef5a5-f64f-53fe-84b3-0be16b6e8284;640;013573ad-8e1e-50ab-bfd5-140b70dbab8b;Jet A into-plane FLL B61800 24Sep N606JB;4500300656;00010;5410.000;LTR;1.2280;6643.48;U1;62.89;b27b60ee-3b95-5824-b8c6-ff2248eb52cf;2414532c-d3c1-58ba-bd0f-5888a5aaa21f;SHL-FLL-485123;ee4915c8-748c-5a10-807f-1cf56d5a8a55;4500300656;5000300656;TICKET_NUMBER;FUELFLL;400000;MATCHED;0.00;0.00;NONE;24e72eb9-3d94-5031-9101-de878660ac44;4292.84;1.5476;6643.48;WITHIN;
e9b9e415-87ac-5c7b-bcf8-8b4bde2f73ca;27fef5a5-f64f-53fe-84b3-0be16b6e8284;650;013573ad-8e1e-50ab-bfd5-140b70dbab8b;Jet A into-plane FLL B62501 24Sep N947JB;4500300661;00010;19220.000;LTR;1.2280;23602.16;U1;223.41;a2c0257f-bf57-5354-977c-d2761d983460;7b2d8696-a1a0-58be-ba2f-06683869688e;SHL-FLL-485126;6f120dd2-9250-52ce-991e-bd23348ba6f9;4500300661;5000300661;TICKET_NUMBER;FUELFLL;400000;MATCHED;0.00;0.00;NONE;bb3c1b31-70fb-5349-a556-702e2b8bc168;15277.98;1.5448;23602.16;WITHIN;
f94c97de-e07c-5980-af4c-9a08702a69ce;27fef5a5-f64f-53fe-84b3-0be16b6e8284;660;013573ad-8e1e-50ab-bfd5-140b70dbab8b;Jet A into-plane FLL B61798 24Sep N3280J;4500300663;00010;2864.000;LTR;1.2280;3516.99;U1;33.29;0c224d37-69ed-5baa-bb64-30d4dbf928f0;f48713dd-4aea-5b62-a36e-d7a53e8e3853;SHL-FLL-485127;64ca9c97-8c1f-5a40-9d5f-e6bb56e3284c;4500300663;5000300663;TICKET_NUMBER;FUELFLL;400000;MATCHED;0.00;0.00;NONE;dfca8d64-aa76-57a4-9886-44c88df84c44;2265.71;1.5523;3516.99;WITHIN;
d2ac3a4a-386f-5cd1-be0a-8cedcd872258;27fef5a5-f64f-53fe-84b3-0be16b6e8284;670;013573ad-8e1e-50ab-bfd5-140b70dbab8b;Jet A into-plane FLL B6376 24Sep N598JB;4500300666;00010;7355.000;LTR;1.2280;9031.94;U1;85.49;63ee5ff2-b1dd-585f-8ccd-b505f8ccd2ec;828f9cce-5b1e-5cd6-8c58-bfdac658b45a;SHL-FLL-485129;286af585-1b2f-59c1-ba46-4486f53ffb3a;4500300666;5000300666;TICKET_NUMBER;FUELFLL;400000;MATCHED;0.00;0.00;NONE;09b904ff-be54-52f6-b1e2-9588d2c702a8;5843.55;1.5456;9031.94;WITHIN;
8014de2c-5c30-5458-9eb7-99dff78ef97e;27fef5a5-f64f-53fe-84b3-0be16b6e8284;680;013573ad-8e1e-50ab-bfd5-140b70dbab8b;Jet A into-plane FLL B61902 24Sep N905JB;4500300667;00010;10323.000;LTR;1.2280;12676.64;U1;119.99;52c7a1d9-0503-5918-9e31-6b21cb8e20dc;19d04374-96ca-5ad9-a0cb-1be868d5fbf5;SHL-FLL-485132;ff19f6da-d982-56bf-b15c-e7a627594d75;4500300667;5000300667;TICKET_NUMBER;FUELFLL;400000;MATCHED;0.00;0.00;NONE;ec0c9e0f-06f0-596d-ba86-4e848f95b513;8165.49;1.5525;12676.64;WITHIN;
e10b8811-9de0-5dbc-85d0-cf94f5ac2d22;27fef5a5-f64f-53fe-84b3-0be16b6e8284;690;013573ad-8e1e-50ab-bfd5-140b70dbab8b;Jet A into-plane FLL B61948 24Sep N607JB;4500300668;00010;625.000;LTR;1.2280;767.50;U1;7.27;8bd0747f-0019-5f18-9b3c-f7547d106890;102b2a69-3bc6-5b67-b6ae-409a215c21ac;SHL-FLL-485135;c4db56bf-881c-5425-98b7-41c60cdd670f;4500300668;5000300668;TICKET_NUMBER;FUELFLL;400000;MATCHED;0.00;0.00;NONE;f6be677c-104f-5562-a6f2-e56d68f0663b;494.5;1.5521;767.5;WITHIN;
12714f90-f090-5464-ae3d-22e1b8bfd25b;27fef5a5-f64f-53fe-84b3-0be16b6e8284;700;013573ad-8e1e-50ab-bfd5-140b70dbab8b;Jet A into-plane FLL B62149 24Sep N566JB;4500300672;00010;5028.000;LTR;1.2280;6174.38;U1;58.45;00fa8392-b093-5864-a964-9baadfa121d5;f03f456b-7f8e-57bb-8f3b-2f380925e8b1;SHL-FLL-485136;4721cbd2-3383-51ae-a78f-5e430fd08bcf;4500300672;5000300672;TICKET_NUMBER;FUELFLL;400000;MATCHED;0.00;0.00;NONE;1bb152a6-8107-5710-a958-0ed7466c82c1;3979.16;1.5517;6174.38;WITHIN;
6a077437-0903-51cd-9373-1326822ba70f;27fef5a5-f64f-53fe-84b3-0be16b6e8284;710;013573ad-8e1e-50ab-bfd5-140b70dbab8b;Jet A into-plane FLL B6863 24Sep N658JB;4500300681;00010;10441.000;LTR;1.2280;12821.55;U1;121.37;2c034517-e675-54b6-a0f2-d3bf7d57e44d;f2c6008a-3ab2-5734-ada0-09d2940a013b;SHL-FLL-485137;44bac977-c268-53e5-a5c1-4fbeece98daf;4500300681;5000300681;TICKET_NUMBER;FUELFLL;400000;MATCHED;0.00;0.00;NONE;665c3b55-cdd4-556b-bd24-e88a6e6c4dfb;8265.1;1.5513;12821.55;WITHIN;
b18cac05-2062-5619-817c-7acf9a865500;27fef5a5-f64f-53fe-84b3-0be16b6e8284;720;013573ad-8e1e-50ab-bfd5-140b70dbab8b;Jet A into-plane FLL B618 24Sep N597JB;4500300682;00010;2370.000;LTR;1.2280;2910.36;U1;27.55;a000706a-d922-53fd-9471-398ba16098d5;5058d4f3-a3a4-5286-899e-71e9b1336b20;SHL-FLL-485138;38f9839f-2062-5555-8b33-f8575c385c9a;4500300682;5000300682;TICKET_NUMBER;FUELFLL;400000;MATCHED;0.00;0.00;NONE;9aee386a-95c3-52f5-841b-88fc4ba56c72;1876.8;1.5507;2910.36;WITHIN;
cbfb0f79-c26c-5e26-98fc-232efce69901;27fef5a5-f64f-53fe-84b3-0be16b6e8284;730;013573ad-8e1e-50ab-bfd5-140b70dbab8b;Jet A into-plane FLL B6470 24Sep N636JB;4500300683;00010;8018.000;LTR;1.2280;9846.10;U1;93.20;aad08016-f62d-5db1-86bb-ef94af82b86e;6298c807-f8f1-580a-9f2a-5c4c70198715;SHL-FLL-485140;55664166-4775-5817-aac4-9ae24056ca72;4500300683;5000300683;TICKET_NUMBER;FUELFLL;400000;MATCHED;0.00;0.00;NONE;d4d74252-6576-590d-97a1-68693adcad4f;6359.08;1.5484;9846.1;WITHIN;
2394acd6-a683-584f-8f3b-608c6beeebd5;27fef5a5-f64f-53fe-84b3-0be16b6e8284;740;013573ad-8e1e-50ab-bfd5-140b70dbab8b;Jet A into-plane FLL B62008 24Sep N3203J;4500300686;00010;5317.000;LTR;1.2280;6529.28;U1;61.80;01b6cf51-ede6-5975-a16e-a6bd25d212c6;0a6ff78a-dfd3-5dcc-86b1-97140fafb38a;SHL-FLL-485143;c478dae2-524f-5168-8db1-9a69226dacd8;4500300686;5000300686;TICKET_NUMBER;FUELFLL;400000;MATCHED;0.00;0.00;NONE;eb01092e-5e62-5848-9800-847e8e61835d;4214.25;1.5493;6529.28;WITHIN;
2b96acf7-b75d-589a-bf44-3173c40e87e5;27fef5a5-f64f-53fe-84b3-0be16b6e8284;750;013573ad-8e1e-50ab-bfd5-140b70dbab8b;Jet A into-plane FLL B6706 24Sep N656JB;4500300693;00010;8510.000;LTR;1.2280;10450.28;U1;98.92;03bff07c-62b8-5e7f-a9e0-ca95b67c3db4;1f30265b-d4d1-555a-97b8-4139d6e16e5e;SHL-FLL-485144;726fc744-449b-5385-b9d7-721a6dc9307e;4500300693;5000300693;TICKET_NUMBER;FUELFLL;400000;MATCHED;0.00;0.00;NONE;db91695e-3d04-5888-b5bc-3a345e4155d0;6742.47;1.5499;10450.28;WITHIN;
5cbdc057-e3cd-5ed5-a87f-b8463c97c4d0;27fef5a5-f64f-53fe-84b3-0be16b6e8284;760;013573ad-8e1e-50ab-bfd5-140b70dbab8b;Jet A into-plane FLL B6577 25Sep N985JT;4500300750;00010;20722.000;LTR;1.2386;25666.27;U1;240.87;039f9c25-f7e2-506d-a2d3-eb8703202163;365ba497-7f94-5da8-bc1d-000d64b8e86a;SHL-FLL-485145;224929fc-392b-5465-8fec-4a9b0a1f1376;4500300750;5000300750;TICKET_NUMBER;FUELFLL;400000;MATCHED;0.00;0.00;NONE;7775a40b-eef9-5019-b2dc-3a353c2fcce0;16451.2;1.5601;25666.27;WITHIN;
2f122335-7001-5d8a-acc6-542ef954ae40;27fef5a5-f64f-53fe-84b3-0be16b6e8284;770;013573ad-8e1e-50ab-bfd5-140b70dbab8b;Jet A into-plane FLL B6302 25Sep N638JB;4500300752;00010;7810.000;LTR;1.2386;9673.47;U1;90.78;b65338a9-1f0d-56bc-9570-cec295e96bac;3c6ad5bf-e277-5e49-9e4f-dad9b71f7c4b;SHL-FLL-485147;bfab9925-f28d-517b-af07-3c63a16fc385;4500300752;5000300752;TICKET_NUMBER;FUELFLL;400000;MATCHED;0.00;0.00;NONE;6793c8a2-b060-5332-a678-f631764b3ba8;6171.46;1.5675;9673.47;WITHIN;
7b999057-deae-5551-9b6b-636d4c0527c7;27fef5a5-f64f-53fe-84b3-0be16b6e8284;780;013573ad-8e1e-50ab-bfd5-140b70dbab8b;Jet A into-plane FLL B6690 25Sep N563JB;4500300766;00010;9632.000;LTR;1.2386;11930.20;U1;111.96;436d15fb-932f-5654-a9ef-4c20624d40ba;bdc97b4f-272a-54a7-b4d0-a3ab78aa4130;SHL-FLL-485150;93904ed1-d0ef-5b4a-9402-eb463b183991;4500300766;5000300766;TICKET_NUMBER;FUELFLL;400000;MATCHED;0.00;0.00;NONE;7a6d08e2-b00d-5104-9f52-6a7692b103e0;7617.95;1.5661;11930.2;WITHIN;
901ead6e-d2b3-53b4-b32f-36047a8120d6;27fef5a5-f64f-53fe-84b3-0be16b6e8284;790;013573ad-8e1e-50ab-bfd5-140b70dbab8b;Jet A into-plane FLL B6172 25Sep N599JB;4500300774;00010;8437.000;LTR;1.2386;10450.07;U1;98.07;cb8f553c-8895-572f-b214-091fa6dd9ec2;d6a41fe6-c9d4-50ab-8a93-56dca72555da;SHL-FLL-485151;20913aa6-3840-522b-a26f-07010758a9f0;4500300774;5000300774;TICKET_NUMBER;FUELFLL;400000;MATCHED;0.00;0.00;NONE;9bf2f1d7-abdd-55a9-baba-355efee4f63a;6676.2;1.5653;10450.07;WITHIN;
bb0d87c5-79c7-5e35-bfcf-b25ecf563b3e;27fef5a5-f64f-53fe-84b3-0be16b6e8284;800;013573ad-8e1e-50ab-bfd5-140b70dbab8b;Jet A into-plane FLL B6753 25Sep N661JB;4500300776;00010;6152.000;LTR;1.2386;7619.87;U1;71.51;4b8c60a8-7c98-5fd1-a5ce-d852118fb1fb;ba7c22a6-3f8f-5ed4-a617-faad131a0167;SHL-FLL-485154;16aa0c48-f64b-5d8c-bf11-82ff1e8581fd;4500300776;5000300776;TICKET_NUMBER;FUELFLL;400000;MATCHED;0.00;0.00;NONE;68c7e243-c540-5405-8695-7471e169b528;4879.15;1.5617;7619.87;WITHIN;
168ec594-5191-5959-8c36-9d245bf0c0e8;27fef5a5-f64f-53fe-84b3-0be16b6e8284;810;013573ad-8e1e-50ab-bfd5-140b70dbab8b;Jet A into-plane FLL B61301 25Sep N991JT;4500300810;00010;16545.000;LTR;1.2386;20492.64;U1;192.32;1838a7a4-3f67-5288-931c-944aca9e3b67;56fd0636-acac-5207-8fe9-023ef6347f3d;SHL-FLL-485157;501a42e6-ffe8-5ef0-aacc-22ffb54097d3;4500300810;5000300810;TICKET_NUMBER;FUELFLL;400000;MATCHED;0.00;0.00;NONE;44105c25-9a5b-521e-b2f9-5e8bf92f4b11;13105.29;1.5637;20492.64;WITHIN;
d395a5c8-3acd-5aa1-b6bb-0b1317ab5e9e;27fef5a5-f64f-53fe-84b3-0be16b6e8284;820;013573ad-8e1e-50ab-bfd5-140b70dbab8b;Jet A into-plane FLL B61480 25Sep N657JB;4500300827;00010;7216.000;LTR;1.2386;8937.74;U1;83.88;ce46ce08-13c5-50e6-9107-a23c6d451682;9eacb0e2-124f-5fce-ab75-1432d5f2cc8f;SHL-FLL-485159;4ab30388-cae7-5f40-9990-b4c06f79cc8d;4500300827;5000300827;TICKET_NUMBER;FUELFLL;400000;MATCHED;0.00;0.00;NONE;a50407f9-0401-51bf-9b30-6ad1ea0dc56b;5715.79;1.5637;8937.74;WITHIN;
b90ad290-58a2-5647-86f9-edf0cc4816e4;27fef5a5-f64f-53fe-84b3-0be16b6e8284;830;013573ad-8e1e-50ab-bfd5-140b70dbab8b;Jet A into-plane FLL B6707 25Sep N986JB;4500300834;00010;16939.000;LTR;1.2386;20980.65;U1;196.90;b9d6be48-bd5d-52fc-b53d-f8ba506489ce;371fcae1-41d2-54ea-a4a7-77d500bcea1d;SHL-FLL-485161;aff0d9a6-ae79-5c4a-ae50-a94c87bfc0ea;4500300834;5000300834;TICKET_NUMBER;FUELFLL;400000;MATCHED;0.00;0.00;NONE;6afda1e5-7c28-51f9-857b-0a6edc8474fa;13408.91;1.5647;20980.65;WITHIN;
7faaeb3a-db00-5cce-935f-91e90a1748c8;27fef5a5-f64f-53fe-84b3-0be16b6e8284;840;013573ad-8e1e-50ab-bfd5-140b70dbab8b;Jet A into-plane FLL B62179 25Sep N535JB;4500300838;00010;6647.000;LTR;1.2386;8232.97;U1;77.26;b9e91648-47fe-5ba7-8d60-43922a1477b8;6e6479a4-5da0-5a00-8691-4c8ebb6cf15e;SHL-FLL-485164;6dd109e6-fcb8-5465-814b-408b48811dc9;4500300838;5000300838;TICKET_NUMBER;FUELFLL;400000;MATCHED;0.00;0.00;NONE;0a87a5f1-5fba-570b-8a69-890ad4cd2b92;5272.4;1.5615;8232.97;WITHIN;
7c2a12d1-6070-5a15-98fa-1916ab883a00;27fef5a5-f64f-53fe-84b3-0be16b6e8284;850;013573ad-8e1e-50ab-bfd5-140b70dbab8b;Jet A into-plane FLL B6686 25Sep N649JB;4500300850;00010;8521.000;LTR;1.2386;10554.11;U1;99.05;f41a5f16-90db-527f-a2f6-16477a662c6b;d6c2f166-fe37-52e2-bf57-fbb6f04e3716;SHL-FLL-485167;0c6566ca-8166-5636-aa2b-ef02f8a6e5c2;4500300850;5000300850;TICKET_NUMBER;FUELFLL;400000;MATCHED;0.00;0.00;NONE;1e1bfb2b-80fe-5112-ad55-2d347b5fe631;6733.29;1.5675;10554.11;WITHIN;
6d22c32d-4cc1-5a19-a5b1-17bddd24afe3;27fef5a5-f64f-53fe-84b3-0be16b6e8284;860;013573ad-8e1e-50ab-bfd5-140b70dbab8b;Jet A into-plane FLL B62994 25Sep N3255J;4500300857;00010;5453.000;LTR;1.2386;6754.09;U1;63.39;40fd796e-7796-5614-8f43-ec5e4b39258e;f0715ef7-9310-526f-b839-5a8990ad65f6;SHL-FLL-485170;076a1941-ab89-5493-85c2-5c58c061c4e9;4500300857;5000300857;TICKET_NUMBER;FUELFLL;400000;MATCHED;0.00;0.00;NONE;3e0b0715-21cf-5cae-885d-e4bbe692e7f6;4304.6;1.569;6754.09;WITHIN;
7d589e2c-34a1-5f0a-8ae3-c7a62aa04d85;27fef5a5-f64f-53fe-84b3-0be16b6e8284;870;013573ad-8e1e-50ab-bfd5-140b70dbab8b;Jet A into-plane FLL B61002 25Sep N955JB;4500300875;00010;8427.000;LTR;1.2386;10437.68;U1;97.96;ca2f4415-f509-5dbc-aa71-a413acbb8095;b7769ec3-5f4a-5898-a4e3-fb5d004318b4;SHL-FLL-485173;8684e80d-ee10-5b46-bdde-00c5eac20171;4500300875;5000300875;TICKET_NUMBER;FUELFLL;400000;MATCHED;0.00;0.00;NONE;8f253fba-4073-5adc-b51b-d2d3b9f54881;6682.61;1.5619;10437.68;WITHIN;
a127222d-6606-5a78-9449-0052402f4fb8;27fef5a5-f64f-53fe-84b3-0be16b6e8284;880;013573ad-8e1e-50ab-bfd5-140b70dbab8b;Jet A into-plane FLL B6979 25Sep N612JB;4500300899;00010;9313.000;LTR;1.2386;11535.08;U1;108.25;254826ef-79fd-5bdf-a6ca-7c1b40c3423a;bfdbb657-dfed-5ea0-a8d1-f461d14efdfb;SHL-FLL-485175;262e62dc-74cd-5b06-935f-423cfded49c3;4500300899;5000300899;TICKET_NUMBER;FUELFLL;400000;MATCHED;0.00;0.00;NONE;721d725a-0cff-5800-b25c-2ba46e00f562;7356.34;1.568;11535.08;WITHIN;
1e7bdf3e-9b2a-57da-94d4-8c470fad7642;27fef5a5-f64f-53fe-84b3-0be16b6e8284;890;013573ad-8e1e-50ab-bfd5-140b70dbab8b;Jet A into-plane FLL B69004 25Sep N958JB;4500300907;00010;6105.000;LTR;1.2386;7561.65;U1;70.96;472150e1-b0fc-51ff-bfed-ab3b1ef75e01;a3696b39-33f1-55ae-b1c4-ab093f3493af;SHL-FLL-485176;5eb5e4c1-97c5-5184-910c-ffa8694a475d;4500300907;5000300907;TICKET_NUMBER;FUELFLL;400000;MATCHED;0.00;0.00;NONE;9a052257-0b5f-5112-8c82-d948ba253d86;4838.82;1.5627;7561.65;WITHIN;
cdca9906-5d40-51a6-8b89-6b3cfbee9f02;27fef5a5-f64f-53fe-84b3-0be16b6e8284;900;013573ad-8e1e-50ab-bfd5-140b70dbab8b;Jet A into-plane FLL B62801 25Sep N937JB;4500300912;00010;18026.000;LTR;1.2386;22327.00;U1;209.53;a0f3bb8b-318c-56a6-9770-8d45b6285904;25a6ad03-a7ea-59c8-a346-04569c6ff1e5;SHL-FLL-485177;0f13661c-3e08-59f1-b104-23604d4d95cd;4500300912;5000300912;TICKET_NUMBER;FUELFLL;400000;MATCHED;0.00;0.00;NONE;f8c826fc-b1d8-5142-9b78-fbfdef7331bf;14263.97;1.5653;22327;WITHIN;
422595e5-3c8d-54ad-83b5-5ef40b7330da;27fef5a5-f64f-53fe-84b3-0be16b6e8284;910;013573ad-8e1e-50ab-bfd5-140b70dbab8b;Jet A into-plane FLL B6270 25Sep N995JL;4500300923;00010;9647.000;LTR;1.2386;11948.77;U1;112.14;ef7c63bd-451d-581b-a24f-da68eb8ebebd;ddd0aa96-1536-51eb-b0bc-8f8980d070cf;SHL-FLL-485180;04c19a23-ef96-59de-acdb-c23508b4d5c2;4500300923;5000300923;TICKET_NUMBER;FUELFLL;400000;MATCHED;0.00;0.00;NONE;234330b9-4ef8-55d1-824c-a51e23ec6a9d;7629.81;1.5661;11948.77;WITHIN;
6eb7bae8-d9ca-5f31-ac43-9288508f3cd6;27fef5a5-f64f-53fe-84b3-0be16b6e8284;920;013573ad-8e1e-50ab-bfd5-140b70dbab8b;Jet A into-plane FLL B69010 25Sep N570JB;4500300929;00010;6027.000;LTR;1.2386;7465.04;U1;70.06;3be43fb8-c7a2-5177-8d61-a9e95d3bbb8a;8ea9afd5-fa53-5282-b2c7-92b1859916df;SHL-FLL-485182;0bb8cd16-42f0-5f12-b578-7f99279b8fc5;4500300929;5000300929;TICKET_NUMBER;FUELFLL;400000;MATCHED;0.00;0.00;NONE;611f42bf-e129-5b85-a14e-0bf3718d3d78;4778.81;1.5621;7465.04;WITHIN;
3345e653-5fda-535d-9bd1-7d8308a34e0f;27fef5a5-f64f-53fe-84b3-0be16b6e8284;930;013573ad-8e1e-50ab-bfd5-140b70dbab8b;Jet A into-plane FLL B61698 25Sep N3145J;4500300952;00010;3774.000;LTR;1.2386;4674.48;U1;43.87;93c30cb6-f8f4-58a5-86a1-7ec97f1b3430;35c732cf-cc60-58b5-8c1c-94d08a4a3b20;SHL-FLL-485183;0bac5d94-b4a7-5fb7-981c-16eba4c90d7b;4500300952;5000300952;TICKET_NUMBER;FUELFLL;400000;MATCHED;0.00;0.00;NONE;fdd7e164-17f8-5a01-a3f0-90bc693c5c08;2996.18;1.5601;4674.48;WITHIN;
ed82c66d-c24c-59d1-86ed-772eaed17b8f;27fef5a5-f64f-53fe-84b3-0be16b6e8284;940;013573ad-8e1e-50ab-bfd5-140b70dbab8b;Jet A into-plane FLL B62922 25Sep N746JB;4500300965;00010;14578.000;LTR;1.2386;18056.31;U1;169.45;ee484354-46f1-55e1-b2b9-9358f07ff980;2b0afc6b-669f-50be-8031-123afa422e2d;SHL-FLL-485185;4f074226-c433-53c9-a56d-fe027a55344a;4500300965;5000300965;TICKET_NUMBER;FUELFLL;400000;MATCHED;0.00;0.00;NONE;1a24be5e-d998-5faa-b9ea-41d13259e085;11547.23;1.5637;18056.31;WITHIN;
aa9da72a-ed38-558e-a310-4cf400ce0ccf;27fef5a5-f64f-53fe-84b3-0be16b6e8284;950;013573ad-8e1e-50ab-bfd5-140b70dbab8b;Jet A into-plane FLL B62548 25Sep N623JB;4500300967;00010;1350.000;LTR;1.2386;1672.11;U1;15.69;9cdac241-17a6-547c-bb48-8d592047974f;043f2538-8fb5-5c56-9a25-02b7a171d4fc;SHL-FLL-485186;127a4714-77cb-56c2-808a-a78498029b07;4500300967;5000300967;TICKET_NUMBER;FUELFLL;400000;MATCHED;0.00;0.00;NONE;de1d71ae-c6b3-5890-9f41-216437e306d2;1070.28;1.5623;1672.11;WITHIN;
f1b8f069-d68c-5747-be4a-3202c5bba077;27fef5a5-f64f-53fe-84b3-0be16b6e8284;960;013573ad-8e1e-50ab-bfd5-140b70dbab8b;Jet A into-plane FLL B6663 25Sep N658JB;4500300980;00010;9230.000;LTR;1.2386;11432.28;U1;107.29;224adb9c-2fc8-5aed-a11b-662d90146870;ba5c4ee0-8f85-5353-b686-693e18c41766;SHL-FLL-485188;6687337c-068e-52fc-9b04-2eb91d1bb83d;4500300980;5000300980;TICKET_NUMBER;FUELFLL;400000;MATCHED;0.00;0.00;NONE;895c04db-f134-5f42-8d11-c47a8b920562;7307.39;1.5645;11432.28;WITHIN;
5583be0a-395b-568b-8db7-80a329ac5a7a;27fef5a5-f64f-53fe-84b3-0be16b6e8284;970;013573ad-8e1e-50ab-bfd5-140b70dbab8b;Jet A into-plane FLL B62102 25Sep N2039J;4500300989;00010;8058.000;LTR;1.2386;9980.64;U1;93.67;448feefc-dbbf-5587-9397-60de2415a7d4;9b6be78e-f184-5510-9e19-f0fb923935fb;SHL-FLL-485191;4bbf0a7d-d8fa-5576-9880-21e92469fb7d;4500300989;5000300989;TICKET_NUMBER;FUELFLL;400000;MATCHED;0.00;0.00;NONE;37b7c50f-3515-5f87-829f-8eb7c16db788;6361.79;1.5688;9980.64;WITHIN;
f348cdb8-3255-5ea1-9632-2f1440b854af;27fef5a5-f64f-53fe-84b3-0be16b6e8284;980;013573ad-8e1e-50ab-bfd5-140b70dbab8b;Jet A into-plane FLL B6790 25Sep N524JB;4500300992;00010;7856.000;LTR;1.2386;9730.44;U1;91.32;24d57a39-5f79-57eb-8323-1ac2802f6e51;d60f1064-407e-5f6f-8374-fc25b2f256a1;SHL-FLL-485192;81824f8f-ba52-5c77-a627-a0638bba1e5b;4500300992;5000300992;TICKET_NUMBER;FUELFLL;400000;MATCHED;0.00;0.00;NONE;bdc0c410-2e66-5067-b90a-f721819ca6cf;6201.53;1.569;9730.44;WITHIN;
c507cfdf-b629-55ac-8357-23fdde9d7370;27fef5a5-f64f-53fe-84b3-0be16b6e8284;990;013573ad-8e1e-50ab-bfd5-140b70dbab8b;Jet A into-plane FLL B61005 25Sep N659JB;4500300999;00010;869.000;LTR;1.2386;1076.34;U1;10.10;f9e6f60d-c50e-51e2-90be-282cb2f73c54;3ce39d75-e827-5a7e-ac33-7e47f8f3a2b6;SHL-FLL-485193;01f46e79-32d2-5164-b5a6-4be31b2c977a;4500300999;5000300999;TICKET_NUMBER;FUELFLL;400000;MATCHED;0.00;0.00;NONE;ae19c182-87b1-524f-8740-b5ffdc2ec829;689.46;1.5611;1076.34;WITHIN;
ea2eeb92-caaa-56e2-85a1-07bbae83fd98;27fef5a5-f64f-53fe-84b3-0be16b6e8284;1000;013573ad-8e1e-50ab-bfd5-140b70dbab8b;Jet A into-plane FLL B6681 25Sep N564JB;4500301003;00010;10609.000;LTR;1.2386;13140.31;U1;123.32;be8ed15f-46dc-5ca8-ad14-5331a309a7ca;4e3cb266-cd1b-54cf-87c2-f0cbeaae10c4;SHL-FLL-485194;5899162f-007b-5f9e-acd1-37043dff0815;4500301003;5000301003;TICKET_NUMBER;FUELFLL;400000;MATCHED;0.00;0.00;NONE;a7a88ab1-e1a8-511c-a9e9-ee3d7138ecaf;8418.24;1.5609;13140.31;WITHIN;
65baa6a3-5d35-5cf7-b30a-c1381370e7ee;27fef5a5-f64f-53fe-84b3-0be16b6e8284;1010;013573ad-8e1e-50ab-bfd5-140b70dbab8b;Jet A into-plane FLL B6749 25Sep N508JL;4500301005;00010;4877.000;LTR;1.2386;6040.65;U1;56.69;6f63ce18-001f-505f-beb7-229404d71bbc;0ea17553-3e2f-585f-a8c8-6383964d12d6;SHL-FLL-485196;8f3d05cb-413e-5448-b509-e2f3e0da78ca;4500301005;5000301005;TICKET_NUMBER;FUELFLL;400000;MATCHED;0.00;0.00;NONE;2242777d-0493-523b-8d9d-ec0faa675333;3850.88;1.5686;6040.65;WITHIN;
91d0b849-acd6-5bfa-893c-24455dc3dbfc;27fef5a5-f64f-53fe-84b3-0be16b6e8284;1020;013573ad-8e1e-50ab-bfd5-140b70dbab8b;Jet A into-plane FLL B62094 25Sep N3280J;4500301014;00010;6240.000;LTR;1.2386;7728.86;U1;72.53;f0124951-9a4b-5912-acb9-1b8622a9c646;195ca1db-0a0a-5c71-8e48-8c1aa6f7b7d8;SHL-FLL-485197;8b93855a-78d6-50a1-9ffb-ec6f49652143;4500301014;5000301014;TICKET_NUMBER;FUELFLL;400000;MATCHED;0.00;0.00;NONE;91ef98c9-accf-52d2-baeb-01a53640da17;4945.2;1.5629;7728.86;WITHIN;
1cd3707e-8abb-51bd-ba7f-622e4b47559c;27fef5a5-f64f-53fe-84b3-0be16b6e8284;1030;013573ad-8e1e-50ab-bfd5-140b70dbab8b;Jet A into-plane FLL B62020 25Sep N630JB;4500301015;00010;8813.000;LTR;1.2386;10915.78;U1;102.44;7acb1035-0272-5b41-83ce-e7c02bc68e47;349323d2-8a1e-5ae1-9c28-c7651539810b;SHL-FLL-485198;9cc3ac5b-1f32-5eb9-bff5-858db04855d5;4500301015;5000301015;TICKET_NUMBER;FUELFLL;400000;MATCHED;0.00;0.00;NONE;d94d15a9-fc65-5831-8e4d-62a6774027b6;6973.73;1.5653;10915.78;WITHIN;
e3a24ee0-2504-508a-89d6-f66dd8fa7352;27fef5a5-f64f-53fe-84b3-0be16b6e8284;1040;013573ad-8e1e-50ab-bfd5-140b70dbab8b;Jet A into-plane FLL B61575 25Sep N705JB;4500301018;00010;2992.000;LTR;1.2386;3705.89;U1;34.78;cd041abc-c6ff-563f-833b-03d23750e056;0d7eb09a-5461-53b2-8fe5-da0c1bd406a3;SHL-FLL-485200;b5adc37b-48a1-5080-98b6-637cd9d19ff3;4500301018;5000301018;TICKET_NUMBER;FUELFLL;400000;MATCHED;0.00;0.00;NONE;c6761d9c-9266-5eb5-8c2d-a8594478ef99;2372.06;1.5623;3705.89;WITHIN;
940c3ef5-b796-5013-abcc-001c0d75ff69;27fef5a5-f64f-53fe-84b3-0be16b6e8284;1050;013573ad-8e1e-50ab-bfd5-140b70dbab8b;Jet A into-plane FLL B61680 25Sep N3203J;4500301024;00010;5898.000;LTR;1.2386;7305.26;U1;68.56;ae418214-a5c8-5720-ba7b-517fe552ce62;974ab7a3-4cb6-59ac-81db-4264a03b07b2;SHL-FLL-485201;1ea57ea2-c1c1-5cf8-9423-33c6ffc6c2ca;4500301024;5000301024;TICKET_NUMBER;FUELFLL;400000;MATCHED;0.00;0.00;NONE;196b6bd4-c658-52e9-b811-f0300673072f;4659.42;1.5678;7305.26;WITHIN;
033ea885-f9c8-5c6c-af01-cce85bf57733;27fef5a5-f64f-53fe-84b3-0be16b6e8284;1060;013573ad-8e1e-50ab-bfd5-140b70dbab8b;Jet A into-plane FLL B62379 25Sep N806JB;4500301057;00010;6950.000;LTR;1.2386;8608.27;U1;80.79;b20a368d-f902-50b2-8ab9-9caa4ac3afd6;87027a78-f330-5d4b-81a3-71567ed827ba;SHL-FLL-485203;789854a7-9c27-5170-95da-0495b955ba99;4500301057;5000301057;TICKET_NUMBER;FUELFLL;400000;MATCHED;0.00;0.00;NONE;6387f75a-94d4-5881-8f47-29fc0a84f9d7;5496.76;1.5661;8608.27;WITHIN;
15f1a9d2-2195-54eb-9791-8b34f4d9c286;27fef5a5-f64f-53fe-84b3-0be16b6e8284;1070;013573ad-8e1e-50ab-bfd5-140b70dbab8b;Jet A into-plane FLL B6400 25Sep N529JB;4500301098;00010;19911.000;LTR;1.2386;24661.76;U1;231.45;24aed782-7ae4-5f72-932a-3047d3a8abc5;8cd71154-2f2d-5aa7-af58-f3837666385b;SHL-FLL-485204;4c7bb912-5fa8-58eb-be5c-af72d4ae9ba5;4500301098;5000301098;TICKET_NUMBER;FUELFLL;400000;MATCHED;0.00;0.00;NONE;2a70dd1d-39df-5e98-ba71-3b04e76cfa53;15763.54;1.5645;24661.76;WITHIN;
836acd5d-d42f-5d53-a022-d7682ec8c33a;27fef5a5-f64f-53fe-84b3-0be16b6e8284;1080;013573ad-8e1e-50ab-bfd5-140b70dbab8b;Jet A into-plane FLL B6101 25Sep N988JT;4500301121;00010;18416.000;LTR;1.2386;22810.06;U1;214.07;fc80b507-aadd-534c-b7b8-4cf59a48d0a0;e56b0316-b6fc-5178-8626-da2d89448ba0;SHL-FLL-485207;b758ac31-7ed3-517b-8f19-72711ef4a93d;4500301121;5000301121;TICKET_NUMBER;FUELFLL;400000;MATCHED;0.00;0.00;NONE;b94ebf4f-5aa3-5989-a3be-4bde0605a486;14609.41;1.5613;22810.06;WITHIN;
4a4c2e11-c81f-5b79-a77c-2eb9aaf33b78;27fef5a5-f64f-53fe-84b3-0be16b6e8284;1090;013573ad-8e1e-50ab-bfd5-140b70dbab8b;Jet A into-plane FLL B61738 25Sep N659JB;4500301123;00010;9355.000;LTR;1.2386;11587.10;U1;108.74;2adbab9a-d880-54ea-9cb6-0cae38d0931b;f57ac927-d482-5bab-9552-de9abbefcfeb;SHL-FLL-485209;9b95d3a5-90f9-5e37-8311-99e1ef65a898;4500301123;5000301123;TICKET_NUMBER;FUELFLL;400000;MATCHED;0.00;0.00;NONE;b8255866-7289-5ceb-b2c6-f24789364680;7384.84;1.569;11587.1;WITHIN;
bc0114df-a387-5919-96d7-483d61094c05;27fef5a5-f64f-53fe-84b3-0be16b6e8284;1100;013573ad-8e1e-50ab-bfd5-140b70dbab8b;Jet A into-plane FLL B61453 25Sep N661JB;4500301141;00010;5517.000;LTR;1.2386;6833.36;U1;64.13;0493a449-2e6e-5d41-a061-5cf820a60ab0;87f979ce-ee7f-5bc7-b00f-2782bfff5c21;SHL-FLL-485210;c84dee21-b982-504f-90f4-40b8b85cf4cc;4500301141;5000301141;TICKET_NUMBER;FUELFLL;400000;MATCHED;0.00;0.00;NONE;61fe4d5b-adc4-59af-b2a6-67f57e9165d9;4377.74;1.5609;6833.36;WITHIN;
cc281438-cf71-5036-bd2a-3849760cde1c;27fef5a5-f64f-53fe-84b3-0be16b6e8284;1110;013573ad-8e1e-50ab-bfd5-140b70dbab8b;Jet A into-plane FLL B61130 25Sep N603JB;4500301146;00010;2980.000;LTR;1.2386;3691.03;U1;34.64;82ea18bc-c369-58d0-889e-42ad675c42a6;9f99dc0c-b5ed-5c7d-989c-60273d470a48;SHL-FLL-485212;1914600d-4139-5928-94b5-5cf4769aad21;4500301146;5000301146;TICKET_NUMBER;FUELFLL;400000;MATCHED;0.00;0.00;NONE;78c84be2-48f8-5fac-b555-d4fec0abfee3;2355.99;1.5667;3691.03;WITHIN;
8edd3ae7-a083-52cc-93a0-1fe3c20bb275;27fef5a5-f64f-53fe-84b3-0be16b6e8284;1120;013573ad-8e1e-50ab-bfd5-140b70dbab8b;Jet A into-plane FLL B62068 25Sep N3162J;4500301169;00010;5334.000;LTR;1.2386;6606.69;U1;62.00;3df920b4-c454-5adc-a60c-071de161fb66;6444c735-6dea-5fd0-8710-20fbdfd0812f;SHL-FLL-485215;00e668d8-2f71-56c6-b2b7-4ea57cac3d58;4500301169;5000301169;TICKET_NUMBER;FUELFLL;400000;MATCHED;0.00;0.00;NONE;798e3f12-45ca-5f7d-aa2e-916423bab340;4223.99;1.5641;6606.69;WITHIN;
1bb1d268-05ae-5747-8dc0-10f2374b508d;27fef5a5-f64f-53fe-84b3-0be16b6e8284;1130;013573ad-8e1e-50ab-bfd5-140b70dbab8b;Jet A into-plane FLL B6472 25Sep N612JB;4500301176;00010;8511.000;LTR;1.2386;10541.72;U1;98.93;49188581-3956-5c44-aefa-fd6d1dbc91b4;581e1a53-66de-5c82-b419-a9d6fde6d4c7;SHL-FLL-485218;bca64e65-f5d4-5358-aad5-9e26ed58b994;4500301176;5000301176;TICKET_NUMBER;FUELFLL;400000;MATCHED;0.00;0.00;NONE;d4f224a6-c2a5-5f96-8437-092d121e8c55;6741.56;1.5637;10541.72;WITHIN;
a7de6bfa-3ce3-5970-95e7-dcf4528d73e3;27fef5a5-f64f-53fe-84b3-0be16b6e8284;1140;013573ad-8e1e-50ab-bfd5-140b70dbab8b;Jet A into-plane FLL B62098 25Sep N605JB;4500301193;00010;5607.000;LTR;1.2386;6944.83;U1;65.18;ff283b54-dd66-5b4e-8038-d95366cff234;5bfdfd11-aacc-5266-9070-4f7f3a1ed897;SHL-FLL-485219;d770d8bb-9d77-5ff7-8609-26d6831423c5;4500301193;5000301193;TICKET_NUMBER;FUELFLL;400000;MATCHED;0.00;0.00;NONE;c74a2dd5-52c9-5c5a-9844-4006fdf21197;4427.85;1.5684;6944.83;WITHIN;
fe0c319b-7019-5385-aff5-aa3c070e3d42;27fef5a5-f64f-53fe-84b3-0be16b6e8284;1150;013573ad-8e1e-50ab-bfd5-140b70dbab8b;Jet A into-plane FLL B61880 25Sep N559JB;4500301220;00010;7908.000;LTR;1.2386;9794.85;U1;91.92;2ac536ac-e9a7-513e-9333-3c1eaf8423e9;d46c88e4-fca1-5385-9a34-a6718ee65e16;SHL-FLL-485220;dc82c161-64f5-5ed0-9aeb-6ceb367351f6;4500301220;5000301220;TICKET_NUMBER;FUELFLL;400000;MATCHED;0.00;0.00;NONE;6daf67fb-0f0f-5457-9851-b55ba7acc3db;6255.23;1.5659;9794.85;WITHIN;
b70421f0-3726-53ea-8f96-bffdbdfed1f7;27fef5a5-f64f-53fe-84b3-0be16b6e8284;1160;013573ad-8e1e-50ab-bfd5-140b70dbab8b;Jet A into-plane FLL B6914 25Sep N564JB;4500301224;00010;8205.000;LTR;1.2386;10162.71;U1;95.37;ab3da3f4-b73f-5be7-ab62-9df1462a7acd;34bb351e-6fc9-590d-987e-7ff16963e437;SHL-FLL-485223;3cf34f17-45af-5956-8493-ff14d4385a78;4500301224;5000301224;TICKET_NUMBER;FUELFLL;400000;MATCHED;0.00;0.00;NONE;1aa4305a-3732-5c01-8e1b-f6dc77789b2f;6512.31;1.5605;10162.71;WITHIN;
0fdc19f5-b916-5c9f-b487-5eab26e28be1;27fef5a5-f64f-53fe-84b3-0be16b6e8284;1170;013573ad-8e1e-50ab-bfd5-140b70dbab8b;Jet A into-plane FLL B62501 25Sep N968JT;4500301254;00010;17442.000;LTR;1.2386;21603.66;U1;202.75;cbb4979f-7421-5291-bffd-71e8fe937a0a;2df33568-f170-5ca1-a999-dcea8a195939;SHL-FLL-485224;faac4ead-5f30-526d-afdc-5551b8e67bea;4500301254;5000301254;TICKET_NUMBER;FUELFLL;400000;MATCHED;0.00;0.00;NONE;f224327e-6790-5015-93c0-41badfa8e0a8;13822.78;1.5629;21603.66;WITHIN;
0a4ac58d-31ac-54d4-849d-a29bd30cbc69;27fef5a5-f64f-53fe-84b3-0be16b6e8284;1180;013573ad-8e1e-50ab-bfd5-140b70dbab8b;Jet A into-plane FLL B688 25Sep N653JB;4500301256;00010;7657.000;LTR;1.2386;9483.96;U1;89.00;ad9771a7-ff37-5a23-90f1-7d22ac429ddb;b6e7ec72-0d42-593f-a7fd-04650a29668e;SHL-FLL-485226;62f3d2ed-503b-5ffa-a74b-ec4a9425dc1c;4500301256;5000301256;TICKET_NUMBER;FUELFLL;400000;MATCHED;0.00;0.00;NONE;b6f9cfc3-76f5-5356-9d53-33129f7979e3;6065.88;1.5635;9483.96;WITHIN;
69231623-2ca2-5c05-b0d5-5f4cde22921f;27fef5a5-f64f-53fe-84b3-0be16b6e8284;1190;013573ad-8e1e-50ab-bfd5-140b70dbab8b;Jet A into-plane FLL B6866 25Sep N584JB;4500301258;00010;7692.000;LTR;1.2386;9527.31;U1;89.41;81259f12-e716-5e7f-8363-d6bc7c1f8b16;4e737f3d-59f1-566e-8b63-ea7c3d30aef2;SHL-FLL-485229;a04c6ab4-4d61-5e71-ba64-dd5cd9b2131e;4500301258;5000301258;TICKET_NUMBER;FUELFLL;400000;MATCHED;0.00;0.00;NONE;123c76b4-7bce-5df0-ad90-dee3ad10827a;6074.37;1.5684;9527.31;WITHIN;
6fa45a09-c18b-5360-b9c9-aa3c9d6ae6a4;27fef5a5-f64f-53fe-84b3-0be16b6e8284;1200;013573ad-8e1e-50ab-bfd5-140b70dbab8b;Jet A into-plane FLL B62994 25Sep N3280J;4500301259;00010;5080.000;LTR;1.2386;6292.09;U1;59.05;fb3fee96-3f25-58f1-bc58-2585be44d15f;18dff3dc-970a-5acd-abf1-f64fc598093f;SHL-FLL-485231;90034791-05d3-5e2a-889a-29975d8e54b8;4500301259;5000301259;TICKET_NUMBER;FUELFLL;400000;MATCHED;0.00;0.00;NONE;17493182-839d-5799-98f1-91b0f9002c5b;4029.46;1.5615;6292.09;WITHIN;
ca1422c6-cefc-56f3-bb70-97cadaf3b4ea;27fef5a5-f64f-53fe-84b3-0be16b6e8284;1210;013573ad-8e1e-50ab-bfd5-140b70dbab8b;Jet A into-plane FLL B6277 25Sep N984JB;4500301260;00010;19940.000;LTR;1.2386;24697.68;U1;231.78;44337fcb-beed-55be-84d1-7ec7a15a021b;c8e07e93-fef8-5da2-8c18-5a478e101563;SHL-FLL-485232;be808b0d-52db-5444-b653-7105bcd42c96;4500301260;5000301260;TICKET_NUMBER;FUELFLL;400000;MATCHED;0.00;0.00;NONE;dac0fc13-1377-5da9-b9ac-b64e92178c5b;15794.47;1.5637;24697.68;WITHIN;
bd1d20a6-9b50-5bb4-a1ac-f8f4d45bce7f;27fef5a5-f64f-53fe-84b3-0be16b6e8284;1220;013573ad-8e1e-50ab-bfd5-140b70dbab8b;Jet A into-plane FLL B6460 25Sep N552JB;4500301268;00010;15063.000;LTR;1.2386;18657.03;U1;175.09;0ff26489-aeb5-57de-ad64-9682124a4fdb;dcea0cf7-e8c7-5952-9ff5-743dc645db1b;SHL-FLL-485235;db8c3d55-3810-5303-88e8-95b6945fdc8b;4500301268;5000301268;TICKET_NUMBER;FUELFLL;400000;MATCHED;0.00;0.00;NONE;561a28cc-cc2d-577a-b030-d55459e8170e;11957.01;1.5603;18657.03;WITHIN;
2e0dc035-555b-5445-a5d1-884e56ffacb3;27fef5a5-f64f-53fe-84b3-0be16b6e8284;1230;013573ad-8e1e-50ab-bfd5-140b70dbab8b;Jet A into-plane FLL B62271 25Sep N524JB;4500301270;00010;7987.000;LTR;1.2386;9892.70;U1;92.84;02efa000-b9ac-5a85-8e87-02e1e18e8d2d;6fc1c389-7c5b-54e2-b329-2049ee259fe6;SHL-FLL-485238;1abdf51e-2867-5577-ac31-7187dee688e2;4500301270;5000301270;TICKET_NUMBER;FUELFLL;400000;MATCHED;0.00;0.00;NONE;cfc4250d-1e3e-5285-8ed9-e8206c890e18;6340.88;1.5601;9892.7;WITHIN;
eefeb1ae-7af8-543d-955b-e13f1f4dfd86;27fef5a5-f64f-53fe-84b3-0be16b6e8284;1240;013573ad-8e1e-50ab-bfd5-140b70dbab8b;Jet A into-plane FLL B6706 25Sep N590JB;4500301272;00010;6976.000;LTR;1.2386;8640.47;U1;81.09;6d931093-2e38-52c2-a0a3-086809f550bd;935cfe8e-97bc-52bf-82e4-bb3f2064fe29;SHL-FLL-485239;0b13ed7e-1ed2-5db3-9b58-8879345dd7aa;4500301272;5000301272;TICKET_NUMBER;FUELFLL;400000;MATCHED;0.00;0.00;NONE;4b0eea00-7ed0-5903-a330-fc1f202b9da0;5533.36;1.5615;8640.47;WITHIN;
ebf166b6-0e2e-5def-89a7-639f7b46e0b1;27fef5a5-f64f-53fe-84b3-0be16b6e8284;1250;013573ad-8e1e-50ab-bfd5-140b70dbab8b;Jet A into-plane FLL B61948 25Sep N606JB;4500301273;00010;1239.000;LTR;1.2386;1534.63;U1;14.40;2e988e7a-a288-57df-8430-f79f2cf1dd9b;8d13cbb4-8b4a-5344-88b6-23fc0e1513d4;SHL-FLL-485241;bedbd65e-6b0a-5362-b56d-ca6f6506b3ee;4500301273;5000301273;TICKET_NUMBER;FUELFLL;400000;MATCHED;0.00;0.00;NONE;ddf04654-d6cf-5c03-a53f-7b46dfaa6e7d;980.54;1.5651;1534.63;WITHIN;
361a8925-0ae6-54f2-a9a4-966a0b2fc122;27fef5a5-f64f-53fe-84b3-0be16b6e8284;1260;013573ad-8e1e-50ab-bfd5-140b70dbab8b;Jet A into-plane FLL B61196 25Sep N651JB;4500301278;00010;8387.000;LTR;1.2386;10388.14;U1;97.49;f99702fd-68d6-532a-b84c-b1d04013ecf9;742cf7e9-4d02-5c47-9567-bd9551bce2cd;SHL-FLL-485244;763a436c-447f-5b53-8dae-11d0e59ef31b;4500301278;5000301278;TICKET_NUMBER;FUELFLL;400000;MATCHED;0.00;0.00;NONE;b8299387-9392-5947-91dc-aff3a4dd77cf;6627.41;1.5675;10388.14;WITHIN;
9bd34746-9a7a-50fa-a38e-a28bc9f170d3;27fef5a5-f64f-53fe-84b3-0be16b6e8284;1270;013573ad-8e1e-50ab-bfd5-140b70dbab8b;Jet A into-plane FLL B6376 25Sep N519JB;4500301280;00010;8305.000;LTR;1.2386;10286.57;U1;96.54;ea620934-628f-5a4f-9d22-69b8dca3ccfb;7d702bb0-ed51-5e86-8d34-a95deadfb959;SHL-FLL-485246;75ec8ff8-f52a-5734-9b73-aabe0bfc2d71;4500301280;5000301280;TICKET_NUMBER;FUELFLL;400000;MATCHED;0.00;0.00;NONE;4042c38a-2bf1-5b28-a8be-482817c9004d;6578.39;1.5637;10286.57;WITHIN;
9e8381ef-7e24-5620-8c8e-332e9c68b43e;27fef5a5-f64f-53fe-84b3-0be16b6e8284;1280;013573ad-8e1e-50ab-bfd5-140b70dbab8b;Jet A into-plane FLL B6470 25Sep N554JB;4500301283;00010;9249.000;LTR;1.2386;11455.81;U1;107.51;a8e020ce-ec71-5de1-a8f3-d4cd7902f24b;6b249f2b-6d18-5e91-9d24-d9c30ce74cbe;SHL-FLL-485248;8f438159-d4d5-5744-b069-39ae788b395e;4500301283;5000301283;TICKET_NUMBER;FUELFLL;400000;MATCHED;0.00;0.00;NONE;b5179b19-4881-57af-9130-5a3f0e2d5bd7;7318.73;1.5653;11455.81;WITHIN;
4ba74cc8-e544-5f50-98a6-2c1354763b91;27fef5a5-f64f-53fe-84b3-0be16b6e8284;1290;013573ad-8e1e-50ab-bfd5-140b70dbab8b;Jet A into-plane FLL B62581 25Sep N658JB;4500301284;00010;6617.000;LTR;1.2386;8195.82;U1;76.92;94a86f39-b37c-5a70-939d-1a459290f6df;f0422d85-e9de-56e4-ae29-9d0bdd436cda;SHL-FLL-485249;1b40b3b7-0461-5737-84bf-d8fa56c94b9d;4500301284;5000301284;TICKET_NUMBER;FUELFLL;400000;MATCHED;0.00;0.00;NONE;a34a29bf-dbf3-5cea-a6ce-46692e84ac86;5234.05;1.5659;8195.82;WITHIN;
f0820034-6d80-50f9-a70b-ddd3d2356a88;27fef5a5-f64f-53fe-84b3-0be16b6e8284;1300;013573ad-8e1e-50ab-bfd5-140b70dbab8b;Jet A into-plane FLL B62702 25Sep N957JB;4500301289;00010;12357.000;LTR;1.2386;15305.38;U1;143.64;f689e5ac-fdcb-5756-b09b-18a7e873d667;3d12312f-1f1e-5fad-8e26-c169f5ad75e4;SHL-FLL-485251;ae148456-fccc-5b06-9f68-7df7cd675279;4500301289;5000301289;TICKET_NUMBER;FUELFLL;400000;MATCHED;0.00;0.00;NONE;5b239c22-03be-5291-9908-2fe5f2366fee;9754.62;1.569;15305.38;WITHIN;
f126f7f5-afb8-5bda-9619-2494a5417bf3;27fef5a5-f64f-53fe-84b3-0be16b6e8284;1310;013573ad-8e1e-50ab-bfd5-140b70dbab8b;Jet A into-plane FLL B62008 25Sep N3185J;4500301292;00010;5965.000;LTR;1.2386;7388.25;U1;69.34;92fbe2e3-8c81-544e-81bb-b7cca5d59cd7;918be0e2-a9b8-5cde-8c95-d4c74fad4ee8;SHL-FLL-485252;824b04cb-8910-520c-83d2-8327704690d6;4500301292;5000301292;TICKET_NUMBER;FUELFLL;400000;MATCHED;0.00;0.00;NONE;70c87e6f-c723-5c87-ad5c-1243dc90661e;4714.14;1.5673;7388.25;WITHIN;
2340dd7b-6afd-594e-b6fa-41c6807c9fa7;27fef5a5-f64f-53fe-84b3-0be16b6e8284;1320;013573ad-8e1e-50ab-bfd5-140b70dbab8b;Jet A into-plane FLL B61902 25Sep N3203J;4500301299;00010;9518.000;LTR;1.2386;11788.99;U1;110.64;1e79af31-b1ec-5502-82ad-1da027a5983c;831a6188-40d9-5e94-9306-8e3db3dd9036;SHL-FLL-485253;53a01c51-49e9-535c-a82d-431d6eae7192;4500301299;5000301299;TICKET_NUMBER;FUELFLL;400000;MATCHED;0.00;0.00;NONE;1f7d28c3-6a7c-56ed-ac38-fc73c2337fde;7519.22;1.5678;11788.99;WITHIN;
7d295071-bf3a-51be-abc2-ff187e2bfb7f;27fef5a5-f64f-53fe-84b3-0be16b6e8284;1330;013573ad-8e1e-50ab-bfd5-140b70dbab8b;Jet A into-plane FLL B61798 25Sep N3255J;4500301303;00010;4919.000;LTR;1.2386;6092.67;U1;57.18;f9a86b2f-f9bc-5466-bcac-734e557420f3;1647837a-ca42-5797-bc4b-d1bd478ba8d0;SHL-FLL-485254;ecdda40f-2a8f-5cf4-a22d-8749737d53b3;4500301303;5000301303;TICKET_NUMBER;FUELFLL;400000;MATCHED;0.00;0.00;NONE;c0b7df67-b930-5cf9-8cdb-2efc54f649a3;3897.82;1.5631;6092.67;WITHIN;
9e0997f7-e531-574c-af91-bc5cd2b57879;27fef5a5-f64f-53fe-84b3-0be16b6e8284;1340;013573ad-8e1e-50ab-bfd5-140b70dbab8b;Jet A into-plane FLL B62149 25Sep N768JB;4500301310;00010;5288.000;LTR;1.2386;6549.72;U1;61.47;a8792ab8-5bfe-59a1-a6f3-250a4d6b802f;c6f3e0b5-2e7f-5989-a2c0-95e7e0a849f5;SHL-FLL-485256;365de7a3-90a5-5988-9f04-c04892d5af1d;4500301310;5000301310;TICKET_NUMBER;FUELFLL;400000;MATCHED;0.00;0.00;NONE;2c2618ac-becd-5e01-b015-58f4d7b9b2d3;4182.28;1.5661;6549.72;WITHIN;
b62f336f-592a-53d8-9557-ed25ddd29c72;27fef5a5-f64f-53fe-84b3-0be16b6e8284;1350;013573ad-8e1e-50ab-bfd5-140b70dbab8b;Jet A into-plane FLL B6863 25Sep N623JB;4500301316;00010;8700.000;LTR;1.2386;10775.82;U1;101.13;ea779875-5b5b-58c7-95dc-bc2325bc2460;c38a5878-b8df-5b5d-a220-1f7ffdc5a57b;SHL-FLL-485257;9f23c9b8-9667-5be1-ae36-5bf69773106c;4500301316;5000301316;TICKET_NUMBER;FUELFLL;400000;MATCHED;0.00;0.00;NONE;829c06de-fb81-500a-bff3-c27f7148b6f4;6867.78;1.569;10775.82;WITHIN;
0cf22035-d853-5cb5-9a7a-fe5fefc04b80;27fef5a5-f64f-53fe-84b3-0be16b6e8284;1360;013573ad-8e1e-50ab-bfd5-140b70dbab8b;Jet A into-plane FLL B618 25Sep N523JB;4500301318;00010;2877.000;LTR;1.2386;3563.45;U1;33.44;0faa292e-63fc-5599-a2f4-2feb4f6136bb;889210e1-c899-5019-959c-05587260d984;SHL-FLL-485258;173fd536-0c9b-5417-b349-eafaceb792a7;4500301318;5000301318;TICKET_NUMBER;FUELFLL;400000;MATCHED;0.00;0.00;NONE;aa72e3ae-0514-57d6-b9ad-1b0e43f557ba;2277.15;1.5649;3563.45;WITHIN;
6ee5cac6-592a-58e2-ab1a-b167d742e0d4;27fef5a5-f64f-53fe-84b3-0be16b6e8284;1370;013573ad-8e1e-50ab-bfd5-140b70dbab8b;Jet A into-plane FLL B6672 25Sep N637JB;4500301331;00010;10017.000;LTR;1.2386;12407.06;U1;116.44;6684c93c-2b7d-5992-b103-c0583e404160;bcba49b8-d4fa-5431-90d8-825d0c610b41;SHL-FLL-485260;6b00209b-7a93-5b25-8562-b68ca3d43657;4500301331;5000301331;TICKET_NUMBER;FUELFLL;400000;MATCHED;0.00;0.00;NONE;3bbd962f-c61f-5e25-a026-a52b3df1e975;7918.44;1.5669;12407.06;WITHIN;
00c4fd7e-a555-5edf-b09d-a6427d2663ce;27fef5a5-f64f-53fe-84b3-0be16b6e8284;1380;013573ad-8e1e-50ab-bfd5-140b70dbab8b;Jet A into-plane FLL B6572 25Sep N566JB;4500301339;00010;10122.000;LTR;1.2386;12537.11;U1;117.66;58b9c01f-2a2f-59c2-b47b-2f51378dd408;a5f4b456-d7bb-5011-85cf-999b5e89da7f;SHL-FLL-485262;9977588f-12c1-5172-991e-4e3994ee47bb;4500301339;5000301339;TICKET_NUMBER;FUELFLL;400000;MATCHED;0.00;0.00;NONE;fe0ba8ec-56ee-5d4e-9171-a9ae9af55576;8033.83;1.5605;12537.11;WITHIN;
552c9e66-df89-51e7-a0e0-46438aaed7fc;27fef5a5-f64f-53fe-84b3-0be16b6e8284;1390;013573ad-8e1e-50ab-bfd5-140b70dbab8b;Jet A into-plane FLL B6302 26Sep N536JB;4500301394;00010;8576.000;LTR;1.2465;10689.98;U1;99.69;acab29da-b263-523a-8729-5d7535f4be09;458ae19b-20ef-5088-a56c-af7fecdb99a5;SHL-FLL-485263;cc1fa4dd-0ddb-5bbe-8e19-9260a38d7e45;4500301394;5000301394;TICKET_NUMBER;FUELFLL;400000;MATCHED;0.00;0.00;NONE;2108016e-c72f-5179-9d2f-d6e12710a013;6887.39;1.5521;10689.98;WITHIN;
8aa09029-a7be-5ab8-a3a9-b99c22ceabf2;27fef5a5-f64f-53fe-84b3-0be16b6e8284;1400;013573ad-8e1e-50ab-bfd5-140b70dbab8b;Jet A into-plane FLL B6690 26Sep N603JB;4500301395;00010;9823.000;LTR;1.2465;12244.37;U1;114.18;775a18cf-f765-509b-bd43-10f5892e5ff6;c3f73f84-6817-5f8e-a42b-0d455e3dbc87;SHL-FLL-485266;027f9d43-3180-50d4-8fae-f3222cd8993c;4500301395;5000301395;TICKET_NUMBER;FUELFLL;400000;MATCHED;0.00;0.00;NONE;23a2e6c9-3d1f-5f83-b8fe-cde9e62771ba;7901.62;1.5496;12244.37;WITHIN;
11e58d52-c5ba-5452-b1e6-2da005497942;27fef5a5-f64f-53fe-84b3-0be16b6e8284;1410;013573ad-8e1e-50ab-bfd5-140b70dbab8b;Jet A into-plane FLL B6172 26Sep N640JB;4500301408;00010;7253.000;LTR;1.2465;9040.86;U1;84.31;1c8f4ed0-0d80-532c-aa4d-008f5df5596f;8b071ac3-b669-518a-b731-8f0112de7e42;SHL-FLL-485267;2b0adbc1-59e6-5ad8-b242-e03b77b5d549;4500301408;5000301408;TICKET_NUMBER;FUELFLL;400000;MATCHED;0.00;0.00;NONE;17d62202-c716-507c-ad5b-bee926e24c26;5837.94;1.5486;9040.86;WITHIN;
5373d8bb-1578-5a7f-b2da-dc2b8602ef7d;27fef5a5-f64f-53fe-84b3-0be16b6e8284;1420;013573ad-8e1e-50ab-bfd5-140b70dbab8b;Jet A into-plane FLL B6577 26Sep N937JB;4500301413;00010;20213.000;LTR;1.2465;25195.50;U1;234.96;b19ebd78-d2fd-58f0-a1de-f9e164d1563e;d336a34c-ba08-5647-bed4-fcf565b680a5;SHL-FLL-485270;7e0c95e6-3b72-599c-91d9-83b118a50c14;4500301413;5000301413;TICKET_NUMBER;FUELFLL;400000;MATCHED;0.00;0.00;NONE;756e4889-d990-5d61-ba44-90125a320573;16237.1;1.5517;25195.5;WITHIN;
8008b441-b24c-5a33-bb5b-42b6507466f8;27fef5a5-f64f-53fe-84b3-0be16b6e8284;1430;013573ad-8e1e-50ab-bfd5-140b70dbab8b;Jet A into-plane FLL B6753 26Sep N809JB;4500301417;00010;6370.000;LTR;1.2465;7940.20;U1;74.04;3e8b436e-bb1d-5dac-bbac-2f3bbaea8145;141fe80e-647e-5a72-a330-cba626032370;SHL-FLL-485272;13a32917-2768-53f8-889e-ab17c33ac79b;4500301417;5000301417;TICKET_NUMBER;FUELFLL;400000;MATCHED;0.00;0.00;NONE;2037fc95-92ac-5667-8565-522fca9d2c23;5106.19;1.555;7940.2;WITHIN;
be03f39a-b33f-5933-b1b7-5df101ce7f13;27fef5a5-f64f-53fe-84b3-0be16b6e8284;1440;013573ad-8e1e-50ab-bfd5-140b70dbab8b;Jet A into-plane FLL B61301 26Sep N943JT;4500301438;00010;18190.000;LTR;1.2465;22673.83;U1;211.44;2cfe16e8-8cc9-54d7-a017-02aa56fee4d8;58826d25-fd05-51f5-9ccf-4c4668f7594b;SHL-FLL-485273;d0e216ef-7d67-5919-b87a-4bd8e6e87de7;4500301438;5000301438;TICKET_NUMBER;FUELFLL;400000;MATCHED;0.00;0.00;NONE;4ea64faa-2f7d-502a-94ec-6ddd2d74a862;14650.23;1.5477;22673.83;WITHIN;
484c0109-eadb-5b5d-b977-45b88bf956f0;27fef5a5-f64f-53fe-84b3-0be16b6e8284;1450;013573ad-8e1e-50ab-bfd5-140b70dbab8b;Jet A into-plane FLL B6707 26Sep N961JT;4500301466;00010;18467.000;LTR;1.2465;23019.12;U1;214.66;85312251-50da-57cb-bd86-ac6aeba9332a;987fd0ef-1bcd-5dc8-ac28-4a334bdf3ddd;SHL-FLL-485276;944188aa-e66c-5217-a0d8-cb89ba49adb8;4500301466;5000301466;TICKET_NUMBER;FUELFLL;400000;MATCHED;0.00;0.00;NONE;329f9c68-ead2-5ad6-a6db-cb5f78388469;14795.76;1.5558;23019.12;WITHIN;
583d8d4b-14f9-500a-9b7f-d44213878c06;27fef5a5-f64f-53fe-84b3-0be16b6e8284;1460;013573ad-8e1e-50ab-bfd5-140b70dbab8b;Jet A into-plane FLL B61480 26Sep N655JB;4500301471;00010;5637.000;LTR;1.2465;7026.52;U1;65.52;d8237735-8643-59c8-b96c-0a8b4d351585;b839a34c-0703-5bd1-8ee3-4313f6f7792e;SHL-FLL-485279;d1b4fbec-61cc-5c82-b62d-a72adb864f75;4500301471;5000301471;TICKET_NUMBER;FUELFLL;400000;MATCHED;0.00;0.00;NONE;3b76c3b6-cd03-593a-ac47-ad7f758493d7;4533.28;1.55;7026.52;WITHIN;
cec453e7-183e-5f90-893d-5d4312a6d637;27fef5a5-f64f-53fe-84b3-0be16b6e8284;1470;013573ad-8e1e-50ab-bfd5-140b70dbab8b;Jet A into-plane FLL B62179 26Sep N599JB;4500301475;00010;7232.000;LTR;1.2465;9014.69;U1;84.06;07a601ba-f07d-5308-a013-826ef0978b38;a070be03-1995-50c5-ac97-5b3b161ae5ad;SHL-FLL-485282;375a6a09-c9c9-5e6e-9fa4-7dec2713a859;4500301475;5000301475;TICKET_NUMBER;FUELFLL;400000;MATCHED;0.00;0.00;NONE;236cf7e5-eef3-53fb-8229-8656a25b7e98;5815.25;1.5502;9014.69;WITHIN;
45331887-1e4a-59f4-9a2a-fb1b2c057c50;27fef5a5-f64f-53fe-84b3-0be16b6e8284;1480;013573ad-8e1e-50ab-bfd5-140b70dbab8b;Jet A into-plane FLL B6686 26Sep N605JB;4500301487;00010;8234.000;LTR;1.2465;10263.68;U1;95.71;86deb74c-022d-517e-991e-1d551ebb4f0a;33a5d91c-b4c4-5011-b6c3-98e4af251e91;SHL-FLL-485283;f47bd12c-500f-5748-82e0-f10f31cf59cb;4500301487;5000301487;TICKET_NUMBER;FUELFLL;400000;MATCHED;0.00;0.00;NONE;a08b8da4-027a-5f02-b1a5-25c1a4464b79;6600.37;1.555;10263.68;WITHIN;
e0193440-dff8-5286-8e7c-4e45d5a3fbfc;27fef5a5-f64f-53fe-84b3-0be16b6e8284;1490;013573ad-8e1e-50ab-bfd5-140b70dbab8b;Jet A into-plane FLL B61002 26Sep N959JB;4500301518;00010;9170.000;LTR;1.2465;11430.40;U1;106.59;95737c22-4fb7-51ab-beea-10af76bad4fc;e9bcfe89-a180-576d-81b0-4e56735ff73e;SHL-FLL-485286;dac284e7-3d02-5900-bf1b-9c63c03fb1c1;4500301518;5000301518;TICKET_NUMBER;FUELFLL;400000;MATCHED;0.00;0.00;NONE;718c3c95-fa92-5b9e-9f33-67090659a27d;7372.68;1.5504;11430.4;WITHIN;
f2f7b403-74ef-5e42-83eb-267a4bc4945d;27fef5a5-f64f-53fe-84b3-0be16b6e8284;1500;013573ad-8e1e-50ab-bfd5-140b70dbab8b;Jet A into-plane FLL B6979 26Sep N659JB;4500301522;00010;8779.000;LTR;1.2465;10943.02;U1;102.05;4dbc09aa-afef-544b-86ad-f5ce785559f2;82537171-730b-5497-8b59-12260e6f5160;SHL-FLL-485287;a96a6092-4ca5-5fdc-b449-bd0fc7a731e4;4500301522;5000301522;TICKET_NUMBER;FUELFLL;400000;MATCHED;0.00;0.00;NONE;0cc769b4-9e8d-5890-9ee1-2c21604f557b;7047.78;1.5527;10943.02;WITHIN;
b36498b4-de5b-5e1d-840b-8d0bbaad5c20;27fef5a5-f64f-53fe-84b3-0be16b6e8284;1510;013573ad-8e1e-50ab-bfd5-140b70dbab8b;Jet A into-plane FLL B62801 26Sep N988JT;4500301533;00010;16285.000;LTR;1.2465;20299.25;U1;189.30;f5c0c195-f89b-558a-a1e2-f422da309720;e3b09638-d49f-5768-b6dc-8788a5a1904e;SHL-FLL-485289;30cc10ce-3f8a-508b-b997-77ed21244436;4500301533;5000301533;TICKET_NUMBER;FUELFLL;400000;MATCHED;0.00;0.00;NONE;e6b06aa6-abb9-5b30-aa4f-33c18d9f38b8;13101.28;1.5494;20299.25;WITHIN;
0f001138-cdf9-5a6e-9350-6fef33c8ffcf;27fef5a5-f64f-53fe-84b3-0be16b6e8284;1520;013573ad-8e1e-50ab-bfd5-140b70dbab8b;Jet A into-plane FLL B6270 26Sep N995JL;4500301548;00010;10520.000;LTR;1.2465;13113.18;U1;122.28;229436b7-f863-590c-8e9e-66bc5f935b49;f8282e2b-dd18-591c-9b7c-5edd678fea56;SHL-FLL-485291;e1836dc6-4df6-5ffd-950a-a95d000d2b78;4500301548;5000301548;TICKET_NUMBER;FUELFLL;400000;MATCHED;0.00;0.00;NONE;4ca9c7bb-6655-5456-869f-0673c189a268;8435.99;1.5544;13113.18;WITHIN;
e17982b4-62a8-54f3-a4a1-75d6d59d2c83;27fef5a5-f64f-53fe-84b3-0be16b6e8284;1530;013573ad-8e1e-50ab-bfd5-140b70dbab8b;Jet A into-plane FLL B61698 26Sep N3258J;4500301561;00010;3118.000;LTR;1.2465;3886.59;U1;36.24;6a540a60-57a0-5366-9d8c-f097c7184ef1;78c69b65-ee38-54db-95ef-6a1c8d83961d;SHL-FLL-485294;93b28019-f3ab-553c-b33f-7b6a0fef509c;4500301561;5000301561;TICKET_NUMBER;FUELFLL;400000;MATCHED;0.00;0.00;NONE;8562b8ec-7557-5381-86dd-4348947b0e97;2508.12;1.5496;3886.59;WITHIN;
3e55770b-4e97-50e3-919e-1831db0d943e;27fef5a5-f64f-53fe-84b3-0be16b6e8284;1540;013573ad-8e1e-50ab-bfd5-140b70dbab8b;Jet A into-plane FLL B62922 26Sep N519JB;4500301583;00010;14664.000;LTR;1.2465;18278.68;U1;170.45;3ea5d43d-5331-5d2d-8349-15eb3202b583;08ae84d7-d0a4-58a1-a13a-4387206b0c39;SHL-FLL-485295;8dea8fe0-0be8-579f-b91e-076e0145eaf3;4500301583;5000301583;TICKET_NUMBER;FUELFLL;400000;MATCHED;0.00;0.00;NONE;e1bf1c04-84ec-5158-8e99-5aa54114f3d2;11797.19;1.5494;18278.68;WITHIN;
fc6c2667-bc2b-5613-9915-67c38da2f685;27fef5a5-f64f-53fe-84b3-0be16b6e8284;1550;013573ad-8e1e-50ab-bfd5-140b70dbab8b;Jet A into-plane FLL B62548 26Sep N796JB;4500301587;00010;2396.000;LTR;1.2465;2986.61;U1;27.85;9c58deba-f6db-53f0-afa8-e674a32fe8de;b02390f1-dee1-5eb5-988c-b817e2065e9a;SHL-FLL-485297;ab752e1d-18e2-5c4d-8ad0-cb9c24be2a70;4500301587;5000301587;TICKET_NUMBER;FUELFLL;400000;MATCHED;0.00;0.00;NONE;fc008c40-822d-5407-ab8e-53a8233194e4;1919.91;1.5556;2986.61;WITHIN;
5c42593c-88f3-5ded-bb4e-ab81efcea83b;27fef5a5-f64f-53fe-84b3-0be16b6e8284;1560;013573ad-8e1e-50ab-bfd5-140b70dbab8b;Jet A into-plane FLL B6663 26Sep N623JB;4500301591;00010;8486.000;LTR;1.2465;10577.80;U1;98.64;653923bb-8c45-5636-9762-6008ab073199;091879c2-b9ab-5857-ad92-8c10e619f3cc;SHL-FLL-485298;92a0b567-9aa7-5319-8130-d4c90ddafab4;4500301591;5000301591;TICKET_NUMBER;FUELFLL;400000;MATCHED;0.00;0.00;NONE;08f4c983-1c26-58ee-a1a9-30cc5e4c5ae4;6798.98;1.5558;10577.8;WITHIN;
0d9bbfab-cdd3-5ccb-989e-18a27b7063cc;27fef5a5-f64f-53fe-84b3-0be16b6e8284;1570;013573ad-8e1e-50ab-bfd5-140b70dbab8b;Jet A into-plane FLL B6790 26Sep N524JB;4500301605;00010;8815.000;LTR;1.2465;10987.90;U1;102.47;564306d5-f10c-515f-9b2f-5bbf4a016082;3365ed04-4e67-581a-8957-a666234209b8;SHL-FLL-485301;9fe3ec33-6008-50b5-9e22-5dd28bbb9518;4500301605;5000301605;TICKET_NUMBER;FUELFLL;400000;MATCHED;0.00;0.00;NONE;040cd496-f00f-52b8-86cf-422930293f85;7059.93;1.5564;10987.9;WITHIN;
7bb9e711-62d9-58d8-8e52-c1486d80d4f0;27fef5a5-f64f-53fe-84b3-0be16b6e8284;1580;013573ad-8e1e-50ab-bfd5-140b70dbab8b;Jet A into-plane FLL B61005 26Sep N775JB;4500301611;00010;2469.000;LTR;1.2465;3077.61;U1;28.70;3ec1df1b-393a-52d8-a6b7-01dad2b72c36;7d77ecfe-e432-5813-bfc8-68bccf3784b8;SHL-FLL-485303;c1de66f5-75b0-5dfe-bd78-a12ae458205c;4500301611;5000301611;TICKET_NUMBER;FUELFLL;400000;MATCHED;0.00;0.00;NONE;b53c6b4d-b701-56df-be9d-88a22ceb4873;1983.1;1.5519;3077.61;WITHIN;
ca004186-b181-539b-9218-7b55dcaee590;27fef5a5-f64f-53fe-84b3-0be16b6e8284;1590;013573ad-8e1e-50ab-bfd5-140b70dbab8b;Jet A into-plane FLL B6681 26Sep N805JB;4500301613;00010;5886.000;LTR;1.2465;7336.90;U1;68.42;f4b54518-b047-52b7-a3be-263d6ac5b766;373db8fe-0bb4-58b3-bdf1-b4045de47a0c;SHL-FLL-485305;af6a9e13-263f-5ae9-8a6a-807afb3fb545;4500301613;5000301613;TICKET_NUMBER;FUELFLL;400000;MATCHED;0.00;0.00;NONE;28c66e8e-5a7d-5dd5-af77-9cd5be2ef3b4;4735.29;1.5494;7336.9;WITHIN;
d08db50a-e679-59ba-818e-a264ed4d6f9b;27fef5a5-f64f-53fe-84b3-0be16b6e8284;1600;013573ad-8e1e-50ab-bfd5-140b70dbab8b;Jet A into-plane FLL B6749 26Sep N768JB;4500301616;00010;4091.000;LTR;1.2465;5099.43;U1;47.55;666b38e8-8a7a-5819-aec9-6cb1d6670448;c1087dd2-b26c-5713-af33-ef6ffc14aaec;SHL-FLL-485308;9b001d8e-b2c8-5ffd-ab7b-5ae3e2392199;4500301616;5000301616;TICKET_NUMBER;FUELFLL;400000;MATCHED;0.00;0.00;NONE;62cd604e-0d82-509f-add2-bd5f22e595b5;3278.12;1.5556;5099.43;WITHIN;
c2494cb4-0acd-58c9-9302-d87f4b5e7212;27fef5a5-f64f-53fe-84b3-0be16b6e8284;1610;013573ad-8e1e-50ab-bfd5-140b70dbab8b;Jet A into-plane FLL B62020 26Sep N584JB;4500301625;00010;8662.000;LTR;1.2465;10797.18;U1;100.69;49bf26f3-c500-5475-a61a-fd0927e61913;40f47c90-06d5-59ca-8e26-b199d81a5792;SHL-FLL-485309;edc2d51b-cb56-589c-a90e-2668b946deb1;4500301625;5000301625;TICKET_NUMBER;FUELFLL;400000;MATCHED;0.00;0.00;NONE;927cc8d0-3c4d-510a-90e1-88fd5fb9569c;6964.25;1.5504;10797.18;WITHIN;
8ab09c66-ab62-59ff-8b98-0a79d66193c4;27fef5a5-f64f-53fe-84b3-0be16b6e8284;1620;013573ad-8e1e-50ab-bfd5-140b70dbab8b;Jet A into-plane FLL B62094 26Sep N3280J;4500301627;00010;6698.000;LTR;1.2465;8349.06;U1;77.86;ff4bb685-4461-5683-8125-1f82f216fdb9;956fb89e-435d-5a53-a040-9a7b36db05dc;SHL-FLL-485311;2866fc1a-c27b-5622-98a4-65dbf8fc5eb2;4500301627;5000301627;TICKET_NUMBER;FUELFLL;400000;MATCHED;0.00;0.00;NONE;229159b1-5307-5757-82b6-87f1cc48fe9d;5372.47;1.554;8349.06;WITHIN;
fc25f0c1-c0d3-5ffb-8dda-ddbe8eefc332;27fef5a5-f64f-53fe-84b3-0be16b6e8284;1630;013573ad-8e1e-50ab-bfd5-140b70dbab8b;Jet A into-plane FLL B62379 26Sep N645JB;4500301662;00010;8044.000;LTR;1.2465;10026.85;U1;93.50;55818aa3-d860-5cfd-b6ec-ce2a0646e440;71805169-866a-5439-bcb2-ec1e9b46d311;SHL-FLL-485314;51ecd6d6-7e8e-59b2-9974-8f7cbfb7dfd1;4500301662;5000301662;TICKET_NUMBER;FUELFLL;400000;MATCHED;0.00;0.00;NONE;a7cedf18-7447-59fc-9296-097e658c4e05;6455.31;1.5533;10026.85;WITHIN;
36f890cc-2bd7-52db-afe5-3145bd343f93;27fef5a5-f64f-53fe-84b3-0be16b6e8284;1640;013573ad-8e1e-50ab-bfd5-140b70dbab8b;Jet A into-plane FLL B61453 26Sep N784JB;4500301673;00010;6495.000;LTR;1.2465;8096.02;U1;75.50;30e6d8d7-2f4d-5c7d-8719-68f678651303;bc05acc0-f9f5-556f-b57a-36eccb4d4688;SHL-FLL-485315;36861c00-b570-53a8-a8b5-36febfa145e7;4500301673;5000301673;TICKET_NUMBER;FUELFLL;400000;MATCHED;0.00;0.00;NONE;691454ac-4aa6-5f68-bd8b-c42cbfa91c41;5222.63;1.5502;8096.02;WITHIN;
356cfdec-3bb5-5536-a38b-3024eb796300;27fef5a5-f64f-53fe-84b3-0be16b6e8284;1650;013573ad-8e1e-50ab-bfd5-140b70dbab8b;Jet A into-plane FLL B62102 26Sep N2084J;4500301675;00010;6854.000;LTR;1.2465;8543.51;U1;79.67;033468ee-a75a-510a-ae9a-13b135af926c;03f89d68-0418-5b58-829e-b8afe65bdba1;SHL-FLL-485316;f61cf2ef-a5f8-5fc9-8e24-f39de7e40201;4500301675;5000301675;TICKET_NUMBER;FUELFLL;400000;MATCHED;0.00;0.00;NONE;7d550795-3e7c-54b7-b151-d9885634f80c;5520.9;1.5475;8543.51;WITHIN;
d0546f44-783d-51cc-8dac-50b362e9c36a;27fef5a5-f64f-53fe-84b3-0be16b6e8284;1660;013573ad-8e1e-50ab-bfd5-140b70dbab8b;Jet A into-plane FLL B6507 26Sep N935JB;4500301697;00010;17323.000;LTR;1.2465;21593.12;U1;201.36;1863032b-48b8-5858-a2bb-ffe6e6248a32;d52433a0-ad97-571a-b19b-9fd260efc7e9;SHL-FLL-485319;5eeefbc7-ff2b-5875-bc7c-e2386b610a32;4500301697;5000301697;TICKET_NUMBER;FUELFLL;400000;MATCHED;0.00;0.00;NONE;d57d84a2-7b68-5124-a3e4-826ef000d26b;13884.38;1.5552;21593.12;WITHIN;
5de3f380-f05d-537a-9bf9-839e524a8a3b;27fef5a5-f64f-53fe-84b3-0be16b6e8284;1670;013573ad-8e1e-50ab-bfd5-140b70dbab8b;Jet A into-plane FLL B61738 26Sep N806JB;4500301721;00010;7849.000;LTR;1.2465;9783.78;U1;91.24;c19d8863-1568-58f8-957e-a47c9c620543;2ce44362-6612-5bf2-b5cf-3556377743e7;SHL-FLL-485322;f9fffef9-e645-5a34-9fb6-f028cef12d64;4500301721;5000301721;TICKET_NUMBER;FUELFLL;400000;MATCHED;0.00;0.00;NONE;fb28800a-cbd9-5d85-8fac-c8a5faaca14d;6289.4;1.5556;9783.78;WITHIN;
e3784852-e111-58c7-b44c-5617328ad9d1;27fef5a5-f64f-53fe-84b3-0be16b6e8284;1680;013573ad-8e1e-50ab-bfd5-140b70dbab8b;Jet A into-plane FLL B61130 26Sep N775JB;4500301731;00010;3702.000;LTR;1.2465;4614.54;U1;43.03;5d92a265-e402-53fe-8a53-ace7ae0ab159;a98d0bc7-d4e8-5e3e-88fa-c4da2f873b7e;SHL-FLL-485323;22c465d1-364b-5d11-86a6-6a05e1c54dbb;4500301731;5000301731;TICKET_NUMBER;FUELFLL;400000;MATCHED;0.00;0.00;NONE;cd498501-b68d-56a0-854d-8388ad5e4907;2967.52;1.555;4614.54;WITHIN;
934ff221-1983-5510-908b-d9b6ccc94727;27fef5a5-f64f-53fe-84b3-0be16b6e8284;1690;013573ad-8e1e-50ab-bfd5-140b70dbab8b;Jet A into-plane FLL B62098 26Sep N597JB;4500301742;00010;5440.000;LTR;1.2465;6780.96;U1;63.23;e950c241-242f-5d7a-b17c-0bcbdd2e445d;7c8b29c6-7975-52b4-beb9-80a1d083c9cd;SHL-FLL-485325;374a0c35-d352-5fdd-a5cc-3c86846f802f;4500301742;5000301742;TICKET_NUMBER;FUELFLL;400000;MATCHED;0.00;0.00;NONE;3a739b8c-af7a-5e44-bfb4-099dcb1a2836;4361.79;1.5546;6780.96;WITHIN;
4a1a3ef4-e0c4-56c0-915a-d95e1064847c;27fef5a5-f64f-53fe-84b3-0be16b6e8284;1700;013573ad-8e1e-50ab-bfd5-140b70dbab8b;Jet A into-plane FLL B61575 26Sep N659JB;4500301753;00010;3818.000;LTR;1.2465;4759.14;U1;44.38;3540cc23-390d-5c31-94ad-dcd7c9192285;911284bd-8cb8-5d43-a7d6-268f39113e6f;SHL-FLL-485327;5b0845b4-719c-5c8b-b363-bcbb1ba17fda;4500301753;5000301753;TICKET_NUMBER;FUELFLL;400000;MATCHED;0.00;0.00;NONE;ebb3ef0d-2bb3-5b40-9874-d9ccc21d0eb8;3064.71;1.5529;4759.14;WITHIN;
16b9aa9a-e786-5954-a410-96efa6274d7e;dfc47615-fc04-55bc-b9bc-01b909f209fc;10;013573ad-8e1e-50ab-bfd5-140b70dbab8b;Jet A into-plane FLL B62626 23Sep N766JB;4500300013;00010;4032.000;LTR;1.2238;4934.36;U1;46.87;fc4f5f63-aae1-5ede-ab02-704893d5ff1d;4b595e3f-76bc-5441-8fcc-01554dab5c78;WFS-FLL-457461;3b97b090-541f-5c8f-bbc2-e7cd647ef955;4500300013;5000300013;TICKET_NUMBER;FUELFLL;400000;MATCHED;0.00;0.00;NONE;5db59471-1683-5df9-ab63-27d455c386a2;3201.41;1.5413;4934.36;WITHIN;
4198dd80-0fb4-5b51-8a15-e172a3a2654e;dfc47615-fc04-55bc-b9bc-01b909f209fc;20;013573ad-8e1e-50ab-bfd5-140b70dbab8b;Jet A into-plane FLL B62279 23Sep N527JL;4500300015;00010;7725.000;LTR;1.2238;9453.85;U1;89.80;28962466-4401-58ae-b76d-47ad9647562c;aeb4622d-481e-524e-919a-83e5e8cd335c;WFS-FLL-457463;750728cf-3e47-51f6-8ac3-a323ed0df19f;4500300015;5000300015;TICKET_NUMBER;FUELFLL;400000;MATCHED;0.00;0.00;NONE;7538eaf8-5388-57c6-8ade-5d1aaf5fa811;6124.38;1.5436;9453.85;WITHIN;
a1b160a2-11d8-5aab-9f37-5cb0480a29c8;dfc47615-fc04-55bc-b9bc-01b909f209fc;30;013573ad-8e1e-50ab-bfd5-140b70dbab8b;Jet A into-plane FLL B62290 23Sep N568JB;4500300019;00010;5693.000;LTR;1.2238;6967.09;U1;66.18;740b757a-6379-592f-a56b-6e6a4ffe0d39;7a0043bf-12a0-5bd1-9e28-0a3f0dfa2822;WFS-FLL-457466;a4e6e87a-8676-50f3-8f8e-585f8fbdc78a;4500300019;5000300019;TICKET_NUMBER;FUELFLL;400000;MATCHED;0.00;0.00;NONE;583f0a45-180d-56ba-a1ef-a34f37b9788f;4527.64;1.5388;6967.09;WITHIN;
4348c1bc-b943-55ae-a0a5-484c785bfe5b;dfc47615-fc04-55bc-b9bc-01b909f209fc;40;013573ad-8e1e-50ab-bfd5-140b70dbab8b;Jet A into-plane FLL B6514 23Sep N554JB;4500300021;00010;6702.000;LTR;1.2238;8201.91;U1;77.90;de045726-5958-5394-9a9c-9546506406fa;e30b6ee6-3d0a-52aa-87d5-8921b79271a2;WFS-FLL-457468;ff8c67ba-e331-58f5-9165-ca7aa3a33b86;4500300021;5000300021;TICKET_NUMBER;FUELFLL;400000;MATCHED;0.00;0.00;NONE;514206d0-bcd7-5e0b-833f-4e7682b4656e;5340.15;1.5359;8201.91;WITHIN;
39de6e91-b368-5bf5-b0af-8925be564c48;dfc47615-fc04-55bc-b9bc-01b909f209fc;50;013573ad-8e1e-50ab-bfd5-140b70dbab8b;Jet A into-plane FLL B61905 23Sep N821JB;4500300026;00010;2135.000;LTR;1.2238;2612.81;U1;24.82;573ed117-7651-52d3-8869-2ba9d82fd7b4;0039c4e6-f9f8-5b27-8bce-5f062a5e9fde;WFS-FLL-457471;dc7a0f10-acb8-5eec-be33-839139bf38e0;4500300026;5000300026;TICKET_NUMBER;FUELFLL;400000;MATCHED;0.00;0.00;NONE;9ef3e735-ef21-52b3-87be-68875f444a85;1701.17;1.5359;2612.81;WITHIN;
7f506434-95ff-57d9-a56b-d1c2cc3e83d0;dfc47615-fc04-55bc-b9bc-01b909f209fc;60;013573ad-8e1e-50ab-bfd5-140b70dbab8b;Jet A into-plane FLL B61590 23Sep N3280J;4500300031;00010;5198.000;LTR;1.2238;6361.31;U1;60.42;1b9f3d2b-fb40-530b-9665-c1eb6c237195;145cbb84-d90a-5080-aa11-e6d6a6688324;WFS-FLL-457475;ab45de08-24b8-5ee6-a149-20f32e611078;4500300031;5000300031;TICKET_NUMBER;FUELFLL;400000;MATCHED;0.00;0.00;NONE;a42a5690-7bc8-5a3e-ad23-5b51a41bfe08;4141.25;1.5361;6361.31;WITHIN;
1a4f103c-99ea-5fa4-93cf-2d77f2b4f0c6;dfc47615-fc04-55bc-b9bc-01b909f209fc;70;013573ad-8e1e-50ab-bfd5-140b70dbab8b;Jet A into-plane FLL B670 23Sep N637JB;4500300035;00010;7776.000;LTR;1.2238;9516.27;U1;90.39;f6003223-0677-5df5-9216-89899d653fe3;f7d544b5-8d74-5cf7-b483-e6667a305fec;WFS-FLL-457476;988e6abc-334e-51e9-8cb5-2cfea45a64cb;4500300035;5000300035;TICKET_NUMBER;FUELFLL;400000;MATCHED;0.00;0.00;NONE;22606718-64f4-5d1c-abed-2c39634a3bc4;6173.37;1.5415;9516.27;WITHIN;
f880b73e-b9da-56ac-9251-0186088f6158;dfc47615-fc04-55bc-b9bc-01b909f209fc;80;013573ad-8e1e-50ab-bfd5-140b70dbab8b;Jet A into-plane FLL B6607 23Sep N976JT;4500300038;00010;16301.000;LTR;1.2238;19949.16;U1;189.48;c6f681b2-56db-5cc4-bf29-99ffaaf130f7;014b6b31-8f29-595b-8d8a-ccc098bef6fb;WFS-FLL-457477;4b41c165-34d3-5dbb-a90d-fed590c43c33;4500300038;5000300038;TICKET_NUMBER;FUELFLL;400000;MATCHED;0.00;0.00;NONE;34959b79-3993-5256-9364-9543b1be4a6f;12975.6;1.5374;19949.16;WITHIN;
5fa125e8-5a07-595e-b760-086eae8c3972;dfc47615-fc04-55bc-b9bc-01b909f209fc;90;013573ad-8e1e-50ab-bfd5-140b70dbab8b;Jet A into-plane FLL B62779 23Sep N705JB;4500300039;00010;6177.000;LTR;1.2238;7559.41;U1;71.80;4ccebcc1-cf26-57f2-8b4d-2fbf2998eb28;4a66de1f-6227-5ea9-a359-b479fd57b555;WFS-FLL-457480;73be3915-1ee0-57b7-b7da-e607f6b00771;4500300039;5000300039;TICKET_NUMBER;FUELFLL;400000;MATCHED;0.00;0.00;NONE;60d6b3ef-19b3-5871-881c-b9ddd8323492;4906.39;1.5407;7559.41;WITHIN;
60bcd1ce-82af-57ff-a5ad-9a50a154efe9;dfc47615-fc04-55bc-b9bc-01b909f209fc;100;013573ad-8e1e-50ab-bfd5-140b70dbab8b;Jet A into-plane FLL B62080 23Sep N3149J;4500300045;00010;5416.000;LTR;1.2238;6628.10;U1;62.96;dd31415f-0c48-51c1-81d9-e67ee84b796c;7793ebb0-5c10-5bfe-b8b2-b743bbc67be9;WFS-FLL-457482;27d85f9f-060d-5d5d-afc0-462170f688f4;4500300045;5000300045;TICKET_NUMBER;FUELFLL;400000;MATCHED;0.00;0.00;NONE;09fb0713-961e-51fb-858e-726ba66fb578;4317.64;1.5351;6628.1;WITHIN;
9d228ada-67a4-506c-85a9-78787606fb6a;dfc47615-fc04-55bc-b9bc-01b909f209fc;110;013573ad-8e1e-50ab-bfd5-140b70dbab8b;Jet A into-plane FLL B62823 23Sep N615JB;4500300057;00010;4770.000;LTR;1.2238;5837.53;U1;55.45;29696992-a904-5a8e-86ae-d446feda9a4d;b9293520-71ae-5948-937d-b5a5393ce0e5;WFS-FLL-457483;29e4be65-a463-580c-813e-fefde12c6061;4500300057;5000300057;TICKET_NUMBER;FUELFLL;400000;MATCHED;0.00;0.00;NONE;a17b9dc0-b814-511b-9718-3e7ac61c9975;3788.81;1.5407;5837.53;WITHIN;
ae24a97b-e414-58ef-b18a-c89e47f51e16;dfc47615-fc04-55bc-b9bc-01b909f209fc;120;013573ad-8e1e-50ab-bfd5-140b70dbab8b;Jet A into-plane FLL B61626 24Sep N661JB;4500300200;00010;5418.000;LTR;1.2317;6673.35;U1;62.98;e7d7a605-75bc-5262-b09e-1a0d44f2bc87;2ff822d6-9768-5113-9d4c-1248ad21a3f0;WFS-FLL-457486;d695c03c-6ed1-5b7b-8d4a-6189c2af2da5;4500300200;5000300200;TICKET_NUMBER;FUELFLL;400000;MATCHED;0.00;0.00;NONE;106e11b4-db5f-5882-9fce-329a954ee3ff;4287.81;1.5564;6673.35;WITHIN;
b5cace7f-e348-51ea-b4ed-ef2b4ce86e46;dfc47615-fc04-55bc-b9bc-01b909f209fc;130;013573ad-8e1e-50ab-bfd5-140b70dbab8b;Jet A into-plane FLL B6872 24Sep N592JB;4500300264;00010;6427.000;LTR;1.2317;7916.14;U1;74.71;89972266-5ba5-50b9-94b3-d33e03cb8f93;25f0b9e0-7752-54ee-bd17-1106c37f0977;WFS-FLL-457487;a2d0d5bc-be1d-54eb-adb6-ff53deaeb674;4500300264;5000300264;TICKET_NUMBER;FUELFLL;400000;MATCHED;0.00;0.00;NONE;a4104db8-18d9-52a9-8f81-de2901f8f7b2;5084.4;1.5569;7916.14;WITHIN;
5719a544-fe62-5626-bd35-29c46b44876b;dfc47615-fc04-55bc-b9bc-01b909f209fc;140;013573ad-8e1e-50ab-bfd5-140b70dbab8b;Jet A into-plane FLL B62371 24Sep N566JB;4500300273;00010;8190.000;LTR;1.2317;10087.62;U1;95.20;9a8c75ed-b782-5604-a526-f9120a72f9cd;ae8e5414-0046-5c5b-9059-d5029a29f3cf;WFS-FLL-457488;a2c2df05-1887-52df-bc15-5dcc96b56638;4500300273;5000300273;TICKET_NUMBER;FUELFLL;400000;MATCHED;0.00;0.00;NONE;d262e7a4-8418-5156-90d9-178f4e7b2bd9;6508.59;1.5499;10087.62;WITHIN;
27bf2200-90e8-59c4-9938-f9d9c7393ac2;dfc47615-fc04-55bc-b9bc-01b909f209fc;150;013573ad-8e1e-50ab-bfd5-140b70dbab8b;Jet A into-plane FLL B62276 24Sep N552JB;4500300282;00010;6940.000;LTR;1.2317;8548.00;U1;80.67;a993ae32-7386-5c8d-9fdc-28345d667d3e;37aea568-9426-5237-beff-76b0cf6eb757;WFS-FLL-457490;e5cd0b90-c604-5f7b-9b25-1f47ae334015;4500300282;5000300282;TICKET_NUMBER;FUELFLL;400000;MATCHED;0.00;0.00;NONE;f5f55cab-163e-5560-a4a1-ebadf8f7d222;5514.52;1.5501;8548;WITHIN;
7348317e-9dbe-5b84-8998-970246f0ea38;dfc47615-fc04-55bc-b9bc-01b909f209fc;160;013573ad-8e1e-50ab-bfd5-140b70dbab8b;Jet A into-plane FLL B61375 24Sep N584JB;4500300291;00010;3831.000;LTR;1.2317;4718.64;U1;44.53;6c939711-8959-54e2-a875-f502a1c31801;38b5ca3b-cd83-54fe-81b2-c22f79305de3;WFS-FLL-457491;d1f91c0a-ede0-5515-bac1-9a554e28533c;4500300291;5000300291;TICKET_NUMBER;FUELFLL;400000;MATCHED;0.00;0.00;NONE;cf55b3d4-9988-5a65-a9ae-a4dd572c687e;3032.62;1.556;4718.64;WITHIN;
84c1c4e6-ef82-53e2-b60d-c6506adc420b;dfc47615-fc04-55bc-b9bc-01b909f209fc;170;013573ad-8e1e-50ab-bfd5-140b70dbab8b;Jet A into-plane FLL B61553 24Sep N520JB;4500300321;00010;6450.000;LTR;1.2317;7944.47;U1;74.97;9514b069-34a0-5e54-84fe-964d32724d72;ccb8a59d-de93-51ca-ba4b-607a86efd87c;WFS-FLL-457492;49d7ca58-cc76-584c-b786-8cb76ceafb1a;4500300321;5000300321;TICKET_NUMBER;FUELFLL;400000;MATCHED;0.00;0.00;NONE;18cf73c3-ac23-51ad-a9ba-0d5f82cb5697;5123.23;1.5507;7944.47;WITHIN;
b443712e-d264-5935-a00f-85bbf64ca326;dfc47615-fc04-55bc-b9bc-01b909f209fc;180;013573ad-8e1e-50ab-bfd5-140b70dbab8b;Jet A into-plane FLL B639 24Sep N554JB;4500300323;00010;7350.000;LTR;1.2317;9053.00;U1;85.44;5f8378f4-9fad-5cfe-b7d0-56a17ff2afea;743bec64-2fb9-529e-a070-9727acb46d22;WFS-FLL-457494;5f8abb63-3a9d-5a27-8b43-65111ad29985;4500300323;5000300323;TICKET_NUMBER;FUELFLL;400000;MATCHED;0.00;0.00;NONE;b2f58536-2ee6-5c28-b014-9e2536352f0c;5843.25;1.5493;9053;WITHIN;
4e349de5-16a8-5142-b914-b0a4134088d9;dfc47615-fc04-55bc-b9bc-01b909f209fc;190;013573ad-8e1e-50ab-bfd5-140b70dbab8b;Jet A into-plane FLL B6272 24Sep N729JB;4500300360;00010;9162.000;LTR;1.2317;11284.84;U1;106.50;afa20504-609e-5436-98ad-c838d1120b14;4d5addd1-5619-5ad8-a59d-d976c64891b0;WFS-FLL-457497;f72130ea-431f-51b1-aaaf-8ff9e8a0018c;4500300360;5000300360;TICKET_NUMBER;FUELFLL;400000;MATCHED;0.00;0.00;NONE;441c6646-2162-5de4-8cd3-77d45aa5fa75;7258.14;1.5548;11284.84;WITHIN;
993b064b-3781-57af-8c40-584cc8d9755e;dfc47615-fc04-55bc-b9bc-01b909f209fc;200;013573ad-8e1e-50ab-bfd5-140b70dbab8b;Jet A into-plane FLL B62182 24Sep N612JB;4500300402;00010;8613.000;LTR;1.2317;10608.63;U1;100.12;cec96bcc-eab4-5ab9-b7c6-53af92fdce44;aad383cd-7ac5-51b8-a139-8f1c17865a06;WFS-FLL-457498;accb4459-58dc-5816-a27d-6684f8e6414d;4500300402;5000300402;TICKET_NUMBER;FUELFLL;400000;MATCHED;0.00;0.00;NONE;f970faba-e13c-59a5-950a-0787ee9098b0;6849.06;1.5489;10608.63;WITHIN;
70cd6bee-ccf7-573d-a097-44c112473fb4;dfc47615-fc04-55bc-b9bc-01b909f209fc;210;013573ad-8e1e-50ab-bfd5-140b70dbab8b;Jet A into-plane FLL B68575 24Sep N537JT;4500300414;00010;907.000;LTR;1.2317;1117.15;U1;10.54;7ee170bd-e3dc-5eae-bea3-eae79c229d43;623b0ca5-9861-530e-8c48-6d4493dd6ca4;WFS-FLL-457501;d47d72bf-23ee-5e5d-9d65-6e89292a2535;4500300414;5000300414;TICKET_NUMBER;FUELFLL;400000;MATCHED;0.00;0.00;NONE;5e349fd1-669a-576c-ac8c-a341fbcbd22a;718.8;1.5542;1117.15;WITHIN;
fe9df756-8f00-556e-9330-9dbddaa36660;dfc47615-fc04-55bc-b9bc-01b909f209fc;220;013573ad-8e1e-50ab-bfd5-140b70dbab8b;Jet A into-plane FLL B61823 24Sep N603JB;4500300452;00010;4020.000;LTR;1.2317;4951.43;U1;46.73;ed909808-d0b7-5dd2-8cfa-de83b47df1f1;a2572fbb-51c7-5e33-95ab-2115aadfbe76;WFS-FLL-457503;886b4981-fa80-5b90-81c8-9736e3922a25;4500300452;5000300452;TICKET_NUMBER;FUELFLL;400000;MATCHED;0.00;0.00;NONE;60959345-4513-53d3-9a56-2b9455803314;3190.27;1.552;4951.43;WITHIN;
56a808b8-a163-5fcf-a90b-1e23a954cc88;dfc47615-fc04-55bc-b9bc-01b909f209fc;230;013573ad-8e1e-50ab-bfd5-140b70dbab8b;Jet A into-plane FLL B6106 24Sep N643JB;4500300611;00010;8606.000;LTR;1.2317;10600.01;U1;100.04;68a37de2-9f99-5a65-b415-f6a7d7f89989;f9bce5d5-7129-5e2c-8978-ec6c94d8c711;WFS-FLL-457506;60cafdd0-ec76-55ad-b0e9-d0685e7521bf;4500300611;5000300611;TICKET_NUMBER;FUELFLL;400000;MATCHED;0.00;0.00;NONE;2dfeb79e-c301-55f6-8119-b3647e17b807;6812.51;1.556;10600.01;WITHIN;
c7f004f1-d5a9-5828-9a0e-08c27e9bbf17;dfc47615-fc04-55bc-b9bc-01b909f209fc;240;013573ad-8e1e-50ab-bfd5-140b70dbab8b;Jet A into-plane FLL B62779 24Sep N554JB;4500300624;00010;7821.000;LTR;1.2317;9633.13;U1;90.91;d429b903-4617-5482-9d3b-3c9087d5bf1e;b923d99c-4a04-5a7d-8831-25485d48c23d;WFS-FLL-457507;5f0ad3f8-d4d1-5b7a-a7f7-381d48df17c2;4500300624;5000300624;TICKET_NUMBER;FUELFLL;400000;MATCHED;0.00;0.00;NONE;257ba457-30b4-51d6-a598-eeb269e04556;6194.23;1.5552;9633.13;WITHIN;
d9eabfc7-186a-5aba-b3a9-f2410cce344f;dfc47615-fc04-55bc-b9bc-01b909f209fc;250;013573ad-8e1e-50ab-bfd5-140b70dbab8b;Jet A into-plane FLL B62626 24Sep N746JB;4500300637;00010;4963.000;LTR;1.2317;6112.93;U1;57.69;afcfc414-c7c3-5259-8c78-ffd9dd113520;afa8b398-3e8b-529b-885b-d6a29f03055d;WFS-FLL-457510;aa0fb042-1b00-58d8-bc74-45cadbba8d67;4500300637;5000300637;TICKET_NUMBER;FUELFLL;400000;MATCHED;0.00;0.00;NONE;cd0acd2f-fd1c-5db9-b323-606ff4dc8b9c;3925.73;1.5571;6112.93;WITHIN;
38e7991d-3d69-5c12-96fa-f7a04f7c94c8;dfc47615-fc04-55bc-b9bc-01b909f209fc;260;013573ad-8e1e-50ab-bfd5-140b70dbab8b;Jet A into-plane FLL B62290 24Sep N766JB;4500300640;00010;8721.000;LTR;1.2317;10741.66;U1;101.37;09f25742-0bc7-5a2e-a059-fc99415c7df3;95d9f23f-d811-5fcb-9858-8e45b1a5a82e;WFS-FLL-457511;56ed14d2-2b8c-52b4-82e8-c7f52c570791;4500300640;5000300640;TICKET_NUMBER;FUELFLL;400000;MATCHED;0.00;0.00;NONE;c90faffb-024f-508e-adef-4e5f8e6abc5b;6933.2;1.5493;10741.66;WITHIN;
744f5c5d-8cde-5ee3-af38-50c8b3f26bf1;dfc47615-fc04-55bc-b9bc-01b909f209fc;270;013573ad-8e1e-50ab-bfd5-140b70dbab8b;Jet A into-plane FLL B61905 24Sep N623JB;4500300642;00010;1762.000;LTR;1.2317;2170.26;U1;20.48;da3b673f-e47d-5b83-b433-531131fde556;24d9f560-6cca-588e-9aa1-48ed9ac89e80;WFS-FLL-457513;3f20b3b5-aa12-564f-99e6-584f8e8fdb4c;4500300642;5000300642;TICKET_NUMBER;FUELFLL;400000;MATCHED;0.00;0.00;NONE;e8b1e9ea-0ba7-5675-96a2-6a85a09a48d8;1397.62;1.5528;2170.26;WITHIN;
08bcd149-e32a-5ac8-9de3-a6d18c51bccd;dfc47615-fc04-55bc-b9bc-01b909f209fc;280;013573ad-8e1e-50ab-bfd5-140b70dbab8b;Jet A into-plane FLL B670 24Sep N559JB;4500300646;00010;9376.000;LTR;1.2317;11548.42;U1;108.99;14812c17-7fa9-549a-9e65-5c12135e0aab;ac0d8d15-8ad0-5ce1-a802-9df7214b1ff9;WFS-FLL-457514;ce2b4299-0366-54d0-befe-f8f85fd7295d;4500300646;5000300646;TICKET_NUMBER;FUELFLL;400000;MATCHED;0.00;0.00;NONE;389967a5-db3e-5e60-993f-8925322f1cbc;7453.92;1.5493;11548.42;WITHIN;
bdd89613-9fe0-5933-a708-e651defdec51;dfc47615-fc04-55bc-b9bc-01b909f209fc;290;013573ad-8e1e-50ab-bfd5-140b70dbab8b;Jet A into-plane FLL B6607 24Sep N942JB;4500300648;00010;18190.000;LTR;1.2317;22404.62;U1;211.44;65a7c139-1772-545e-a246-67820bcacc3d;9125acd5-5359-5d7d-9996-6d662a07b96d;WFS-FLL-457515;49ae3d7b-939a-52e6-ae12-8b76992513af;4500300648;5000300648;TICKET_NUMBER;FUELFLL;400000;MATCHED;0.00;0.00;NONE;69a36eb1-65e5-5140-8354-806b833f214b;14441.04;1.5515;22404.62;WITHIN;
8b361b06-1364-5c82-8742-6dfc349582f4;dfc47615-fc04-55bc-b9bc-01b909f209fc;300;013573ad-8e1e-50ab-bfd5-140b70dbab8b;Jet A into-plane FLL B62279 24Sep N531JL;4500300650;00010;7671.000;LTR;1.2317;9448.37;U1;89.17;19abd832-3137-5128-a570-1f41e6c893ae;f739f3f5-078b-580e-8e0c-2645bcb6708c;WFS-FLL-457518;37529e6a-344b-55e4-a6f9-dbbc35e6bde4;4500300650;5000300650;TICKET_NUMBER;FUELFLL;400000;MATCHED;0.00;0.00;NONE;07715f93-ff89-5627-893f-6c489f867703;6071.6;1.5562;9448.37;WITHIN;
6f2929f7-4b3f-520b-8396-21c95eef449a;dfc47615-fc04-55bc-b9bc-01b909f209fc;310;013573ad-8e1e-50ab-bfd5-140b70dbab8b;Jet A into-plane FLL B61590 24Sep N3145J;4500300651;00010;5603.000;LTR;1.2317;6901.22;U1;65.13;a0eb0439-732c-5219-93dc-6d9b1caece62;19aa8210-cb2e-538e-accc-b1ed104d1780;WFS-FLL-457520;542f3777-7e17-56de-b921-0d03faa0f146;4500300651;5000300651;TICKET_NUMBER;FUELFLL;400000;MATCHED;0.00;0.00;NONE;192f9227-d7e3-5309-b668-d1af1df1d894;4439.26;1.5546;6901.22;WITHIN;
9e799493-cda7-55bc-8021-7a031146548d;dfc47615-fc04-55bc-b9bc-01b909f209fc;320;013573ad-8e1e-50ab-bfd5-140b70dbab8b;Jet A into-plane FLL B61146 24Sep N519JB;4500300660;00010;6846.000;LTR;1.2317;8432.22;U1;79.58;9975913d-135f-58ca-97ea-103074722d91;50ef1e8c-58b6-504c-bc4e-4e7d15bdefcd;WFS-FLL-457522;9755d58e-e663-5a0c-b827-503edc289543;4500300660;5000300660;TICKET_NUMBER;FUELFLL;400000;MATCHED;0.00;0.00;NONE;65072e3e-8afe-5fb3-8aec-dba5496adfd7;5438.46;1.5505;8432.22;WITHIN;
073ef3f0-a709-5b92-ab58-7cf135b0e23d;dfc47615-fc04-55bc-b9bc-01b909f209fc;330;013573ad-8e1e-50ab-bfd5-140b70dbab8b;Jet A into-plane FLL B6514 24Sep N584JB;4500300689;00010;8447.000;LTR;1.2317;10404.17;U1;98.19;8a5e2726-e55f-5585-86d7-67f1f5d232c8;18d8ddc5-0654-5cb8-b89f-63e8093cfffb;WFS-FLL-457524;b616fe03-d439-500a-9e7d-b46e13d04417;4500300689;5000300689;TICKET_NUMBER;FUELFLL;400000;MATCHED;0.00;0.00;NONE;e3a6f6a8-2e90-5508-8ba2-576431f1d45e;6693.4;1.5544;10404.17;WITHIN;
b525d6d1-a1d0-56ef-b7a7-f0e8ec72db40;dfc47615-fc04-55bc-b9bc-01b909f209fc;340;013573ad-8e1e-50ab-bfd5-140b70dbab8b;Jet A into-plane FLL B62823 24Sep N809JB;4500300691;00010;6470.000;LTR;1.2317;7969.10;U1;75.21;77b7adba-4bc1-579b-be23-778f3aa58c03;b94066c2-7bcf-55b8-998e-6dff40276d7d;WFS-FLL-457527;924c37f9-0f16-505d-80a9-6e8917c1b5f6;4500300691;5000300691;TICKET_NUMBER;FUELFLL;400000;MATCHED;0.00;0.00;NONE;e7ad7b9f-ba30-5509-99d1-7d434c134c4d;5124.24;1.5552;7969.1;WITHIN;
c228feef-b550-55f1-bdf4-5230612f05a5;dfc47615-fc04-55bc-b9bc-01b909f209fc;350;013573ad-8e1e-50ab-bfd5-140b70dbab8b;Jet A into-plane FLL B6814 25Sep N645JB;4500300805;00010;9127.000;LTR;1.2423;11338.47;U1;106.09;55875650-c1a5-5e69-9125-f1957f3aa4c9;99011326-5b16-5bd4-8351-553d782292f2;WFS-FLL-457528;999de398-db61-5df5-ad93-75f3b154b300;4500300805;5000300805;TICKET_NUMBER;FUELFLL;400000;MATCHED;0.00;0.00;NONE;6dc0fc20-6a46-589c-a1e6-5a0c88fd270b;7245.93;1.5648;11338.47;WITHIN;
0b60a61b-91d5-5cd6-8deb-7ce78c68727f;dfc47615-fc04-55bc-b9bc-01b909f209fc;360;013573ad-8e1e-50ab-bfd5-140b70dbab8b;Jet A into-plane FLL B61626 25Sep N646JB;4500300839;00010;4766.000;LTR;1.2423;5920.80;U1;55.40;1cc19e9b-688e-5cf3-ba85-d8f04d4f3089;2c7f2e4d-9e17-5282-aa97-ce584331d6a8;WFS-FLL-457530;edc46abc-dd99-5ca1-972f-bfa26ddc624a;4500300839;5000300839;TICKET_NUMBER;FUELFLL;400000;MATCHED;0.00;0.00;NONE;a1d83171-b4eb-5d75-ba5b-9f309cc5d4dd;3777.53;1.5674;5920.8;WITHIN;
e277e390-3895-57fd-bbe3-0af9897ac71a;dfc47615-fc04-55bc-b9bc-01b909f209fc;370;013573ad-8e1e-50ab-bfd5-140b70dbab8b;Jet A into-plane FLL B62371 25Sep N709JB;4500300914;00010;8752.000;LTR;1.2423;10872.61;U1;101.73;54e3bee4-a3ad-52ce-ae70-955a98119259;8f85de0f-3702-547e-92cd-127023de2d0e;WFS-FLL-457532;3843cd70-0828-569d-8252-69519f5416be;4500300914;5000300914;TICKET_NUMBER;FUELFLL;400000;MATCHED;0.00;0.00;NONE;76e0f024-4b88-5ad9-b60d-223f3926848b;6945.59;1.5654;10872.61;WITHIN;
f3f2242c-b6bb-58e7-9086-cc95f70d1e74;dfc47615-fc04-55bc-b9bc-01b909f209fc;380;013573ad-8e1e-50ab-bfd5-140b70dbab8b;Jet A into-plane FLL B6872 25Sep N597JB;4500300916;00010;8418.000;LTR;1.2423;10457.68;U1;97.85;c2c9f84e-d9f7-5910-9347-1d62052c6752;7f04a98f-20cc-518c-9e42-c2cab31be78a;WFS-FLL-457533;86265404-d877-5b84-972a-4f69854d3a75;4500300916;5000300916;TICKET_NUMBER;FUELFLL;400000;MATCHED;0.00;0.00;NONE;b9169a39-edd6-5e56-9ca8-ed5769b23f67;6674.63;1.5668;10457.68;WITHIN;
30f44441-765b-51c2-88fa-b230ae9c1422;dfc47615-fc04-55bc-b9bc-01b909f209fc;390;013573ad-8e1e-50ab-bfd5-140b70dbab8b;Jet A into-plane FLL B62276 25Sep N794JB;4500300938;00010;7601.000;LTR;1.2423;9442.72;U1;88.35;c8ce8041-0d98-57b6-970c-88483771624b;bc1fce1b-737e-5a98-abcb-8292b6258906;WFS-FLL-457534;ce141d9f-f2b2-5c2c-830b-735d79dd20d9;4500300938;5000300938;TICKET_NUMBER;FUELFLL;400000;MATCHED;0.00;0.00;NONE;20ca7a2b-895e-57e7-b82d-91861f6bd7c7;6014.67;1.5699;9442.72;WITHIN;
4c368e54-c29c-5c90-a843-cf00bcd32602;dfc47615-fc04-55bc-b9bc-01b909f209fc;400;013573ad-8e1e-50ab-bfd5-140b70dbab8b;Jet A into-plane FLL B61375 25Sep N805JB;4500300939;00010;3764.000;LTR;1.2423;4676.02;U1;43.75;8515d16b-0f74-5bf8-9d89-0a250a846528;16ec1c92-fef7-536c-940e-c753e5ad0051;WFS-FLL-457536;a4125e36-9964-5432-8015-c2ce9c444c9a;4500300939;5000300939;TICKET_NUMBER;FUELFLL;400000;MATCHED;0.00;0.00;NONE;cb7461a9-7e34-50c8-bf13-2fb13bac6597;2980.34;1.569;4676.02;WITHIN;
7740cfbb-8ad8-59a3-805b-05bae808b906;dfc47615-fc04-55bc-b9bc-01b909f209fc;410;013573ad-8e1e-50ab-bfd5-140b70dbab8b;Jet A into-plane FLL B61553 25Sep N615JB;4500300976;00010;5713.000;LTR;1.2423;7097.26;U1;66.41;90bace7a-5ae2-5a5e-977f-aa42aae0d8a0;37e1ff16-dab6-5d1c-8b92-e69cab70fcd3;WFS-FLL-457539;5314f780-260b-52e0-8480-04119e3d96fe;4500300976;5000300976;TICKET_NUMBER;FUELFLL;400000;MATCHED;0.00;0.00;NONE;b7f98a3b-f18f-599e-8fcb-5e7587800541;4528.12;1.5674;7097.26;WITHIN;
62e8b7be-e065-54b9-b3b8-8188ec97c626;dfc47615-fc04-55bc-b9bc-01b909f209fc;420;013573ad-8e1e-50ab-bfd5-140b70dbab8b;Jet A into-plane FLL B6272 25Sep N828JB;4500301025;00010;16317.000;LTR;1.2423;20270.61;U1;189.67;30209a7f-7dc5-5a82-9ba9-961312a6ed79;a7488dfa-811f-581e-bcfc-f65de786f306;WFS-FLL-457541;49bd5f66-11a4-51b5-b962-e021c7e23304;4500301025;5000301025;TICKET_NUMBER;FUELFLL;400000;MATCHED;0.00;0.00;NONE;c2331f5c-56e7-5b77-8147-f76badbb44c9;12906.75;1.5705;20270.61;WITHIN;
f82fb024-0fb7-50cc-8a0c-19aed801b727;dfc47615-fc04-55bc-b9bc-01b909f209fc;430;013573ad-8e1e-50ab-bfd5-140b70dbab8b;Jet A into-plane FLL B62118 25Sep N593JB;4500301035;00010;2622.000;LTR;1.2423;3257.31;U1;30.48;b53fd754-4be5-5c1d-98aa-d690079f1d67;e78982dd-a787-5831-a7a6-4b3ff1e4ece5;WFS-FLL-457543;016ea64b-98df-56c1-a29a-acdaa5117191;4500301035;5000301035;TICKET_NUMBER;FUELFLL;400000;MATCHED;0.00;0.00;NONE;b7a9d9aa-074c-5d81-8f21-a2f18466cd7d;2077.41;1.568;3257.31;WITHIN;
2cae3624-95b1-56c4-a358-21555f892289;dfc47615-fc04-55bc-b9bc-01b909f209fc;440;013573ad-8e1e-50ab-bfd5-140b70dbab8b;Jet A into-plane FLL B62182 25Sep N640JB;4500301040;00010;9452.000;LTR;1.2423;11742.22;U1;109.87;e75c5fe8-f41f-5f03-995b-34b13341f623;631fbf83-fe01-5fd0-97b9-5f79273aeaef;WFS-FLL-457545;bbb69d47-0326-54e6-b460-77f209fbfb01;4500301040;5000301040;TICKET_NUMBER;FUELFLL;400000;MATCHED;0.00;0.00;NONE;fb6d9004-e44a-53b3-97d4-d8ed36ddbc59;7484.09;1.569;11742.22;WITHIN;
b70cf5ae-1822-58d3-9a26-682700389644;dfc47615-fc04-55bc-b9bc-01b909f209fc;450;013573ad-8e1e-50ab-bfd5-140b70dbab8b;Jet A into-plane FLL B6106 25Sep N508JL;4500301219;00010;10285.000;LTR;1.2423;12777.06;U1;119.55;54a067be-12da-56d2-b8bd-6cc5b9ae89f4;55b46449-cfce-5a3b-a93c-e0b05820e64f;WFS-FLL-457548;0ce3b80c-4639-5c92-9c64-3dc916636473;4500301219;5000301219;TICKET_NUMBER;FUELFLL;400000;MATCHED;0.00;0.00;NONE;1021e7bf-3c53-5680-a2eb-57dea314e122;8156.01;1.5666;12777.06;WITHIN;
01673ba1-3a0b-5369-a330-705c02e5c55e;dfc47615-fc04-55bc-b9bc-01b909f209fc;460;013573ad-8e1e-50ab-bfd5-140b70dbab8b;Jet A into-plane FLL B62779 25Sep N649JB;4500301255;00010;7298.000;LTR;1.2423;9066.31;U1;84.83;c09a8f7e-9293-53b7-9b9f-887f593ed806;73c78245-7032-5ea7-8b51-1d891ec1f904;WFS-FLL-457549;6d4ba60a-fa6f-513d-bd6c-2ca5520e138c;4500301255;5000301255;TICKET_NUMBER;FUELFLL;400000;MATCHED;0.00;0.00;NONE;643c5f5f-a978-55de-8392-b804f207b7c1;5761.04;1.5737;9066.31;WITHIN;
841b80ee-27c1-59b3-a006-2c07ffe315b9;dfc47615-fc04-55bc-b9bc-01b909f209fc;470;013573ad-8e1e-50ab-bfd5-140b70dbab8b;Jet A into-plane FLL B62279 25Sep N794JB;4500301263;00010;8567.000;LTR;1.2423;10642.78;U1;99.58;2e871512-9c8c-5438-a454-e93cf2ad1ae8;5d6949b1-9668-5cf5-b320-10e10700921b;WFS-FLL-457552;d7fde6f0-c31c-513a-9fa1-f3536314c952;4500301263;5000301263;TICKET_NUMBER;FUELFLL;400000;MATCHED;0.00;0.00;NONE;38a4caf7-b3bb-5d6d-8002-81a59aa6e9c8;6794.49;1.5664;10642.78;WITHIN;
d42adf95-151e-54d2-9416-d3a32944198b;dfc47615-fc04-55bc-b9bc-01b909f209fc;480;013573ad-8e1e-50ab-bfd5-140b70dbab8b;Jet A into-plane FLL B62626 25Sep N805JB;4500301265;00010;6364.000;LTR;1.2423;7906.00;U1;73.98;1f89863e-57bd-5a20-acfd-4a58988a6dbe;4df0f7ea-0587-572b-87ff-98a9d31307a9;WFS-FLL-457553;5900fb48-013a-521f-841b-8cf91335398d;4500301265;5000301265;TICKET_NUMBER;FUELFLL;400000;MATCHED;0.00;0.00;NONE;8db23b19-739b-5fce-8fe1-e50269751e6c;5048.56;1.566;7906;WITHIN;
37faaffb-da61-569c-b9fe-29a202d3271b;dfc47615-fc04-55bc-b9bc-01b909f209fc;490;013573ad-8e1e-50ab-bfd5-140b70dbab8b;Jet A into-plane FLL B61905 25Sep N796JB;4500301267;00010;1488.000;LTR;1.2423;1848.54;U1;17.30;8397b950-04f8-57a8-b1e7-457f33aed27e;7f792464-cb46-580f-899c-f3a8734a000d;WFS-FLL-457555;15a6a155-daf1-5694-b692-52fe449b769c;4500301267;5000301267;TICKET_NUMBER;FUELFLL;400000;MATCHED;0.00;0.00;NONE;e1a2a5e9-49b1-51a1-9af5-c884c2a34287;1176.56;1.5711;1848.54;WITHIN;
714eb3d4-9530-59a5-8dd3-b2af5f3ef36d;dfc47615-fc04-55bc-b9bc-01b909f209fc;500;013573ad-8e1e-50ab-bfd5-140b70dbab8b;Jet A into-plane FLL B61146 25Sep N563JB;4500301274;00010;5766.000;LTR;1.2423;7163.10;U1;67.02;d3366bc0-5a99-5407-9d60-07c096889dce;1d541e3c-fd1f-565b-a4e3-e4f80da694de;WFS-FLL-457557;a47f0340-0b28-5733-be03-06067f13a91b;4500301274;5000301274;TICKET_NUMBER;FUELFLL;400000;MATCHED;0.00;0.00;NONE;1df5ab21-d599-5010-817f-38a1aac3f8bc;4561.48;1.5703;7163.1;WITHIN;
bbe765e7-2ace-5efb-8d6b-b077d8e95685;dfc47615-fc04-55bc-b9bc-01b909f209fc;510;013573ad-8e1e-50ab-bfd5-140b70dbab8b;Jet A into-plane FLL B6607 25Sep N986JB;4500301275;00010;17591.000;LTR;1.2423;21853.30;U1;204.48;8d104353-2a83-5637-88bd-583fdd5dc5e1;19755d1c-76ec-5b5c-91d1-beec4402c9bb;WFS-FLL-457559;4694b3f6-3173-539e-8d0c-4783759aaedb;4500301275;5000301275;TICKET_NUMBER;FUELFLL;400000;MATCHED;0.00;0.00;NONE;64a26d71-cf0d-5fde-99cb-a25d3c60aba2;13900.41;1.5721;21853.3;WITHIN;
4617b53d-d0ee-5ea5-bc03-3b98202f98ff;dfc47615-fc04-55bc-b9bc-01b909f209fc;520;013573ad-8e1e-50ab-bfd5-140b70dbab8b;Jet A into-plane FLL B6514 25Sep N709JB;4500301277;00010;9225.000;LTR;1.2423;11460.22;U1;107.23;fbd9c076-ee6f-5e76-97a9-584f69360b0d;72ac4cd9-ad4c-5a18-9648-459509be2974;WFS-FLL-457560;917d7863-7569-5d22-8fd1-7fb735297eb5;4500301277;5000301277;TICKET_NUMBER;FUELFLL;400000;MATCHED;0.00;0.00;NONE;39fb1358-6bde-5095-aff9-6eb54ec37d51;7293.28;1.5713;11460.22;WITHIN;
33c90a85-ddd2-5176-8411-f862ff43edee;dfc47615-fc04-55bc-b9bc-01b909f209fc;530;013573ad-8e1e-50ab-bfd5-140b70dbab8b;Jet A into-plane FLL B62290 25Sep N705JB;4500301279;00010;9001.000;LTR;1.2423;11181.94;U1;104.63;b748bee0-be5b-588e-8b08-77ff39b79953;3453f879-5a64-5b6c-9bea-368b59812436;WFS-FLL-457561;7e5a6a61-a71c-5c84-8e41-6b2966c9cf85;4500301279;5000301279;TICKET_NUMBER;FUELFLL;400000;MATCHED;0.00;0.00;NONE;5ac5ae59-1733-572a-af67-5f3a77a0d111;7115.29;1.5715;11181.94;WITHIN;
b24dc68b-cf65-5673-aad8-5287a41157fe;dfc47615-fc04-55bc-b9bc-01b909f209fc;540;013573ad-8e1e-50ab-bfd5-140b70dbab8b;Jet A into-plane FLL B61590 25Sep N3145J;4500301302;00010;7215.000;LTR;1.2423;8963.19;U1;83.87;573dca64-4bdf-50f6-a80e-43dcb78f1d01;774ffa9a-4337-5804-b6cd-783c54136e38;WFS-FLL-457564;98ab53f1-bfb2-5511-90b0-92b1e1663fc7;4500301302;5000301302;TICKET_NUMBER;FUELFLL;400000;MATCHED;0.00;0.00;NONE;57e33baf-2813-50b2-a163-5d6fd669d855;5712.12;1.5692;8963.19;WITHIN;
e62d3ab5-b2ef-5de6-b9be-1b278dfacd0a;dfc47615-fc04-55bc-b9bc-01b909f209fc;550;013573ad-8e1e-50ab-bfd5-140b70dbab8b;Jet A into-plane FLL B62823 25Sep N630JB;4500301311;00010;6937.000;LTR;1.2423;8617.84;U1;80.64;23bda6dc-5c90-5d7e-8472-fa3d190da063;6a6cce19-54d1-546c-adaf-85364d7c7d82;WFS-FLL-457565;7f7aed76-9174-5fdc-8bcd-4c8ddf4c12ef;4500301311;5000301311;TICKET_NUMBER;FUELFLL;400000;MATCHED;0.00;0.00;NONE;8f068ebd-a10a-5c15-a4a7-04137fc9d5d9;5494.8;1.5684;8617.84;WITHIN;
873df4f7-623d-5844-84c9-8fd749f34f19;dfc47615-fc04-55bc-b9bc-01b909f209fc;560;013573ad-8e1e-50ab-bfd5-140b70dbab8b;Jet A into-plane FLL B62080 25Sep N3118J;4500301314;00010;4450.000;LTR;1.2423;5528.23;U1;51.73;e627f96d-4235-517a-90c0-a35940f5ab6e;b0825af2-c34b-503c-997b-300858f4e21a;WFS-FLL-457566;09f739c4-5407-56a3-8557-de5eb4b3129d;4500301314;5000301314;TICKET_NUMBER;FUELFLL;400000;MATCHED;0.00;0.00;NONE;e87052fc-f4b1-5142-b430-d602ac6f4255;3527.07;1.5674;5528.23;WITHIN;
ddfe3206-46d0-5681-8cab-1493970159c8;dfc47615-fc04-55bc-b9bc-01b909f209fc;570;013573ad-8e1e-50ab-bfd5-140b70dbab8b;Jet A into-plane FLL B6814 26Sep N595JB;4500301433;00010;7620.000;LTR;1.2502;9526.52;U1;88.57;516f215e-45be-58aa-bc28-15b2ad8cece2;dcb7da46-9752-5f3a-90ba-0b38fe2fa96a;WFS-FLL-457568;c27f903e-89b1-5e03-937d-8c027ced7b40;4500301433;5000301433;TICKET_NUMBER;FUELFLL;400000;MATCHED;0.00;0.00;NONE;9e7f510b-c1a6-5e03-b2ed-9b5f848c715c;6137.15;1.5523;9526.52;WITHIN;
7052e570-536d-553f-862b-85441a344986;dfc47615-fc04-55bc-b9bc-01b909f209fc;580;013573ad-8e1e-50ab-bfd5-140b70dbab8b;Jet A into-plane FLL B61626 26Sep N806JB;4500301476;00010;5287.000;LTR;1.2502;6609.81;U1;61.46;a89a9664-afa1-5929-a946-ac3dc1afdd34;a772ff38-68e4-54a1-b3bf-ee5fe0281e6b;WFS-FLL-457570;92205e54-6e51-50dc-952e-9dfe9a2fddf9;4500301476;5000301476;TICKET_NUMBER;FUELFLL;400000;MATCHED;0.00;0.00;NONE;67d55469-4332-58ef-91f7-87b030b5bb8f;4238.06;1.5596;6609.81;WITHIN;
4fe9c237-a03e-50b3-bcc0-41d3febd5bc4;dfc47615-fc04-55bc-b9bc-01b909f209fc;590;013573ad-8e1e-50ab-bfd5-140b70dbab8b;Jet A into-plane FLL B6872 26Sep N523JB;4500301532;00010;8990.000;LTR;1.2502;11239.30;U1;104.50;7b4413ac-eabf-59eb-97a0-e1c840cb574b;0ad5d952-d097-5ff4-a43b-680ce5fb85ec;WFS-FLL-457573;95d42432-649a-5a41-a5b5-7f1b71fcdf4e;4500301532;5000301532;TICKET_NUMBER;FUELFLL;400000;MATCHED;0.00;0.00;NONE;d513d7be-de4b-5bc8-9307-c63f0cc66f08;7207.28;1.5594;11239.3;WITHIN;
d854e8bc-ce74-5c0b-bb6f-693d1c3f120b;dfc47615-fc04-55bc-b9bc-01b909f209fc;600;013573ad-8e1e-50ab-bfd5-140b70dbab8b;Jet A into-plane FLL B62371 26Sep N559JB;4500301534;00010;9462.000;LTR;1.2502;11829.39;U1;109.99;0ff9121b-fb87-56c1-8571-5d714121a220;8a25e4da-db3f-5b49-9987-5437a6b23a16;WFS-FLL-457575;53a79b9c-d01c-5d81-8b17-299ed4a9112f;4500301534;5000301534;TICKET_NUMBER;FUELFLL;400000;MATCHED;0.00;0.00;NONE;b1f62626-57df-5f08-acfb-88b1a1904e6c;7597.99;1.5569;11829.39;WITHIN;
28def91f-9b3e-5bbd-8be9-7c2785ae42b9;dfc47615-fc04-55bc-b9bc-01b909f209fc;610;013573ad-8e1e-50ab-bfd5-140b70dbab8b;Jet A into-plane FLL B61553 26Sep N794JB;4500301578;00010;6308.000;LTR;1.2502;7886.26;U1;73.32;41de9b0b-0fe1-5834-975d-8faca0d3bca0;559418de-f07c-52b9-9f2b-badf4c20a296;WFS-FLL-457576;7c1bba9f-a387-5ae8-9025-15ec4db05483;4500301578;5000301578;TICKET_NUMBER;FUELFLL;400000;MATCHED;0.00;0.00;NONE;abfbb2a6-ef18-5fa2-867e-4488f242095c;5066.59;1.5565;7886.26;WITHIN;
f49ca634-1354-5ac7-bf14-1e24631dc0e4;dfc47615-fc04-55bc-b9bc-01b909f209fc;620;013573ad-8e1e-50ab-bfd5-140b70dbab8b;Jet A into-plane FLL B6380 26Sep N705JB;4500301608;00010;21418.000;LTR;1.2502;26776.78;U1;248.96;e77a9d4a-ac7d-5b13-97b2-941b39c12602;f368c49a-433b-5abc-a8ea-a7cf670a0948;WFS-FLL-457578;217f83b8-85cb-5cd1-96a3-5e7f5db3e03d;4500301608;5000301608;TICKET_NUMBER;FUELFLL;400000;MATCHED;0.00;0.00;NONE;c60fbb4a-84f6-5a58-bced-d68ac076772b;17241.49;1.553;26776.78;WITHIN;
2e00bea7-9aa7-58c6-ba6f-33874362b993;dfc47615-fc04-55bc-b9bc-01b909f209fc;630;013573ad-8e1e-50ab-bfd5-140b70dbab8b;Jet A into-plane FLL B6272 26Sep N630JB;4500301620;00010;8849.000;LTR;1.2502;11063.02;U1;102.86;8aa77f69-e421-5704-b938-0e3619df755b;1a9876aa-62e6-5a75-8712-2c7db87aa90e;WFS-FLL-457581;0cc4feb7-9f12-5d9b-8e4d-6e66230d4243;4500301620;5000301620;TICKET_NUMBER;FUELFLL;400000;MATCHED;0.00;0.00;NONE;561eb41f-29c5-5211-abb1-f8a7e09ea0fe;7128.75;1.5519;11063.02;WITHIN;
cc4d0712-128c-5f88-ad82-a5a1b8a41a16;dfc47615-fc04-55bc-b9bc-01b909f209fc;640;013573ad-8e1e-50ab-bfd5-140b70dbab8b;Jet A into-plane FLL B62118 26Sep N633JB;4500301639;00010;2461.000;LTR;1.2502;3076.74;U1;28.61;59cf897c-b426-5f34-bda1-05f47e7d47e6;0403e11f-123c-5e45-98aa-0e66db66e5ab;WFS-FLL-457584;55c3b173-311f-52ce-86c0-107c89b80b95;4500301639;5000301639;TICKET_NUMBER;FUELFLL;400000;MATCHED;0.00;0.00;NONE;4c5b435d-bc47-5166-8421-b8faa97b6c79;1979.87;1.554;3076.74;WITHIN;
f1fd41bf-3d9e-576c-bdf3-a55910fd7d41;dfc47615-fc04-55bc-b9bc-01b909f209fc;650;013573ad-8e1e-50ab-bfd5-140b70dbab8b;Jet A into-plane FLL B62182 26Sep N625JB;4500301646;00010;9506.000;LTR;1.2502;11884.40;U1;110.50;13d07c58-607a-5283-8a12-25be556b60a6;a0ffcf14-3a44-5245-b113-3493f82d4682;WFS-FLL-457586;0152fff0-b484-540d-9bf9-862158d29809;4500301646;5000301646;TICKET_NUMBER;FUELFLL;400000;MATCHED;0.00;0.00;NONE;2d725c72-85f9-5ba8-bf42-037e4a61b2bf;7618.11;1.56;11884.4;WITHIN;
7c514366-160a-5de2-9a83-f34034fb0a38;dfc47615-fc04-55bc-b9bc-01b909f209fc;660;013573ad-8e1e-50ab-bfd5-140b70dbab8b;Jet A into-plane FLL B61823 26Sep N613JB;4500301700;00010;6700.000;LTR;1.2502;8376.34;U1;77.88;e9bbfcc3-e998-5bab-87d1-5db2a49fd125;26f2cac9-082e-5ff8-b72c-2cd5f340b4e5;WFS-FLL-457588;c8fc3f68-9d54-5ec6-8f6f-a725b1bc4706;4500301700;5000301700;TICKET_NUMBER;FUELFLL;400000;MATCHED;0.00;0.00;NONE;65c19364-640d-5520-97a2-22e9cfd0655e;5370.72;1.5596;8376.34;WITHIN;
4c90a79c-379e-5972-9bbe-17d964586996;dfc47615-fc04-55bc-b9bc-01b909f209fc;670;013573ad-8e1e-50ab-bfd5-140b70dbab8b;Jet A into-plane FLL B61078 26Sep N615JB;4500301727;00010;1668.000;LTR;1.2502;2085.33;U1;19.39;c3eaadb1-6b22-561c-805d-a7fcc9ff6458;fac62a6a-0df3-5e97-9a36-c719fbf07378;WFS-FLL-457590;18239017-74ce-55f9-93f0-0f76e9723119;4500301727;5000301727;TICKET_NUMBER;FUELFLL;400000;MATCHED;0.00;0.00;NONE;ed3ef4e4-37b7-5579-8f2b-ac90dfb15f39;1340.4;1.5558;2085.33;WITHIN;
3efafd7a-f545-5f3a-b842-fce3913953d6;a27581d7-7df7-5e1d-83c3-56a586928d23;10;013573ad-8e1e-50ab-bfd5-140b70dbab8b;Jet A into-plane GSO B68777 25Sep N958JB;4500301076;00010;4840.000;LTR;1.2832;6210.69;U1;56.26;ccb1494c-8aa5-5ad7-b42f-5c79417cabf7;4b2effac-3ecd-562b-b71a-f964ea00c784;AVF-GSO-191124;3130a3b1-d168-5308-85b3-fa299631b9c2;4500301076;5000301076;TICKET_NUMBER;FUELGSO;400000;MATCHED;0.00;0.00;NONE;f150ea3f-ab0c-5e96-a30b-5fb506ecb4c1;3873.94;1.6032;6210.69;WITHIN;
a703dc24-36a1-506f-99c9-5445149738c7;620f369a-16d2-5020-9de0-ab7758696a11;10;013573ad-8e1e-50ab-bfd5-140b70dbab8b;Jet A into-plane GSP B68806 25Sep N948JB;4500301087;00010;4901.000;LTR;1.2821;6283.57;U1;56.97;37f9cae9-1166-539e-ab61-a3a6333a5279;0f1cfadb-ff38-5f85-b0a1-56fb7fd2bc5d;AVF-GSP-528982;abdd2567-78b1-57f8-8109-016e23e6487e;4500301087;5000301087;TICKET_NUMBER;FUELGSP;400000;MATCHED;0.00;0.00;NONE;a3f2d8b3-7d39-5368-be8d-2481ffff95ce;3910.51;1.6068;6283.57;WITHIN;
57ac7431-1f07-5c06-82e7-3f87d1fd1db0;c4c53b6f-36b4-5493-acab-3223764ea208;10;013573ad-8e1e-50ab-bfd5-140b70dbab8b;Jet A into-plane HPN B6195 23Sep N608JB;4500300059;00010;6335.000;LTR;1.3454;8523.11;U1;73.64;a507c190-f51d-555b-a014-431b75f6fa39;c07b38b7-f836-52da-8ea9-7bdbbcabbc5a;WFS-HPN-788001;690d9b23-5bdc-540b-b745-8eb6ab5c892a;4500300059;5000300059;TICKET_NUMBER;FUELHPN;400000;MATCHED;0.00;0.00;NONE;655eb34e-86d5-5f07-83a9-bb85923fd17f;5133.25;1.6604;8523.11;WITHIN;
f1ed243e-d4bb-5c04-8c5c-4e64eab8577d;c4c53b6f-36b4-5493-acab-3223764ea208;20;013573ad-8e1e-50ab-bfd5-140b70dbab8b;Jet A into-plane HPN B61447 24Sep N627JB;4500300138;00010;8485.000;LTR;1.3533;11482.75;U1;98.63;a4b30ff8-3e49-52ce-bc15-d6a6586f4454;71dff964-7092-5cfb-9d05-e35a1c967693;WFS-HPN-788004;4dad2c92-e548-54db-84d4-4f35954ab775;4500300138;5000300138;TICKET_NUMBER;FUELHPN;400000;MATCHED;0.00;0.00;NONE;4367a8fe-eca5-5271-b5eb-517ac4b2bd6b;6817.7;1.6843;11482.75;WITHIN;
28ded2da-e367-5ddb-9093-b0378ae56981;c4c53b6f-36b4-5493-acab-3223764ea208;30;013573ad-8e1e-50ab-bfd5-140b70dbab8b;Jet A into-plane HPN B61551 24Sep N804JB;4500300171;00010;7721.000;LTR;1.3533;10448.83;U1;89.75;7f283ef3-e585-5681-b71e-0c86cd0d462f;ad4208f8-09b1-5e24-ac45-13d5a8f40b38;WFS-HPN-788005;dfc60a47-8da1-5883-b030-f849c67be098;4500300171;5000300171;TICKET_NUMBER;FUELHPN;400000;MATCHED;0.00;0.00;NONE;e458f91c-819f-5c08-b46d-e2574369cf9d;6225.44;1.6784;10448.83;WITHIN;
b9466d40-227f-5b66-aa0b-1c0da808c5b2;c4c53b6f-36b4-5493-acab-3223764ea208;40;013573ad-8e1e-50ab-bfd5-140b70dbab8b;Jet A into-plane HPN B61067 24Sep N796JB;4500300199;00010;6736.000;LTR;1.3533;9115.83;U1;78.30;50bc60fd-0630-556d-a354-3a64a10d2f4a;2aca3036-e128-59e2-b030-578572dce594;WFS-HPN-788008;5947875d-b838-5f65-b12c-1dcc01082a67;4500300199;5000300199;TICKET_NUMBER;FUELHPN;400000;MATCHED;0.00;0.00;NONE;a8f22411-1f9f-52e2-af98-caca9df8cfd3;5419.79;1.682;9115.83;WITHIN;
f46b3406-1212-5930-9017-908062ffd3e8;c4c53b6f-36b4-5493-acab-3223764ea208;50;013573ad-8e1e-50ab-bfd5-140b70dbab8b;Jet A into-plane HPN B62695 24Sep N524JB;4500300218;00010;6375.000;LTR;1.3533;8627.29;U1;74.10;66aabe49-5814-540d-a6b6-d4e9a38d9977;05a918d3-f79f-5ba4-9216-6e65408698d5;WFS-HPN-788011;8dc80e0f-fff7-545f-b39d-61cee9023c1f;4500300218;5000300218;TICKET_NUMBER;FUELHPN;400000;MATCHED;0.00;0.00;NONE;60c6db66-c712-591c-94bf-d14108140cbb;5140.8;1.6782;8627.29;WITHIN;
57b17eda-f77d-54ff-909e-120c26eaf639;c4c53b6f-36b4-5493-acab-3223764ea208;60;013573ad-8e1e-50ab-bfd5-140b70dbab8b;Jet A into-plane HPN B62121 24Sep N3195J;4500300233;00010;625.000;LTR;1.3533;845.81;U1;7.27;9126d7aa-45c0-5bcf-9689-364cdbfed4c7;fe23474b-16b0-5e84-b531-ebff6cf444f3;WFS-HPN-788013;06888a56-2a08-5222-9772-3ec4f9b0b853;4500300233;5000300233;TICKET_NUMBER;FUELHPN;400000;MATCHED;0.00;0.00;NONE;c2523133-d85d-59a7-a92b-800d09dcd857;504.5;1.6765;845.81;WITHIN;
b5cd3683-f45c-5746-8e9d-d94ff1014eca;c4c53b6f-36b4-5493-acab-3223764ea208;70;013573ad-8e1e-50ab-bfd5-140b70dbab8b;Jet A into-plane HPN B6813 24Sep N809JB;4500300266;00010;8158.000;LTR;1.3533;11040.22;U1;94.83;cbb53669-2970-57c4-869a-000404f33693;529db931-17a0-55e9-ae47-2b4ba3b4e513;WFS-HPN-788014;f6c62685-66be-51b8-a989-2bc555e42d5a;4500300266;5000300266;TICKET_NUMBER;FUELHPN;400000;MATCHED;0.00;0.00;NONE;b13c45c6-9bb8-5c5b-a207-ac5254a73baa;6559.85;1.683;11040.22;WITHIN;
91f5f9c3-d7ba-5cee-8433-94327f511a1d;c4c53b6f-36b4-5493-acab-3223764ea208;80;013573ad-8e1e-50ab-bfd5-140b70dbab8b;Jet A into-plane HPN B61167 24Sep N806JB;4500300308;00010;7147.000;LTR;1.3533;9672.04;U1;83.08;cdc2351c-a288-5c72-8cfa-4e2a204e5616;b426bf94-e5ef-598e-a393-f9925543d23a;WFS-HPN-788015;76fcab97-0118-5fc0-ba07-061f8d57f3e9;4500300308;5000300308;TICKET_NUMBER;FUELHPN;400000;MATCHED;0.00;0.00;NONE;f982f3a6-471f-5654-a2f7-41c209d41d47;5749.05;1.6824;9672.04;WITHIN;
1fe54a33-c5e0-5252-8733-d04fd0799cef;c4c53b6f-36b4-5493-acab-3223764ea208;90;013573ad-8e1e-50ab-bfd5-140b70dbab8b;Jet A into-plane HPN B61251 24Sep N523JB;4500300374;00010;8333.000;LTR;1.3533;11277.05;U1;96.86;de73bb79-46e0-5a80-8747-939e064293e5;8fde0b7f-64c9-571d-8aa5-1bd8e45442ea;WFS-HPN-788016;63c1018b-0d2d-5df8-974e-587677c37732;4500300374;5000300374;TICKET_NUMBER;FUELHPN;400000;MATCHED;0.00;0.00;NONE;b0c594fd-b55f-5c74-9dd4-74381f3441a0;6692.23;1.6851;11277.05;WITHIN;
e5a0f9d8-0703-5d28-91ec-5d89966a057a;c4c53b6f-36b4-5493-acab-3223764ea208;100;013573ad-8e1e-50ab-bfd5-140b70dbab8b;Jet A into-plane HPN B6367 24Sep N804JB;4500300434;00010;9036.000;LTR;1.3533;12228.42;U1;105.03;a6cd540b-260b-5d55-b8cb-de079402827b;885d3007-62b1-556d-b5e8-b209dc92170e;WFS-HPN-788018;0fa939f0-059b-53fb-bbd7-315cdee5536d;4500300434;5000300434;TICKET_NUMBER;FUELHPN;400000;MATCHED;0.00;0.00;NONE;7943cb12-4b4d-5813-9c86-e4f6f01fb327;7255.91;1.6853;12228.42;WITHIN;
d69d5299-8e65-52b8-8dbc-bb79c585bf8f;c4c53b6f-36b4-5493-acab-3223764ea208;110;013573ad-8e1e-50ab-bfd5-140b70dbab8b;Jet A into-plane HPN B6595 24Sep N665JB;4500300450;00010;6005.000;LTR;1.3533;8126.57;U1;69.80;fb10d7f3-7c25-58b8-b3a5-f67fb0e1c709;7de3c3c0-1a7f-591c-8515-46938d26906a;WFS-HPN-788021;2854810a-e9b6-5364-b631-2b085b95c41d;4500300450;5000300450;TICKET_NUMBER;FUELHPN;400000;MATCHED;0.00;0.00;NONE;bf2b322a-8ca4-59af-889c-deac9986fd46;4835.23;1.6807;8126.57;WITHIN;
b458206d-0325-52d0-90e3-702371b9b9d3;c4c53b6f-36b4-5493-acab-3223764ea208;120;013573ad-8e1e-50ab-bfd5-140b70dbab8b;Jet A into-plane HPN B61567 24Sep N784JB;4500300479;00010;7451.000;LTR;1.3533;10083.44;U1;86.61;b28a6e2a-c739-5336-91bb-80bc1d24d05c;2159a6f5-9ef3-57a8-83c0-e063b98f6f01;WFS-HPN-788022;7da72b8f-b662-5ebe-adea-76e6167a4210;4500300479;5000300479;TICKET_NUMBER;FUELHPN;400000;MATCHED;0.00;0.00;NONE;e8db9923-7cbc-5b07-a12e-453f0ecc1d7b;6009.98;1.6778;10083.44;WITHIN;
2b909dc4-20df-5ed2-81bb-17761d83f389;c4c53b6f-36b4-5493-acab-3223764ea208;130;013573ad-8e1e-50ab-bfd5-140b70dbab8b;Jet A into-plane HPN B6467 24Sep N806JB;4500300574;00010;7892.000;LTR;1.3533;10680.24;U1;91.74;028b007c-1aef-518c-8790-2d53ccc368e5;b99f3d51-c875-5b2a-8973-1726ac75ceb2;WFS-HPN-788023;04efebc7-ad3e-5584-8546-e46339c376a6;4500300574;5000300574;TICKET_NUMBER;FUELHPN;400000;MATCHED;0.00;0.00;NONE;0242643b-7f5b-55f1-9d27-d99d53a38216;6366.48;1.6776;10680.24;WITHIN;
2779868e-288c-532b-a4ad-ca517b888a35;c4c53b6f-36b4-5493-acab-3223764ea208;140;013573ad-8e1e-50ab-bfd5-140b70dbab8b;Jet A into-plane HPN B6613 24Sep N563JB;4500300662;00010;7736.000;LTR;1.3533;10469.13;U1;89.92;fa433a4f-5a1d-5f3c-b4d1-99e19516062b;6637e4e2-8c9f-5294-b75e-da3bb545bcdf;WFS-HPN-788025;07ff7fc4-bc4d-5acb-8bab-b6a84ac45a15;4500300662;5000300662;TICKET_NUMBER;FUELHPN;400000;MATCHED;0.00;0.00;NONE;34cb1080-6e14-5689-82ee-78d4ac59be5d;6225.93;1.6815;10469.13;WITHIN;
dd351b7b-edf3-589b-864a-e53561de8e48;c4c53b6f-36b4-5493-acab-3223764ea208;150;013573ad-8e1e-50ab-bfd5-140b70dbab8b;Jet A into-plane HPN B6195 24Sep N571JB;4500300664;00010;6763.000;LTR;1.3533;9152.37;U1;78.61;0ba2c234-8225-593a-87c6-8f44fd5963a4;02f5b046-f19c-59c1-aa94-605fa7ae0f5a;WFS-HPN-788026;cc8f9569-c02d-5afb-aa20-586a4aa1e8c5;4500300664;5000300664;TICKET_NUMBER;FUELHPN;400000;MATCHED;0.00;0.00;NONE;ced12208-46ca-5cc3-a862-a7625e94ecd7;5458.42;1.6767;9152.37;WITHIN;
c944767b-a023-5d5b-ae83-cec72dcd318a;c4c53b6f-36b4-5493-acab-3223764ea208;160;013573ad-8e1e-50ab-bfd5-140b70dbab8b;Jet A into-plane HPN B61447 25Sep N608JB;4500300778;00010;6869.000;LTR;1.3639;9368.63;U1;79.85;8c899523-795e-5a4a-98c9-0a4f90d86ef1;1a38207f-4dbb-54e8-a8ef-47f1b9e42be8;WFS-HPN-788029;209e29e5-c4b1-57e5-8792-e5f638716457;4500300778;5000300778;TICKET_NUMBER;FUELHPN;400000;MATCHED;0.00;0.00;NONE;948c65b3-04ee-571e-8b85-8f5a17e054b0;5484.21;1.7083;9368.63;WITHIN;
4c25731f-4e7e-5162-b1c3-4962221ac3c3;c4c53b6f-36b4-5493-acab-3223764ea208;170;013573ad-8e1e-50ab-bfd5-140b70dbab8b;Jet A into-plane HPN B61551 25Sep N527JL;4500300795;00010;8356.000;LTR;1.3639;11396.75;U1;97.13;7c458a62-ffd2-5123-94e1-18f0e89aec90;6793ae43-1724-5cd1-b34b-52dea7aeced5;WFS-HPN-788032;b9faa51e-c4a6-595c-aa08-31d867aae328;4500300795;5000300795;TICKET_NUMBER;FUELHPN;400000;MATCHED;0.00;0.00;NONE;d190668d-d9d1-5bbf-a556-cfeaf03e1115;6667.25;1.7094;11396.75;WITHIN;
d2284710-84e7-512d-82bd-e49510bd3d53;c4c53b6f-36b4-5493-acab-3223764ea208;180;013573ad-8e1e-50ab-bfd5-140b70dbab8b;Jet A into-plane HPN B62601 25Sep N3298J;4500300830;00010;10273.000;LTR;1.3639;14011.34;U1;119.41;32e51364-490d-5ac2-ab22-d5a1f2fcf42d;0e1270df-c884-59c0-ae2c-e5a4348f8e08;WFS-HPN-788035;e3fb1e9b-34c0-514b-8a4b-b1b387d5eb7c;4500300830;5000300830;TICKET_NUMBER;FUELHPN;400000;MATCHED;0.00;0.00;NONE;1095e981-9397-5740-af70-211b248f156e;8202.99;1.7081;14011.34;WITHIN;
501c8568-dffa-577f-b59a-96aef03afb86;c4c53b6f-36b4-5493-acab-3223764ea208;190;013573ad-8e1e-50ab-bfd5-140b70dbab8b;Jet A into-plane HPN B61067 25Sep N520JB;4500300847;00010;7560.000;LTR;1.3639;10311.08;U1;87.88;eb10d126-e79b-591a-9221-4de86b9ec08c;7447ef9b-4a0e-5f4f-8419-d8bd957adbb8;WFS-HPN-788036;c18fe164-2cdd-584e-be77-d3e1ee6b51a5;4500300847;5000300847;TICKET_NUMBER;FUELHPN;400000;MATCHED;0.00;0.00;NONE;5698d265-1d1a-5bed-853b-f1dc9a434fcc;6039.68;1.7072;10311.08;WITHIN;
df181cd8-55ac-5edc-a880-fad5a0c7908b;c4c53b6f-36b4-5493-acab-3223764ea208;200;013573ad-8e1e-50ab-bfd5-140b70dbab8b;Jet A into-plane HPN B62695 25Sep N729JB;4500300861;00010;6625.000;LTR;1.3639;9035.84;U1;77.01;97d50d0d-79d1-5343-92f0-fbade6d11d0c;7292cae5-d9c6-5568-a281-c3f1ca8b049b;WFS-HPN-788038;c14e59ff-ff35-5ce3-979f-1afda7c6f5c7;4500300861;5000300861;TICKET_NUMBER;FUELHPN;400000;MATCHED;0.00;0.00;NONE;05e9a9f3-8232-5e71-9b81-48a79eebbd1c;5294.7;1.7066;9035.84;WITHIN;
3fc2ead8-d852-56fd-8528-cd8b5994e096;c4c53b6f-36b4-5493-acab-3223764ea208;210;013573ad-8e1e-50ab-bfd5-140b70dbab8b;Jet A into-plane HPN B62121 25Sep N3102J;4500300874;00010;1606.000;LTR;1.3639;2190.42;U1;18.67;e24896b8-ee73-5567-aa57-25eea5ab43d7;7bb70d4c-cf8e-5851-9851-5ec115333a46;WFS-HPN-788040;7037797f-0944-5422-b3bb-daaf2d155424;4500300874;5000300874;TICKET_NUMBER;FUELHPN;400000;MATCHED;0.00;0.00;NONE;218aa16c-c6a0-547e-8d4e-a4bc14f34ba2;1279.02;1.7126;2190.42;WITHIN;
da7b54b0-403f-53ed-8377-34ee6e256620;c4c53b6f-36b4-5493-acab-3223764ea208;220;013573ad-8e1e-50ab-bfd5-140b70dbab8b;Jet A into-plane HPN B6813 25Sep N806JB;4500300920;00010;8637.000;LTR;1.3639;11780.00;U1;100.40;27affdd4-2a00-5d5f-806a-ef547e32609e;9b149a55-9653-5444-8391-869f3fb1fa7f;WFS-HPN-788042;9be857af-f24e-5400-bba0-96e837731781;4500300920;5000300920;TICKET_NUMBER;FUELHPN;400000;MATCHED;0.00;0.00;NONE;ebebeedf-5e26-574d-99ae-7b345dcf9c67;6909.6;1.7049;11780;WITHIN;
a732f7d9-ec12-53ad-8059-377295a23bba;c4c53b6f-36b4-5493-acab-3223764ea208;230;013573ad-8e1e-50ab-bfd5-140b70dbab8b;Jet A into-plane HPN B61167 25Sep N645JB;4500300972;00010;6685.000;LTR;1.3639;9117.67;U1;77.71;54bccb52-3799-56f1-8364-607685ae4039;24c29335-116a-5b64-9e6e-ec51c95edd03;WFS-HPN-788045;509ced7e-428b-577f-91f2-c97ffd23ed8f;4500300972;5000300972;TICKET_NUMBER;FUELHPN;400000;MATCHED;0.00;0.00;NONE;90eb3721-1690-560a-aa2f-5f8fdb9d0dad;5341.98;1.7068;9117.67;WITHIN;
459e7f6e-d721-523b-aa58-8f9454028dc6;c4c53b6f-36b4-5493-acab-3223764ea208;240;013573ad-8e1e-50ab-bfd5-140b70dbab8b;Jet A into-plane HPN B61251 25Sep N565JB;4500301021;00010;7995.000;LTR;1.3639;10904.38;U1;92.93;e7a4a831-d70a-583e-bb1b-3b50c09b9168;7af95207-2c30-5288-80f2-94a71256ca3d;WFS-HPN-788047;0b861baf-cd7e-54de-88e8-a7bb55ea57ce;4500301021;5000301021;TICKET_NUMBER;FUELHPN;400000;MATCHED;0.00;0.00;NONE;d7d7fa7e-5b57-567d-a586-c0bb56e0c95e;6372.81;1.7111;10904.38;WITHIN;
d9eafd9f-f318-5020-ac2e-17eb54cf5b59;c4c53b6f-36b4-5493-acab-3223764ea208;250;013573ad-8e1e-50ab-bfd5-140b70dbab8b;Jet A into-plane HPN B6367 25Sep N527JL;4500301075;00010;7466.000;LTR;1.3639;10182.88;U1;86.78;00dd83cc-a40b-52e4-b6fa-a387ec7576a7;56f51611-b800-5293-8f4d-58a5658bbe43;WFS-HPN-788048;d730f356-469f-513e-afa6-ad0f955ba894;4500301075;5000301075;TICKET_NUMBER;FUELHPN;400000;MATCHED;0.00;0.00;NONE;ddc52750-becb-5948-a66e-6a92a2e37dae;5979.52;1.703;10182.88;WITHIN;
51f6d64c-7209-56d7-b0e2-873f10b64225;c4c53b6f-36b4-5493-acab-3223764ea208;260;013573ad-8e1e-50ab-bfd5-140b70dbab8b;Jet A into-plane HPN B6595 25Sep N663JB;4500301109;00010;6800.000;LTR;1.3639;9274.52;U1;79.04;54b28717-c51d-5815-ad8b-307a1cba6e14;c7874d44-d75b-53ed-b2b3-430be1d9c42e;WFS-HPN-788050;9f0d2462-2f3e-5e44-b34e-079129c70e2d;4500301109;5000301109;TICKET_NUMBER;FUELHPN;400000;MATCHED;0.00;0.00;NONE;19539fac-a979-59f0-b238-6e87239223ff;5420.96;1.7109;9274.52;WITHIN;
d27d8d06-6664-5bbe-9ed8-535f9aae5dff;c4c53b6f-36b4-5493-acab-3223764ea208;270;013573ad-8e1e-50ab-bfd5-140b70dbab8b;Jet A into-plane HPN B6467 25Sep N645JB;4500301203;00010;7453.000;LTR;1.3639;10165.15;U1;86.63;4957f7da-4e33-5f50-bc9c-252fc1056743;e62b5900-3139-56aa-8c15-de2230f9ce05;WFS-HPN-788053;eef3be4c-219c-578e-9034-f0adfbfdb25e;4500301203;5000301203;TICKET_NUMBER;FUELHPN;400000;MATCHED;0.00;0.00;NONE;95cc72e2-8950-507b-8cf4-30a21a686e55;5946.75;1.7094;10165.15;WITHIN;
610771bc-5b27-533b-98b8-ba2af9b917a2;c4c53b6f-36b4-5493-acab-3223764ea208;280;013573ad-8e1e-50ab-bfd5-140b70dbab8b;Jet A into-plane HPN B6195 25Sep N568JB;4500301291;00010;6547.000;LTR;1.3639;8929.45;U1;76.10;45d1cd6e-9c2b-534b-8861-39a7807894c9;1a5714b7-2e1a-53e9-a813-2e749113afe8;WFS-HPN-788056;3f1d5240-bd32-5ac6-8156-e1d2b370d599;4500301291;5000301291;TICKET_NUMBER;FUELHPN;400000;MATCHED;0.00;0.00;NONE;4c3ed16e-3543-5765-b537-07134f9da488;5215.34;1.7122;8929.45;WITHIN;
3c44e53c-0079-5b52-a2e3-90184a5f083e;c4c53b6f-36b4-5493-acab-3223764ea208;290;013573ad-8e1e-50ab-bfd5-140b70dbab8b;Jet A into-plane HPN B6613 25Sep N784JB;4500301297;00010;6503.000;LTR;1.3639;8869.44;U1;75.59;c6f58612-b140-52d9-a5ea-a9b3780afea5;b064e237-7141-568b-8c82-5ca43aaffdf7;WFS-HPN-788058;9b175c30-001e-5619-a975-f0d1ec2b3f94;4500301297;5000301297;TICKET_NUMBER;FUELHPN;400000;MATCHED;0.00;0.00;NONE;bfcbcb1e-ca52-5dd3-b728-8276b1df05ab;5201.1;1.7053;8869.44;WITHIN;
5fa9a052-5188-5b37-adb4-06bafbed2131;c4c53b6f-36b4-5493-acab-3223764ea208;300;013573ad-8e1e-50ab-bfd5-140b70dbab8b;Jet A into-plane HPN B61447 26Sep N729JB;4500301411;00010;6805.000;LTR;1.3718;9335.10;U1;79.10;a8c7fe9a-cb1e-5ecd-b39d-f58177d3f847;c3e16f18-6b27-5f77-a367-32a185bc5174;WFS-HPN-788060;9ca711fa-71a5-59c1-bc65-a957275faf00;4500301411;5000301411;TICKET_NUMBER;FUELHPN;400000;MATCHED;0.00;0.00;NONE;12866add-54c9-5dda-a026-5ac1c293a8ff;5469.18;1.7069;9335.1;WITHIN;
ea2267eb-1f2f-5f14-8d24-1e3bbf23d904;c4c53b6f-36b4-5493-acab-3223764ea208;310;013573ad-8e1e-50ab-bfd5-140b70dbab8b;Jet A into-plane HPN B61551 26Sep N592JB;4500301435;00010;8245.000;LTR;1.3718;11310.49;U1;95.84;e0b7b9e5-de35-57d0-80d4-913445af22fa;d3b1c279-5cd3-54de-a011-b95fe5763de7;WFS-HPN-788063;76a3893d-dd5d-591f-bcdd-d23cce670d3c;4500301435;5000301435;TICKET_NUMBER;FUELHPN;400000;MATCHED;0.00;0.00;NONE;1927c8f3-a98f-5082-9e9c-bc1068297df1;6597.65;1.7143;11310.49;WITHIN;
eca4f5cd-5ae7-5912-b4b6-873a57f8c588;c4c53b6f-36b4-5493-acab-3223764ea208;320;013573ad-8e1e-50ab-bfd5-140b70dbab8b;Jet A into-plane HPN B61067 26Sep N564JB;4500301477;00010;7769.000;LTR;1.3718;10657.51;U1;90.31;83d4d7e7-7868-5357-9a70-ee5563f9fc2b;8ea8e0c5-56b3-5af4-bc21-051681214cd5;WFS-HPN-788066;56aeddd5-b161-5832-abe7-44a5abc0174e;4500301477;5000301477;TICKET_NUMBER;FUELHPN;400000;MATCHED;0.00;0.00;NONE;38a6614f-1e78-58d1-98c0-4cf2b716483d;6228.41;1.7111;10657.51;WITHIN;
f4833f60-f175-50d3-aae2-259b613a0e75;c4c53b6f-36b4-5493-acab-3223764ea208;330;013573ad-8e1e-50ab-bfd5-140b70dbab8b;Jet A into-plane HPN B62695 26Sep N531JL;4500301493;00010;6961.000;LTR;1.3718;9549.10;U1;80.91;7d78e6bf-7785-52f1-8c39-6a9f823fd43c;71657504-a36b-5bbf-acb7-12c012da1df9;WFS-HPN-788067;0aa32c4a-471e-56cd-b785-553eb526526b;4500301493;5000301493;TICKET_NUMBER;FUELHPN;400000;MATCHED;0.00;0.00;NONE;7cd12284-0100-5f78-a263-ca4a516630f7;5594.56;1.7069;9549.1;WITHIN;
a3f0a3bd-f9b6-57b8-8eca-6712f4f29d9b;c4c53b6f-36b4-5493-acab-3223764ea208;340;013573ad-8e1e-50ab-bfd5-140b70dbab8b;Jet A into-plane HPN B6813 26Sep N645JB;4500301537;00010;7911.000;LTR;1.3718;10852.31;U1;91.96;2a25d434-3a78-5545-b330-3058694b20c3;2d139db9-0173-573e-802c-82e83f1c1d48;WFS-HPN-788070;60eb53bf-5fa0-5348-9b03-d6c12d562d57;4500301537;5000301537;TICKET_NUMBER;FUELHPN;400000;MATCHED;0.00;0.00;NONE;734ecde2-edf7-566a-8c31-f640e71a4195;6324.84;1.7158;10852.31;WITHIN;
8e786480-69ea-51e4-b4d8-3c2d45ba331d;c4c53b6f-36b4-5493-acab-3223764ea208;350;013573ad-8e1e-50ab-bfd5-140b70dbab8b;Jet A into-plane HPN B61167 26Sep N595JB;4500301567;00010;5998.000;LTR;1.3718;8228.06;U1;69.72;77bfbf0c-fd5f-512b-8c7d-d0bd6ac33da8;7d25ca78-b862-5c65-b167-69db20c6a31f;WFS-HPN-788073;4d5683b2-6678-5a79-97af-cac24189b421;4500301567;5000301567;TICKET_NUMBER;FUELHPN;400000;MATCHED;0.00;0.00;NONE;7b563337-6e6b-5986-8c94-915dcf6b8c1b;4797.2;1.7152;8228.06;WITHIN;
25d1a5b3-f5f0-5b9a-8b60-a855ae262c7f;c4c53b6f-36b4-5493-acab-3223764ea208;360;013573ad-8e1e-50ab-bfd5-140b70dbab8b;Jet A into-plane HPN B6367 26Sep N579JB;4500301671;00010;7327.000;LTR;1.3718;10051.18;U1;85.17;0666ae1c-1be4-5974-9ddb-675dc0f2a0bd;0a45e629-94ce-5d9e-af44-4a4233e0fa8c;WFS-HPN-788074;08b5e433-8e12-5cd4-b961-c79574948a71;4500301671;5000301671;TICKET_NUMBER;FUELHPN;400000;MATCHED;0.00;0.00;NONE;ee77a948-d7e8-5d83-9821-420e3d932636;5857.2;1.716;10051.18;WITHIN;
b5bb254c-8f7f-5bb5-8076-9c174073b2c8;c4c53b6f-36b4-5493-acab-3223764ea208;370;013573ad-8e1e-50ab-bfd5-140b70dbab8b;Jet A into-plane HPN B6595 26Sep N592JB;4500301702;00010;7213.000;LTR;1.3718;9894.79;U1;83.84;3662bf63-9180-557a-9527-96c75da3ef52;a8a5d16d-a41d-5f63-8430-a896cd957c51;WFS-HPN-788075;bde9a7c4-fa25-5a7a-b58c-1cadb7c5bd8a;4500301702;5000301702;TICKET_NUMBER;FUELHPN;400000;MATCHED;0.00;0.00;NONE;6a875e57-7edf-5110-b6ac-76b18a48eb61;5771.84;1.7143;9894.79;WITHIN;
0527add2-7117-5f56-b37a-05c83d951cb1;c4c53b6f-36b4-5493-acab-3223764ea208;380;013573ad-8e1e-50ab-bfd5-140b70dbab8b;Jet A into-plane HPN B61567 26Sep N566JB;4500301718;00010;7707.000;LTR;1.3718;10572.46;U1;89.59;07621e09-b52f-58aa-9e7c-87e7784f9df5;db978a78-26ad-580e-8405-da7f1e3aea92;WFS-HPN-788076;df80f418-b3aa-5bd5-bf38-bcded03c28c4;4500301718;5000301718;TICKET_NUMBER;FUELHPN;400000;MATCHED;0.00;0.00;NONE;18daaf44-0ce8-55b1-9653-a74e7064c180;6160.21;1.7162;10572.46;WITHIN;
ea402b38-62c5-5ce4-9939-d61f51eac49e;63938f35-8d37-5dee-bfdb-d7c5924dbe59;10;013573ad-8e1e-50ab-bfd5-140b70dbab8b;Jet A into-plane IAD B68400 26Sep N4022J;4500301367;00010;1455.000;LTR;1.3186;1918.56;U1;16.91;fe1bc52f-ad23-5673-b182-6a3e8461e886;ce281710-e1fb-5c81-8273-1da59ca7e006;BPA-IAD-530728;09c05d33-4f56-5729-8ec2-e3372344c54a;4500301367;5000301367;TICKET_NUMBER;FUELIAD;400000;MATCHED;0.00;0.00;NONE;770dac26-c4ce-5221-95d9-3b4bf2856f3c;1176.51;1.6307;1918.56;WITHIN;
6bc0b0c6-6a67-5ad4-ac9b-0683e0737c13;58f4a672-7f35-5f92-8c4b-9a8aa069ddc5;10;013573ad-8e1e-50ab-bfd5-140b70dbab8b;Jet A into-plane IAH B62380 24Sep N705JB;4500300177;00010;6507.000;LTR;1.2227;7956.11;U1;75.64;6b1a10da-613a-5cab-a2a5-068b27ac5b15;ab102701-54ba-569a-81b6-36e039c0d7d1;CGA-IAH-360675;bcd5f49a-bb17-5d41-a5ff-e24ced4692d7;4500300177;5000300177;TICKET_NUMBER;FUELIAH;400000;MATCHED;0.00;0.00;NONE;ccbb7114-275b-52d9-a756-6574f4bfbff8;5147.04;1.5458;7956.11;WITHIN;
09fce896-5644-5785-9a8a-f7b1e23ac907;58f4a672-7f35-5f92-8c4b-9a8aa069ddc5;20;013573ad-8e1e-50ab-bfd5-140b70dbab8b;Jet A into-plane IAH B6932 24Sep N638JB;4500300373;00010;10406.000;LTR;1.2227;12723.42;U1;120.96;3e1862da-e16f-549d-8bd0-0a5eb8c72b6b;bb1841e7-635c-5493-a606-f9aefb0831bc;CGA-IAH-360676;5a2fcc6f-a2f3-5456-aed3-b50201cdaeaa;4500300373;5000300373;TICKET_NUMBER;FUELIAH;400000;MATCHED;0.00;0.00;NONE;bbe13ece-4af7-5811-917c-a32573ea616b;8233.23;1.5454;12723.42;WITHIN;
5ded90a0-9664-5745-b782-cd8529802455;58f4a672-7f35-5f92-8c4b-9a8aa069ddc5;30;013573ad-8e1e-50ab-bfd5-140b70dbab8b;Jet A into-plane IAH B61382 24Sep N3291J;4500300376;00010;8016.000;LTR;1.2227;9801.16;U1;93.18;e3068908-5975-59f4-a690-515911c0da2a;579f75c3-4a76-5548-bd53-459dc131d852;CGA-IAH-360678;e8091c71-07f4-5d63-bae9-1f7caa65ce53;4500300376;5000300376;TICKET_NUMBER;FUELIAH;400000;MATCHED;0.00;0.00;NONE;d828367d-d7ea-5814-adfc-455a515b5435;6363.9;1.5401;9801.16;WITHIN;
6b49c394-50b7-5f2b-8c98-faa62091db17;58f4a672-7f35-5f92-8c4b-9a8aa069ddc5;40;013573ad-8e1e-50ab-bfd5-140b70dbab8b;Jet A into-plane IAH B62780 24Sep N623JB;4500300403;00010;6498.000;LTR;1.2227;7945.10;U1;75.53;a9ad633d-9023-5d3d-9f96-de6b8aac198b;9b5757db-e9b8-5770-822c-2ea8abc86bec;CGA-IAH-360680;31a37b8c-7700-5c3b-811a-81ba85190848;4500300403;5000300403;TICKET_NUMBER;FUELIAH;400000;MATCHED;0.00;0.00;NONE;b01cec56-2540-5442-89bb-aaca08cc71e8;5152.26;1.5421;7945.1;WITHIN;
ac8f51e9-233b-534f-8015-d8b4403c9c16;58f4a672-7f35-5f92-8c4b-9a8aa069ddc5;50;013573ad-8e1e-50ab-bfd5-140b70dbab8b;Jet A into-plane IAH B6282 24Sep N3149J;4500300555;00010;8162.000;LTR;1.2227;9979.68;U1;94.88;63131cad-c5bc-5b13-9900-77eb48c03cfd;7c3109c2-fe3e-511f-af04-0019d857fa7d;CGA-IAH-360681;5b2dd42c-8f92-5ad3-b1bd-fd09593bb6af;4500300555;5000300555;TICKET_NUMBER;FUELIAH;400000;MATCHED;0.00;0.00;NONE;7da81d60-b5b8-5b8c-b49f-9dfc239cae86;6457.77;1.5454;9979.68;WITHIN;
b13c0cf8-350b-5e6b-a019-d821a7d1d492;58f4a672-7f35-5f92-8c4b-9a8aa069ddc5;60;013573ad-8e1e-50ab-bfd5-140b70dbab8b;Jet A into-plane IAH B62180 24Sep N809JB;4500300564;00010;5788.000;LTR;1.2227;7076.99;U1;67.28;017832dc-3b83-500c-af77-98516cda5842;5042412d-d303-57ff-982a-5079787f6ece;CGA-IAH-360682;ced732a5-4463-5356-967e-9cba4a031a80;4500300564;5000300564;TICKET_NUMBER;FUELIAH;400000;MATCHED;0.00;0.00;NONE;5fb082ff-1bd5-5206-a93c-c15f9af427e3;4578.31;1.5458;7076.99;WITHIN;
4e71ac09-042f-5834-ad37-289bcd254a6a;58f4a672-7f35-5f92-8c4b-9a8aa069ddc5;70;013573ad-8e1e-50ab-bfd5-140b70dbab8b;Jet A into-plane IAH B62380 25Sep N554JB;4500300822;00010;7292.000;LTR;1.2332;8992.49;U1;84.76;232d7f97-4e03-5e47-8ff6-dca687ffae0e;04a07366-3b53-5bf4-ad07-f2e308e16ea8;CGA-IAH-360685;36152f8a-0424-50e3-b767-a54d19eebdda;4500300822;5000300822;TICKET_NUMBER;FUELIAH;400000;MATCHED;0.00;0.00;NONE;2fed5db9-6d10-5290-8901-490d792aef95;5860.58;1.5344;8992.49;WITHIN;
033d5ede-6b24-582f-a990-dec5de5aaf91;58f4a672-7f35-5f92-8c4b-9a8aa069ddc5;80;013573ad-8e1e-50ab-bfd5-140b70dbab8b;Jet A into-plane IAH B6932 25Sep N535JB;4500301002;00010;10201.000;LTR;1.2332;12579.87;U1;118.58;8ae2ed12-fbda-5ced-b684-0198f27f36e9;7fe07c84-d629-5a33-b2f3-cd70b6f2c53c;CGA-IAH-360687;5813f86f-914f-5840-a7c9-c6b093d892ec;4500301002;5000301002;TICKET_NUMBER;FUELIAH;400000;MATCHED;0.00;0.00;NONE;ab21ae62-df76-50dd-b8e2-def467920ce1;8209.76;1.5323;12579.87;WITHIN;
3640b5ad-05c4-5522-9615-7deac2fec020;58f4a672-7f35-5f92-8c4b-9a8aa069ddc5;90;013573ad-8e1e-50ab-bfd5-140b70dbab8b;Jet A into-plane IAH B61382 25Sep N3308J;4500301028;00010;8630.000;LTR;1.2332;10642.52;U1;100.32;106a5dda-12f7-5084-aaac-28d91ab90c61;2b9d44de-9d60-5d81-8abd-865fa7d35555;CGA-IAH-360689;fac012e2-8642-50e5-8906-837eed4485a1;4500301028;5000301028;TICKET_NUMBER;FUELIAH;400000;MATCHED;0.00;0.00;NONE;04f21f67-e7cc-59df-9ab6-1c622f65ba8a;6930.75;1.5356;10642.52;WITHIN;
4076e69a-236c-5d0d-8381-6331ec70bead;58f4a672-7f35-5f92-8c4b-9a8aa069ddc5;100;013573ad-8e1e-50ab-bfd5-140b70dbab8b;Jet A into-plane IAH B62780 25Sep N605JB;4500301041;00010;5435.000;LTR;1.2332;6702.44;U1;63.18;8413c44b-9373-5990-870f-d955cdad6095;25d9cdf4-c708-5e20-b091-c99742ef01ae;CGA-IAH-360690;8449b388-fe90-508a-8f35-916f36c045b0;4500301041;5000301041;TICKET_NUMBER;FUELIAH;400000;MATCHED;0.00;0.00;NONE;71cc86dd-f035-519e-a81f-ee81d0da7159;4369.74;1.5338;6702.44;WITHIN;
1026b1bb-a7ac-5893-9df1-d5b8e243fe4b;58f4a672-7f35-5f92-8c4b-9a8aa069ddc5;110;013573ad-8e1e-50ab-bfd5-140b70dbab8b;Jet A into-plane IAH B62180 25Sep N806JB;4500301194;00010;6687.000;LTR;1.2332;8246.41;U1;77.73;c71cc40e-01d1-572f-9d15-49659eacae56;10a16526-e463-5c34-89ba-33247a058b0b;CGA-IAH-360692;5a5b98b7-2205-5d6e-81d8-c8e4aa60061f;4500301194;5000301194;TICKET_NUMBER;FUELIAH;400000;MATCHED;0.00;0.00;NONE;8417852d-40cd-5e41-a2b3-6cd5c118e543;5364.31;1.5373;8246.41;WITHIN;
70f66c1f-0001-5965-b6ba-210c9b380853;58f4a672-7f35-5f92-8c4b-9a8aa069ddc5;120;013573ad-8e1e-50ab-bfd5-140b70dbab8b;Jet A into-plane IAH B62380 26Sep N649JB;4500301461;00010;6621.000;LTR;1.2412;8217.99;U1;76.96;40f27b87-ee0f-5187-bea4-a4977eb1f7e8;ed9156d8-6c73-5136-9f32-6862f492987c;CGA-IAH-360693;abcdb49c-69c2-5dcb-bdf4-65be4251f798;4500301461;5000301461;TICKET_NUMBER;FUELIAH;400000;MATCHED;0.00;0.00;NONE;39a3d166-edcb-597e-a059-11de028b8220;5288.85;1.5538;8217.99;WITHIN;
deba5899-0a4e-5312-9ae5-dcf85d6205ae;58f4a672-7f35-5f92-8c4b-9a8aa069ddc5;130;013573ad-8e1e-50ab-bfd5-140b70dbab8b;Jet A into-plane IAH B6932 26Sep N599JB;4500301609;00010;12730.000;LTR;1.2412;15800.48;U1;147.97;7177653d-f4f4-5fde-8e9c-54524fd18c1c;3ccef061-36d0-5f65-bb16-271e41142657;CGA-IAH-360695;081ffde2-5988-5ae1-a7e8-7f9ea718095b;4500301609;5000301609;TICKET_NUMBER;FUELIAH;400000;MATCHED;0.00;0.00;NONE;293cb08b-a035-5d92-8c36-73ad22fe0d1f;10177.64;1.5525;15800.48;WITHIN;
c2c96d9f-cc20-5178-9a70-552f791ace8c;58f4a672-7f35-5f92-8c4b-9a8aa069ddc5;140;013573ad-8e1e-50ab-bfd5-140b70dbab8b;Jet A into-plane IAH B61382 26Sep N3104J;4500301643;00010;9008.000;LTR;1.2412;11180.73;U1;104.71;e3a4e5c4-e15d-5dde-a7b4-7791dbed2266;29b9db36-3362-5ff2-a4c7-2f7c6ec293d3;CGA-IAH-360698;12034362-6932-5b6f-86a4-2ee19e5cab5c;4500301643;5000301643;TICKET_NUMBER;FUELIAH;400000;MATCHED;0.00;0.00;NONE;967b5a4b-a59f-5cdc-ae73-3331cb290f02;7179.38;1.5573;11180.73;WITHIN;
49565950-8491-5b56-bee0-70c8ad452a27;58f4a672-7f35-5f92-8c4b-9a8aa069ddc5;150;013573ad-8e1e-50ab-bfd5-140b70dbab8b;Jet A into-plane IAH B62780 26Sep N588JB;4500301663;00010;7476.000;LTR;1.2412;9279.21;U1;86.90;8fe5636f-7bd6-5bb5-a99b-5200b1b69456;37500ca6-199e-5ebc-85dc-a02a08fb88cb;CGA-IAH-360701;57895b72-2c9f-5ad8-af42-a2766ffe595f;4500301663;5000301663;TICKET_NUMBER;FUELIAH;400000;MATCHED;0.00;0.00;NONE;f1194b9f-7079-5fd5-8f2b-c96b1251a02a;5972.58;1.5536;9279.21;WITHIN;
75d2b88f-8ebf-5f7e-8af7-22a94e0fa357;b4db4d08-1af5-5681-87c8-268c723afdb5;10;013573ad-8e1e-50ab-bfd5-140b70dbab8b;Jet A into-plane ILM B61290 24Sep N3162J;4500300478;00010;2859.000;LTR;1.2703;3631.79;U1;33.23;c5bc0c18-3422-51c2-b9dc-162dad31fa06;cadd4348-0723-5b7d-b5d2-5bdde4e6b80d;AVF-ILM-254148;63790fcc-72e4-5013-8808-dc4cab00110c;4500300478;5000300478;TICKET_NUMBER;FUELILM;400000;MATCHED;0.00;0.00;NONE;1991f1b9-662c-5c14-8548-99dc1e0b8546;2287.2;1.5879;3631.79;WITHIN;
3b599ab0-3f1f-5e63-82ce-79312d7f54b1;b4db4d08-1af5-5681-87c8-268c723afdb5;20;013573ad-8e1e-50ab-bfd5-140b70dbab8b;Jet A into-plane ILM B61290 26Sep N3123J;4500301730;00010;4106.000;LTR;1.2888;5291.81;U1;47.73;85bbad85-ce83-557c-baff-482f2c80444f;f02c8675-e3ba-5010-844b-c3bbe87568db;AVF-ILM-254149;6c512c38-912c-55e8-8a3b-b41948d4874c;4500301730;5000301730;TICKET_NUMBER;FUELILM;400000;MATCHED;0.00;0.00;NONE;84ec082f-8bdd-5604-a6cf-b407828c709e;3316.42;1.5956;5291.81;WITHIN;
1ea9675c-b0dc-5d85-98dc-8dff50ef3ddd;be307ec5-3b2a-5bc9-abe3-cd5b2c68d761;10;013573ad-8e1e-50ab-bfd5-140b70dbab8b;Jet A into-plane ISP B6513 24Sep N554JB;4500300157;00010;9174.000;LTR;1.3489;12374.81;U1;106.64;59edfeca-657c-5a51-b820-3012083abd02;87053dc0-8b3e-5231-9eb6-1a4099b0ec2c;WFS-ISP-635072;32082349-9005-502b-82e4-08d9e1e557fa;4500300157;5000300157;TICKET_NUMBER;FUELISP;400000;MATCHED;0.00;0.00;NONE;4452d9b2-cf7a-5424-a378-03e976b0b0df;7368.56;1.6794;12374.81;WITHIN;
bbcabf7b-a25c-5023-9e10-924f72a91c11;be307ec5-3b2a-5bc9-abe3-cd5b2c68d761;20;013573ad-8e1e-50ab-bfd5-140b70dbab8b;Jet A into-plane ISP B6545 24Sep N796JB;4500300459;00010;8365.000;LTR;1.3489;11283.55;U1;97.23;d33f6209-7883-5ce2-ba4f-a4d2b80fabc1;99c6c1b6-a319-5546-ace4-184975f4a3ef;WFS-ISP-635073;6edb3abb-b07a-5a47-b9e1-7c1a6ace7cc9;4500300459;5000300459;TICKET_NUMBER;FUELISP;400000;MATCHED;0.00;0.00;NONE;634f39e2-22ae-53ff-bc53-bb84df7dfe03;6751.39;1.6713;11283.55;WITHIN;
28d80821-9696-5206-a9cd-eda44fa53266;be307ec5-3b2a-5bc9-abe3-cd5b2c68d761;30;013573ad-8e1e-50ab-bfd5-140b70dbab8b;Jet A into-plane ISP B6547 24Sep N956JT;4500300493;00010;8629.000;LTR;1.3489;11639.66;U1;100.30;5892595e-e882-5660-afb2-1e96b63704b3;664fe2d0-9f35-5dc0-8880-3912a36bf3b2;WFS-ISP-635076;5c7ded60-e93f-59e8-bee7-6521151e9163;4500300493;5000300493;TICKET_NUMBER;FUELISP;400000;MATCHED;0.00;0.00;NONE;e7955cd7-0410-5503-b653-65a64063ea27;6947.21;1.6754;11639.66;WITHIN;
cc69c143-6059-5e31-9b4b-9527704447d2;be307ec5-3b2a-5bc9-abe3-cd5b2c68d761;40;013573ad-8e1e-50ab-bfd5-140b70dbab8b;Jet A into-plane ISP B6513 25Sep N584JB;4500300824;00010;8690.000;LTR;1.3595;11814.06;U1;101.01;912133f5-6324-51f5-a93f-77b4733d57a5;90730292-55ab-51cd-95ae-f94c8db3d5c8;WFS-ISP-635078;f365295a-cf96-5fb2-bde1-583bc6a1fc65;4500300824;5000300824;TICKET_NUMBER;FUELISP;400000;MATCHED;0.00;0.00;NONE;04ca7ed2-2951-5a0a-8c41-469d93368f0f;7018.04;1.6834;11814.06;WITHIN;
21d1fe92-3f6d-567d-bda7-8d0b291f8d36;be307ec5-3b2a-5bc9-abe3-cd5b2c68d761;50;013573ad-8e1e-50ab-bfd5-140b70dbab8b;Jet A into-plane ISP B6545 25Sep N520JB;4500301103;00010;7056.000;LTR;1.3595;9592.63;U1;82.02;a3d7ae61-39d4-5579-8524-5c05fb9bb138;e8906aa1-7a9a-53d7-a094-e5e09863bd69;WFS-ISP-635079;85338ff0-01a0-5899-856a-ab1078a6c623;4500301103;5000301103;TICKET_NUMBER;FUELISP;400000;MATCHED;0.00;0.00;NONE;735aca45-bea0-5e01-902f-2b5ceeb97592;5703.36;1.6819;9592.63;WITHIN;
1b46c553-66b2-5f74-b4ee-1f046ceb74d9;be307ec5-3b2a-5bc9-abe3-cd5b2c68d761;60;013573ad-8e1e-50ab-bfd5-140b70dbab8b;Jet A into-plane ISP B6513 26Sep N709JB;4500301449;00010;6620.000;LTR;1.3674;9052.19;U1;76.95;e525730d-1729-542f-bf1d-43ae8a81e2f9;41adfae2-9db3-58d8-8e2b-3091c4301b6f;WFS-ISP-635081;1070ec60-da2f-55a4-80d2-227a503b1876;4500301449;5000301449;TICKET_NUMBER;FUELISP;400000;MATCHED;0.00;0.00;NONE;6490553b-74c9-5373-ac7b-75469aa55dac;5291.37;1.7107;9052.19;WITHIN;
003c381b-390b-5314-8506-c895d5681da9;be307ec5-3b2a-5bc9-abe3-cd5b2c68d761;70;013573ad-8e1e-50ab-bfd5-140b70dbab8b;Jet A into-plane ISP B6545 26Sep N564JB;4500301693;00010;7144.000;LTR;1.3674;9768.71;U1;83.04;f041fafb-6d5b-58ef-b0cb-3b43cce899d2;b108c533-6e30-56ce-8612-5c050c757d30;WFS-ISP-635083;b14634f7-eb65-5edf-8c34-f4ae5d29f50d;4500301693;5000301693;TICKET_NUMBER;FUELISP;400000;MATCHED;0.00;0.00;NONE;f3487abc-bf50-5ef9-8b42-10f82e319bc5;5718.06;1.7084;9768.71;WITHIN;
1c955b85-3795-588c-af77-c8eed66d4fa1;be307ec5-3b2a-5bc9-abe3-cd5b2c68d761;80;013573ad-8e1e-50ab-bfd5-140b70dbab8b;Jet A into-plane ISP B6547 26Sep N712JB;4500301719;00010;7942.000;LTR;1.3674;10859.89;U1;92.32;a1c2a5ae-fd35-58e6-97d2-e2719d119f2b;572b826b-d9a1-59f4-aba1-a1a5a1874f1d;WFS-ISP-635084;9eb8e7bc-723d-5c39-9331-0e6f2f0a2533;4500301719;5000301719;TICKET_NUMBER;FUELISP;400000;MATCHED;0.00;0.00;NONE;f6e1b71b-ad4d-5b63-a3c9-99df0105025c;6332.16;1.715;10859.89;WITHIN;
299a59a0-1cd0-5d83-bbdc-6e72de269805;525ab060-42b6-5506-afee-4da0bf80f88c;10;013573ad-8e1e-50ab-bfd5-140b70dbab8b;Jet A into-plane JAX B6810 23Sep N623JB;4500300011;00010;5230.000;LTR;1.2561;6569.40;U1;60.79;85993876-fceb-553f-acb0-65dac2b66980;ad687713-f9dc-5b26-8450-7c31621abf01;AVF-JAX-322581;9df8c30a-ee61-504a-8302-c423ca1fd160;4500300011;5000300011;TICKET_NUMBER;FUELJAX;400000;MATCHED;0.00;0.00;NONE;911f3fe6-66c8-5dbd-878c-745e590dce80;4159.42;1.5794;6569.4;WITHIN;
012f4f88-fb09-5766-ade3-4b3bab91cf93;525ab060-42b6-5506-afee-4da0bf80f88c;20;013573ad-8e1e-50ab-bfd5-140b70dbab8b;Jet A into-plane JAX B617 24Sep N566JB;4500300178;00010;2818.000;LTR;1.2640;3561.95;U1;32.76;327716a9-475b-58ee-b4fd-cc5d3d10cdba;a81e7dc3-0f11-5b23-a6f4-8ad40c49db79;AVF-JAX-322584;9606101e-942f-5b85-9b33-012fbb890ce1;4500300178;5000300178;TICKET_NUMBER;FUELJAX;400000;MATCHED;0.00;0.00;NONE;6e072a4c-aab7-57f2-8f49-843abf4e305d;2258.63;1.577;3561.95;WITHIN;
8cc735cd-fe35-5221-a86f-50b384ee840b;525ab060-42b6-5506-afee-4da0bf80f88c;30;013573ad-8e1e-50ab-bfd5-140b70dbab8b;Jet A into-plane JAX B6478 24Sep N3276J;4500300295;00010;4306.000;LTR;1.2640;5442.78;U1;50.05;9dd434d9-6c83-5f03-a3bb-44d8cd585607;b1df8650-832f-5cf5-a3da-cd9d96229ac6;AVF-JAX-322585;5e06ee20-72a7-5d32-a4d1-677cf538f69b;4500300295;5000300295;TICKET_NUMBER;FUELJAX;400000;MATCHED;0.00;0.00;NONE;4323b13f-d539-5d7d-8fcf-283ba05f9634;3449.54;1.5778;5442.78;WITHIN;
3e368e92-2b7d-5535-b7a1-2f2ac804c2dd;525ab060-42b6-5506-afee-4da0bf80f88c;40;013573ad-8e1e-50ab-bfd5-140b70dbab8b;Jet A into-plane JAX B61310 24Sep N3085J;4500300372;00010;6426.000;LTR;1.2640;8122.46;U1;74.70;0820d98d-0dcf-52f6-8cee-2754310b65ea;be037d26-0190-569d-82e5-1bdd5719e700;AVF-JAX-322588;a41636ea-20bc-5240-975b-889914723348;4500300372;5000300372;TICKET_NUMBER;FUELJAX;400000;MATCHED;0.00;0.00;NONE;92b72f0e-1a19-5d97-9bd2-2316ff0f65d0;5169.07;1.5714;8122.46;WITHIN;
c28a128f-b5e3-5f36-9651-4966cd2ee94d;525ab060-42b6-5506-afee-4da0bf80f88c;50;013573ad-8e1e-50ab-bfd5-140b70dbab8b;Jet A into-plane JAX B62117 24Sep N580JB;4500300401;00010;1948.000;LTR;1.2640;2462.27;U1;22.64;452ebdc6-7fea-576a-9e94-5b2219f08409;f2ea8a08-5942-5fa3-bde4-9f5280d6323f;AVF-JAX-322590;26cb6837-eef4-528d-8e6b-40a3bd34bf55;4500300401;5000300401;TICKET_NUMBER;FUELJAX;400000;MATCHED;0.00;0.00;NONE;f23a3eaf-dff7-5a13-9d07-b808185d2982;1566.19;1.5721;2462.27;WITHIN;
835b6ba4-d20e-5c64-9101-e61d507d39ae;525ab060-42b6-5506-afee-4da0bf80f88c;60;013573ad-8e1e-50ab-bfd5-140b70dbab8b;Jet A into-plane JAX B6810 24Sep N655JB;4500300540;00010;6721.000;LTR;1.2640;8495.34;U1;78.12;f756154a-5ff9-5847-8787-425f167992a6;e8288818-7774-5b73-8e1b-2efd14b0531d;AVF-JAX-322592;483a8840-ab9e-5f2d-b7a2-186524784757;4500300540;5000300540;TICKET_NUMBER;FUELJAX;400000;MATCHED;0.00;0.00;NONE;bc9f9925-75f1-5fef-87d1-d0a351cb0727;5409.73;1.5704;8495.34;WITHIN;
ba02938e-99fb-57a8-95af-3eeca8907eb9;525ab060-42b6-5506-afee-4da0bf80f88c;70;013573ad-8e1e-50ab-bfd5-140b70dbab8b;Jet A into-plane JAX B6678 24Sep N3023J;4500300595;00010;5066.000;LTR;1.2640;6403.42;U1;58.89;bb666e26-4398-5301-bebf-ddd0876295c3;eef007e4-104b-56b1-a413-b73197856d85;AVF-JAX-322594;02739f92-6a61-5027-9ea8-47d5dd651f43;4500300595;5000300595;TICKET_NUMBER;FUELJAX;400000;MATCHED;0.00;0.00;NONE;35475170-35dc-523d-93c3-47971407b097;4071.04;1.5729;6403.42;WITHIN;
528eaa90-d2cb-5d31-a56a-e188dfcab02b;525ab060-42b6-5506-afee-4da0bf80f88c;80;013573ad-8e1e-50ab-bfd5-140b70dbab8b;Jet A into-plane JAX B617 25Sep N597JB;4500300817;00010;2631.000;LTR;1.2746;3353.47;U1;30.58;14aedaac-d2a9-5646-a7c5-e585f2219a4a;efffd2e7-5f4e-5e89-873a-a0297d273f1d;AVF-JAX-322595;1127527f-89a6-5b43-a347-fc34409158f9;4500300817;5000300817;TICKET_NUMBER;FUELJAX;400000;MATCHED;0.00;0.00;NONE;4cd89667-c4dc-58ad-b17e-7d88c217a0d5;2090.33;1.6043;3353.47;WITHIN;
767cbb06-8a19-5859-b245-6ccbcf2f4bdd;525ab060-42b6-5506-afee-4da0bf80f88c;90;013573ad-8e1e-50ab-bfd5-140b70dbab8b;Jet A into-plane JAX B61310 25Sep N3085J;4500300991;00010;6663.000;LTR;1.2746;8492.66;U1;77.45;a6481251-6aa8-5c49-8a28-8b847e89a225;b421c3c1-3e23-5e23-aaaf-8f5397aae8b1;AVF-JAX-322596;c933f874-8cc8-5cce-942b-7ab268420aba;4500300991;5000300991;TICKET_NUMBER;FUELJAX;400000;MATCHED;0.00;0.00;NONE;9cc709ae-163e-5187-ad69-d57aeb442ce9;5321.07;1.596;8492.66;WITHIN;
8a0aa1ba-9d58-5b87-ad1c-476e4ca00072;525ab060-42b6-5506-afee-4da0bf80f88c;100;013573ad-8e1e-50ab-bfd5-140b70dbab8b;Jet A into-plane JAX B62117 25Sep N661JB;4500301058;00010;3288.000;LTR;1.2746;4190.88;U1;38.22;c87cfa24-aa1a-5380-a4dc-80d9a5162204;a3d69f6e-5880-5330-9028-9ef29eb62be2;AVF-JAX-322597;4846046e-1c64-51b5-87f1-5a617d0c51af;4500301058;5000301058;TICKET_NUMBER;FUELJAX;400000;MATCHED;0.00;0.00;NONE;6e5ab860-109c-5ec0-868b-a1c4497c761d;2619.88;1.5996;4190.88;WITHIN;
d9516412-8f82-59b2-901c-7f0cd71e6806;525ab060-42b6-5506-afee-4da0bf80f88c;110;013573ad-8e1e-50ab-bfd5-140b70dbab8b;Jet A into-plane JAX B6810 25Sep N643JB;4500301143;00010;6563.000;LTR;1.2746;8365.20;U1;76.29;b5027612-42ca-55e5-9b98-b2cded96ef72;b26c17cd-aa8d-539b-ab47-fd8347802dde;AVF-JAX-322600;b68e0e9c-7635-587a-b4e5-a9e8ea6f60d8;4500301143;5000301143;TICKET_NUMBER;FUELJAX;400000;MATCHED;0.00;0.00;NONE;0f6ee64b-2351-5dcc-9b0a-4ac445f9b4f2;5217.59;1.6033;8365.2;WITHIN;
616b1d6d-b3fe-5f09-9a63-899b245b8634;525ab060-42b6-5506-afee-4da0bf80f88c;120;013573ad-8e1e-50ab-bfd5-140b70dbab8b;Jet A into-plane JAX B6678 25Sep N3291J;4500301261;00010;7530.000;LTR;1.2746;9597.74;U1;87.53;b4d753bb-e373-5abf-afc1-2c920a4898b7;c59939a7-051b-51c5-88e9-deb4022503f8;AVF-JAX-322603;b851647f-5a23-58f1-9aa2-00754b640b2b;4500301261;5000301261;TICKET_NUMBER;FUELJAX;400000;MATCHED;0.00;0.00;NONE;a3a2e4f6-da01-5074-a56c-24af628af5b0;6008.19;1.5974;9597.74;WITHIN;
41d21684-ce55-55d1-a4b6-6e83216eecc6;525ab060-42b6-5506-afee-4da0bf80f88c;130;013573ad-8e1e-50ab-bfd5-140b70dbab8b;Jet A into-plane JAX B617 26Sep N523JB;4500301457;00010;2166.000;LTR;1.2825;2777.89;U1;25.18;c0bb05bd-6bbe-5f08-9613-76a0d182652d;dad6380d-f87e-5da4-9483-be29cbf76fca;AVF-JAX-322606;450115eb-23b3-5a92-8304-82e4f6d130a8;4500301457;5000301457;TICKET_NUMBER;FUELJAX;400000;MATCHED;0.00;0.00;NONE;8bcd226f-aceb-5a5b-9d09-5554b556afd0;1736.27;1.5999;2777.89;WITHIN;
dff2adda-e7db-512d-b314-9ad98157cde6;525ab060-42b6-5506-afee-4da0bf80f88c;140;013573ad-8e1e-50ab-bfd5-140b70dbab8b;Jet A into-plane JAX B61310 26Sep N3112J;4500301602;00010;7007.000;LTR;1.2825;8986.48;U1;81.45;3553b255-bda7-553e-81b1-d4906f1b6cf8;d6cc0143-5fa3-5847-a9ff-a8fb4c9ca3a2;AVF-JAX-322608;e43fa2b7-ca97-50f9-8d01-a6ef2185f712;4500301602;5000301602;TICKET_NUMBER;FUELJAX;400000;MATCHED;0.00;0.00;NONE;4eb93bcd-44ff-52e3-bad9-05a0a7371155;5615.41;1.6003;8986.48;WITHIN;
c734d77e-72bf-5301-8d79-62c8c336c302;525ab060-42b6-5506-afee-4da0bf80f88c;150;013573ad-8e1e-50ab-bfd5-140b70dbab8b;Jet A into-plane JAX B6478 26Sep N3185J;4500301699;00010;4618.000;LTR;1.2825;5922.59;U1;53.68;8cc3329f-e01d-54f3-9773-bcea1f26b7c1;cf3711be-c976-5349-868e-dd14da4d6e84;AVF-JAX-322609;6fe6d1f8-0cc9-52a9-9a38-9ea6d6b83e74;4500301699;5000301699;TICKET_NUMBER;FUELJAX;400000;MATCHED;0.00;0.00;NONE;6dbd328f-2023-5b69-b377-fec92c6b467b;3698.56;1.6013;5922.59;WITHIN;
24988af4-6f27-581c-8230-8cb7e5a3557a;525ab060-42b6-5506-afee-4da0bf80f88c;160;013573ad-8e1e-50ab-bfd5-140b70dbab8b;Jet A into-plane JAX B62117 26Sep N633JB;4500301704;00010;2403.000;LTR;1.2825;3081.85;U1;27.93;cae809f8-2956-5154-bb3d-153578ef1386;49c8871e-d241-570a-a463-e56e228df5ec;AVF-JAX-322612;ebce504b-07db-5b29-babf-5a2020b3e818;4500301704;5000301704;TICKET_NUMBER;FUELJAX;400000;MATCHED;0.00;0.00;NONE;7aca55b4-82d1-55bd-92ba-dc7187d2d330;1919.04;1.6059;3081.85;WITHIN;
c7c97222-f6e1-5de4-855c-8afe8bf401b6;0f4b24b0-4b83-5fba-a71c-7ae13b76837d;10;013573ad-8e1e-50ab-bfd5-140b70dbab8b;Jet A into-plane JFK B61407 23Sep N4073J;4500300003;00010;20292.000;LTR;1.2973;26324.81;U1;235.87;7067aa1f-e864-5a22-8afe-7dff71128d46;685d41ce-2ad8-5a0f-8e44-6e6dfadbf4b9;SHL-JFK-512584;ea4a4ac5-c928-5ed4-9a90-11e61214d3da;4500300003;5000300003;TICKET_NUMBER;FUELJFK;400000;MATCHED;0.00;0.00;NONE;7cc7376c-c7c8-56a5-ac56-3e20be3d703d;16193.02;1.6257;26324.81;WITHIN;
a3d461da-b27f-5c4e-83ed-a7e54d8e3e6a;0f4b24b0-4b83-5fba-a71c-7ae13b76837d;20;013573ad-8e1e-50ab-bfd5-140b70dbab8b;Jet A into-plane JFK B6719 23Sep N3244J;4500300024;00010;4017.000;LTR;1.2973;5211.25;U1;46.69;e0ef24df-2eb7-5983-be67-de87b5e589ee;86fd1915-0c64-576b-8675-7ac792a6a9cc;SHL-JFK-512587;943f9872-df9a-5bd8-b681-9aa857e9a5cb;4500300024;5000300024;TICKET_NUMBER;FUELJFK;400000;MATCHED;0.00;0.00;NONE;87d59fd2-d3a3-540f-a636-a95205d940aa;3208.38;1.6243;5211.25;WITHIN;
51645f06-2a7d-5159-ab0e-fecf9b47f656;0f4b24b0-4b83-5fba-a71c-7ae13b76837d;30;013573ad-8e1e-50ab-bfd5-140b70dbab8b;Jet A into-plane JFK B67 23Sep N4058J;4500300052;00010;18802.000;LTR;1.2973;24391.83;U1;218.55;9f03bb0b-942e-59e1-aa63-cf33eaf00f8f;1ddfd732-2a89-5727-862d-426cc622c9c1;SHL-JFK-512588;8974e864-180a-564b-ac99-5e8b1bb60ae1;4500300052;5000300052;TICKET_NUMBER;FUELJFK;400000;MATCHED;0.00;0.00;NONE;a5ffe549-c0e9-5940-ad8f-ccfe0722fb91;15043.48;1.6214;24391.83;WITHIN;
0c64eb33-44c2-5bf8-808e-2478da432eab;0f4b24b0-4b83-5fba-a71c-7ae13b76837d;40;013573ad-8e1e-50ab-bfd5-140b70dbab8b;Jet A into-plane JFK B6841 23Sep N4074J;4500300053;00010;17121.000;LTR;1.2973;22211.07;U1;199.01;b266bec8-6d01-5c40-9416-b022967d2c60;a8d62b47-2d0a-55c8-8c26-80adbc3406c7;SHL-JFK-512591;e54a1c66-b649-5011-8fe9-0adc4494a10e;4500300053;5000300053;TICKET_NUMBER;FUELJFK;400000;MATCHED;0.00;0.00;NONE;a9a500cf-f0b7-54f7-951e-68701e63b412;13664.27;1.6255;22211.07;WITHIN;
e9638482-51cc-5560-a42c-ae421cd23383;0f4b24b0-4b83-5fba-a71c-7ae13b76837d;50;013573ad-8e1e-50ab-bfd5-140b70dbab8b;Jet A into-plane JFK B61186 23Sep N571JB;4500300063;00010;2118.000;LTR;1.2973;2747.68;U1;24.62;c7b8e633-9d35-5d15-b993-e577a7a1db56;c884db63-9f28-5d73-90ce-1aa1a8dac227;SHL-JFK-512594;04a5490b-daba-5592-ae37-fb88cdd25691;4500300063;5000300063;TICKET_NUMBER;FUELJFK;400000;MATCHED;0.00;0.00;NONE;91849812-dde4-517d-be0e-ce84eff23fde;1692.49;1.6235;2747.68;WITHIN;
6b0178b8-1ed7-5db5-962e-82956301b648;0f4b24b0-4b83-5fba-a71c-7ae13b76837d;60;013573ad-8e1e-50ab-bfd5-140b70dbab8b;Jet A into-plane JFK B6308 23Sep N834JB;4500300066;00010;1337.000;LTR;1.2973;1734.49;U1;15.54;7995df96-aec9-53d6-8331-f9c917df70c7;f0afc7fc-f975-54a9-bf19-aafcbd81756c;SHL-JFK-512596;f69c1ee9-7c5c-5c5b-aa53-4f78a7fc4890;4500300066;5000300066;TICKET_NUMBER;FUELJFK;400000;MATCHED;0.00;0.00;NONE;f0d51010-3adb-5880-904f-29f447c4b4cb;1069.07;1.6224;1734.49;WITHIN;
bec8e13b-1bbf-516f-8de7-f6fcdb20961d;0f4b24b0-4b83-5fba-a71c-7ae13b76837d;70;013573ad-8e1e-50ab-bfd5-140b70dbab8b;Jet A into-plane JFK B6675 23Sep N561JB;4500300069;00010;941.000;LTR;1.2973;1220.76;U1;10.94;674e9eec-781c-5e02-a5c2-9cce1c18b5e2;119f8960-1c2c-5abd-8fe9-fb05970537eb;SHL-JFK-512598;e7b0c325-2388-5f66-a77e-41233b2dbfb7;4500300069;5000300069;TICKET_NUMBER;FUELJFK;400000;MATCHED;0.00;0.00;NONE;b9364f6f-25ea-5716-a1d6-e1d96e955754;752.61;1.622;1220.76;WITHIN;
084dba5c-0998-5434-83c0-3b121f9d83d2;0f4b24b0-4b83-5fba-a71c-7ae13b76837d;80;013573ad-8e1e-50ab-bfd5-140b70dbab8b;Jet A into-plane JFK B61318 23Sep N729JB;4500300070;00010;1877.000;LTR;1.2973;2435.03;U1;21.82;8ec1f1ca-c4ef-5af2-b507-ea7fe7ea19ab;030b3c0f-a0a8-51c7-a255-51c28201fdb0;SHL-JFK-512600;d4974353-dbbb-580b-ad1e-97056e76f416;4500300070;5000300070;TICKET_NUMBER;FUELJFK;400000;MATCHED;0.00;0.00;NONE;de795e08-4c2e-52aa-9374-0d94858d3459;1497.47;1.6261;2435.03;WITHIN;
7e7a2019-0f97-5b9e-9f01-df9331831f12;0f4b24b0-4b83-5fba-a71c-7ae13b76837d;90;013573ad-8e1e-50ab-bfd5-140b70dbab8b;Jet A into-plane JFK B6115 24Sep N988JT;4500300119;00010;19666.000;LTR;1.3053;25670.03;U1;228.60;c5cfd6f7-33c0-56ba-98f6-ea8735ead92d;e9746c65-f22c-5c2b-8ded-f536f9d08c97;SHL-JFK-512602;2c4eb487-a22b-5399-88bb-ecf2185bb147;4500300119;5000300119;TICKET_NUMBER;FUELJFK;400000;MATCHED;0.00;0.00;NONE;0606329c-d369-5a51-aaa7-800995e0f881;15754.43;1.6294;25670.03;WITHIN;
9cd326d8-33ca-50e2-86c2-2ff53c6024e3;0f4b24b0-4b83-5fba-a71c-7ae13b76837d;100;013573ad-8e1e-50ab-bfd5-140b70dbab8b;Jet A into-plane JFK B6123 24Sep N945JT;4500300122;00010;18488.000;LTR;1.3053;24132.39;U1;214.90;6680091f-b464-5d64-ac3b-4f6b65df0726;add2242a-691e-58eb-895e-71ca94180c40;SHL-JFK-512604;f8793c32-f770-53dc-823b-6bdd2b2583ff;4500300122;5000300122;TICKET_NUMBER;FUELJFK;400000;MATCHED;0.00;0.00;NONE;9287900a-3f68-505d-859b-1f32354b7c4b;14818.13;1.6286;24132.39;WITHIN;
ec778990-45db-514e-a9b3-e626747ecc35;0f4b24b0-4b83-5fba-a71c-7ae13b76837d;110;013573ad-8e1e-50ab-bfd5-140b70dbab8b;Jet A into-plane JFK B61059 24Sep N827JB;4500300128;00010;11782.000;LTR;1.3053;15379.04;U1;136.95;b5658589-3670-5cd0-9e24-0a47490e18c1;65c03ac5-6e1f-590a-9a6c-62d2b68ffde9;SHL-JFK-512607;9ae0677e-2f6d-571c-a9a6-05c60b3d92eb;4500300128;5000300128;TICKET_NUMBER;FUELJFK;400000;MATCHED;0.00;0.00;NONE;7cf40f99-eb63-5094-93fc-7f6c839859a8;9433.85;1.6302;15379.04;WITHIN;
7890302d-97df-51e1-92ef-1a10952dfffc;0f4b24b0-4b83-5fba-a71c-7ae13b76837d;120;013573ad-8e1e-50ab-bfd5-140b70dbab8b;Jet A into-plane JFK B6953 24Sep N2039J;4500300149;00010;6482.000;LTR;1.3053;8460.95;U1;75.35;70a121d4-e1d4-5434-abd1-6aaf10670c15;34b32de8-356f-585a-8446-b25611854578;SHL-JFK-512610;940298d1-a99b-5585-879e-1b53122ee534;4500300149;5000300149;TICKET_NUMBER;FUELJFK;400000;MATCHED;0.00;0.00;NONE;b765819b-7629-5fa2-affe-a76f44f8924a;5186.9;1.6312;8460.95;WITHIN;
acff6d24-094e-5890-abf2-8351aa813de9;0f4b24b0-4b83-5fba-a71c-7ae13b76837d;130;013573ad-8e1e-50ab-bfd5-140b70dbab8b;Jet A into-plane JFK B675 24Sep N3023J;4500300165;00010;6648.000;LTR;1.3053;8677.63;U1;77.28;1e1e29e3-8077-5216-8bfe-c342d2f17c68;c4e2e47d-3125-58dd-b12d-7220d5310c3d;SHL-JFK-512611;73869892-436b-58e2-93dc-d9fe938e24a1;4500300165;5000300165;TICKET_NUMBER;FUELJFK;400000;MATCHED;0.00;0.00;NONE;4beafaac-a6cc-5d00-a7b1-f4365aedf28b;5335.02;1.6265;8677.63;WITHIN;
f9c0e8e9-15c4-5565-b5ce-b3bec12fb2c6;0f4b24b0-4b83-5fba-a71c-7ae13b76837d;140;013573ad-8e1e-50ab-bfd5-140b70dbab8b;Jet A into-plane JFK B615 24Sep N929JB;4500300179;00010;19071.000;LTR;1.3053;24893.38;U1;221.68;26b94fc6-5495-5676-9032-ff56f21529c0;5da08a95-6a46-5348-baca-4dee0ad092a1;SHL-JFK-512613;b64ba597-203b-51d5-8730-0cc84c868b52;4500300179;5000300179;TICKET_NUMBER;FUELJFK;400000;MATCHED;0.00;0.00;NONE;daff4e36-9a51-5289-b2bd-fa87615ae1a8;15348.34;1.6219;24893.38;WITHIN;
92d4eaea-10bd-5328-96d9-697c3c0f2c04;0f4b24b0-4b83-5fba-a71c-7ae13b76837d;150;013573ad-8e1e-50ab-bfd5-140b70dbab8b;Jet A into-plane JFK B6883 24Sep N907JB;4500300192;00010;7276.000;LTR;1.3053;9497.36;U1;84.58;60ea2add-9ab9-531d-bbd5-796e80ac0bd2;6ff8f466-f1e6-55fb-b9f5-38fa983913e7;SHL-JFK-512616;60e04ca5-08a8-5bd2-a971-8ab42761e3b2;4500300192;5000300192;TICKET_NUMBER;FUELJFK;400000;MATCHED;0.00;0.00;NONE;f0794cfd-b870-5850-810a-8a53b638490e;5826.62;1.63;9497.36;WITHIN;
05181fdf-5cb8-557f-b3ee-f701c0b69eda;0f4b24b0-4b83-5fba-a71c-7ae13b76837d;160;013573ad-8e1e-50ab-bfd5-140b70dbab8b;Jet A into-plane JFK B6273 24Sep N3169J;4500300204;00010;9211.000;LTR;1.3053;12023.12;U1;107.07;efb4a7ad-887c-51c6-8bbf-cb99a83fdd3a;f98f422a-5efd-5135-ba8e-a8e4ffbff82e;SHL-JFK-512617;56ec6220-61da-550d-ba84-923c8c48a773;4500300204;5000300204;TICKET_NUMBER;FUELJFK;400000;MATCHED;0.00;0.00;NONE;3ac0233e-7ca8-5f68-b641-ea0dd1dc0fd4;7400.12;1.6247;12023.12;WITHIN;
fd2cb39e-361a-51c5-a3b6-639d122aa3fd;0f4b24b0-4b83-5fba-a71c-7ae13b76837d;170;013573ad-8e1e-50ab-bfd5-140b70dbab8b;Jet A into-plane JFK B68418 24Sep N978JB;4500300215;00010;1346.000;LTR;1.3053;1756.93;U1;15.65;360f3d19-f5f2-52e1-8a74-693ef18d6a8e;15ed1e71-c748-5f15-8c9d-f242234600d3;SHL-JFK-512619;8d81a8fd-3694-54a4-ba66-d28f84c263ce;4500300215;5000300215;TICKET_NUMBER;FUELJFK;400000;MATCHED;0.00;0.00;NONE;9e2190b9-6193-518f-af9e-674fbbd46361;1080.16;1.6265;1756.93;WITHIN;
2dd802ce-5f09-5474-9ead-aedd48397781;0f4b24b0-4b83-5fba-a71c-7ae13b76837d;180;013573ad-8e1e-50ab-bfd5-140b70dbab8b;Jet A into-plane JFK B6215 24Sep N981JT;4500300257;00010;19154.000;LTR;1.3053;25001.72;U1;222.65;960e479c-e8ae-5950-80e8-283a7a1d39bb;cb3f07d2-31a4-538a-9282-55e686d0d315;SHL-JFK-512622;f18bd77c-8cf8-54ea-b6fd-fdcf38377062;4500300257;5000300257;TICKET_NUMBER;FUELJFK;400000;MATCHED;0.00;0.00;NONE;2d9864ef-c4fd-522e-899a-323ab324a9b3;15342.35;1.6296;25001.72;WITHIN;
e45bb5cb-4de6-5d6f-9bd4-c76475cccc0f;0f4b24b0-4b83-5fba-a71c-7ae13b76837d;190;013573ad-8e1e-50ab-bfd5-140b70dbab8b;Jet A into-plane JFK B61018 24Sep N3269J;4500300259;00010;1887.000;LTR;1.3053;2463.10;U1;21.93;c8cb225b-2bd8-5ccd-8146-b5b630584eee;37b37ab8-6105-57df-bc56-d6ed1aede69e;SHL-JFK-512625;7ccae8de-7585-55ea-bd79-fef898446bca;4500300259;5000300259;TICKET_NUMBER;FUELJFK;400000;MATCHED;0.00;0.00;NONE;902f6554-0842-5a60-ad4d-d780adf0283d;1513;1.628;2463.1;WITHIN;
bd045b8f-332e-5fa1-94e4-fec22c075e77;0f4b24b0-4b83-5fba-a71c-7ae13b76837d;200;013573ad-8e1e-50ab-bfd5-140b70dbab8b;Jet A into-plane JFK B6135 24Sep N828JB;4500300275;00010;14847.000;LTR;1.3053;19379.79;U1;172.58;81092e58-d856-5e45-b727-b0f857adfd75;c3aa8116-4b53-5be4-a71f-041d49fe6164;SHL-JFK-512628;5b990a07-57d3-5807-a870-fd90f3f09207;4500300275;5000300275;TICKET_NUMBER;FUELJFK;400000;MATCHED;0.00;0.00;NONE;0de426e9-4469-5cde-b306-21dd0c479e52;11931.05;1.6243;19379.79;WITHIN;
51091ac5-5cd2-54da-ba55-0989d861ae88;0f4b24b0-4b83-5fba-a71c-7ae13b76837d;210;013573ad-8e1e-50ab-bfd5-140b70dbab8b;Jet A into-plane JFK B62285 24Sep N3118J;4500300293;00010;2702.000;LTR;1.3053;3526.92;U1;31.41;efdca45b-eaaf-52cd-9d29-1b10c8d9b215;ffc2ec70-6738-582e-8808-a39fafd329d5;SHL-JFK-512631;fc07be2f-b9dc-5dc3-b458-7181d697f3ef;4500300293;5000300293;TICKET_NUMBER;FUELJFK;400000;MATCHED;0.00;0.00;NONE;5623796d-3811-5a94-b021-7a2785aecd96;2172.68;1.6233;3526.92;WITHIN;
f15b64ae-1915-5a96-976c-7e97c118cbbe;0f4b24b0-4b83-5fba-a71c-7ae13b76837d;220;013573ad-8e1e-50ab-bfd5-140b70dbab8b;Jet A into-plane JFK B6341 24Sep N591JB;4500300296;00010;5917.000;LTR;1.3053;7723.46;U1;68.78;14192baf-1148-56df-b2bf-fbfa2e3456c1;f7d407c3-1469-59f7-8559-d9549019960b;SHL-JFK-512632;ec770f2f-9bd8-55f8-87ae-c09e05e3130e;4500300296;5000300296;TICKET_NUMBER;FUELJFK;400000;MATCHED;0.00;0.00;NONE;e0e9c6c4-68fe-5831-a307-98929960faf5;4734.78;1.6312;7723.46;WITHIN;
6ed48b63-aeab-51f1-a81b-029dcbf739f8;0f4b24b0-4b83-5fba-a71c-7ae13b76837d;230;013573ad-8e1e-50ab-bfd5-140b70dbab8b;Jet A into-plane JFK B6119 24Sep N3138J;4500300316;00010;4590.000;LTR;1.3053;5991.33;U1;53.35;4d155313-c347-5eec-8885-2712474eee95;d4c29911-be78-5f26-9de2-2ac5f19fb0e0;SHL-JFK-512634;af7145b1-12f8-53e9-879a-44fdd8af4956;4500300316;5000300316;TICKET_NUMBER;FUELJFK;400000;MATCHED;0.00;0.00;NONE;7a1cf640-cd21-5290-af3e-43139eb7e939;3689.9;1.6237;5991.33;WITHIN;
19a4ef94-91a1-51b6-9fab-b5d030b86587;0f4b24b0-4b83-5fba-a71c-7ae13b76837d;240;013573ad-8e1e-50ab-bfd5-140b70dbab8b;Jet A into-plane JFK B6121 24Sep N709JB;4500300330;00010;16387.000;LTR;1.3053;21389.95;U1;190.48;09dca728-b5c3-5130-9622-95b9df9d9bb2;bb59a297-03e9-5dee-aa74-ec74617fd847;SHL-JFK-512636;f74312d7-0cb0-556b-b397-bba791340316;4500300330;5000300330;TICKET_NUMBER;FUELJFK;400000;MATCHED;0.00;0.00;NONE;8e401176-da8f-5350-91a0-01d4d5d1a040;13112.88;1.6312;21389.95;WITHIN;
a5119cf9-9606-53e3-9b85-547f32f3341e;0f4b24b0-4b83-5fba-a71c-7ae13b76837d;250;013573ad-8e1e-50ab-bfd5-140b70dbab8b;Jet A into-plane JFK B62201 24Sep N2017J;4500300333;00010;6043.000;LTR;1.3053;7887.93;U1;70.24;df025802-8878-5a02-a17e-4cf8ecaf848a;96923fec-42a9-5926-8bc8-bd0e79f927e8;SHL-JFK-512637;8ff836fc-f51a-50d0-9b77-df7ab3b7ab3e;4500300333;5000300333;TICKET_NUMBER;FUELJFK;400000;MATCHED;0.00;0.00;NONE;2c369681-df1c-5581-b9e3-5e59e5e478e0;4851.92;1.6257;7887.93;WITHIN;
3e5a772f-1aa3-5742-8dfa-dff3703b690a;0f4b24b0-4b83-5fba-a71c-7ae13b76837d;260;013573ad-8e1e-50ab-bfd5-140b70dbab8b;Jet A into-plane JFK B61497 24Sep N3104J;4500300353;00010;11726.000;LTR;1.3053;15305.95;U1;136.30;b8a6f230-440d-5153-977b-68e934482f7f;49262872-9572-591c-a696-a0546a303d55;SHL-JFK-512640;822c0f98-c0ee-5c2f-8d4d-45e25aad6027;4500300353;5000300353;TICKET_NUMBER;FUELJFK;400000;MATCHED;0.00;0.00;NONE;dab779e1-2c4d-5e3e-9f0a-d1d29070b15a;9426.53;1.6237;15305.95;WITHIN;
69536fcd-574a-5f60-b694-7a7989d3df2b;0f4b24b0-4b83-5fba-a71c-7ae13b76837d;270;013573ad-8e1e-50ab-bfd5-140b70dbab8b;Jet A into-plane JFK B6281 24Sep N3149J;4500300389;00010;8912.000;LTR;1.3053;11632.83;U1;103.59;3b35c4fb-89e0-5b26-be82-224b0c683e69;a45c54da-06bb-5d65-b93d-a7433dcfe726;SHL-JFK-512641;9216c0a2-7dc6-5a8f-b0f9-5c7255b575ee;4500300389;5000300389;TICKET_NUMBER;FUELJFK;400000;MATCHED;0.00;0.00;NONE;45d21932-1f4e-5582-bcc7-200bad9d6a57;7169.7;1.6225;11632.83;WITHIN;
1e32fd0a-3b3b-543a-9bc9-65f733cd7d5e;0f4b24b0-4b83-5fba-a71c-7ae13b76837d;280;013573ad-8e1e-50ab-bfd5-140b70dbab8b;Jet A into-plane JFK B62902 24Sep N3113J;4500300421;00010;1923.000;LTR;1.3053;2510.09;U1;22.35;831460ad-a8b8-550b-a915-61cbc4740f52;4f93b06b-6123-590f-85a6-776750349950;SHL-JFK-512644;9319e53a-e2ab-5243-81dc-334960a3bb52;4500300421;5000300421;TICKET_NUMBER;FUELJFK;400000;MATCHED;0.00;0.00;NONE;a5c6e76a-1db6-568b-a03f-46de42f40484;1539.94;1.63;2510.09;WITHIN;
def69226-9046-5bd1-ba79-83abbd1a8651;0f4b24b0-4b83-5fba-a71c-7ae13b76837d;290;013573ad-8e1e-50ab-bfd5-140b70dbab8b;Jet A into-plane JFK B6920 24Sep N3276J;4500300428;00010;2884.000;LTR;1.3053;3764.49;U1;33.52;5733a195-40d1-5057-a3f6-9b40c7445d53;a6f8a518-192b-5234-a629-076440056eed;SHL-JFK-512647;6a8d4bfb-a888-527f-9d2e-f4b481cf976f;4500300428;5000300428;TICKET_NUMBER;FUELJFK;400000;MATCHED;0.00;0.00;NONE;8f819944-1dc6-5ae5-b3ff-12a8f52173a4;2317.29;1.6245;3764.49;WITHIN;
03e26924-1470-5efa-8f7d-e4e79be6b256;0f4b24b0-4b83-5fba-a71c-7ae13b76837d;300;013573ad-8e1e-50ab-bfd5-140b70dbab8b;Jet A into-plane JFK B61118 24Sep N3244J;4500300451;00010;1519.000;LTR;1.3053;1982.75;U1;17.66;49805111-5658-5e6c-8074-447d7a07b7d9;c2af3767-8e62-5f8c-b00c-242b67ddaab0;SHL-JFK-512649;a86d75d3-50b9-557c-9b26-a165e6ecd469;4500300451;5000300451;TICKET_NUMBER;FUELJFK;400000;MATCHED;0.00;0.00;NONE;36aee0c8-3ad9-5fb9-9f66-527416825dcc;1219.3;1.6261;1982.75;WITHIN;
b69960d4-9b03-59cf-9557-283a6ffcf9c1;0f4b24b0-4b83-5fba-a71c-7ae13b76837d;310;013573ad-8e1e-50ab-bfd5-140b70dbab8b;Jet A into-plane JFK B61523 24Sep N993JE;4500300460;00010;19503.000;LTR;1.3053;25457.27;U1;226.70;7603aa24-d595-5a1c-bb99-5e48230fc577;60e97c38-1752-5879-86ad-56796c49c784;SHL-JFK-512652;7378f43c-6ca5-5fdc-872f-4e06922c7874;4500300460;5000300460;TICKET_NUMBER;FUELJFK;400000;MATCHED;0.00;0.00;NONE;8f2f6287-616c-5e05-94e3-36c19d0907b9;15625.8;1.6292;25457.27;WITHIN;
78baf34d-a420-5301-bfe3-6decf43f5f33;0f4b24b0-4b83-5fba-a71c-7ae13b76837d;320;013573ad-8e1e-50ab-bfd5-140b70dbab8b;Jet A into-plane JFK B6677 24Sep N3023J;4500300462;00010;5677.000;LTR;1.3053;7410.19;U1;65.99;0c396cd5-8ba1-565b-a476-b163f413d811;3d626fd4-1e44-5733-81fd-0c65cb457d2a;SHL-JFK-512655;b462664d-efb0-549c-a865-dbb78c055d2d;4500300462;5000300462;TICKET_NUMBER;FUELJFK;400000;MATCHED;0.00;0.00;NONE;99b37aee-d385-56a9-a505-9146a93098d9;4561.47;1.6245;7410.19;WITHIN;
34ee54ee-253f-5a61-975f-5d35d3c16925;0f4b24b0-4b83-5fba-a71c-7ae13b76837d;330;013573ad-8e1e-50ab-bfd5-140b70dbab8b;Jet A into-plane JFK B6415 24Sep N962JT;4500300475;00010;18811.000;LTR;1.3053;24554.00;U1;218.66;c2caa0ce-ddb9-52b4-a96f-fb1d908ae4f2;9be015e5-e767-51fc-ab68-26cbad0112db;SHL-JFK-512657;d4cf64ad-e8ca-57eb-8476-eef10642a128;4500300475;5000300475;TICKET_NUMBER;FUELJFK;400000;MATCHED;0.00;0.00;NONE;abdbe2bb-3b44-5981-828b-41ba594b3c10;15133.45;1.6225;24554;WITHIN;
8ab42b13-1a9a-50c4-a69b-5a6221391be5;0f4b24b0-4b83-5fba-a71c-7ae13b76837d;340;013573ad-8e1e-50ab-bfd5-140b70dbab8b;Jet A into-plane JFK B6618 24Sep N3169J;4500300484;00010;3456.000;LTR;1.3053;4511.12;U1;40.17;a85549de-bb89-5f64-8d5f-ad9165c571f0;6772d609-a8f2-59f6-97c0-6c43365015cb;SHL-JFK-512659;6e69a2fc-1e2f-5bfb-9bab-1ebfa8d53a5f;4500300484;5000300484;TICKET_NUMBER;FUELJFK;400000;MATCHED;0.00;0.00;NONE;e70b6393-85a6-5da3-bdad-24b3fede3ae3;2773.79;1.6263;4511.12;WITHIN;
ad8a5a8d-cac1-5eb1-afe7-69d2ac6b42db;0f4b24b0-4b83-5fba-a71c-7ae13b76837d;350;013573ad-8e1e-50ab-bfd5-140b70dbab8b;Jet A into-plane JFK B61485 24Sep N3118J;4500300487;00010;1783.000;LTR;1.3053;2327.35;U1;20.73;1ffe875b-50f1-5bec-bb24-67e08cb6ecb7;471468a0-1214-584a-be41-eea12a286255;SHL-JFK-512661;6de8d4a5-d259-5a36-83e9-a2e022c2bbe2;4500300487;5000300487;TICKET_NUMBER;FUELJFK;400000;MATCHED;0.00;0.00;NONE;9f2f7eea-52d2-5cc3-9050-51eb30fa0c14;1434.42;1.6225;2327.35;WITHIN;
6502f195-05db-5b48-949b-75e413bca9bd;0f4b24b0-4b83-5fba-a71c-7ae13b76837d;360;013573ad-8e1e-50ab-bfd5-140b70dbab8b;Jet A into-plane JFK B6358 24Sep N3123J;4500300529;00010;13073.000;LTR;1.3053;17064.19;U1;151.96;008e0233-2532-5c23-85cc-7c0d3777a1a5;1f3e074a-655e-5e3b-a5ab-aebdadaf1995;SHL-JFK-512663;6a4cc36b-546a-52be-8ca2-8ec67468a8fd;4500300529;5000300529;TICKET_NUMBER;FUELJFK;400000;MATCHED;0.00;0.00;NONE;f6ea99b9-09d9-568e-9b00-04293cc228fd;10501.54;1.6249;17064.19;WITHIN;
e3efef88-397d-50cb-8d7a-7047e57e7e78;0f4b24b0-4b83-5fba-a71c-7ae13b76837d;370;013573ad-8e1e-50ab-bfd5-140b70dbab8b;Jet A into-plane JFK B68358 24Sep N4074J;4500300535;00010;622.000;LTR;1.3053;811.90;U1;7.23;cc0112f5-ff5c-5d00-8cbb-0f9ec29e5b69;61909641-cfd2-5c66-9cb5-707933e12122;SHL-JFK-512665;ebbf6ce6-6c94-5862-8518-808c4c7d5ed7;4500300535;5000300535;TICKET_NUMBER;FUELJFK;400000;MATCHED;0.00;0.00;NONE;a9cf5d2b-4836-535a-af45-41d0a0690c35;500.34;1.6227;811.9;WITHIN;
19a86581-ef5f-518e-baa6-498e20483245;0f4b24b0-4b83-5fba-a71c-7ae13b76837d;380;013573ad-8e1e-50ab-bfd5-140b70dbab8b;Jet A into-plane JFK B61023 24Sep N994JL;4500300566;00010;17787.000;LTR;1.3053;23217.37;U1;206.76;87a645da-4835-5f90-82c8-1aa7ec71d2e1;9c486c6c-0c33-50a6-b247-1a338479e122;SHL-JFK-512666;7faafc9d-bc27-5b50-b4af-606a5646bf9b;4500300566;5000300566;TICKET_NUMBER;FUELJFK;400000;MATCHED;0.00;0.00;NONE;a3e6fdfc-69e0-59a6-ac09-e167538fe87b;14282.96;1.6255;23217.37;WITHIN;
30e6f8f4-a0d8-5baf-97c5-28f3b04abc36;0f4b24b0-4b83-5fba-a71c-7ae13b76837d;390;013573ad-8e1e-50ab-bfd5-140b70dbab8b;Jet A into-plane JFK B6615 24Sep N943JT;4500300567;00010;20214.000;LTR;1.3053;26385.33;U1;234.97;39d239ce-905c-5490-bcf9-e08413ff2e85;7d49d5f5-5253-5942-9f50-9ff65db5508e;SHL-JFK-512668;1d0d8bf6-483a-5445-94c2-74c26a71524b;4500300567;5000300567;TICKET_NUMBER;FUELJFK;400000;MATCHED;0.00;0.00;NONE;597d09b0-a986-58c6-9a32-bcc053a2c833;16179.29;1.6308;26385.33;WITHIN;
801df476-fa90-5fe7-990d-af85825ddb5c;0f4b24b0-4b83-5fba-a71c-7ae13b76837d;400;013573ad-8e1e-50ab-bfd5-140b70dbab8b;Jet A into-plane JFK B61407 24Sep N4077J;4500300633;00010;18405.000;LTR;1.3053;24024.05;U1;213.94;075cd75c-dd2f-5545-9e1b-4fe5552c780f;e5f06248-89ac-5ce7-a6cf-209f167637ed;SHL-JFK-512669;6d7f340d-fd18-5e94-9e3a-806ebb5020b8;4500300633;5000300633;TICKET_NUMBER;FUELJFK;400000;MATCHED;0.00;0.00;NONE;fa67de57-773e-54f1-9640-0780e5dfef5a;14808.66;1.6223;24024.05;WITHIN;
7d4b4c0d-4f38-51aa-a209-3ff6be053004;0f4b24b0-4b83-5fba-a71c-7ae13b76837d;410;013573ad-8e1e-50ab-bfd5-140b70dbab8b;Jet A into-plane JFK B62918 24Sep N706JB;4500300657;00010;623.000;LTR;1.3053;813.20;U1;7.24;8c0b1db0-89c6-5634-b018-ed330a6d9aa4;26eea980-0902-52b2-ab93-92609ca91dec;SHL-JFK-512670;417a7fbb-d96d-5ed3-82ad-3cd6149efc6d;4500300657;5000300657;TICKET_NUMBER;FUELJFK;400000;MATCHED;0.00;0.00;NONE;d246d430-177a-5d63-81b8-67fcbd9672c6;499.9;1.6267;813.2;WITHIN;
260589b0-09e9-5454-ae11-b2ef7aee7d8b;0f4b24b0-4b83-5fba-a71c-7ae13b76837d;420;013573ad-8e1e-50ab-bfd5-140b70dbab8b;Jet A into-plane JFK B671 24Sep N3291J;4500300659;00010;14609.000;LTR;1.3053;19069.13;U1;169.82;9bf0374e-b89c-512e-b15b-5368147db55e;361b1b63-5974-5262-8762-8642315faedb;SHL-JFK-512671;19961fa4-e2d2-58e0-81b4-c3169600a7a4;4500300659;5000300659;TICKET_NUMBER;FUELJFK;400000;MATCHED;0.00;0.00;NONE;ea0792f0-8ef6-5c10-9479-871188c6e5bc;11712.04;1.6282;19069.13;WITHIN;
823b3e2c-42d7-5d63-8c26-2fde0a03dcd8;0f4b24b0-4b83-5fba-a71c-7ae13b76837d;430;013573ad-8e1e-50ab-bfd5-140b70dbab8b;Jet A into-plane JFK B6719 24Sep N3058J;4500300675;00010;3831.000;LTR;1.3053;5000.60;U1;44.53;fbe4800b-7387-5c33-9748-9f1a28d3ca1a;46fea7c3-3ee7-5551-a63e-fc38dddc32f3;SHL-JFK-512672;6d7ece1f-f633-5e83-8c26-c6a884145715;4500300675;5000300675;TICKET_NUMBER;FUELJFK;400000;MATCHED;0.00;0.00;NONE;56847a48-af1b-5caf-8117-6b68881cdcc0;3065.57;1.6312;5000.6;WITHIN;
e89b9600-2835-52b5-8bd3-cf6c9b50a6ab;0f4b24b0-4b83-5fba-a71c-7ae13b76837d;440;013573ad-8e1e-50ab-bfd5-140b70dbab8b;Jet A into-plane JFK B6283 24Sep N973JT;4500300676;00010;6972.000;LTR;1.3053;9100.55;U1;81.04;054b1d31-530c-57b0-aa75-7ccb89c131b0;e0682a4d-3c75-54fa-aa68-74ae8fb98bf7;SHL-JFK-512673;3a5ad4e0-733f-5021-ac5c-59c81e68653e;4500300676;5000300676;TICKET_NUMBER;FUELJFK;400000;MATCHED;0.00;0.00;NONE;9248fb9b-4c0e-50e8-99b7-fd1b2172a024;5579.69;1.631;9100.55;WITHIN;
5a1234b0-6e73-5cfb-91d9-4fb936d4e4d7;0f4b24b0-4b83-5fba-a71c-7ae13b76837d;450;013573ad-8e1e-50ab-bfd5-140b70dbab8b;Jet A into-plane JFK B67 24Sep N4076J;4500300701;00010;17343.000;LTR;1.3053;22637.82;U1;201.60;c0b56029-747f-5726-8696-c9bc8feb2138;3c864340-fc39-5c9b-b82c-14750cc4cc58;SHL-JFK-512675;cd03b1f6-dc84-50ad-9dca-4a9eaf465e46;4500300701;5000300701;TICKET_NUMBER;FUELJFK;400000;MATCHED;0.00;0.00;NONE;d58285fc-5510-5ef8-9c0b-a55c626c6cd8;13891.74;1.6296;22637.82;WITHIN;
49215ea6-fb26-536c-9001-61b4673df45b;0f4b24b0-4b83-5fba-a71c-7ae13b76837d;460;013573ad-8e1e-50ab-bfd5-140b70dbab8b;Jet A into-plane JFK B61186 24Sep N618JB;4500300702;00010;2402.000;LTR;1.3053;3135.33;U1;27.92;73d3bb91-8be8-5203-a7f8-482bd54f2133;107100d0-f832-516e-9c45-c5f1edd2ff7c;SHL-JFK-512676;911bae61-2741-5e53-86fc-ed817479f25e;4500300702;5000300702;TICKET_NUMBER;FUELJFK;400000;MATCHED;0.00;0.00;NONE;bc80c9e5-cc81-5364-9dcf-ceb5b37e1343;1924.24;1.6294;3135.33;WITHIN;
0aa3a3fd-e692-5a81-87bf-42b5d0c61b5e;0f4b24b0-4b83-5fba-a71c-7ae13b76837d;470;013573ad-8e1e-50ab-bfd5-140b70dbab8b;Jet A into-plane JFK B6308 24Sep N828JB;4500300711;00010;1641.000;LTR;1.3053;2142.00;U1;19.07;1f1f0e6c-2317-5d0c-8252-5cea9c8b0804;326c7ab7-921c-5ed5-9112-4a9a5325f37b;SHL-JFK-512678;ccf9c68c-b63f-501a-ad0d-a3ac77180138;4500300711;5000300711;TICKET_NUMBER;FUELJFK;400000;MATCHED;0.00;0.00;NONE;486e6def-7322-5cbf-b0e5-131c3577121a;1318.54;1.6245;2142;WITHIN;
2a0fe435-ba04-545c-b5ec-ef0de9308a80;0f4b24b0-4b83-5fba-a71c-7ae13b76837d;480;013573ad-8e1e-50ab-bfd5-140b70dbab8b;Jet A into-plane JFK B6675 24Sep N834JB;4500300712;00010;625.000;LTR;1.3053;815.81;U1;7.27;b64ee0e0-59c8-5399-92fc-b38400d8437c;c869d01c-1146-5eb4-b9be-7c2b5c4d9777;SHL-JFK-512679;275fc000-11ba-515d-92ce-802fb0eb5048;4500300712;5000300712;TICKET_NUMBER;FUELJFK;400000;MATCHED;0.00;0.00;NONE;e602e646-9a50-57ad-bda8-6d8c4a44000a;501.12;1.628;815.81;WITHIN;
6a1b0fc6-7524-53d8-945a-146196ec2e71;0f4b24b0-4b83-5fba-a71c-7ae13b76837d;490;013573ad-8e1e-50ab-bfd5-140b70dbab8b;Jet A into-plane JFK B61318 24Sep N594JB;4500300716;00010;1472.000;LTR;1.3053;1921.40;U1;17.11;8f355fd2-f9fe-5a6c-9446-3dd7d72e6a68;7f1a162b-9a03-5eed-a9bb-e0797667b1dc;SHL-JFK-512682;1156b4d1-f99b-581d-950a-482fccd8323c;4500300716;5000300716;TICKET_NUMBER;FUELJFK;400000;MATCHED;0.00;0.00;NONE;3fccc9c1-d5e2-565e-b7e2-be869390baec;1180.25;1.628;1921.4;WITHIN;
cfe875ea-2b82-571c-9558-965fbac428b6;0f4b24b0-4b83-5fba-a71c-7ae13b76837d;500;013573ad-8e1e-50ab-bfd5-140b70dbab8b;Jet A into-plane JFK B61059 25Sep N715JB;4500300761;00010;10093.000;LTR;1.3158;13280.37;U1;117.32;aa536a9b-8d07-5085-90ad-ba6f5e243238;bbbe4d8d-eaed-5381-a2a8-90e7252e0cfe;SHL-JFK-512684;c4fde98a-4fef-5e38-9776-864d9f92b51e;4500300761;5000300761;TICKET_NUMBER;FUELJFK;400000;MATCHED;0.00;0.00;NONE;978a1eac-82de-532c-a657-9ea1a6e7cead;8094.59;1.6406;13280.37;WITHIN;
bd9f1e36-3fcc-5b9c-ad73-23ce68bbcf87;0f4b24b0-4b83-5fba-a71c-7ae13b76837d;510;013573ad-8e1e-50ab-bfd5-140b70dbab8b;Jet A into-plane JFK B6123 25Sep N987JT;4500300765;00010;18601.000;LTR;1.3158;24475.20;U1;216.22;9179a21b-8886-56bb-8a07-331487231038;3283dc92-f938-5767-8779-8b263301a8ba;SHL-JFK-512686;6a699c93-6585-50a5-92e6-5c750091d413;4500300765;5000300765;TICKET_NUMBER;FUELJFK;400000;MATCHED;0.00;0.00;NONE;a321cf08-f1ef-5174-b018-a5611ab63aa9;14942.18;1.638;24475.2;WITHIN;
ec698ffc-73ee-56a4-93c9-d3dfa9563794;0f4b24b0-4b83-5fba-a71c-7ae13b76837d;520;013573ad-8e1e-50ab-bfd5-140b70dbab8b;Jet A into-plane JFK B6115 25Sep N984JB;4500300769;00010;21326.000;LTR;1.3158;28060.75;U1;247.89;7f479f80-c20b-5f31-a0f3-4ad871c30148;ff18ea83-50d4-5546-b798-0a746c70a7a8;SHL-JFK-512688;25e7a86d-78a1-54ce-8cde-988d4380e8b0;4500300769;5000300769;TICKET_NUMBER;FUELJFK;400000;MATCHED;0.00;0.00;NONE;f0370b19-d26c-5f61-bcca-d636587a66ad;17139.71;1.6372;28060.75;WITHIN;
fd9b2ea9-c36b-5824-9579-8d51bd3c5d1a;0f4b24b0-4b83-5fba-a71c-7ae13b76837d;530;013573ad-8e1e-50ab-bfd5-140b70dbab8b;Jet A into-plane JFK B6953 25Sep N2086J;4500300790;00010;5937.000;LTR;1.3158;7811.90;U1;69.01;281d194c-0aea-5dd0-888e-03e2cfd4ffe3;9b98ec61-456a-50b3-9ca9-a84f020a5a5a;SHL-JFK-512690;89a01f0a-5a06-5f81-adec-576c4b5b1a75;4500300790;5000300790;TICKET_NUMBER;FUELJFK;400000;MATCHED;0.00;0.00;NONE;7c3469b3-1508-5717-a5ba-7db806074a42;4761.47;1.6406;7811.9;WITHIN;
e6b8bf1d-a92b-566d-936a-438e0bdacd5b;0f4b24b0-4b83-5fba-a71c-7ae13b76837d;540;013573ad-8e1e-50ab-bfd5-140b70dbab8b;Jet A into-plane JFK B675 25Sep N3112J;4500300803;00010;6991.000;LTR;1.3158;9198.76;U1;81.26;1edd49cd-1cba-5764-b3ba-c197e448fe52;27539bbf-d773-5be6-80d5-379f5099fefc;SHL-JFK-512693;e2e18fc3-92a3-56bf-9fa3-e78587944996;4500300803;5000300803;TICKET_NUMBER;FUELJFK;400000;MATCHED;0.00;0.00;NONE;640320ab-5fce-5d76-9499-aaed9e625340;5596.3;1.6437;9198.76;WITHIN;
7c9e4eb4-3bb9-5795-a7e5-24c110979cf4;0f4b24b0-4b83-5fba-a71c-7ae13b76837d;550;013573ad-8e1e-50ab-bfd5-140b70dbab8b;Jet A into-plane JFK B6883 25Sep N959JB;4500300832;00010;7291.000;LTR;1.3158;9593.50;U1;84.75;08fcb701-7e09-5a52-a9be-004b9ecc1227;8d387c48-43e1-50c2-ae8e-facb1cec8c61;SHL-JFK-512695;4734fe5d-1053-5cbe-932b-5646e21b3a5f;4500300832;5000300832;TICKET_NUMBER;FUELJFK;400000;MATCHED;0.00;0.00;NONE;7feaa879-d9d7-50e3-9f5e-0a57bac0175c;5841.55;1.6423;9593.5;WITHIN;
5a05bcad-b433-5d43-94ef-a81cc808d152;0f4b24b0-4b83-5fba-a71c-7ae13b76837d;560;013573ad-8e1e-50ab-bfd5-140b70dbab8b;Jet A into-plane JFK B615 25Sep N962JT;4500300836;00010;18575.000;LTR;1.3158;24440.99;U1;215.92;264984a6-8d58-5bae-bdb2-5bc84788da6a;9e0993e6-2071-59cc-b637-be1f2086da25;SHL-JFK-512697;dd68cc5c-2fa2-5ac3-a82a-32c8756d508a;4500300836;5000300836;TICKET_NUMBER;FUELJFK;400000;MATCHED;0.00;0.00;NONE;2b865676-a06a-5e95-ba5d-12edccf92682;14889.72;1.6415;24440.99;WITHIN;
b3289af6-a584-5345-b280-0ab438f52397;0f4b24b0-4b83-5fba-a71c-7ae13b76837d;570;013573ad-8e1e-50ab-bfd5-140b70dbab8b;Jet A into-plane JFK B6273 25Sep N3291J;4500300858;00010;5165.000;LTR;1.3158;6796.11;U1;60.04;eb7fc190-64d3-5b49-bfd3-f07b2079a7db;c4824787-804f-560f-9f2b-7931a09cc015;SHL-JFK-512698;cce49ff8-c828-5016-818c-09df3e5b2a04;4500300858;5000300858;TICKET_NUMBER;FUELJFK;400000;MATCHED;0.00;0.00;NONE;46804f99-0fe1-5ef6-8e60-8f26717dae8b;4129.93;1.6456;6796.11;WITHIN;
20a63625-1b15-5a5e-87db-ecff8890d93d;0f4b24b0-4b83-5fba-a71c-7ae13b76837d;580;013573ad-8e1e-50ab-bfd5-140b70dbab8b;Jet A into-plane JFK B61018 25Sep N3310J;4500300906;00010;1061.000;LTR;1.3158;1396.06;U1;12.33;7ba96054-6bf4-5ad0-a785-409ac9e79195;d7b46daa-96ba-5e72-8c7a-554cdf09fab6;SHL-JFK-512699;5b0286fc-bbd9-59f5-a8bd-ffd79e7a266d;4500300906;5000300906;TICKET_NUMBER;FUELJFK;400000;MATCHED;0.00;0.00;NONE;6b5827c1-06a5-5c3f-891b-7a97cfd210a5;849.22;1.6439;1396.06;WITHIN;
2f5f0db6-a1e6-55a2-a637-b5cb302ceef8;0f4b24b0-4b83-5fba-a71c-7ae13b76837d;590;013573ad-8e1e-50ab-bfd5-140b70dbab8b;Jet A into-plane JFK B6215 25Sep N969JT;4500300917;00010;20571.000;LTR;1.3158;27067.32;U1;239.12;0230861d-c8e9-512c-aec0-c6102d2771dc;8eaf7bfa-5dd0-506c-8744-2c521fabd71e;SHL-JFK-512702;6ad88653-4289-52a0-aab3-337d86d34158;4500300917;5000300917;TICKET_NUMBER;FUELJFK;400000;MATCHED;0.00;0.00;NONE;3ff7653d-d43f-5a7b-9ab3-486318d814eb;16514.4;1.639;27067.32;WITHIN;
3f7b5c28-fad0-5f67-93e7-9de75921ebb4;0f4b24b0-4b83-5fba-a71c-7ae13b76837d;600;013573ad-8e1e-50ab-bfd5-140b70dbab8b;Jet A into-plane JFK B6135 25Sep N638JB;4500300932;00010;15498.000;LTR;1.3158;20392.27;U1;180.15;2ca26649-7d8c-5126-821c-6785872631ae;3953597c-4497-59e9-bad7-924509ff72f3;SHL-JFK-512703;30f1ff65-89b0-58b9-8984-64daa504ec88;4500300932;5000300932;TICKET_NUMBER;FUELJFK;400000;MATCHED;0.00;0.00;NONE;e29a163e-e259-548d-aa2c-453ee9589df7;12446.44;1.6384;20392.27;WITHIN;
fd344078-df47-54d4-bdc1-bc286d116e48;0f4b24b0-4b83-5fba-a71c-7ae13b76837d;610;013573ad-8e1e-50ab-bfd5-140b70dbab8b;Jet A into-plane JFK B6341 25Sep N3276J;4500300940;00010;5339.000;LTR;1.3158;7025.06;U1;62.06;e598a8cc-7a0c-5415-89ec-a993b28cedf0;acb61387-29ed-5412-be63-99d4acdd6220;SHL-JFK-512706;c2f20ca8-a895-5f92-b046-176daa8fc8b2;4500300940;5000300940;TICKET_NUMBER;FUELJFK;400000;MATCHED;0.00;0.00;NONE;de851887-cdec-5c58-89b0-9750f403b1c5;4289.35;1.6378;7025.06;WITHIN;
9acc90ba-e2c6-5d55-92a6-e96dec46a03a;0f4b24b0-4b83-5fba-a71c-7ae13b76837d;620;013573ad-8e1e-50ab-bfd5-140b70dbab8b;Jet A into-plane JFK B62285 25Sep N3275J;4500300946;00010;2375.000;LTR;1.3158;3125.03;U1;27.61;77c4e5ed-45d7-56b5-8a03-05021e94f53d;e30d4e0d-6ca9-5ffe-b602-80769f3f7126;SHL-JFK-512707;b9d212b7-390b-57e4-924f-5b6fb94e202a;4500300946;5000300946;TICKET_NUMBER;FUELJFK;400000;MATCHED;0.00;0.00;NONE;3b1e0c4b-f7b7-5582-b94d-05e851a64fc1;1901.42;1.6435;3125.03;WITHIN;
0e47bdb5-9ecf-5040-a75d-ab5f03056ac8;0f4b24b0-4b83-5fba-a71c-7ae13b76837d;630;013573ad-8e1e-50ab-bfd5-140b70dbab8b;Jet A into-plane JFK B6119 25Sep N3189J;4500300983;00010;4082.000;LTR;1.3158;5371.10;U1;47.45;e54f12cc-939e-5698-88be-68134b05545e;63b8fdf0-b387-5ffa-9181-fd5b4c1f017e;SHL-JFK-512710;e919835c-0923-5c41-9e6b-a09deef218a4;4500300983;5000300983;TICKET_NUMBER;FUELJFK;400000;MATCHED;0.00;0.00;NONE;c15a8369-6cf2-5040-8db7-180e09fa92ca;3272.13;1.6415;5371.1;WITHIN;
79a4fc76-198b-5a63-b88b-1d1a63410185;0f4b24b0-4b83-5fba-a71c-7ae13b76837d;640;013573ad-8e1e-50ab-bfd5-140b70dbab8b;Jet A into-plane JFK B6121 25Sep N559JB;4500300986;00010;16720.000;LTR;1.3158;22000.18;U1;194.35;11c39ada-9245-51ae-9ef2-fbe11afea9d1;9c55b73f-67ef-537c-a969-7a21dde5bb9c;SHL-JFK-512713;136cddb9-fb60-5180-ae3b-2c4d81fc2f73;4500300986;5000300986;TICKET_NUMBER;FUELJFK;400000;MATCHED;0.00;0.00;NONE;c1522fc5-63a8-5303-919d-6903e081510d;13431.18;1.638;22000.18;WITHIN;
80da70cd-70ee-54a3-bfc3-d15a3d3f6b5d;0f4b24b0-4b83-5fba-a71c-7ae13b76837d;650;013573ad-8e1e-50ab-bfd5-140b70dbab8b;Jet A into-plane JFK B61497 25Sep N3251J;4500301007;00010;11242.000;LTR;1.3158;14792.22;U1;130.68;51ec3ad3-806b-594a-9441-ec55f6c2befe;62a04559-f4ef-5ac7-9680-3734f53c9365;SHL-JFK-512716;adc9e5f8-138f-5587-bedd-cc100fde99ff;4500301007;5000301007;TICKET_NUMBER;FUELJFK;400000;MATCHED;0.00;0.00;NONE;cb8e9b1a-ca62-5a94-8b5a-51bc81543b99;8995.85;1.6443;14792.22;WITHIN;
cfe6cf31-4013-5666-ad2e-ac4f334e4db5;0f4b24b0-4b83-5fba-a71c-7ae13b76837d;660;013573ad-8e1e-50ab-bfd5-140b70dbab8b;Jet A into-plane JFK B62201 25Sep N957JB;4500301017;00010;7311.000;LTR;1.3158;9619.81;U1;84.98;5b2b4749-3356-5d7e-86fd-99ad3e99cbd3;3e5f9468-bd61-567e-b35c-59e63008f74a;SHL-JFK-512718;88bf0331-7657-5bb5-a419-ee72b319854a;4500301017;5000301017;TICKET_NUMBER;FUELJFK;400000;MATCHED;0.00;0.00;NONE;03fdac01-95ce-5732-833f-c1090f251df3;5878.78;1.6364;9619.81;WITHIN;
cc84bf29-01de-5642-8037-f422652a7db4;0f4b24b0-4b83-5fba-a71c-7ae13b76837d;670;013573ad-8e1e-50ab-bfd5-140b70dbab8b;Jet A into-plane JFK B61118 25Sep N3241J;4500301042;00010;1682.000;LTR;1.3158;2213.18;U1;19.55;5315304a-a59e-5d6c-b9b9-678b13dc3a93;76f4468f-110f-5eea-9419-254dbe9e0755;SHL-JFK-512721;d5b0729d-5134-5a71-bb70-d896a8f2ec38;4500301042;5000301042;TICKET_NUMBER;FUELJFK;400000;MATCHED;0.00;0.00;NONE;62d04646-9d89-5b59-8116-0c46cfe620e6;1347.79;1.6421;2213.18;WITHIN;
a965e39b-7a71-5af9-84f0-41b013fd3c8d;0f4b24b0-4b83-5fba-a71c-7ae13b76837d;680;013573ad-8e1e-50ab-bfd5-140b70dbab8b;Jet A into-plane JFK B62902 25Sep N3215J;4500301062;00010;1566.000;LTR;1.3158;2060.54;U1;18.20;c93fa271-c1b9-5ce1-b85c-ae99396ac4d6;bd53b11f-2d9b-5998-8b31-78e3f4ebb523;SHL-JFK-512722;f979e34c-501f-571e-ba6c-e67e34d72d84;4500301062;5000301062;TICKET_NUMBER;FUELJFK;400000;MATCHED;0.00;0.00;NONE;82121530-bec7-55aa-ab9c-5a6f387a13cb;1253.11;1.6443;2060.54;WITHIN;
5a14a990-134a-58b6-9e50-419a11326352;0f4b24b0-4b83-5fba-a71c-7ae13b76837d;690;013573ad-8e1e-50ab-bfd5-140b70dbab8b;Jet A into-plane JFK B6920 25Sep N585JB;4500301090;00010;3563.000;LTR;1.3158;4688.20;U1;41.42;7899a8f5-fc67-546c-83b1-6b1801dca82f;9db3e272-81d5-529f-8b11-720f31b80329;SHL-JFK-512724;54f7da1b-0ae1-51e5-865b-4df3a308d76f;4500301090;5000301090;TICKET_NUMBER;FUELJFK;400000;MATCHED;0.00;0.00;NONE;343edde3-25d5-5dae-b376-7bd09be1e525;2863.58;1.6372;4688.2;WITHIN;
72c8f4b3-2c1d-5339-bca9-6d82fe583161;0f4b24b0-4b83-5fba-a71c-7ae13b76837d;700;013573ad-8e1e-50ab-bfd5-140b70dbab8b;Jet A into-plane JFK B61523 25Sep N989JT;4500301115;00010;19575.000;LTR;1.3158;25756.78;U1;227.54;62f50f03-d44f-53d2-9750-c925df927b6f;db403941-2d5a-5541-a7f4-c067b7498e9d;SHL-JFK-512726;c7be2447-bb23-52a3-89da-f2c950738425;4500301115;5000301115;TICKET_NUMBER;FUELJFK;400000;MATCHED;0.00;0.00;NONE;7304588c-d6c3-570e-a43b-a89b17cf0bbb;15650.21;1.6458;25756.78;WITHIN;
b041d325-7b76-5584-8c09-59aa570a0c7d;0f4b24b0-4b83-5fba-a71c-7ae13b76837d;710;013573ad-8e1e-50ab-bfd5-140b70dbab8b;Jet A into-plane JFK B6618 25Sep N3062J;4500301126;00010;625.000;LTR;1.3158;822.38;U1;7.27;3071334f-0703-5a54-a2b0-9b1e12083b23;508a980d-64ff-504f-8895-670f26b7299f;SHL-JFK-512728;7a0e3c32-fc01-5bd4-be45-094af253bee5;4500301126;5000301126;TICKET_NUMBER;FUELJFK;400000;MATCHED;0.00;0.00;NONE;19be4f49-415a-5c54-a76c-9a692bb9a0ca;500.12;1.6444;822.38;WITHIN;
3992b4ab-17a6-5132-bc98-621027224a53;0f4b24b0-4b83-5fba-a71c-7ae13b76837d;720;013573ad-8e1e-50ab-bfd5-140b70dbab8b;Jet A into-plane JFK B6677 25Sep N3291J;4500301130;00010;4804.000;LTR;1.3158;6321.10;U1;55.84;55a0c56a-4092-512b-a888-189848bfe099;0d9db29e-70c7-5410-a369-f54cfe2e24cb;SHL-JFK-512731;2139dff5-672f-50d5-acda-a31df9c9faaa;4500301130;5000301130;TICKET_NUMBER;FUELJFK;400000;MATCHED;0.00;0.00;NONE;801bb079-b4c5-54ae-9207-af39df619f3d;3861.46;1.637;6321.1;WITHIN;
d7453aa9-27f3-51b7-a8bd-0d0150788c4e;0f4b24b0-4b83-5fba-a71c-7ae13b76837d;730;013573ad-8e1e-50ab-bfd5-140b70dbab8b;Jet A into-plane JFK B6415 25Sep N946JL;4500301137;00010;19540.000;LTR;1.3158;25710.73;U1;227.13;9401c606-3ece-5cc4-8e65-ae3e9ae1a1d6;c0ba6013-f875-50eb-bbf5-9aacd536ada4;SHL-JFK-512733;fd4e9ab2-149f-52f2-b00e-5b718879e68d;4500301137;5000301137;TICKET_NUMBER;FUELJFK;400000;MATCHED;0.00;0.00;NONE;577d2f8d-f11e-5ef9-bbda-44f1f236b2f2;15653.49;1.6425;25710.73;WITHIN;
d8101ad5-bc2b-5a07-ab09-c0e89f24b136;0f4b24b0-4b83-5fba-a71c-7ae13b76837d;740;013573ad-8e1e-50ab-bfd5-140b70dbab8b;Jet A into-plane JFK B61485 25Sep N3275J;4500301148;00010;2900.000;LTR;1.3158;3815.82;U1;33.71;9f3dafc0-84d7-5e17-b80b-85d1d6be3195;4f9de1d6-a9b1-52eb-b1f8-65aa7aefb100;SHL-JFK-512736;9fc3996c-774e-5dcb-abe0-5080dcc71829;4500301148;5000301148;TICKET_NUMBER;FUELJFK;400000;MATCHED;0.00;0.00;NONE;72a38d96-46d4-5337-88d8-2778335b830e;2321.74;1.6435;3815.82;WITHIN;
5c4d64bd-f9cb-5804-8031-c87488976047;0f4b24b0-4b83-5fba-a71c-7ae13b76837d;750;013573ad-8e1e-50ab-bfd5-140b70dbab8b;Jet A into-plane JFK B6358 25Sep N3104J;4500301172;00010;13944.000;LTR;1.3158;18347.52;U1;162.09;8218a1a1-9557-507c-ad24-d1358c129507;cd022d4e-eec4-5bea-9477-b737f3851c69;SHL-JFK-512739;93ccf806-3df8-5008-ae66-3f00aeb7f362;4500301172;5000301172;TICKET_NUMBER;FUELJFK;400000;MATCHED;0.00;0.00;NONE;b4a9e9bc-f8fb-5d05-a801-1f3f150be749;11198.43;1.6384;18347.52;WITHIN;
8c992939-53c4-59e0-b5b2-99109eaa93bd;0f4b24b0-4b83-5fba-a71c-7ae13b76837d;760;013573ad-8e1e-50ab-bfd5-140b70dbab8b;Jet A into-plane JFK B61023 25Sep N2151J;4500301199;00010;13188.000;LTR;1.3158;17352.77;U1;153.30;06915bc1-97e1-5a76-aa2e-0733b6777ac7;d0de6900-88e6-5bb1-8109-2a4549dc9fe8;SHL-JFK-512742;f5918196-37b4-5be9-be91-20e9b80f0957;4500301199;5000301199;TICKET_NUMBER;FUELJFK;400000;MATCHED;0.00;0.00;NONE;30cf8386-0154-56a3-9c15-07288e466697;10560.95;1.6431;17352.77;WITHIN;
b4b27056-ae2f-506b-92ba-56fecd9d41ba;0f4b24b0-4b83-5fba-a71c-7ae13b76837d;770;013573ad-8e1e-50ab-bfd5-140b70dbab8b;Jet A into-plane JFK B6615 25Sep N935JB;4500301228;00010;20128.000;LTR;1.3158;26484.42;U1;233.97;0cd8e2b7-777f-508d-9a05-81b8414a213a;80ef8556-3224-59b2-9cb4-e9329e4c4c6c;SHL-JFK-512744;a4bc203a-27e2-5490-8899-0791aa5e2287;4500301228;5000301228;TICKET_NUMBER;FUELJFK;400000;MATCHED;0.00;0.00;NONE;a44f6485-1b0c-5bef-a50e-7c9578216c1a;16116.49;1.6433;26484.42;WITHIN;
08f25ab5-4f03-5dc2-afd3-3ff3bdd39dfe;0f4b24b0-4b83-5fba-a71c-7ae13b76837d;780;013573ad-8e1e-50ab-bfd5-140b70dbab8b;Jet A into-plane JFK B671 25Sep N3215J;4500301239;00010;13184.000;LTR;1.3158;17347.51;U1;153.25;4954a17f-5c05-5f5a-af15-3c84fdc87e0b;13e6b2aa-b353-5bbe-95af-df645513ca66;SHL-JFK-512747;f4df2a51-d326-554f-a83d-ba5a528d601f;4500301239;5000301239;TICKET_NUMBER;FUELJFK;400000;MATCHED;0.00;0.00;NONE;7b96cc5b-5595-58d7-aa4b-55db027a3635;10556.43;1.6433;17347.51;WITHIN;
276232bd-b656-54be-baa8-299496effa83;0f4b24b0-4b83-5fba-a71c-7ae13b76837d;790;013573ad-8e1e-50ab-bfd5-140b70dbab8b;Jet A into-plane JFK B61407 25Sep N4076J;4500301252;00010;18943.000;LTR;1.3158;24925.20;U1;220.19;1a6ffdf7-4bcf-5ea7-8a67-d4ba76e9ce79;cefbfa66-a4dd-5c9f-b33c-6a803d49294e;SHL-JFK-512748;29643ee0-e1e0-5b22-825e-1ec788796538;4500301252;5000301252;TICKET_NUMBER;FUELJFK;400000;MATCHED;0.00;0.00;NONE;732d5c85-b873-5ca7-a314-8a867f6d8515;15184.71;1.6415;24925.2;WITHIN;
21362f57-442a-5645-a2e8-cfcfcc974b55;0f4b24b0-4b83-5fba-a71c-7ae13b76837d;800;013573ad-8e1e-50ab-bfd5-140b70dbab8b;Jet A into-plane JFK B6719 25Sep N3162J;4500301325;00010;5079.000;LTR;1.3158;6682.95;U1;59.04;f172ba81-d5b1-51f5-807e-7c428186bec0;bb0c13a8-8a80-561f-90ed-82a3b790e528;SHL-JFK-512750;7e1b4702-8ba2-565c-bcc6-23cd222ba29d;4500301325;5000301325;TICKET_NUMBER;FUELJFK;400000;MATCHED;0.00;0.00;NONE;4050fedb-c01c-5d33-bae7-7f20eaf2d0c7;4071.83;1.6413;6682.95;WITHIN;
374c20a3-606e-5c99-a8e5-ea6b51f15ada;0f4b24b0-4b83-5fba-a71c-7ae13b76837d;810;013573ad-8e1e-50ab-bfd5-140b70dbab8b;Jet A into-plane JFK B6283 25Sep N994JL;4500301327;00010;6736.000;LTR;1.3158;8863.23;U1;78.30;bb3bc736-4daf-5a96-a9e1-31746a811a38;32e1fbad-34f3-5150-ae48-72894f0a69c9;SHL-JFK-512752;24083f4c-4a9c-5668-96cc-a79a21b8f388;4500301327;5000301327;TICKET_NUMBER;FUELJFK;400000;MATCHED;0.00;0.00;NONE;bbbe4269-9fc0-57d0-9ec4-6654da3249bc;5400.25;1.6413;8863.23;WITHIN;
a99c3bed-c905-5dea-bbd0-6d03499a1ce3;0f4b24b0-4b83-5fba-a71c-7ae13b76837d;820;013573ad-8e1e-50ab-bfd5-140b70dbab8b;Jet A into-plane JFK B6841 25Sep N2188J;4500301329;00010;17573.000;LTR;1.3158;23122.55;U1;204.27;722b4326-89be-5149-8102-ad0b4a2e0718;261cfb42-dc75-5d78-8f72-42d953a09986;SHL-JFK-512755;53195aee-1bc3-5c48-a099-42cfd0000352;4500301329;5000301329;TICKET_NUMBER;FUELJFK;400000;MATCHED;0.00;0.00;NONE;0a0ffa13-3dd0-5262-b19a-8f202452870f;14128.69;1.6366;23122.55;WITHIN;
8ba3e2b7-6ab3-50d8-8d5a-96121b8c481d;0f4b24b0-4b83-5fba-a71c-7ae13b76837d;830;013573ad-8e1e-50ab-bfd5-140b70dbab8b;Jet A into-plane JFK B67 25Sep N4074J;4500301330;00010;19153.000;LTR;1.3158;25201.52;U1;222.63;7dccb069-5478-5b5a-93c2-abc76aae825b;fb3590ab-eed4-529e-9f03-c191de2c6825;SHL-JFK-512758;4e64d40c-2a24-59ac-9c1c-0e8898788377;4500301330;5000301330;TICKET_NUMBER;FUELJFK;400000;MATCHED;0.00;0.00;NONE;1b6e4e75-99b1-5ab4-995f-b68323719df7;15362.62;1.6404;25201.52;WITHIN;
21b3dd37-ebc6-511b-8bf4-21918b0d2565;0f4b24b0-4b83-5fba-a71c-7ae13b76837d;840;013573ad-8e1e-50ab-bfd5-140b70dbab8b;Jet A into-plane JFK B61186 25Sep N585JB;4500301333;00010;2286.000;LTR;1.3158;3007.92;U1;26.57;1a92a9a3-0f0e-5061-9668-3fd10e67d23b;6ed66add-6f57-5f3b-9391-016f9ca91510;SHL-JFK-512761;8a359980-b198-572c-add9-1ba2849410f5;4500301333;5000301333;TICKET_NUMBER;FUELJFK;400000;MATCHED;0.00;0.00;NONE;a77318a3-bc6a-5da4-b8b9-371b8ae63cbd;1830.4;1.6433;3007.92;WITHIN;
e9dfdda4-46e5-5487-902c-721f876ee2c8;0f4b24b0-4b83-5fba-a71c-7ae13b76837d;850;013573ad-8e1e-50ab-bfd5-140b70dbab8b;Jet A into-plane JFK B6675 25Sep N775JB;4500301338;00010;1121.000;LTR;1.3158;1475.01;U1;13.03;dbc5cb84-2d3f-5a18-92e9-66fb5e9a6d1d;b3a9a023-89f9-510f-8ce4-98ecb0081769;SHL-JFK-512762;11d621e2-6134-5fb0-a2d8-bea7f65c09ab;4500301338;5000301338;TICKET_NUMBER;FUELJFK;400000;MATCHED;0.00;0.00;NONE;6e069dfa-35d7-5171-8099-429c9b9d4705;898.26;1.6421;1475.01;WITHIN;
0110144c-2cc7-5a06-8bb2-293dd145353a;0f4b24b0-4b83-5fba-a71c-7ae13b76837d;860;013573ad-8e1e-50ab-bfd5-140b70dbab8b;Jet A into-plane JFK B6308 25Sep N638JB;4500301356;00010;1156.000;LTR;1.3158;1521.06;U1;13.44;422aad42-a0c5-592e-bb65-90ec06e45245;9fd21cb6-990c-5b20-ae82-8d492633dfec;SHL-JFK-512765;fdb4b6c7-4f10-5092-9ed2-b0d4c641a78a;4500301356;5000301356;TICKET_NUMBER;FUELJFK;400000;MATCHED;0.00;0.00;NONE;c1656d0c-fe8a-5877-9e7a-7fd5d7fa143d;927.92;1.6392;1521.06;WITHIN;
08363357-9eb1-5baa-88b5-5017c8849d4e;0f4b24b0-4b83-5fba-a71c-7ae13b76837d;870;013573ad-8e1e-50ab-bfd5-140b70dbab8b;Jet A into-plane JFK B61318 26Sep N516JB;4500301363;00010;625.000;LTR;1.3238;827.38;U1;7.27;7a374aea-9cd2-5942-8e30-f9542e8c849c;5a7bd46f-823e-59b4-bb20-302874b2b1d3;SHL-JFK-512766;cedd2e39-6e2a-5551-8ffc-b909a603004b;4500301363;5000301363;TICKET_NUMBER;FUELJFK;400000;MATCHED;0.00;0.00;NONE;637ca5e7-3ce2-54b1-81f4-c7c644cf6d01;497.94;1.6616;827.38;WITHIN;
0e71fbb6-eb68-5be9-8b4d-025f7112e4d8;0f4b24b0-4b83-5fba-a71c-7ae13b76837d;880;013573ad-8e1e-50ab-bfd5-140b70dbab8b;Jet A into-plane JFK B615 26Sep N944JT;4500301405;00010;21074.000;LTR;1.3238;27897.76;U1;244.96;d97cc8f3-ba28-5d38-a918-beb76b61d803;48b4f089-55f2-5c7b-837b-23548dc544dc;SHL-JFK-512769;c3c7dfb3-56bb-56a2-9525-eee36f63d623;4500301405;5000301405;TICKET_NUMBER;FUELJFK;400000;MATCHED;0.00;0.00;NONE;0a740839-3456-58f0-b691-0f6a0d50a9ca;16823.37;1.6583;27897.76;WITHIN;
45a87bc8-0a69-5761-b9eb-068eeb2f1a4d;0f4b24b0-4b83-5fba-a71c-7ae13b76837d;890;013573ad-8e1e-50ab-bfd5-140b70dbab8b;Jet A into-plane JFK B61059 26Sep N827JB;4500301423;00010;11121.000;LTR;1.3238;14721.98;U1;129.27;63a7bc58-c1ff-5cda-9391-379eae4be77e;9671e34f-255c-5669-b1c8-78cef28580a2;SHL-JFK-512772;807ec6bf-1599-5612-8f65-1898146e0e20;4500301423;5000301423;TICKET_NUMBER;FUELJFK;400000;MATCHED;0.00;0.00;NONE;7e5d1936-87ca-5887-bda7-5279918dac07;8886.79;1.6566;14721.98;WITHIN;
25f64c1d-c6db-5b5f-8ed0-26047a6a84fa;0f4b24b0-4b83-5fba-a71c-7ae13b76837d;900;013573ad-8e1e-50ab-bfd5-140b70dbab8b;Jet A into-plane JFK B6953 26Sep N2016J;4500301427;00010;5560.000;LTR;1.3238;7360.33;U1;64.63;258d0111-93d3-574c-ace1-1f5046ed0230;f365fa18-ed23-5852-ae92-705675b10ed1;SHL-JFK-512773;95f01ab8-5c49-57a9-a7c0-3ed6dfac7bbf;4500301427;5000301427;TICKET_NUMBER;FUELJFK;400000;MATCHED;0.00;0.00;NONE;86d5f273-fa16-50d4-ab04-f74ee288f4f5;4445.22;1.6558;7360.33;WITHIN;
750bb849-e605-5cf9-8edb-a9a1d8123d4b;0f4b24b0-4b83-5fba-a71c-7ae13b76837d;910;013573ad-8e1e-50ab-bfd5-140b70dbab8b;Jet A into-plane JFK B675 26Sep N3062J;4500301465;00010;8440.000;LTR;1.3238;11172.87;U1;98.11;1ee79294-7d97-551b-9255-e09e13545383;30bb4084-1c4b-5987-9f6a-06415c50a3fa;SHL-JFK-512776;4be46f64-ed2b-56e1-aadb-8721d00ee2fd;4500301465;5000301465;TICKET_NUMBER;FUELJFK;400000;MATCHED;0.00;0.00;NONE;1d42d080-8828-59b1-a979-7500edc928d2;6762.13;1.6523;11172.87;WITHIN;
cb8b7a8c-1bf7-57a4-8f5a-1ac09fcfd8db;0f4b24b0-4b83-5fba-a71c-7ae13b76837d;920;013573ad-8e1e-50ab-bfd5-140b70dbab8b;Jet A into-plane JFK B6883 26Sep N2086J;4500301474;00010;6294.000;LTR;1.3238;8332.00;U1;73.16;bcbde984-9669-513d-9de5-80f15c146c0d;d12349fc-fc7a-5753-bd22-048da65633ba;SHL-JFK-512777;ca5f771e-71bb-5aea-836b-fab95442488a;4500301474;5000301474;TICKET_NUMBER;FUELJFK;400000;MATCHED;0.00;0.00;NONE;78713f07-df34-56dc-8929-b9a97ecf9508;5038.35;1.6537;8332;WITHIN;
7092b040-8eee-5829-90b8-42ba2ba2f385;0f4b24b0-4b83-5fba-a71c-7ae13b76837d;930;013573ad-8e1e-50ab-bfd5-140b70dbab8b;Jet A into-plane JFK B6273 26Sep N3251J;4500301509;00010;8321.000;LTR;1.3238;11015.34;U1;96.72;fe0a8ee0-9d30-5249-821b-bb5c4696211f;f4ec4143-8a21-55d9-810a-942a34f8bc7e;SHL-JFK-512778;633c00f3-d52b-569a-8cfa-a7e615f656d8;4500301509;5000301509;TICKET_NUMBER;FUELJFK;400000;MATCHED;0.00;0.00;NONE;2dce1819-a839-5d2b-8ebf-78dfbc8214ef;6631.84;1.661;11015.34;WITHIN;
a877d78b-213b-5450-8a35-47cb01c116e6;0f4b24b0-4b83-5fba-a71c-7ae13b76837d;940;013573ad-8e1e-50ab-bfd5-140b70dbab8b;Jet A into-plane JFK B61793 26Sep N766JB;4500301538;00010;15231.000;LTR;1.3238;20162.80;U1;177.05;c3366752-0012-54a6-abbe-0456d6dd365c;a1354fd0-18d9-5da4-8beb-4bc2f0856d88;SHL-JFK-512779;0e36065f-63a3-5a4d-b431-3c2ce1e28f21;4500301538;5000301538;TICKET_NUMBER;FUELJFK;400000;MATCHED;0.00;0.00;NONE;b7919222-48af-5fab-9091-676d14b0805b;12181.75;1.6552;20162.8;WITHIN;
db8d116a-ebda-5bd8-af1d-7220786535ae;0f4b24b0-4b83-5fba-a71c-7ae13b76837d;950;013573ad-8e1e-50ab-bfd5-140b70dbab8b;Jet A into-plane JFK B61018 26Sep N3115J;4500301544;00010;2192.000;LTR;1.3238;2901.77;U1;25.48;49596b7c-32e2-5312-8833-8ad6d1798a8e;ad32b2ca-3be9-54cb-bbdc-ee46f8e8bd87;SHL-JFK-512782;d90bcb22-641b-5501-b3f1-559faf89fe83;4500301544;5000301544;TICKET_NUMBER;FUELJFK;400000;MATCHED;0.00;0.00;NONE;ada1f9be-6566-5e71-9ed8-c11485e9e9cd;1750.75;1.6574;2901.77;WITHIN;
2771138b-d72a-5811-b2d2-faa2617891b4;0f4b24b0-4b83-5fba-a71c-7ae13b76837d;960;013573ad-8e1e-50ab-bfd5-140b70dbab8b;Jet A into-plane JFK B6135 26Sep N536JB;4500301557;00010;15460.000;LTR;1.3238;20465.95;U1;179.71;d5c64b6a-ed23-5cce-a61f-9c34221ec32c;845f41a5-1a4a-5c1d-be7f-1ebca2c61180;SHL-JFK-512784;a66899bc-a80c-5868-8643-bc148bf185e5;4500301557;5000301557;TICKET_NUMBER;FUELJFK;400000;MATCHED;0.00;0.00;NONE;b48ccceb-40f3-5e7c-82da-05ac2435ed2f;12321.62;1.661;20465.95;WITHIN;
fc3dc08c-1e4b-54cd-9054-ed4bf113c976;0f4b24b0-4b83-5fba-a71c-7ae13b76837d;970;013573ad-8e1e-50ab-bfd5-140b70dbab8b;Jet A into-plane JFK B6215 26Sep N967JT;4500301570;00010;18885.000;LTR;1.3238;24999.96;U1;219.52;ce4f9fbf-892c-52b1-9dd6-bd87452283f4;38ee37a5-58a0-51b4-a948-faa2487c45a2;SHL-JFK-512786;1143227a-d787-59a0-9492-ddd20770ab95;4500301570;5000301570;TICKET_NUMBER;FUELJFK;400000;MATCHED;0.00;0.00;NONE;2cea7cc0-c0bc-5253-9af0-1ddfc78701ed;15045.68;1.6616;24999.96;WITHIN;
b63385e3-c2bb-5778-aa83-d19763aaa787;0f4b24b0-4b83-5fba-a71c-7ae13b76837d;980;013573ad-8e1e-50ab-bfd5-140b70dbab8b;Jet A into-plane JFK B6119 26Sep N3189J;4500301581;00010;4956.000;LTR;1.3238;6560.75;U1;57.61;85062b20-42d2-53f2-867e-65eb24ef659a;f16007cc-affd-5951-b0cf-7a91d3f9bc44;SHL-JFK-512787;b1db3f43-69d4-5da0-86a8-6c038e6cc8c5;4500301581;5000301581;TICKET_NUMBER;FUELJFK;400000;MATCHED;0.00;0.00;NONE;53c38be9-0568-5f93-8ea5-a0dfee236595;3953.9;1.6593;6560.75;WITHIN;
f017accb-0635-544d-865e-9b806a5a75c0;0f4b24b0-4b83-5fba-a71c-7ae13b76837d;990;013573ad-8e1e-50ab-bfd5-140b70dbab8b;Jet A into-plane JFK B62285 26Sep N3149J;4500301588;00010;1881.000;LTR;1.3238;2490.07;U1;21.86;2c1c7830-7120-5e01-b6a7-5427d87edb62;6df6e734-b054-5446-869f-a4085df1e3a1;SHL-JFK-512788;44933ae8-9c56-5958-820e-2134a9817b13;4500301588;5000301588;TICKET_NUMBER;FUELJFK;400000;MATCHED;0.00;0.00;NONE;d65203c9-1861-5e5a-b2a8-10ab6abd9dd1;1500.47;1.6595;2490.07;WITHIN;
ca052f2f-c4ae-5b9b-8d38-51023e7ac974;0f4b24b0-4b83-5fba-a71c-7ae13b76837d;1000;013573ad-8e1e-50ab-bfd5-140b70dbab8b;Jet A into-plane JFK B62201 26Sep N905JB;4500301593;00010;7223.000;LTR;1.3238;9561.81;U1;83.96;2b818e08-cd62-5cfc-ba4e-582da6d7771f;89df22ed-20a5-5114-876e-26de16e1632e;SHL-JFK-512790;ff14d204-cbad-5f48-aec6-d39f78ce0c13;4500301593;5000301593;TICKET_NUMBER;FUELJFK;400000;MATCHED;0.00;0.00;NONE;9e5a6b59-87ec-5a04-a135-fbf9e4a9a4d5;5777.68;1.655;9561.81;WITHIN;
3163a065-048b-5d02-8c30-9ce5383ce532;0f4b24b0-4b83-5fba-a71c-7ae13b76837d;1010;013573ad-8e1e-50ab-bfd5-140b70dbab8b;Jet A into-plane JFK B6121 26Sep N583JB;4500301595;00010;15606.000;LTR;1.3238;20659.22;U1;181.40;842ec032-d310-5e7d-80f1-6ead9b5e39f5;f3963e6b-c339-50c6-9b24-a15e9622cd0b;SHL-JFK-512791;c539c74d-a9a2-52dd-9388-d624f668b959;4500301595;5000301595;TICKET_NUMBER;FUELJFK;400000;MATCHED;0.00;0.00;NONE;cb7a4577-3ff9-51f1-bb92-f85d38fc5b19;12441.1;1.6606;20659.22;WITHIN;
6bc1a8d2-c523-5f38-98f6-b9be60f62463;0f4b24b0-4b83-5fba-a71c-7ae13b76837d;1020;013573ad-8e1e-50ab-bfd5-140b70dbab8b;Jet A into-plane JFK B61497 26Sep N3162J;4500301619;00010;9885.000;LTR;1.3238;13085.76;U1;114.90;40d1ed63-fd5f-598f-84dd-3cc138b9162a;98f18f0c-1314-5498-bb76-28112dbac0af;SHL-JFK-512793;9e010d5a-ff5d-5d26-98b1-b884ab331134;4500301619;5000301619;TICKET_NUMBER;FUELJFK;400000;MATCHED;0.00;0.00;NONE;1e70230b-9ecf-5752-b11d-0c18aa2b6ade;7902.07;1.656;13085.76;WITHIN;
986a64db-d5b2-57b3-a82b-e66b20ada766;0f4b24b0-4b83-5fba-a71c-7ae13b76837d;1030;013573ad-8e1e-50ab-bfd5-140b70dbab8b;Jet A into-plane JFK B62902 26Sep N3293J;4500301637;00010;1668.000;LTR;1.3238;2208.10;U1;19.39;77431a0c-cfa4-55cc-a896-e4105dd1d580;d5c8f9e9-acfe-5529-bb81-7e4aa9638436;SHL-JFK-512794;167f2352-930e-5c0c-b264-90cbe5f130f1;4500301637;5000301637;TICKET_NUMBER;FUELJFK;400000;MATCHED;0.00;0.00;NONE;2f0b622c-e0e9-57f5-84f7-4d0531687370;1329.9;1.6604;2208.1;WITHIN;
ced50fcd-7a40-5ec5-bc09-33e05bf36e89;0f4b24b0-4b83-5fba-a71c-7ae13b76837d;1040;013573ad-8e1e-50ab-bfd5-140b70dbab8b;Jet A into-plane JFK B61118 26Sep N3255J;4500301641;00010;1998.000;LTR;1.3238;2644.95;U1;23.22;62d720f3-c0c0-55f3-b0eb-a624ee471afd;a261469a-27f6-504d-b8a0-9e183cae8718;SHL-JFK-512795;ece80190-be55-52a9-bfc6-94310f9df250;4500301641;5000301641;TICKET_NUMBER;FUELJFK;400000;MATCHED;0.00;0.00;NONE;bf6046fe-d11b-5f91-bd04-eb1c8bd2bc62;1592.81;1.6606;2644.95;WITHIN;
95981e46-5181-5d38-84ba-e44c64b24c9e;0f4b24b0-4b83-5fba-a71c-7ae13b76837d;1050;013573ad-8e1e-50ab-bfd5-140b70dbab8b;Jet A into-plane JFK B6281 26Sep N3275J;4500301656;00010;9387.000;LTR;1.3238;12426.51;U1;109.11;efeb3461-6e5b-56c6-b2e2-bdf2e5ae62d7;e444ed9a-c0cb-59d2-ae63-9bd9d9d2c5e6;SHL-JFK-512796;95a800ae-f8d4-525b-bdd4-f79b4b148e7c;4500301656;5000301656;TICKET_NUMBER;FUELJFK;400000;MATCHED;0.00;0.00;NONE;ee12d93d-3208-58d6-95b3-339cbf31d6fb;7497.4;1.6574;12426.51;WITHIN;
97b6eec0-a202-5deb-84ce-1fe57d94374d;0f4b24b0-4b83-5fba-a71c-7ae13b76837d;1060;013573ad-8e1e-50ab-bfd5-140b70dbab8b;Jet A into-plane JFK B6920 26Sep N537JT;4500301694;00010;4392.000;LTR;1.3238;5814.13;U1;51.05;25bafc83-15cb-5b76-aa8e-7b9bc95cfef6;6e41afc7-31cc-54f1-ae8b-0a8a0942bde6;SHL-JFK-512799;5550a950-b82a-577d-8f65-fb5abc1b5010;4500301694;5000301694;TICKET_NUMBER;FUELJFK;400000;MATCHED;0.00;0.00;NONE;731e9d56-6c28-56c7-9189-ec1269fe74f0;3503.5;1.6595;5814.13;WITHIN;
7423a8d0-6f2c-54c7-83cb-8a2d159f5e39;0f4b24b0-4b83-5fba-a71c-7ae13b76837d;1070;013573ad-8e1e-50ab-bfd5-140b70dbab8b;Jet A into-plane JFK B6618 26Sep N3251J;4500301722;00010;1783.000;LTR;1.3238;2360.34;U1;20.73;a318311b-2ea5-505f-abf5-891c5ad492f0;45f5f7cf-5aee-5ec9-a9d8-db63aaa92782;SHL-JFK-512801;097da159-24bd-572b-a771-e476dd54cecb;4500301722;5000301722;TICKET_NUMBER;FUELJFK;400000;MATCHED;0.00;0.00;NONE;65117dcf-11bd-5314-80a8-ce2d95a00382;1421.41;1.6606;2360.34;WITHIN;
136c2d62-50a7-52b2-b6a2-a4b24b10a967;0f4b24b0-4b83-5fba-a71c-7ae13b76837d;1080;013573ad-8e1e-50ab-bfd5-140b70dbab8b;Jet A into-plane JFK B61485 26Sep N3139J;4500301728;00010;2316.000;LTR;1.3238;3065.92;U1;26.92;a3c17546-33b1-5329-9aa0-9f3b7dae1f88;6808ae7f-ec52-59c4-9763-81a192bfa27d;SHL-JFK-512802;06b2c8c6-b2fb-5818-8d29-1ca0b865d874;4500301728;5000301728;TICKET_NUMBER;FUELJFK;400000;MATCHED;0.00;0.00;NONE;9aa84ee9-92d5-5022-9d08-5751cd48ac11;1853.03;1.6545;3065.92;WITHIN;
e49ac15c-1ebe-5f07-848f-3c0fc0ffe719;2caab58c-0361-5bed-ab2b-1ccb9eb13c28;10;013573ad-8e1e-50ab-bfd5-140b70dbab8b;Jet A into-plane JFK B62725 23Sep N965JT;4500300001;00010;7781.000;LTR;1.2886;10026.60;U1;90.45;f14014a5-f978-59fd-acfa-1ed332e9ee26;e12fd703-18a9-58e3-8a16-73be7a74b076;WFS-JFK-403740;cc1c412d-7e53-5634-ab6e-05b7d3e5ccc0;4500300001;5000300001;TICKET_NUMBER;FUELJFK;400000;MATCHED;0.00;0.00;NONE;7b02f6c0-a883-5f3e-9137-f2a306d3e71a;6236.47;1.6077;10026.6;WITHIN;
15859643-c0a8-590d-924d-1427fb962ae6;2caab58c-0361-5bed-ab2b-1ccb9eb13c28;20;013573ad-8e1e-50ab-bfd5-140b70dbab8b;Jet A into-plane JFK B62768 23Sep N3269J;4500300032;00010;2331.000;LTR;1.2886;3003.73;U1;27.10;b9e0f10c-e649-5f7a-a703-6f1c1d384305;3a407b44-0ac4-5cd2-9a1b-2ab8911078fa;WFS-JFK-403741;84563474-8428-5c7f-bcb8-0bc1d943caab;4500300032;5000300032;TICKET_NUMBER;FUELJFK;400000;MATCHED;0.00;0.00;NONE;313a39d2-3f1c-5879-a95e-25eff4a314d5;1866.9;1.6089;3003.73;WITHIN;
0900edaf-ed95-5ae2-99cf-e1ef0f95291c;2caab58c-0361-5bed-ab2b-1ccb9eb13c28;30;013573ad-8e1e-50ab-bfd5-140b70dbab8b;Jet A into-plane JFK B6515 23Sep N937JB;4500300040;00010;19905.000;LTR;1.2886;25649.58;U1;231.38;4ad9aafc-1a3f-585e-9a60-5ca14def913a;924449a1-5301-5de2-9753-fdd123a552ab;WFS-JFK-403744;6f5c47ba-659c-544c-8590-9b1c8fc5e40e;4500300040;5000300040;TICKET_NUMBER;FUELJFK;400000;MATCHED;0.00;0.00;NONE;47fcec99-22a4-57b4-897b-c034f143a760;15902.1;1.613;25649.58;WITHIN;
085e283a-f8d6-5b50-bdf3-9e6c770c3019;2caab58c-0361-5bed-ab2b-1ccb9eb13c28;40;013573ad-8e1e-50ab-bfd5-140b70dbab8b;Jet A into-plane JFK B61223 23Sep N982JB;4500300049;00010;20141.000;LTR;1.2886;25953.69;U1;234.12;8e349b0f-09dc-5242-9dcc-81920730a53e;b2aff226-f2f4-59f8-aa9f-42f015212971;WFS-JFK-403745;3cab90e6-a64b-5d5f-ab11-7009dca59785;4500300049;5000300049;TICKET_NUMBER;FUELJFK;400000;MATCHED;0.00;0.00;NONE;7967923e-9de6-5ef2-9c7f-41d5ab25c1d9;16136.97;1.6083;25953.69;WITHIN;
65810097-ce43-5408-aa09-52a7c72f38cd;2caab58c-0361-5bed-ab2b-1ccb9eb13c28;50;013573ad-8e1e-50ab-bfd5-140b70dbab8b;Jet A into-plane JFK B673 23Sep N2199J;4500300055;00010;17862.000;LTR;1.2886;23016.97;U1;207.63;020cf1ce-cd63-5ff6-ab22-91d0c5b406b0;aa773cdb-8c32-5820-b250-c35e5125a2f0;WFS-JFK-403747;54756880-6ab4-5a57-94ff-64b8c6ed63df;4500300055;5000300055;TICKET_NUMBER;FUELJFK;400000;MATCHED;0.00;0.00;NONE;4fb51803-f502-5a9f-9d28-7479234bc50e;14275.31;1.6124;23016.97;WITHIN;
79c3bf67-1295-5ae9-bbea-913b6cd520e6;2caab58c-0361-5bed-ab2b-1ccb9eb13c28;60;013573ad-8e1e-50ab-bfd5-140b70dbab8b;Jet A into-plane JFK B6820 23Sep N520JB;4500300058;00010;3716.000;LTR;1.2886;4788.44;U1;43.19;464f97ee-55b9-50ed-9f9e-9af93a34178b;ddac33ec-aa9c-5ca8-b4f7-fbafd38c0555;WFS-JFK-403749;689ca8b8-b5b2-5df9-9239-18827f3cbdd3;4500300058;5000300058;TICKET_NUMBER;FUELJFK;400000;MATCHED;0.00;0.00;NONE;e43cb953-9585-58c0-a8fe-d5457ad98ac1;2978.37;1.6077;4788.44;WITHIN;
5f12a676-d2f8-5ea4-906a-577665358275;2caab58c-0361-5bed-ab2b-1ccb9eb13c28;70;013573ad-8e1e-50ab-bfd5-140b70dbab8b;Jet A into-plane JFK B6923 23Sep N991JT;4500300060;00010;19362.000;LTR;1.2886;24949.87;U1;225.06;49a99d58-9231-5c8f-b88a-61adb402f1dd;fc073244-26d9-55cb-b6d9-e5a9e2d2d7f8;WFS-JFK-403751;ab1760bb-8209-500c-9696-218d57ea373f;4500300060;5000300060;TICKET_NUMBER;FUELJFK;400000;MATCHED;0.00;0.00;NONE;c6d16e86-95b5-54be-b134-b8973136c63f;15474.11;1.6124;24949.87;WITHIN;
70eda818-0bfc-593b-a0dc-8f472c0ee155;2caab58c-0361-5bed-ab2b-1ccb9eb13c28;80;013573ad-8e1e-50ab-bfd5-140b70dbab8b;Jet A into-plane JFK B61195 23Sep N3139J;4500300062;00010;3253.000;LTR;1.2886;4191.82;U1;37.81;b46c4127-9e61-5c99-8ec3-c9910036d76b;d180d834-4bd3-5ab3-9d36-d3e971a00fcf;WFS-JFK-403752;1ff7d9d5-cb09-5577-921b-084c8528accb;4500300062;5000300062;TICKET_NUMBER;FUELJFK;400000;MATCHED;0.00;0.00;NONE;6749e0de-a162-5adb-985e-a87a400a59cd;2599.47;1.6126;4191.82;WITHIN;
38b896ff-a608-5559-b399-91600a47152e;2caab58c-0361-5bed-ab2b-1ccb9eb13c28;90;013573ad-8e1e-50ab-bfd5-140b70dbab8b;Jet A into-plane JFK B61516 23Sep N3138J;4500300067;00010;966.000;LTR;1.2886;1244.79;U1;11.23;abdd6460-743b-50b6-a2cf-cecd68a68705;a3c7d7ab-7424-5fda-a227-987330f4476a;WFS-JFK-403753;bc2cf775-8d0b-5556-9172-2742c336e04b;4500300067;5000300067;TICKET_NUMBER;FUELJFK;400000;MATCHED;0.00;0.00;NONE;4d06d723-24ae-58de-9e0c-e8b8c3ae8292;773.67;1.6089;1244.79;WITHIN;
2249c430-aa32-5a01-a7a5-ef6f365e950d;2caab58c-0361-5bed-ab2b-1ccb9eb13c28;100;013573ad-8e1e-50ab-bfd5-140b70dbab8b;Jet A into-plane JFK B6955 23Sep N3267J;4500300072;00010;2187.000;LTR;1.2886;2818.17;U1;25.42;47c5b368-2ff9-537d-a381-d947d3077292;b3bd3a07-ee0e-5460-b210-6adf8de52f82;WFS-JFK-403754;3fd1c514-bd9b-5cc5-80a7-fc9650a3ad35;4500300072;5000300072;TICKET_NUMBER;FUELJFK;400000;MATCHED;0.00;0.00;NONE;5c4f88a7-0e8e-5125-be63-d2e65753213f;1744.13;1.6158;2818.17;WITHIN;
3225156c-2ef1-56a7-8da3-11b184d14ef8;2caab58c-0361-5bed-ab2b-1ccb9eb13c28;110;013573ad-8e1e-50ab-bfd5-140b70dbab8b;Jet A into-plane JFK B61128 24Sep N633JB;4500300079;00010;707.000;LTR;1.2966;916.70;U1;8.22;8870835b-8acb-5a1d-9afa-406c14209fc7;ebbc720a-a0c4-5ebe-a01b-c68843e48812;WFS-JFK-403756;d1f56f8a-b556-5c93-ade1-5f6f8c84c34d;4500300079;5000300079;TICKET_NUMBER;FUELJFK;400000;MATCHED;0.00;0.00;NONE;41678927-82bd-5b22-8129-a7f14a86ffa4;565.74;1.6204;916.7;WITHIN;
57249331-675b-5255-b4bd-7fb33c9f794d;2caab58c-0361-5bed-ab2b-1ccb9eb13c28;120;013573ad-8e1e-50ab-bfd5-140b70dbab8b;Jet A into-plane JFK B6189 24Sep N967JT;4500300126;00010;17568.000;LTR;1.2966;22778.67;U1;204.21;9bc51ceb-04c7-5418-bb75-85117a199e8c;93125b27-9783-5d7e-bc3b-8d6ab03bf9b3;WFS-JFK-403759;85203f8a-c981-5a53-89e5-4160793ee19f;4500300126;5000300126;TICKET_NUMBER;FUELJFK;400000;MATCHED;0.00;0.00;NONE;4542c98c-2d5d-53f7-ae6e-bb2f1edb4679;14077.24;1.6181;22778.67;WITHIN;
e5dc1a4a-d8da-5a8b-8e3e-d4e0d12bd6d9;2caab58c-0361-5bed-ab2b-1ccb9eb13c28;130;013573ad-8e1e-50ab-bfd5-140b70dbab8b;Jet A into-plane JFK B61602 24Sep N3232J;4500300146;00010;802.000;LTR;1.2966;1039.87;U1;9.32;d289b04c-94f8-5a92-a9ac-f707b3ae36cb;9088f433-a0c0-5178-bc6e-41ad831eaa90;WFS-JFK-403761;65058549-f3d3-56fd-b23f-3923aa6705bf;4500300146;5000300146;TICKET_NUMBER;FUELJFK;400000;MATCHED;0.00;0.00;NONE;7bb34318-61fd-5280-bd78-fed9c9b0aa17;642.72;1.6179;1039.87;WITHIN;
e276bab7-7d1c-51c0-9a6b-14b5096f56c9;2caab58c-0361-5bed-ab2b-1ccb9eb13c28;140;013573ad-8e1e-50ab-bfd5-140b70dbab8b;Jet A into-plane JFK B62718 24Sep N3242J;4500300147;00010;625.000;LTR;1.2966;810.38;U1;7.27;0c35c2a2-6314-5b6e-84e5-eaed827a4015;105064be-2714-5175-8dfa-fc2356c1ee5a;WFS-JFK-403764;778fd4e1-f36f-5e8e-949a-f4575ef1e537;4500300147;5000300147;TICKET_NUMBER;FUELJFK;400000;MATCHED;0.00;0.00;NONE;88d127df-5380-575f-aa2e-eaaaaf95a493;500.62;1.6188;810.38;WITHIN;
907cc7ad-3e7e-5837-aa89-48fbe8e26517;2caab58c-0361-5bed-ab2b-1ccb9eb13c28;150;013573ad-8e1e-50ab-bfd5-140b70dbab8b;Jet A into-plane JFK B61 24Sep N2044J;4500300153;00010;5851.000;LTR;1.2966;7586.41;U1;68.01;08b4c6bf-56ba-57c1-bc94-a00847b9c64e;d4e40db2-b262-5502-a485-64c71e551666;WFS-JFK-403766;3b48760f-889f-5ad9-b969-7e764fb47a3b;4500300153;5000300153;TICKET_NUMBER;FUELJFK;400000;MATCHED;0.00;0.00;NONE;28564db0-9709-5580-92c2-5a8987b6b064;4690.75;1.6173;7586.41;WITHIN;
37362ff4-fd13-58bf-8185-4e6b5f3370f9;2caab58c-0361-5bed-ab2b-1ccb9eb13c28;160;013573ad-8e1e-50ab-bfd5-140b70dbab8b;Jet A into-plane JFK B6523 24Sep N2165J;4500300154;00010;14411.000;LTR;1.2966;18685.30;U1;167.51;21e23401-134f-5f77-918a-3604434d3110;dd685b74-5a8d-526e-968b-c054fb8d9aac;WFS-JFK-403767;a233572d-165f-5cd2-91e2-3f857d917260;4500300154;5000300154;TICKET_NUMBER;FUELJFK;400000;MATCHED;0.00;0.00;NONE;c5a68102-a0d4-5684-ba87-1748375008aa;11582.12;1.6133;18685.3;WITHIN;
a0a6ff0e-0170-5d15-a47e-afff7cf900d3;2caab58c-0361-5bed-ab2b-1ccb9eb13c28;170;013573ad-8e1e-50ab-bfd5-140b70dbab8b;Jet A into-plane JFK B6477 24Sep N3276J;4500300159;00010;4933.000;LTR;1.2966;6396.13;U1;57.34;4a33f008-bd7d-5a4c-a4dc-a6afd38b3d88;494f6801-97c0-561a-be3f-031d5bcc6ca4;WFS-JFK-403768;d5ff46ad-1369-5bcd-8829-333067b0486d;4500300159;5000300159;TICKET_NUMBER;FUELJFK;400000;MATCHED;0.00;0.00;NONE;2f2f5888-451b-5d91-b823-88c4770e1726;3953.31;1.6179;6396.13;WITHIN;
c244330f-46b0-5995-9f48-cc6c91146b55;2caab58c-0361-5bed-ab2b-1ccb9eb13c28;180;013573ad-8e1e-50ab-bfd5-140b70dbab8b;Jet A into-plane JFK B6411 24Sep N2142J;4500300185;00010;13161.000;LTR;1.2966;17064.55;U1;152.98;02a5de06-1634-512f-b23a-f2114c24ef4c;73680b7a-0bd6-5331-af7c-d0f2697f2654;WFS-JFK-403769;efda037c-5d0a-5c96-93d1-c3c921b777ce;4500300185;5000300185;TICKET_NUMBER;FUELJFK;400000;MATCHED;0.00;0.00;NONE;39b8554d-6a60-5635-83ad-308d16e4eae4;10560.39;1.6159;17064.55;WITHIN;
74a6e645-7b63-5e2f-ae70-553a694ca878;2caab58c-0361-5bed-ab2b-1ccb9eb13c28;190;013573ad-8e1e-50ab-bfd5-140b70dbab8b;Jet A into-plane JFK B61381 24Sep N3291J;4500300207;00010;7281.000;LTR;1.2966;9440.54;U1;84.63;8ef21c18-017e-5627-9f43-7ca416cffc9a;dcb3cac2-6bcb-507c-bdd2-4ac263df9476;WFS-JFK-403772;de0f779d-80a7-52ad-ab6e-8826e29b42f4;4500300207;5000300207;TICKET_NUMBER;FUELJFK;400000;MATCHED;0.00;0.00;NONE;fd374530-0af8-599b-b3ba-02db91ee9f7d;5843;1.6157;9440.54;WITHIN;
57aca107-e4ae-51b0-8a79-45bb8004e9d3;2caab58c-0361-5bed-ab2b-1ccb9eb13c28;200;013573ad-8e1e-50ab-bfd5-140b70dbab8b;Jet A into-plane JFK B6905 24Sep N3112J;4500300212;00010;4551.000;LTR;1.2966;5900.83;U1;52.90;98c99f72-0823-52e7-9fef-e418d6b7a99d;edeb4850-ccdf-5da0-8485-de545e86bdaf;WFS-JFK-403774;09aa0ba2-0c12-5c0c-972c-c8c8ab1f6e1d;4500300212;5000300212;TICKET_NUMBER;FUELJFK;400000;MATCHED;0.00;0.00;NONE;f95fa558-0d38-56d1-8f30-91fd9b6e3171;3648.08;1.6175;5900.83;WITHIN;
80fd7170-be0e-53a3-b24c-64171fab683a;2caab58c-0361-5bed-ab2b-1ccb9eb13c28;210;013573ad-8e1e-50ab-bfd5-140b70dbab8b;Jet A into-plane JFK B61273 24Sep N3293J;4500300217;00010;5598.000;LTR;1.2966;7258.37;U1;65.07;918e9dc1-e739-54ec-8b84-8178dd2879b7;b3278d40-7bee-5060-bc63-bbac73045989;WFS-JFK-403777;f9dbcd95-f10b-51af-b613-cc864eb51462;4500300217;5000300217;TICKET_NUMBER;FUELJFK;400000;MATCHED;0.00;0.00;NONE;8908b0b6-37f8-5471-8da2-02f6474cead6;4503.03;1.6119;7258.37;WITHIN;
dc11bb5f-c505-583b-bf45-1b1c8720a989;2caab58c-0361-5bed-ab2b-1ccb9eb13c28;220;013573ad-8e1e-50ab-bfd5-140b70dbab8b;Jet A into-plane JFK B6323 24Sep N979JT;4500300231;00010;18446.000;LTR;1.2966;23917.08;U1;214.42;754626ec-0f5f-51aa-979c-36210a714bd3;3705a654-a731-5792-b25a-0471158ae86f;WFS-JFK-403780;cab4e2af-2064-5cbe-90ed-a6c6efb1fb41;4500300231;5000300231;TICKET_NUMBER;FUELJFK;400000;MATCHED;0.00;0.00;NONE;ee62cb91-5983-5859-9ee9-26f53d6dba9a;14839.81;1.6117;23917.08;WITHIN;
2c56b019-7156-50b7-ac2f-67fc796b3f59;2caab58c-0361-5bed-ab2b-1ccb9eb13c28;230;013573ad-8e1e-50ab-bfd5-140b70dbab8b;Jet A into-plane JFK B61107 24Sep N4022J;4500300234;00010;20073.000;LTR;1.2966;26026.65;U1;233.33;7070860d-7a19-59b6-8079-d721d78cc1b6;c272499d-fdac-5a86-af7b-370f5b2b897f;WFS-JFK-403781;65c20fca-26d1-5cfe-958d-103e68972d60;4500300234;5000300234;TICKET_NUMBER;FUELJFK;400000;MATCHED;0.00;0.00;NONE;2a26a476-bd0f-5460-8278-21f0da48143f;16078.47;1.6187;26026.65;WITHIN;
5124ca08-26bb-53e0-9c4c-7423ad0908df;2caab58c-0361-5bed-ab2b-1ccb9eb13c28;240;013573ad-8e1e-50ab-bfd5-140b70dbab8b;Jet A into-plane JFK B62091 24Sep N3139J;4500300251;00010;1769.000;LTR;1.2966;2293.69;U1;20.56;7bdd898e-4bda-5757-8e4a-e7f5b3f78c59;d647d695-0c6a-5d36-a97c-3d00d8c11b3a;WFS-JFK-403784;68a71844-96d7-5f46-9520-fa992f7b522d;4500300251;5000300251;TICKET_NUMBER;FUELJFK;400000;MATCHED;0.00;0.00;NONE;55b49c40-41af-5e73-911f-b43db8894146;1422.81;1.6121;2293.69;WITHIN;
a3c4fe40-7931-5b54-9673-9631b79c6a0a;2caab58c-0361-5bed-ab2b-1ccb9eb13c28;250;013573ad-8e1e-50ab-bfd5-140b70dbab8b;Jet A into-plane JFK B6223 24Sep N984JB;4500300256;00010;17994.000;LTR;1.2966;23331.02;U1;209.16;251f408f-9f66-5478-a5e5-64b613708767;4f04fc41-5296-5217-833e-d04a632cc522;WFS-JFK-403787;724e3797-48ec-534a-80a3-ac92dacd6372;4500300256;5000300256;TICKET_NUMBER;FUELJFK;400000;MATCHED;0.00;0.00;NONE;c543b2fd-197b-5653-8431-c0d2a27dfd21;14423.99;1.6175;23331.02;WITHIN;
deccb6fc-d8b7-5a7d-a060-b695fca77224;2caab58c-0361-5bed-ab2b-1ccb9eb13c28;260;013573ad-8e1e-50ab-bfd5-140b70dbab8b;Jet A into-plane JFK B6503 24Sep N975JT;4500300260;00010;13440.000;LTR;1.2966;17426.30;U1;156.23;b1bc4d76-1455-50d3-9622-9c31bc326704;f5cf4c16-1924-5236-909a-f574b5827dba;WFS-JFK-403789;5651269e-cfd6-57f7-a7a6-7f9eac1a80e7;4500300260;5000300260;TICKET_NUMBER;FUELJFK;400000;MATCHED;0.00;0.00;NONE;e65c59cf-ac97-5486-9a98-54ab05c064ab;10796.35;1.6141;17426.3;WITHIN;
ab4d3021-dd76-5e2d-8a3f-247dc33e7868;2caab58c-0361-5bed-ab2b-1ccb9eb13c28;270;013573ad-8e1e-50ab-bfd5-140b70dbab8b;Jet A into-plane JFK B61601 24Sep N589JB;4500300281;00010;7080.000;LTR;1.2966;9179.93;U1;82.30;e09649dd-5381-5c69-ac1a-47b4e75ab867;22fefde4-b345-5a75-8fad-eb5542e1c1e6;WFS-JFK-403790;a6eeb7a6-3a36-5fd0-be85-ec790371b0c4;4500300281;5000300281;TICKET_NUMBER;FUELJFK;400000;MATCHED;0.00;0.00;NONE;ce577db3-4403-543d-8730-83c2e6b7cd36;5683.12;1.6153;9179.93;WITHIN;
8626394b-6d7a-5161-b680-040337e9e6d2;2caab58c-0361-5bed-ab2b-1ccb9eb13c28;280;013573ad-8e1e-50ab-bfd5-140b70dbab8b;Jet A into-plane JFK B6511 24Sep N966JT;4500300285;00010;19005.000;LTR;1.2966;24641.88;U1;220.91;cb799b4d-17ec-5660-83ac-c9f441b3e3ac;be9a21e1-d324-540f-864a-e6d439548092;WFS-JFK-403793;6e3478ac-992b-5a96-a772-4448f6ce3c07;4500300285;5000300285;TICKET_NUMBER;FUELJFK;400000;MATCHED;0.00;0.00;NONE;ab4a5cad-bfa6-53f4-a7b1-950522d58927;15238.21;1.6171;24641.88;WITHIN;
a16f47f8-773b-5e2a-997a-ba742b0c61f2;2caab58c-0361-5bed-ab2b-1ccb9eb13c28;290;013573ad-8e1e-50ab-bfd5-140b70dbab8b;Jet A into-plane JFK B6183 24Sep N970JB;4500300287;00010;7543.000;LTR;1.2966;9780.25;U1;87.68;d9b2e01f-b00c-56fb-a680-b8b2139720d0;0310aaf9-1831-50b5-b02f-11a1b55e170b;WFS-JFK-403795;99d8f088-bfd4-55b7-8400-f58d9052da60;4500300287;5000300287;TICKET_NUMBER;FUELJFK;400000;MATCHED;0.00;0.00;NONE;0601bf12-e9a9-5a06-bcfb-a11186173531;6063.06;1.6131;9780.25;WITHIN;
988cf1cc-d600-5da3-8035-08d5572d1804;2caab58c-0361-5bed-ab2b-1ccb9eb13c28;300;013573ad-8e1e-50ab-bfd5-140b70dbab8b;Jet A into-plane JFK B6279 24Sep N658JB;4500300298;00010;21163.000;LTR;1.2966;27439.95;U1;246.00;4777ecda-9b7c-56d6-9755-f6e917534bb9;b1ac3123-43a7-51c5-80b6-8338e9945ff5;WFS-JFK-403796;4db9eea8-4615-53a3-b461-3902583063c0;4500300298;5000300298;TICKET_NUMBER;FUELJFK;400000;MATCHED;0.00;0.00;NONE;321532ae-dba0-5d46-91f8-bf780ff236da;17027.75;1.6115;27439.95;WITHIN;
5f95e9c4-10ab-5f33-b4b1-2fe6ff42624f;2caab58c-0361-5bed-ab2b-1ccb9eb13c28;310;013573ad-8e1e-50ab-bfd5-140b70dbab8b;Jet A into-plane JFK B6423 24Sep N961JT;4500300311;00010;18442.000;LTR;1.2966;23911.90;U1;214.37;f2a0a440-5d59-5589-a362-53ad6d5177a9;bd01ea3b-a9c6-5e6f-9a59-55e3884079bc;WFS-JFK-403799;2c200341-faad-59cc-a50f-1f18251c5127;4500300311;5000300311;TICKET_NUMBER;FUELJFK;400000;MATCHED;0.00;0.00;NONE;0b57cf37-f0fb-54d1-89a9-0dea44765b2a;14829.21;1.6125;23911.9;WITHIN;
6f174edd-6cdf-5d14-8c00-1ec8a583bc8a;2caab58c-0361-5bed-ab2b-1ccb9eb13c28;320;013573ad-8e1e-50ab-bfd5-140b70dbab8b;Jet A into-plane JFK B6225 24Sep N556JB;4500300312;00010;7021.000;LTR;1.2966;9103.43;U1;81.61;25421f86-f985-5efc-8cd3-61b6ff324d6e;b527ab15-010a-5fcd-bee4-f6dddc72d022;WFS-JFK-403802;1bd802d7-90b2-5ca8-b01e-dac1ffcef47e;4500300312;5000300312;TICKET_NUMBER;FUELJFK;400000;MATCHED;0.00;0.00;NONE;e7a7f0fd-cbeb-5b23-a6a8-9cbc07e2fb47;5628.74;1.6173;9103.43;WITHIN;
2938399f-0228-5759-90ee-26745d9aeaa7;2caab58c-0361-5bed-ab2b-1ccb9eb13c28;330;013573ad-8e1e-50ab-bfd5-140b70dbab8b;Jet A into-plane JFK B62129 24Sep N571JB;4500300346;00010;8593.000;LTR;1.2966;11141.68;U1;99.89;1e9d7ca1-b7c6-5423-8643-397d80339ddf;c2f2978e-4f73-59ab-8dc5-1a8b91b0eb59;WFS-JFK-403803;71737f97-90be-5584-8c48-aa5a3d6bff18;4500300346;5000300346;TICKET_NUMBER;FUELJFK;400000;MATCHED;0.00;0.00;NONE;bd91509d-6f86-595a-be6b-ed4d27defb37;6915.65;1.6111;11141.68;WITHIN;
b20d8594-c7ec-5030-93ec-3a3f47b21811;2caab58c-0361-5bed-ab2b-1ccb9eb13c28;340;013573ad-8e1e-50ab-bfd5-140b70dbab8b;Jet A into-plane JFK B6211 24Sep N987JT;4500300354;00010;16568.000;LTR;1.2966;21482.07;U1;192.59;72a4ca23-1596-5b88-abae-0d00d5f36455;e3b22b7d-f0d4-5835-a3f7-981b26a6d106;WFS-JFK-403806;299515df-4c68-5611-afff-7fa15c8caa60;4500300354;5000300354;TICKET_NUMBER;FUELJFK;400000;MATCHED;0.00;0.00;NONE;a8faeb3b-4aa5-57a0-8d76-762fe3cbdbae;13266;1.6193;21482.07;WITHIN;
69ad53d8-5a70-5c5b-b9de-bd36110b97ed;2caab58c-0361-5bed-ab2b-1ccb9eb13c28;350;013573ad-8e1e-50ab-bfd5-140b70dbab8b;Jet A into-plane JFK B61603 24Sep N954JB;4500300362;00010;12898.000;LTR;1.2966;16723.55;U1;149.93;00c62a8d-68b3-54a0-a6c4-76810fb61e29;bb285713-184b-5e7c-b8db-74ca776a90a8;WFS-JFK-403808;89063e14-e5c5-5f3d-bada-1406a96f0d5a;4500300362;5000300362;TICKET_NUMBER;FUELJFK;400000;MATCHED;0.00;0.00;NONE;7d8ed019-b9c1-5b92-b21d-3548b1676013;10364.83;1.6135;16723.55;WITHIN;
b78a6f16-150d-5fc8-aff2-c57cccb6b09b;2caab58c-0361-5bed-ab2b-1ccb9eb13c28;360;013573ad-8e1e-50ab-bfd5-140b70dbab8b;Jet A into-plane JFK B683 24Sep N2038J;4500300368;00010;7128.000;LTR;1.2966;9242.16;U1;82.86;32fa2c5f-e61b-5785-9cd8-cc01251294d2;e82a6809-b4a3-59dd-b4d8-6d2c4d473ddf;WFS-JFK-403810;9fe58782-e876-5f2e-bea3-74fa842a3bc2;4500300368;5000300368;TICKET_NUMBER;FUELJFK;400000;MATCHED;0.00;0.00;NONE;ca2929a8-3499-5d06-b2eb-127e13f8ddb5;5724.5;1.6145;9242.16;WITHIN;
1b18c38c-0d23-58eb-b9ad-2b4674f216cb;2caab58c-0361-5bed-ab2b-1ccb9eb13c28;370;013573ad-8e1e-50ab-bfd5-140b70dbab8b;Jet A into-plane JFK B6483 24Sep N2039J;4500300438;00010;5154.000;LTR;1.2966;6682.68;U1;59.91;9eedf0a4-ec28-5f8a-92fb-c6e3c8f9c774;53d4caf7-a04e-50c7-bb08-06f368b1d74d;WFS-JFK-403812;a4efdaa2-6825-5bed-9b66-f6d7cdb357d9;4500300438;5000300438;TICKET_NUMBER;FUELJFK;400000;MATCHED;0.00;0.00;NONE;809db08a-6837-59a1-9c75-02e827646b0d;4132.48;1.6171;6682.68;WITHIN;
c0af7b28-682e-53b1-b960-cba5a4d30e19;2caab58c-0361-5bed-ab2b-1ccb9eb13c28;380;013573ad-8e1e-50ab-bfd5-140b70dbab8b;Jet A into-plane JFK B653 24Sep N959JB;4500300439;00010;7321.000;LTR;1.2966;9492.41;U1;85.10;0d1ba724-ab5c-5a01-9123-10e6b57ac0b6;455a190d-0fd7-5d0a-bb23-e3235bd985e5;WFS-JFK-403815;6f0bb7b0-e6ed-5c4a-81de-28219ca7dbb0;4500300439;5000300439;TICKET_NUMBER;FUELJFK;400000;MATCHED;0.00;0.00;NONE;a4ebc81b-90f4-589e-aa40-7b0c7e24bec2;5888.28;1.6121;9492.41;WITHIN;
375340d5-1868-58a5-a80d-e7a8716c5cbb;2caab58c-0361-5bed-ab2b-1ccb9eb13c28;390;013573ad-8e1e-50ab-bfd5-140b70dbab8b;Jet A into-plane JFK B6803 24Sep N2044J;4500300467;00010;9824.000;LTR;1.2966;12737.80;U1;114.19;0dc92485-cd18-58cf-a073-b58597da63bc;d76313e3-0750-50a4-b5b8-fc44d51feb53;WFS-JFK-403818;9f523720-a65d-5d96-b0af-8fcea64c569f;4500300467;5000300467;TICKET_NUMBER;FUELJFK;400000;MATCHED;0.00;0.00;NONE;3099b5c9-16ca-5d5a-9291-319c4455195a;7904.39;1.6115;12737.8;WITHIN;
004c12b6-7c37-5d4a-bde4-ff827e197c5d;2caab58c-0361-5bed-ab2b-1ccb9eb13c28;400;013573ad-8e1e-50ab-bfd5-140b70dbab8b;Jet A into-plane JFK B6163 24Sep N3112J;4500300469;00010;5688.000;LTR;1.2966;7375.06;U1;66.12;8b1311b1-8267-545e-a03d-5532407bd662;6bd1532d-7fb6-5fd2-a14e-515ba4dca70f;WFS-JFK-403820;f22aee04-a4e1-5f7d-a27e-37f9cafff86c;4500300469;5000300469;TICKET_NUMBER;FUELJFK;400000;MATCHED;0.00;0.00;NONE;d9ced902-eefc-506c-8a7e-5f624976ca5c;4573.72;1.6125;7375.06;WITHIN;
ef877b37-4ce3-5c72-8b29-f49da82b45ae;2caab58c-0361-5bed-ab2b-1ccb9eb13c28;410;013573ad-8e1e-50ab-bfd5-140b70dbab8b;Jet A into-plane JFK B61256 24Sep N2048J;4500300473;00010;5216.000;LTR;1.2966;6763.07;U1;60.63;0d176c9c-ae78-5609-8498-5545b6bc9be1;5d3ee66f-2aa0-5e1d-aa8c-70a08a9b2105;WFS-JFK-403823;35a29b2f-94ad-537c-90f2-a14778f5ddf8;4500300473;5000300473;TICKET_NUMBER;FUELJFK;400000;MATCHED;0.00;0.00;NONE;1c7e892e-5c7b-51b8-8dae-394bf4f9b9c7;4193.14;1.6129;6763.07;WITHIN;
6d1283af-3406-5869-a664-4adfc1ae362b;2caab58c-0361-5bed-ab2b-1ccb9eb13c28;420;013573ad-8e1e-50ab-bfd5-140b70dbab8b;Jet A into-plane JFK B61211 24Sep N968JT;4500300477;00010;18842.000;LTR;1.2966;24430.54;U1;219.02;6e9426c6-e765-5966-bc4f-0eb2fed65699;e6ff44b5-c8cf-5976-b4a9-17fb1df8e474;WFS-JFK-403825;bc431e3f-a8a6-59d3-803b-6b4bd0906f4f;4500300477;5000300477;TICKET_NUMBER;FUELJFK;400000;MATCHED;0.00;0.00;NONE;85d0e638-5bc4-59bb-ac87-c4685d3f238f;15126.36;1.6151;24430.54;WITHIN;
4520f649-2817-5a81-a7b8-b658b855076d;2caab58c-0361-5bed-ab2b-1ccb9eb13c28;430;013573ad-8e1e-50ab-bfd5-140b70dbab8b;Jet A into-plane JFK B6419 24Sep N3308J;4500300482;00010;4053.000;LTR;1.2966;5255.12;U1;47.11;afbda2b0-f1e7-514f-a6ef-c20941e2b2aa;caca5c36-e473-51fd-a45d-d37c1d464b48;WFS-JFK-403828;a85052fe-19c5-5368-84b7-dd4af32734be;4500300482;5000300482;TICKET_NUMBER;FUELJFK;400000;MATCHED;0.00;0.00;NONE;cfc7fe9e-13ff-5852-9982-ec6040e7796f;3257.4;1.6133;5255.12;WITHIN;
0fe447f6-c642-546b-bd69-b1557da5e1cf;2caab58c-0361-5bed-ab2b-1ccb9eb13c28;440;013573ad-8e1e-50ab-bfd5-140b70dbab8b;Jet A into-plane JFK B6623 24Sep N2180J;4500300496;00010;13705.000;LTR;1.2966;17769.90;U1;159.31;ecd2ed20-fbfc-5ffc-a340-113de4a52efe;f9d0d826-99fc-542d-aabb-2cf46d2c9099;WFS-JFK-403829;17b366fc-4e18-50fb-a975-0386475494f5;4500300496;5000300496;TICKET_NUMBER;FUELJFK;400000;MATCHED;0.00;0.00;NONE;660bafee-6c05-5b18-8834-23cd3b7a6a6c;11003.74;1.6149;17769.9;WITHIN;
d08c781f-b327-5156-89d7-2939f2335714;2caab58c-0361-5bed-ab2b-1ccb9eb13c28;450;013573ad-8e1e-50ab-bfd5-140b70dbab8b;Jet A into-plane JFK B61201 24Sep N958JB;4500300512;00010;9000.000;LTR;1.2966;11669.40;U1;104.62;30cbac63-17b5-59b5-97bc-706d64ed5d84;38363bbf-aae6-5199-8c06-85cdab864375;WFS-JFK-403831;8e03d655-44bb-571a-b260-edd67439ddd5;4500300512;5000300512;TICKET_NUMBER;FUELJFK;400000;MATCHED;0.00;0.00;NONE;219dd101-7092-5475-b1e8-eb8e2df7e474;7236.9;1.6125;11669.4;WITHIN;
719acaf5-ef59-5beb-bcbd-11a3275b5284;2caab58c-0361-5bed-ab2b-1ccb9eb13c28;460;013573ad-8e1e-50ab-bfd5-140b70dbab8b;Jet A into-plane JFK B61173 24Sep N635JB;4500300516;00010;5196.000;LTR;1.2966;6737.13;U1;60.40;ae6b831c-c933-5c37-a413-d5c12c02efb7;ccf67e15-0a97-5a6c-9082-643f95e6553c;WFS-JFK-403833;79875ea2-5cb4-5ac1-9a0e-f2eaf79d1457;4500300516;5000300516;TICKET_NUMBER;FUELJFK;400000;MATCHED;0.00;0.00;NONE;3a910165-7b72-5344-b047-f354261dbeb5;4169.79;1.6157;6737.13;WITHIN;
efb08311-70c9-556b-921e-1ccecd6d61dc;2caab58c-0361-5bed-ab2b-1ccb9eb13c28;470;013573ad-8e1e-50ab-bfd5-140b70dbab8b;Jet A into-plane JFK B6263 24Sep N591JB;4500300532;00010;17263.000;LTR;1.2966;22383.21;U1;200.67;ba714b6f-b103-517f-80f9-f1710d3eeaff;b207962a-0771-5150-9a6b-0bd5e6bb5ff8;WFS-JFK-403835;2d308aa8-ef7d-560f-9187-7ce9eb685a5d;4500300532;5000300532;TICKET_NUMBER;FUELJFK;400000;MATCHED;0.00;0.00;NONE;29a0ee92-056b-539c-bf81-1f50c4f90fc0;13832.84;1.6181;22383.21;WITHIN;
e158a5f5-f1a1-5636-80b1-331d67a14528;2caab58c-0361-5bed-ab2b-1ccb9eb13c28;480;013573ad-8e1e-50ab-bfd5-140b70dbab8b;Jet A into-plane JFK B61189 24Sep N992JB;4500300547;00010;18871.000;LTR;1.2966;24468.14;U1;219.36;ff61a43a-daca-5bcd-a624-7b4728f917dd;fa3d2411-8d72-5b37-ac01-0846afee6c55;WFS-JFK-403836;5de55022-25eb-5214-8bcc-d0720090cb52;4500300547;5000300547;TICKET_NUMBER;FUELJFK;400000;MATCHED;0.00;0.00;NONE;a2695734-98f7-525b-a25a-dfd001074877;15108.12;1.6195;24468.14;WITHIN;
44e248db-0e3a-5530-bba5-7891937d39db;2caab58c-0361-5bed-ab2b-1ccb9eb13c28;490;013573ad-8e1e-50ab-bfd5-140b70dbab8b;Jet A into-plane JFK B6161 24Sep N970JB;4500300550;00010;17863.000;LTR;1.2966;23161.17;U1;207.64;e2e3dac0-fa1d-56bb-8637-3ec00b25e2bc;99773287-5133-5e2d-9c33-12552e184555;WFS-JFK-403837;0110db08-752a-5bb8-af1f-d7fecea19dac;4500300550;5000300550;TICKET_NUMBER;FUELJFK;400000;MATCHED;0.00;0.00;NONE;ad6377ad-ea32-59b6-896f-10225921fd30;14363.64;1.6125;23161.17;WITHIN;
c33434f5-03f6-558f-8cc9-1306bb947889;2caab58c-0361-5bed-ab2b-1ccb9eb13c28;500;013573ad-8e1e-50ab-bfd5-140b70dbab8b;Jet A into-plane JFK B61202 24Sep N3138J;4500300557;00010;3672.000;LTR;1.2966;4761.12;U1;42.68;da1d73e4-58e4-5801-b497-e4669f6f92d6;77210fe5-cb80-5c47-981a-6b6c23f56ac4;WFS-JFK-403838;ec19226f-01c7-549e-804a-55e4a0fbba04;4500300557;5000300557;TICKET_NUMBER;FUELJFK;400000;MATCHED;0.00;0.00;NONE;be1ba2b1-a016-59af-b9ba-cbcd54cdd6bb;2946.05;1.6161;4761.12;WITHIN;
d9cb44cc-69a2-5a7e-b0fd-0ec243858497;2caab58c-0361-5bed-ab2b-1ccb9eb13c28;510;013573ad-8e1e-50ab-bfd5-140b70dbab8b;Jet A into-plane JFK B6355 24Sep N3275J;4500300563;00010;15103.000;LTR;1.2966;19582.55;U1;175.56;0c339328-2eb0-5a95-9f28-c07587c4c15b;4ec6c498-0ceb-5f7a-ac17-aa297ead9684;WFS-JFK-403839;a510b4f3-302b-540a-bf00-d3f17d1e7d74;4500300563;5000300563;TICKET_NUMBER;FUELJFK;400000;MATCHED;0.00;0.00;NONE;76f927fc-63f2-55bd-97ab-6cefc28adef3;12132.24;1.6141;19582.55;WITHIN;
06833722-051c-56bc-94ca-e302fd4ae4d3;2caab58c-0361-5bed-ab2b-1ccb9eb13c28;520;013573ad-8e1e-50ab-bfd5-140b70dbab8b;Jet A into-plane JFK B61801 24Sep N995JL;4500300569;00010;8816.000;LTR;1.2966;11430.83;U1;102.48;b23d6988-a3da-56d6-9686-55fc862253bf;36d80001-d2ef-5abe-8e09-3bd16e11a857;WFS-JFK-403840;23b9f374-dbf2-5262-a949-cdcac02363b4;4500300569;5000300569;TICKET_NUMBER;FUELJFK;400000;MATCHED;0.00;0.00;NONE;9933b503-f87c-5942-b3a4-9d1290fe476b;7085.42;1.6133;11430.83;WITHIN;
b7f64471-d3b4-58f8-95c2-da1a3c76b6ed;2caab58c-0361-5bed-ab2b-1ccb9eb13c28;530;013573ad-8e1e-50ab-bfd5-140b70dbab8b;Jet A into-plane JFK B6603 24Sep N969JT;4500300588;00010;22127.000;LTR;1.2966;28689.87;U1;257.20;da9a5b5b-a399-596f-a618-edc0c187696b;848d3d64-7fd0-5433-add0-2978d1da336f;WFS-JFK-403841;f4ee20aa-8070-521b-9c50-5868622a5d22;4500300588;5000300588;TICKET_NUMBER;FUELJFK;400000;MATCHED;0.00;0.00;NONE;81761751-75aa-516f-9409-6d492be74ef3;17783.47;1.6133;28689.87;WITHIN;
e24de35f-e95d-5ca2-8614-efb392c89c05;2caab58c-0361-5bed-ab2b-1ccb9eb13c28;540;013573ad-8e1e-50ab-bfd5-140b70dbab8b;Jet A into-plane JFK B665 24Sep N775JB;4500300613;00010;12450.000;LTR;1.2966;16142.67;U1;144.72;404bafcd-23a1-5afb-a77b-fc61b7a6edd2;081f4838-afaf-5351-ac8e-dba04c19683d;WFS-JFK-403842;9b9d07f2-5305-5b72-a16a-05f26f1e9e10;4500300613;5000300613;TICKET_NUMBER;FUELJFK;400000;MATCHED;0.00;0.00;NONE;1a5e71c4-f212-551d-9885-a024508aaac7;10016.02;1.6117;16142.67;WITHIN;
09ee4701-6222-562f-bdfa-5bd52973fd33;2caab58c-0361-5bed-ab2b-1ccb9eb13c28;550;013573ad-8e1e-50ab-bfd5-140b70dbab8b;Jet A into-plane JFK B62725 24Sep N965JT;4500300626;00010;8319.000;LTR;1.2966;10786.42;U1;96.70;38696ab4-aa68-5b18-a407-1315a306ff17;f76bd11e-c03a-5fc5-86f3-6f2d9d573ce7;WFS-JFK-403845;255f66ff-cce6-5cb9-8abb-b03fbfc0d3c0;4500300626;5000300626;TICKET_NUMBER;FUELJFK;400000;MATCHED;0.00;0.00;NONE;f872c877-8b85-592d-b2aa-677abcd2641b;6670.17;1.6171;10786.42;WITHIN;
0c73b8c8-1b6b-5941-954a-0f8dd0e258b1;2caab58c-0361-5bed-ab2b-1ccb9eb13c28;560;013573ad-8e1e-50ab-bfd5-140b70dbab8b;Jet A into-plane JFK B6818 24Sep N3307J;4500300645;00010;689.000;LTR;1.2966;893.36;U1;8.01;00f5fa05-37b4-5068-a328-7a86afad404e;6bed7a61-5f06-5f34-9e16-e299dc765aef;WFS-JFK-403846;ec167cfb-2a75-51d6-8a67-202f11e6e1cc;4500300645;5000300645;TICKET_NUMBER;FUELJFK;400000;MATCHED;0.00;0.00;NONE;5449f2ad-dc6f-5bde-8f08-964a5ad1747b;552.16;1.6179;893.36;WITHIN;
ce2d72ef-0e42-551c-96ff-1097b774ee2f;2caab58c-0361-5bed-ab2b-1ccb9eb13c28;570;013573ad-8e1e-50ab-bfd5-140b70dbab8b;Jet A into-plane JFK B6515 24Sep N945JT;4500300649;00010;19648.000;LTR;1.2966;25475.60;U1;228.39;15bfc955-e3a6-5841-8f66-40b331d1086f;7dede1e7-b599-5065-a2c9-2e7352774c24;WFS-JFK-403849;1eec8d54-2ad0-5cbd-a46b-bb6b6a06458a;4500300649;5000300649;TICKET_NUMBER;FUELJFK;400000;MATCHED;0.00;0.00;NONE;f3a951d9-0b92-55a1-8f44-fc8b78622190;15761.63;1.6163;25475.6;WITHIN;
fe33df74-4518-5032-b59e-7c81fd18d89e;2caab58c-0361-5bed-ab2b-1ccb9eb13c28;580;013573ad-8e1e-50ab-bfd5-140b70dbab8b;Jet A into-plane JFK B61223 24Sep N967JT;4500300670;00010;20941.000;LTR;1.2966;27152.10;U1;243.42;93d33e49-3c66-53d3-8eac-dd5366e502ad;f3d4841b-c941-5d80-98d7-b879ddd7b3e4;WFS-JFK-403851;797f4722-12e7-5706-84c0-3b8b18b909ef;4500300670;5000300670;TICKET_NUMBER;FUELJFK;400000;MATCHED;0.00;0.00;NONE;504d9ec2-c261-51a0-896c-630fa8851fb1;16796.78;1.6165;27152.1;WITHIN;
ecefc7e9-3e99-5d83-a3a3-e896928b6c5b;2caab58c-0361-5bed-ab2b-1ccb9eb13c28;590;013573ad-8e1e-50ab-bfd5-140b70dbab8b;Jet A into-plane JFK B62768 24Sep N3267J;4500300673;00010;2083.000;LTR;1.2966;2700.82;U1;24.21;025c6ef1-7ebe-59e9-a65b-80086e1a4028;e86c7eb4-46ed-5b80-94d4-a8b3702c7bdf;WFS-JFK-403852;bfcfa9c7-48bc-5ccb-944c-5c3a6bb48a4b;4500300673;5000300673;TICKET_NUMBER;FUELJFK;400000;MATCHED;0.00;0.00;NONE;b6f89391-1fa5-5680-ae9c-04f9759665fc;1672.23;1.6151;2700.82;WITHIN;
0ad34925-8368-505f-9e8d-0c61d6ff8ceb;2caab58c-0361-5bed-ab2b-1ccb9eb13c28;600;013573ad-8e1e-50ab-bfd5-140b70dbab8b;Jet A into-plane JFK B6405 24Sep N3113J;4500300685;00010;4926.000;LTR;1.2966;6387.05;U1;57.26;521555f9-5e83-5fb5-ada1-8fae7030aa25;1268bea1-6615-523b-b2e2-8b8da2fbf537;WFS-JFK-403855;c8dc97c2-0a0a-5712-9bfa-4c70db66be91;4500300685;5000300685;TICKET_NUMBER;FUELJFK;400000;MATCHED;0.00;0.00;NONE;f1dc6839-7ea0-5e07-8ae9-55b74c452645;3944.74;1.6191;6387.05;WITHIN;
545d2a0d-ed3a-5898-9a0a-9cadf8bda879;2caab58c-0361-5bed-ab2b-1ccb9eb13c28;610;013573ad-8e1e-50ab-bfd5-140b70dbab8b;Jet A into-plane JFK B673 24Sep N2165J;4500300695;00010;17929.000;LTR;1.2966;23246.74;U1;208.41;497b54b8-4ec4-5c3a-b51b-8a470570ade4;b88fd569-ce0c-5ba1-aaa4-4001171fb72e;WFS-JFK-403857;6eb2e631-8a2f-5aff-8b93-4803a1c8a50e;4500300695;5000300695;TICKET_NUMBER;FUELJFK;400000;MATCHED;0.00;0.00;NONE;f3637cd7-61e9-5c5a-898d-3aebac854631;14352.16;1.6197;23246.74;WITHIN;
e2e0f0e1-0ce4-5ff9-8750-980d04928f23;2caab58c-0361-5bed-ab2b-1ccb9eb13c28;620;013573ad-8e1e-50ab-bfd5-140b70dbab8b;Jet A into-plane JFK B6955 24Sep N3162J;4500300696;00010;1980.000;LTR;1.2966;2567.27;U1;23.02;b8fe3583-ca4d-5c9c-a2df-d1f66fb1fdba;16acfa73-c6cc-5484-854f-05da0d080aaa;WFS-JFK-403860;eaa8f959-821f-50b4-b0e6-e3877200fbf2;4500300696;5000300696;TICKET_NUMBER;FUELJFK;400000;MATCHED;0.00;0.00;NONE;2430fd3f-401c-559e-9533-da07fe0dc240;1584.4;1.6203;2567.27;WITHIN;
f8585a5f-c4c0-5499-9d8c-e3abf9878a37;2caab58c-0361-5bed-ab2b-1ccb9eb13c28;630;013573ad-8e1e-50ab-bfd5-140b70dbab8b;Jet A into-plane JFK B6185 24Sep N523JB;4500300698;00010;3580.000;LTR;1.2966;4641.83;U1;41.61;da7bb3e2-0871-51e6-b175-a0a037cf0d1f;f0d2820f-f624-5109-9f22-2d624fd4940a;WFS-JFK-403861;7ef5ddae-8977-58b2-b4b1-90f9c5ed7cc1;4500300698;5000300698;TICKET_NUMBER;FUELJFK;400000;MATCHED;0.00;0.00;NONE;399fb7d1-403a-5577-837b-1f7c17d2c6fe;2870.44;1.6171;4641.83;WITHIN;
42e63933-4c06-5b64-bb19-75cacf287338;2caab58c-0361-5bed-ab2b-1ccb9eb13c28;640;013573ad-8e1e-50ab-bfd5-140b70dbab8b;Jet A into-plane JFK B6820 24Sep N583JB;4500300700;00010;4817.000;LTR;1.2966;6245.72;U1;55.99;eb9d6ef5-5396-5fa5-a0f7-af2307dc6f14;3d6e0b1c-46d0-5c8d-88c0-60271c6d4f43;WFS-JFK-403864;05bb3f5e-dce6-591e-aaa3-bc1201334d85;4500300700;5000300700;TICKET_NUMBER;FUELJFK;400000;MATCHED;0.00;0.00;NONE;693bd6b3-df2e-52cc-9675-d6f8d3e69741;3873.35;1.6125;6245.72;WITHIN;
27e5ffac-a1a4-52ac-96d1-6a9adcc6f57c;2caab58c-0361-5bed-ab2b-1ccb9eb13c28;650;013573ad-8e1e-50ab-bfd5-140b70dbab8b;Jet A into-plane JFK B61195 24Sep N3118J;4500300703;00010;2719.000;LTR;1.2966;3525.46;U1;31.61;8e89d64d-675b-5db7-85db-2c8c9902394a;ad329e05-b006-561f-8659-a3b5c67efff1;WFS-JFK-403865;a2fcd79a-7adf-5a5c-b3bb-684b7c010624;4500300703;5000300703;TICKET_NUMBER;FUELJFK;400000;MATCHED;0.00;0.00;NONE;c0639b16-31c2-53ae-90cb-7160db6dc942;2181.18;1.6163;3525.46;WITHIN;
3f643202-8b83-565e-97d2-f008d32d8e2e;2caab58c-0361-5bed-ab2b-1ccb9eb13c28;660;013573ad-8e1e-50ab-bfd5-140b70dbab8b;Jet A into-plane JFK B6923 24Sep N929JB;4500300704;00010;18619.000;LTR;1.2966;24141.40;U1;216.43;a051fcf0-1873-5023-8320-bc3458c79d62;16b9ec80-b288-50e3-9560-132672e934a2;WFS-JFK-403868;b6648a68-67d0-546e-85ac-643fcf129d22;4500300704;5000300704;TICKET_NUMBER;FUELJFK;400000;MATCHED;0.00;0.00;NONE;cc0922a0-e8d1-58a8-880b-5ff0c157b4ac;14941.75;1.6157;24141.4;WITHIN;
e1fd3b90-3784-5a76-96cd-523f6d649a73;2caab58c-0361-5bed-ab2b-1ccb9eb13c28;670;013573ad-8e1e-50ab-bfd5-140b70dbab8b;Jet A into-plane JFK B61516 24Sep N3023J;4500300707;00010;1166.000;LTR;1.2966;1511.84;U1;13.55;101ea581-c34f-5521-bbd7-217c3c3e3cdc;2d2b95c8-825a-5f2e-9173-556d7e62aba9;WFS-JFK-403869;c53225e2-1150-5b04-87ec-587577f62093;4500300707;5000300707;TICKET_NUMBER;FUELJFK;400000;MATCHED;0.00;0.00;NONE;37ef09fc-757a-5d06-b119-5679a34571b5;937.35;1.6129;1511.84;WITHIN;
e5c3d664-5eca-586d-a88b-e2fde0f52993;2caab58c-0361-5bed-ab2b-1ccb9eb13c28;680;013573ad-8e1e-50ab-bfd5-140b70dbab8b;Jet A into-plane JFK B61411 24Sep N989JT;4500300708;00010;18429.000;LTR;1.2966;23895.04;U1;214.22;16a53449-0f18-5d2c-be4e-1702dfab2e7d;e76bc863-19da-5d35-83b7-01fe6506048e;WFS-JFK-403872;57287c3c-7e2c-5ffd-b468-3e94d4dd3490;4500300708;5000300708;TICKET_NUMBER;FUELJFK;400000;MATCHED;0.00;0.00;NONE;42d7615c-7e80-5ac7-96d8-d5d4932ac299;14776.37;1.6171;23895.04;WITHIN;
b53d92af-43bc-5581-a52e-3dc4f6f3bfe6;2caab58c-0361-5bed-ab2b-1ccb9eb13c28;690;013573ad-8e1e-50ab-bfd5-140b70dbab8b;Jet A into-plane JFK B6102 24Sep N3138J;4500300709;00010;1818.000;LTR;1.2966;2357.22;U1;21.13;a4b1c0cd-17e3-5f5b-b35a-bbc129f93a50;16699908-223b-5dbf-b79b-8cb626706c78;WFS-JFK-403875;79591fd3-4230-51cc-8051-0ee5f8d411ff;4500300709;5000300709;TICKET_NUMBER;FUELJFK;400000;MATCHED;0.00;0.00;NONE;a1e25c06-ff03-5667-bd93-da1ba1b6bcc0;1458.4;1.6163;2357.22;WITHIN;
1b3fbad6-9ed2-5b67-b08a-04ea100b3f08;2caab58c-0361-5bed-ab2b-1ccb9eb13c28;700;013573ad-8e1e-50ab-bfd5-140b70dbab8b;Jet A into-plane JFK B61128 24Sep N561JB;4500300710;00010;1648.000;LTR;1.2966;2136.80;U1;19.16;aa21759d-689a-59b2-a18f-a6fac0f93354;74ced217-ead4-5a20-a4df-3dbc7be9f85a;WFS-JFK-403876;4962f6f8-c06b-5659-8c58-21d466428233;4500300710;5000300710;TICKET_NUMBER;FUELJFK;400000;MATCHED;0.00;0.00;NONE;fb2bd47c-89f5-5c48-aa4b-5b0950fb0f27;1321.53;1.6169;2136.8;WITHIN;
9b599977-1ca6-54b7-81b9-1ce37e432ee2;2caab58c-0361-5bed-ab2b-1ccb9eb13c28;710;013573ad-8e1e-50ab-bfd5-140b70dbab8b;Jet A into-plane JFK B6189 25Sep N981JT;4500300777;00010;17831.000;LTR;1.3071;23306.90;U1;207.27;27219ed5-8f50-53d5-96bd-57845e3c1a6f;fd9ec4e0-9819-504e-8cd3-83002f39d259;WFS-JFK-403879;91cfb8b7-198b-5f54-b557-79f925eb4044;4500300777;5000300777;TICKET_NUMBER;FUELJFK;400000;MATCHED;0.00;0.00;NONE;c8305552-bc96-5761-8090-a54ca428c1be;14295.11;1.6304;23306.9;WITHIN;
0411e6da-efcd-551a-93a0-5362050cb067;2caab58c-0361-5bed-ab2b-1ccb9eb13c28;720;013573ad-8e1e-50ab-bfd5-140b70dbab8b;Jet A into-plane JFK B61602 25Sep N3123J;4500300788;00010;1429.000;LTR;1.3071;1867.85;U1;16.61;1bda955f-1208-5564-9cc0-75e81b8dbb89;17bd8700-1409-5c16-a565-c9483ce37748;WFS-JFK-403882;7d52674a-12b5-573d-aa6d-09956813d14f;4500300788;5000300788;TICKET_NUMBER;FUELJFK;400000;MATCHED;0.00;0.00;NONE;d7fcd5aa-5597-524c-a47f-c4aad5be6552;1147.77;1.6274;1867.85;WITHIN;
1ce22e76-4f94-59dd-90c9-e25ced692f03;2caab58c-0361-5bed-ab2b-1ccb9eb13c28;730;013573ad-8e1e-50ab-bfd5-140b70dbab8b;Jet A into-plane JFK B62718 25Sep N3261J;4500300791;00010;625.000;LTR;1.3071;816.94;U1;7.27;8d11d5c5-9c3c-5613-b669-a54a04112655;967dbb6e-2647-5cd2-b4c8-ad6933509cdf;WFS-JFK-403885;c76403fc-e402-54a6-9c15-0d9c7b6d41ec;4500300791;5000300791;TICKET_NUMBER;FUELJFK;400000;MATCHED;0.00;0.00;NONE;9ba3ec6f-180d-5200-9129-cdbfd1d8a94d;500;1.6339;816.94;WITHIN;
66d7a954-8139-57ad-9466-a530e403b076;2caab58c-0361-5bed-ab2b-1ccb9eb13c28;740;013573ad-8e1e-50ab-bfd5-140b70dbab8b;Jet A into-plane JFK B61 25Sep N2039J;4500300792;00010;6268.000;LTR;1.3071;8192.90;U1;72.86;fc2e0ad2-182e-51ac-8b7f-27d2ccd368c3;f3f9ced8-a388-542d-9d88-1327a11762eb;WFS-JFK-403887;7b134b0c-8589-59b2-b945-7efb9470dfae;4500300792;5000300792;TICKET_NUMBER;FUELJFK;400000;MATCHED;0.00;0.00;NONE;071bf80c-dedb-5df8-80a8-3979b719e69b;5022.55;1.6312;8192.9;WITHIN;
14c68b19-fdbc-5f81-8875-32cd69e21adc;2caab58c-0361-5bed-ab2b-1ccb9eb13c28;750;013573ad-8e1e-50ab-bfd5-140b70dbab8b;Jet A into-plane JFK B6411 25Sep N2169J;4500300794;00010;14714.000;LTR;1.3071;19232.67;U1;171.04;d85db0c7-5df5-57e8-aa16-3409d5837e3f;160724a5-5928-5acf-a54f-14e906de04b8;WFS-JFK-403889;606ac2e5-66c3-5e00-93e6-d56b420d3184;4500300794;5000300794;TICKET_NUMBER;FUELJFK;400000;MATCHED;0.00;0.00;NONE;418b2569-89f6-5e3d-b5a7-66effbaf90dd;11802.1;1.6296;19232.67;WITHIN;
853eea31-f73a-588e-80fe-45ba7f847938;2caab58c-0361-5bed-ab2b-1ccb9eb13c28;760;013573ad-8e1e-50ab-bfd5-140b70dbab8b;Jet A into-plane JFK B6523 25Sep N2180J;4500300819;00010;14372.000;LTR;1.3071;18785.64;U1;167.06;ee8dfa24-fe67-51d5-9868-2971fba23686;c9db685e-77b4-5a06-87ff-fae827df2005;WFS-JFK-403892;949afa85-1fa4-5aa8-bcb7-ef11262ee45c;4500300819;5000300819;TICKET_NUMBER;FUELJFK;400000;MATCHED;0.00;0.00;NONE;85f5fb42-c146-51b3-a3ea-617610594dbc;11559.4;1.6251;18785.64;WITHIN;
053e2f22-da50-5443-b237-96876a0e039b;2caab58c-0361-5bed-ab2b-1ccb9eb13c28;770;013573ad-8e1e-50ab-bfd5-140b70dbab8b;Jet A into-plane JFK B61273 25Sep N3195J;4500300840;00010;4083.000;LTR;1.3071;5336.89;U1;47.46;6ff0c3ab-26b2-500f-93af-c2f843594692;13a6d7c6-6cad-55c8-9e91-711fd2a37848;WFS-JFK-403893;ed5e3596-e9cf-547d-888b-0ef73d72dced;4500300840;5000300840;TICKET_NUMBER;FUELJFK;400000;MATCHED;0.00;0.00;NONE;9a8fd741-2640-5927-8678-cc1b81ff3793;3273.75;1.6302;5336.89;WITHIN;
1ae4f040-6de4-522b-a007-8f71b69a2fac;2caab58c-0361-5bed-ab2b-1ccb9eb13c28;780;013573ad-8e1e-50ab-bfd5-140b70dbab8b;Jet A into-plane JFK B61381 25Sep N3308J;4500300846;00010;9371.000;LTR;1.3071;12248.83;U1;108.93;decb2dd7-4311-5e0c-a773-1ca7ef9d9610;6d2a6f4c-44c1-510c-b4bf-3e36e55817d3;WFS-JFK-403896;53bdb343-8a3b-51ed-b2bb-d58aa8d4eed3;4500300846;5000300846;TICKET_NUMBER;FUELJFK;400000;MATCHED;0.00;0.00;NONE;679b10cf-01d2-5b2c-929f-ead9eca18b60;7505.23;1.632;12248.83;WITHIN;
6f033815-916b-5c72-b417-b2d690b560bc;2caab58c-0361-5bed-ab2b-1ccb9eb13c28;790;013573ad-8e1e-50ab-bfd5-140b70dbab8b;Jet A into-plane JFK B6323 25Sep N992JB;4500300851;00010;18047.000;LTR;1.3071;23589.23;U1;209.78;6c9669d1-3f76-5612-9bc2-5c09156b06f4;fc62ea13-d8d5-5977-8b9b-b2f0c8edc65c;WFS-JFK-403897;548b744d-28e0-5273-97f9-7d50220b65f9;4500300851;5000300851;TICKET_NUMBER;FUELJFK;400000;MATCHED;0.00;0.00;NONE;3a05b3d9-f748-5528-aa95-284bf9db9a79;14452.04;1.6322;23589.23;WITHIN;
6f1cc2b5-4aab-5693-9ebe-2d9a15bc0a6b;2caab58c-0361-5bed-ab2b-1ccb9eb13c28;800;013573ad-8e1e-50ab-bfd5-140b70dbab8b;Jet A into-plane JFK B6905 25Sep N3023J;4500300859;00010;4690.000;LTR;1.3071;6130.30;U1;54.52;f64336b4-bcbb-5580-b4d6-66aff73f5f44;7eced7ee-07b1-565e-b2fe-c992963dd5d7;WFS-JFK-403900;f2cbfd9f-b7f9-5bcd-a249-27a00c5f457f;4500300859;5000300859;TICKET_NUMBER;FUELJFK;400000;MATCHED;0.00;0.00;NONE;0156941d-3662-5852-b1e2-0fb1b0a033d1;3766.07;1.6278;6130.3;WITHIN;
d37f5f96-7f1f-5ab1-beb8-21194be751f3;2caab58c-0361-5bed-ab2b-1ccb9eb13c28;810;013573ad-8e1e-50ab-bfd5-140b70dbab8b;Jet A into-plane JFK B61601 25Sep N828JB;4500300868;00010;7375.000;LTR;1.3071;9639.86;U1;85.73;26aeb27e-b95f-549a-91a9-3996412f7ec9;99c95778-32f2-5389-b14b-0d11a58a23a8;WFS-JFK-403903;4bda158e-7d10-5d3c-9c55-083ce8d761b6;4500300868;5000300868;TICKET_NUMBER;FUELJFK;400000;MATCHED;0.00;0.00;NONE;354f8af1-2c19-5c78-b709-606891081b09;5920.65;1.6282;9639.86;WITHIN;
9861fa0c-9912-5c40-8f44-7fc4a21ec2d0;2caab58c-0361-5bed-ab2b-1ccb9eb13c28;820;013573ad-8e1e-50ab-bfd5-140b70dbab8b;Jet A into-plane JFK B61107 25Sep N4058J;4500300890;00010;20177.000;LTR;1.3071;26373.36;U1;234.54;bd69b9ef-28d8-5f21-8ca7-26e9a983d7b1;c6602f3f-af22-5723-ad96-0bc9e57cb0b2;WFS-JFK-403904;97bfbc38-32bd-5506-b0e4-12f9810233a8;4500300890;5000300890;TICKET_NUMBER;FUELJFK;400000;MATCHED;0.00;0.00;NONE;fbfb2c1d-e7c3-5637-a5c5-9646918c0d72;16192.04;1.6288;26373.36;WITHIN;
1145f480-ee74-5287-b20a-88b258a28a21;2caab58c-0361-5bed-ab2b-1ccb9eb13c28;830;013573ad-8e1e-50ab-bfd5-140b70dbab8b;Jet A into-plane JFK B62091 25Sep N3267J;4500300893;00010;1511.000;LTR;1.3071;1975.03;U1;17.56;a0a73bed-3965-5825-965c-106e751de76f;9af9b04b-6504-52c1-a32f-a03ecdc1c2cf;WFS-JFK-403907;d75c6ded-1e28-598e-8047-69a0e5f72b00;4500300893;5000300893;TICKET_NUMBER;FUELJFK;400000;MATCHED;0.00;0.00;NONE;b10ae22f-4e0a-503d-a9bc-963defde0c3b;1209.86;1.6324;1975.03;WITHIN;
5ad76293-69e6-5898-af21-02dfb7e4d30d;2caab58c-0361-5bed-ab2b-1ccb9eb13c28;840;013573ad-8e1e-50ab-bfd5-140b70dbab8b;Jet A into-plane JFK B6117 25Sep N2047J;4500300896;00010;12847.000;LTR;1.3071;16792.31;U1;149.33;27a597d0-0c3a-549c-9c5a-5496d06e57b6;8b567951-6aa9-5441-897c-646a35947553;WFS-JFK-403909;10611acc-0df4-521e-be05-162d0accc105;4500300896;5000300896;TICKET_NUMBER;FUELJFK;400000;MATCHED;0.00;0.00;NONE;03bd7e18-cc75-5116-b309-c21c29380d07;10286.59;1.6324;16792.31;WITHIN;
fbfa4aa2-ae57-544b-90a0-e674ff919ad0;2caab58c-0361-5bed-ab2b-1ccb9eb13c28;850;013573ad-8e1e-50ab-bfd5-140b70dbab8b;Jet A into-plane JFK B6223 25Sep N944JT;4500300909;00010;19291.000;LTR;1.3071;25215.27;U1;224.24;aeb85129-5ddd-51fd-80d9-c7422126e2e9;557c3458-4e5d-58d9-a560-6f023509987c;WFS-JFK-403911;01a231d0-bca1-59e2-87ea-b635703dd766;4500300909;5000300909;TICKET_NUMBER;FUELJFK;400000;MATCHED;0.00;0.00;NONE;5d523789-ad4e-5437-807c-7327fbda881d;15471.38;1.6298;25215.27;WITHIN;
b28583d4-01a7-5898-b582-2b1eb9075bad;2caab58c-0361-5bed-ab2b-1ccb9eb13c28;860;013573ad-8e1e-50ab-bfd5-140b70dbab8b;Jet A into-plane JFK B6503 25Sep N997JL;4500300911;00010;15547.000;LTR;1.3071;20321.48;U1;180.72;ad0b7a4d-d218-5046-940d-8ddbbce0bca2;5a929d33-5c61-59d5-82c7-583ab231c9d8;WFS-JFK-403912;a1ffce58-14a9-5ee3-a1a0-101e40f09f2d;4500300911;5000300911;TICKET_NUMBER;FUELJFK;400000;MATCHED;0.00;0.00;NONE;b15908ab-5392-592f-b849-c0da6f1fa66c;12450.04;1.6322;20321.48;WITHIN;
1f5bf923-efe3-5615-8e6f-0e5235b046b6;2caab58c-0361-5bed-ab2b-1ccb9eb13c28;870;013573ad-8e1e-50ab-bfd5-140b70dbab8b;Jet A into-plane JFK B6183 25Sep N970JB;4500300921;00010;6191.000;LTR;1.3071;8092.26;U1;71.96;b9419626-44dc-5262-b09b-a3bc002683a8;a2c54ec6-9f44-5f8f-9d98-24b831b9ebf3;WFS-JFK-403914;96c3c738-4c78-565e-bfe5-0432104323ce;4500300921;5000300921;TICKET_NUMBER;FUELJFK;400000;MATCHED;0.00;0.00;NONE;d499a20d-1ed6-55d0-8864-a133f467b564;4962.71;1.6306;8092.26;WITHIN;
f1fadc8e-4f7b-580d-8fbb-06ee7d36142d;2caab58c-0361-5bed-ab2b-1ccb9eb13c28;880;013573ad-8e1e-50ab-bfd5-140b70dbab8b;Jet A into-plane JFK B69013 25Sep N948JB;4500300934;00010;5272.000;LTR;1.3071;6891.03;U1;61.28;ca0177f7-0afc-5103-a030-a12d723e9461;9aff90ac-7572-5286-941a-4a84c3e83ee1;WFS-JFK-403916;9ace5186-12ff-581b-930e-a4aee8cf8b16;4500300934;5000300934;TICKET_NUMBER;FUELJFK;400000;MATCHED;0.00;0.00;NONE;685dd7ab-7d63-5cf6-b530-50666332411f;4215.49;1.6347;6891.03;WITHIN;
3b12165e-38ec-5606-be41-6c1ee247ab5f;2caab58c-0361-5bed-ab2b-1ccb9eb13c28;890;013573ad-8e1e-50ab-bfd5-140b70dbab8b;Jet A into-plane JFK B6511 25Sep N561JB;4500300937;00010;17522.000;LTR;1.3071;22903.01;U1;203.68;4d4a4289-cf19-57d6-a101-28d515696787;09c6a08f-bb73-59a0-b074-2e72b728c968;WFS-JFK-403918;6bae439c-c87c-58b0-acaf-1b69727e8f3f;4500300937;5000300937;TICKET_NUMBER;FUELJFK;400000;MATCHED;0.00;0.00;NONE;c566e9c4-a9ff-5a86-870a-7761a4df4783;14077.17;1.627;22903.01;WITHIN;
b781bf1c-6c07-58d1-b111-376da3d4ed95;2caab58c-0361-5bed-ab2b-1ccb9eb13c28;900;013573ad-8e1e-50ab-bfd5-140b70dbab8b;Jet A into-plane JFK B6279 25Sep N523JB;4500300948;00010;20847.000;LTR;1.3071;27249.11;U1;242.33;dd1a70ca-acd6-5009-afbe-1912bd9f4871;a9ee1578-d035-5102-a4d8-cda12c621493;WFS-JFK-403919;7b19f392-475c-5dba-aa8c-d62e3c14ebd3;4500300948;5000300948;TICKET_NUMBER;FUELJFK;400000;MATCHED;0.00;0.00;NONE;679436bd-e46a-58dc-a9dd-9b9e57541f75;16750.56;1.6268;27249.11;WITHIN;
3cda71c1-a359-5f6b-9f5b-d2350e73849a;2caab58c-0361-5bed-ab2b-1ccb9eb13c28;910;013573ad-8e1e-50ab-bfd5-140b70dbab8b;Jet A into-plane JFK B6423 25Sep N943JT;4500300968;00010;18135.000;LTR;1.3071;23704.26;U1;210.80;e3957cf3-c183-5b35-a57a-97c4e7b6adf3;00805111-e533-577e-be82-fc2602e398cd;WFS-JFK-403921;4f220506-f88d-5af3-b7a3-6ba35ad95eeb;4500300968;5000300968;TICKET_NUMBER;FUELJFK;400000;MATCHED;0.00;0.00;NONE;13cce70b-6ba9-5113-a7bb-16b38f702829;14582.35;1.6255;23704.26;WITHIN;
0c522b17-96fb-59fa-ab3a-f72cc293154f;2caab58c-0361-5bed-ab2b-1ccb9eb13c28;920;013573ad-8e1e-50ab-bfd5-140b70dbab8b;Jet A into-plane JFK B62129 25Sep N568JB;4500300987;00010;7136.000;LTR;1.3071;9327.47;U1;82.95;d81371e6-21a1-52e0-afdc-e7d119fd4811;f0ebe171-9ad7-55c6-8e4d-a708df8333f0;WFS-JFK-403922;23841078-8855-5cea-bff4-d0277b2b67c5;4500300987;5000300987;TICKET_NUMBER;FUELJFK;400000;MATCHED;0.00;0.00;NONE;4a518cde-4283-5de0-8bb8-eb0502e85a9d;5723.07;1.6298;9327.47;WITHIN;
7d9e1f51-5bf4-582a-a569-d5b8cf208bbe;2caab58c-0361-5bed-ab2b-1ccb9eb13c28;930;013573ad-8e1e-50ab-bfd5-140b70dbab8b;Jet A into-plane JFK B6225 25Sep N583JB;4500300995;00010;6945.000;LTR;1.3071;9077.81;U1;80.73;a8ea91f2-2079-564f-ba4a-352ec7d489cb;682926b8-aeec-5f1f-9e54-f36db87f3dc8;WFS-JFK-403924;0f78e007-2e13-5832-a90d-a92cb68b5c4d;4500300995;5000300995;TICKET_NUMBER;FUELJFK;400000;MATCHED;0.00;0.00;NONE;a66b44df-6aac-5f0d-912c-61bd1b718c12;5577.53;1.6276;9077.81;WITHIN;
7dcd6f8e-7bcc-5bc3-8708-876442de78df;2caab58c-0361-5bed-ab2b-1ccb9eb13c28;940;013573ad-8e1e-50ab-bfd5-140b70dbab8b;Jet A into-plane JFK B6211 25Sep N947JB;4500301010;00010;16365.000;LTR;1.3071;21390.69;U1;190.23;b17a3108-c109-5e14-a12c-afee3b9dae3e;c9516654-3c5a-5e60-84bd-29122eddd9b7;WFS-JFK-403925;cd63d674-e98d-535b-b096-0d86875266e0;4500301010;5000301010;TICKET_NUMBER;FUELJFK;400000;MATCHED;0.00;0.00;NONE;88136ecf-6d09-579f-a0b9-dd1921d62c9b;13098.55;1.6331;21390.69;WITHIN;
b78696b3-ad8d-5298-8619-d5e3f552c4c2;2caab58c-0361-5bed-ab2b-1ccb9eb13c28;950;013573ad-8e1e-50ab-bfd5-140b70dbab8b;Jet A into-plane JFK B61603 25Sep N635JB;4500301012;00010;17055.000;LTR;1.3071;22292.59;U1;198.25;745ef584-b7fa-508e-abd5-b81748bceb9d;560f5238-7935-5981-9200-c8d86d869a38;WFS-JFK-403927;e7487199-8ccd-5115-8e10-b37636c32118;4500301012;5000301012;TICKET_NUMBER;FUELJFK;400000;MATCHED;0.00;0.00;NONE;a12c3189-35ed-5397-b2bb-65150f1859d2;13644;1.6339;22292.59;WITHIN;
a096b4b4-f6a8-53de-9a49-8a323d4a178d;2caab58c-0361-5bed-ab2b-1ccb9eb13c28;960;013573ad-8e1e-50ab-bfd5-140b70dbab8b;Jet A into-plane JFK B683 25Sep N955JB;4500301032;00010;7083.000;LTR;1.3071;9258.19;U1;82.33;a0a3977e-ce42-5b0c-b4f0-fcc9cf7f57eb;e12d5561-4551-51c2-9c0b-8c2adc9e690f;WFS-JFK-403930;350a182a-5ebe-5afb-9177-00250b12050b;4500301032;5000301032;TICKET_NUMBER;FUELJFK;400000;MATCHED;0.00;0.00;NONE;49e53e1e-1cdf-5d29-8a5e-206177effa8c;5691.19;1.6268;9258.19;WITHIN;
abd01022-68f8-5446-bdbe-09b774504fb1;2caab58c-0361-5bed-ab2b-1ccb9eb13c28;970;013573ad-8e1e-50ab-bfd5-140b70dbab8b;Jet A into-plane JFK B6483 25Sep N2017J;4500301099;00010;5645.000;LTR;1.3071;7378.58;U1;65.62;57d485e2-dc22-594b-875d-c9bfeac77dc9;0e35b5c7-d459-5514-8b40-23963fe13cd2;WFS-JFK-403933;f33bb437-56cb-532d-ad0b-89461e5b80f7;4500301099;5000301099;TICKET_NUMBER;FUELJFK;400000;MATCHED;0.00;0.00;NONE;25fc6b03-c0d7-5bdb-a0d6-c042b69be9de;4524.47;1.6308;7378.58;WITHIN;
26bbc112-9b7f-5f4d-b47e-3fa68c4870f6;2caab58c-0361-5bed-ab2b-1ccb9eb13c28;980;013573ad-8e1e-50ab-bfd5-140b70dbab8b;Jet A into-plane JFK B653 25Sep N2086J;4500301100;00010;6078.000;LTR;1.3071;7944.55;U1;70.65;7f0d3399-ce20-51a2-8e54-c7de985a2fa3;7db4d2f6-43bd-549b-9538-3cb0d81731c7;WFS-JFK-403936;8f6a990a-7b07-56f8-a4f6-d3c3e93f7d91;4500301100;5000301100;TICKET_NUMBER;FUELJFK;400000;MATCHED;0.00;0.00;NONE;5b7a889d-c5ec-596b-9b67-b1e85893da28;4880.63;1.6278;7944.55;WITHIN;
d3f0676c-4306-5f73-b567-0e3859ddb303;2caab58c-0361-5bed-ab2b-1ccb9eb13c28;990;013573ad-8e1e-50ab-bfd5-140b70dbab8b;Jet A into-plane JFK B6419 25Sep N3244J;4500301107;00010;4948.000;LTR;1.3071;6467.53;U1;57.52;b1a6db5d-8db8-5c56-9890-43d839ef869a;7d94a094-8e33-57b7-9350-392bdc6d5b6e;WFS-JFK-403939;55bf659e-6e54-5a20-ac0f-c96e36cbe6c2;4500301107;5000301107;TICKET_NUMBER;FUELJFK;400000;MATCHED;0.00;0.00;NONE;8146d062-5ae5-593a-9b2d-c21cf6e973ef;3963.84;1.6316;6467.53;WITHIN;
602cb299-db40-5dc7-997a-a63ba0dce10d;2caab58c-0361-5bed-ab2b-1ccb9eb13c28;1000;013573ad-8e1e-50ab-bfd5-140b70dbab8b;Jet A into-plane JFK B61211 25Sep N978JB;4500301139;00010;16747.000;LTR;1.3071;21890.00;U1;194.67;c3033a89-907f-5b5f-b8b4-ee9e91dd8508;7b5dd18a-d161-541f-b22d-923c0be267f1;WFS-JFK-403941;cb2b61d8-10cc-50eb-b916-ea832bf98903;4500301139;5000301139;TICKET_NUMBER;FUELJFK;400000;MATCHED;0.00;0.00;NONE;742d9a09-d4ac-50ab-8392-557d6e97ab7d;13449.52;1.6276;21890;WITHIN;
2028cf43-741f-5d8a-a2aa-857965f309c7;2caab58c-0361-5bed-ab2b-1ccb9eb13c28;1010;013573ad-8e1e-50ab-bfd5-140b70dbab8b;Jet A into-plane JFK B61201 25Sep N3185J;4500301157;00010;5936.000;LTR;1.3071;7758.95;U1;69.00;70c77ff5-21d5-5a7b-9d65-54283a607023;933cf0dc-9b75-5881-bf2d-7d29648d431d;WFS-JFK-403943;f6358c27-71ab-5511-b3cf-5768227d05ae;4500301157;5000301157;TICKET_NUMBER;FUELJFK;400000;MATCHED;0.00;0.00;NONE;11fefc2b-d03d-5fa0-8622-d9c16e8b1c44;4773.73;1.6253;7758.95;WITHIN;
9f4dd442-c7c8-5766-8523-7083cddb0ea5;2caab58c-0361-5bed-ab2b-1ccb9eb13c28;1020;013573ad-8e1e-50ab-bfd5-140b70dbab8b;Jet A into-plane JFK B6623 25Sep N2156J;4500301161;00010;14635.000;LTR;1.3071;19129.41;U1;170.12;c7a4a170-17d4-5c04-bfa4-6eeea6911ac4;70780a07-1d73-585e-a919-d6b445e906b8;WFS-JFK-403945;52da50f2-3d80-530c-b632-a50015a11b6f;4500301161;5000301161;TICKET_NUMBER;FUELJFK;400000;MATCHED;0.00;0.00;NONE;f88ed3ab-ed95-5661-8a04-52aa9203a033;11713.85;1.6331;19129.41;WITHIN;
45d6bbb3-41c8-5baa-87cf-8203c2a9a25d;2caab58c-0361-5bed-ab2b-1ccb9eb13c28;1030;013573ad-8e1e-50ab-bfd5-140b70dbab8b;Jet A into-plane JFK B61173 25Sep N821JB;4500301171;00010;4301.000;LTR;1.3071;5621.84;U1;49.99;cdbc1413-0811-5ab0-8696-f2d18705dc2a;9921cc50-3466-5065-aab8-a0dc58ed3c41;WFS-JFK-403948;e4ecf2f1-a936-5530-bc43-0daf369ca7b8;4500301171;5000301171;TICKET_NUMBER;FUELJFK;400000;MATCHED;0.00;0.00;NONE;ed6a9cd1-0575-5d8b-9f4c-08706bf02b8f;3457.57;1.626;5621.84;WITHIN;
bdf56f4e-b6b6-5c11-a970-3ebc631cfb4a;2caab58c-0361-5bed-ab2b-1ccb9eb13c28;1040;013573ad-8e1e-50ab-bfd5-140b70dbab8b;Jet A into-plane JFK B6263 25Sep N591JB;4500301179;00010;16918.000;LTR;1.3071;22113.52;U1;196.65;19760ba7-8796-5b03-9900-d533c04ed675;85148d74-3c5c-5635-9a71-2ab7f3ab07e5;WFS-JFK-403951;9b92cbbc-d531-568c-8b9f-2b2ced8c7a90;4500301179;5000301179;TICKET_NUMBER;FUELJFK;400000;MATCHED;0.00;0.00;NONE;928e39a7-f78b-51d1-81ef-1a02f434e0d0;13531.02;1.6343;22113.52;WITHIN;
d3ab4b0f-0aae-56de-aa4c-74d1ebd34514;2caab58c-0361-5bed-ab2b-1ccb9eb13c28;1050;013573ad-8e1e-50ab-bfd5-140b70dbab8b;Jet A into-plane JFK B61202 25Sep N3308J;4500301180;00010;1439.000;LTR;1.3071;1880.92;U1;16.73;36184a4c-9b24-547f-a25a-ee559935f03a;9ab97fc4-0e5e-5478-8a5d-6714109c9d60;WFS-JFK-403952;ccecd5e7-db73-5c25-99f5-224856e96c1b;4500301180;5000301180;TICKET_NUMBER;FUELJFK;400000;MATCHED;0.00;0.00;NONE;130f5285-25a1-59f0-bad4-693e15011803;1157.1;1.6255;1880.92;WITHIN;
97b77b0a-ed37-51ab-9a9b-fd1afea8833a;2caab58c-0361-5bed-ab2b-1ccb9eb13c28;1060;013573ad-8e1e-50ab-bfd5-140b70dbab8b;Jet A into-plane JFK B6355 25Sep N3189J;4500301201;00010;13634.000;LTR;1.3071;17821.00;U1;158.48;9b3b5466-9c13-5807-9b2a-462d50fec2e6;5b032d00-d310-5352-a9d3-f9d63b0c88a0;WFS-JFK-403954;e194fe4a-aa5d-5f92-a27b-60731b1fead4;4500301201;5000301201;TICKET_NUMBER;FUELJFK;400000;MATCHED;0.00;0.00;NONE;5ace5d0a-3dfd-5564-b84c-dfb947571032;10907.2;1.6339;17821;WITHIN;
7e7d4d4b-0fe9-52cb-8c13-cd35a8e231b7;2caab58c-0361-5bed-ab2b-1ccb9eb13c28;1070;013573ad-8e1e-50ab-bfd5-140b70dbab8b;Jet A into-plane JFK B61189 25Sep N993JE;4500301211;00010;18654.000;LTR;1.3071;24382.64;U1;216.83;7fdf3efa-f1a3-5a58-be84-85ef37c8cb47;10dad724-dd8c-53e7-a02a-fbd93d41f5a2;WFS-JFK-403956;faf1bbec-0974-5b95-a278-1bd5ba1d2fb3;4500301211;5000301211;TICKET_NUMBER;FUELJFK;400000;MATCHED;0.00;0.00;NONE;be12ae2b-8c96-5b10-b3f9-5e5561d5eb65;14988.49;1.6268;24382.64;WITHIN;
ca962fd3-d0cc-51ef-8c8f-dc4db7583c92;2caab58c-0361-5bed-ab2b-1ccb9eb13c28;1080;013573ad-8e1e-50ab-bfd5-140b70dbab8b;Jet A into-plane JFK B6161 25Sep N999JQ;4500301215;00010;18905.000;LTR;1.3071;24710.73;U1;219.75;3d31f8e1-32ae-56a5-b4a2-4c84be4299fe;daee6688-4b79-5116-9f76-b92a5484e3fb;WFS-JFK-403957;8b493cf1-4ed4-5be3-a6dd-aaa5c91511a2;4500301215;5000301215;TICKET_NUMBER;FUELJFK;400000;MATCHED;0.00;0.00;NONE;6dc4a3ac-d710-520d-b1a4-11f9f705683e;15190.17;1.6268;24710.73;WITHIN;
5f086827-ddc1-5c5a-9581-ea3a968e190b;2caab58c-0361-5bed-ab2b-1ccb9eb13c28;1090;013573ad-8e1e-50ab-bfd5-140b70dbab8b;Jet A into-plane JFK B6818 25Sep N3112J;4500301217;00010;1580.000;LTR;1.3071;2065.22;U1;18.37;72cbbc96-a317-541f-a743-723ee1019bb0;5fc7b59a-15d9-533a-a3a9-4cf4c4e3751c;WFS-JFK-403960;4a7bcb45-d8da-5b84-8eff-e0d065e01851;4500301217;5000301217;TICKET_NUMBER;FUELJFK;400000;MATCHED;0.00;0.00;NONE;a5163977-f6c6-591d-9f57-142c801734d1;1269.06;1.6274;2065.22;WITHIN;
82713c8b-fa73-5087-afd2-817d0e06aaf0;2caab58c-0361-5bed-ab2b-1ccb9eb13c28;1100;013573ad-8e1e-50ab-bfd5-140b70dbab8b;Jet A into-plane JFK B6603 25Sep N967JT;4500301223;00010;19210.000;LTR;1.3071;25109.39;U1;223.30;62b5ecda-b623-5459-b24b-fb4bb4e6cfbb;c4e3f38c-2e80-5b11-aa4f-8d0abf02809d;WFS-JFK-403961;38fa3521-5286-5052-ae9f-aa14b81108df;4500301223;5000301223;TICKET_NUMBER;FUELJFK;400000;MATCHED;0.00;0.00;NONE;5808ba57-c5f9-57fa-a7aa-b69ea95431b8;15406.42;1.6298;25109.39;WITHIN;
ffaedf6c-9b1a-54b7-9377-c07606b969fe;2caab58c-0361-5bed-ab2b-1ccb9eb13c28;1110;013573ad-8e1e-50ab-bfd5-140b70dbab8b;Jet A into-plane JFK B665 25Sep N746JB;4500301230;00010;14229.000;LTR;1.3071;18598.73;U1;165.40;3ab29056-70a7-51b7-8b8b-64ac81fb1d0f;0aa0a56d-3dbb-5a3b-9bf1-121ee8b6a9e6;WFS-JFK-403963;aef34a60-788c-58aa-92ff-5cd01b874194;4500301230;5000301230;TICKET_NUMBER;FUELJFK;400000;MATCHED;0.00;0.00;NONE;4f85c0e3-c20e-59a1-9f40-593801fd6cbf;11397.43;1.6318;18598.73;WITHIN;
cad7ddb8-de31-5a46-a442-ed5e46759063;2caab58c-0361-5bed-ab2b-1ccb9eb13c28;1120;013573ad-8e1e-50ab-bfd5-140b70dbab8b;Jet A into-plane JFK B61801 25Sep N959JB;4500301241;00010;7950.000;LTR;1.3071;10391.44;U1;92.41;016cec32-e44a-5635-b8ed-022857d5182b;0a40bf5d-893e-5c0b-9a8f-dea48e44e7f5;WFS-JFK-403966;9e0ef299-604e-508f-a224-32902012d1e8;4500301241;5000301241;TICKET_NUMBER;FUELJFK;400000;MATCHED;0.00;0.00;NONE;42b3076e-2b9a-56e9-8e1c-83ad38a87914;6363.18;1.6331;10391.44;WITHIN;
3ddfeea1-7ade-5ba8-b605-406c29e627ac;2caab58c-0361-5bed-ab2b-1ccb9eb13c28;1130;013573ad-8e1e-50ab-bfd5-140b70dbab8b;Jet A into-plane JFK B68379 25Sep N4022J;4500301282;00010;625.000;LTR;1.3071;816.94;U1;7.27;0d7a7443-dce8-5f43-90b2-283f9a25ba4b;1be54970-a137-5f63-b099-8ae6839f8870;WFS-JFK-403968;cb4a4ac9-d0ca-59ff-90d0-7cb4bd05eda0;4500301282;5000301282;TICKET_NUMBER;FUELJFK;400000;MATCHED;0.00;0.00;NONE;67b61aaa-aaae-5fcb-bd95-b94cac20f900;499.81;1.6345;816.94;WITHIN;
aa22e4d0-7a35-56d4-8018-333605762816;2caab58c-0361-5bed-ab2b-1ccb9eb13c28;1140;013573ad-8e1e-50ab-bfd5-140b70dbab8b;Jet A into-plane JFK B6515 25Sep N987JT;4500301285;00010;21687.000;LTR;1.3071;28347.08;U1;252.09;7cd32c6e-d8fa-50e3-b988-671c86db58ad;e8b4ae0e-d69b-599b-b424-be5ef327e322;WFS-JFK-403971;db82e28c-dfd8-58f6-82ba-5ddc77dfe105;4500301285;5000301285;TICKET_NUMBER;FUELJFK;400000;MATCHED;0.00;0.00;NONE;ac6e3cee-43b9-5f04-9fb3-e8410a4b7f57;17429.84;1.6264;28347.08;WITHIN;
f966677a-d13f-523e-a4ee-34dc2e358cf1;2caab58c-0361-5bed-ab2b-1ccb9eb13c28;1150;013573ad-8e1e-50ab-bfd5-140b70dbab8b;Jet A into-plane JFK B62768 25Sep N3115J;4500301322;00010;3674.000;LTR;1.3071;4802.29;U1;42.71;bd40168a-9b62-587e-bbc1-7b821e2b8d7e;92ce23a1-47f9-5a4c-ac84-b5c049e0f9f9;WFS-JFK-403973;e23f6d29-c9c7-5795-b23c-f9442c9b1228;4500301322;5000301322;TICKET_NUMBER;FUELJFK;400000;MATCHED;0.00;0.00;NONE;403f426b-6d7f-5878-b076-c7217321385d;2939.57;1.6337;4802.29;WITHIN;
9ac14547-ead0-53d0-af7d-5f0b99c46919;2caab58c-0361-5bed-ab2b-1ccb9eb13c28;1160;013573ad-8e1e-50ab-bfd5-140b70dbab8b;Jet A into-plane JFK B61223 25Sep N981JT;4500301323;00010;18846.000;LTR;1.3071;24633.61;U1;219.07;18a40562-6f35-5c0a-80ae-5d48de213f8c;a26c8f4a-111a-58b7-bf8e-b5b93d61c882;WFS-JFK-403974;94042e0b-40ca-57c9-8179-e39e2634ad82;4500301323;5000301323;TICKET_NUMBER;FUELJFK;400000;MATCHED;0.00;0.00;NONE;04075da6-2d25-5040-b23e-f3eff1603997;15097.53;1.6316;24633.61;WITHIN;
6c009382-acc2-58ff-9f7e-d5725ee74e1d;2caab58c-0361-5bed-ab2b-1ccb9eb13c28;1170;013573ad-8e1e-50ab-bfd5-140b70dbab8b;Jet A into-plane JFK B6185 25Sep N565JB;4500301332;00010;3901.000;LTR;1.3071;5099.00;U1;45.35;0bafff2d-7dd9-5246-8091-4245814e91c0;f2e29213-c632-5da1-a324-143fb4cf9ab2;WFS-JFK-403977;a819919f-bc7f-580d-bcbd-98f15cebbd43;4500301332;5000301332;TICKET_NUMBER;FUELJFK;400000;MATCHED;0.00;0.00;NONE;a2cdfbee-dc1a-5d3d-afde-492fc3226182;3136.79;1.6255;5099;WITHIN;
f23a0946-7e7d-584b-baa3-9c52978dd0a4;2caab58c-0361-5bed-ab2b-1ccb9eb13c28;1180;013573ad-8e1e-50ab-bfd5-140b70dbab8b;Jet A into-plane JFK B6820 25Sep N766JB;4500301334;00010;4595.000;LTR;1.3071;6006.12;U1;53.41;3eb39ece-5c9f-5e9b-8fca-8332ad6620a8;1ad6590e-e358-5884-9e50-a4f6c745e008;WFS-JFK-403979;ab5a34af-50e9-59ec-ad5e-743a7bebea52;4500301334;5000301334;TICKET_NUMBER;FUELJFK;400000;MATCHED;0.00;0.00;NONE;eac395cc-8426-551e-8a84-6e7d47d5e6b8;3687.95;1.6286;6006.12;WITHIN;
3511d209-2cca-50a8-ab6f-a10f71c3764d;2caab58c-0361-5bed-ab2b-1ccb9eb13c28;1190;013573ad-8e1e-50ab-bfd5-140b70dbab8b;Jet A into-plane JFK B673 25Sep N2180J;4500301340;00010;19505.000;LTR;1.3071;25494.99;U1;226.73;bee13173-acb1-569b-9554-7e49282c96f0;62f3e20f-5e6f-582f-b482-ae79e579fdce;WFS-JFK-403981;600cff4c-b72c-5b72-9138-326d5d790e6f;4500301340;5000301340;TICKET_NUMBER;FUELJFK;400000;MATCHED;0.00;0.00;NONE;c6c24093-a566-5b2c-ada2-61fd45fd0950;15664.47;1.6276;25494.99;WITHIN;
f5c5b5e4-a24f-5b36-a84f-94e9707c36bb;2caab58c-0361-5bed-ab2b-1ccb9eb13c28;1200;013573ad-8e1e-50ab-bfd5-140b70dbab8b;Jet A into-plane JFK B6923 25Sep N962JT;4500301343;00010;18324.000;LTR;1.3071;23951.30;U1;213.00;370f955f-35a0-5c4c-8b6b-0fb309d8de68;49a71769-31bb-5eff-a722-28d6e35eae83;WFS-JFK-403984;0434380e-59fd-56c4-b2eb-6a0989c1270f;4500301343;5000301343;TICKET_NUMBER;FUELJFK;400000;MATCHED;0.00;0.00;NONE;2464fea8-e190-5bbe-9654-882c0028a387;14657.37;1.6341;23951.3;WITHIN;
64a9e815-005c-501a-8ddd-017662f714e0;2caab58c-0361-5bed-ab2b-1ccb9eb13c28;1210;013573ad-8e1e-50ab-bfd5-140b70dbab8b;Jet A into-plane JFK B61516 25Sep N3291J;4500301352;00010;748.000;LTR;1.3071;977.71;U1;8.69;ef9e5b38-4055-5f9b-91ff-8c2570266fc8;42ee2c2b-f03e-5e49-8755-de21a598b781;WFS-JFK-403985;e1ed2750-28a2-5782-bd88-1fd072511a02;4500301352;5000301352;TICKET_NUMBER;FUELJFK;400000;MATCHED;0.00;0.00;NONE;063608ce-be9d-5106-8f28-222d8c6833d6;601.02;1.6268;977.71;WITHIN;
7ce71478-34c8-5a52-9bea-8bb5651128cd;2caab58c-0361-5bed-ab2b-1ccb9eb13c28;1220;013573ad-8e1e-50ab-bfd5-140b70dbab8b;Jet A into-plane JFK B6102 25Sep N3308J;4500301353;00010;2713.000;LTR;1.3071;3546.16;U1;31.54;9a54096e-ad33-54ba-a6e1-149bcc6b5ec5;79772ab1-a69f-580e-b1cc-d9b96901bc97;WFS-JFK-403986;3a58c806-6780-559d-82a4-7f922da472ed;4500301353;5000301353;TICKET_NUMBER;FUELJFK;400000;MATCHED;0.00;0.00;NONE;0cfe0bd2-2103-5e6f-a1c2-f9bc6957b7ea;2180.17;1.6266;3546.16;WITHIN;
4c70fbfd-ffae-5e14-a0a5-7daa5e227517;2caab58c-0361-5bed-ab2b-1ccb9eb13c28;1230;013573ad-8e1e-50ab-bfd5-140b70dbab8b;Jet A into-plane JFK B61195 25Sep N3244J;4500301354;00010;2376.000;LTR;1.3071;3105.67;U1;27.62;257ac653-360f-5752-8106-bed6df083bad;762da05a-8a45-5f2c-ad7d-9d067a8f414d;WFS-JFK-403987;bbbe0e51-636e-5cb4-b339-89b6a5fb1720;4500301354;5000301354;TICKET_NUMBER;FUELJFK;400000;MATCHED;0.00;0.00;NONE;86139697-c440-59ac-823b-06576f761cd3;1907.22;1.6284;3105.67;WITHIN;
39c97fcc-2e4c-55fb-91bf-383e6e58fff3;2caab58c-0361-5bed-ab2b-1ccb9eb13c28;1240;013573ad-8e1e-50ab-bfd5-140b70dbab8b;Jet A into-plane JFK B61411 26Sep N983JT;4500301355;00010;16735.000;LTR;1.3151;22008.20;U1;194.53;7b5b9873-839b-5b00-af63-3f1b7289fb10;cf66365f-df49-541b-9944-3c8c01e89a18;WFS-JFK-403988;1f71316d-e086-523e-8b17-deb8abf91366;4500301355;5000301355;TICKET_NUMBER;FUELJFK;400000;MATCHED;0.00;0.00;NONE;82afedfb-b39b-5705-aad8-e909e4f82657;13366.24;1.6466;22008.2;WITHIN;
723db2f1-09cb-5315-98bc-4c7491426d18;2caab58c-0361-5bed-ab2b-1ccb9eb13c28;1250;013573ad-8e1e-50ab-bfd5-140b70dbab8b;Jet A into-plane JFK B61128 26Sep N618JB;4500301358;00010;2078.000;LTR;1.3151;2732.78;U1;24.15;807ddda3-cdff-5c7b-9df2-39ce5a46eb80;27d0b909-c4ba-5be1-ba2a-e6e91958c326;WFS-JFK-403989;02466901-7a00-5ef0-b7e8-1cd62413496e;4500301358;5000301358;TICKET_NUMBER;FUELJFK;400000;MATCHED;0.00;0.00;NONE;031f60a3-3d65-5f69-8ddd-c9e60b2a2184;1663.44;1.6428;2732.78;WITHIN;
35a8d3b7-4088-5c0f-9d70-cdfca0e62bca;2caab58c-0361-5bed-ab2b-1ccb9eb13c28;1260;013573ad-8e1e-50ab-bfd5-140b70dbab8b;Jet A into-plane JFK B6189 26Sep N947JB;4500301410;00010;18752.000;LTR;1.3151;24660.76;U1;217.97;3e31072c-ad95-578d-a512-7e33807c6f29;1ea62e06-3ada-5fad-9c81-2677b68f75be;WFS-JFK-403990;800ec6fb-6110-55bd-8f20-11df3573fade;4500301410;5000301410;TICKET_NUMBER;FUELJFK;400000;MATCHED;0.00;0.00;NONE;b881b39c-704c-5912-98a2-3ec8bf72c6e1;15012.85;1.6426;24660.76;WITHIN;
5b913929-0f69-5b4b-8096-0881d4bd7b77;2caab58c-0361-5bed-ab2b-1ccb9eb13c28;1270;013573ad-8e1e-50ab-bfd5-140b70dbab8b;Jet A into-plane JFK B61602 26Sep N3113J;4500301421;00010;1950.000;LTR;1.3151;2564.44;U1;22.67;f32cb8dc-33b1-5763-8398-d7f0add2834f;197b80dd-a845-52e1-a4d9-80be25fe9f32;WFS-JFK-403993;e9d32cc9-2b33-576b-ba37-d36eb5a9524d;4500301421;5000301421;TICKET_NUMBER;FUELJFK;400000;MATCHED;0.00;0.00;NONE;c0c3767b-40c4-5a9a-99b5-ca5606dafca3;1555.71;1.6484;2564.44;WITHIN;
3fa54171-decf-5777-bf86-dd4188bf081c;2caab58c-0361-5bed-ab2b-1ccb9eb13c28;1280;013573ad-8e1e-50ab-bfd5-140b70dbab8b;Jet A into-plane JFK B62718 26Sep N3276J;4500301425;00010;2300.000;LTR;1.3151;3024.73;U1;26.74;34f1fcff-4910-5bf4-8454-7dfea4f2acbd;4a7f1d1b-f9e0-53fb-859a-31f9953be2da;WFS-JFK-403995;0e9d846b-10da-5397-a34c-ca698dc4cdd2;4500301425;5000301425;TICKET_NUMBER;FUELJFK;400000;MATCHED;0.00;0.00;NONE;7841450a-c12a-5519-9bb2-5ef9ad21db1e;1840;1.6439;3024.73;WITHIN;
9ce19635-1af4-5350-8c92-f7003f411e21;2caab58c-0361-5bed-ab2b-1ccb9eb13c28;1290;013573ad-8e1e-50ab-bfd5-140b70dbab8b;Jet A into-plane JFK B6411 26Sep N2156J;4500301434;00010;14461.000;LTR;1.3151;19017.66;U1;168.09;7f73e4f6-7662-5d18-bfe8-1b0056cb3ab0;61ada930-a0f7-5b73-836f-7667ee5b4c1f;WFS-JFK-403997;f3568cdd-f2c8-5ed0-bfcd-2f9b2a2a9fa2;4500301434;5000301434;TICKET_NUMBER;FUELJFK;400000;MATCHED;0.00;0.00;NONE;d2fa2e76-068d-5907-8952-bd4f126db987;11577.48;1.6426;19017.66;WITHIN;
09dd568e-78f3-5c0e-9fc1-f804b227ce0a;2caab58c-0361-5bed-ab2b-1ccb9eb13c28;1300;013573ad-8e1e-50ab-bfd5-140b70dbab8b;Jet A into-plane JFK B61273 26Sep N3221J;4500301499;00010;3723.000;LTR;1.3151;4896.12;U1;43.28;42a46325-fde3-541a-bc94-94a26adf3984;2b765c71-c427-5473-818e-edfa4b5ed90e;WFS-JFK-403999;7f484874-ab2d-587c-8804-422ae6604abc;4500301499;5000301499;TICKET_NUMBER;FUELJFK;400000;MATCHED;0.00;0.00;NONE;e2745d0c-2b7d-5793-90fe-1561e332c4c0;2970.58;1.6482;4896.12;WITHIN;
8a6fb7bf-b488-5460-b951-55fa97774a09;2caab58c-0361-5bed-ab2b-1ccb9eb13c28;1310;013573ad-8e1e-50ab-bfd5-140b70dbab8b;Jet A into-plane JFK B6223 26Sep N2199J;4500301504;00010;15513.000;LTR;1.3151;20401.15;U1;180.32;916efacb-20ad-5a70-bb9e-51a20c756165;767ea9d9-acc7-53f5-8e95-cabdcc59ae4c;WFS-JFK-404000;2de06545-6eb6-57f3-9a39-eabd72257d8b;4500301504;5000301504;TICKET_NUMBER;FUELJFK;400000;MATCHED;0.00;0.00;NONE;372c1565-43b6-5213-b61c-1fc452b8275e;12396.44;1.6457;20401.15;WITHIN;
a429559c-6947-5621-b2f2-77d493620a75;2caab58c-0361-5bed-ab2b-1ccb9eb13c28;1320;013573ad-8e1e-50ab-bfd5-140b70dbab8b;Jet A into-plane JFK B61381 26Sep N3104J;4500301505;00010;7417.000;LTR;1.3151;9754.10;U1;86.22;47b7537b-85b4-5323-8f7b-65bfcec97acb;8b08e22d-a455-5719-a493-165b3cdee08a;WFS-JFK-404003;8af69d17-e8c6-5736-802d-365ae2d017c3;4500301505;5000301505;TICKET_NUMBER;FUELJFK;400000;MATCHED;0.00;0.00;NONE;d9c08331-02aa-508f-80fe-76e727537b8d;5931.37;1.6445;9754.1;WITHIN;
f3b5f471-0b93-51a8-be0f-05244708e658;2caab58c-0361-5bed-ab2b-1ccb9eb13c28;1330;013573ad-8e1e-50ab-bfd5-140b70dbab8b;Jet A into-plane JFK B61107 26Sep N4022J;4500301513;00010;18526.000;LTR;1.3151;24363.54;U1;215.35;fa155025-f0d8-5633-bff3-826c7f14c89b;2d5236dc-f387-54c5-a06f-22d209f68052;WFS-JFK-404006;ec209cce-95de-527f-8e3f-8135a4a0828e;4500301513;5000301513;TICKET_NUMBER;FUELJFK;400000;MATCHED;0.00;0.00;NONE;1cbfe3c0-12b7-52b7-8d98-6f159ca1d615;14818.95;1.6441;24363.54;WITHIN;
1e1bd202-1e71-59e5-94a4-b4d74915d4e1;2caab58c-0361-5bed-ab2b-1ccb9eb13c28;1340;013573ad-8e1e-50ab-bfd5-140b70dbab8b;Jet A into-plane JFK B6905 26Sep N3291J;4500301526;00010;4711.000;LTR;1.3151;6195.44;U1;54.76;50d192f0-7647-5fba-85a2-a86716bbac0f;83f46520-8d6a-56f4-b658-40db75c8c8bc;WFS-JFK-404009;66387435-6854-58d6-b1c8-223c0075c1d7;4500301526;5000301526;TICKET_NUMBER;FUELJFK;400000;MATCHED;0.00;0.00;NONE;5bcbb408-73d9-54bf-9d02-402d5693836e;3762.2;1.6468;6195.44;WITHIN;
78388bd1-400a-5a6c-a41d-c23b7c213f9d;2caab58c-0361-5bed-ab2b-1ccb9eb13c28;1350;013573ad-8e1e-50ab-bfd5-140b70dbab8b;Jet A into-plane JFK B61601 26Sep N638JB;4500301527;00010;7583.000;LTR;1.3151;9972.40;U1;88.14;f9612bdc-d401-5c7c-85eb-b5e1deae9729;81cc2a15-df67-51d1-8bfe-d6d9ed832b05;WFS-JFK-404011;571c1eb7-3912-5d6a-80b3-013db4c246e5;4500301527;5000301527;TICKET_NUMBER;FUELJFK;400000;MATCHED;0.00;0.00;NONE;8a53c93b-650d-51af-8924-4b21f66bd671;6065.64;1.6441;9972.4;WITHIN;
a38353f5-d4bb-5fbb-90d7-298701d103c8;2caab58c-0361-5bed-ab2b-1ccb9eb13c28;1360;013573ad-8e1e-50ab-bfd5-140b70dbab8b;Jet A into-plane JFK B6117 26Sep N2043J;4500301542;00010;14335.000;LTR;1.3151;18851.96;U1;166.63;20e173d3-a4b8-52ce-b498-fc9cb586e791;1841efcc-ef27-5492-b338-009f88ffb02c;WFS-JFK-404013;d77c6aeb-df9b-5951-b035-65931cb6bce3;4500301542;5000301542;TICKET_NUMBER;FUELJFK;400000;MATCHED;0.00;0.00;NONE;b6aaeaf6-5809-5ce7-9ea9-8f7ca1549dcc;11423.56;1.6503;18851.96;WITHIN;
99aa90a8-01e0-56ca-9cb0-4524b5051389;2caab58c-0361-5bed-ab2b-1ccb9eb13c28;1370;013573ad-8e1e-50ab-bfd5-140b70dbab8b;Jet A into-plane JFK B6503 26Sep N996JL;4500301560;00010;11382.000;LTR;1.3151;14968.47;U1;132.30;054a2fcb-ba06-5695-8ed2-990e237a6a60;ddf4ac2d-025d-5d0f-99c6-2662b4b3dab3;WFS-JFK-404014;b15f77f6-5460-5b7c-980c-9dd326529c2c;4500301560;5000301560;TICKET_NUMBER;FUELJFK;400000;MATCHED;0.00;0.00;NONE;548a4e49-04b5-5703-b3a2-cfa8252394c0;9081.7;1.6482;14968.47;WITHIN;
fe38f20d-1caf-58d2-b32f-5e84b325df2a;2caab58c-0361-5bed-ab2b-1ccb9eb13c28;1380;013573ad-8e1e-50ab-bfd5-140b70dbab8b;Jet A into-plane JFK B61 26Sep N2084J;4500301563;00010;5797.000;LTR;1.3151;7623.63;U1;67.38;20aa27a9-50f0-5f0f-a436-4dfe6d31b366;72c25578-f7d0-5ddb-8b3c-7fd346c3d71f;WFS-JFK-404016;3a68901e-f647-5b71-b24a-a627c2d6e628;4500301563;5000301563;TICKET_NUMBER;FUELJFK;400000;MATCHED;0.00;0.00;NONE;17050b95-677d-5737-90b1-9ceb4617a678;4627.75;1.6474;7623.63;WITHIN;
1d238f12-8561-5cba-bda0-9a522a0d3f15;2caab58c-0361-5bed-ab2b-1ccb9eb13c28;1390;013573ad-8e1e-50ab-bfd5-140b70dbab8b;Jet A into-plane JFK B6225 26Sep N3121J;4500301573;00010;7051.000;LTR;1.3151;9272.77;U1;81.96;8d8f7b5c-9cac-5ded-835f-47b570c49ff2;ff24de98-ea78-535d-aff1-2c89c95dc2f6;WFS-JFK-404019;71556d6d-83e0-519f-9fe6-ec7788529ae3;4500301573;5000301573;TICKET_NUMBER;FUELJFK;400000;MATCHED;0.00;0.00;NONE;1a065c50-f54e-57a5-af45-e628c420ee00;5616.83;1.6509;9272.77;WITHIN;
ff3d104f-3a83-5435-b6f5-cf698d8f7bfa;2caab58c-0361-5bed-ab2b-1ccb9eb13c28;1400;013573ad-8e1e-50ab-bfd5-140b70dbab8b;Jet A into-plane JFK B6183 26Sep N950JT;4500301575;00010;6420.000;LTR;1.3151;8442.94;U1;74.63;31f126a2-c655-5cd8-b152-9eed8a6eb7d4;39b20111-3e5c-51b6-9d98-932ae6c91f1a;WFS-JFK-404022;d537c336-8e81-55e3-bb2a-d5825fde1665;4500301575;5000301575;TICKET_NUMBER;FUELJFK;400000;MATCHED;0.00;0.00;NONE;04b921c9-ad77-5ba5-aa8d-4f50c36923d6;5120.59;1.6488;8442.94;WITHIN;
f33f03e3-9d33-5565-b624-331a8e342c1f;2caab58c-0361-5bed-ab2b-1ccb9eb13c28;1410;013573ad-8e1e-50ab-bfd5-140b70dbab8b;Jet A into-plane JFK B6279 26Sep N565JB;4500301576;00010;19735.000;LTR;1.3151;25953.50;U1;229.40;2e0abaca-5249-5c5c-b663-cc6cbf1e1a69;f201862b-243b-554b-8588-5572aadf8643;WFS-JFK-404023;dfe3146f-1fd9-571c-a7df-3986adaba83b;4500301576;5000301576;TICKET_NUMBER;FUELJFK;400000;MATCHED;0.00;0.00;NONE;a92284f2-8f8c-5beb-a410-4c6cf6637d8d;15750.5;1.6478;25953.5;WITHIN;
ca65c9de-edae-52bc-92c6-a6897e23f91a;2caab58c-0361-5bed-ab2b-1ccb9eb13c28;1420;013573ad-8e1e-50ab-bfd5-140b70dbab8b;Jet A into-plane JFK B62129 26Sep N591JB;4500301596;00010;7302.000;LTR;1.3151;9602.86;U1;84.88;2f1104f8-a3d3-5109-9dd3-d207a0f4e854;d583f1db-8252-55a6-a95d-de866537b1bb;WFS-JFK-404024;9ea9a5c9-6428-524e-994e-fce168843d79;4500301596;5000301596;TICKET_NUMBER;FUELJFK;400000;MATCHED;0.00;0.00;NONE;aadf1d31-2793-56c8-8ea4-3a0b10d579d7;5837.95;1.6449;9602.86;WITHIN;
9c9d02c4-3354-5a1d-bac8-1d9cae3a6567;2caab58c-0361-5bed-ab2b-1ccb9eb13c28;1430;013573ad-8e1e-50ab-bfd5-140b70dbab8b;Jet A into-plane JFK B6477 26Sep N3185J;4500301617;00010;6359.000;LTR;1.3151;8362.72;U1;73.92;11363345-68ab-593f-bc84-b635fa55b34f;4c414739-8303-518c-88ac-ccb454b0ed29;WFS-JFK-404025;5031e31a-bf75-5279-9e03-ec6b78f06d63;4500301617;5000301617;TICKET_NUMBER;FUELJFK;400000;MATCHED;0.00;0.00;NONE;6bbb05ec-9d12-5a64-bd61-fd9088c72807;5090.38;1.6428;8362.72;WITHIN;
3ee3b632-376b-52a9-b26d-b9b120fd02c9;2caab58c-0361-5bed-ab2b-1ccb9eb13c28;1440;013573ad-8e1e-50ab-bfd5-140b70dbab8b;Jet A into-plane JFK B6211 26Sep N968JT;4500301618;00010;17060.000;LTR;1.3151;22435.61;U1;198.31;8b31a347-92b5-510a-8ab5-98bafdad910e;714f97a3-f05c-5d0e-954c-1acb10b0da2f;WFS-JFK-404028;dfc46741-e86f-5d15-8456-6338348fa43c;4500301618;5000301618;TICKET_NUMBER;FUELJFK;400000;MATCHED;0.00;0.00;NONE;ccc649d2-7f9f-5689-9a52-041f43c09fc7;13591.7;1.6507;22435.61;WITHIN;
381ab465-541b-5ec7-8bc4-d382a0b2c44c;2caab58c-0361-5bed-ab2b-1ccb9eb13c28;1450;013573ad-8e1e-50ab-bfd5-140b70dbab8b;Jet A into-plane JFK B683 26Sep N2017J;4500301621;00010;5917.000;LTR;1.3151;7781.45;U1;68.78;3dc33a74-9de8-5df4-8af7-0d8ad81e1087;0fd0b936-b476-5eb6-8e61-96a3ca12500b;WFS-JFK-404031;150a3b67-9402-5695-95a7-63c5cdb8d425;4500301621;5000301621;TICKET_NUMBER;FUELJFK;400000;MATCHED;0.00;0.00;NONE;819e4fd1-bd52-58b6-836a-6ddebb699e11;4735.38;1.6433;7781.45;WITHIN;
8ae562ae-c509-5ad0-9a77-0c8511d397bf;2caab58c-0361-5bed-ab2b-1ccb9eb13c28;1460;013573ad-8e1e-50ab-bfd5-140b70dbab8b;Jet A into-plane JFK B61603 26Sep N903JB;4500301622;00010;14662.000;LTR;1.3151;19282.00;U1;170.43;8af7cdc9-759c-5753-a018-227329944c79;094e1945-f3c9-5955-9e79-a85287399fb4;WFS-JFK-404032;abd7967e-7ba1-5876-a778-17b6a79aeb04;4500301622;5000301622;TICKET_NUMBER;FUELJFK;400000;MATCHED;0.00;0.00;NONE;8302345b-c523-544e-bc8f-d98483c7ae11;11712.01;1.6463;19282;WITHIN;
7aaacda6-3027-5d81-b27e-fe5fc2d12b64;2caab58c-0361-5bed-ab2b-1ccb9eb13c28;1470;013573ad-8e1e-50ab-bfd5-140b70dbab8b;Jet A into-plane JFK B61223 26Sep N969JT;4500301633;00010;18576.000;LTR;1.3151;24429.30;U1;215.93;b6f486b7-f999-5d54-987b-bd759ae858ad;73bd6ad0-28e6-5268-83d9-a6c5af46bddd;WFS-JFK-404035;803011ab-a6bf-5e32-97c6-058a69bd6d93;4500301633;5000301633;TICKET_NUMBER;FUELJFK;400000;MATCHED;0.00;0.00;NONE;8cf06702-fd19-5569-b863-e4d2f6f668ae;14858.94;1.6441;24429.3;WITHIN;
860abfb2-7126-5a50-931c-d62d69ca29c0;2caab58c-0361-5bed-ab2b-1ccb9eb13c28;1480;013573ad-8e1e-50ab-bfd5-140b70dbab8b;Jet A into-plane JFK B653 26Sep N959JB;4500301684;00010;7807.000;LTR;1.3151;10266.99;U1;90.75;c77c719e-5c53-56b5-9f2f-2408b4629af9;61da6a74-d278-5fe0-8e2f-0f035c186d75;WFS-JFK-404038;705d831c-76ea-5f94-bbdc-f11da55648ee;4500301684;5000301684;TICKET_NUMBER;FUELJFK;400000;MATCHED;0.00;0.00;NONE;278e0383-ad6e-5e4a-98ce-d064dab22762;6248.72;1.6431;10266.99;WITHIN;
1e9f3a2d-09d3-5130-9439-927c9aa133df;2caab58c-0361-5bed-ab2b-1ccb9eb13c28;1490;013573ad-8e1e-50ab-bfd5-140b70dbab8b;Jet A into-plane JFK B6483 26Sep N2016J;4500301698;00010;6233.000;LTR;1.3151;8197.02;U1;72.45;e9154f9d-e7b8-55d4-8378-20090bb76495;86cad2f9-7dd8-5791-985c-355873370ea8;WFS-JFK-404040;a46cf789-d1ad-5d3b-b1bf-4cdecce29ce8;4500301698;5000301698;TICKET_NUMBER;FUELJFK;400000;MATCHED;0.00;0.00;NONE;08fccd9c-32b0-5572-9e4d-82bb47e48404;4984.53;1.6445;8197.02;WITHIN;
04e4c5dc-fef8-585b-b388-2d0205b1c06e;2caab58c-0361-5bed-ab2b-1ccb9eb13c28;1500;013573ad-8e1e-50ab-bfd5-140b70dbab8b;Jet A into-plane JFK B61256 26Sep N2048J;4500301709;00010;4300.000;LTR;1.3151;5654.93;U1;49.98;ac4dfa29-f80d-58f9-b360-7fef19871ceb;268e2324-1da7-52e5-9bd7-98995aa00114;WFS-JFK-404042;8b4f7fca-0505-5eec-b18e-ae54b55cd503;4500301709;5000301709;TICKET_NUMBER;FUELJFK;400000;MATCHED;0.00;0.00;NONE;b98e4135-e3f6-5021-8ba1-c862f5904f8f;3426.24;1.6505;5654.93;WITHIN;
ed1656ac-4473-56fb-a6a4-9f1911cc6a52;2caab58c-0361-5bed-ab2b-1ccb9eb13c28;1510;013573ad-8e1e-50ab-bfd5-140b70dbab8b;Jet A into-plane JFK B6419 26Sep N3085J;4500301715;00010;3886.000;LTR;1.3151;5110.48;U1;45.17;6229b697-b724-5869-902e-bcd649dbc88c;9a7deccc-844f-52bb-9f11-975283431c6b;WFS-JFK-404045;55952fc4-a165-51c2-83e3-03ce58122c2a;4500301715;5000301715;TICKET_NUMBER;FUELJFK;400000;MATCHED;0.00;0.00;NONE;3a78663d-575c-5e7c-9755-3d565c758558;3099.47;1.6488;5110.48;WITHIN;
0dde867c-98c3-5e3d-b865-47fe348d03f1;2caab58c-0361-5bed-ab2b-1ccb9eb13c28;1520;013573ad-8e1e-50ab-bfd5-140b70dbab8b;Jet A into-plane JFK B6803 26Sep N2038J;4500301720;00010;10680.000;LTR;1.3151;14045.27;U1;124.14;4af2ad91-814a-5310-806a-ac93453ee8c6;c64f7b46-abbf-5448-a29c-907d406dd322;WFS-JFK-404047;6a572bd8-6db5-53ba-9caa-43a3e2c3b40c;4500301720;5000301720;TICKET_NUMBER;FUELJFK;400000;MATCHED;0.00;0.00;NONE;04fd18c7-6646-5174-bbd1-d75b7b086831;8554.68;1.6418;14045.27;WITHIN;
79015f17-7ca8-5950-a318-f08cff943f03;2caab58c-0361-5bed-ab2b-1ccb9eb13c28;1530;013573ad-8e1e-50ab-bfd5-140b70dbab8b;Jet A into-plane JFK B61201 26Sep N973JT;4500301737;00010;8422.000;LTR;1.3151;11075.77;U1;97.90;b3e0ef08-f48d-5730-9c35-cb471585c051;89b3f8d2-8e82-54e3-8f38-c2ca2ae2f045;WFS-JFK-404049;2bf3b806-d183-5fe1-9396-a6fb2bf05f7b;4500301737;5000301737;TICKET_NUMBER;FUELJFK;400000;MATCHED;0.00;0.00;NONE;887de6e5-59f9-5c93-843b-939205a04f07;6714.02;1.6496;11075.77;WITHIN;
9d41e4dd-d429-5970-87ed-05dcf97fdfce;2caab58c-0361-5bed-ab2b-1ccb9eb13c28;1540;013573ad-8e1e-50ab-bfd5-140b70dbab8b;Jet A into-plane JFK B61173 26Sep N821JB;4500301750;00010;6502.000;LTR;1.3151;8550.78;U1;75.58;9707ab82-9e0f-50a1-9341-2d2e8d36a7e0;5c01602c-344b-5854-b98d-5b66c2c90a48;WFS-JFK-404050;20fd5c6b-ae5f-533b-be68-a0d1e12d35dd;4500301750;5000301750;TICKET_NUMBER;FUELJFK;400000;MATCHED;0.00;0.00;NONE;ed5a4143-ed8e-5d01-b919-fbded0554892;5202.25;1.6437;8550.78;WITHIN;
fb0feea3-dfcf-597e-830f-d9bf10a4fbec;2caab58c-0361-5bed-ab2b-1ccb9eb13c28;1550;013573ad-8e1e-50ab-bfd5-140b70dbab8b;Jet A into-plane JFK B61202 26Sep N3189J;4500301756;00010;3475.000;LTR;1.3151;4569.97;U1;40.39;5559940e-d30c-5793-96e6-67b4d748a484;b160f68d-76dd-5649-bbfd-507c05d5d6b6;WFS-JFK-404051;2b26f123-d1df-5242-9314-55e9c956af4a;4500301756;5000301756;TICKET_NUMBER;FUELJFK;400000;MATCHED;0.00;0.00;NONE;e13bf29e-d195-549c-87b7-21d10ac67b1b;2778.26;1.6449;4569.97;WITHIN;
c2e0b475-a8bb-53d8-ad6e-d017efc71bfa;98eb335c-59ef-5e16-9748-e81be5a78a6c;10;c3d4e5f6-3333-4000-8000-000000000001;Jet A into-plane KIN B61060 24Sep N827JB;4500300314;00010;11346.000;LTR;1.3631;15465.73;V0;0.00;f6733ca5-eebe-52df-88c0-b3494bbfa25f;3aeac886-ea99-5e64-a09d-f48f3b6c222c;SOL-KIN-442782;39be45ef-f3bf-51f8-98e9-cb9fc6947e6e;4500300314;5000300314;TICKET_NUMBER;FUELKIN;400000;MATCHED;0.00;0.00;NONE;c6a90367-204d-52ba-9a56-467243f51439;8938.38;1.7303;15465.73;WITHIN;
d4241dd1-844d-5dcc-b8a6-de3214f3507f;98eb335c-59ef-5e16-9748-e81be5a78a6c;20;c3d4e5f6-3333-4000-8000-000000000001;Jet A into-plane KIN B61576 24Sep N584JB;4500300430;00010;5240.000;LTR;1.3631;7142.64;V0;0.00;a9f04a86-7be2-52b7-b06d-ccc0f842b79e;36188e08-607b-5da2-9a80-e7b7b574af38;SOL-KIN-442784;c6b05a6b-00c4-5b9c-b808-9a25de618e29;4500300430;5000300430;TICKET_NUMBER;FUELKIN;400000;MATCHED;0.00;0.00;NONE;d7ca695a-9fee-5dee-9493-37bd75b583ab;4135.41;1.7272;7142.64;WITHIN;
7fd23d68-0d06-5e65-b7b4-d9f770e450a6;98eb335c-59ef-5e16-9748-e81be5a78a6c;30;c3d4e5f6-3333-4000-8000-000000000001;Jet A into-plane KIN B61376 24Sep N519JB;4500300472;00010;5011.000;LTR;1.3631;6830.49;V0;0.00;0ebecdf1-8abd-5596-aec7-aa5ba2ef6cf0;3a4c0cb6-6b1b-559b-a77b-958d540e70f0;SOL-KIN-442786;c0e03e4e-0f9a-5e75-99db-c60df789d7b3;4500300472;5000300472;TICKET_NUMBER;FUELKIN;400000;MATCHED;0.00;0.00;NONE;c5b5e7eb-14f3-54db-87c7-65917fb1e2da;3958.19;1.7257;6830.49;WITHIN;
77a424b9-2185-58ad-90c2-690a651a7a8f;98eb335c-59ef-5e16-9748-e81be5a78a6c;40;c3d4e5f6-3333-4000-8000-000000000001;Jet A into-plane KIN B61060 25Sep N715JB;4500300961;00010;12270.000;LTR;1.3736;16854.07;V0;0.00;22c64166-ae52-53b7-9445-4d6cbc282ee3;de80405b-6cb7-5ee2-8d7c-3ed8ab9c859a;SOL-KIN-442789;88d84715-0f5a-598b-9fc2-658c08b66cc9;4500300961;5000300961;TICKET_NUMBER;FUELKIN;400000;MATCHED;0.00;0.00;NONE;1e66c70a-5a7a-5c7f-a84e-5c5c77ad121c;9755.88;1.7276;16854.07;WITHIN;
6676cbdf-dc8e-5027-964d-1b8810554643;98eb335c-59ef-5e16-9748-e81be5a78a6c;50;c3d4e5f6-3333-4000-8000-000000000001;Jet A into-plane KIN B61576 25Sep N805JB;4500301074;00010;4936.000;LTR;1.3736;6780.09;V0;0.00;1f5b93d8-c403-5694-bae1-8806fcc08f4b;7f317d6d-d21f-58a7-9f57-40ba54af463c;SOL-KIN-442790;c94cbd43-0a81-5219-8053-15d83be5770a;4500301074;5000301074;TICKET_NUMBER;FUELKIN;400000;MATCHED;0.00;0.00;NONE;dd68969f-667f-5d5e-94ac-88ba24a4bb12;3944.85;1.7187;6780.09;WITHIN;
74afa1d7-3177-517f-9620-7a7133d1b4ee;98eb335c-59ef-5e16-9748-e81be5a78a6c;60;c3d4e5f6-3333-4000-8000-000000000001;Jet A into-plane KIN B61376 25Sep N705JB;4500301131;00010;5202.000;LTR;1.3736;7145.47;V0;0.00;4ee3610f-4015-590a-bb4d-29da3b5b038c;040ad80a-1c8d-5bee-80ab-69a8f2f8d854;SOL-KIN-442792;0c0a47ec-9954-5405-b7a7-94c889e4ada1;4500301131;5000301131;TICKET_NUMBER;FUELKIN;400000;MATCHED;0.00;0.00;NONE;35bb9d70-af07-5cc3-87db-db31a1e185cc;4153.28;1.7204;7145.47;WITHIN;
d87c01f3-ae30-5b83-b5df-449658eda3c4;98eb335c-59ef-5e16-9748-e81be5a78a6c;70;c3d4e5f6-3333-4000-8000-000000000001;Jet A into-plane KIN B61060 26Sep N827JB;4500301585;00010;11977.000;LTR;1.3816;16547.42;V0;0.00;515640b8-1dcf-5b35-b2bf-6b49cebf9cf7;55a14ee6-6137-5a51-a2b5-620c87e555a0;SOL-KIN-442794;cfc5a192-15da-5c3f-b803-6055c96b07ed;4500301585;5000301585;TICKET_NUMBER;FUELKIN;400000;MATCHED;0.00;0.00;NONE;792df094-5065-59e9-9929-319cd5e8ac34;9579.2;1.7274;16547.42;WITHIN;
a42ba2ed-83fa-526e-adad-8dc1933dc0d4;9266aac4-0c6d-5736-a73c-8256584c9765;10;013573ad-8e1e-50ab-bfd5-140b70dbab8b;Jet A into-plane LAS B6608 23Sep N964JT;4500300086;00010;13998.000;LTR;1.2897;18053.22;U1;162.71;b99fe0b9-1168-586d-acaf-36264cdfcda1;93ec8bba-3c38-59fe-b8ea-17d7c8b6beaf;CGA-LAS-427470;c27fb4a7-80d4-5391-8959-fd5e57f54d54;4500300086;5000300086;TICKET_NUMBER;FUELLAS;400000;MATCHED;0.00;0.00;NONE;23225990-7719-5eb6-9513-1ae96859703e;11303.39;1.5972;18053.22;WITHIN;
41b23d66-95c8-56f4-86b4-49b41180e6dc;9266aac4-0c6d-5736-a73c-8256584c9765;20;013573ad-8e1e-50ab-bfd5-140b70dbab8b;Jet A into-plane LAS B6948 23Sep N979JT;4500300093;00010;14715.000;LTR;1.2897;18977.94;U1;171.05;4823fa6f-f403-57cf-97a3-6a0d9032cbd9;5f8f335c-9718-52ca-bac4-b9c3407f1f98;CGA-LAS-427471;69be963c-49da-5fd8-93e8-0a12746900fe;4500300093;5000300093;TICKET_NUMBER;FUELLAS;400000;MATCHED;0.00;0.00;NONE;cbc405ea-0042-5b4c-a270-8733c7d854ec;11817.62;1.6059;18977.94;WITHIN;
eda93da1-691b-5f89-bb05-88729cf4a713;9266aac4-0c6d-5736-a73c-8256584c9765;30;013573ad-8e1e-50ab-bfd5-140b70dbab8b;Jet A into-plane LAS B6178 23Sep N976JT;4500300097;00010;14308.000;LTR;1.2897;18453.03;U1;166.32;41ebf241-065b-5461-a871-18e6766c5ebf;a08ccebd-0d95-5180-aae7-2b5433b77377;CGA-LAS-427473;35911b30-19e2-507b-9a0e-17a493b5b19e;4500300097;5000300097;TICKET_NUMBER;FUELLAS;400000;MATCHED;0.00;0.00;NONE;fc74a64c-35da-5193-be0c-35ba096efb64;11503.63;1.6041;18453.03;WITHIN;
25c6c720-bebb-5ef8-a6a8-9f62ae7f2bff;9266aac4-0c6d-5736-a73c-8256584c9765;40;013573ad-8e1e-50ab-bfd5-140b70dbab8b;Jet A into-plane LAS B62348 24Sep N993JE;4500300238;00010;15156.000;LTR;1.2976;19666.43;U1;176.17;b384db76-7a9a-5cd3-ac81-4b50ccfb50be;4c9295c6-bbbc-5788-8fe6-be72f1848a85;CGA-LAS-427476;303cf986-e31d-5526-96b1-6474b0400e36;4500300238;5000300238;TICKET_NUMBER;FUELLAS;400000;MATCHED;0.00;0.00;NONE;a164dd0f-233b-5a58-b6f8-a6fba6793383;12176.33;1.6151;19666.43;WITHIN;
fca406b7-5019-5f59-a47c-2587bb1653d6;9266aac4-0c6d-5736-a73c-8256584c9765;50;013573ad-8e1e-50ab-bfd5-140b70dbab8b;Jet A into-plane LAS B6658 24Sep N983JT;4500300271;00010;16390.000;LTR;1.2976;21267.66;U1;190.52;c103a3a9-3ddd-55f7-a2c6-cbc70c080b0f;0bf67a46-e745-5751-8f26-1956eb09b48f;CGA-LAS-427479;a3032826-8523-50f6-9c72-76b8e8d285a7;4500300271;5000300271;TICKET_NUMBER;FUELLAS;400000;MATCHED;0.00;0.00;NONE;1db5726f-4dbb-58e7-b6e3-58be3e4ef535;13210.34;1.6099;21267.66;WITHIN;
b46d7d36-b8ca-5eae-b63f-029d56758737;9266aac4-0c6d-5736-a73c-8256584c9765;60;013573ad-8e1e-50ab-bfd5-140b70dbab8b;Jet A into-plane LAS B61448 24Sep N2156J;4500300415;00010;12702.000;LTR;1.2976;16482.12;U1;147.65;f262e82e-c89b-5cfe-866e-99ec8c0b04d6;aecdf99e-82b0-5c1e-bc43-bd9ba3474262;CGA-LAS-427482;1692619d-ba04-5fcb-b735-4627367000b8;4500300415;5000300415;TICKET_NUMBER;FUELLAS;400000;MATCHED;0.00;0.00;NONE;171d568e-6710-52a7-804c-c61b0ad508fc;10207.33;1.6147;16482.12;WITHIN;
bb3c0955-73a4-5ab2-b750-d2771ff50600;9266aac4-0c6d-5736-a73c-8256584c9765;70;013573ad-8e1e-50ab-bfd5-140b70dbab8b;Jet A into-plane LAS B6708 24Sep N942JB;4500300426;00010;14901.000;LTR;1.2976;19335.54;U1;173.21;cb9f8b03-b438-51c7-8cb2-df7f02c3108c;c8bbf69a-3c2d-5445-9f10-2e8e1c2949b5;CGA-LAS-427483;d5aeb8bf-37c9-5368-869b-0e4af40e08af;4500300426;5000300426;TICKET_NUMBER;FUELLAS;400000;MATCHED;0.00;0.00;NONE;0a8bae7c-a66d-547d-a79e-76ab234cdae9;11956.56;1.6171;19335.54;WITHIN;
ee41018c-c632-5756-a1ca-c52d297100bb;9266aac4-0c6d-5736-a73c-8256584c9765;80;013573ad-8e1e-50ab-bfd5-140b70dbab8b;Jet A into-plane LAS B61578 24Sep N2142J;4500300442;00010;12410.000;LTR;1.2976;16103.22;U1;144.25;3d86cb5f-ed25-522a-92a3-98495484371a;0773f0dc-f72a-57e6-8ef6-115ba72cd620;CGA-LAS-427484;bd2c327e-52c0-5521-a5aa-8f2c68903777;4500300442;5000300442;TICKET_NUMBER;FUELLAS;400000;MATCHED;0.00;0.00;NONE;6fa7f689-4364-536b-b9e9-b68897bfd1dd;9985.09;1.6127;16103.22;WITHIN;
70306210-a0b3-587c-8a26-f352a6952abf;9266aac4-0c6d-5736-a73c-8256584c9765;90;013573ad-8e1e-50ab-bfd5-140b70dbab8b;Jet A into-plane LAS B62832 24Sep N977JE;4500300531;00010;13636.000;LTR;1.2976;17694.07;U1;158.50;b13e7d7a-04c8-587a-8ba1-8be5feb64e9d;3d40b23d-24cd-5803-b952-dfe5399b8ff7;CGA-LAS-427485;335a12ba-35a0-5702-94b2-49fa89a2e1c7;4500300531;5000300531;TICKET_NUMBER;FUELLAS;400000;MATCHED;0.00;0.00;NONE;84b69a2a-405f-532a-84d4-d0262cf8bb90;10974.25;1.6123;17694.07;WITHIN;
36f192c1-6e11-5e50-b72b-dee279b3ecdc;9266aac4-0c6d-5736-a73c-8256584c9765;100;013573ad-8e1e-50ab-bfd5-140b70dbab8b;Jet A into-plane LAS B6348 24Sep N966JT;4500300544;00010;15153.000;LTR;1.2976;19662.53;U1;176.14;f50e3909-6b8a-5a41-9152-f21bd697b7aa;6dc1cbe6-bab9-5eca-8030-df7178ab25e6;CGA-LAS-427488;3d08e778-83a5-5acc-9ce0-57d7f4a08c56;4500300544;5000300544;TICKET_NUMBER;FUELLAS;400000;MATCHED;0.00;0.00;NONE;e85d9a9d-9896-55c6-a57c-fb4204425419;12189.07;1.6131;19662.53;WITHIN;
e984f08c-8973-541f-9d5e-48408714ab08;9266aac4-0c6d-5736-a73c-8256584c9765;110;013573ad-8e1e-50ab-bfd5-140b70dbab8b;Jet A into-plane LAS B61178 24Sep N934JB;4500300559;00010;17276.000;LTR;1.2976;22417.34;U1;200.82;e92f1272-6c4c-578b-950b-ab3b555a7a97;978af588-041c-5bd0-8dda-d90d406afdc0;CGA-LAS-427489;3702b039-a237-5cb4-8bff-fcfb5e2665ea;4500300559;5000300559;TICKET_NUMBER;FUELLAS;400000;MATCHED;0.00;0.00;NONE;b4aa0390-ad17-5648-9975-bd553a3bc01a;13931.37;1.6091;22417.34;WITHIN;
6cc3b6ea-1c56-58df-adcb-a1b126ea89e1;9266aac4-0c6d-5736-a73c-8256584c9765;120;013573ad-8e1e-50ab-bfd5-140b70dbab8b;Jet A into-plane LAS B6248 24Sep N987JT;4500300583;00010;15805.000;LTR;1.2976;20508.57;U1;183.72;fde5a11e-a9df-5bab-8ec8-21ab823aa0b7;8120f904-7e92-5576-ab28-1eaaf75f55d3;CGA-LAS-427490;88a60aac-28d9-55c7-b828-ffaf5dd7b9e2;4500300583;5000300583;TICKET_NUMBER;FUELLAS;400000;MATCHED;0.00;0.00;NONE;0b27bcf5-fa7a-553d-8919-637807b86a98;12708.8;1.6137;20508.57;WITHIN;
d4924533-f4a6-5d86-b418-affc25b0df85;9266aac4-0c6d-5736-a73c-8256584c9765;130;013573ad-8e1e-50ab-bfd5-140b70dbab8b;Jet A into-plane LAS B6778 24Sep N968JT;4500300717;00010;15083.000;LTR;1.2976;19571.70;U1;175.32;1cd0b5f2-2a41-5395-8a74-84d1e141bacb;3384323c-c7d3-5769-9c72-84aad9041115;CGA-LAS-427493;bab0ce0a-d9f9-5b68-b371-8ae96ec6b009;4500300717;5000300717;TICKET_NUMBER;FUELLAS;400000;MATCHED;0.00;0.00;NONE;632a2198-efd1-5e65-9384-8391fe98d3ed;12098.07;1.6178;19571.7;WITHIN;
b417a325-8ec9-5839-b11e-ed218155de47;9266aac4-0c6d-5736-a73c-8256584c9765;140;013573ad-8e1e-50ab-bfd5-140b70dbab8b;Jet A into-plane LAS B6608 24Sep N986JB;4500300729;00010;15094.000;LTR;1.2976;19585.97;U1;175.45;344e8edc-dfce-5033-8162-da886dd31105;895fb6b8-1a37-5234-9282-d1ebd217fcc1;CGA-LAS-427496;02974f55-0478-5271-9035-2da73a1ab785;4500300729;5000300729;TICKET_NUMBER;FUELLAS;400000;MATCHED;0.00;0.00;NONE;692cc6ee-9439-5ed4-8ded-cfc439411ba3;12158.22;1.6109;19585.97;WITHIN;
753000fc-fbe3-57bb-a578-cf23f3238604;9266aac4-0c6d-5736-a73c-8256584c9765;150;013573ad-8e1e-50ab-bfd5-140b70dbab8b;Jet A into-plane LAS B6948 24Sep N944JT;4500300731;00010;14401.000;LTR;1.2976;18686.74;U1;167.40;aeaf2e0d-ab0d-50f7-a7d3-d2e4cfc24048;6fee656f-7833-5985-95b8-cfe135c17cf2;CGA-LAS-427499;92609549-285f-5208-9e12-3f96d250fe0b;4500300731;5000300731;TICKET_NUMBER;FUELLAS;400000;MATCHED;0.00;0.00;NONE;e7e0ce7e-7a84-52ac-b3ec-e07f989b80c3;11610.09;1.6095;18686.74;WITHIN;
5a96b756-d391-53c8-9386-2ca3fb48c001;9266aac4-0c6d-5736-a73c-8256584c9765;160;013573ad-8e1e-50ab-bfd5-140b70dbab8b;Jet A into-plane LAS B6178 24Sep N942JB;4500300739;00010;15623.000;LTR;1.2976;20272.40;U1;181.60;f6e29deb-31dd-5c99-86fd-aa8209a4a032;b9c0801d-db5f-5b25-af8f-e97722659656;CGA-LAS-427502;472fdd70-4f62-50f3-8aab-01b3f040a97f;4500300739;5000300739;TICKET_NUMBER;FUELLAS;400000;MATCHED;0.00;0.00;NONE;e919cfb4-e789-55fb-847d-ceea18d0e38f;12560.89;1.6139;20272.4;WITHIN;
403a2b16-a354-52cc-a7a6-ac19c0000cd9;9266aac4-0c6d-5736-a73c-8256584c9765;170;013573ad-8e1e-50ab-bfd5-140b70dbab8b;Jet A into-plane LAS B62348 25Sep N989JT;4500300882;00010;14430.000;LTR;1.3082;18877.33;U1;167.73;d5e556d5-0061-5827-b8be-e74b62542969;880baae4-080d-5ac2-958b-90392baf6453;CGA-LAS-427503;dd70a493-c7c5-5fc0-a476-0ae9609f7d5d;4500300882;5000300882;TICKET_NUMBER;FUELLAS;400000;MATCHED;0.00;0.00;NONE;36f1c10e-3fe6-5571-a1af-8914c3c3052d;11447.32;1.6491;18877.33;WITHIN;
d807833f-ebe1-51b5-9f33-48401ea29028;9266aac4-0c6d-5736-a73c-8256584c9765;180;013573ad-8e1e-50ab-bfd5-140b70dbab8b;Jet A into-plane LAS B6658 25Sep N988JT;4500300922;00010;14514.000;LTR;1.3082;18987.21;U1;168.71;19782073-67cb-5c8e-92e6-7934174f5950;630a44c1-b227-54eb-81fe-7fc3733c7cd5;CGA-LAS-427506;1948bcf9-ed33-5440-966e-d3bae2b20234;4500300922;5000300922;TICKET_NUMBER;FUELLAS;400000;MATCHED;0.00;0.00;NONE;8515d524-0be4-5451-ae45-4533d5ce41e3;11508.15;1.6499;18987.21;WITHIN;
4376d786-dd19-5a4a-a66e-9599ed529f17;9266aac4-0c6d-5736-a73c-8256584c9765;190;013573ad-8e1e-50ab-bfd5-140b70dbab8b;Jet A into-plane LAS B61578 25Sep N2169J;4500301052;00010;11777.000;LTR;1.3082;15406.67;U1;136.90;1c7fc93b-6c74-5910-9949-53bae1f8907d;79609f45-cb75-55c9-aca1-538388042ede;CGA-LAS-427508;287d3a51-4340-5edd-bafa-2f85e9bb318b;4500301052;5000301052;TICKET_NUMBER;FUELLAS;400000;MATCHED;0.00;0.00;NONE;8fccd5d3-a020-5638-9c47-09559993a0a8;9334.45;1.6505;15406.67;WITHIN;
ca54dfc8-8d5e-5fe4-9e71-cdb0ea52b1d9;9266aac4-0c6d-5736-a73c-8256584c9765;200;013573ad-8e1e-50ab-bfd5-140b70dbab8b;Jet A into-plane LAS B6708 25Sep N986JB;4500301080;00010;13297.000;LTR;1.3082;17395.14;U1;154.56;78a93c9e-8ab9-5aef-b92a-0f2234e34c52;eb9ce247-2c12-5a44-963f-335690c56dbc;CGA-LAS-427509;1864c3b7-bc4c-5775-940e-df25907829df;4500301080;5000301080;TICKET_NUMBER;FUELLAS;400000;MATCHED;0.00;0.00;NONE;51465d09-525c-56cb-9e36-908366b45a3c;10568.46;1.6459;17395.14;WITHIN;
cbef7c5f-4e29-57ae-bedf-3d6a3933085a;9266aac4-0c6d-5736-a73c-8256584c9765;210;013573ad-8e1e-50ab-bfd5-140b70dbab8b;Jet A into-plane LAS B61448 25Sep N2199J;4500301084;00010;12711.000;LTR;1.3082;16628.53;U1;147.75;3142d6dd-68be-5557-87f1-d48ed8a3e575;f95b0f13-2c01-55be-b744-77f1b079ee2b;CGA-LAS-427510;5e59be56-042a-568e-895a-ca74e38401d7;4500301084;5000301084;TICKET_NUMBER;FUELLAS;400000;MATCHED;0.00;0.00;NONE;9b5e6219-efe3-51b9-a516-0710f4f84758;10070.93;1.6511;16628.53;WITHIN;
44c21ec1-0c4d-5fad-910a-c54c1bbc51a3;9266aac4-0c6d-5736-a73c-8256584c9765;220;013573ad-8e1e-50ab-bfd5-140b70dbab8b;Jet A into-plane LAS B61178 25Sep N977JE;4500301118;00010;14618.000;LTR;1.3082;19123.27;U1;169.92;7cd36e2d-d079-5af8-9ed4-5a1ed3583ef4;400a4f15-17b3-59d9-bfc2-f4b1b25142af;CGA-LAS-427513;911e37d4-8558-5d5a-890e-d95d6a6094cc;4500301118;5000301118;TICKET_NUMBER;FUELLAS;400000;MATCHED;0.00;0.00;NONE;e062e562-9a53-5635-b664-ce03a75dd15a;11633;1.6439;19123.27;WITHIN;
e08c3ec9-732c-584b-9326-7cefb248fd43;9266aac4-0c6d-5736-a73c-8256584c9765;230;013573ad-8e1e-50ab-bfd5-140b70dbab8b;Jet A into-plane LAS B62832 25Sep N980JT;4500301175;00010;14636.000;LTR;1.3082;19146.82;U1;170.13;77a4d9ec-1cf7-5d1c-a1d1-74b165634272;431ae8dc-f625-500a-aa53-b407c5e2ae01;CGA-LAS-427516;7288f45e-1a26-5692-870e-1ef760112c7e;4500301175;5000301175;TICKET_NUMBER;FUELLAS;400000;MATCHED;0.00;0.00;NONE;f7aa6950-59fd-5d75-8209-7ac60bd9df35;11660.5;1.642;19146.82;WITHIN;
5aa7591e-8ff2-518a-b10d-914cd850936c;9266aac4-0c6d-5736-a73c-8256584c9765;240;013573ad-8e1e-50ab-bfd5-140b70dbab8b;Jet A into-plane LAS B6348 25Sep N561JB;4500301198;00010;13129.000;LTR;1.3082;17175.36;U1;152.61;da6e030a-7d93-59ac-97d7-820961a830d7;19e1143e-a0d6-50f5-b29e-98497ff7d9ff;CGA-LAS-427517;3eda433f-6df8-5b3b-a56a-32f61c7ff20a;4500301198;5000301198;TICKET_NUMBER;FUELLAS;400000;MATCHED;0.00;0.00;NONE;d5f89f92-db8b-55a1-8107-92c3df854003;10419.17;1.6484;17175.36;WITHIN;
df9be237-e37b-5cbf-825f-cb86a61b66b2;9266aac4-0c6d-5736-a73c-8256584c9765;250;013573ad-8e1e-50ab-bfd5-140b70dbab8b;Jet A into-plane LAS B6248 25Sep N947JB;4500301227;00010;15133.000;LTR;1.3082;19796.99;U1;175.91;0c210d0d-9680-5979-8dc2-9042cc5bb5c0;79d81653-293b-5b98-8571-7261661cf20b;CGA-LAS-427519;675975ff-7e3b-580f-939f-4197ca325461;4500301227;5000301227;TICKET_NUMBER;FUELLAS;400000;MATCHED;0.00;0.00;NONE;19be25b8-0899-51b5-9ebc-9832463edb7b;12003.5;1.6493;19796.99;WITHIN;
a3dba99a-f92d-5f59-9379-8e114de0b947;9266aac4-0c6d-5736-a73c-8256584c9765;260;013573ad-8e1e-50ab-bfd5-140b70dbab8b;Jet A into-plane LAS B6778 25Sep N978JB;4500301342;00010;16791.000;LTR;1.3082;21965.99;U1;195.18;9a15ab55-4468-5e9a-9aba-35c6b6bb857e;c21e5285-a815-5e03-b77e-eb103d04ce08;CGA-LAS-427520;c431b8e0-2131-5ebc-b5fb-ea6245f660f2;4500301342;5000301342;TICKET_NUMBER;FUELLAS;400000;MATCHED;0.00;0.00;NONE;8c9bc61d-ccf5-599b-af1d-817cca17b867;13308.55;1.6505;21965.99;WITHIN;
62f631c5-2a11-523b-99ec-60b168fbf0e7;9266aac4-0c6d-5736-a73c-8256584c9765;270;013573ad-8e1e-50ab-bfd5-140b70dbab8b;Jet A into-plane LAS B6608 25Sep N961JT;4500301364;00010;12995.000;LTR;1.3082;17000.06;U1;151.05;60481b17-ae38-53e9-8a13-65cf903cddca;3ec364a9-ef77-59d1-acaf-b43ae9090d42;CGA-LAS-427522;90107c89-cf20-5d9d-9265-bf5bfd665730;4500301364;5000301364;TICKET_NUMBER;FUELLAS;400000;MATCHED;0.00;0.00;NONE;704c0694-54be-50d6-83ca-f70932806d40;10329.73;1.6457;17000.06;WITHIN;
78c83321-9db9-51c4-84f2-020733ddbc28;9266aac4-0c6d-5736-a73c-8256584c9765;280;013573ad-8e1e-50ab-bfd5-140b70dbab8b;Jet A into-plane LAS B6948 25Sep N945JT;4500301371;00010;16886.000;LTR;1.3082;22090.27;U1;196.28;8acef302-cec9-5e29-a53e-715a71ccbd0a;0e5399c9-2706-5576-a571-0710fbcfba75;CGA-LAS-427523;3f6dc87c-a4f2-546d-9c55-1c95ea4c3d08;4500301371;5000301371;TICKET_NUMBER;FUELLAS;400000;MATCHED;0.00;0.00;NONE;1b288237-6401-5d12-a0f1-bb5e0a15417d;13414.24;1.6468;22090.27;WITHIN;
0f758537-3979-57ba-b6ac-f1f766540912;9266aac4-0c6d-5736-a73c-8256584c9765;290;013573ad-8e1e-50ab-bfd5-140b70dbab8b;Jet A into-plane LAS B6178 25Sep N986JB;4500301376;00010;16817.000;LTR;1.3082;22000.00;U1;195.48;a4cf7221-5195-5599-8255-dfea739e42c5;ef688a88-430e-57c9-a11f-7778c78ed881;CGA-LAS-427526;af8258f9-e39f-5193-ace4-6fbbefd64e26;4500301376;5000301376;TICKET_NUMBER;FUELLAS;400000;MATCHED;0.00;0.00;NONE;5ac75bec-c297-5d4f-92e9-397ec16c6a51;13347.65;1.6482;22000;WITHIN;
9ca569fc-5eb1-5ee3-bb1b-5ba4bd2b84bd;9266aac4-0c6d-5736-a73c-8256584c9765;300;013573ad-8e1e-50ab-bfd5-140b70dbab8b;Jet A into-plane LAS B62348 26Sep N983JT;4500301511;00010;14629.000;LTR;1.3161;19253.23;U1;170.05;db68fb2b-a198-5420-8844-ad5605969c67;da9245e2-1c8f-5842-9d8e-83825650c889;CGA-LAS-427529;29e370bc-1d5d-5a39-8946-c7699401e51c;4500301511;5000301511;TICKET_NUMBER;FUELLAS;400000;MATCHED;0.00;0.00;NONE;641d49ba-3060-559c-ab53-dfae053f70b9;11647.61;1.653;19253.23;WITHIN;
2d5d5a97-2f38-561c-9614-7b3b39f6eb22;9266aac4-0c6d-5736-a73c-8256584c9765;310;013573ad-8e1e-50ab-bfd5-140b70dbab8b;Jet A into-plane LAS B69012 26Sep N570JB;4500301529;00010;12359.000;LTR;1.3161;16265.68;U1;143.66;7c5f9b7e-b86f-5378-afcc-280b6b855e3f;801f6eb7-aac3-5355-86db-25ce166227a9;CGA-LAS-427532;d6c4d8da-96f7-5d03-a160-afe936b8e2e5;4500301529;5000301529;TICKET_NUMBER;FUELLAS;400000;MATCHED;0.00;0.00;NONE;13da68eb-2e62-5212-8e84-eabb6e412ac7;9840.24;1.653;16265.68;WITHIN;
ac1ca114-1058-5f6e-9a0a-f3b06ddc04d7;9266aac4-0c6d-5736-a73c-8256584c9765;320;013573ad-8e1e-50ab-bfd5-140b70dbab8b;Jet A into-plane LAS B6658 26Sep N934JB;4500301546;00010;12923.000;LTR;1.3161;17007.96;U1;150.22;ccd66da6-fd70-5660-bd79-89d473b42041;af98f291-852f-5b21-afe2-a08eb1373787;CGA-LAS-427534;02c59cc3-9fc2-5450-87a3-f92cef636b85;4500301546;5000301546;TICKET_NUMBER;FUELLAS;400000;MATCHED;0.00;0.00;NONE;9d0c2025-5779-5630-8996-328899728b73;10312.55;1.6492;17007.96;WITHIN;
20a88fd6-08d6-5dc2-bccb-1e54bdf2ddc5;9266aac4-0c6d-5736-a73c-8256584c9765;330;013573ad-8e1e-50ab-bfd5-140b70dbab8b;Jet A into-plane LAS B61578 26Sep N2156J;4500301657;00010;13837.000;LTR;1.3161;18210.88;U1;160.84;ab123990-a622-518e-bf38-2f3210a0bcb3;84c5dfe2-d95e-5153-99fa-21a01328eae1;CGA-LAS-427537;4c73d9b9-1c69-5b5b-80fa-18ef2fe1daab;4500301657;5000301657;TICKET_NUMBER;FUELLAS;400000;MATCHED;0.00;0.00;NONE;610030f8-532e-5815-9859-6d63d45b7a19;11007.33;1.6544;18210.88;WITHIN;
c5e417f8-f0cb-5e3c-bb35-a0043c8c6246;9266aac4-0c6d-5736-a73c-8256584c9765;340;013573ad-8e1e-50ab-bfd5-140b70dbab8b;Jet A into-plane LAS B61448 26Sep N2193J;4500301661;00010;12705.000;LTR;1.3161;16721.05;U1;147.68;ae270aa2-4612-5b28-acac-664c1abf4b35;27f59de8-8d5a-5d53-83c7-ea3bdeb26cbd;CGA-LAS-427540;fac69145-d5bf-53e2-a214-ae0f682e8df5;4500301661;5000301661;TICKET_NUMBER;FUELLAS;400000;MATCHED;0.00;0.00;NONE;53608b29-c1da-5529-b726-f6f5eeb626fb;10129.7;1.6507;16721.05;WITHIN;
b5e9eb14-3ae4-5248-af3b-f1491f8eb22f;9266aac4-0c6d-5736-a73c-8256584c9765;350;013573ad-8e1e-50ab-bfd5-140b70dbab8b;Jet A into-plane LAS B6708 26Sep N961JT;4500301683;00010;15017.000;LTR;1.3161;19763.87;U1;174.56;52b8e4f9-fdec-5418-bed3-1705dc83352e;6a58923b-e218-5495-b20b-a5cf9bea53f2;CGA-LAS-427542;56cc478e-8557-5f79-b3f8-d836817077c3;4500301683;5000301683;TICKET_NUMBER;FUELLAS;400000;MATCHED;0.00;0.00;NONE;71f416fe-e59a-55ff-8f23-3e6b146c9d51;11950.53;1.6538;19763.87;WITHIN;
5831dd81-627c-566e-a9dc-4a5bb254e921;85779d03-75d5-5f83-84b3-0a89c8d7a02e;10;013573ad-8e1e-50ab-bfd5-140b70dbab8b;Jet A into-plane LAX B6188 23Sep N2156J;4500300076;00010;13291.000;LTR;1.2895;17138.74;U1;154.49;40bba511-628b-5030-a3e9-fedb0d9d6333;a0e5afbc-caed-5989-af89-d4a1b2a63043;CGA-LAX-552036;9ed7350d-f9dc-5aa9-b0cd-53f8340be20a;4500300076;5000300076;TICKET_NUMBER;FUELLAX;400000;MATCHED;0.00;0.00;NONE;df35ccc2-6978-5954-8da3-daabca964dfd;10615.52;1.6145;17138.74;WITHIN;
be9db1bd-aff6-5d73-a270-7b0f3bd3ce11;85779d03-75d5-5f83-84b3-0a89c8d7a02e;20;013573ad-8e1e-50ab-bfd5-140b70dbab8b;Jet A into-plane LAX B61524 23Sep N2142J;4500300082;00010;13583.000;LTR;1.2895;17515.28;U1;157.89;4a1a42a7-fea9-5cc9-896a-ba4708108d90;aa889f15-f291-5798-82ba-1c5d991488f0;CGA-LAX-552037;c25dc4d9-d2b6-57d5-bd4f-527211c33b6f;4500300082;5000300082;TICKET_NUMBER;FUELLAX;400000;MATCHED;0.00;0.00;NONE;a0ee16fa-e039-53d3-a6f2-b8ae48d5979b;10871.83;1.6111;17515.28;WITHIN;
b3a75b91-528c-5387-a80e-ee52767a93c6;85779d03-75d5-5f83-84b3-0a89c8d7a02e;30;013573ad-8e1e-50ab-bfd5-140b70dbab8b;Jet A into-plane LAX B61400 23Sep N942JB;4500300085;00010;15110.000;LTR;1.2895;19484.35;U1;175.64;b435d962-7be7-56a3-b6d8-96ca5cb957fb;da286ccd-00d5-5c5e-aedf-f15f359609ef;CGA-LAX-552040;34b20202-524e-571d-ae44-b2fd9979e782;4500300085;5000300085;TICKET_NUMBER;FUELLAX;400000;MATCHED;0.00;0.00;NONE;75f2db18-ed20-5df8-ace0-0c732cd31fec;12050.23;1.6169;19484.35;WITHIN;
ee62f1eb-4965-574f-b678-2fc859ac9139;85779d03-75d5-5f83-84b3-0a89c8d7a02e;40;013573ad-8e1e-50ab-bfd5-140b70dbab8b;Jet A into-plane LAX B61488 23Sep N2205J;4500300088;00010;13973.000;LTR;1.2895;18018.18;U1;162.42;8d835d20-65d6-56e5-b880-4a4eb3e7c2f9;8db560a5-ab66-5498-b20e-036f720a6792;CGA-LAX-552043;0a2d1cd4-f032-51a7-8063-38dfd9dd743d;4500300088;5000300088;TICKET_NUMBER;FUELLAX;400000;MATCHED;0.00;0.00;NONE;c89a879c-7697-5f2b-bffa-474d46b73266;11161.63;1.6143;18018.18;WITHIN;
882a721c-a311-5bee-981d-c1858e3f2f47;85779d03-75d5-5f83-84b3-0a89c8d7a02e;50;013573ad-8e1e-50ab-bfd5-140b70dbab8b;Jet A into-plane LAX B62074 24Sep N991JT;4500300239;00010;17315.000;LTR;1.2974;22464.48;U1;201.27;1a66d236-0f17-5048-9576-8710efb375e9;36a9db06-b972-5252-991f-f9495e40da60;CGA-LAX-552045;59b23984-7fa1-55ab-9691-47bd53d0b80f;4500300239;5000300239;TICKET_NUMBER;FUELLAX;400000;MATCHED;0.00;0.00;NONE;d59fb72b-b1a6-5506-b83f-d0b4c7f48aa1;13959.35;1.6093;22464.48;WITHIN;
4c1abb8f-f473-503e-ac49-8231a329b3bb;85779d03-75d5-5f83-84b3-0a89c8d7a02e;60;013573ad-8e1e-50ab-bfd5-140b70dbab8b;Jet A into-plane LAX B6124 24Sep N992JB;4500300277;00010;17069.000;LTR;1.2974;22145.32;U1;198.41;3a3932c4-25d8-5b00-af83-10f3dc3b6cbf;789e6909-a77b-5a32-91e5-42467f26c773;CGA-LAX-552047;2c78bf3b-8920-580e-b47c-3f4b7c99b5d1;4500300277;5000300277;TICKET_NUMBER;FUELLAX;400000;MATCHED;0.00;0.00;NONE;e10b662c-ece8-5c2d-99b6-1e99cb5254cc;13784.92;1.6065;22145.32;WITHIN;
833bfa70-0128-5ecb-a35b-dda0faf97fd3;85779d03-75d5-5f83-84b3-0a89c8d7a02e;70;013573ad-8e1e-50ab-bfd5-140b70dbab8b;Jet A into-plane LAX B6524 24Sep N969JT;4500300306;00010;17002.000;LTR;1.2974;22058.39;U1;197.63;83e3626d-dfa8-57bd-975f-d67b599f7673;0184f92d-d012-5719-b978-549f33c6d888;CGA-LAX-552048;809fc35d-eb44-589b-96b6-3ac56719db38;4500300306;5000300306;TICKET_NUMBER;FUELLAX;400000;MATCHED;0.00;0.00;NONE;204aeecd-d7ed-5ade-b466-4229fffc8fb8;13686.61;1.6117;22058.39;WITHIN;
cdc05efe-e7b3-5c35-871c-57b78b45b4f0;85779d03-75d5-5f83-84b3-0a89c8d7a02e;80;013573ad-8e1e-50ab-bfd5-140b70dbab8b;Jet A into-plane LAX B61700 24Sep N947JB;4500300417;00010;14653.000;LTR;1.2974;19010.80;U1;170.33;7d8c801d-3970-5960-98e3-032c8cdd321c;0a271058-1b5f-5ccb-ac8a-221ec98f2d3c;CGA-LAX-552051;9731d7c3-b79f-5d53-aa18-8a74bdb599a7;4500300417;5000300417;TICKET_NUMBER;FUELLAX;400000;MATCHED;0.00;0.00;NONE;9b845b17-6b70-55e8-ba8f-cbebb0d931c1;11820.58;1.6083;19010.8;WITHIN;
5a0b16b9-d867-585f-af31-f920bbb89f9b;85779d03-75d5-5f83-84b3-0a89c8d7a02e;90;013573ad-8e1e-50ab-bfd5-140b70dbab8b;Jet A into-plane LAX B61874 24Sep N964JT;4500300418;00010;17807.000;LTR;1.2974;23102.80;U1;206.99;776f59ac-7bbc-5a61-8de9-264bda594db3;b9ae2b5d-9d33-5739-99d4-38e3f6c86bf7;CGA-LAX-552053;0e023864-05dd-504e-a589-132471c63615;4500300418;5000300418;TICKET_NUMBER;FUELLAX;400000;MATCHED;0.00;0.00;NONE;eb244dcd-07cb-571b-80fb-526640c6a54b;14325.73;1.6127;23102.8;WITHIN;
23bb680b-44b7-5613-b4e3-d1e483cb81cc;85779d03-75d5-5f83-84b3-0a89c8d7a02e;100;013573ad-8e1e-50ab-bfd5-140b70dbab8b;Jet A into-plane LAX B6224 24Sep N2165J;4500300424;00010;14775.000;LTR;1.2974;19169.09;U1;171.74;f6dde6c8-3b2c-5504-a1e5-45cda8700a63;4a066f9d-13a6-5ad3-950e-131ed7c50751;CGA-LAX-552056;ccc346a1-c02a-51b0-88bd-d11d7dd99b32;4500300424;5000300424;TICKET_NUMBER;FUELLAX;400000;MATCHED;0.00;0.00;NONE;5e760ba0-29c1-597b-b748-2221a70cb2c3;11941.16;1.6053;19169.09;WITHIN;
d8ed03ef-6288-57b0-a867-c1b8fbfcb1fc;85779d03-75d5-5f83-84b3-0a89c8d7a02e;110;013573ad-8e1e-50ab-bfd5-140b70dbab8b;Jet A into-plane LAX B6324 24Sep N989JT;4500300465;00010;17938.000;LTR;1.2974;23272.76;U1;208.51;0ae7b8dc-e610-53cc-8deb-9dc72afce970;10c75bd8-aa4a-594e-92d4-e0b582443d1d;CGA-LAX-552057;4dcef813-944c-50c9-8efd-5c0d2dc901e5;4500300465;5000300465;TICKET_NUMBER;FUELLAX;400000;MATCHED;0.00;0.00;NONE;83c09d3b-b301-5774-a55d-5694d06c4599;14470.58;1.6083;23272.76;WITHIN;
83c19a1a-9fea-5643-9ee5-c00bf13f86f4;85779d03-75d5-5f83-84b3-0a89c8d7a02e;120;013573ad-8e1e-50ab-bfd5-140b70dbab8b;Jet A into-plane LAX B6624 24Sep N984JB;4500300509;00010;18090.000;LTR;1.2974;23469.97;U1;210.28;9ba6efb8-2cde-51e1-81b7-9c860eee8c5e;3990eec3-833d-5ad4-92a4-0567b363a59d;CGA-LAX-552060;e9c4a77f-0986-5ab8-96ab-0d6eecd4e46b;4500300509;5000300509;TICKET_NUMBER;FUELLAX;400000;MATCHED;0.00;0.00;NONE;ac6f3fd3-5bd0-5235-a749-bbae9051c175;14598.63;1.6077;23469.97;WITHIN;
731246d0-c17d-5c54-8695-ec9aef6789e8;85779d03-75d5-5f83-84b3-0a89c8d7a02e;130;013573ad-8e1e-50ab-bfd5-140b70dbab8b;Jet A into-plane LAX B6924 24Sep N978JB;4500300609;00010;16818.000;LTR;1.2974;21819.67;U1;195.49;2f7985cd-991e-5aab-8212-24c8e5495233;fcb026f2-53d3-5675-beab-266d429b4b12;CGA-LAX-552062;bdac5005-d14e-5515-847e-acdfe1ecab22;4500300609;5000300609;TICKET_NUMBER;FUELLAX;400000;MATCHED;0.00;0.00;NONE;44d9e12c-23de-555b-8b32-6d19ec1b1b72;13553.63;1.6099;21819.67;WITHIN;
d27ffc9a-f144-57f4-ab60-813ca436ed00;85779d03-75d5-5f83-84b3-0a89c8d7a02e;140;013573ad-8e1e-50ab-bfd5-140b70dbab8b;Jet A into-plane LAX B6188 24Sep N2199J;4500300715;00010;15947.000;LTR;1.2974;20689.64;U1;185.37;ab979d2c-a4f3-5747-8ccb-ef5358c7f1c3;937633f9-7040-5a04-9840-b029f4725ddc;CGA-LAX-552065;80fe0eab-7c1a-504a-9c5e-3f2bb74fcc59;4500300715;5000300715;TICKET_NUMBER;FUELLAX;400000;MATCHED;0.00;0.00;NONE;b7ce51d9-ae0a-5733-899b-484b317794c9;12819.79;1.6139;20689.64;WITHIN;
6b0061e6-b75f-54d1-bf61-e780eab65345;85779d03-75d5-5f83-84b3-0a89c8d7a02e;150;013573ad-8e1e-50ab-bfd5-140b70dbab8b;Jet A into-plane LAX B61524 24Sep N2180J;4500300723;00010;14911.000;LTR;1.2974;19345.53;U1;173.33;ccc501bf-3335-52d8-bb60-6040304258a2;2934b4f1-c2c5-57ff-ad9b-fd3d93b577e8;CGA-LAX-552068;c019b43c-cbc8-5dac-8d6b-e83e622eb1b3;4500300723;5000300723;TICKET_NUMBER;FUELLAX;400000;MATCHED;0.00;0.00;NONE;89d61be4-90f6-519e-af45-02d7be24360b;12027.21;1.6085;19345.53;WITHIN;
b9967784-557e-5e83-bcd7-7490ebc7b37b;85779d03-75d5-5f83-84b3-0a89c8d7a02e;160;013573ad-8e1e-50ab-bfd5-140b70dbab8b;Jet A into-plane LAX B61400 24Sep N991JT;4500300726;00010;16932.000;LTR;1.2974;21967.58;U1;196.82;6cab0fc3-8aa0-5ac5-a698-3467e3312208;738d257c-4db1-525e-a23e-af0db6303248;CGA-LAX-552069;7dc49c5a-1cd8-5bf3-bdc1-c4dd6094588c;4500300726;5000300726;TICKET_NUMBER;FUELLAX;400000;MATCHED;0.00;0.00;NONE;f1ca75e5-85ce-52f5-aade-2a2ec162c880;13664.12;1.6077;21967.58;WITHIN;
3e5a3848-df26-5dde-9ba4-a36399687e0a;85779d03-75d5-5f83-84b3-0a89c8d7a02e;170;013573ad-8e1e-50ab-bfd5-140b70dbab8b;Jet A into-plane LAX B61488 24Sep N949JT;4500300732;00010;18938.000;LTR;1.2974;24570.16;U1;220.14;c7c5808b-d4fb-5a07-a7ef-c141868a400a;8892a35e-2aa5-5c74-ae2b-d59a3391ec24;CGA-LAX-552070;08c30e0c-565f-5719-ba3d-46c272028bac;4500300732;5000300732;TICKET_NUMBER;FUELLAX;400000;MATCHED;0.00;0.00;NONE;9a04c483-c64b-5e21-b8f0-ae1628de0bd9;15298.12;1.6061;24570.16;WITHIN;
145d8875-7ea5-5cf2-b625-b0ead1c32a1e;85779d03-75d5-5f83-84b3-0a89c8d7a02e;180;013573ad-8e1e-50ab-bfd5-140b70dbab8b;Jet A into-plane LAX B62074 25Sep N964JT;4500300883;00010;16617.000;LTR;1.3080;21735.04;U1;193.16;f9add892-991e-5414-937c-296df544fb8e;a34e3594-69ba-58c2-8279-fe811a3b0359;CGA-LAX-552073;183216e8-cb32-5892-b8cc-a70bfa41fbee;4500300883;5000300883;TICKET_NUMBER;FUELLAX;400000;MATCHED;0.00;0.00;NONE;7fd5c2d1-5ab4-5abb-9fb3-6e7bae416abb;13177.28;1.6494;21735.04;WITHIN;
2fea1d51-ec2b-5092-9e67-2f9ced97d0ab;85779d03-75d5-5f83-84b3-0a89c8d7a02e;190;013573ad-8e1e-50ab-bfd5-140b70dbab8b;Jet A into-plane LAX B6124 25Sep N993JE;4500300905;00010;19715.000;LTR;1.3080;25787.22;U1;229.17;e0e4af6b-28c5-535f-bb95-3d1f37e68ffc;bb7389aa-f226-5da0-8caf-e989ffb2a8c3;CGA-LAX-552075;a306a5f6-2b18-54af-b56c-20b4c0667859;4500300905;5000300905;TICKET_NUMBER;FUELLAX;400000;MATCHED;0.00;0.00;NONE;a93c60e5-4d94-5349-a0c3-b8dc107a6ade;15632.02;1.6496;25787.22;WITHIN;
0fd6e5e1-8d55-592d-b654-78228844ad3d;85779d03-75d5-5f83-84b3-0a89c8d7a02e;200;013573ad-8e1e-50ab-bfd5-140b70dbab8b;Jet A into-plane LAX B6524 25Sep N994JL;4500300984;00010;16926.000;LTR;1.3080;22139.21;U1;196.75;d8f86fbe-7afa-52cd-89f0-b3ac3b4d3247;cacd20d7-d4a2-5fc4-810d-d22c55acfd3b;CGA-LAX-552077;3123de52-edac-502a-83e1-bc417c051909;4500300984;5000300984;TICKET_NUMBER;FUELLAX;400000;MATCHED;0.00;0.00;NONE;57a10cce-bd79-5163-b83e-4d032165f754;13459.56;1.6449;22139.21;WITHIN;
437905d3-afb0-513a-a1f2-4727706e5637;85779d03-75d5-5f83-84b3-0a89c8d7a02e;210;013573ad-8e1e-50ab-bfd5-140b70dbab8b;Jet A into-plane LAX B61700 25Sep N968JT;4500301049;00010;15303.000;LTR;1.3080;20016.32;U1;177.88;de5fa91a-0d35-5ed4-999b-55e1e40006a9;6df35aab-c591-5640-a17a-872046b321e4;CGA-LAX-552080;672d89c6-a0e5-57d6-9e39-898d63a473e7;4500301049;5000301049;TICKET_NUMBER;FUELLAX;400000;MATCHED;0.00;0.00;NONE;abae63e7-f97f-5f76-9f79-358a3e8e7e10;12176.6;1.6438;20016.32;WITHIN;
0f265ba7-a013-5412-b66c-15c984e4b81b;85779d03-75d5-5f83-84b3-0a89c8d7a02e;220;013573ad-8e1e-50ab-bfd5-140b70dbab8b;Jet A into-plane LAX B61874 25Sep N991JT;4500301077;00010;18862.000;LTR;1.3080;24671.50;U1;219.25;48046b86-561c-5b2d-8e30-b6e59a7f419f;55962575-d86a-54d5-b59d-fb82cc75a70f;CGA-LAX-552083;4d187ae6-5307-5bde-aed7-8440f36b294f;4500301077;5000301077;TICKET_NUMBER;FUELLAX;400000;MATCHED;0.00;0.00;NONE;1f2bab14-e047-5b10-a022-a37a71a5e14a;14985.86;1.6463;24671.5;WITHIN;
0a9b746d-52c7-5cab-abbb-a97218ed21a7;85779d03-75d5-5f83-84b3-0a89c8d7a02e;230;013573ad-8e1e-50ab-bfd5-140b70dbab8b;Jet A into-plane LAX B6224 25Sep N2180J;4500301113;00010;14875.000;LTR;1.3080;19456.50;U1;172.91;40190cb2-4183-59c6-84f1-0bf80d399ef9;bf701a6f-ebba-5afa-8018-62fddaa278bb;CGA-LAX-552085;e46f4e37-e44e-5c49-9419-1447bc3e6a10;4500301113;5000301113;TICKET_NUMBER;FUELLAX;400000;MATCHED;0.00;0.00;NONE;b27bad43-9c4d-5144-8cc5-ea79b0be9dc3;11821.16;1.6459;19456.5;WITHIN;
89c78618-5757-5493-bf56-ffde1c4ee494;85779d03-75d5-5f83-84b3-0a89c8d7a02e;240;013573ad-8e1e-50ab-bfd5-140b70dbab8b;Jet A into-plane LAX B6324 25Sep N992JB;4500301151;00010;20331.000;LTR;1.3080;26592.95;U1;236.33;61523f0a-8026-5ddc-aee6-b7387d55c17f;468e6b89-4912-56f3-a0f0-dd018fb1bc26;CGA-LAX-552088;aead90c7-287f-510c-84c4-0eb0cd8bad35;4500301151;5000301151;TICKET_NUMBER;FUELLAX;400000;MATCHED;0.00;0.00;NONE;b2d47c47-27fc-52c0-b429-ff9c1f131484;16161.11;1.6455;26592.95;WITHIN;
19878543-d181-54f3-9af0-80d9db0d4859;85779d03-75d5-5f83-84b3-0a89c8d7a02e;250;013573ad-8e1e-50ab-bfd5-140b70dbab8b;Jet A into-plane LAX B6624 25Sep N944JT;4500301183;00010;21103.000;LTR;1.3080;27602.72;U1;245.30;03361367-b95d-5e9f-a54c-b26c8e916bf2;99f4505c-2eac-5295-aa4d-f74ce8298afa;CGA-LAX-552090;260796cd-2e45-5522-9b19-e2de1488933f;4500301183;5000301183;TICKET_NUMBER;FUELLAX;400000;MATCHED;0.00;0.00;NONE;867757ed-46e4-5dbd-b0fb-23ad6abbdba5;16717.8;1.6511;27602.72;WITHIN;
9630d83d-0a37-572f-bfd1-ee4443b872f0;85779d03-75d5-5f83-84b3-0a89c8d7a02e;260;013573ad-8e1e-50ab-bfd5-140b70dbab8b;Jet A into-plane LAX B6924 25Sep N979JT;4500301197;00010;17575.000;LTR;1.3080;22988.10;U1;204.29;6bdf1fbf-5ecb-55f3-8850-2cc4d7c139a4;96f6937f-f9ff-5830-8f4c-e654bc1160c7;CGA-LAX-552091;7744e8a3-d250-5b14-84f1-a7e9c4d0a85a;4500301197;5000301197;TICKET_NUMBER;FUELLAX;400000;MATCHED;0.00;0.00;NONE;cfed5b7e-3222-5550-aae3-cde0444eebdb;13954.55;1.6474;22988.1;WITHIN;
21728fa3-8b45-50af-a14d-db5382184268;85779d03-75d5-5f83-84b3-0a89c8d7a02e;270;013573ad-8e1e-50ab-bfd5-140b70dbab8b;Jet A into-plane LAX B61300 25Sep N943JT;4500301210;00010;16622.000;LTR;1.3080;21741.58;U1;193.21;4e889a62-5a33-55f6-90b3-a74fcca7d033;e658b3bd-131f-5867-b3c3-57e54ebc7f26;CGA-LAX-552094;e91d7d07-4e91-5aee-9e80-dc656bec51f9;4500301210;5000301210;TICKET_NUMBER;FUELLAX;400000;MATCHED;0.00;0.00;NONE;2d79d0c7-9ee1-5029-b698-3bdc3896b023;13187.89;1.6486;21741.58;WITHIN;
fa6c39e7-c954-54bd-a0bf-6aca29e2704c;85779d03-75d5-5f83-84b3-0a89c8d7a02e;280;013573ad-8e1e-50ab-bfd5-140b70dbab8b;Jet A into-plane LAX B6188 25Sep N2165J;4500301350;00010;13712.000;LTR;1.3080;17935.30;U1;159.39;81e6fe76-21a0-5400-8821-7e49d52edd5d;66a6545a-09e7-5f44-b146-81ef7dfa5f61;CGA-LAX-552096;795157ff-c8bb-5e34-a81f-b953f4d9ea86;4500301350;5000301350;TICKET_NUMBER;FUELLAX;400000;MATCHED;0.00;0.00;NONE;adaf8350-f523-5b32-8025-35ebb99a4394;10869.5;1.6501;17935.3;WITHIN;
e60f6f62-31c0-5506-aa45-ffc7ac85f4f3;85779d03-75d5-5f83-84b3-0a89c8d7a02e;290;013573ad-8e1e-50ab-bfd5-140b70dbab8b;Jet A into-plane LAX B61524 25Sep N2156J;4500301351;00010;14701.000;LTR;1.3080;19228.91;U1;170.88;f7cc98c3-e560-5448-b297-b8ca13039c06;62675270-c7df-5459-b42a-91669dc4293b;CGA-LAX-552099;90f83fcf-37c2-57ae-bc71-168003b8fdac;4500301351;5000301351;TICKET_NUMBER;FUELLAX;400000;MATCHED;0.00;0.00;NONE;9161c6fc-53ba-5626-8982-8bfb92270db7;11697.59;1.6438;19228.91;WITHIN;
d2bd7ec2-27d8-5082-a552-633d296f8f87;85779d03-75d5-5f83-84b3-0a89c8d7a02e;300;013573ad-8e1e-50ab-bfd5-140b70dbab8b;Jet A into-plane LAX B61488 25Sep N2142J;4500301366;00010;12706.000;LTR;1.3080;16619.45;U1;147.69;f15b0b51-f672-5542-935f-6a7639d026d8;8161d336-8077-5ed3-af56-d138ae839e1f;CGA-LAX-552101;7875c5f0-17b0-5f7e-bab2-521527d8e8a4;4500301366;5000301366;TICKET_NUMBER;FUELLAX;400000;MATCHED;0.00;0.00;NONE;1295dc44-c3ce-5b8b-9c57-4db24fd46b84;10093.65;1.6465;16619.45;WITHIN;
52da89dd-5f7c-54ca-b2c5-ef888935eab3;85779d03-75d5-5f83-84b3-0a89c8d7a02e;310;013573ad-8e1e-50ab-bfd5-140b70dbab8b;Jet A into-plane LAX B61400 25Sep N988JT;4500301369;00010;15680.000;LTR;1.3080;20509.44;U1;182.26;7bd0ed19-cc0e-51f7-9ed0-7b6dca44881d;d1072581-7399-590b-826c-1eb8ae1e0fa5;CGA-LAX-552103;7c3ac2cf-819d-53a0-aa7b-ebc29f4e1446;4500301369;5000301369;TICKET_NUMBER;FUELLAX;400000;MATCHED;0.00;0.00;NONE;7a217be0-1c83-54de-87db-80c03c0f5f0b;12476.58;1.6438;20509.44;WITHIN;
31a60202-6a9b-56dd-b876-a00ffcb935cc;85779d03-75d5-5f83-84b3-0a89c8d7a02e;320;013573ad-8e1e-50ab-bfd5-140b70dbab8b;Jet A into-plane LAX B62074 26Sep N962JT;4500301517;00010;17806.000;LTR;1.3159;23430.92;U1;206.98;0eb1f314-e902-5c31-9005-b7cd40a1452b;0aab5600-56b7-5ccb-b8c4-1ef4d636f062;CGA-LAX-552105;298c6013-5ddc-52d0-ad13-8f0b7aa54e6f;4500301517;5000301517;TICKET_NUMBER;FUELLAX;400000;MATCHED;0.00;0.00;NONE;4892de37-4145-5e42-bbe5-061569202914;14298.22;1.6387;23430.92;WITHIN;
c05a7996-36de-510f-bd99-998dbdcbc4f1;85779d03-75d5-5f83-84b3-0a89c8d7a02e;330;013573ad-8e1e-50ab-bfd5-140b70dbab8b;Jet A into-plane LAX B6524 26Sep N981JT;4500301574;00010;18956.000;LTR;1.3159;24944.20;U1;220.34;d2579097-9547-5172-b921-d4efef9e870a;562de218-cd6a-5be0-9f47-1b3da8855a92;CGA-LAX-552108;40e7cc9b-1516-512e-b972-744f14ce3c3f;4500301574;5000301574;TICKET_NUMBER;FUELLAX;400000;MATCHED;0.00;0.00;NONE;66ae96f4-dc07-5a08-9692-d2f20e175141;15267.16;1.6338;24944.2;WITHIN;
c7ed450a-ff47-56c1-9742-711cdd9188ad;85779d03-75d5-5f83-84b3-0a89c8d7a02e;340;013573ad-8e1e-50ab-bfd5-140b70dbab8b;Jet A into-plane LAX B61700 26Sep N977JE;4500301655;00010;14178.000;LTR;1.3159;18656.83;U1;164.81;aedf10b6-6494-5967-8128-b4404aaffc28;d44ab7d6-27df-5f48-83a5-88a6eac65cee;CGA-LAX-552110;8496dea3-3497-59f2-9d3a-a5ec7ad8e4ac;4500301655;5000301655;TICKET_NUMBER;FUELLAX;400000;MATCHED;0.00;0.00;NONE;70db5105-cd65-5e3e-b647-6aa5cf0de8dc;11427.47;1.6326;18656.83;WITHIN;
9ce43e55-4f7f-54be-98b4-cff3e804b2f7;85779d03-75d5-5f83-84b3-0a89c8d7a02e;350;013573ad-8e1e-50ab-bfd5-140b70dbab8b;Jet A into-plane LAX B61874 26Sep N964JT;4500301674;00010;20197.000;LTR;1.3159;26577.23;U1;234.77;cc971c29-81dc-53ed-bcd9-14c212fed59f;499e9d24-73a8-5c07-89f8-835d7031474e;CGA-LAX-552113;41e74a55-af03-55fe-9119-4eebc923fd40;4500301674;5000301674;TICKET_NUMBER;FUELLAX;400000;MATCHED;0.00;0.00;NONE;e9f32731-802d-55a0-908d-b8f918905b03;16280.8;1.6324;26577.23;WITHIN;
ba0f421e-44ac-5e77-a4d2-85629781422c;5c3e0bf6-0051-57f7-867f-2d0d302b1eb3;10;013573ad-8e1e-50ab-bfd5-140b70dbab8b;Jet A into-plane LAX B61574 23Sep N946JL;4500300078;00010;16807.000;LTR;1.2844;21586.91;U1;195.36;cdb1972f-f900-53da-829b-48fe35bd33db;e84a2461-b584-5373-9f73-2ac82583caef;WFS-LAX-154027;676bb69b-8fda-57c5-8b9a-e37f2602b5f4;4500300078;5000300078;TICKET_NUMBER;FUELLAX;400000;MATCHED;0.00;0.00;NONE;6dc19abf-4608-5666-aad2-fea1cc8d9f96;13430.47;1.6073;21586.91;WITHIN;
e37f701a-7367-586f-8f39-614b0b32c789;5c3e0bf6-0051-57f7-867f-2d0d302b1eb3;20;013573ad-8e1e-50ab-bfd5-140b70dbab8b;Jet A into-plane LAX B61024 23Sep N2169J;4500300094;00010;12728.000;LTR;1.2844;16347.84;U1;147.95;45937fba-2053-5f25-93be-7b3fe8652783;148c0569-dd56-50ec-b1d8-4401a55a6146;WFS-LAX-154029;b4f47efd-1194-5e3a-a1b1-86ed5498c214;4500300094;5000300094;TICKET_NUMBER;FUELLAX;400000;MATCHED;0.00;0.00;NONE;a8528437-bc5c-5c9f-8ad9-beebea3ef79a;10150.58;1.6105;16347.84;WITHIN;
431bce34-8cbd-5091-8932-27cd100cadae;5c3e0bf6-0051-57f7-867f-2d0d302b1eb3;30;013573ad-8e1e-50ab-bfd5-140b70dbab8b;Jet A into-plane LAX B61224 24Sep N961JT;4500300101;00010;17985.000;LTR;1.2923;23242.02;U1;209.06;0ef95b51-23a4-50d1-bf6f-99856ff7a6ef;b7f97458-415b-5d77-b1d7-55249eb3e366;WFS-LAX-154030;7dc0a21d-61e9-5221-ad94-4590ba3ce976;4500300101;5000300101;TICKET_NUMBER;FUELLAX;400000;MATCHED;0.00;0.00;NONE;5749218d-ccd3-50fb-8afd-4d17b41ae705;14470.73;1.6061;23242.02;WITHIN;
fd0984f4-f7bc-5db2-984a-b01dcaef310b;5c3e0bf6-0051-57f7-867f-2d0d302b1eb3;40;013573ad-8e1e-50ab-bfd5-140b70dbab8b;Jet A into-plane LAX B6288 24Sep N982JB;4500300288;00010;17482.000;LTR;1.2923;22591.99;U1;203.21;edbb889d-ee20-5681-be92-af973eca0ef7;4c0422f3-15b3-5edd-a048-54061576bb33;WFS-LAX-154031;7fb2fc89-b489-5afd-81ba-ced33598ff48;4500300288;5000300288;TICKET_NUMBER;FUELLAX;400000;MATCHED;0.00;0.00;NONE;ccf4b3da-d618-58f0-8d1e-20eadbfe3aee;14073.01;1.6053;22591.99;WITHIN;
b0f49093-01e6-5665-9bc0-d79b29d3b3a0;5c3e0bf6-0051-57f7-867f-2d0d302b1eb3;50;013573ad-8e1e-50ab-bfd5-140b70dbab8b;Jet A into-plane LAX B6424 24Sep N945JT;4500300381;00010;18081.000;LTR;1.2923;23366.08;U1;210.17;dd805eb4-cb1f-57b2-8308-9cdb336a0dca;c95b4db6-96f3-516d-bb27-8bc17125b5e2;WFS-LAX-154032;7ac7c24c-53e7-5ec3-9c17-86e0fe1f75e4;4500300381;5000300381;TICKET_NUMBER;FUELLAX;400000;MATCHED;0.00;0.00;NONE;af33e691-2cef-55ec-9fdd-ff473b5c782d;14591.37;1.6014;23366.08;WITHIN;
fe3581db-6626-5efd-afe5-519ae158971f;5c3e0bf6-0051-57f7-867f-2d0d302b1eb3;60;013573ad-8e1e-50ab-bfd5-140b70dbab8b;Jet A into-plane LAX B6988 24Sep N946JL;4500300501;00010;18763.000;LTR;1.2923;24247.42;U1;218.10;e69329d6-eed4-5d6a-b279-03bb0ffe6456;fc3cd24c-6929-5531-b5bb-cd5ca4d53006;WFS-LAX-154035;f65c7e02-fe82-550c-8237-a45e325d895f;4500300501;5000300501;TICKET_NUMBER;FUELLAX;400000;MATCHED;0.00;0.00;NONE;3b635dd2-1caa-5cb9-9f21-9b13f7b2f90e;15091.08;1.6067;24247.42;WITHIN;
d01ed2c5-4dbd-58dd-b184-e40d046738dc;5c3e0bf6-0051-57f7-867f-2d0d302b1eb3;70;013573ad-8e1e-50ab-bfd5-140b70dbab8b;Jet A into-plane LAX B61200 24Sep N985JT;4500300502;00010;14508.000;LTR;1.2923;18748.69;U1;168.64;5887e8f3-1eaa-5e04-b9d2-9e2152ca7a68;63a265a1-9cfa-573c-9ac0-c854ce1055b9;WFS-LAX-154038;e08c2c1d-d077-52d2-b628-1c0cc5344d8b;4500300502;5000300502;TICKET_NUMBER;FUELLAX;400000;MATCHED;0.00;0.00;NONE;b17cbff4-05a5-5b23-9695-e8c854937bfc;11699.25;1.6026;18748.69;WITHIN;
52dd7cf3-eae3-59bd-8e69-789dd300e58b;5c3e0bf6-0051-57f7-867f-2d0d302b1eb3;80;013573ad-8e1e-50ab-bfd5-140b70dbab8b;Jet A into-plane LAX B62088 24Sep N979JT;4500300534;00010;19506.000;LTR;1.2923;25207.60;U1;226.74;a459f2ab-5ed5-53ec-9c6b-bf40b01c80a2;89459899-30c2-54e0-ab11-a3ab8ffc86f1;WFS-LAX-154039;499e9652-857a-52db-b635-86e8f3041a56;4500300534;5000300534;TICKET_NUMBER;FUELLAX;400000;MATCHED;0.00;0.00;NONE;2dea292f-53a9-5295-a603-4d3ff0c3cf1f;15721.84;1.6033;25207.6;WITHIN;
5fcfe79c-a831-5ea3-9d00-8e9af2660d61;5c3e0bf6-0051-57f7-867f-2d0d302b1eb3;90;013573ad-8e1e-50ab-bfd5-140b70dbab8b;Jet A into-plane LAX B61574 24Sep N983JT;4500300719;00010;16786.000;LTR;1.2923;21692.55;U1;195.12;0ce0b86f-2f5f-5576-ad71-851fde7beee7;7356b9e1-2b29-5975-8f8d-dfa6d31d5fd2;WFS-LAX-154041;99e9af48-b349-533f-88f6-0be13d267667;4500300719;5000300719;TICKET_NUMBER;FUELLAX;400000;MATCHED;0.00;0.00;NONE;178777dd-4061-5182-bed6-2f04b7c9d806;13546.3;1.6014;21692.55;WITHIN;
3eb6d6d0-8017-53f3-b730-965e811b8d73;5c3e0bf6-0051-57f7-867f-2d0d302b1eb3;100;013573ad-8e1e-50ab-bfd5-140b70dbab8b;Jet A into-plane LAX B61224 25Sep N947JB;4500300741;00010;17809.000;LTR;1.3029;23203.35;U1;207.01;321ae868-1fc9-506e-ac11-129df3cd76a7;b6a378fb-022c-5e06-9dbb-58bb0b97f405;WFS-LAX-154043;84b1a3c6-bf32-5422-a6cb-816c0e2bcd9d;4500300741;5000300741;TICKET_NUMBER;FUELLAX;400000;MATCHED;0.00;0.00;NONE;29312397-db5c-5ec5-9a70-be140bc2ff36;14133.22;1.6418;23203.35;WITHIN;
59c4e6bd-835c-50f6-b413-c017b85697da;5c3e0bf6-0051-57f7-867f-2d0d302b1eb3;110;013573ad-8e1e-50ab-bfd5-140b70dbab8b;Jet A into-plane LAX B61024 25Sep N967JT;4500300745;00010;16492.000;LTR;1.3029;21487.43;U1;191.70;f1269722-900b-599c-aa95-e22bd3ceec23;a24e1291-3235-56ac-b53e-023950973041;WFS-LAX-154045;40e7e942-6602-5f50-9123-a1576a0f4130;4500300745;5000300745;TICKET_NUMBER;FUELLAX;400000;MATCHED;0.00;0.00;NONE;32717ce5-0e96-5ceb-8481-40d50f253e55;13061.66;1.6451;21487.43;WITHIN;
ca52e2cf-04bf-5946-acb7-e8b0cc1968c6;5c3e0bf6-0051-57f7-867f-2d0d302b1eb3;120;013573ad-8e1e-50ab-bfd5-140b70dbab8b;Jet A into-plane LAX B6288 25Sep N929JB;4500300902;00010;17736.000;LTR;1.3029;23108.23;U1;206.16;340b87cc-9496-5486-b2f5-a128b944e920;853d374a-6b1d-5c95-8993-2c865403a445;WFS-LAX-154046;6a37738a-f349-5e1c-8b2e-32de4b8c5fb1;4500300902;5000300902;TICKET_NUMBER;FUELLAX;400000;MATCHED;0.00;0.00;NONE;a0278c14-e0b2-5561-a25f-1080c58af775;14066.42;1.6428;23108.23;WITHIN;
b7cda86c-bd07-5977-886a-3612b39db802;5c3e0bf6-0051-57f7-867f-2d0d302b1eb3;130;013573ad-8e1e-50ab-bfd5-140b70dbab8b;Jet A into-plane LAX B6424 25Sep N987JT;4500301038;00010;16492.000;LTR;1.3029;21487.43;U1;191.70;acfe4298-7236-5d21-add7-a9a0d03948b2;37d9c0c2-213f-50ac-a32e-b3a755989332;WFS-LAX-154047;c582d0a4-b9ba-5887-910d-42185fc3fea7;4500301038;5000301038;TICKET_NUMBER;FUELLAX;400000;MATCHED;0.00;0.00;NONE;8615c973-0f3e-5ada-a5ab-ed600fc89218;13116.09;1.6382;21487.43;WITHIN;
dd11de7b-b150-503f-832b-419dab904387;5c3e0bf6-0051-57f7-867f-2d0d302b1eb3;140;013573ad-8e1e-50ab-bfd5-140b70dbab8b;Jet A into-plane LAX B6988 25Sep N983JT;4500301072;00010;17536.000;LTR;1.3029;22847.65;U1;203.84;a406a530-9408-5c99-ad52-7b38988b01eb;a6321e5b-d2f0-5a12-9558-e2f22a3a2c9e;WFS-LAX-154048;aa75b36e-bdaf-5aae-a92c-1f2438118a05;4500301072;5000301072;TICKET_NUMBER;FUELLAX;400000;MATCHED;0.00;0.00;NONE;cde6a49d-8987-50a0-986e-0f13e74a4a3c;13920.08;1.6413;22847.65;WITHIN;
b2e8f23f-725f-5e76-bcc9-da464dde1b0d;5c3e0bf6-0051-57f7-867f-2d0d302b1eb3;150;013573ad-8e1e-50ab-bfd5-140b70dbab8b;Jet A into-plane LAX B62088 25Sep N982JB;4500301127;00010;17965.000;LTR;1.3029;23406.60;U1;208.83;9777fa37-23fe-55c0-a19c-04509e30fd9e;81df0107-d4e1-5973-a524-f697b5c1d87f;WFS-LAX-154050;85d5257c-7f39-5deb-8e91-14b4f05fd884;4500301127;5000301127;TICKET_NUMBER;FUELLAX;400000;MATCHED;0.00;0.00;NONE;fa37dbd9-8280-56c2-8ec6-e5293f2eab6c;14287.56;1.6383;23406.6;WITHIN;
02c21224-3498-5883-b2cc-8f1f8ac03f86;5c3e0bf6-0051-57f7-867f-2d0d302b1eb3;160;013573ad-8e1e-50ab-bfd5-140b70dbab8b;Jet A into-plane LAX B61200 25Sep N937JB;4500301153;00010;14844.000;LTR;1.3029;19340.25;U1;172.55;6fd578e3-1f6b-5a28-8b9a-772a0a7bdb59;6c6c9774-d863-568b-8d8c-c5a8e6b5d3a7;WFS-LAX-154051;7f2cd00e-470e-554f-8f74-edb5d638404b;4500301153;5000301153;TICKET_NUMBER;FUELLAX;400000;MATCHED;0.00;0.00;NONE;d2aee77a-fbd9-58e1-9e4d-c0e1a43becc7;11775.75;1.6424;19340.25;WITHIN;
52e69917-409e-5458-8eea-97061f06dc8d;5c3e0bf6-0051-57f7-867f-2d0d302b1eb3;170;013573ad-8e1e-50ab-bfd5-140b70dbab8b;Jet A into-plane LAX B61574 25Sep N964JT;4500301347;00010;17742.000;LTR;1.3029;23116.05;U1;206.23;fd742181-ac25-5727-a3b2-e1af13baefa5;5a64850f-ce91-5a74-abdf-7dc42a0b8312;WFS-LAX-154053;89501393-1550-5bed-912f-961bd10ea467;4500301347;5000301347;TICKET_NUMBER;FUELLAX;400000;MATCHED;0.00;0.00;NONE;8a0577e4-fde9-50b1-93f8-73eeaf25c4e7;14064.08;1.6436;23116.05;WITHIN;
c4f318d3-babc-5742-ab4c-699cb63fb6cf;5c3e0bf6-0051-57f7-867f-2d0d302b1eb3;180;013573ad-8e1e-50ab-bfd5-140b70dbab8b;Jet A into-plane LAX B61024 25Sep N2151J;4500301368;00010;13118.000;LTR;1.3029;17091.44;U1;152.48;402468a6-014d-5a13-a454-bbd300a38b78;9c48f333-b320-53a6-bd5d-e490044be5aa;WFS-LAX-154054;c0e5c82c-6a5b-56df-a993-255ea0d43a64;4500301368;5000301368;TICKET_NUMBER;FUELLAX;400000;MATCHED;0.00;0.00;NONE;56ddfc43-71be-58de-b948-e975c9975f2b;10403.89;1.6428;17091.44;WITHIN;
257bf43c-92b9-5beb-a848-e2bafb2debdd;5c3e0bf6-0051-57f7-867f-2d0d302b1eb3;190;013573ad-8e1e-50ab-bfd5-140b70dbab8b;Jet A into-plane LAX B61224 25Sep N968JT;4500301377;00010;18664.000;LTR;1.3029;24317.33;U1;216.95;bba536ee-4bfb-577b-933f-45f8f38f3094;28a5a3c6-eba3-53e3-b6ff-b8c38c0eb577;WFS-LAX-154056;1948c319-6add-526b-b66c-43c740a4fa6b;4500301377;5000301377;TICKET_NUMBER;FUELLAX;400000;MATCHED;0.00;0.00;NONE;b9a1fc57-63e4-5e6c-9ab5-77b805138509;14845.35;1.638;24317.33;WITHIN;
efe2b7a4-1db6-50b7-b2e3-98c94be36b99;5c3e0bf6-0051-57f7-867f-2d0d302b1eb3;200;013573ad-8e1e-50ab-bfd5-140b70dbab8b;Jet A into-plane LAX B6288 26Sep N989JT;4500301536;00010;18557.000;LTR;1.3108;24324.52;U1;215.71;4efaba42-9d13-5240-b9f0-0ba1532016d6;a813bcd5-6abe-5910-96cd-dd5eb5a9fa49;WFS-LAX-154059;cf7506fb-7b3b-5ca5-b16d-8b3c60d1b865;4500301536;5000301536;TICKET_NUMBER;FUELLAX;400000;MATCHED;0.00;0.00;NONE;e313d620-7146-5e19-90d5-8ee24a40fec4;14908.69;1.6316;24324.52;WITHIN;
bf574c08-3103-5cae-9a09-603ce2bcb801;5c3e0bf6-0051-57f7-867f-2d0d302b1eb3;210;013573ad-8e1e-50ab-bfd5-140b70dbab8b;Jet A into-plane LAX B6988 26Sep N991JT;4500301630;00010;18931.000;LTR;1.3108;24814.75;U1;220.05;5311bee9-ef12-5d57-be2e-f9893e9d5d65;211f6b97-6679-5053-adb3-dfe7444a5c0c;WFS-LAX-154060;1730396b-fe2d-5385-aaff-41c0e2c32ff7;4500301630;5000301630;TICKET_NUMBER;FUELLAX;400000;MATCHED;0.00;0.00;NONE;714ca0bf-a8ff-5779-afdd-d315c09c4c5c;15199.7;1.6326;24814.75;WITHIN;
1826c224-a0cc-534b-8871-7e45a7254b2e;1d2ab008-4dbc-53b1-a211-c6e0bb80db76;10;013573ad-8e1e-50ab-bfd5-140b70dbab8b;Jet A into-plane LGA B6571 23Sep N828JB;4500300043;00010;8700.000;LTR;1.2939;11256.93;U1;101.13;d9c4e7d4-0fe0-58ae-881b-f6efd5daa4f0;ed1245c0-0b32-5182-adc4-6c00ef195f6e;WFS-LGA-756500;d43b0051-93ba-59ac-80a4-5181ea56a22e;4500300043;5000300043;TICKET_NUMBER;FUELLGA;400000;MATCHED;0.00;0.00;NONE;78456c96-f3de-5fd2-b161-7eb8f1c41483;7012.2;1.6053;11256.93;WITHIN;
10099169-03ee-5401-ab8a-787bff4b252c;1d2ab008-4dbc-53b1-a211-c6e0bb80db76;20;013573ad-8e1e-50ab-bfd5-140b70dbab8b;Jet A into-plane LGA B61471 24Sep N584JB;4500300124;00010;7138.000;LTR;1.3018;9292.25;U1;82.97;6ca187ea-e68c-5a65-9ebc-9c4ae21ab216;3dd5ae8b-26f4-5312-b065-5d25b208c741;WFS-LGA-756501;f2cb8cae-e9e0-5f7a-b60c-9c2b0d18635b;4500300124;5000300124;TICKET_NUMBER;FUELLGA;400000;MATCHED;0.00;0.00;NONE;31cd5aab-e947-57dd-acd9-a0a20cf095d3;5760.37;1.6131;9292.25;WITHIN;
055f9d7e-c6cf-5410-89e7-9db16c95e3af;1d2ab008-4dbc-53b1-a211-c6e0bb80db76;30;013573ad-8e1e-50ab-bfd5-140b70dbab8b;Jet A into-plane LGA B61461 24Sep N3196J;4500300181;00010;6107.000;LTR;1.3018;7950.09;U1;70.99;3aca7b39-df61-543a-8f21-352f83884016;9de1c68e-4402-5116-a316-f1216bb57ea4;WFS-LGA-756503;842617e7-80c6-567d-8c42-6398d23bbcf3;4500300181;5000300181;TICKET_NUMBER;FUELLGA;400000;MATCHED;0.00;0.00;NONE;ae9bccf1-2517-57cf-bb2f-0e9d76dbf478;4925.3;1.6141;7950.09;WITHIN;
18087cab-fa66-5fb9-b930-6871e41ac8df;1d2ab008-4dbc-53b1-a211-c6e0bb80db76;40;013573ad-8e1e-50ab-bfd5-140b70dbab8b;Jet A into-plane LGA B6599 24Sep N665JB;4500300189;00010;6290.000;LTR;1.3018;8188.32;U1;73.11;25943399-325b-59ed-8a36-2e329f8da7f4;4cb45957-72fa-5da2-a132-f6bc858f3a59;WFS-LGA-756504;386b83c5-1894-5556-b0cc-b301d382be66;4500300189;5000300189;TICKET_NUMBER;FUELLGA;400000;MATCHED;0.00;0.00;NONE;c86f72d5-d8ad-5afc-8394-264353a29050;5063.45;1.6171;8188.32;WITHIN;
0f881b72-8c2b-54d7-b335-f3b40776dcba;1d2ab008-4dbc-53b1-a211-c6e0bb80db76;50;013573ad-8e1e-50ab-bfd5-140b70dbab8b;Jet A into-plane LGA B6271 24Sep N643JB;4500300216;00010;6442.000;LTR;1.3018;8386.20;U1;74.88;49852a1c-2ca5-590e-9791-149f1cc2ee13;11329bc4-8219-5ec0-b7db-4af17226e9f4;WFS-LGA-756505;0cde3a46-8b4f-5aff-8a56-799104728997;4500300216;5000300216;TICKET_NUMBER;FUELLGA;400000;MATCHED;0.00;0.00;NONE;fccd6575-4e96-5640-8fed-8abe85d61eb8;5181.94;1.6184;8386.2;WITHIN;
35a9b6b8-6f5a-5130-ac79-375dd1967c65;1d2ab008-4dbc-53b1-a211-c6e0bb80db76;60;013573ad-8e1e-50ab-bfd5-140b70dbab8b;Jet A into-plane LGA B62432 24Sep N3142J;4500300369;00010;631.000;LTR;1.3018;821.44;U1;7.33;8fd75727-a2a9-53cf-ba1a-0fb2e8953715;c5dd4814-f447-55a2-8005-8847845da4c3;WFS-LGA-756508;fc093323-ec56-545e-b768-a88423840c76;4500300369;5000300369;TICKET_NUMBER;FUELLGA;400000;MATCHED;0.00;0.00;NONE;e571d3f2-c7ab-5baf-99df-827ba11532e4;508.27;1.6161;821.44;WITHIN;
fc82cc15-c447-5ceb-802f-af481d9bcd1b;1d2ab008-4dbc-53b1-a211-c6e0bb80db76;70;013573ad-8e1e-50ab-bfd5-140b70dbab8b;Jet A into-plane LGA B6499 24Sep N592JB;4500300394;00010;7612.000;LTR;1.3018;9909.30;U1;88.48;b212da9b-9891-575a-a03a-85d90979a286;ef55b5c1-390d-5e8c-ab61-a45d6d154b16;WFS-LGA-756509;3f1ef26d-d726-5307-acab-65a444e28d11;4500300394;5000300394;TICKET_NUMBER;FUELLGA;400000;MATCHED;0.00;0.00;NONE;dce1bc02-c491-5b49-b7cb-4e88a1e85615;6124.62;1.6179;9909.3;WITHIN;
08688c86-ff01-5cbe-91a3-77557a0fbb0e;1d2ab008-4dbc-53b1-a211-c6e0bb80db76;80;013573ad-8e1e-50ab-bfd5-140b70dbab8b;Jet A into-plane LGA B6399 24Sep N3289J;4500300431;00010;6105.000;LTR;1.3018;7947.49;U1;70.96;1752ac25-e07e-5174-9aa1-3d6e58c4d37d;7c26809d-2132-5624-8779-93a581a3410f;WFS-LGA-756510;d1f9ede9-50c3-51c1-a3d6-d966520611b8;4500300431;5000300431;TICKET_NUMBER;FUELLGA;400000;MATCHED;0.00;0.00;NONE;084eed89-b3e9-5f55-851d-ec47e27c004a;4905.98;1.62;7947.49;WITHIN;
16d4cd62-e424-5cf0-a6ba-5d0e72fed362;1d2ab008-4dbc-53b1-a211-c6e0bb80db76;90;013573ad-8e1e-50ab-bfd5-140b70dbab8b;Jet A into-plane LGA B61761 24Sep N729JB;4500300500;00010;7137.000;LTR;1.3018;9290.95;U1;82.96;565cb15e-da36-5ef7-bb41-8b00bbf8f6f2;acac5d1d-4e15-5a18-8c9a-7278629d1b49;WFS-LGA-756511;0c828fe7-895f-504f-9923-ef0f149d787f;4500300500;5000300500;TICKET_NUMBER;FUELLGA;400000;MATCHED;0.00;0.00;NONE;b3cf98c5-ba0e-5103-bebe-fa4e65352c62;5741.72;1.6181;9290.95;WITHIN;
33db2171-c40c-5d3f-b71f-334e34e1bf27;1d2ab008-4dbc-53b1-a211-c6e0bb80db76;100;013573ad-8e1e-50ab-bfd5-140b70dbab8b;Jet A into-plane LGA B6598 24Sep N535JB;4500300507;00010;8558.000;LTR;1.3018;11140.80;U1;99.48;f766f987-a528-5c29-9eb6-97ec0ab5689d;1836494d-98d7-514f-b7d7-84ca3ccc3e2e;WFS-LGA-756514;f6b347e7-0a16-52e0-bc42-1441a0ec55dd;4500300507;5000300507;TICKET_NUMBER;FUELLGA;400000;MATCHED;0.00;0.00;NONE;7df9e63b-b33e-54c7-8e8f-e8e1ab35c87d;6890.9;1.6167;11140.8;WITHIN;
5c2c5815-0eae-5924-948f-8c84ba7f612a;1d2ab008-4dbc-53b1-a211-c6e0bb80db76;110;013573ad-8e1e-50ab-bfd5-140b70dbab8b;Jet A into-plane LGA B61371 24Sep N656JB;4500300539;00010;7811.000;LTR;1.3018;10168.36;U1;90.80;8495a426-d5ab-5318-a41b-b0c39d2726e1;dc6c38c2-a79c-5684-b841-ef77b7a800bd;WFS-LGA-756515;d9f2730c-6505-5743-87a3-9098a7a52d76;4500300539;5000300539;TICKET_NUMBER;FUELLGA;400000;MATCHED;0.00;0.00;NONE;b271a382-e4bd-569a-8904-9f12351fc6d2;6304.26;1.6129;10168.36;WITHIN;
fc1b6d2c-179f-5df0-b555-60f6fbb0d483;1d2ab008-4dbc-53b1-a211-c6e0bb80db76;120;013573ad-8e1e-50ab-bfd5-140b70dbab8b;Jet A into-plane LGA B6371 24Sep N657JB;4500300582;00010;7192.000;LTR;1.3018;9362.55;U1;83.60;cf25d84a-3f1a-5b10-8240-6f3df6feede3;9fc161a4-7f44-5ce1-9bfa-77eb1c32b833;WFS-LGA-756517;acd8b0c1-dc81-55f1-b1f4-c14b48d7a26e;4500300582;5000300582;TICKET_NUMBER;FUELLGA;400000;MATCHED;0.00;0.00;NONE;6c16de4f-fa12-5640-9845-132846f4b2cf;5779.49;1.62;9362.55;WITHIN;
534dde94-35f4-501c-a277-f5330ce7aed3;1d2ab008-4dbc-53b1-a211-c6e0bb80db76;130;013573ad-8e1e-50ab-bfd5-140b70dbab8b;Jet A into-plane LGA B6571 24Sep N646JB;4500300674;00010;7785.000;LTR;1.3018;10134.51;U1;90.49;9c49ef52-df83-5df2-a300-4b9baa236349;c0e1915b-7152-5bbc-9c02-b2872bb05df8;WFS-LGA-756519;56d3614e-c759-54ed-87b1-357216e1ebe6;4500300674;5000300674;TICKET_NUMBER;FUELLGA;400000;MATCHED;0.00;0.00;NONE;ee6cae28-01bc-5538-9ba2-a67a555b1211;6276.27;1.6147;10134.51;WITHIN;
5ae13ff5-01bd-526b-9d1f-0e58e33de446;1d2ab008-4dbc-53b1-a211-c6e0bb80db76;140;013573ad-8e1e-50ab-bfd5-140b70dbab8b;Jet A into-plane LGA B6699 24Sep N580JB;4500300688;00010;6556.000;LTR;1.3018;8534.60;U1;76.21;41186acf-dfad-524b-a49e-a301765bae61;6e57d8fd-1d20-566d-8c63-b8b49f285500;WFS-LGA-756520;1e93f126-da6e-53f4-a29d-4383e3a43891;4500300688;5000300688;TICKET_NUMBER;FUELLGA;400000;MATCHED;0.00;0.00;NONE;ca56294c-0883-5a34-9ab1-04eda5d469d6;5268.4;1.62;8534.6;WITHIN;
22e8f5fa-ab27-5603-8e3c-6e33f1bb1cb9;1d2ab008-4dbc-53b1-a211-c6e0bb80db76;150;013573ad-8e1e-50ab-bfd5-140b70dbab8b;Jet A into-plane LGA B61471 25Sep N615JB;4500300762;00010;7889.000;LTR;1.3124;10353.52;U1;91.70;c004d550-d7e6-5831-993d-017f07f66385;db81e456-6cf8-54b8-9bb4-0b19fc7f75c8;WFS-LGA-756523;48aaa132-d0f0-594b-8c18-aa9472bf9809;4500300762;5000300762;TICKET_NUMBER;FUELLGA;400000;MATCHED;0.00;0.00;NONE;e261be98-d37e-5370-ac43-3a229f05b709;6318.3;1.6387;10353.52;WITHIN;
5c316d08-f0bd-5cac-a7d0-b53832daf9b0;1d2ab008-4dbc-53b1-a211-c6e0bb80db76;160;013573ad-8e1e-50ab-bfd5-140b70dbab8b;Jet A into-plane LGA B61461 25Sep N3289J;4500300812;00010;5915.000;LTR;1.3124;7762.85;U1;68.76;8cfc45bc-717d-52b8-9386-b4fcc60b05ff;34aab45a-ba52-57fb-9606-c66b8e017850;WFS-LGA-756524;1f07f864-a906-504c-9097-af66463672a6;4500300812;5000300812;TICKET_NUMBER;FUELLGA;400000;MATCHED;0.00;0.00;NONE;e52645c2-fab3-5f97-87eb-bed77c94ad33;4720.17;1.6446;7762.85;WITHIN;
0ad11cbd-ba2c-5576-971e-6c16c7e8dcfe;1d2ab008-4dbc-53b1-a211-c6e0bb80db76;170;013573ad-8e1e-50ab-bfd5-140b70dbab8b;Jet A into-plane LGA B6599 25Sep N663JB;4500300844;00010;5426.000;LTR;1.3124;7121.08;U1;63.07;5ee73389-315c-52c1-8419-83bdff2acaea;dc87b262-02e6-52be-9680-ad287ef5f196;WFS-LGA-756526;41e9cf70-5fbc-5aab-8e80-6f1dd64df54a;4500300844;5000300844;TICKET_NUMBER;FUELLGA;400000;MATCHED;0.00;0.00;NONE;fc78f57b-370f-556e-ae1b-1317a51b6edd;4336.46;1.6421;7121.08;WITHIN;
8a64a840-4d43-5f4b-84d3-7ce4e08f0c98;1d2ab008-4dbc-53b1-a211-c6e0bb80db76;180;013573ad-8e1e-50ab-bfd5-140b70dbab8b;Jet A into-plane LGA B6271 25Sep N508JL;4500300854;00010;8620.000;LTR;1.3124;11312.89;U1;100.20;9d73c22c-4fff-5755-a463-8512f00de73b;c64ab676-4c61-5e5d-bb75-9f0c4ffb21fa;WFS-LGA-756529;f9a33f1f-9b98-5f00-a01a-57fe5e3341ad;4500300854;5000300854;TICKET_NUMBER;FUELLGA;400000;MATCHED;0.00;0.00;NONE;786ef2a5-ea7a-53b0-8a20-174a44759587;6892.55;1.6413;11312.89;WITHIN;
d0247a8b-9c60-515a-a8f3-49b312d2a1e9;1d2ab008-4dbc-53b1-a211-c6e0bb80db76;190;013573ad-8e1e-50ab-bfd5-140b70dbab8b;Jet A into-plane LGA B6499 25Sep N599JB;4500300935;00010;6476.000;LTR;1.3124;8499.10;U1;75.28;6d7a3ab3-f2a1-5ed1-be04-b34314c20bc1;c6bf8c03-c5f2-57f3-af56-f283f0a9ab6a;WFS-LGA-756531;aabce8d1-dc39-58d6-a466-dd3e9a3db638;4500300935;5000300935;TICKET_NUMBER;FUELLGA;400000;MATCHED;0.00;0.00;NONE;a093cf60-fd04-5e2d-8b24-c192fc0afd61;5189.87;1.6376;8499.1;WITHIN;
728028d3-fc2e-5436-8490-a32fbed68aec;1d2ab008-4dbc-53b1-a211-c6e0bb80db76;200;013573ad-8e1e-50ab-bfd5-140b70dbab8b;Jet A into-plane LGA B62432 25Sep N3260J;4500301011;00010;1701.000;LTR;1.3124;2232.39;U1;19.77;f8801c03-b6de-58ee-a4c2-d0b1e1dc54bc;4ef49c02-7a32-5eef-af54-adf0a0fcd242;WFS-LGA-756532;47b7a055-b6e5-5f90-bdf6-eb9ee0ceb94a;4500301011;5000301011;TICKET_NUMBER;FUELLGA;400000;MATCHED;0.00;0.00;NONE;8630451d-7f42-5dd8-9093-3bc63f9f5dfe;1357.06;1.645;2232.39;WITHIN;
285e58bb-b996-59a5-bd2f-7956844dfa48;1d2ab008-4dbc-53b1-a211-c6e0bb80db76;210;013573ad-8e1e-50ab-bfd5-140b70dbab8b;Jet A into-plane LGA B61371 25Sep N597JB;4500301060;00010;9256.000;LTR;1.3124;12147.57;U1;107.59;6425e807-7858-58ff-97ad-1703329a9177;472c4a5d-d164-5fd3-9953-be3a6cc9078e;WFS-LGA-756533;d7eb81af-d38f-5ede-b416-23e413b7c766;4500301060;5000301060;TICKET_NUMBER;FUELLGA;400000;MATCHED;0.00;0.00;NONE;d64e030c-b01e-5247-9641-6cfcc3282a1b;7383.51;1.6452;12147.57;WITHIN;
0b985d51-db74-5e28-ba2a-3b2cfaa60378;1d2ab008-4dbc-53b1-a211-c6e0bb80db76;220;013573ad-8e1e-50ab-bfd5-140b70dbab8b;Jet A into-plane LGA B6399 25Sep N3232J;4500301125;00010;5971.000;LTR;1.3124;7836.34;U1;69.41;1e7b56cc-3928-5163-a4c8-0fec9748df24;ca2e803c-1a39-5620-9d76-b7db17a9bdfe;WFS-LGA-756535;e1ff32e3-bfa4-58e8-8620-03fa95510c49;4500301125;5000301125;TICKET_NUMBER;FUELLGA;400000;MATCHED;0.00;0.00;NONE;d4d6252e-0206-570b-b02b-e23aa2be4a26;4761.28;1.6458;7836.34;WITHIN;
6c4ef142-7da2-5a1d-a18b-a62cef5154ca;1d2ab008-4dbc-53b1-a211-c6e0bb80db76;230;013573ad-8e1e-50ab-bfd5-140b70dbab8b;Jet A into-plane LGA B61761 25Sep N729JB;4500301192;00010;6850.000;LTR;1.3124;8989.94;U1;79.62;9d2dd23a-d656-5842-9217-b70ae049e649;d0660282-680e-5d87-a97b-7e906e2d7b88;WFS-LGA-756538;dd3cef69-b6eb-5a67-80ff-79d3309e6e0c;4500301192;5000301192;TICKET_NUMBER;FUELLGA;400000;MATCHED;0.00;0.00;NONE;28e33f9b-ba0b-5526-9553-4ba2c26144bd;5471.09;1.6432;8989.94;WITHIN;
c7d0fbea-f865-5af5-bc69-4981f45500eb;1d2ab008-4dbc-53b1-a211-c6e0bb80db76;240;013573ad-8e1e-50ab-bfd5-140b70dbab8b;Jet A into-plane LGA B6371 25Sep N599JB;4500301304;00010;7041.000;LTR;1.3124;9240.61;U1;81.84;b3bf00d5-b889-5ca9-ae02-b7aac1de9cdd;80dd8b9c-33c3-5ab2-b84c-d58ca3f0b498;WFS-LGA-756541;4f6e2cda-f200-53e1-b877-4da71adc7734;4500301304;5000301304;TICKET_NUMBER;FUELLGA;400000;MATCHED;0.00;0.00;NONE;2ec851d1-0dd1-525f-be67-f4f46d4d2835;5642.66;1.6376;9240.61;WITHIN;
0d16a20c-5175-564a-a8c4-6c4f04b4ac36;1d2ab008-4dbc-53b1-a211-c6e0bb80db76;250;013573ad-8e1e-50ab-bfd5-140b70dbab8b;Jet A into-plane LGA B6699 25Sep N612JB;4500301324;00010;6628.000;LTR;1.3124;8698.59;U1;77.04;08bbf5b1-4fde-5837-b184-5bb2e3a6cc49;abd058f5-1b46-56b5-9d81-1e6931e0c212;WFS-LGA-756544;dec8f49a-ffa6-54b5-ba6b-e907309411ba;4500301324;5000301324;TICKET_NUMBER;FUELLGA;400000;MATCHED;0.00;0.00;NONE;4bf19c22-7032-5bc7-8dbc-590cd5f89a9b;5291.8;1.6438;8698.59;WITHIN;
f3c97500-d46d-552b-8679-eea72b6503f1;1d2ab008-4dbc-53b1-a211-c6e0bb80db76;260;013573ad-8e1e-50ab-bfd5-140b70dbab8b;Jet A into-plane LGA B6571 25Sep N655JB;4500301361;00010;6882.000;LTR;1.3124;9031.94;U1;80.00;a5d1d11f-39d2-5580-b7d7-80f44ead3e2e;a910a909-ce4c-5cff-af5d-78d36606333b;WFS-LGA-756545;f9ec03a5-9cce-516d-ae00-035291073d25;4500301361;5000301361;TICKET_NUMBER;FUELLGA;400000;MATCHED;0.00;0.00;NONE;69f50810-181c-5862-bed6-ff7e60d239b4;5508.35;1.6397;9031.94;WITHIN;
81e97274-e7fa-5341-8669-13656f765c42;1d2ab008-4dbc-53b1-a211-c6e0bb80db76;270;013573ad-8e1e-50ab-bfd5-140b70dbab8b;Jet A into-plane LGA B61471 26Sep N637JB;4500301407;00010;7598.000;LTR;1.3203;10031.64;U1;88.32;d72b13bb-6945-589d-9ae5-d870c540ebac;ae2612c7-0838-5182-b181-129054f5bb08;WFS-LGA-756548;0f7cffe9-9dd4-55ab-be0f-53e9d40f3e2c;4500301407;5000301407;TICKET_NUMBER;FUELLGA;400000;MATCHED;0.00;0.00;NONE;5d31568a-dafe-536d-b8e2-27ea6323652e;6097.39;1.6452;10031.64;WITHIN;
384a4645-9f30-5987-ad02-480be626f826;1d2ab008-4dbc-53b1-a211-c6e0bb80db76;280;013573ad-8e1e-50ab-bfd5-140b70dbab8b;Jet A into-plane LGA B61461 26Sep N3044J;4500301437;00010;5809.000;LTR;1.3203;7669.62;U1;67.52;7a67262c-25d8-5a6e-b478-1a8ce9abe3e5;2bcc9595-30db-5842-9005-ed013a374d54;WFS-LGA-756550;10a46c6f-661d-508c-a6fe-63c1f2dd25a4;4500301437;5000301437;TICKET_NUMBER;FUELLGA;400000;MATCHED;0.00;0.00;NONE;5531fd4d-8466-55d4-9c85-415cb61380e7;4683.22;1.6377;7669.62;WITHIN;
1ae2c4a7-e667-504c-8267-e410cdde562d;1d2ab008-4dbc-53b1-a211-c6e0bb80db76;290;013573ad-8e1e-50ab-bfd5-140b70dbab8b;Jet A into-plane LGA B6599 26Sep N566JB;4500301469;00010;8901.000;LTR;1.3203;11751.99;U1;103.47;3df609af-6bae-5423-83a1-7a47e6ff6ab4;8543eb0a-f96a-56a0-909b-ab43f3103086;WFS-LGA-756553;4ea3d116-225b-5675-afd9-d3fe48f387f5;4500301469;5000301469;TICKET_NUMBER;FUELLGA;400000;MATCHED;0.00;0.00;NONE;66b57640-911b-5692-8543-ecdd8850847c;7153.73;1.6428;11751.99;WITHIN;
5f147279-767a-5848-82b3-499b9de1ea0c;1d2ab008-4dbc-53b1-a211-c6e0bb80db76;300;013573ad-8e1e-50ab-bfd5-140b70dbab8b;Jet A into-plane LGA B6271 26Sep N656JB;4500301483;00010;6933.000;LTR;1.3203;9153.64;U1;80.59;20540ee4-b75e-59cf-8b8c-be41dcf2862b;3a6a0899-690b-5e89-b995-f67c3a8f2fd2;WFS-LGA-756556;4508acb3-8268-5075-9236-d91a0163f602;4500301483;5000301483;TICKET_NUMBER;FUELLGA;400000;MATCHED;0.00;0.00;NONE;19509caf-ee6a-5e76-b84f-6cf785ea63a2;5558.88;1.6467;9153.64;WITHIN;
9c7758ab-ebb0-5b54-aed1-af646d700218;1d2ab008-4dbc-53b1-a211-c6e0bb80db76;310;013573ad-8e1e-50ab-bfd5-140b70dbab8b;Jet A into-plane LGA B6499 26Sep N640JB;4500301555;00010;7238.000;LTR;1.3203;9556.33;U1;84.13;4239f39f-5b31-502d-8623-0860ebaea573;1c9f169f-fea0-5c7e-8c80-693847fddabc;WFS-LGA-756559;027108dc-864f-5ece-b04f-be0f2726b9ca;4500301555;5000301555;TICKET_NUMBER;FUELLGA;400000;MATCHED;0.00;0.00;NONE;c5ee9ab7-95b5-5ed6-8f5b-a1edc874c94c;5823.69;1.6409;9556.33;WITHIN;
099705c0-e9fe-5f45-b040-68781e0b200f;1d2ab008-4dbc-53b1-a211-c6e0bb80db76;320;013573ad-8e1e-50ab-bfd5-140b70dbab8b;Jet A into-plane LGA B61371 26Sep N523JB;4500301652;00010;5876.000;LTR;1.3203;7758.08;U1;68.30;2ffeffd7-8bad-5cf3-be46-65d71fc9ae77;43942f97-37c2-586a-961a-bf37654a7583;WFS-LGA-756560;2f02e0d5-90e1-5eb9-a3dd-0108b9c14b26;4500301652;5000301652;TICKET_NUMBER;FUELLGA;400000;MATCHED;0.00;0.00;NONE;697c1d43-fa34-51b2-bdf0-2e477ca4fd3b;4732.53;1.6393;7758.08;WITHIN;
78059915-a4a4-5838-bbd2-95c8099a64ab;1d2ab008-4dbc-53b1-a211-c6e0bb80db76;330;013573ad-8e1e-50ab-bfd5-140b70dbab8b;Jet A into-plane LGA B6399 26Sep N531JL;4500301716;00010;5860.000;LTR;1.3203;7736.96;U1;68.12;805562d6-dd66-5e8e-ad6c-6ee7a9efc2f5;b14ae5a9-463f-5cc2-b164-ddfab759da76;WFS-LGA-756562;028ea205-f374-5412-a2bd-a93ecc2320b7;4500301716;5000301716;TICKET_NUMBER;FUELLGA;400000;MATCHED;0.00;0.00;NONE;10191690-1c59-5b08-b7b5-d416658d7044;4719.64;1.6393;7736.96;WITHIN;
9418c27c-ecf1-5c62-8dd7-a4d10cd8cf64;5c035465-46ca-563a-b298-c3e8cbe7c882;10;c3d4e5f6-3333-4000-8000-000000000001;Jet A into-plane LHR B62220 24Sep N4077J;4500300100;00010;21662.000;LTR;1.2953;28058.79;V0;0.00;cb105960-6c18-5a74-8f31-e6b117d469d0;106099f3-751e-5dc1-a783-740718de783a;BPK-LHR-315496;e4cfe9bc-0242-5dce-be46-daa5ab43eb9e;4500300100;5000300100;TICKET_NUMBER;FUELLHR;400000;PRICE_VARIANCE;1.57;0.00;NONE;f6511a80-8b79-5c65-818b-97b0cfca1523;17570.05;1.5723;27625.55;EXCEEDED;
460e138d-1a02-5c77-bc5e-78c57b47e4a3;5c035465-46ca-563a-b298-c3e8cbe7c882;20;c3d4e5f6-3333-4000-8000-000000000001;Jet A into-plane LHR B61621 24Sep N4080J;4500300102;00010;21738.000;LTR;1.3053;28374.61;V0;0.00;c9b60c18-95e9-5c02-a4e5-075ec6f70c37;83dd9428-d4b5-5196-9361-c023df24131d;BPK-LHR-315497;8e651fa4-225e-53bc-8500-8f7bb93ac4b9;4500300102;5000300102;TICKET_NUMBER;FUELLHR;400000;PRICE_VARIANCE;2.35;0.00;NONE;c2fdfc6e-0e87-549c-9b4d-e9f3b74dbea4;17653.43;1.5704;27722.47;EXCEEDED;
269618cb-664f-5706-abd7-455a11386c5c;5c035465-46ca-563a-b298-c3e8cbe7c882;30;c3d4e5f6-3333-4000-8000-000000000001;Jet A into-plane LHR B620 24Sep N4058J;4500300158;00010;19858.000;LTR;1.2953;25722.07;V0;0.00;e9713de5-bcfd-5900-ac5e-d16d476e618d;6b021f71-ad99-590e-abe6-fe5ffe805ace;BPK-LHR-315500;67f5fb80-45fe-53f0-b9a7-db98ae607d2b;4500300158;5000300158;TICKET_NUMBER;FUELLHR;400000;PRICE_VARIANCE;1.57;0.00;NONE;ef3d5f70-3f59-5ab8-81b6-fc58b2f31898;16168.38;1.5663;25324.91;EXCEEDED;
3656ad94-21bf-572b-a7b4-3451c9582ff9;5c035465-46ca-563a-b298-c3e8cbe7c882;40;c3d4e5f6-3333-4000-8000-000000000001;Jet A into-plane LHR B61621 25Sep N4073J;4500300742;00010;19656.000;LTR;1.3259;26061.89;V0;0.00;190d116c-e131-5d66-9d47-ed99eea18580;0a651fe6-f046-55ed-a92b-dbdbc2f97649;BPK-LHR-315501;a20190f9-da08-556b-be39-c97e19d9dbe1;4500300742;5000300742;TICKET_NUMBER;FUELLHR;400000;PRICE_VARIANCE;3.11;0.00;NONE;966c2648-c342-5e89-b0ff-3b843edef3d8;15830.94;1.5966;25275.65;EXCEEDED;
a8b0cfb1-8611-5b88-a439-45ce8c9ea029;5c035465-46ca-563a-b298-c3e8cbe7c882;50;c3d4e5f6-3333-4000-8000-000000000001;Jet A into-plane LHR B62220 25Sep N4022J;4500300801;00010;22181.000;LTR;1.3059;28966.17;V0;0.00;ee8d81a6-2e65-55c2-9ed5-e79af93c52ac;71f334e7-5019-5fda-8c3b-081ad4834d44;BPK-LHR-315503;2281b226-e118-5efb-a55d-37c10306878c;4500300801;5000300801;TICKET_NUMBER;FUELLHR;400000;PRICE_VARIANCE;1.56;0.00;NONE;996735b7-b16e-5ccc-b65d-fc9208696d5f;17957.74;1.5883;28522.55;EXCEEDED;
34688dc3-03d1-5836-8812-fc3214aa3a59;5c035465-46ca-563a-b298-c3e8cbe7c882;60;c3d4e5f6-3333-4000-8000-000000000001;Jet A into-plane LHR B620 25Sep N4076J;4500300823;00010;20045.000;LTR;1.3359;26778.12;V0;0.00;6e3ce523-16cf-5c7c-8e13-54f4a05c09ec;d4ea54d5-68b1-5229-9f68-9dd66ed2e217;BPK-LHR-315505;6f9c3772-4fba-5ff0-9c75-3bebba971bac;4500300823;5000300823;TICKET_NUMBER;FUELLHR;400000;PRICE_VARIANCE;3.89;0.00;NONE;79046dab-d022-5234-b2eb-8011c9fa59af;16234.45;1.5877;25775.87;EXCEEDED;
8b9ce71a-4848-52e2-ac98-c459762f1cbf;5c035465-46ca-563a-b298-c3e8cbe7c882;70;c3d4e5f6-3333-4000-8000-000000000001;Jet A into-plane LHR B62220 26Sep N4058J;4500301378;00010;18345.000;LTR;1.3338;24468.56;V0;0.00;aef70da3-f101-5ddc-9e41-9ff858276920;2660ef73-ada4-5084-89e9-a05003928904;BPK-LHR-315508;595a8e61-a76d-5c18-96d8-278214959093;4500301378;5000301378;TICKET_NUMBER;FUELLHR;400000;PRICE_VARIANCE;3.09;0.00;NONE;9729948c-cdda-5651-9c92-d6d26980f2c3;14916.32;1.5912;23734.76;EXCEEDED;
996e77bb-4490-51f0-8724-d8807ccb204a;5c035465-46ca-563a-b298-c3e8cbe7c882;80;c3d4e5f6-3333-4000-8000-000000000001;Jet A into-plane LHR B61621 26Sep N4073J;4500301380;00010;19653.000;LTR;1.3138;25820.11;V0;0.00;afbee735-8ff1-5f51-9279-a9576ead2c95;9c6a10ba-65dd-5ca7-bf45-cc7381880cff;BPK-LHR-315511;cfc5e7d8-59a5-548b-b227-490e982c6218;4500301380;5000301380;TICKET_NUMBER;FUELLHR;400000;PRICE_VARIANCE;1.55;0.00;NONE;30d1090d-c1c8-5d04-8ce7-095d806541f3;15964.13;1.5928;25427.05;EXCEEDED;
64c6b5c5-62aa-58a1-9cc6-e9e79ca138e9;5c035465-46ca-563a-b298-c3e8cbe7c882;90;c3d4e5f6-3333-4000-8000-000000000001;Jet A into-plane LHR B620 26Sep N4074J;4500301450;00010;21109.000;LTR;1.3138;27733.00;V0;0.00;2d39c849-04c4-5536-b6d8-6a43c7102399;120c69be-26b2-540d-8765-3d41913fc4b2;BPK-LHR-315514;cd039867-2435-5ae8-b00a-d2360b40c231;4500301450;5000301450;TICKET_NUMBER;FUELLHR;400000;PRICE_VARIANCE;1.55;0.00;NONE;8712f1f3-b38c-5d2e-b7d9-3dbac027511f;17117.29;1.5955;27310.82;EXCEEDED;
bc05e81d-8c73-57df-941a-fa7939be57b1;7fd5dffd-1fa9-571d-a2a5-93ab371b1b6b;10;c3d4e5f6-3333-4000-8000-000000000001;Jet A into-plane MAD B62260 24Sep N4048J;4500300190;00010;20526.000;LTR;1.2757;26185.02;V0;0.00;4f0151b3-dd95-576a-96e7-e111c8c318f1;25b58b07-5c74-5b46-b07a-5b289c56d31a;REP-MAD-323091;e84a1cab-a18a-58d5-9f3a-d2a9a98062f9;4500300190;5000300190;TICKET_NUMBER;FUELMAD;400000;MATCHED;0.00;0.00;NONE;8361e476-59ba-5e30-9460-ee1a8c640b31;16595.27;1.5779;26185.02;WITHIN;
9258c2a5-6edb-54cd-b1df-799184638441;7fd5dffd-1fa9-571d-a2a5-93ab371b1b6b;20;c3d4e5f6-3333-4000-8000-000000000001;Jet A into-plane MAD B62260 25Sep N4080J;4500300856;00010;22448.000;LTR;1.2863;28874.86;V0;0.00;ebefeb06-9b8f-5a6f-843d-d97ba8b053bb;966308b2-35b1-57c0-80fe-3c047c0a6e11;REP-MAD-323092;569c32cb-21f5-570a-a4e6-9bab3ee216a8;4500300856;5000300856;TICKET_NUMBER;FUELMAD;400000;MATCHED;0.00;0.00;NONE;29dc5032-6617-5323-a6ff-435735b60f55;17920.24;1.6113;28874.86;WITHIN;
3109565c-1e76-53cb-bc1a-7551f056eb39;0b7bd5fb-531e-50c5-af50-c532bf08fb90;10;013573ad-8e1e-50ab-bfd5-140b70dbab8b;Jet A into-plane MCO B61694 23Sep N627JB;4500300008;00010;5326.000;LTR;1.2297;6549.38;U1;61.91;357e9fc7-4a13-5e06-b66a-300ba8e67a9e;caae0eb0-1790-5aaa-8c40-d782056acb1f;BPA-MCO-339198;9816b8cb-9da7-524e-8350-db6c1026843a;4500300008;5000300008;TICKET_NUMBER;FUELMCO;400000;MATCHED;0.00;0.00;NONE;a802dce5-1e51-5329-ba73-e392a7f9283c;4253.34;1.5398;6549.38;WITHIN;
16c2dc23-6437-59a7-b05f-729dcf0f752a;0b7bd5fb-531e-50c5-af50-c532bf08fb90;20;013573ad-8e1e-50ab-bfd5-140b70dbab8b;Jet A into-plane MCO B61952 23Sep N3293J;4500300030;00010;6250.000;LTR;1.2297;7685.63;U1;72.65;22daf694-ffa2-5172-b445-ccdfbd0b5111;732b07c2-4468-5272-8244-c6e3b0ffb31a;BPA-MCO-339200;b2139b04-1300-51b5-a242-4acbeab99b8d;4500300030;5000300030;TICKET_NUMBER;FUELMCO;400000;MATCHED;0.00;0.00;NONE;39402ca0-0578-546c-a81d-a3d7aef27a57;4982.5;1.5425;7685.63;WITHIN;
02fbdcba-2ed7-51b6-8072-47e8947b9735;0b7bd5fb-531e-50c5-af50-c532bf08fb90;30;013573ad-8e1e-50ab-bfd5-140b70dbab8b;Jet A into-plane MCO B6884 24Sep N952JB;4500300107;00010;6768.000;LTR;1.2376;8376.08;U1;78.67;a60df7a2-140c-5672-b81b-67df8177023a;8615a1a0-7579-5768-865d-eed19dc0aba8;BPA-MCO-339201;85c16ac8-cff6-5cd3-91b0-fe539b5f775c;4500300107;5000300107;TICKET_NUMBER;FUELMCO;400000;MATCHED;0.00;0.00;NONE;a8a39c89-3193-5cd5-b069-bd68b4bea21a;5388.68;1.5544;8376.08;WITHIN;
a836b541-933e-524f-aad9-b3d8936a3245;0b7bd5fb-531e-50c5-af50-c532bf08fb90;40;013573ad-8e1e-50ab-bfd5-140b70dbab8b;Jet A into-plane MCO B6852 24Sep N3113J;4500300167;00010;5196.000;LTR;1.2376;6430.57;U1;60.40;0542c280-66a5-5c6b-9705-7a899921e379;25c20684-591c-545c-9094-e2f70bb1f48b;BPA-MCO-339202;dc3f6a4f-3a06-5c18-9c12-bdf3ab2210e7;4500300167;5000300167;TICKET_NUMBER;FUELMCO;400000;MATCHED;0.00;0.00;NONE;5de3e66a-3e93-5f4a-ad21-d5f7ee819975;4146.41;1.5509;6430.57;WITHIN;
0ffe0f3f-9ff5-5dad-8136-f5a5b017d6f8;0b7bd5fb-531e-50c5-af50-c532bf08fb90;50;013573ad-8e1e-50ab-bfd5-140b70dbab8b;Jet A into-plane MCO B62024 24Sep N653JB;4500300191;00010;11423.000;LTR;1.2376;14137.10;U1;132.78;81f1935a-8565-51b5-8296-e945b907dd5a;9587014c-11b5-52a4-816e-5120fd7b35a0;BPA-MCO-339205;13bcd46c-4287-54e2-b6f4-871e7d72cb89;4500300191;5000300191;TICKET_NUMBER;FUELMCO;400000;MATCHED;0.00;0.00;NONE;41cd4014-b80a-520e-bb92-217573c0a219;9133.83;1.5478;14137.1;WITHIN;
0ab627bc-5548-5b43-b2d6-5ebf3beec7a7;0b7bd5fb-531e-50c5-af50-c532bf08fb90;60;013573ad-8e1e-50ab-bfd5-140b70dbab8b;Jet A into-plane MCO B62821 24Sep N934JB;4500300261;00010;14160.000;LTR;1.2376;17524.42;U1;164.60;4d86532f-434e-5fcc-9b91-9133c552be2a;5f25b412-e4c8-53fb-99bb-507459650693;BPA-MCO-339207;6dbf1530-fcc3-51c5-bb02-4ff879da3455;4500300261;5000300261;TICKET_NUMBER;FUELMCO;400000;MATCHED;0.00;0.00;NONE;1ebe95a6-30dd-5766-883a-5408e217a4f6;11330.83;1.5466;17524.42;WITHIN;
43043bf3-2a02-5f82-a4b3-b404df13eabf;0b7bd5fb-531e-50c5-af50-c532bf08fb90;70;013573ad-8e1e-50ab-bfd5-140b70dbab8b;Jet A into-plane MCO B6384 24Sep N957JB;4500300262;00010;7067.000;LTR;1.2376;8746.12;U1;82.15;5a57a9df-e459-5355-96ec-67399922941e;c8723930-46c9-5ecc-a71e-c1540f6e62d1;BPA-MCO-339210;5004f92a-3af3-567f-b05c-402a3a67d9f7;4500300262;5000300262;TICKET_NUMBER;FUELMCO;400000;MATCHED;0.00;0.00;NONE;7e13a97a-6645-5e27-be77-10368bfa7cac;5634.52;1.5522;8746.12;WITHIN;
d6e9f0ec-65b1-5661-b286-eb1aabc6a859;0b7bd5fb-531e-50c5-af50-c532bf08fb90;80;013573ad-8e1e-50ab-bfd5-140b70dbab8b;Jet A into-plane MCO B6588 24Sep N598JB;4500300278;00010;8198.000;LTR;1.2376;10145.84;U1;95.29;12fedccf-f76e-5a0d-bbcb-89932763e630;ff1c1d94-1f31-5158-bc21-a30300c3a642;BPA-MCO-339211;ab60582c-201d-54c7-8d94-b492b39f87d4;4500300278;5000300278;TICKET_NUMBER;FUELMCO;400000;MATCHED;0.00;0.00;NONE;ec624d19-bc0e-5309-b32d-8f1904ce2dee;6564.14;1.5456;10145.84;WITHIN;
2e6ecb4a-9cf4-5e58-85b8-916c033a420b;0b7bd5fb-531e-50c5-af50-c532bf08fb90;90;013573ad-8e1e-50ab-bfd5-140b70dbab8b;Jet A into-plane MCO B61033 24Sep N613JB;4500300279;00010;8618.000;LTR;1.2376;10665.64;U1;100.18;25ee11db-b2c1-5205-a3f4-f02d7526f988;090ad98f-4883-5506-bf47-05a88cd8ab72;BPA-MCO-339214;bf7fdd97-2e99-5caa-95f6-370a43f886ae;4500300279;5000300279;TICKET_NUMBER;FUELMCO;400000;MATCHED;0.00;0.00;NONE;5a4371cb-7472-53f0-b067-00d8727d2762;6883.2;1.5495;10665.64;WITHIN;
7afd3b12-ab83-5e6e-98da-a278b7fdd380;0b7bd5fb-531e-50c5-af50-c532bf08fb90;100;013573ad-8e1e-50ab-bfd5-140b70dbab8b;Jet A into-plane MCO B6438 24Sep N590JB;4500300290;00010;7077.000;LTR;1.2376;8758.50;U1;82.26;2f278ce6-5da0-5813-80bc-ddd811df1698;c7f6e641-85e9-51a6-a313-8ffe4fb28df7;BPA-MCO-339216;73cc8423-a2a4-5458-b37e-3b6e12fa10a9;4500300290;5000300290;TICKET_NUMBER;FUELMCO;400000;MATCHED;0.00;0.00;NONE;55fff8d2-29d3-5f7e-829e-4de662dd4546;5660.18;1.5474;8758.5;WITHIN;
e26fe3c1-3d7f-5fe7-9099-1be82441379b;0b7bd5fb-531e-50c5-af50-c532bf08fb90;110;013573ad-8e1e-50ab-bfd5-140b70dbab8b;Jet A into-plane MCO B62028 24Sep N508JL;4500300319;00010;5921.000;LTR;1.2376;7327.83;U1;68.83;e9baf754-6281-5103-a9c8-43fc7b184bfd;751dd955-4d19-580d-94c3-6ac60cf07f52;BPA-MCO-339218;16b18d0e-947f-5c30-beef-c61051d8cb95;4500300319;5000300319;TICKET_NUMBER;FUELMCO;400000;MATCHED;0.00;0.00;NONE;9d98cf3a-c531-51a7-8fe6-2aab8a7f25f8;4730.29;1.5491;7327.83;WITHIN;
46880541-1c74-5cb5-82f8-d7606c360998;0b7bd5fb-531e-50c5-af50-c532bf08fb90;120;013573ad-8e1e-50ab-bfd5-140b70dbab8b;Jet A into-plane MCO B6194 24Sep N665JB;4500300334;00010;6863.000;LTR;1.2376;8493.65;U1;79.78;763aa854-26e3-5870-941d-4ec7727ccd79;6416fad2-01a6-5f94-90e9-de1122272de1;BPA-MCO-339220;234ec89e-2bfc-5b36-88ac-e26260c68fc9;4500300334;5000300334;TICKET_NUMBER;FUELMCO;400000;MATCHED;0.00;0.00;NONE;1f171e8d-67e7-58d9-a412-dc27c2d672f8;5482.85;1.5491;8493.65;WITHIN;
da11ed2b-de37-5ddf-abc6-b6cac0252497;0b7bd5fb-531e-50c5-af50-c532bf08fb90;130;013573ad-8e1e-50ab-bfd5-140b70dbab8b;Jet A into-plane MCO B6598 24Sep N535JB;4500300356;00010;7011.000;LTR;1.2376;8676.81;U1;81.50;cbd4998a-7257-5d76-bf11-306e222a50a9;dbde3164-9f72-5a3a-ba42-8a2ba360e193;BPA-MCO-339222;ad68bbe8-24d3-56b8-a7d1-f4fb6b0edfa7;4500300356;5000300356;TICKET_NUMBER;FUELMCO;400000;MATCHED;0.00;0.00;NONE;78ee7c8a-c411-537f-b251-6b16e913d3b5;5587.77;1.5528;8676.81;WITHIN;
66256073-db76-546d-af54-b47cfb7ccc94;0b7bd5fb-531e-50c5-af50-c532bf08fb90;140;013573ad-8e1e-50ab-bfd5-140b70dbab8b;Jet A into-plane MCO B62656 24Sep N3272J;4500300375;00010;5583.000;LTR;1.2376;6909.52;U1;64.90;7936066e-a935-5812-81f8-c4de9b5e4ced;3eaab76d-9fe0-50c5-b90c-75afb46cdeb8;BPA-MCO-339223;7e0177a3-24bd-5901-9c1c-5ac03d08f986;4500300375;5000300375;TICKET_NUMBER;FUELMCO;400000;MATCHED;0.00;0.00;NONE;c4c2c9a0-96f7-5939-815e-556b7a83253b;4453.56;1.5515;6909.52;WITHIN;
4a09b53a-217f-5d76-a5e3-1e2c738ac530;0b7bd5fb-531e-50c5-af50-c532bf08fb90;150;013573ad-8e1e-50ab-bfd5-140b70dbab8b;Jet A into-plane MCO B6546 24Sep N956JT;4500300380;00010;5843.000;LTR;1.2376;7231.30;U1;67.92;156cac85-44ef-5995-a1db-10d9a9aed996;9bc02c65-13cb-5ea2-a88d-d33bde2014bc;BPA-MCO-339224;5771b526-c968-5b68-9986-aa6156cd40a6;4500300380;5000300380;TICKET_NUMBER;FUELMCO;400000;MATCHED;0.00;0.00;NONE;86ae1d75-aaf3-5ee9-882a-547f3e480823;4660.38;1.5517;7231.3;WITHIN;
48f7320e-1300-59fd-9387-62fbfa2543fa;0b7bd5fb-531e-50c5-af50-c532bf08fb90;160;013573ad-8e1e-50ab-bfd5-140b70dbab8b;Jet A into-plane MCO B62324 24Sep N712JB;4500300393;00010;4252.000;LTR;1.2376;5262.28;U1;49.43;05069845-7f83-5ff2-84ba-d224f84d15ec;7b953504-3feb-5341-af55-52302ec651cd;BPA-MCO-339226;83edff09-0016-573c-a52c-ecf891657636;4500300393;5000300393;TICKET_NUMBER;FUELMCO;400000;MATCHED;0.00;0.00;NONE;7f11af72-12ee-5981-b9c2-2011c1c82b18;3397.35;1.5489;5262.28;WITHIN;
995f890f-7084-5e8a-ad2b-158a1fb9394e;0b7bd5fb-531e-50c5-af50-c532bf08fb90;170;013573ad-8e1e-50ab-bfd5-140b70dbab8b;Jet A into-plane MCO B61084 24Sep N970JB;4500300420;00010;7477.000;LTR;1.2376;9253.54;U1;86.91;56eccb44-df89-5196-8cb0-3b81372be6ed;9964d978-0783-519f-b311-46cbf8694057;BPA-MCO-339228;f24a0800-b75d-5739-8aa2-03673e418117;4500300420;5000300420;TICKET_NUMBER;FUELMCO;400000;MATCHED;0.00;0.00;NONE;b794e92a-ad73-5034-937f-2ae0dde221d0;5980.1;1.5474;9253.54;WITHIN;
863b4e6f-cacc-599d-930b-0841708714eb;0b7bd5fb-531e-50c5-af50-c532bf08fb90;180;013573ad-8e1e-50ab-bfd5-140b70dbab8b;Jet A into-plane MCO B6698 24Sep N657JB;4500300422;00010;5878.000;LTR;1.2376;7274.61;U1;68.33;842c34ee-12b1-57cb-860c-5c3b35ed81c2;978241e8-efa0-5dc6-ad0f-48198cd5b37a;BPA-MCO-339231;3ec160c0-2879-5c0d-a6d4-828a26c2c223;4500300422;5000300422;TICKET_NUMBER;FUELMCO;400000;MATCHED;0.00;0.00;NONE;1afa70da-7ea5-58ff-8415-5915c2f66a2f;4678.89;1.5548;7274.61;WITHIN;
9ebc4020-2dbf-59ea-95df-4a7f8b67d054;0b7bd5fb-531e-50c5-af50-c532bf08fb90;190;013573ad-8e1e-50ab-bfd5-140b70dbab8b;Jet A into-plane MCO B61077 24Sep N537JT;4500300488;00010;15201.000;LTR;1.2376;18812.76;U1;176.70;98e4520e-b208-5388-8bfc-4f2a9fd1098d;97dc58c8-a8f7-5225-87f1-ba229b5088e1;BPA-MCO-339232;0c63ff2d-e4fe-53c0-a70a-24933b1e370a;4500300488;5000300488;TICKET_NUMBER;FUELMCO;400000;MATCHED;0.00;0.00;NONE;5b098601-9ba3-55dd-8cda-80f66d9e112a;12139.52;1.5497;18812.76;WITHIN;
932e5432-8778-5728-9a95-4add3813db90;0b7bd5fb-531e-50c5-af50-c532bf08fb90;200;013573ad-8e1e-50ab-bfd5-140b70dbab8b;Jet A into-plane MCO B61586 24Sep N3115J;4500300536;00010;4406.000;LTR;1.2376;5452.87;U1;51.22;d57530f5-d4e1-5e62-946e-38b47834b7fa;df2111ae-6525-5633-96a7-f1c0496d3010;BPA-MCO-339235;6ec40bd2-d4a5-5b56-a60f-15322f2c3da3;4500300536;5000300536;TICKET_NUMBER;FUELMCO;400000;MATCHED;0.00;0.00;NONE;558c1a6c-7294-5f7b-9219-2c373fd6ae24;3514.67;1.5515;5452.87;WITHIN;
fd1f807a-1832-55dc-a443-7e3d17a7864f;0b7bd5fb-531e-50c5-af50-c532bf08fb90;210;013573ad-8e1e-50ab-bfd5-140b70dbab8b;Jet A into-plane MCO B6138 24Sep N632JB;4500300552;00010;7636.000;LTR;1.2376;9450.31;U1;88.76;241726be-c416-5046-b0de-36b2a882eaa5;865fe749-5f2e-5c08-b317-1cc78eac8a47;BPA-MCO-339237;ba9ba4f3-0026-5c7f-8b4a-dd60a2054c08;4500300552;5000300552;TICKET_NUMBER;FUELMCO;400000;MATCHED;0.00;0.00;NONE;96ec8baf-c960-5b70-ae1a-40a0f9b8db41;6085.89;1.5528;9450.31;WITHIN;
c228fd0e-24d6-5daa-b3a9-1fe871ba1cf9;0b7bd5fb-531e-50c5-af50-c532bf08fb90;220;013573ad-8e1e-50ab-bfd5-140b70dbab8b;Jet A into-plane MCO B6433 24Sep N975JT;4500300593;00010;8490.000;LTR;1.2376;10507.22;U1;98.69;48e92f93-dbfb-52b1-bdf9-51da7ec40040;644972cb-ad7c-5661-94cd-6f82ff1647fe;BPA-MCO-339238;432e84ee-787c-5e87-bb30-f85d0afc6488;4500300593;5000300593;TICKET_NUMBER;FUELMCO;400000;MATCHED;0.00;0.00;NONE;477d2033-2aa7-5d98-a684-6a7501db0663;6780.11;1.5497;10507.22;WITHIN;
af64bfe6-0312-503f-b59d-211bf5bbc54b;0b7bd5fb-531e-50c5-af50-c532bf08fb90;230;013573ad-8e1e-50ab-bfd5-140b70dbab8b;Jet A into-plane MCO B6798 24Sep N3289J;4500300602;00010;6189.000;LTR;1.2376;7659.51;U1;71.94;8229e040-3971-51a5-a328-21d7ff75ccbd;b67384b1-07f3-5d75-a9f9-f679473f8dee;BPA-MCO-339239;2665891b-fd17-576a-9a00-e67f7a236e89;4500300602;5000300602;TICKET_NUMBER;FUELMCO;400000;MATCHED;0.00;0.00;NONE;95e215dc-3609-562b-9d7b-ce5d35ffe1a5;4943.77;1.5493;7659.51;WITHIN;
27f4e7b1-cf0d-5fb4-8261-e638c607fe81;0b7bd5fb-531e-50c5-af50-c532bf08fb90;240;013573ad-8e1e-50ab-bfd5-140b70dbab8b;Jet A into-plane MCO B61152 24Sep N2038J;4500300615;00010;6347.000;LTR;1.2376;7855.05;U1;73.78;cb74534f-b393-576d-a515-6296a8d7ce84;2649d8d1-bf9d-5076-bf27-0a818b3193ea;BPA-MCO-339242;a7d57b45-3ccd-570b-b132-0b478afe6d17;4500300615;5000300615;TICKET_NUMBER;FUELMCO;400000;MATCHED;0.00;0.00;NONE;6c59cf98-a0f2-59e9-a290-2b80823865b5;5067.44;1.5501;7855.05;WITHIN;
3658a978-851d-51b1-9c4d-fa2247bf5746;0b7bd5fb-531e-50c5-af50-c532bf08fb90;250;013573ad-8e1e-50ab-bfd5-140b70dbab8b;Jet A into-plane MCO B61694 24Sep N608JB;4500300631;00010;7350.000;LTR;1.2376;9096.36;U1;85.44;aa97cc7b-7c26-594c-be7e-5b2c52c1d06e;1152a221-1837-51ea-83ea-aaf951b95dac;BPA-MCO-339245;f3cb3201-a3f8-5a8c-ace2-c63a9d7d7720;4500300631;5000300631;TICKET_NUMBER;FUELMCO;400000;MATCHED;0.00;0.00;NONE;5478c5ab-3413-5d35-9392-a0d0395ce5ff;5855.01;1.5536;9096.36;WITHIN;
2ef1cb3d-a2bb-57a5-af99-ec7c13344411;0b7bd5fb-531e-50c5-af50-c532bf08fb90;260;013573ad-8e1e-50ab-bfd5-140b70dbab8b;Jet A into-plane MCO B61952 24Sep N3272J;4500300669;00010;6267.000;LTR;1.2376;7756.04;U1;72.85;ccdb531c-842c-5b36-a948-cd0aea264cdf;25bcff11-dca5-53cc-948e-bcc3550eb37f;BPA-MCO-339247;c3cabe28-2bcb-5c82-a3bf-98c8d33a5a20;4500300669;5000300669;TICKET_NUMBER;FUELMCO;400000;MATCHED;0.00;0.00;NONE;1b01c87b-46f3-5139-a06b-81d406df9f06;4988.53;1.5548;7756.04;WITHIN;
f43ea8a6-c533-50c0-8a46-092096607ffc;0b7bd5fb-531e-50c5-af50-c532bf08fb90;270;013573ad-8e1e-50ab-bfd5-140b70dbab8b;Jet A into-plane MCO B6852 25Sep N3215J;4500300809;00010;6122.000;LTR;1.2482;7641.48;U1;71.16;4811cf55-8514-53ea-ade2-264444f9bfb6;6e5516f7-41e9-5baa-8e8c-79101eae8f23;BPA-MCO-339248;984f1494-f120-5b75-ac27-d08e2d56c04f;4500300809;5000300809;TICKET_NUMBER;FUELMCO;400000;MATCHED;0.00;0.00;NONE;bc08eb7d-8b67-5396-b018-c750088f69fd;4862.09;1.5716;7641.48;WITHIN;
791484cb-782b-540b-8586-9d6f3bc558bc;0b7bd5fb-531e-50c5-af50-c532bf08fb90;280;013573ad-8e1e-50ab-bfd5-140b70dbab8b;Jet A into-plane MCO B62024 25Sep N613JB;4500300833;00010;6605.000;LTR;1.2482;8244.36;U1;76.78;cc989dfb-0219-5ac4-ab15-e2dedd93e50d;20ad1d4e-707b-505d-89c2-5eeeed4fdaa1;BPA-MCO-339251;ed395000-9d39-5516-88e3-accbe6507958;4500300833;5000300833;TICKET_NUMBER;FUELMCO;400000;MATCHED;0.00;0.00;NONE;bd97e852-7172-5af5-a9e2-d6cd79a463d8;5250.98;1.5701;8244.36;WITHIN;
8bd3e75a-0d4f-5523-be5f-8d05158343e9;0b7bd5fb-531e-50c5-af50-c532bf08fb90;290;013573ad-8e1e-50ab-bfd5-140b70dbab8b;Jet A into-plane MCO B61077 25Sep N625JB;4500300897;00010;16020.000;LTR;1.2482;19996.16;U1;186.22;8598c2d2-50e4-59ae-a9ce-ee6b6ede86b7;4213f94c-8e81-5d0f-a7d5-6c656f0af353;BPA-MCO-339253;2df8e4ea-e90b-5044-8326-2217e2a13563;4500300897;5000300897;TICKET_NUMBER;FUELMCO;400000;MATCHED;0.00;0.00;NONE;15aa3b6a-92f5-5cd8-92c4-0ccb401adccb;12699.05;1.5746;19996.16;WITHIN;
32a957e8-910d-585d-b652-6db6a10d5d81;0b7bd5fb-531e-50c5-af50-c532bf08fb90;300;013573ad-8e1e-50ab-bfd5-140b70dbab8b;Jet A into-plane MCO B6384 25Sep N973JT;4500300910;00010;8927.000;LTR;1.2482;11142.68;U1;103.77;dd655096-6d63-52f4-8137-c655ec71f95b;f62bc932-bfb3-512c-a578-80ab5979d217;BPA-MCO-339254;1e541f99-f748-5234-b564-fcc652424248;4500300910;5000300910;TICKET_NUMBER;FUELMCO;400000;MATCHED;0.00;0.00;NONE;f94a40e3-1090-5949-b926-34fd2f3cc6f1;7078.22;1.5742;11142.68;WITHIN;
f72509b1-d59b-59b7-8091-001809f1e0c0;0b7bd5fb-531e-50c5-af50-c532bf08fb90;310;013573ad-8e1e-50ab-bfd5-140b70dbab8b;Jet A into-plane MCO B62821 25Sep N977JE;4500300918;00010;17833.000;LTR;1.2482;22259.15;U1;207.29;bde4e004-4ff3-5f42-b467-330cf32d11b4;fd5c782e-8fc5-547c-9f2c-034305126a38;BPA-MCO-339256;1782a3e7-7824-5047-b9a3-6cd97db101ce;4500300918;5000300918;TICKET_NUMBER;FUELMCO;400000;MATCHED;0.00;0.00;NONE;63ff214e-9e9a-539b-a9a7-27d16c52d031;14171.89;1.5707;22259.15;WITHIN;
528ca684-714f-5153-9786-c9c40e7fe9e3;0b7bd5fb-531e-50c5-af50-c532bf08fb90;320;013573ad-8e1e-50ab-bfd5-140b70dbab8b;Jet A into-plane MCO B62028 25Sep N656JB;4500300924;00010;5824.000;LTR;1.2482;7269.52;U1;67.70;03c9c830-fe3a-5e89-8770-6e8cd0bbc8ef;443a4f45-26bf-58c3-a421-61a3ef398206;BPA-MCO-339257;f743fef2-e57a-53a2-8b85-877ab42aef6e;4500300924;5000300924;TICKET_NUMBER;FUELMCO;400000;MATCHED;0.00;0.00;NONE;7a9ce907-68ab-51e2-b295-bc81be9679f1;4620.18;1.5734;7269.52;WITHIN;
bde428cf-c6a5-547a-a1a9-14f143bb1812;0b7bd5fb-531e-50c5-af50-c532bf08fb90;330;013573ad-8e1e-50ab-bfd5-140b70dbab8b;Jet A into-plane MCO B6588 25Sep N547JB;4500300931;00010;8329.000;LTR;1.2482;10396.26;U1;96.82;c85c6932-dbdd-51cf-880d-24b3e9e5ab03;b40a4187-3863-5c09-abee-aeca38309b7a;BPA-MCO-339259;a9c6f178-b902-5f03-a257-a21bf01dbe37;4500300931;5000300931;TICKET_NUMBER;FUELMCO;400000;MATCHED;0.00;0.00;NONE;64ed624d-65f6-56d8-beb2-963e75639e55;6621.56;1.5701;10396.26;WITHIN;
5ab20f75-a6a4-5b43-b5aa-6c882f370f8f;0b7bd5fb-531e-50c5-af50-c532bf08fb90;340;013573ad-8e1e-50ab-bfd5-140b70dbab8b;Jet A into-plane MCO B6438 25Sep N708JB;4500300953;00010;7981.000;LTR;1.2482;9961.88;U1;92.77;df570b33-8e59-5051-b923-73e8a12504dc;cb59af59-47ce-5d33-ba83-652a8a5a8904;BPA-MCO-339261;ee38ef15-cce4-5673-b92b-7ba7a94b2403;4500300953;5000300953;TICKET_NUMBER;FUELMCO;400000;MATCHED;0.00;0.00;NONE;744507e0-ca10-5cd1-9950-2b0865525688;6340.11;1.5712;9961.88;WITHIN;
00cc7a1d-7058-51ed-9a80-a4ef5cacfca2;0b7bd5fb-531e-50c5-af50-c532bf08fb90;350;013573ad-8e1e-50ab-bfd5-140b70dbab8b;Jet A into-plane MCO B68604 25Sep N607JB;4500300966;00010;4286.000;LTR;1.2482;5349.79;U1;49.82;9685752f-ce4e-5bea-827e-fc67e8348c89;02922d26-b16c-5941-99e6-71c04faa1073;BPA-MCO-339262;7680076c-14aa-51b7-9b8c-a9a8866b7c8b;4500300966;5000300966;TICKET_NUMBER;FUELMCO;400000;MATCHED;0.00;0.00;NONE;b3549414-8cb7-5b50-8cc7-676784be9faa;3402.23;1.5724;5349.79;WITHIN;
561f8dbd-7b92-53b4-86ed-83337558a0b1;0b7bd5fb-531e-50c5-af50-c532bf08fb90;360;013573ad-8e1e-50ab-bfd5-140b70dbab8b;Jet A into-plane MCO B6194 25Sep N663JB;4500300998;00010;7101.000;LTR;1.2482;8863.47;U1;82.54;73daa933-5bc5-54ef-bfbc-2e7c590f2243;c3ae2576-68c4-5300-83ea-6349589e1029;BPA-MCO-339265;fa7d2d28-ba01-577b-bd96-efae22357797;4500300998;5000300998;TICKET_NUMBER;FUELMCO;400000;MATCHED;0.00;0.00;NONE;1601e661-c121-5687-b04c-6853d5efe493;5627.54;1.575;8863.47;WITHIN;
e5cdbc48-6e85-5ac2-8146-db177ba580ea;0b7bd5fb-531e-50c5-af50-c532bf08fb90;370;013573ad-8e1e-50ab-bfd5-140b70dbab8b;Jet A into-plane MCO B62656 25Sep N3138J;4500301020;00010;6346.000;LTR;1.2482;7921.08;U1;73.77;6c4c3c4d-e356-51d4-97fa-b87bd6a2de31;351638d8-010d-59cd-94bb-05414e998a40;BPA-MCO-339267;4a821666-ac5a-5e7a-b367-72e8abc719f4;4500301020;5000301020;TICKET_NUMBER;FUELMCO;400000;MATCHED;0.00;0.00;NONE;a6cf0e04-acc5-5fad-80bb-a458732377bd;5024.76;1.5764;7921.08;WITHIN;
3f3b9684-5648-5c2f-a77d-c9ff9e51c8be;0b7bd5fb-531e-50c5-af50-c532bf08fb90;380;013573ad-8e1e-50ab-bfd5-140b70dbab8b;Jet A into-plane MCO B6546 25Sep N505JB;4500301034;00010;15412.000;LTR;1.2482;19237.26;U1;179.15;e7339b4b-4dd5-5c93-91bd-e59acbe2a2a1;9475928c-b626-528f-b73b-bc8ec7aeee35;BPA-MCO-339269;583511a0-3f02-507a-82f0-160d08ab9230;4500301034;5000301034;TICKET_NUMBER;FUELMCO;400000;MATCHED;0.00;0.00;NONE;162e69b4-f3a1-5636-963a-d9a7bf5e00a2;12198.6;1.577;19237.26;WITHIN;
f4b4b220-83d9-540e-8bb7-2f4fa8a999ea;0b7bd5fb-531e-50c5-af50-c532bf08fb90;390;013573ad-8e1e-50ab-bfd5-140b70dbab8b;Jet A into-plane MCO B62324 25Sep N579JB;4500301055;00010;5713.000;LTR;1.2482;7130.97;U1;66.41;f8dcb3fd-6d9d-5f0f-8c38-129271788d10;e6528d32-beb8-5e07-87ff-cc080daf97cb;BPA-MCO-339271;2a53d5e6-9e06-5e05-9752-8e8d85f303bd;4500301055;5000301055;TICKET_NUMBER;FUELMCO;400000;MATCHED;0.00;0.00;NONE;d4d7fd49-78b6-5c6a-9fb4-aeb7522db719;4518.41;1.5782;7130.97;WITHIN;
2f8ad055-ad39-5c2f-b2f5-8b839684f52c;0b7bd5fb-531e-50c5-af50-c532bf08fb90;400;013573ad-8e1e-50ab-bfd5-140b70dbab8b;Jet A into-plane MCO B6598 25Sep N729JB;4500301078;00010;7058.000;LTR;1.2482;8809.80;U1;82.04;5d6aee37-de50-52cb-862e-10b114491bf2;e50554bf-a58b-5803-a134-7b2854afe735;BPA-MCO-339273;4d94eebc-1e78-534a-b739-0322789b357c;4500301078;5000301078;TICKET_NUMBER;FUELMCO;400000;MATCHED;0.00;0.00;NONE;812511da-d004-53f3-b591-865fbb07b75f;5580.76;1.5786;8809.8;WITHIN;
5e244117-7164-50fa-857a-550ea30e4da9;0b7bd5fb-531e-50c5-af50-c532bf08fb90;410;013573ad-8e1e-50ab-bfd5-140b70dbab8b;Jet A into-plane MCO B62052 25Sep N970JB;4500301085;00010;9967.000;LTR;1.2482;12440.81;U1;115.86;067edfb5-3bce-5248-bf74-d3f25fe49c5c;791f5a7f-a606-597f-a004-d640ff39dde1;BPA-MCO-339276;81043188-abd0-5965-9cc1-300624394064;4500301085;5000301085;TICKET_NUMBER;FUELMCO;400000;MATCHED;0.00;0.00;NONE;68fc3dad-7aff-546e-a087-ea0e2f14473b;7910.81;1.5726;12440.81;WITHIN;
f62033b1-e77f-515d-9a8d-3aa5bbe72466;0b7bd5fb-531e-50c5-af50-c532bf08fb90;420;013573ad-8e1e-50ab-bfd5-140b70dbab8b;Jet A into-plane MCO B61084 25Sep N959JB;4500301097;00010;8866.000;LTR;1.2482;11066.54;U1;103.06;c342f23e-d4a8-59af-a160-026c4e21662b;adff370a-7c14-59d2-8ba4-a1e95344b7ff;BPA-MCO-339278;2fc9ec20-e7f6-5a36-8ca2-3836f4b23995;4500301097;5000301097;TICKET_NUMBER;FUELMCO;400000;MATCHED;0.00;0.00;NONE;7da1776f-6aac-5fde-af45-4c421d7cf332;7016.55;1.5772;11066.54;WITHIN;
a6ad03c2-94dd-521c-8ec3-577fb4888465;0b7bd5fb-531e-50c5-af50-c532bf08fb90;430;013573ad-8e1e-50ab-bfd5-140b70dbab8b;Jet A into-plane MCO B6698 25Sep N599JB;4500301149;00010;8812.000;LTR;1.2482;10999.14;U1;102.43;e3bb038f-611d-5324-9dcc-4c5088073130;b1fc483d-b121-5dbe-9f25-d80604fb9839;BPA-MCO-339279;0f53caa0-418d-53f9-95f3-7bf0a8615046;4500301149;5000301149;TICKET_NUMBER;FUELMCO;400000;MATCHED;0.00;0.00;NONE;b7ff4825-9aec-5262-9d0b-5abc0b7c9bd2;6995.85;1.5722;10999.14;WITHIN;
e91f61e2-a1af-5601-a997-8574d4432f60;0b7bd5fb-531e-50c5-af50-c532bf08fb90;440;013573ad-8e1e-50ab-bfd5-140b70dbab8b;Jet A into-plane MCO B61152 25Sep N955JB;4500301168;00010;9687.000;LTR;1.2482;12091.31;U1;112.60;1e09d67b-278f-5bf2-b0a3-b47f1f61e866;7b26827a-6f9c-5eb5-a3e2-9549ec17ee3f;BPA-MCO-339280;dac16b8c-9e1a-5aaa-a80a-39a00045dda1;4500301168;5000301168;TICKET_NUMBER;FUELMCO;400000;MATCHED;0.00;0.00;NONE;e22edb18-88e5-5f6e-ab1b-c86dccfadab1;7688.57;1.5726;12091.31;WITHIN;
c735d2ad-921d-5338-8d5c-ed7706850080;0b7bd5fb-531e-50c5-af50-c532bf08fb90;450;013573ad-8e1e-50ab-bfd5-140b70dbab8b;Jet A into-plane MCO B61586 25Sep N3125J;4500301186;00010;5878.000;LTR;1.2482;7336.92;U1;68.33;b58cdb38-67db-57ed-9926-cb441265a600;ab1556bf-c4e5-5ee9-8826-312f21ddda27;BPA-MCO-339282;6e60fb81-66b5-58a7-9200-22921e52f279;4500301186;5000301186;TICKET_NUMBER;FUELMCO;400000;MATCHED;0.00;0.00;NONE;b172b0cb-31aa-5ad2-9570-423a8f95cb47;4664.19;1.573;7336.92;WITHIN;
080eb922-703f-52b9-83e2-987863e97543;0b7bd5fb-531e-50c5-af50-c532bf08fb90;460;013573ad-8e1e-50ab-bfd5-140b70dbab8b;Jet A into-plane MCO B6433 25Sep N997JL;4500301233;00010;7980.000;LTR;1.2482;9960.64;U1;92.76;79055052-2fe6-5a73-befa-a0a601b4a73c;89cd48dd-958b-5c37-a2ed-d84268312c04;BPA-MCO-339284;71dbed33-bbc6-5f92-b9ff-90088f3b0244;4500301233;5000301233;TICKET_NUMBER;FUELMCO;400000;MATCHED;0.00;0.00;NONE;18ace5fb-8902-59c5-80ed-18155d9a7b6e;6344.9;1.5699;9960.64;WITHIN;
97d12624-f932-5aec-985a-3288e465a1e1;0b7bd5fb-531e-50c5-af50-c532bf08fb90;470;013573ad-8e1e-50ab-bfd5-140b70dbab8b;Jet A into-plane MCO B61952 25Sep N3232J;4500301264;00010;6630.000;LTR;1.2482;8275.57;U1;77.07;6918284c-0015-51bc-9d25-85d9295fdd10;34c2ea42-7bcb-5ed8-8c53-924a9261cd20;BPA-MCO-339287;331b7392-ad6e-5387-830c-87c0a970b344;4500301264;5000301264;TICKET_NUMBER;FUELMCO;400000;MATCHED;0.00;0.00;NONE;b97a0c42-b341-5663-b951-219b721e86af;5259.58;1.5734;8275.57;WITHIN;
2853e980-e387-5a55-8ee6-4e8143082282;0b7bd5fb-531e-50c5-af50-c532bf08fb90;480;013573ad-8e1e-50ab-bfd5-140b70dbab8b;Jet A into-plane MCO B61694 25Sep N592JB;4500301313;00010;6681.000;LTR;1.2482;8339.22;U1;77.66;9b5581fe-9481-52f7-94bc-f542903e1996;2d122df1-1715-5236-8d84-f7a68dd0a763;BPA-MCO-339290;4a4a554e-2bf9-5bf9-8a74-baafb11bc7d0;4500301313;5000301313;TICKET_NUMBER;FUELMCO;400000;MATCHED;0.00;0.00;NONE;52ed3627-1b31-5450-8b33-a90c15759416;5311.4;1.5701;8339.22;WITHIN;
262b8131-5890-5447-b789-df402810d844;0b7bd5fb-531e-50c5-af50-c532bf08fb90;490;013573ad-8e1e-50ab-bfd5-140b70dbab8b;Jet A into-plane MCO B6798 25Sep N3044J;4500301336;00010;8183.000;LTR;1.2482;10214.02;U1;95.12;d2da141f-7c0f-5a93-9a46-da1830599a2a;5f31bb46-da1c-5492-a890-f73b32c6f979;BPA-MCO-339292;85907724-ad9d-55dc-86f0-03bc294b2ad2;4500301336;5000301336;TICKET_NUMBER;FUELMCO;400000;MATCHED;0.00;0.00;NONE;69f4e847-bab0-5225-9998-4fe20620f2f0;6493.21;1.573;10214.02;WITHIN;
512e89d9-7268-5351-8392-5e2d5772a505;0b7bd5fb-531e-50c5-af50-c532bf08fb90;500;013573ad-8e1e-50ab-bfd5-140b70dbab8b;Jet A into-plane MCO B6884 26Sep N2017J;4500301400;00010;6163.000;LTR;1.2561;7741.34;U1;71.64;18d427ea-7a1f-58c3-8aa6-d0d050123741;e6b4faca-ac3c-5ecb-a0b1-b79df2529bd9;BPA-MCO-339293;ec943b7a-9ae9-5398-a74d-7bfd2d2618e5;4500301400;5000301400;TICKET_NUMBER;FUELMCO;400000;MATCHED;0.00;0.00;NONE;efb22aaf-5511-5806-bab2-615c6a858452;4939.03;1.5674;7741.34;WITHIN;
ffc750e8-7aa4-57ea-bc80-fd3333d2c2a1;0b7bd5fb-531e-50c5-af50-c532bf08fb90;510;013573ad-8e1e-50ab-bfd5-140b70dbab8b;Jet A into-plane MCO B6852 26Sep N3284J;4500301444;00010;6720.000;LTR;1.2561;8440.99;U1;78.11;6a8fc07b-f3fa-51c0-b719-60e2ff7c8b1f;b7b56e63-d597-54c8-a772-6ab7d8ec20ef;BPA-MCO-339294;96e77a94-0eaf-5437-9bce-d7ee49c6cdbf;4500301444;5000301444;TICKET_NUMBER;FUELMCO;400000;MATCHED;0.00;0.00;NONE;b71e8db5-1fe4-549f-89f9-124e0ae3191d;5394.82;1.5646;8440.99;WITHIN;
27bd8a94-ab63-559d-8aa6-254c3f28ccc3;0b7bd5fb-531e-50c5-af50-c532bf08fb90;520;013573ad-8e1e-50ab-bfd5-140b70dbab8b;Jet A into-plane MCO B61033 26Sep N568JB;4500301456;00010;7735.000;LTR;1.2561;9715.93;U1;89.91;f1f15304-5be0-5487-a0e3-e3329974903c;871345e4-392a-57d2-9239-fe28089c24c1;BPA-MCO-339297;292852ea-c43c-57f8-a592-23bfcdbca7df;4500301456;5000301456;TICKET_NUMBER;FUELMCO;400000;MATCHED;0.00;0.00;NONE;cd97651f-414d-5c0f-842b-c7d1a69c375a;6184.91;1.5709;9715.93;WITHIN;
aea5be1d-42ad-5711-a451-9c9828fe592a;0b7bd5fb-531e-50c5-af50-c532bf08fb90;530;013573ad-8e1e-50ab-bfd5-140b70dbab8b;Jet A into-plane MCO B62024 26Sep N606JB;4500301472;00010;6458.000;LTR;1.2561;8111.89;U1;75.07;b3c614ec-51cb-5e02-ae1a-706d840196cc;e46715fa-edc8-52b9-b5e4-4aa2d02722aa;BPA-MCO-339299;0aa206a5-6b83-57cc-bd35-e7f975eac58c;4500301472;5000301472;TICKET_NUMBER;FUELMCO;400000;MATCHED;0.00;0.00;NONE;7ec64280-5cb9-5d98-b636-f9142c069f79;5168.34;1.5695;8111.89;WITHIN;
945175d3-af68-5aa7-929c-b9cc6b512b3d;0b7bd5fb-531e-50c5-af50-c532bf08fb90;540;013573ad-8e1e-50ab-bfd5-140b70dbab8b;Jet A into-plane MCO B61077 26Sep N571JB;4500301521;00010;13599.000;LTR;1.2561;17081.70;U1;158.07;26c1073a-59d4-55ac-b335-918f80ce7762;0b6267a8-3647-5dd2-b304-6db10f4c3295;BPA-MCO-339302;95d02cfc-19f7-5736-91ec-d41031442ffc;4500301521;5000301521;TICKET_NUMBER;FUELMCO;400000;MATCHED;0.00;0.00;NONE;c104128f-3ac5-5d1e-b02b-043e439cd39c;10868.32;1.5717;17081.7;WITHIN;
0b9499b4-95b2-58ab-9c36-6b559ae83de4;0b7bd5fb-531e-50c5-af50-c532bf08fb90;550;013573ad-8e1e-50ab-bfd5-140b70dbab8b;Jet A into-plane MCO B6384 26Sep N907JB;4500301531;00010;7699.000;LTR;1.2561;9670.71;U1;89.49;ddfa0e1d-f555-537b-8223-b5bf5530e82c;e9b0e9fd-dbab-56d2-8d2e-f207e13ed347;BPA-MCO-339305;dc673910-53b0-5964-a4ec-93e0fddab29d;4500301531;5000301531;TICKET_NUMBER;FUELMCO;400000;MATCHED;0.00;0.00;NONE;740c765f-c65a-5cbb-a149-e01d5c0a5b3f;6149.96;1.5725;9670.71;WITHIN;
a80c5021-c2fd-5f99-9e57-38ece9ef6055;0b7bd5fb-531e-50c5-af50-c532bf08fb90;560;013573ad-8e1e-50ab-bfd5-140b70dbab8b;Jet A into-plane MCO B62821 26Sep N980JT;4500301535;00010;17512.000;LTR;1.2561;21996.82;U1;203.56;4f0adaac-5469-5318-96d8-79ce2b33f528;63171dbb-9671-5e1c-b796-7f3976642e16;BPA-MCO-339306;f0af6dc1-8e45-5fde-98cb-7221b2a8d1c3;4500301535;5000301535;TICKET_NUMBER;FUELMCO;400000;MATCHED;0.00;0.00;NONE;e53dd906-d186-5300-97d5-a73edd290d02;14025.36;1.5684;21996.82;WITHIN;
bc94eb82-0afb-55ef-b077-82b4a1237d02;0b7bd5fb-531e-50c5-af50-c532bf08fb90;570;013573ad-8e1e-50ab-bfd5-140b70dbab8b;Jet A into-plane MCO B62028 26Sep N547JB;4500301539;00010;7075.000;LTR;1.2561;8886.91;U1;82.24;03583e13-aff5-53ba-b66d-ae83f5394929;9c8d7690-23f4-51aa-96cc-c921770f26a4;BPA-MCO-339307;69bf81de-15c6-58ee-8668-c6495a58396f;4500301539;5000301539;TICKET_NUMBER;FUELMCO;400000;MATCHED;0.00;0.00;NONE;8bd2cad7-cdcf-5925-be64-813e543ad57b;5671.32;1.567;8886.91;WITHIN;
78c0c9ac-0a36-5d36-9860-18b348832b6c;0b7bd5fb-531e-50c5-af50-c532bf08fb90;580;013573ad-8e1e-50ab-bfd5-140b70dbab8b;Jet A into-plane MCO B6588 26Sep N760JB;4500301545;00010;6466.000;LTR;1.2561;8121.94;U1;75.16;bbe5d335-404c-591c-911d-ba651ffd2223;0247a521-cc5e-554c-90d1-48a3fc2552c9;BPA-MCO-339309;2d90a9fc-57b9-56aa-94ab-9aaa8814a365;4500301545;5000301545;TICKET_NUMBER;FUELMCO;400000;MATCHED;0.00;0.00;NONE;15cd197a-c734-5387-850f-658b8e4473a2;5176.68;1.5689;8121.94;WITHIN;
6035267d-8121-548b-ade0-5dc808191e8b;0b7bd5fb-531e-50c5-af50-c532bf08fb90;590;013573ad-8e1e-50ab-bfd5-140b70dbab8b;Jet A into-plane MCO B6438 26Sep N663JB;4500301554;00010;7613.000;LTR;1.2561;9562.69;U1;88.49;5050bd8a-24fe-5553-aa52-ac46ba6d16ea;f8c21567-2540-5227-a1a6-e10683cd159e;BPA-MCO-339310;e05d3948-ec1d-5980-940d-1590ad119184;4500301554;5000301554;TICKET_NUMBER;FUELMCO;400000;MATCHED;0.00;0.00;NONE;e8f79218-c6b4-5b89-bc59-210a2529e130;6084.31;1.5717;9562.69;WITHIN;
91bf5861-9836-53d7-8bc7-86e73defd9b0;0b7bd5fb-531e-50c5-af50-c532bf08fb90;600;013573ad-8e1e-50ab-bfd5-140b70dbab8b;Jet A into-plane MCO B6194 26Sep N566JB;4500301607;00010;6727.000;LTR;1.2561;8449.78;U1;78.19;3e08e771-35f6-5403-b9c6-80c3477bb5d5;ddd827d1-71b8-5a10-818e-6762d3cf5c57;BPA-MCO-339312;bf5620ea-5eaf-57c9-b31f-110c9bddfc25;4500301607;5000301607;TICKET_NUMBER;FUELMCO;400000;MATCHED;0.00;0.00;NONE;9d8085dd-2603-5966-bb41-b753fe1227e3;5392.36;1.567;8449.78;WITHIN;
c0cde236-68f8-54d0-b9a3-fde9eaf65f1d;0b7bd5fb-531e-50c5-af50-c532bf08fb90;610;013573ad-8e1e-50ab-bfd5-140b70dbab8b;Jet A into-plane MCO B6598 26Sep N531JL;4500301626;00010;7566.000;LTR;1.2561;9503.65;U1;87.95;ef61b05e-214b-57e7-973f-bafd739dabaf;6d4e9b11-c6f3-5c37-86c3-5be888aa992f;BPA-MCO-339314;d4a6d471-3193-5182-96b4-8394c8d0eaba;4500301626;5000301626;TICKET_NUMBER;FUELMCO;400000;MATCHED;0.00;0.00;NONE;ee7cdfb1-0b5a-51de-bfe7-70b636accf2e;6062.64;1.5676;9503.65;WITHIN;
0f7c7a05-b97e-5da7-8189-b301bd16cd83;0b7bd5fb-531e-50c5-af50-c532bf08fb90;620;013573ad-8e1e-50ab-bfd5-140b70dbab8b;Jet A into-plane MCO B6546 26Sep N712JB;4500301636;00010;6610.000;LTR;1.2561;8302.82;U1;76.83;50b93991-2719-54ba-8050-0e03c3a56a75;06129b38-75ed-57e7-b353-c351dd4ed283;BPA-MCO-339317;585c8671-f3ec-525f-b9c3-a23c9d9ea4f4;4500301636;5000301636;TICKET_NUMBER;FUELMCO;400000;MATCHED;0.00;0.00;NONE;02b039f2-5d7e-5967-95ce-3e1a79a2ef78;5301.88;1.566;8302.82;WITHIN;
2a1c4ce1-e694-5a97-be92-393b1d7ce847;0b7bd5fb-531e-50c5-af50-c532bf08fb90;630;013573ad-8e1e-50ab-bfd5-140b70dbab8b;Jet A into-plane MCO B62656 26Sep N3157J;4500301644;00010;6365.000;LTR;1.2561;7995.08;U1;73.99;b3b4979b-2c5c-5447-8a84-99810f6e688f;894acfc1-8cd3-55c5-868b-cc488abec945;BPA-MCO-339318;90fb83b4-43aa-59ee-9b3b-2b26886c1d75;4500301644;5000301644;TICKET_NUMBER;FUELMCO;400000;MATCHED;0.00;0.00;NONE;944f504a-1a2c-5e7a-b4e3-9e4e7e507ac6;5086.27;1.5719;7995.08;WITHIN;
5a413b02-0d6c-5a3c-9522-a989f4d90c13;0b7bd5fb-531e-50c5-af50-c532bf08fb90;640;013573ad-8e1e-50ab-bfd5-140b70dbab8b;Jet A into-plane MCO B62324 26Sep N580JB;4500301648;00010;5677.000;LTR;1.2561;7130.88;U1;65.99;b3396fbf-80bf-58dc-aef9-553af507c448;fd235fb4-7060-5d36-901f-6b26b223994e;BPA-MCO-339321;3ed11d89-1880-5115-80a3-53fc7a0284f8;4500301648;5000301648;TICKET_NUMBER;FUELMCO;400000;MATCHED;0.00;0.00;NONE;a92aab63-0ced-5d70-9689-ebc03d60658a;4537.63;1.5715;7130.88;WITHIN;
3523bfe1-c11b-5fb4-bb3c-5812486f1a93;0b7bd5fb-531e-50c5-af50-c532bf08fb90;650;013573ad-8e1e-50ab-bfd5-140b70dbab8b;Jet A into-plane MCO B6698 26Sep N640JB;4500301680;00010;8699.000;LTR;1.2561;10926.81;U1;101.12;42ea3ebc-2186-5798-a4c5-5ef699dddf5a;ae9206d5-7997-507c-824b-76ea4aa9d7e1;BPA-MCO-339324;7e73cc93-70fd-50e7-a98f-fa31be93b4dc;4500301680;5000301680;TICKET_NUMBER;FUELMCO;400000;MATCHED;0.00;0.00;NONE;5a147a4e-2b65-5a18-9314-c97d3c15991e;6974.86;1.5666;10926.81;WITHIN;
09041409-865c-5ea9-abd2-2af47b64cdb6;0b7bd5fb-531e-50c5-af50-c532bf08fb90;660;013573ad-8e1e-50ab-bfd5-140b70dbab8b;Jet A into-plane MCO B62052 26Sep N950JT;4500301681;00010;9527.000;LTR;1.2561;11966.86;U1;110.74;5d689b1f-c45b-50af-b229-b5d3cc23804f;ad6e799b-0a29-556f-9e01-5d3454d3a3d2;BPA-MCO-339327;7ee334c0-7e5b-5f29-8a83-e5d847f7feab;4500301681;5000301681;TICKET_NUMBER;FUELMCO;400000;MATCHED;0.00;0.00;NONE;d8979bd4-97be-5a6d-9294-88014e439b61;7649.23;1.5645;11966.86;WITHIN;
cbb9220f-cc74-5f96-a281-e1d67c1ca695;0b7bd5fb-531e-50c5-af50-c532bf08fb90;670;013573ad-8e1e-50ab-bfd5-140b70dbab8b;Jet A into-plane MCO B61084 26Sep N955JB;4500301689;00010;9290.000;LTR;1.2561;11669.17;U1;107.99;236ccd42-4093-57dc-9f86-0c6dfdc33b43;8b34c1b7-262d-5ff4-8340-e2e3b40cc26f;BPA-MCO-339329;56ea9bf9-ade7-50dd-85c9-32a1acdcada0;4500301689;5000301689;TICKET_NUMBER;FUELMCO;400000;MATCHED;0.00;0.00;NONE;572a75dd-ea66-58b1-baf4-baf3c81ba234;7463.59;1.5635;11669.17;WITHIN;
086d1eee-28b3-560f-8c97-f5ea9ecefcf3;e759a3c1-ee95-5855-ab8e-76310c7912b1;10;013573ad-8e1e-50ab-bfd5-140b70dbab8b;Jet A into-plane MCO B62547 24Sep N531JL;4500300235;00010;625.000;LTR;1.2432;777.00;U1;7.27;97b1f01b-6e07-5d1d-bdae-aa224a9b6169;0f448833-65f6-50a2-9546-28db6cca4aca;SHL-MCO-595698;c7e64d7f-0a43-5b86-84f7-125f4f5af2ff;4500300235;5000300235;TICKET_NUMBER;FUELMCO;400000;MATCHED;0.00;0.00;NONE;f099d850-a7fe-5912-8d48-0b3ddfc606ca;498.94;1.5573;777;WITHIN;
bfd9277d-ff67-5d6e-b0b1-fedc2215f25a;e759a3c1-ee95-5855-ab8e-76310c7912b1;20;013573ad-8e1e-50ab-bfd5-140b70dbab8b;Jet A into-plane MCO B694 24Sep N523JB;4500300247;00010;6348.000;LTR;1.2432;7891.83;U1;73.79;926371df-ad63-57c8-bfee-c989e9bacf52;e8b9b1e8-7264-55ab-8351-49a4b58f3ba3;SHL-MCO-595700;cce96230-ef31-52bb-830f-291648505933;4500300247;5000300247;TICKET_NUMBER;FUELMCO;400000;MATCHED;0.00;0.00;NONE;55e9bfbe-3050-5f58-9710-b63033bfae43;5080.3;1.5534;7891.83;WITHIN;
baa269af-df13-5bad-a23d-dc954b28bb02;e759a3c1-ee95-5855-ab8e-76310c7912b1;30;013573ad-8e1e-50ab-bfd5-140b70dbab8b;Jet A into-plane MCO B61042 24Sep N505JB;4500300254;00010;6775.000;LTR;1.2432;8422.68;U1;78.75;44a4ed27-861e-52cb-91ce-8daea304479a;e7671c74-bbce-5195-ab58-34bb99836f5f;SHL-MCO-595703;2740abd0-ef71-5540-9006-d8e8e7eb06f1;4500300254;5000300254;TICKET_NUMBER;FUELMCO;400000;MATCHED;0.00;0.00;NONE;a66ebd54-f65a-5239-9f58-80e4035abf0a;5411.19;1.5565;8422.68;WITHIN;
ed61c306-a02f-52de-9a2b-18e9c133c7d3;e759a3c1-ee95-5855-ab8e-76310c7912b1;40;013573ad-8e1e-50ab-bfd5-140b70dbab8b;Jet A into-plane MCO B6552 24Sep N903JB;4500300284;00010;6720.000;LTR;1.2432;8354.30;U1;78.11;4358a970-c359-545b-b2c3-6cef179380f2;7d2a3f95-7ddb-5e51-b4dc-ea306722d7a5;SHL-MCO-595705;d124eda4-b614-59f2-adbf-02cf68ad6a49;4500300284;5000300284;TICKET_NUMBER;FUELMCO;400000;MATCHED;0.00;0.00;NONE;ff9365a7-90bc-538a-9522-bde781c1e289;5368.61;1.5561;8354.3;WITHIN;
ec5bf246-3144-54af-a06e-5aa946fccc99;e759a3c1-ee95-5855-ab8e-76310c7912b1;50;013573ad-8e1e-50ab-bfd5-140b70dbab8b;Jet A into-plane MCO B6133 24Sep N524JB;4500300361;00010;13350.000;LTR;1.2432;16596.72;U1;155.18;901ef6b0-953e-5a27-806f-f6a82f1537d9;b1525848-7995-56b1-a0dd-ce0ed5ea710f;SHL-MCO-595706;11fccafc-73e2-5412-aac8-6627bc827044;4500300361;5000300361;TICKET_NUMBER;FUELMCO;400000;MATCHED;0.00;0.00;NONE;e4645e84-510f-561a-a390-ba6050f972aa;10670.66;1.5554;16596.72;WITHIN;
8d15260e-16d1-51f7-9f6a-f8d15708a1c9;e759a3c1-ee95-5855-ab8e-76310c7912b1;60;013573ad-8e1e-50ab-bfd5-140b70dbab8b;Jet A into-plane MCO B61133 24Sep N794JB;4500300365;00010;7758.000;LTR;1.2432;9644.75;U1;90.18;aeefd80e-1d6f-58f7-88ef-df926feb81ee;1d5093bb-58c8-5c7d-9c2b-224d1e5cc094;SHL-MCO-595707;c57299a5-8865-5157-943c-d58d52dba3d8;4500300365;5000300365;TICKET_NUMBER;FUELMCO;400000;MATCHED;0.00;0.00;NONE;6f290150-f766-53ef-ae14-ed0443b4a92e;6190.11;1.5581;9644.75;WITHIN;
18a433f6-0b4b-57f9-baa6-73492e98095d;e759a3c1-ee95-5855-ab8e-76310c7912b1;70;013573ad-8e1e-50ab-bfd5-140b70dbab8b;Jet A into-plane MCO B6670 24Sep N608JB;4500300406;00010;4043.000;LTR;1.2432;5026.26;U1;47.00;910b339e-e3f1-5a25-9f0b-ecfc5b8366cb;aacbd8bb-1665-58a4-948f-f2632237f101;SHL-MCO-595709;d8374c86-44eb-537a-b30a-8915f119560b;4500300406;5000300406;TICKET_NUMBER;FUELMCO;400000;MATCHED;0.00;0.00;NONE;aa2dbc5e-bd93-52af-aba0-0d1510707a9d;3228.74;1.5567;5026.26;WITHIN;
d32f13d9-210b-57f3-94cb-880630958121;e759a3c1-ee95-5855-ab8e-76310c7912b1;80;013573ad-8e1e-50ab-bfd5-140b70dbab8b;Jet A into-plane MCO B61075 24Sep N3044J;4500300457;00010;5513.000;LTR;1.2432;6853.76;U1;64.08;17481359-7be1-5ab8-8722-ba67ae2c1369;ae9f5379-1b67-502c-ad63-5088fbfbdce1;SHL-MCO-595710;e1c739ab-67ad-529a-9fb4-82e542f60103;4500300457;5000300457;TICKET_NUMBER;FUELMCO;400000;MATCHED;0.00;0.00;NONE;eb4d0393-2b70-52de-a8da-37da150f68af;4406.54;1.5554;6853.76;WITHIN;
aac14637-e30a-5087-80f2-a3718c96ccae;e759a3c1-ee95-5855-ab8e-76310c7912b1;90;013573ad-8e1e-50ab-bfd5-140b70dbab8b;Jet A into-plane MCO B6605 24Sep N653JB;4500300466;00010;9921.000;LTR;1.2432;12333.79;U1;115.32;f03aa6da-32dc-5221-aac8-38c5d18cc492;d9479e02-fb3e-55fc-bbfb-247a52334c52;SHL-MCO-595713;73b8498f-d8d6-5d10-b225-107b0d461aab;4500300466;5000300466;TICKET_NUMBER;FUELMCO;400000;MATCHED;0.00;0.00;NONE;a1e71bc9-f9ae-5864-9bb5-f3a3a036de40;7912.99;1.5587;12333.79;WITHIN;
88717c4f-9219-5083-8eab-4b441ed209d6;e759a3c1-ee95-5855-ab8e-76310c7912b1;100;013573ad-8e1e-50ab-bfd5-140b70dbab8b;Jet A into-plane MCO B62919 24Sep N579JB;4500300513;00010;7063.000;LTR;1.2432;8780.72;U1;82.10;12f2f996-7f21-546b-9530-156781d2624d;b0c3fdcc-59d0-5b0c-9858-4480dd4ec5f4;SHL-MCO-595715;d8dca6bc-dae5-59b9-9c02-e627c4d70c49;4500300513;5000300513;TICKET_NUMBER;FUELMCO;400000;MATCHED;0.00;0.00;NONE;14ff4cae-837f-5945-bf18-ae054550556b;5632.04;1.5591;8780.72;WITHIN;
a02ca8a2-829e-5f5f-acfd-5d44fe667d37;e759a3c1-ee95-5855-ab8e-76310c7912b1;110;013573ad-8e1e-50ab-bfd5-140b70dbab8b;Jet A into-plane MCO B62984 24Sep N913JB;4500300519;00010;7592.000;LTR;1.2432;9438.37;U1;88.25;21b8ec60-4a1f-58f9-9b22-ae34fee5e7ce;ff287dff-be55-5e91-be7c-baf9b4adf799;SHL-MCO-595717;e8bc1ed5-a446-5f1f-ae0a-0e78c50d728d;4500300519;5000300519;TICKET_NUMBER;FUELMCO;400000;MATCHED;0.00;0.00;NONE;6d268d80-0377-59e3-8c4d-35251d04c790;6055.38;1.5587;9438.37;WITHIN;
85577be6-c927-5aa0-8af6-9ef105b73e6f;e759a3c1-ee95-5855-ab8e-76310c7912b1;120;013573ad-8e1e-50ab-bfd5-140b70dbab8b;Jet A into-plane MCO B61098 24Sep N646JB;4500300527;00010;8718.000;LTR;1.2432;10838.22;U1;101.34;fd6bb662-6f3d-5892-90d1-ff57ffb84e2d;c570ecac-97bb-5f77-9e98-e923a28c8039;SHL-MCO-595719;63980aca-afb9-55b3-80ad-5fa4515aad68;4500300527;5000300527;TICKET_NUMBER;FUELMCO;400000;MATCHED;0.00;0.00;NONE;37a97be1-9883-5851-a01f-7c293c58a032;6975.27;1.5538;10838.22;WITHIN;
4604622c-f537-58cd-ab37-99e9f0b9a947;e759a3c1-ee95-5855-ab8e-76310c7912b1;130;013573ad-8e1e-50ab-bfd5-140b70dbab8b;Jet A into-plane MCO B61947 24Sep N598JB;4500300546;00010;2834.000;LTR;1.2432;3523.23;U1;32.94;ea6988f4-8785-56c9-88c6-730cdd8163eb;3b0fbdee-261f-5076-8751-00296dc4b856;SHL-MCO-595721;8518eadd-e88f-5dd4-9df1-6b0d8bb23dd4;4500300546;5000300546;TICKET_NUMBER;FUELMCO;400000;MATCHED;0.00;0.00;NONE;389d241e-5ea5-510e-b7b0-65474d60ad0a;2262.67;1.5571;3523.23;WITHIN;
f84605f0-eada-55d7-af67-5f1f290ee1ec;e759a3c1-ee95-5855-ab8e-76310c7912b1;140;013573ad-8e1e-50ab-bfd5-140b70dbab8b;Jet A into-plane MCO B61728 24Sep N662JB;4500300590;00010;7118.000;LTR;1.2432;8849.10;U1;82.74;ce82454a-58fb-593c-ab54-d9a8b2a01b58;84bfe2a9-dfa6-590f-8a30-0cabdc924370;SHL-MCO-595724;3ce2fd6a-25d4-53ff-b4a7-f3f6e67c70f4;4500300590;5000300590;TICKET_NUMBER;FUELMCO;400000;MATCHED;0.00;0.00;NONE;5ca91912-3e50-587a-a9ab-ad46bc20f21f;5672.33;1.56;8849.1;WITHIN;
e2ea8dc2-dd4e-5766-9f2b-8f4bca671ebc;e759a3c1-ee95-5855-ab8e-76310c7912b1;150;013573ad-8e1e-50ab-bfd5-140b70dbab8b;Jet A into-plane MCO B61184 24Sep N2039J;4500300597;00010;6677.000;LTR;1.2432;8300.85;U1;77.61;d74e384b-b29a-5dc5-a15a-f3c468a2f4a6;5fbba4da-e2dd-5bfd-a7ca-f352566a00e0;SHL-MCO-595727;8be9f38a-9630-596f-b40b-6c3e973da7fe;4500300597;5000300597;TICKET_NUMBER;FUELMCO;400000;MATCHED;0.00;0.00;NONE;e8b09900-677a-5e62-bbe2-1240be410e9e;5331.58;1.5569;8300.85;WITHIN;
03a27c64-795d-5b77-822a-514091a29b4a;e759a3c1-ee95-5855-ab8e-76310c7912b1;160;013573ad-8e1e-50ab-bfd5-140b70dbab8b;Jet A into-plane MCO B62424 24Sep N627JB;4500300612;00010;4840.000;LTR;1.2432;6017.09;U1;56.26;2a806449-a2a0-52d0-bb36-ad6339fe9fe4;3f236406-9bc2-5f3d-82f5-081978c205f4;SHL-MCO-595729;b1601667-fdba-5b3f-b761-50f208d0f184;4500300612;5000300612;TICKET_NUMBER;FUELMCO;400000;MATCHED;0.00;0.00;NONE;f2fa0930-128f-5b5b-a16e-c2bfbff1fb7e;3868.13;1.5556;6017.09;WITHIN;
28366417-1952-5b85-9353-812dd997ead9;e759a3c1-ee95-5855-ab8e-76310c7912b1;170;013573ad-8e1e-50ab-bfd5-140b70dbab8b;Jet A into-plane MCO B62128 24Sep N593JB;4500300665;00010;8502.000;LTR;1.2432;10569.69;U1;98.83;4a859396-995d-5e20-8c47-c764a3d6b8bf;5ec259df-b683-55be-99a8-3962eddc4507;SHL-MCO-595732;980b5463-0d8e-5566-9d62-7644e608cfba;4500300665;5000300665;TICKET_NUMBER;FUELMCO;400000;MATCHED;0.00;0.00;NONE;29d14686-c217-55d2-b924-92b961b06a46;6793.95;1.5558;10569.69;WITHIN;
feb708ca-c02d-56c5-afbf-860dd6013b95;e759a3c1-ee95-5855-ab8e-76310c7912b1;180;013573ad-8e1e-50ab-bfd5-140b70dbab8b;Jet A into-plane MCO B68378 25Sep N784JB;4500300878;00010;7926.000;LTR;1.2537;9936.83;U1;92.13;fc5ec844-bf84-554c-b90e-11683b3b6e61;5b6ca3c3-f113-5abf-a6f9-06e7fdf24774;SHL-MCO-595734;81970ff9-5b17-500e-927a-ed456b029bb2;4500300878;5000300878;TICKET_NUMBER;FUELMCO;400000;MATCHED;0.00;0.00;NONE;a26a992a-6df0-5052-94c4-9a2a29696f0e;6300.38;1.5772;9936.83;WITHIN;
0754c691-35b3-5171-919d-51ce2bd97983;e759a3c1-ee95-5855-ab8e-76310c7912b1;190;013573ad-8e1e-50ab-bfd5-140b70dbab8b;Jet A into-plane MCO B694 25Sep N565JB;4500300891;00010;7322.000;LTR;1.2537;9179.59;U1;85.11;b00a6385-f242-51a2-9474-d6ae6dffd2da;c03d7df2-a297-595f-917e-05821773d72c;SHL-MCO-595737;8dabad55-3bb6-5ab4-9b54-731505c23026;4500300891;5000300891;TICKET_NUMBER;FUELMCO;400000;MATCHED;0.00;0.00;NONE;f335676f-a2f0-5a48-8b08-21eb43f034ab;5815.13;1.5786;9179.59;WITHIN;
2d304d44-8e7f-5175-bb95-e26914f9cb65;e759a3c1-ee95-5855-ab8e-76310c7912b1;200;013573ad-8e1e-50ab-bfd5-140b70dbab8b;Jet A into-plane MCO B62547 25Sep N524JB;4500300901;00010;897.000;LTR;1.2537;1124.57;U1;10.43;9142ef1e-dab2-5371-a796-599ba2e122ed;d5991f04-b924-5b83-bca0-3e22c7d69ee2;SHL-MCO-595738;80510d89-60b9-51d3-a44e-805fab5aba04;4500300901;5000300901;TICKET_NUMBER;FUELMCO;400000;MATCHED;0.00;0.00;NONE;c293103f-88fe-5b44-ab0e-40b423a6c310;711.5;1.5806;1124.57;WITHIN;
d2da4ac3-f880-5bd9-83fa-55a4f99eab97;e759a3c1-ee95-5855-ab8e-76310c7912b1;210;013573ad-8e1e-50ab-bfd5-140b70dbab8b;Jet A into-plane MCO B61042 25Sep N580JB;4500300903;00010;6852.000;LTR;1.2537;8590.35;U1;79.65;210e26dc-3a7d-571c-89b9-bf60c2a64777;f6a5d95e-7889-568d-a2fb-308d8c866a11;SHL-MCO-595741;5301515b-ac15-5e96-9077-99e7affe17a2;4500300903;5000300903;TICKET_NUMBER;FUELMCO;400000;MATCHED;0.00;0.00;NONE;bc4e20df-a994-513a-8826-121c5e58d7f8;5448.71;1.5766;8590.35;WITHIN;
5a076df4-6078-503c-a5e1-47226aa310b6;e759a3c1-ee95-5855-ab8e-76310c7912b1;220;013573ad-8e1e-50ab-bfd5-140b70dbab8b;Jet A into-plane MCO B6552 25Sep N996JL;4500300926;00010;8572.000;LTR;1.2537;10746.72;U1;99.64;7c1ca13f-9275-5acd-9568-e60d1d32488d;4d788eb4-849f-5ea6-94ee-d0cc82ac45a4;SHL-MCO-595742;c1866789-602b-5534-8652-34c0aac785d0;4500300926;5000300926;TICKET_NUMBER;FUELMCO;400000;MATCHED;0.00;0.00;NONE;8cea1d26-1f34-5f7f-b78b-1e32824a1283;6801.88;1.58;10746.72;WITHIN;
2bc27d4e-5d8b-5337-9fff-5dcd7eb374e0;e759a3c1-ee95-5855-ab8e-76310c7912b1;230;013573ad-8e1e-50ab-bfd5-140b70dbab8b;Jet A into-plane MCO B6133 25Sep N712JB;4500300957;00010;7731.000;LTR;1.2537;9692.35;U1;89.87;74713e03-b9e3-5123-b122-2a16bf4f0a5f;cf11f647-f979-534e-901a-554cc25f0e01;SHL-MCO-595743;636dbfe6-8f25-5707-b7e5-e59fd01534c8;4500300957;5000300957;TICKET_NUMBER;FUELMCO;400000;MATCHED;0.00;0.00;NONE;e5802545-1d78-53d5-9121-964e102b1881;6111.36;1.586;9692.35;WITHIN;
39c83ded-83a1-5641-9b7e-9680a91bd87d;e759a3c1-ee95-5855-ab8e-76310c7912b1;240;013573ad-8e1e-50ab-bfd5-140b70dbab8b;Jet A into-plane MCO B61133 25Sep N768JB;4500301019;00010;7137.000;LTR;1.2537;8947.66;U1;82.96;4f36bcf1-43c3-57e9-8fce-5eaf062095e8;cd4b32d9-095a-5634-a685-e953011c17f9;SHL-MCO-595745;11f95b42-1f06-5811-839e-d9c32963f7ce;4500301019;5000301019;TICKET_NUMBER;FUELMCO;400000;MATCHED;0.00;0.00;NONE;29b66e6f-5370-51b0-84ad-444ca81a8731;5661.07;1.5806;8947.66;WITHIN;
84b1bac3-9dcc-5f31-9c9c-32b89f27ff98;e759a3c1-ee95-5855-ab8e-76310c7912b1;250;013573ad-8e1e-50ab-bfd5-140b70dbab8b;Jet A into-plane MCO B6605 25Sep N779JB;4500301079;00010;14161.000;LTR;1.2537;17753.65;U1;164.61;6d85d96c-cc87-56d5-afa6-fa05dd5fe345;ef46a39e-45cc-54d9-8ceb-cbc0f553508c;SHL-MCO-595746;3f38ee27-f512-59d8-b709-b9a1eb3c4f5d;4500301079;5000301079;TICKET_NUMBER;FUELMCO;400000;MATCHED;0.00;0.00;NONE;5cc18e94-884a-52ee-8910-455b91d51e39;11246.67;1.5786;17753.65;WITHIN;
ca2b5c2f-7e28-5795-b4c5-d80373fc534a;e759a3c1-ee95-5855-ab8e-76310c7912b1;260;013573ad-8e1e-50ab-bfd5-140b70dbab8b;Jet A into-plane MCO B61075 25Sep N571JB;4500301091;00010;7031.000;LTR;1.2537;8814.76;U1;81.73;313cf378-a3f8-5210-8ff5-5f43fa65a21a;a7e9530a-a2e7-5948-bbb8-46f221082cb2;SHL-MCO-595747;26c131ef-ed4f-5b2b-bd0a-4435c8a25729;4500301091;5000301091;TICKET_NUMBER;FUELMCO;400000;MATCHED;0.00;0.00;NONE;ce88a7b2-e6a6-5e72-aecd-acccf0a853d1;5562.93;1.5846;8814.76;WITHIN;
0cd63f56-1218-515a-a039-f81c6191e0e2;e759a3c1-ee95-5855-ab8e-76310c7912b1;270;013573ad-8e1e-50ab-bfd5-140b70dbab8b;Jet A into-plane MCO B61333 25Sep N521JB;4500301120;00010;8174.000;LTR;1.2537;10247.74;U1;95.01;81334230-c434-579f-a8a4-ab071fc4ad9d;4b39c62c-be0d-5265-a577-dc09f05cba4c;SHL-MCO-595748;eab2c738-e842-562e-adbf-5c0b4eefe233;4500301120;5000301120;TICKET_NUMBER;FUELMCO;400000;MATCHED;0.00;0.00;NONE;806cca51-77c5-5c22-b27e-5950230f362a;6479.53;1.5816;10247.74;WITHIN;
e17c62b9-3489-5ece-8e9c-a30fa844c236;e759a3c1-ee95-5855-ab8e-76310c7912b1;280;013573ad-8e1e-50ab-bfd5-140b70dbab8b;Jet A into-plane MCO B62919 25Sep N580JB;4500301162;00010;7695.000;LTR;1.2537;9647.22;U1;89.45;a8df825a-19a1-539d-a1fb-5438e7b745cb;4c1e3f43-a3ce-5a20-bde8-88bf7309ef99;SHL-MCO-595750;806add45-87b3-5083-881a-0ea5ac65f409;4500301162;5000301162;TICKET_NUMBER;FUELMCO;400000;MATCHED;0.00;0.00;NONE;3340a320-8875-5871-b8fb-934bf4e32969;6109.06;1.5792;9647.22;WITHIN;
59543d10-c5bd-579a-8a91-bdb9f37acace;e759a3c1-ee95-5855-ab8e-76310c7912b1;290;013573ad-8e1e-50ab-bfd5-140b70dbab8b;Jet A into-plane MCO B6670 25Sep N652JB;4500301163;00010;5139.000;LTR;1.2537;6442.76;U1;59.74;4b747eb5-24e2-53d0-af0f-844c9af914df;91293bbc-9112-5484-ad41-222143683cda;SHL-MCO-595752;c61aa128-e983-57a6-976d-9d5b866339f0;4500301163;5000301163;TICKET_NUMBER;FUELMCO;400000;MATCHED;0.00;0.00;NONE;13601cba-57d5-5e59-b555-675f1526e205;4070.09;1.583;6442.76;WITHIN;
e2a011bf-27e4-5a58-9874-4a7831d60d8a;e759a3c1-ee95-5855-ab8e-76310c7912b1;300;013573ad-8e1e-50ab-bfd5-140b70dbab8b;Jet A into-plane MCO B61947 25Sep N653JB;4500301187;00010;3164.000;LTR;1.2537;3966.71;U1;36.78;ca42ff4d-677b-58a4-aa94-5fdae62aa845;396fb8b4-3c91-5458-a500-5910b7aa764a;SHL-MCO-595755;6c09e70f-ad3f-5752-825b-c50fbc8dd18d;4500301187;5000301187;TICKET_NUMBER;FUELMCO;400000;MATCHED;0.00;0.00;NONE;075ba7b8-b358-5bcc-ae3d-955a10d8760e;2515.7;1.5768;3966.71;WITHIN;
23571fb9-ea95-5701-a222-4a9e6425404f;e759a3c1-ee95-5855-ab8e-76310c7912b1;310;013573ad-8e1e-50ab-bfd5-140b70dbab8b;Jet A into-plane MCO B61728 25Sep N633JB;4500301212;00010;6104.000;LTR;1.2537;7652.58;U1;70.95;31a5b011-e496-5294-8173-551f0212b785;acb76877-5c64-5d53-9d1e-1026881f88d9;SHL-MCO-595756;b9b76b36-5175-5915-afb0-6743f8bbcff3;4500301212;5000301212;TICKET_NUMBER;FUELMCO;400000;MATCHED;0.00;0.00;NONE;8b9be142-e790-54c1-a733-06c51f41c104;4839.25;1.5814;7652.58;WITHIN;
9e261674-5d62-5b8e-a443-f626abd7d65d;e759a3c1-ee95-5855-ab8e-76310c7912b1;320;013573ad-8e1e-50ab-bfd5-140b70dbab8b;Jet A into-plane MCO B61184 25Sep N996JL;4500301249;00010;10391.000;LTR;1.2537;13027.20;U1;120.78;b9b7276b-d6b8-5ff7-b6c2-ee244abe86a3;0ba910af-ed6b-5913-865d-47c269c5ae59;SHL-MCO-595757;bd561c08-3b4d-5b6e-9b0c-c6a4bcb62b26;4500301249;5000301249;TICKET_NUMBER;FUELMCO;400000;MATCHED;0.00;0.00;NONE;5455c4ab-8e5b-5ac0-b46e-16555c25a51e;8229.67;1.583;13027.2;WITHIN;
1aef31b4-a87c-5ebd-8c78-44f3938ecf13;e759a3c1-ee95-5855-ab8e-76310c7912b1;330;013573ad-8e1e-50ab-bfd5-140b70dbab8b;Jet A into-plane MCO B61098 25Sep N655JB;4500301307;00010;8402.000;LTR;1.2537;10533.59;U1;97.66;1b17805a-61d5-54aa-9b3f-21a523f8d640;1b5f9a2e-bf75-5b86-a679-3b9059173688;SHL-MCO-595758;3d2d2933-a21f-5983-9be0-814472be0ecc;4500301307;5000301307;TICKET_NUMBER;FUELMCO;400000;MATCHED;0.00;0.00;NONE;3a49de22-5219-5941-a448-72a246800b3a;6663.63;1.5808;10533.59;WITHIN;
0c0520d1-9bc4-5188-b765-44be89e385cd;e759a3c1-ee95-5855-ab8e-76310c7912b1;340;013573ad-8e1e-50ab-bfd5-140b70dbab8b;Jet A into-plane MCO B62424 25Sep N608JB;4500301309;00010;7538.000;LTR;1.2537;9450.39;U1;87.62;82043da1-3308-588f-9a30-7fb67b83c7c2;d8c2c390-3187-5203-9fa3-3dd29ec10f02;SHL-MCO-595760;be72e6f5-0574-5251-82e1-25520d0b2641;4500301309;5000301309;TICKET_NUMBER;FUELMCO;400000;MATCHED;0.00;0.00;NONE;7ac4107e-1542-5a79-af12-1c8bf53e8f6c;5964.82;1.5844;9450.39;WITHIN;
117b3e50-8885-528b-8ee2-617aee0daf4a;e759a3c1-ee95-5855-ab8e-76310c7912b1;350;013573ad-8e1e-50ab-bfd5-140b70dbab8b;Jet A into-plane MCO B62128 25Sep N547JB;4500301320;00010;6008.000;LTR;1.2537;7532.23;U1;69.84;0a9d6a22-88be-550d-bb9c-f0d640de8026;7943e45f-4a51-5854-bd83-0973151bf9b2;SHL-MCO-595763;ccd1b892-f735-5b3d-84f3-95ce43402fb4;4500301320;5000301320;TICKET_NUMBER;FUELMCO;400000;MATCHED;0.00;0.00;NONE;44dc3647-f37a-51a4-bfe2-ada238b79f2c;4755.33;1.584;7532.23;WITHIN;
ebafafbb-5b6d-56b4-993a-ceff34a56f09;e759a3c1-ee95-5855-ab8e-76310c7912b1;360;013573ad-8e1e-50ab-bfd5-140b70dbab8b;Jet A into-plane MCO B694 26Sep N579JB;4500301519;00010;7736.000;LTR;1.2616;9759.74;U1;89.92;d3f2f325-b6ab-5d17-992a-546ce0a99a28;d3fa8a48-91ad-5a58-9c72-825be877b6a2;SHL-MCO-595764;1627a899-ebc4-58c5-9742-5af7ae7bed2e;4500301519;5000301519;TICKET_NUMBER;FUELMCO;400000;MATCHED;0.00;0.00;NONE;46ba6e87-fb9a-599c-bbd9-e7d4745e7707;6184.93;1.578;9759.74;WITHIN;
81349d92-5814-529d-9841-89076994c971;e759a3c1-ee95-5855-ab8e-76310c7912b1;370;013573ad-8e1e-50ab-bfd5-140b70dbab8b;Jet A into-plane MCO B62547 26Sep N624JB;4500301523;00010;1732.000;LTR;1.2616;2185.09;U1;20.13;e7fc6b51-9a9b-5305-a0b9-dcbb3dbb2092;13658b90-771e-55c1-8e10-f72f9094e823;SHL-MCO-595765;787b95cd-d1ff-5f2f-81d7-6e6382553733;4500301523;5000301523;TICKET_NUMBER;FUELMCO;400000;MATCHED;0.00;0.00;NONE;45cff6ad-77e8-59fa-a3e5-292b7db41a2c;1386.99;1.5754;2185.09;WITHIN;
07f45477-1d6a-5026-b9f5-d1bb15a4cd01;e759a3c1-ee95-5855-ab8e-76310c7912b1;380;013573ad-8e1e-50ab-bfd5-140b70dbab8b;Jet A into-plane MCO B61042 26Sep N652JB;4500301547;00010;6703.000;LTR;1.2616;8456.50;U1;77.92;c8b81997-7965-518c-9e29-be7ed96cf49d;b7fd6f3b-a56d-5f6c-9a03-eccfc1ce4292;SHL-MCO-595767;0f34ddf6-9858-592f-acd4-d5e2289c2b21;4500301547;5000301547;TICKET_NUMBER;FUELMCO;400000;MATCHED;0.00;0.00;NONE;ab64aa7f-166b-5274-9071-015f60896d96;5375.14;1.5733;8456.5;WITHIN;
9d405f19-7f62-50e1-8c7e-de0e5f4291f4;e759a3c1-ee95-5855-ab8e-76310c7912b1;390;013573ad-8e1e-50ab-bfd5-140b70dbab8b;Jet A into-plane MCO B6552 26Sep N994JL;4500301556;00010;11256.000;LTR;1.2616;14200.57;U1;130.84;ad1627ea-c8e0-5005-8550-05874a970708;720e35bd-c605-535d-aaef-1ad1e2041f56;SHL-MCO-595770;20e4d42c-887b-5f82-84cc-00b97251c648;4500301556;5000301556;TICKET_NUMBER;FUELMCO;400000;MATCHED;0.00;0.00;NONE;649ed698-1bc7-5f8e-84e4-461f128d03c0;9038.57;1.5711;14200.57;WITHIN;
67fcdbda-6ab4-52ad-bcab-1acf3d8a0812;e759a3c1-ee95-5855-ab8e-76310c7912b1;400;013573ad-8e1e-50ab-bfd5-140b70dbab8b;Jet A into-plane MCO B6133 26Sep N608JB;4500301562;00010;7183.000;LTR;1.2616;9062.07;U1;83.50;3c242e60-8c51-5024-8f90-79e0590b75d0;4ee8654c-9b81-5445-ba25-82a74b6a6b35;SHL-MCO-595773;8f529790-5d4f-5fc3-a3a6-4b5d0f8f223c;4500301562;5000301562;TICKET_NUMBER;FUELMCO;400000;MATCHED;0.00;0.00;NONE;3c42f914-a204-5112-b472-cfb6d0a83c9c;5752.86;1.5752;9062.07;WITHIN;
15442d1f-4491-5883-92c3-e4e0088bc713;e759a3c1-ee95-5855-ab8e-76310c7912b1;410;013573ad-8e1e-50ab-bfd5-140b70dbab8b;Jet A into-plane MCO B61133 26Sep N779JB;4500301628;00010;7008.000;LTR;1.2616;8841.29;U1;81.46;30789e44-791c-54ae-a9b5-6b14f1a89d39;75818f6f-27f0-5cdb-a9d4-03cfba38d8c4;SHL-MCO-595774;f73ff4d3-4e72-5b30-b196-66c32eb32236;4500301628;5000301628;TICKET_NUMBER;FUELMCO;400000;MATCHED;0.00;0.00;NONE;aff3bbf6-2a32-5723-b9db-53c2d7133468;5608.5;1.5764;8841.29;WITHIN;
174bc62d-6e01-55fc-ad9a-6b0765c5e1b7;e759a3c1-ee95-5855-ab8e-76310c7912b1;420;013573ad-8e1e-50ab-bfd5-140b70dbab8b;Jet A into-plane MCO B61075 26Sep N527JL;4500301665;00010;5996.000;LTR;1.2616;7564.55;U1;69.70;27117f82-f1c4-554c-b2c6-8d26d223221d;4f80cbf5-548d-5a9f-bcc8-142471224989;SHL-MCO-595775;e1b3d4d2-8d8c-5c41-b41c-2db685c011c5;4500301665;5000301665;TICKET_NUMBER;FUELMCO;400000;MATCHED;0.00;0.00;NONE;efd8c62d-9dca-5104-a06f-0234026729d2;4792;1.5786;7564.55;WITHIN;
44a48172-f174-54d9-8d26-b07e9d162a57;e759a3c1-ee95-5855-ab8e-76310c7912b1;430;013573ad-8e1e-50ab-bfd5-140b70dbab8b;Jet A into-plane MCO B6670 26Sep N612JB;4500301669;00010;5010.000;LTR;1.2616;6320.62;U1;58.24;6b59c1f3-49b9-51e8-82ec-059dbf417c7d;3137d3b5-5387-5216-94d8-94ec47f2d225;SHL-MCO-595776;afe1b147-0ea3-5568-b286-d4c32d9b9b6c;4500301669;5000301669;TICKET_NUMBER;FUELMCO;400000;MATCHED;0.00;0.00;NONE;4dc7e195-2986-552a-9239-f183fd9307ff;4024.03;1.5707;6320.62;WITHIN;
d621606c-59c9-5306-871a-4b099bca912a;e759a3c1-ee95-5855-ab8e-76310c7912b1;440;013573ad-8e1e-50ab-bfd5-140b70dbab8b;Jet A into-plane MCO B6605 26Sep N804JB;4500301676;00010;13883.000;LTR;1.2616;17514.79;U1;161.38;52d04947-a908-5a2b-bbc4-5b27c4207585;d6b16543-0430-5322-af7c-eafb4f0feab7;SHL-MCO-595777;595a5930-6f35-525d-88dd-425836e85c5a;4500301676;5000301676;TICKET_NUMBER;FUELMCO;400000;MATCHED;0.00;0.00;NONE;c82596ac-1a0e-5fbe-8421-b79addf44a22;11117.51;1.5754;17514.79;WITHIN;
98006e54-7714-5629-ad99-2af57a8aa405;e759a3c1-ee95-5855-ab8e-76310c7912b1;450;013573ad-8e1e-50ab-bfd5-140b70dbab8b;Jet A into-plane MCO B61333 26Sep N655JB;4500301711;00010;7098.000;LTR;1.2616;8954.84;U1;82.51;5dcec854-f989-5003-9ef2-c62f14426d6a;5ec64872-7069-50f8-8982-c37145395ff5;SHL-MCO-595780;1329c34a-7196-5217-a400-f8fa70b2b543;4500301711;5000301711;TICKET_NUMBER;FUELMCO;400000;MATCHED;0.00;0.00;NONE;ac3c0fcd-3599-5409-be2a-90d42d2987ce;5694.02;1.5727;8954.84;WITHIN;
cec6e5e5-2498-55e6-8ce5-5fc39ff283a8;e759a3c1-ee95-5855-ab8e-76310c7912b1;460;013573ad-8e1e-50ab-bfd5-140b70dbab8b;Jet A into-plane MCO B61728 26Sep N627JB;4500301729;00010;6843.000;LTR;1.2616;8633.13;U1;79.54;083ca0db-62a0-58b1-9c85-cc377fab32e1;73a8ff49-43d7-5893-a010-e98e31b3faee;SHL-MCO-595783;724507ff-aed9-5163-97d3-4468466e2173;4500301729;5000301729;TICKET_NUMBER;FUELMCO;400000;MATCHED;0.00;0.00;NONE;25daff86-8d18-55f4-b322-a0969e3cf067;5481.93;1.5748;8633.13;WITHIN;
cc2a349b-4d9f-540f-924c-7a4c94446b57;e759a3c1-ee95-5855-ab8e-76310c7912b1;470;013573ad-8e1e-50ab-bfd5-140b70dbab8b;Jet A into-plane MCO B61098 26Sep N635JB;4500301748;00010;5080.000;LTR;1.2616;6408.93;U1;59.05;19b3d138-ea06-5916-bf0f-2edaaf94a4b8;365c837e-9038-52b0-b9ed-a74293f872a0;SHL-MCO-595786;6f99977f-663b-5260-aa25-8e08017866fd;4500301748;5000301748;TICKET_NUMBER;FUELMCO;400000;MATCHED;0.00;0.00;NONE;22457caf-5cd4-5a2a-9de7-2aa3dad9ece4;4057.9;1.5794;6408.93;WITHIN;
ef3f9872-e362-56e5-8511-27fefd426a3a;e759a3c1-ee95-5855-ab8e-76310c7912b1;480;013573ad-8e1e-50ab-bfd5-140b70dbab8b;Jet A into-plane MCO B61947 26Sep N760JB;4500301752;00010;2212.000;LTR;1.2616;2790.66;U1;25.71;0515e947-6176-5c66-a610-5653f281a2e9;57ba0e73-3902-5e41-990b-72f7d1ca7d7c;SHL-MCO-595787;cbe37895-6964-528f-8a89-b4383547abb4;4500301752;5000301752;TICKET_NUMBER;FUELMCO;400000;MATCHED;0.00;0.00;NONE;82f7b822-c5a4-55a1-b3d3-b8d92d9edd93;1772.25;1.5746;2790.66;WITHIN;
272012d1-38cd-54d5-ac56-664a668d912d;a2220226-74f7-564e-be87-87306f37265d;10;013573ad-8e1e-50ab-bfd5-140b70dbab8b;Jet A into-plane MDW B69002 25Sep N934JB;4500301154;00010;5343.000;LTR;1.2938;6912.77;U1;62.11;b4aca23c-8afd-5ee2-9e75-50e8aa798ecf;21a37871-031e-5b01-9579-47851c27669b;BPA-MDW-183453;96c6421b-c100-5eb7-bd15-984c7cd46345;4500301154;5000301154;TICKET_NUMBER;FUELMDW;400000;MATCHED;0.00;0.00;NONE;7d1b08e5-2b51-59f5-8a2f-6e8f66b49f69;4324.62;1.5985;6912.77;WITHIN;
321f932b-8d6b-5dff-a852-6dc21ec1a4d2;5a07f84e-8f18-5671-9b43-e8c23017d25e;10;013573ad-8e1e-50ab-bfd5-140b70dbab8b;Jet A into-plane MEM B68801 25Sep N570JB;4500301059;00010;12291.000;LTR;1.2645;15541.97;U1;142.87;f0fb32ce-00e7-57f4-a8ca-42beb71af962;33aee057-0cf2-51a1-a636-9cec12dda78f;AVF-MEM-462514;6ee3f1a6-3021-50ba-8eea-1c20b6515db7;4500301059;5000301059;TICKET_NUMBER;FUELMEM;400000;MATCHED;0.00;0.00;NONE;253b0d2a-a37c-563a-ab52-326b9c8aa20f;9940.96;1.5634;15541.97;WITHIN;
78327801-2312-5800-98a1-e657ced01ce0;1c0bb293-4333-53c6-86ba-825260dab245;10;013573ad-8e1e-50ab-bfd5-140b70dbab8b;Jet A into-plane MKE B62230 24Sep N3260J;4500300370;00010;6688.000;LTR;1.2681;8481.05;U1;77.74;693d5d83-b226-5298-ba42-041a4fc09393;7b0a3fe1-d0bc-5e50-afef-6dc68f93148a;BPA-MKE-788573;bdbfd539-e095-5359-acf6-9f63e36eb681;4500300370;5000300370;TICKET_NUMBER;FUELMKE;400000;MATCHED;0.00;0.00;NONE;314bbfa5-049d-586a-a1e1-805ca2e8bf61;5357.76;1.5829;8481.05;WITHIN;
4517db7d-1041-5b92-8378-40b8d00ebde8;1c0bb293-4333-53c6-86ba-825260dab245;20;013573ad-8e1e-50ab-bfd5-140b70dbab8b;Jet A into-plane MKE B62230 25Sep N3121J;4500300993;00010;4726.000;LTR;1.2787;6043.14;U1;54.94;a92a5c94-3267-5af1-bcf6-f193b33cd27d;0d122667-c2c6-57ff-b686-cd38b58b8560;BPA-MKE-788575;4accea8a-370f-590d-8cc6-ba3843e12a98;4500300993;5000300993;TICKET_NUMBER;FUELMKE;400000;MATCHED;0.00;0.00;NONE;98ca7284-f48d-5e56-842a-80600e078e69;3803.48;1.5888;6043.14;WITHIN;
de511a8e-c1f9-5687-a360-90b0cc429c87;1c0bb293-4333-53c6-86ba-825260dab245;30;013573ad-8e1e-50ab-bfd5-140b70dbab8b;Jet A into-plane MKE B62230 26Sep N3058J;4500301599;00010;6563.000;LTR;1.2866;8443.96;U1;76.29;4c552334-00c1-5327-89d6-4611f6eae670;1295f6d7-7879-5fee-9a0a-c391b00802cb;BPA-MKE-788577;6fe01748-dcc1-5e03-8489-0e180625560b;4500301599;5000301599;TICKET_NUMBER;FUELMKE;400000;MATCHED;0.00;0.00;NONE;58d49712-fb55-570a-b88d-3fe0818d700b;5262.21;1.6046;8443.96;WITHIN;
5f808537-59a3-5298-b504-e7ec47464c59;7205cccb-8b9a-5390-9f0c-793c8c48b0df;10;013573ad-8e1e-50ab-bfd5-140b70dbab8b;Jet A into-plane MSY B6400 23Sep N521JB;4500300041;00010;10473.000;LTR;1.2370;12955.10;U1;121.74;d4c8e563-5e0d-577a-aacf-d2dd24187c56;63f78bdf-f9c8-552d-8014-1980a9f63fab;CGA-MSY-537673;3084b85d-04fc-5d5a-94c0-0c699441280d;4500300041;5000300041;TICKET_NUMBER;FUELMSY;400000;MATCHED;0.00;0.00;NONE;ce677465-21b9-5877-a025-a85442a49184;8314.51;1.5581;12955.1;WITHIN;
aa8a8f4d-01e4-5313-84e8-ee7bfb03ff34;7205cccb-8b9a-5390-9f0c-793c8c48b0df;20;013573ad-8e1e-50ab-bfd5-140b70dbab8b;Jet A into-plane MSY B61822 24Sep N615JB;4500300203;00010;4424.000;LTR;1.2450;5507.88;U1;51.42;9d4e5ef5-1e21-56a0-b44c-28b4c012d7c3;0d0bca43-177c-560d-add0-b22ec819f5cf;CGA-MSY-537674;aaf2d0fd-807d-5ab5-b9f7-68ac9999f403;4500300203;5000300203;TICKET_NUMBER;FUELMSY;400000;MATCHED;0.00;0.00;NONE;a4847802-41b8-50a2-af9f-c956e5319e52;3517.96;1.5656;5507.88;WITHIN;
a8ffb80a-9520-5ce1-b868-536a8c946040;7205cccb-8b9a-5390-9f0c-793c8c48b0df;30;013573ad-8e1e-50ab-bfd5-140b70dbab8b;Jet A into-plane MSY B6176 24Sep N3023J;4500300327;00010;4561.000;LTR;1.2450;5678.45;U1;53.02;6c6b4941-a9ef-5bc2-b43e-ec3045b7bae5;2f116728-e713-5f05-a2fb-9dcb126ed36a;CGA-MSY-537675;9c458c02-43b5-5bb1-8b3e-aa5e515cee2f;4500300327;5000300327;TICKET_NUMBER;FUELMSY;400000;MATCHED;0.00;0.00;NONE;399bf678-f6dd-55cd-bc63-b76704ba5ea8;3614.59;1.571;5678.45;WITHIN;
1ac0f88a-16fc-5d55-a1ea-38be90a55f94;7205cccb-8b9a-5390-9f0c-793c8c48b0df;40;013573ad-8e1e-50ab-bfd5-140b70dbab8b;Jet A into-plane MSY B62722 24Sep N559JB;4500300427;00010;3881.000;LTR;1.2450;4831.85;U1;45.11;bac7329a-6143-5a53-8bed-2c55957e670c;e8610c77-9174-53e0-a9f5-0ac90d93170f;CGA-MSY-537676;50aef949-b7de-55e7-90af-e940021caa64;4500300427;5000300427;TICKET_NUMBER;FUELMSY;400000;MATCHED;0.00;0.00;NONE;1662b01a-0ac8-5bfc-b43f-8ac4a80ae2ba;3091.22;1.5631;4831.85;WITHIN;
17b7de80-359e-59c6-a267-0635fa39679c;7205cccb-8b9a-5390-9f0c-793c8c48b0df;50;013573ad-8e1e-50ab-bfd5-140b70dbab8b;Jet A into-plane MSY B6400 24Sep N603JB;4500300586;00010;8151.000;LTR;1.2450;10148.00;U1;94.75;1ea5b083-6adc-579a-803f-e75532972fd5;9dc73d76-eb06-5fd4-865f-1a10d3fc5c28;CGA-MSY-537677;6ef09db8-f654-567e-a399-c32b63ae03e5;4500300586;5000300586;TICKET_NUMBER;FUELMSY;400000;MATCHED;0.00;0.00;NONE;86c57c2f-6374-56d8-9422-9862b7ffbaab;6465.37;1.5696;10148;WITHIN;
26ace57c-4878-5cc1-9f7c-6cd5d5cc8101;7205cccb-8b9a-5390-9f0c-793c8c48b0df;60;013573ad-8e1e-50ab-bfd5-140b70dbab8b;Jet A into-plane MSY B61822 25Sep N809JB;4500300849;00010;3682.000;LTR;1.2555;4622.75;U1;42.80;93084a51-d27d-5235-af1c-82d2832c04e2;4f9fc6cf-dc06-5267-b111-dd7f5710e5f1;CGA-MSY-537678;8c8e63b1-1f30-5eda-86e4-a5262ac2f9da;4500300849;5000300849;TICKET_NUMBER;FUELMSY;400000;MATCHED;0.00;0.00;NONE;12ace3d7-906e-5744-98f1-e4c9cdbfcde8;2931.61;1.5769;4622.75;WITHIN;
4e96fe81-c287-5f65-8371-deca160d8f06;7205cccb-8b9a-5390-9f0c-793c8c48b0df;70;013573ad-8e1e-50ab-bfd5-140b70dbab8b;Jet A into-plane MSY B6176 25Sep N3112J;4500300975;00010;6163.000;LTR;1.2555;7737.65;U1;71.64;be0fd56c-ffcf-5fe2-9430-3c8b84fb1de0;a2e06021-f86f-5c66-b247-602f486b0c50;CGA-MSY-537680;93ec1cc9-79ed-5d20-9b2f-8ae8500af5c1;4500300975;5000300975;TICKET_NUMBER;FUELMSY;400000;MATCHED;0.00;0.00;NONE;9722e807-51a1-57ea-992a-5da56dbb5172;4891.57;1.5818;7737.65;WITHIN;
66d42c40-f9f3-5a7c-a020-dff68ef64db3;7205cccb-8b9a-5390-9f0c-793c8c48b0df;80;013573ad-8e1e-50ab-bfd5-140b70dbab8b;Jet A into-plane MSY B62722 25Sep N563JB;4500301092;00010;2993.000;LTR;1.2555;3757.71;U1;34.79;81defa6c-7341-53ec-a6c2-fea848f76222;3d66f0cd-0a9c-5608-b7d2-3c4762b66ad7;CGA-MSY-537682;a27b0270-f1d6-52a5-aba3-85730394f280;4500301092;5000301092;TICKET_NUMBER;FUELMSY;400000;MATCHED;0.00;0.00;NONE;22024c55-9558-53ab-8051-c17a54de7630;2380.03;1.5788;3757.71;WITHIN;
41657783-306e-548d-877e-af8db0b1cde4;7205cccb-8b9a-5390-9f0c-793c8c48b0df;90;013573ad-8e1e-50ab-bfd5-140b70dbab8b;Jet A into-plane MSY B61822 26Sep N630JB;4500301481;00010;3947.000;LTR;1.2634;4986.64;U1;45.88;8c8ade1e-2a19-5723-82f6-eb019577bae3;b1a490f1-9bc6-5e37-9bac-cd8bb4f7456c;CGA-MSY-537684;0160b5ac-916d-5ed3-8310-1552e3c8536c;4500301481;5000301481;TICKET_NUMBER;FUELMSY;400000;MATCHED;0.00;0.00;NONE;551f8934-6210-5fba-8a55-3faccd7723ec;3135.89;1.5902;4986.64;WITHIN;
123f35f9-69c6-554d-87cc-21f66dd07b39;7205cccb-8b9a-5390-9f0c-793c8c48b0df;100;013573ad-8e1e-50ab-bfd5-140b70dbab8b;Jet A into-plane MSY B6176 26Sep N3062J;4500301590;00010;5261.000;LTR;1.2634;6646.75;U1;61.15;3c21d831-19ec-50e9-b676-ff4eacf9b495;8fbc8435-e4a9-5b1d-81ab-9b1f23fb98c2;CGA-MSY-537687;946585d0-84dc-5375-a6d7-7fc1115cb585;4500301590;5000301590;TICKET_NUMBER;FUELMSY;400000;MATCHED;0.00;0.00;NONE;3aa385bc-4d09-5b50-8c79-113deb71f3b8;4169.34;1.5942;6646.75;WITHIN;
7cfb49a7-4f15-5811-8af1-201550c9ad73;7205cccb-8b9a-5390-9f0c-793c8c48b0df;110;013573ad-8e1e-50ab-bfd5-140b70dbab8b;Jet A into-plane MSY B62722 26Sep N603JB;4500301687;00010;3710.000;LTR;1.2634;4687.21;U1;43.13;70dffd89-3ed7-59d1-a73f-6cdea5a28731;5e472f8c-7ad7-5fd9-9099-a48aa7a5f74f;CGA-MSY-537690;14c46fef-967d-5d68-879d-79ed6f579359;4500301687;5000301687;TICKET_NUMBER;FUELMSY;400000;MATCHED;0.00;0.00;NONE;fd9d1cf8-1bf3-5368-9171-fe33d89f0287;2931.64;1.5988;4687.21;WITHIN;
cbd9f789-a0d2-5717-9fc1-08a41674d91e;82a59c9a-7a8e-54d8-8a7c-11d06c6650a1;10;c3d4e5f6-3333-4000-8000-000000000001;Jet A into-plane MXP B6332 24Sep N4062J;4500300103;00010;25360.000;LTR;1.2775;32397.40;V0;0.00;5b8a3cd2-76a5-5592-9e02-d81c3cd124db;449dfa8a-aad6-50a2-aa6b-c9aab9a75e55;ENI-MXP-485369;804cfb5f-2a86-5853-a49c-12341fe279c6;4500300103;5000300103;TICKET_NUMBER;FUELMXP;400000;MATCHED;0.00;0.00;NONE;5057b94a-d884-5b89-8801-018ee797ac61;20412.26;1.5872;32397.4;WITHIN;
50b87744-caa7-5783-b08e-dfa9d73e74bb;82a59c9a-7a8e-54d8-8a7c-11d06c6650a1;20;c3d4e5f6-3333-4000-8000-000000000001;Jet A into-plane MXP B6332 25Sep N4062J;4500300743;00010;23450.000;LTR;1.2880;30203.60;V0;0.00;b6b7478b-32ab-5c19-bd13-3d294ca3f552;eed8902e-47aa-54c6-b7ac-ef54cfe3ad4a;ENI-MXP-485370;9deb94d9-5bf7-5653-936a-271c38d7094e;4500300743;5000300743;TICKET_NUMBER;FUELMXP;400000;MATCHED;0.00;0.00;NONE;d5949195-cc5f-5528-aa35-5143027375df;19015.6;1.5884;30203.6;WITHIN;
f4b3d6f7-7c83-5986-9657-d701a4194f4e;82a59c9a-7a8e-54d8-8a7c-11d06c6650a1;30;c3d4e5f6-3333-4000-8000-000000000001;Jet A into-plane MXP B6332 26Sep N4064J;4500301382;00010;22169.000;LTR;1.2959;28728.81;V0;0.00;23482547-0347-5c63-8df9-4e8ef2939730;04a1b726-e0ca-58f7-b3be-6516c503eb90;ENI-MXP-485371;28e4e8cd-185f-53c0-9d07-331beaa4cf4d;4500301382;5000301382;TICKET_NUMBER;FUELMXP;400000;MATCHED;0.00;0.00;NONE;2cf128da-4ca9-5f19-8620-5ae72ae3f617;17992.36;1.5967;28728.81;WITHIN;
a322fc7f-1a2f-50cb-8666-ea43432862dc;ebce71d7-9c5c-59e0-8b3b-5e67ccfbbdad;10;013573ad-8e1e-50ab-bfd5-140b70dbab8b;Jet A into-plane ONT B6454 23Sep N3255J;4500300087;00010;11177.000;LTR;1.3248;14807.29;U1;129.92;5305eef9-f403-5a1c-804b-a53b302bbe39;60249f52-5791-519b-b422-4c38e0504b75;CGA-ONT-591173;5e699ae4-3bc6-5049-86af-27279c9bdabb;4500300087;5000300087;TICKET_NUMBER;FUELONT;400000;MATCHED;0.00;0.00;NONE;35cda193-b7c4-5b55-927b-5870658b49c8;8871.18;1.6691;14807.29;WITHIN;
36c61e25-e1f3-55d2-8e1c-8984ce6eda79;ebce71d7-9c5c-59e0-8b3b-5e67ccfbbdad;20;013573ad-8e1e-50ab-bfd5-140b70dbab8b;Jet A into-plane ONT B6454 24Sep N3275J;4500300730;00010;11164.000;LTR;1.3327;14878.26;U1;129.77;6a2afd7e-6820-5a13-a1b0-c15bebb16771;7c594656-cb4d-5792-939e-5fdd83f405ed;CGA-ONT-591176;e80dfe1e-0099-599c-8091-4bc54b928049;4500300730;5000300730;TICKET_NUMBER;FUELONT;400000;MATCHED;0.00;0.00;NONE;8398f84a-f09e-5219-a54c-9faf8b26276f;8858.63;1.6795;14878.26;WITHIN;
044f2a67-3e8f-5a27-bad2-d61abe2d80b9;ebce71d7-9c5c-59e0-8b3b-5e67ccfbbdad;30;013573ad-8e1e-50ab-bfd5-140b70dbab8b;Jet A into-plane ONT B6454 25Sep N3189J;4500301370;00010;13718.000;LTR;1.3433;18427.39;U1;159.46;781af0f1-0be6-5067-94e4-62db6e705c19;01ea3ad4-5b45-5142-9bf7-8596e51b17a4;CGA-ONT-591178;3c479dca-a994-5672-823c-1a849aa332ce;4500301370;5000301370;TICKET_NUMBER;FUELONT;400000;MATCHED;0.00;0.00;NONE;253fa566-e516-5f96-a029-26f1e5855a72;11042.99;1.6687;18427.39;WITHIN;
739334d9-5604-534f-8f10-1db9861eba7a;3666227c-db23-5677-854d-6fa47986c566;10;013573ad-8e1e-50ab-bfd5-140b70dbab8b;Jet A into-plane ORD B61012 23Sep N3241J;4500300054;00010;5661.000;LTR;1.2273;6947.75;U1;65.80;c5d3fc75-05fc-5fdc-bc65-89ae4dec1471;9a66915c-e527-5e3e-a920-14b9a02321b8;BPA-ORD-551287;7c67c3fb-0f85-5b1e-82e4-e2df0327c26e;4500300054;5000300054;TICKET_NUMBER;FUELORD;400000;MATCHED;0.00;0.00;NONE;e8da7cdf-7df4-563f-8b43-dece86a4c8d4;4524.84;1.5355;6947.75;WITHIN;
1af8ea39-be48-5d69-a287-47ee7f2d2279;3666227c-db23-5677-854d-6fa47986c566;20;013573ad-8e1e-50ab-bfd5-140b70dbab8b;Jet A into-plane ORD B6664 24Sep N583JB;4500300183;00010;8232.000;LTR;1.2352;10168.17;U1;95.69;a47192ba-88b7-5a9e-be3b-11efcbe61a55;df6ce67b-fa55-55d2-ae46-c0643de47825;BPA-ORD-551288;bc9ce605-8cfe-559c-b03d-281a34b02ece;4500300183;5000300183;TICKET_NUMBER;FUELORD;400000;MATCHED;0.00;0.00;NONE;0f2f287e-6287-5786-860f-a82fb26e3476;6641.58;1.531;10168.17;WITHIN;
5d5927f5-6dd4-5251-a024-f1e028838ade;3666227c-db23-5677-854d-6fa47986c566;30;013573ad-8e1e-50ab-bfd5-140b70dbab8b;Jet A into-plane ORD B6112 24Sep N3229J;4500300305;00010;5333.000;LTR;1.2352;6587.32;U1;61.99;c4b6d85e-dbfb-5e67-872e-32a7942ca6ad;d2880603-1805-5877-91af-700e21a356b2;BPA-ORD-551289;53c59303-0fdf-5308-9886-495c953fd07c;4500300305;5000300305;TICKET_NUMBER;FUELORD;400000;MATCHED;0.00;0.00;NONE;8b2e9c56-210e-5af2-a065-48ef6b5bff1c;4303.2;1.5308;6587.32;WITHIN;
2f5d65b1-4dce-5339-8be9-2333713038dd;3666227c-db23-5677-854d-6fa47986c566;40;013573ad-8e1e-50ab-bfd5-140b70dbab8b;Jet A into-plane ORD B61006 24Sep N3112J;4500300345;00010;5615.000;LTR;1.2352;6935.65;U1;65.27;9bdaac1c-b180-5ee2-b4b8-787fab1438d7;fcffd8d7-f78f-5e65-8560-5a7c60a14f21;BPA-ORD-551291;b03ac234-8ee2-5685-bfe0-a55e34750605;4500300345;5000300345;TICKET_NUMBER;FUELORD;400000;MATCHED;0.00;0.00;NONE;ad8d749b-6aa3-5960-a115-3c7ff26e34d5;4518.95;1.5348;6935.65;WITHIN;
45307b2e-435e-52b6-a4a8-e7eace382eff;3666227c-db23-5677-854d-6fa47986c566;50;013573ad-8e1e-50ab-bfd5-140b70dbab8b;Jet A into-plane ORD B6864 24Sep N805JB;4500300474;00010;6820.000;LTR;1.2352;8424.06;U1;79.28;932372f7-6587-5ab9-b536-089b96bcf534;d56dc954-bd42-5775-bec4-d0ad7e68b177;BPA-ORD-551292;8e15a7e8-e2ec-5585-8a0a-d70cb75e134e;4500300474;5000300474;TICKET_NUMBER;FUELORD;400000;MATCHED;0.00;0.00;NONE;b49fab3f-8a62-5d06-8dcd-c125dd240d22;5489.42;1.5346;8424.06;WITHIN;
d4fdda63-3d0b-5c23-beb6-ac763bb6eb99;3666227c-db23-5677-854d-6fa47986c566;60;013573ad-8e1e-50ab-bfd5-140b70dbab8b;Jet A into-plane ORD B61012 24Sep N3322J;4500300679;00010;5877.000;LTR;1.2352;7259.27;U1;68.31;7c0b36b2-6c5d-50a8-ab63-5c192b8c73d1;b9ca3606-4a70-5d02-950a-408918ce1b87;BPA-ORD-551295;f1b77bbb-86cb-53e9-9884-7a9b332b89d3;4500300679;5000300679;TICKET_NUMBER;FUELORD;400000;MATCHED;0.00;0.00;NONE;43c7a081-e5b1-5843-b837-6e0099d2bcff;4752.73;1.5274;7259.27;WITHIN;
bab0bdc9-d4fe-5e09-9d35-c651f618dbb8;3666227c-db23-5677-854d-6fa47986c566;70;013573ad-8e1e-50ab-bfd5-140b70dbab8b;Jet A into-plane ORD B6664 25Sep N658JB;4500300821;00010;6936.000;LTR;1.2458;8640.87;U1;80.62;898e97df-3f36-50c6-9af9-8d828dc8d3f9;0b6d6eb2-71fb-5493-85e6-3fa7a994a6c1;BPA-ORD-551296;131c5400-050f-5243-82d0-268e5fe1fbac;4500300821;5000300821;TICKET_NUMBER;FUELORD;400000;MATCHED;0.00;0.00;NONE;aeccc880-9e4b-50cd-a5d3-724abe33c405;5606.37;1.5413;8640.87;WITHIN;
ba4f02da-1931-5378-8716-74f2a81f3db7;3666227c-db23-5677-854d-6fa47986c566;80;013573ad-8e1e-50ab-bfd5-140b70dbab8b;Jet A into-plane ORD B6906 25Sep N3113J;4500300867;00010;5168.000;LTR;1.2458;6438.29;U1;60.07;80df109d-fb5d-5a0f-a5e4-f2a9c2dabfce;efd854c7-4880-5ec6-9211-7e8e9c9c5d77;BPA-ORD-551297;fe63f783-1aaf-5376-8305-8daaa8789b8e;4500300867;5000300867;TICKET_NUMBER;FUELORD;400000;MATCHED;0.00;0.00;NONE;f6f29a24-79d9-5ff5-accf-3abbfdf98684;4171.61;1.5434;6438.29;WITHIN;
f1357f42-058a-5447-b01c-04207a53617b;3666227c-db23-5677-854d-6fa47986c566;90;013573ad-8e1e-50ab-bfd5-140b70dbab8b;Jet A into-plane ORD B6112 25Sep N3077J;4500300949;00010;5142.000;LTR;1.2458;6405.90;U1;59.77;3447c5fd-6443-5d7e-adaa-8e4bad00a1a3;6b065516-f5a3-5a0c-b6f2-1e55434a01db;BPA-ORD-551300;a5d0b303-711d-5452-bb63-454568a202c7;4500300949;5000300949;TICKET_NUMBER;FUELORD;400000;MATCHED;0.00;0.00;NONE;b22ea826-66b5-57ed-81e5-e265134f70cd;4156.79;1.5411;6405.9;WITHIN;
29005f6b-477e-581c-b893-b3c76566665a;3666227c-db23-5677-854d-6fa47986c566;100;013573ad-8e1e-50ab-bfd5-140b70dbab8b;Jet A into-plane ORD B61006 25Sep N3023J;4500301006;00010;5466.000;LTR;1.2458;6809.54;U1;63.54;01180d26-b167-5cb0-b7db-b6aa502dd406;7c708bbf-dc6d-5345-b25a-48a61dda9562;BPA-ORD-551301;edd3a68b-b05f-5d21-88ff-f74916f07af1;4500301006;5000301006;TICKET_NUMBER;FUELORD;400000;MATCHED;0.00;0.00;NONE;d29b7173-27a3-52ca-b340-bc46b49e5555;4417.62;1.5414;6809.54;WITHIN;
5bea7f1d-b3e1-554c-80c7-fbdcd9a7ddce;3666227c-db23-5677-854d-6fa47986c566;110;013573ad-8e1e-50ab-bfd5-140b70dbab8b;Jet A into-plane ORD B6864 25Sep N658JB;4500301129;00010;7615.000;LTR;1.2458;9486.77;U1;88.52;72957888-755a-5578-b8be-414c2182ceb2;f85e762e-5a41-580a-9201-35ea81a55cf0;BPA-ORD-551304;c5091fb8-351d-5b8b-b1e8-966b96f90014;4500301129;5000301129;TICKET_NUMBER;FUELORD;400000;MATCHED;0.00;0.00;NONE;642e9eeb-043e-5a5a-8919-559dddf3d5c9;6154.44;1.5415;9486.77;WITHIN;
b54e7697-56ad-5015-ab84-29b8e25faa86;3666227c-db23-5677-854d-6fa47986c566;120;013573ad-8e1e-50ab-bfd5-140b70dbab8b;Jet A into-plane ORD B61012 25Sep N3102J;4500301315;00010;4047.000;LTR;1.2458;5041.75;U1;47.04;d083e4bf-53dd-5b49-8ff4-73663f84aaa8;4df3c3b8-298f-5669-896c-329d571de20c;BPA-ORD-551307;cba10155-ec3b-557b-8455-43261a62c663;4500301315;5000301315;TICKET_NUMBER;FUELORD;400000;MATCHED;0.00;0.00;NONE;c753b66c-08fa-5e42-ac45-5ec49710ac2d;3275.64;1.5392;5041.75;WITHIN;
82567b0c-330b-5100-a26c-899765b6242b;3666227c-db23-5677-854d-6fa47986c566;130;013573ad-8e1e-50ab-bfd5-140b70dbab8b;Jet A into-plane ORD B6664 26Sep N623JB;4500301455;00010;9692.000;LTR;1.2537;12150.86;U1;112.66;4240cb93-03eb-5369-bd53-79c4a3e2f469;91735cb6-27d8-558b-a6a8-29c461871125;BPA-ORD-551308;ff9c4419-e4dc-52b2-b8fe-7e13a43e05c3;4500301455;5000301455;TICKET_NUMBER;FUELORD;400000;MATCHED;0.00;0.00;NONE;a1e0aeab-5bd9-5400-819b-d6c74631027f;7820.47;1.5537;12150.86;WITHIN;
352217c4-ae27-5b71-bdd4-4307be976cac;3666227c-db23-5677-854d-6fa47986c566;140;013573ad-8e1e-50ab-bfd5-140b70dbab8b;Jet A into-plane ORD B6112 26Sep N3269J;4500301564;00010;5915.000;LTR;1.2537;7415.64;U1;68.76;b2255d43-6566-5eba-b87b-e6934dc2c8f6;93b292cc-e4d3-51e7-a1e4-f00232b09f03;BPA-ORD-551309;5669bee0-ca8e-5d5d-8d55-5a28d9415e13;4500301564;5000301564;TICKET_NUMBER;FUELORD;400000;MATCHED;0.00;0.00;NONE;64b3de33-283b-56d2-a2c4-ca8cd4169f01;4771.04;1.5543;7415.64;WITHIN;
e0d10eb4-fe0b-5b23-9537-46222b8dfa3a;3666227c-db23-5677-854d-6fa47986c566;150;013573ad-8e1e-50ab-bfd5-140b70dbab8b;Jet A into-plane ORD B6864 26Sep N623JB;4500301717;00010;9176.000;LTR;1.2537;11503.95;U1;106.66;a73a3591-6b40-57d8-a490-e5aff4064142;3d6f88f3-a4f0-5c14-8129-104d19f11118;BPA-ORD-551312;399a1f8f-933b-5cc6-82ba-bd04424247d5;4500301717;5000301717;TICKET_NUMBER;FUELORD;400000;MATCHED;0.00;0.00;NONE;252de8d8-d7ca-5ad8-9c93-2d81e47c79d9;7416.96;1.551;11503.95;WITHIN;
02dde156-740d-58f4-a411-fa4d43272657;64cabb9b-2f56-54b9-b322-52f89b331391;10;013573ad-8e1e-50ab-bfd5-140b70dbab8b;Jet A into-plane ORF B61799 24Sep N629JB;4500300196;00010;5163.000;LTR;1.3523;6981.92;U1;60.01;7841fe63-5072-5bd7-8a72-2e1c581884f5;95985bf3-805f-5481-b014-3e10c66fbf4c;BPA-ORF-191150;5b106d11-aad9-5581-bf48-1486c0b53622;4500300196;5000300196;TICKET_NUMBER;FUELORF;400000;MATCHED;0.00;0.00;NONE;163b6835-a169-5416-a502-57963a9a9e08;4129.37;1.6908;6981.92;WITHIN;
56b35ca4-ca22-5400-b6a7-32c710dbf9e4;64cabb9b-2f56-54b9-b322-52f89b331391;20;013573ad-8e1e-50ab-bfd5-140b70dbab8b;Jet A into-plane ORF B61799 25Sep N606JB;4500300865;00010;5965.000;LTR;1.3629;8129.70;U1;69.34;eea560a6-6711-5f85-81f4-edb5a6670c00;50f033ce-f21b-5304-87aa-465a90b25ada;BPA-ORF-191151;22003b5d-d245-5aa7-8260-2535cc7b976f;4500300865;5000300865;TICKET_NUMBER;FUELORF;400000;MATCHED;0.00;0.00;NONE;cb7342d2-2189-5d7f-aef7-223b41f5f535;4762.46;1.707;8129.7;WITHIN;
02a07bbc-53d7-592c-9ef9-d33788ba899b;64cabb9b-2f56-54b9-b322-52f89b331391;30;013573ad-8e1e-50ab-bfd5-140b70dbab8b;Jet A into-plane ORF B61814 25Sep N3241J;4500301235;00010;3215.000;LTR;1.3629;4381.72;U1;37.37;de8b3533-647c-50fc-9f79-72293955962b;5a387575-4108-59cf-a3f4-5380d906a9cb;BPA-ORF-191154;5f45ac70-08cd-5563-90b2-9db477642894;4500301235;5000301235;TICKET_NUMBER;FUELORF;400000;MATCHED;0.00;0.00;NONE;14ed8e5f-499e-5c89-99a1-a28bd891f8c0;2565.89;1.7077;4381.72;WITHIN;
f54404c0-3d5b-5cdb-aa44-6312cb002b74;be323bdb-c8ef-53d8-abb4-10f35a269d42;10;013573ad-8e1e-50ab-bfd5-140b70dbab8b;Jet A into-plane ORH B6987 24Sep N598JB;4500300399;00010;7776.000;LTR;1.3617;10588.58;U1;90.39;768d6f3e-3ff0-5ffb-a4e3-ec3271780a85;baef33d1-bd47-57b6-9b66-dcaa6fe9bc98;WFS-ORH-515270;5d944965-9f57-5261-acfe-89f9fb56f908;4500300399;5000300399;TICKET_NUMBER;FUELORH;400000;MATCHED;0.00;0.00;NONE;6f576a0a-3f95-50bd-bbea-88b4a4b5c1e3;6229.35;1.6998;10588.58;WITHIN;
6824ff1f-e4e6-5efa-94a9-1f208660cedc;be323bdb-c8ef-53d8-abb4-10f35a269d42;20;013573ad-8e1e-50ab-bfd5-140b70dbab8b;Jet A into-plane ORH B62119 24Sep N597JB;4500300530;00010;8741.000;LTR;1.3617;11902.62;U1;101.61;1d4e1df5-5e0f-58e2-9656-b544bb4712ec;6f5cdd34-23dd-524c-bdf2-6e2e48f08acd;WFS-ORH-515273;bfc96f07-60c9-516e-b1e4-77fb419767bd;4500300530;5000300530;TICKET_NUMBER;FUELORH;400000;MATCHED;0.00;0.00;NONE;e5116282-99c8-5de0-bf60-b8b97cef415b;6994.55;1.7017;11902.62;WITHIN;
96997c6d-a621-51f1-8743-f80e0f02566a;be323bdb-c8ef-53d8-abb4-10f35a269d42;30;013573ad-8e1e-50ab-bfd5-140b70dbab8b;Jet A into-plane ORH B62119 25Sep N630JB;4500301152;00010;7115.000;LTR;1.3722;9763.20;U1;82.70;1759ac88-fe95-538f-86d1-0b1f8789302b;4becc48d-edab-554d-afe7-28247f031710;WFS-ORH-515276;5b5d73cc-a970-59bf-a0e5-69a7f6b55f97;4500301152;5000301152;TICKET_NUMBER;FUELORH;400000;MATCHED;0.00;0.00;NONE;68509566-5238-5f02-b279-8154e6c5b6e1;5748.21;1.6985;9763.2;WITHIN;
667ea3f5-4dee-522c-ac9a-bfe5f6a9f065;be323bdb-c8ef-53d8-abb4-10f35a269d42;40;013573ad-8e1e-50ab-bfd5-140b70dbab8b;Jet A into-plane ORH B6987 25Sep N547JB;4500301174;00010;7777.000;LTR;1.3722;10671.60;U1;90.40;7b0d5349-64bb-5860-8ef4-a1991b3b6299;c1188fb5-ec91-5491-832f-a1897cd80c0d;WFS-ORH-515279;5618e7c9-4321-5ae9-92c2-93c9f3d205c4;4500301174;5000301174;TICKET_NUMBER;FUELORH;400000;MATCHED;0.00;0.00;NONE;27ab55bb-2f19-5a19-b150-f61d33fe5804;6309.48;1.6914;10671.6;WITHIN;
f7342b93-689f-5226-ae12-07140177dd06;be323bdb-c8ef-53d8-abb4-10f35a269d42;50;013573ad-8e1e-50ab-bfd5-140b70dbab8b;Jet A into-plane ORH B6987 26Sep N760JB;4500301650;00010;7665.000;LTR;1.3802;10579.23;U1;89.10;b0cc32da-5a4c-55c3-8057-69e550b2d8c0;f36bc373-6b0c-549c-84cc-5dc633f8c86a;WFS-ORH-515282;d04f5132-2587-5fd5-8998-eeb336c053dd;4500301650;5000301650;TICKET_NUMBER;FUELORH;400000;MATCHED;0.00;0.00;NONE;d8cf3f26-32fc-5edf-821a-9aa85b0cf8a7;6115.14;1.73;10579.23;WITHIN;
1f0c040a-9373-5b2c-934a-85b59a69e736;be323bdb-c8ef-53d8-abb4-10f35a269d42;60;013573ad-8e1e-50ab-bfd5-140b70dbab8b;Jet A into-plane ORH B62119 26Sep N584JB;4500301734;00010;8546.000;LTR;1.3802;11795.19;U1;99.34;b63ea154-1ffc-5fb5-a48d-256c7e014539;f90dca2d-3764-591c-82f4-c5406e9254de;WFS-ORH-515283;1ed5d382-8d5c-5f24-99f2-98a0918d98a4;4500301734;5000301734;TICKET_NUMBER;FUELORH;400000;MATCHED;0.00;0.00;NONE;1793a1db-83a9-55bd-89bd-0480237f34db;6814.58;1.7309;11795.19;WITHIN;
eaeffb39-042b-54a1-a3d6-0646d3dbc335;474dec3a-ad5a-586d-b4e1-ae5348e57c61;10;013573ad-8e1e-50ab-bfd5-140b70dbab8b;Jet A into-plane PBI B62144 23Sep N535JB;4500300006;00010;6752.000;LTR;1.2554;8476.46;U1;78.49;61e5edaa-36e9-5b21-9b1b-b6a2720139d8;fa4b9581-cb97-5522-a08c-9432a7a5f795;SHL-PBI-381651;94dfcc79-b223-58a5-adbe-b2c155183ab7;4500300006;5000300006;TICKET_NUMBER;FUELPBI;400000;MATCHED;0.00;0.00;NONE;2388c82d-c8db-562f-b3b8-f4acaee03eef;5413.08;1.5659;8476.46;WITHIN;
63bbc7c7-8c7d-53dc-9721-6382944a4b51;474dec3a-ad5a-586d-b4e1-ae5348e57c61;20;013573ad-8e1e-50ab-bfd5-140b70dbab8b;Jet A into-plane PBI B62322 23Sep N605JB;4500300016;00010;7975.000;LTR;1.2554;10011.82;U1;92.70;48a9fa22-f4cb-5e3c-8442-ccd584d006e3;ec9b882e-9bcc-59d9-9c6f-1b9efe1400e9;SHL-PBI-381653;b4e05a3f-5195-527e-a638-53720b1398b3;4500300016;5000300016;TICKET_NUMBER;FUELPBI;400000;MATCHED;0.00;0.00;NONE;eb67345a-6f03-5f5d-8f98-ecb96a32197a;6394.35;1.5657;10011.82;WITHIN;
14c769a5-e61d-5481-b91a-dd034f217b0f;474dec3a-ad5a-586d-b4e1-ae5348e57c61;30;013573ad-8e1e-50ab-bfd5-140b70dbab8b;Jet A into-plane PBI B61368 24Sep N809JB;4500300118;00010;6315.000;LTR;1.2634;7978.37;U1;73.41;92d2da6b-8c7b-5e4c-add3-505667aa8d1a;776512ae-cb88-5a7a-b0db-f93c0e4cbb5b;SHL-PBI-381656;59999a38-aa43-5e67-aa15-aec35d6c4538;4500300118;5000300118;TICKET_NUMBER;FUELPBI;400000;MATCHED;0.00;0.00;NONE;fb93ec9e-736b-58a4-be05-31b5b2c77cc3;5011.58;1.592;7978.37;WITHIN;
17417eec-8d6a-57fe-8585-e09d706b8bb9;474dec3a-ad5a-586d-b4e1-ae5348e57c61;40;013573ad-8e1e-50ab-bfd5-140b70dbab8b;Jet A into-plane PBI B61062 24Sep N3142J;4500300194;00010;5908.000;LTR;1.2634;7464.17;U1;68.67;93bf000d-c3fb-5f16-9eac-a0513b983a19;b09decf3-241e-5183-a297-27972a1b0ad7;SHL-PBI-381657;3f3d529f-e471-5958-a3e0-6bf0f02d4cd6;4500300194;5000300194;TICKET_NUMBER;FUELPBI;400000;MATCHED;0.00;0.00;NONE;5519da2f-5e36-592d-8820-74952870b8ba;4692.13;1.5908;7464.17;WITHIN;
aa6bc063-27a6-519e-b347-ed78c50c8a58;474dec3a-ad5a-586d-b4e1-ae5348e57c61;50;013573ad-8e1e-50ab-bfd5-140b70dbab8b;Jet A into-plane PBI B6854 24Sep N2039J;4500300302;00010;7437.000;LTR;1.2634;9395.91;U1;86.45;d080ba43-3ddc-54e4-a473-0e233b9ee47c;93f28f6f-c4bc-5de3-bd0e-e0bd323ba800;SHL-PBI-381659;00fd117b-8a88-57b4-b6b5-4aff792efe25;4500300302;5000300302;TICKET_NUMBER;FUELPBI;400000;MATCHED;0.00;0.00;NONE;e8bf0d9d-4a6d-5b1c-8955-27209ed23c38;5917.62;1.5878;9395.91;WITHIN;
05bfee38-0e96-5182-b743-cb25333595f7;474dec3a-ad5a-586d-b4e1-ae5348e57c61;60;013573ad-8e1e-50ab-bfd5-140b70dbab8b;Jet A into-plane PBI B62334 24Sep N3196J;4500300303;00010;5413.000;LTR;1.2634;6838.78;U1;62.92;7c9cac76-dfa2-5dfc-a65f-9df0400fd16c;6fea9752-dda2-5701-890d-0ff00bca5b96;SHL-PBI-381660;4faffd29-1650-561f-b1d8-6e1ff64da3f9;4500300303;5000300303;TICKET_NUMBER;FUELPBI;400000;MATCHED;0.00;0.00;NONE;7c12d1e2-6e2b-5274-a9f4-a7679670a855;4301.17;1.59;6838.78;WITHIN;
ba2d05f6-0746-57aa-a28a-4ac218bab54b;474dec3a-ad5a-586d-b4e1-ae5348e57c61;70;013573ad-8e1e-50ab-bfd5-140b70dbab8b;Jet A into-plane PBI B6544 24Sep N796JB;4500300331;00010;7077.000;LTR;1.2634;8941.08;U1;82.26;42189d44-99b3-52e4-8dcb-73a51b3274c6;29c90787-712f-58bf-bad1-420f34381946;SHL-PBI-381661;f9c8b0da-e76a-5e52-a99d-2e27ac1f1bbd;4500300331;5000300331;TICKET_NUMBER;FUELPBI;400000;MATCHED;0.00;0.00;NONE;e56d6cb2-76ce-5749-8002-b6bdb6b67033;5630.46;1.588;8941.08;WITHIN;
3fd14891-87aa-5eba-82f8-3dfa676ba409;474dec3a-ad5a-586d-b4e1-ae5348e57c61;80;013573ad-8e1e-50ab-bfd5-140b70dbab8b;Jet A into-plane PBI B6468 24Sep N784JB;4500300366;00010;6061.000;LTR;1.2634;7657.47;U1;70.45;f043a90a-63fb-50e3-90fb-318e160de7c9;8c6d411d-ab9d-5c03-9ed9-70d2919b62aa;SHL-PBI-381664;04d6959c-aca2-5751-aa33-d05b80923248;4500300366;5000300366;TICKET_NUMBER;FUELPBI;400000;MATCHED;0.00;0.00;NONE;d99e865d-1065-5f04-9ef9-642b902e7988;4799.1;1.5956;7657.47;WITHIN;
980238f6-6862-5fd0-b80a-ade7f3aaa4e0;474dec3a-ad5a-586d-b4e1-ae5348e57c61;90;013573ad-8e1e-50ab-bfd5-140b70dbab8b;Jet A into-plane PBI B622 24Sep N998JE;4500300398;00010;10458.000;LTR;1.2634;13212.64;U1;121.56;09b7bc9a-9e07-58d3-8c1a-65ae752e23e9;c58e28e4-b4b5-53fa-8ce8-4e08d578fd05;SHL-PBI-381667;58d9c70d-36c8-5001-b8b6-46cb88e57aa9;4500300398;5000300398;TICKET_NUMBER;FUELPBI;400000;MATCHED;0.00;0.00;NONE;84163df9-bc81-5971-95e7-a74b1677fa26;8286.92;1.5944;13212.64;WITHIN;
cbdf8c0a-3852-5e63-b775-d99fdc09800f;474dec3a-ad5a-586d-b4e1-ae5348e57c61;100;013573ad-8e1e-50ab-bfd5-140b70dbab8b;Jet A into-plane PBI B624 24Sep N649JB;4500300419;00010;5908.000;LTR;1.2634;7464.17;U1;68.67;a1f798de-0f3b-593e-8bdf-790fb6405d78;d7c10695-d1d6-53ed-9709-b01f98f34373;SHL-PBI-381668;ab139a82-9e37-5818-b580-f84d3acdf0aa;4500300419;5000300419;TICKET_NUMBER;FUELPBI;400000;MATCHED;0.00;0.00;NONE;c65d7dba-b665-5da9-bbd2-f19c6cd0c759;4678.55;1.5954;7464.17;WITHIN;
b48f3935-bf5d-5ec2-be5a-75d5cf63c706;474dec3a-ad5a-586d-b4e1-ae5348e57c61;110;013573ad-8e1e-50ab-bfd5-140b70dbab8b;Jet A into-plane PBI B6368 24Sep N806JB;4500300429;00010;7562.000;LTR;1.2634;9553.83;U1;87.90;108afeb4-17c9-52d3-acb6-ad8766854cba;fb761733-9840-522c-bfc7-1cc60149b654;SHL-PBI-381671;428e80bd-ad9b-51e9-9a84-d9cb07038f56;4500300429;5000300429;TICKET_NUMBER;FUELPBI;400000;MATCHED;0.00;0.00;NONE;64d3eb3e-6737-593c-9ac9-cfa4173e8ab4;6002.72;1.5916;9553.83;WITHIN;
a2ee335f-c4ad-54ed-a9ad-656e0fd8ae53;474dec3a-ad5a-586d-b4e1-ae5348e57c61;120;013573ad-8e1e-50ab-bfd5-140b70dbab8b;Jet A into-plane PBI B61168 24Sep N563JB;4500300515;00010;5824.000;LTR;1.2634;7358.04;U1;67.70;63027024-72ce-5a22-a08b-03ed2cd91b50;44028370-3a38-5818-89c0-ddd6c2ff5515;SHL-PBI-381673;98e113ad-575e-59d2-93ff-b601669bb877;4500300515;5000300515;TICKET_NUMBER;FUELPBI;400000;MATCHED;0.00;0.00;NONE;e35d0659-6717-5ae3-8f27-d0bae49eb56a;4630.66;1.589;7358.04;WITHIN;
e995990d-2034-5618-9dd2-039250bf5333;474dec3a-ad5a-586d-b4e1-ae5348e57c61;130;013573ad-8e1e-50ab-bfd5-140b70dbab8b;Jet A into-plane PBI B61142 24Sep N804JB;4500300576;00010;7078.000;LTR;1.2634;8942.35;U1;82.27;c40a33d7-0cf6-52a6-bbed-699ff54e1a3e;bb08f574-746a-566e-81b1-84ea5ddae7b7;SHL-PBI-381674;8a13c054-508b-5fb7-a3b0-adfb233dc5aa;4500300576;5000300576;TICKET_NUMBER;FUELPBI;400000;MATCHED;0.00;0.00;NONE;651cdda9-56d4-539a-a21a-c17f820000cb;5636.92;1.5864;8942.35;WITHIN;
e783e725-7933-5859-bf7c-ad2febdc155b;474dec3a-ad5a-586d-b4e1-ae5348e57c61;140;013573ad-8e1e-50ab-bfd5-140b70dbab8b;Jet A into-plane PBI B61962 24Sep N508JL;4500300584;00010;7091.000;LTR;1.2634;8958.77;U1;82.43;9c02fb05-af0a-55bf-8ae7-cccae7848341;7efff919-e140-550d-a817-7c4c8ccf0ddf;SHL-PBI-381677;cdd03be4-f56f-5cca-ba08-9fc42a2aa4c2;4500300584;5000300584;TICKET_NUMBER;FUELPBI;400000;MATCHED;0.00;0.00;NONE;fec818b1-f9d0-5b3f-b4d8-d6a0326b5248;5645.15;1.587;8958.77;WITHIN;
bb032bab-1515-5139-b782-b659a06bbee6;474dec3a-ad5a-586d-b4e1-ae5348e57c61;150;013573ad-8e1e-50ab-bfd5-140b70dbab8b;Jet A into-plane PBI B61054 24Sep N959JB;4500300587;00010;8127.000;LTR;1.2634;10267.65;U1;94.47;5b93c5e7-3d07-5f31-b055-6d7bb4629814;766f9470-74db-5290-841a-a58c2f341ac7;SHL-PBI-381680;aac96bcf-ab73-5279-9632-f8cc978bf0b8;4500300587;5000300587;TICKET_NUMBER;FUELPBI;400000;MATCHED;0.00;0.00;NONE;f16447ab-9db1-5f85-87b7-770c7f6737c8;6446.34;1.5928;10267.65;WITHIN;
115b6ab0-bb65-5bb2-ba4a-12f85f8a8c56;474dec3a-ad5a-586d-b4e1-ae5348e57c61;160;013573ad-8e1e-50ab-bfd5-140b70dbab8b;Jet A into-plane PBI B6388 24Sep N784JB;4500300617;00010;8387.000;LTR;1.2634;10596.14;U1;97.49;67926e39-3428-55cf-ace7-e773dc0a37f3;8ac555dc-b671-568e-9333-021c119b22bd;SHL-PBI-381683;56680925-b7ec-52f1-a850-96894743ce97;4500300617;5000300617;TICKET_NUMBER;FUELPBI;400000;MATCHED;0.00;0.00;NONE;3363e8fd-66a5-5ee5-aa65-c08efee08b6e;6650.05;1.5934;10596.14;WITHIN;
f5a6f7d1-1315-5ba1-b031-acb2633495b4;474dec3a-ad5a-586d-b4e1-ae5348e57c61;170;013573ad-8e1e-50ab-bfd5-140b70dbab8b;Jet A into-plane PBI B62144 24Sep N796JB;4500300636;00010;8110.000;LTR;1.2634;10246.17;U1;94.27;5d39851f-8e73-5dff-9ad1-9938b52fe0e2;1ec0057f-e3c1-5322-9613-69286551767e;SHL-PBI-381685;3955cca9-82e7-59c3-b163-d5f318308363;4500300636;5000300636;TICKET_NUMBER;FUELPBI;400000;MATCHED;0.00;0.00;NONE;68065895-4091-55d9-bb51-8d737ca735a9;6450.69;1.5884;10246.17;WITHIN;
465315af-94fc-505c-a745-4566c24d7af1;474dec3a-ad5a-586d-b4e1-ae5348e57c61;180;013573ad-8e1e-50ab-bfd5-140b70dbab8b;Jet A into-plane PBI B62322 24Sep N605JB;4500300638;00010;8652.000;LTR;1.2634;10930.94;U1;100.57;425c79f8-de14-504d-b04e-240b44657641;555478ac-9cb0-58db-bce0-af79c441a295;SHL-PBI-381687;2e917218-53d2-5ea8-8d86-e1f14a48b2f4;4500300638;5000300638;TICKET_NUMBER;FUELPBI;400000;MATCHED;0.00;0.00;NONE;23c03e39-5e4b-516a-9f83-5894cbe8f328;6851.52;1.5954;10930.94;WITHIN;
1417cb29-b8f3-5ddf-9ca4-659c984a5070;474dec3a-ad5a-586d-b4e1-ae5348e57c61;190;013573ad-8e1e-50ab-bfd5-140b70dbab8b;Jet A into-plane PBI B61468 24Sep N729JB;4500300639;00010;6721.000;LTR;1.2634;8491.31;U1;78.12;2f33ab12-e43a-5241-b728-a18086886fe6;3d59dea1-c987-5ac1-a35a-27424005d64d;SHL-PBI-381689;52ed4235-8cb9-57be-825d-acc699da5b82;4500300639;5000300639;TICKET_NUMBER;FUELPBI;400000;MATCHED;0.00;0.00;NONE;0e951d1b-cf3c-5558-82aa-316115dc4097;5347.23;1.588;8491.31;WITHIN;
489febae-55e9-5174-8791-220b8302b83f;474dec3a-ad5a-586d-b4e1-ae5348e57c61;200;013573ad-8e1e-50ab-bfd5-140b70dbab8b;Jet A into-plane PBI B61368 25Sep N806JB;4500300760;00010;7783.000;LTR;1.2739;9914.76;U1;90.47;28f8f854-1a54-549d-b48c-0cbb3028e2e0;fcfb4963-1716-5867-8639-30f69ca5684e;SHL-PBI-381692;40492ce7-d359-5883-8654-4e2257e202dd;4500300760;5000300760;TICKET_NUMBER;FUELPBI;400000;MATCHED;0.00;0.00;NONE;77538a46-d2d1-50fb-a531-aabe047a09e0;6263.76;1.5829;9914.76;WITHIN;
f633e488-27a5-5fec-aa7a-a7ec6612bc27;474dec3a-ad5a-586d-b4e1-ae5348e57c61;210;013573ad-8e1e-50ab-bfd5-140b70dbab8b;Jet A into-plane PBI B61062 25Sep N3260J;4500300837;00010;6848.000;LTR;1.2739;8723.67;U1;79.60;5e3112ad-175f-54c9-8292-454aba1f116b;c2c18bdb-9965-52e1-8eb8-670866503b11;SHL-PBI-381694;cf27213e-aa93-53fd-9d24-959e64603639;4500300837;5000300837;TICKET_NUMBER;FUELPBI;400000;MATCHED;0.00;0.00;NONE;fe5472df-5065-5126-b961-2fafa1700eb4;5514.69;1.5819;8723.67;WITHIN;
03569edf-dacc-585f-91d2-a509d5c37003;474dec3a-ad5a-586d-b4e1-ae5348e57c61;220;013573ad-8e1e-50ab-bfd5-140b70dbab8b;Jet A into-plane PBI B6854 25Sep N2086J;4500300951;00010;6468.000;LTR;1.2739;8239.59;U1;75.18;d955f3ab-6acf-541f-8994-c633387ee717;4d65a50b-bb9c-5727-985d-50dd0c4c5b00;SHL-PBI-381695;407b04b8-6b3b-5ee1-9c2d-61d3a55eca5e;4500300951;5000300951;TICKET_NUMBER;FUELPBI;400000;MATCHED;0.00;0.00;NONE;4c40ffe1-c819-57e2-934c-6bb0751bf3ae;5216.44;1.5795;8239.59;WITHIN;
c6e7f377-a354-5505-881e-c40f615c7ac1;474dec3a-ad5a-586d-b4e1-ae5348e57c61;230;013573ad-8e1e-50ab-bfd5-140b70dbab8b;Jet A into-plane PBI B62334 25Sep N3289J;4500300956;00010;5000.000;LTR;1.2739;6369.50;U1;58.12;bfa803c2-3dcc-5eb6-ac6e-2c741348990e;26adab70-e380-53cd-b523-663cfc8e429c;SHL-PBI-381696;64a1db7a-6bef-5c61-ab50-2c9ab90534ca;4500300956;5000300956;TICKET_NUMBER;FUELPBI;400000;MATCHED;0.00;0.00;NONE;a3ae07d8-fecd-51bb-9a86-ccc7cc0b5d90;4030;1.5805;6369.5;WITHIN;
9851439d-bae8-5a40-885f-f2d10fed9b47;474dec3a-ad5a-586d-b4e1-ae5348e57c61;240;013573ad-8e1e-50ab-bfd5-140b70dbab8b;Jet A into-plane PBI B6544 25Sep N520JB;4500300982;00010;6849.000;LTR;1.2739;8724.94;U1;79.61;b3b4b68d-b14a-5d01-ac31-453feba73677;b308c17d-aee7-58b6-a12b-a862118a1745;SHL-PBI-381697;506ea041-a887-5a7c-9f3d-789aed630882;4500300982;5000300982;TICKET_NUMBER;FUELPBI;400000;MATCHED;0.00;0.00;NONE;768b2872-8d69-5ffd-9f81-0ced9e26c29b;5518.24;1.5811;8724.94;WITHIN;
490bdf5b-d9d1-5239-b50e-6a2de99657c2;474dec3a-ad5a-586d-b4e1-ae5348e57c61;250;013573ad-8e1e-50ab-bfd5-140b70dbab8b;Jet A into-plane PBI B622 25Sep N949JT;4500301027;00010;9412.000;LTR;1.2739;11989.95;U1;109.41;80e76f5f-0919-58e3-a5cd-a7c4276b5fe4;c1a199fd-b23b-5dbc-bc9a-40e53a1364e9;SHL-PBI-381700;2cb08a7f-a55f-53bf-ad9c-159a5fa41295;4500301027;5000301027;TICKET_NUMBER;FUELPBI;400000;MATCHED;0.00;0.00;NONE;721f8c8e-e186-5cf2-8cc0-95c5128bf42e;7560.66;1.5858;11989.95;WITHIN;
1eb112ac-f5d3-55f3-ae49-c1b67beafed2;474dec3a-ad5a-586d-b4e1-ae5348e57c61;260;013573ad-8e1e-50ab-bfd5-140b70dbab8b;Jet A into-plane PBI B624 25Sep N613JB;4500301073;00010;7488.000;LTR;1.2739;9538.96;U1;87.04;b70028a7-7259-5930-85f5-d839f85816bf;1bbe89af-fdda-5a36-a566-b4e547109587;SHL-PBI-381703;c6a3aa27-7fd9-5ffd-b709-f4ab003b7b6f;4500301073;5000301073;TICKET_NUMBER;FUELPBI;400000;MATCHED;0.00;0.00;NONE;efc47c2f-5c23-56ee-a7b6-5c8e8c66ba7d;6005.38;1.5884;9538.96;WITHIN;
cb1ef418-3e6f-500c-8b9e-145d69092630;474dec3a-ad5a-586d-b4e1-ae5348e57c61;270;013573ad-8e1e-50ab-bfd5-140b70dbab8b;Jet A into-plane PBI B6368 25Sep N645JB;4500301083;00010;7310.000;LTR;1.2739;9312.21;U1;84.97;3d81d2af-00e4-5137-81b4-a849edac0304;d1b4663d-90c9-5ce7-8b12-04f283852426;SHL-PBI-381705;6d59ec21-c5a2-5d52-bd37-d1bc221a7656;4500301083;5000301083;TICKET_NUMBER;FUELPBI;400000;MATCHED;0.00;0.00;NONE;f8bf465d-3df5-58dc-9183-63a97f7945f1;5875.05;1.585;9312.21;WITHIN;
f736a322-62b3-5efd-817e-7e9286a9f3c8;474dec3a-ad5a-586d-b4e1-ae5348e57c61;280;013573ad-8e1e-50ab-bfd5-140b70dbab8b;Jet A into-plane PBI B61168 25Sep N784JB;4500301166;00010;8662.000;LTR;1.2739;11034.52;U1;100.69;9fb955c5-03aa-5d5f-9222-75ea04748ffc;b22e408e-ddea-5761-b0ef-7ab34673a981;SHL-PBI-381707;0f18f066-1961-5f12-81e3-7e5fa59dff17;4500301166;5000301166;TICKET_NUMBER;FUELPBI;400000;MATCHED;0.00;0.00;NONE;b2f31aa3-2b36-54a1-957c-c7831db55aca;6975.51;1.5819;11034.52;WITHIN;
4671dc76-1629-5f92-9a24-d8839bae4bbf;474dec3a-ad5a-586d-b4e1-ae5348e57c61;290;013573ad-8e1e-50ab-bfd5-140b70dbab8b;Jet A into-plane PBI B62322 25Sep N588JB;4500301231;00010;9173.000;LTR;1.2739;11685.48;U1;106.63;0cfb609e-2ed7-55be-9c17-c98e076719c4;26bdf570-beeb-5db4-982e-79d1382d893e;SHL-PBI-381709;981b1956-cdf6-59a2-9087-10f245e6376c;4500301231;5000301231;TICKET_NUMBER;FUELPBI;400000;MATCHED;0.00;0.00;NONE;e5d28c1e-1182-52a7-8fae-f802219fd953;7387.93;1.5817;11685.48;WITHIN;
a39ca9d5-cae3-5f25-8c5f-024da832e08e;474dec3a-ad5a-586d-b4e1-ae5348e57c61;300;013573ad-8e1e-50ab-bfd5-140b70dbab8b;Jet A into-plane PBI B62144 25Sep N520JB;4500301242;00010;8600.000;LTR;1.2739;10955.54;U1;99.97;648b790a-aae2-5a15-b45c-5bfc34acd4c3;b0bfa3c1-170c-5188-b978-c5f48c0c3498;SHL-PBI-381711;52d935ed-b975-53d6-8985-5149f8851675;4500301242;5000301242;TICKET_NUMBER;FUELPBI;400000;MATCHED;0.00;0.00;NONE;4e1d0089-a05a-5424-af05-3ee3b19a85db;6935.04;1.5797;10955.54;WITHIN;
328cec14-5351-5469-bdf4-082ed046ac9a;474dec3a-ad5a-586d-b4e1-ae5348e57c61;310;013573ad-8e1e-50ab-bfd5-140b70dbab8b;Jet A into-plane PBI B6388 25Sep N632JB;4500301251;00010;7931.000;LTR;1.2739;10103.30;U1;92.19;bb0fc193-6d37-57eb-abb7-7d9db3652edd;d328c907-0855-5393-ba07-90a9f8f1082f;SHL-PBI-381714;fac4b33f-66a3-5afe-8d50-2d2bd3ab7968;4500301251;5000301251;TICKET_NUMBER;FUELPBI;400000;MATCHED;0.00;0.00;NONE;2464ef7c-afab-50ce-975a-50aa003a5c33;6391.59;1.5807;10103.3;WITHIN;
51b9fa5d-3039-5363-af2c-1fab3f723ef3;474dec3a-ad5a-586d-b4e1-ae5348e57c61;320;013573ad-8e1e-50ab-bfd5-140b70dbab8b;Jet A into-plane PBI B61054 25Sep N2086J;4500301253;00010;9389.000;LTR;1.2739;11960.65;U1;109.14;932590f1-f85c-55b9-b92e-2337e269fa5f;b5c69254-72c6-58dc-8f8e-ca2fdd6a1654;SHL-PBI-381717;0276636e-e69f-511f-9d30-d78b65113e02;4500301253;5000301253;TICKET_NUMBER;FUELPBI;400000;MATCHED;0.00;0.00;NONE;bde12ff0-de60-5375-91f6-79db16e9237b;7541.24;1.586;11960.65;WITHIN;
40efccd4-e412-5820-b493-3d1ebcf6b190;474dec3a-ad5a-586d-b4e1-ae5348e57c61;330;013573ad-8e1e-50ab-bfd5-140b70dbab8b;Jet A into-plane PBI B61468 25Sep N729JB;4500301319;00010;8457.000;LTR;1.2739;10773.37;U1;98.30;628caa41-f1e9-5ac9-ac96-0fc9bcb0d8cc;876caa91-2e70-5ab4-a689-3060e72a041e;SHL-PBI-381718;fe7e8711-ab93-5953-9db6-8ecec8c13c00;4500301319;5000301319;TICKET_NUMBER;FUELPBI;400000;MATCHED;0.00;0.00;NONE;0b047e98-55a2-54a4-a9d7-30cf3fe5165d;6796.05;1.5852;10773.37;WITHIN;
bd57c037-93fc-570c-8cbb-977b2a4796b0;474dec3a-ad5a-586d-b4e1-ae5348e57c61;340;013573ad-8e1e-50ab-bfd5-140b70dbab8b;Jet A into-plane PBI B61962 25Sep N656JB;4500301335;00010;10683.000;LTR;1.2739;13609.07;U1;124.18;a943eb94-c3c2-5c55-9898-04045cd7fe5c;a02515b3-a19e-52cd-994b-1f5d2d63678f;SHL-PBI-381721;617d41f1-b8bd-5e2a-b1a4-1efce7e5f6d5;4500301335;5000301335;TICKET_NUMBER;FUELPBI;400000;MATCHED;0.00;0.00;NONE;c207d22b-65d0-5146-8848-bc7ddbcae9c3;8600.88;1.5823;13609.07;WITHIN;
6df4eae2-07ba-5240-a08d-2caa2dddb241;474dec3a-ad5a-586d-b4e1-ae5348e57c61;350;013573ad-8e1e-50ab-bfd5-140b70dbab8b;Jet A into-plane PBI B61368 26Sep N645JB;4500301399;00010;7788.000;LTR;1.2819;9983.44;U1;90.53;4af22473-3375-5deb-be39-c3d6f61e8668;271bb928-46ff-568f-942d-1d9349cd4e1a;SHL-PBI-381724;28b3bd42-ab96-5bc6-8731-47c5b27f5c62;4500301399;5000301399;TICKET_NUMBER;FUELPBI;400000;MATCHED;0.00;0.00;NONE;e851d2f5-2a6a-5355-9062-c1418c295964;6270.12;1.5922;9983.44;WITHIN;
e39b5599-c7e5-575e-b4a7-a3437c0b1d90;474dec3a-ad5a-586d-b4e1-ae5348e57c61;360;013573ad-8e1e-50ab-bfd5-140b70dbab8b;Jet A into-plane PBI B6854 26Sep N2016J;4500301569;00010;6484.000;LTR;1.2819;8311.84;U1;75.37;57497c85-e65d-50ad-92be-397e26ae29be;39c49fdf-f31d-5e94-9f3d-4c7c1330040a;SHL-PBI-381727;25898c3e-10d8-5d95-af9b-cf8849c108d0;4500301569;5000301569;TICKET_NUMBER;FUELPBI;400000;MATCHED;0.00;0.00;NONE;e8633dc6-c8de-5c9e-bd90-50859d191f93;5204.06;1.5972;8311.84;WITHIN;
db5e83fa-cdfc-5949-b382-5da9c22274fe;474dec3a-ad5a-586d-b4e1-ae5348e57c61;370;013573ad-8e1e-50ab-bfd5-140b70dbab8b;Jet A into-plane PBI B62334 26Sep N3044J;4500301597;00010;4827.000;LTR;1.2819;6187.73;U1;56.11;7acbdcc7-6c6c-5536-8350-7973461ed922;feabc28a-065a-5222-be0c-5df67310e456;SHL-PBI-381728;230b8aa7-3b6c-5841-baf6-deb1d73d1ccd;4500301597;5000301597;TICKET_NUMBER;FUELPBI;400000;MATCHED;0.00;0.00;NONE;730ebbec-4e7e-575c-a5e3-2fb5e9a178c3;3878.49;1.5954;6187.73;WITHIN;
f6fbd1fa-1873-5cf1-8079-ce936e46eadd;474dec3a-ad5a-586d-b4e1-ae5348e57c61;380;013573ad-8e1e-50ab-bfd5-140b70dbab8b;Jet A into-plane PBI B6544 26Sep N564JB;4500301600;00010;6942.000;LTR;1.2819;8898.95;U1;80.69;b5173007-b308-5c3e-9657-36ccea7e2e9a;a424fecc-01dd-5657-b191-3c080ba2d31a;SHL-PBI-381730;bb5c1f85-6630-5d65-96d3-64d67c086ecf;4500301600;5000301600;TICKET_NUMBER;FUELPBI;400000;MATCHED;0.00;0.00;NONE;e5105db0-f20a-53d1-9c3f-d446a01b54f3;5584.84;1.5934;8898.95;WITHIN;
fbc4ab2f-b6e5-5f4b-9377-5dbd8cfebd1c;474dec3a-ad5a-586d-b4e1-ae5348e57c61;390;013573ad-8e1e-50ab-bfd5-140b70dbab8b;Jet A into-plane PBI B622 26Sep N970JB;4500301615;00010;9888.000;LTR;1.2819;12675.43;U1;114.94;5e09ff54-7cfd-5789-9499-3e1dd740db1a;aa0dbcda-7229-548a-b33c-e9433b9ff64e;SHL-PBI-381731;ede0de5a-394e-54a3-b46e-972e943e77d0;4500301615;5000301615;TICKET_NUMBER;FUELPBI;400000;MATCHED;0.00;0.00;NONE;3944b134-5b6b-5235-883b-c2b87842ee7d;7948.96;1.5946;12675.43;WITHIN;
ee55df3b-f895-5c0d-862f-a6e91121a743;474dec3a-ad5a-586d-b4e1-ae5348e57c61;400;013573ad-8e1e-50ab-bfd5-140b70dbab8b;Jet A into-plane PBI B6468 26Sep N665JB;4500301624;00010;6819.000;LTR;1.2819;8741.28;U1;79.26;3bb57e6b-f373-5ee2-9629-a80215b58bab;423b8092-2520-5bc8-95b2-e8f64dd9147a;SHL-PBI-381733;0af7cf1a-5d1f-5653-b210-26848d7ccc75;4500301624;5000301624;TICKET_NUMBER;FUELPBI;400000;MATCHED;0.00;0.00;NONE;4d87b984-7f28-54a7-8120-2192de154155;5492.7;1.5914;8741.28;WITHIN;
e90e2aee-ddec-525f-ad06-5156078437f2;474dec3a-ad5a-586d-b4e1-ae5348e57c61;410;013573ad-8e1e-50ab-bfd5-140b70dbab8b;Jet A into-plane PBI B6368 26Sep N595JB;4500301682;00010;7480.000;LTR;1.2819;9588.61;U1;86.95;4d9ed0aa-3b56-52a0-b185-a5bc6d67dbd6;e8fb2069-f19a-5756-ae89-55c061e83325;SHL-PBI-381736;66aa4382-9e71-5a9e-b5ad-2189a49c759b;4500301682;5000301682;TICKET_NUMBER;FUELPBI;400000;MATCHED;0.00;0.00;NONE;1418fd74-e556-5f78-bb78-7ad99302570f;6021.4;1.5924;9588.61;WITHIN;
6e7050f0-db52-5189-a0f6-49691e96994f;474dec3a-ad5a-586d-b4e1-ae5348e57c61;420;013573ad-8e1e-50ab-bfd5-140b70dbab8b;Jet A into-plane PBI B61168 26Sep N618JB;4500301746;00010;7032.000;LTR;1.2819;9014.32;U1;81.74;958c41d0-bb3e-5024-8007-a95e90098aa0;16f92256-bbc4-5c37-b4cf-84c6d0b93a68;SHL-PBI-381737;65c2b2a5-49bb-5e4d-a04e-95a09142e028;4500301746;5000301746;TICKET_NUMBER;FUELPBI;400000;MATCHED;0.00;0.00;NONE;a1cb420d-fc0d-5859-82cc-e96c561c9b67;5676.23;1.5881;9014.32;WITHIN;
4490e720-f588-5272-813c-5a573d3931d8;c81dcd1b-fb5c-506b-92fe-cfc4400ced0e;10;013573ad-8e1e-50ab-bfd5-140b70dbab8b;Jet A into-plane PHL B61860 23Sep N3289J;4500300004;00010;976.000;LTR;1.3091;1277.68;U1;11.35;15987e36-3015-5d35-852f-8708f1deec72;070fa6fe-0889-5eea-8237-351ca63f14a0;BPA-PHL-493049;cfa0bd8b-d707-595d-ba92-26cd9b6c7472;4500300004;5000300004;TICKET_NUMBER;FUELPHL;400000;MATCHED;0.00;0.00;NONE;bc73fc85-9685-5cbb-a365-5776b97d1193;776.6;1.6452;1277.68;WITHIN;
9039d084-b1d8-5a1c-95e0-23f67ec32571;c81dcd1b-fb5c-506b-92fe-cfc4400ced0e;20;013573ad-8e1e-50ab-bfd5-140b70dbab8b;Jet A into-plane PHL B6560 23Sep N3194J;4500300009;00010;1267.000;LTR;1.3091;1658.63;U1;14.73;948ec0ac-9d73-57af-a348-ac3790f9d70d;b2ab468f-c4cc-5070-b5ed-96e0df6cb7f2;BPA-PHL-493051;c8705c4b-9627-517c-880f-7dd4a00b29ac;4500300009;5000300009;TICKET_NUMBER;FUELPHL;400000;MATCHED;0.00;0.00;NONE;234f8d88-b200-5f2b-95bf-57d0d2557c07;1008.41;1.6448;1658.63;WITHIN;
3a4c659c-21ae-52fc-a328-b33a2d89ff33;c81dcd1b-fb5c-506b-92fe-cfc4400ced0e;30;013573ad-8e1e-50ab-bfd5-140b70dbab8b;Jet A into-plane PHL B6160 24Sep N3322J;4500300123;00010;1256.000;LTR;1.3171;1654.28;U1;14.60;80ccdad1-4057-5bc8-88fe-31624479b186;0d52d845-7ecc-5cc3-bfeb-3213cacf8e7f;BPA-PHL-493053;cace85d4-4f40-5037-bb0f-1611ac8d3674;4500300123;5000300123;TICKET_NUMBER;FUELPHL;400000;MATCHED;0.00;0.00;NONE;a98e195c-39fa-5b42-b036-70de1a5755b1;1014.35;1.6309;1654.28;WITHIN;
b3aa56ad-fb7f-5bb0-ac66-97e34ce59033;c81dcd1b-fb5c-506b-92fe-cfc4400ced0e;40;013573ad-8e1e-50ab-bfd5-140b70dbab8b;Jet A into-plane PHL B6375 24Sep N636JB;4500300163;00010;8328.000;LTR;1.3171;10968.81;U1;96.80;fce61512-ddad-529d-aa99-a90f04827cd2;0829219a-6f20-59fa-8405-3d3a435fd807;BPA-PHL-493056;d0f75637-b25a-51b8-ba32-7f169ca99144;4500300163;5000300163;TICKET_NUMBER;FUELPHL;400000;MATCHED;0.00;0.00;NONE;d6780905-3c5f-5d13-b619-1c0c67802f30;6719.03;1.6325;10968.81;WITHIN;
2402fd3f-78ea-5c27-9fc5-968727398bbf;c81dcd1b-fb5c-506b-92fe-cfc4400ced0e;50;013573ad-8e1e-50ab-bfd5-140b70dbab8b;Jet A into-plane PHL B61160 24Sep N3298J;4500300307;00010;1871.000;LTR;1.3171;2464.29;U1;21.75;60c14f18-4cfd-5d72-8092-a10b0649a2a3;122ce9d2-bff9-5f37-bc5f-419474adebc7;BPA-PHL-493059;c3d4e710-870c-5e8e-a105-dac10062c147;4500300307;5000300307;TICKET_NUMBER;FUELPHL;400000;MATCHED;0.00;0.00;NONE;d59a65de-1129-52e9-bc7a-985bec52502d;1506.53;1.6357;2464.29;WITHIN;
b335b840-87a1-5184-838a-8a0f285c0368;c81dcd1b-fb5c-506b-92fe-cfc4400ced0e;60;013573ad-8e1e-50ab-bfd5-140b70dbab8b;Jet A into-plane PHL B61047 24Sep N708JB;4500300341;00010;12115.000;LTR;1.3171;15956.67;U1;140.82;77234d74-2e3e-584b-9904-665aba57eaea;ee090868-c1b4-5f93-8fa2-d98b12d21aba;BPA-PHL-493060;bf20d9d5-7436-5e44-8dc9-0328a0ba79a1;4500300341;5000300341;TICKET_NUMBER;FUELPHL;400000;MATCHED;0.00;0.00;NONE;135ccad9-fd47-5454-a3c5-9c56cf045d25;9748.94;1.6368;15956.67;WITHIN;
82e9a3ff-fdfa-5675-90e1-1d87d7e8e498;c81dcd1b-fb5c-506b-92fe-cfc4400ced0e;70;013573ad-8e1e-50ab-bfd5-140b70dbab8b;Jet A into-plane PHL B62275 24Sep N552JB;4500300405;00010;9913.000;LTR;1.3171;13056.41;U1;115.23;c44e5197-ba25-57c3-88dd-480cd9a1632d;bcb9be61-a0b2-52cd-9848-9b77f6efecbb;BPA-PHL-493063;33c6c804-a549-5dc2-9b02-5f8a10ae3d43;4500300405;5000300405;TICKET_NUMBER;FUELPHL;400000;MATCHED;0.00;0.00;NONE;7b42a236-c612-50df-9106-f714f0d43172;7992.85;1.6335;13056.41;WITHIN;
af3f628f-bb0b-5726-988d-976c44258cac;c81dcd1b-fb5c-506b-92fe-cfc4400ced0e;80;013573ad-8e1e-50ab-bfd5-140b70dbab8b;Jet A into-plane PHL B61860 24Sep N3194J;4500300558;00010;1102.000;LTR;1.3171;1451.44;U1;12.81;f85f891b-9b4b-5b0a-a257-25f5ce96a132;ba3914bf-a388-5dc1-8812-66723ab651ca;BPA-PHL-493064;48237ede-35df-51b0-a5e6-2cfe5d26cdfb;4500300558;5000300558;TICKET_NUMBER;FUELPHL;400000;MATCHED;0.00;0.00;NONE;874162ec-132e-508d-8e79-c31dfcdf00a0;888.54;1.6335;1451.44;WITHIN;
1221e318-1a38-5347-af56-0aea4765a9a2;c81dcd1b-fb5c-506b-92fe-cfc4400ced0e;90;013573ad-8e1e-50ab-bfd5-140b70dbab8b;Jet A into-plane PHL B6560 24Sep N3085J;4500300630;00010;1703.000;LTR;1.3171;2243.02;U1;19.80;9441176c-456b-56f8-9c93-13a4aacd020c;7a797bf4-7da3-5ac6-a279-56b6b112400c;BPA-PHL-493066;f484e6c0-7847-5240-a54a-a446a12dca3a;4500300630;5000300630;TICKET_NUMBER;FUELPHL;400000;MATCHED;0.00;0.00;NONE;f48984b2-ced2-55a6-bdf3-7cc4fe4e09ef;1369.55;1.6378;2243.02;WITHIN;
d166c288-24e8-538a-ae62-2c252ae7d383;c81dcd1b-fb5c-506b-92fe-cfc4400ced0e;100;013573ad-8e1e-50ab-bfd5-140b70dbab8b;Jet A into-plane PHL B6160 25Sep N3157J;4500300757;00010;3794.000;LTR;1.3276;5036.91;U1;44.10;6d4445df-c55a-5d0c-bc9a-f0c7d9205370;f5d7e10c-edcb-5f4e-b6f9-d724736c0f83;BPA-PHL-493068;30eda39f-df65-5a19-a1fd-bf3d229660d3;4500300757;5000300757;TICKET_NUMBER;FUELPHL;400000;MATCHED;0.00;0.00;NONE;cce9bfa3-95a4-5d8d-9e81-6299e7d11d42;3038.99;1.6574;5036.91;WITHIN;
4a9bbaee-53eb-5425-aebc-ba6f03d8bd4e;c81dcd1b-fb5c-506b-92fe-cfc4400ced0e;110;013573ad-8e1e-50ab-bfd5-140b70dbab8b;Jet A into-plane PHL B6375 25Sep N598JB;4500300904;00010;6808.000;LTR;1.3276;9038.30;U1;79.14;5674e7db-d28e-56b9-9642-736f94ff83be;d6f72ba0-54fd-5696-adf7-c94bc4d27531;BPA-PHL-493069;ac6acad1-1648-513a-828a-b1cc500334d7;4500300904;5000300904;TICKET_NUMBER;FUELPHL;400000;MATCHED;0.00;0.00;NONE;c0d728ae-e130-594e-95c6-811b43cf4ecd;5460.7;1.6552;9038.3;WITHIN;
8ef04fa6-e8c5-5426-b6de-8400accc6feb;c81dcd1b-fb5c-506b-92fe-cfc4400ced0e;120;013573ad-8e1e-50ab-bfd5-140b70dbab8b;Jet A into-plane PHL B61160 25Sep N3296J;4500300945;00010;2697.000;LTR;1.3276;3580.54;U1;31.35;39ef35e2-4b20-526d-b2f1-8b04dc9ea24a;38c647f5-0703-583f-b296-638810bf1721;BPA-PHL-493070;7c84afce-be54-50c8-8057-3106a336717a;4500300945;5000300945;TICKET_NUMBER;FUELPHL;400000;MATCHED;0.00;0.00;NONE;c3874392-d2f9-535d-95d7-5f2b861cc4bd;2166.5;1.6527;3580.54;WITHIN;
d1aa3f27-37a6-505e-b141-b9ab85598525;c81dcd1b-fb5c-506b-92fe-cfc4400ced0e;130;013573ad-8e1e-50ab-bfd5-140b70dbab8b;Jet A into-plane PHL B62275 25Sep N794JB;4500301067;00010;7566.000;LTR;1.3276;10044.62;U1;87.95;5c705be1-377e-52c3-83e4-503f395d19d9;738b6426-ccfd-5b41-8ad4-af58b6eb0a49;BPA-PHL-493071;de522b86-de43-5e55-8c65-9e489903ad32;4500301067;5000301067;TICKET_NUMBER;FUELPHL;400000;MATCHED;0.00;0.00;NONE;dba7be1d-5e8b-51b7-b71f-648aa8a18e89;6074.74;1.6535;10044.62;WITHIN;
c63215f6-b71c-5aff-882f-6e92acb09ecc;c81dcd1b-fb5c-506b-92fe-cfc4400ced0e;140;013573ad-8e1e-50ab-bfd5-140b70dbab8b;Jet A into-plane PHL B61860 25Sep N3304J;4500301136;00010;3403.000;LTR;1.3276;4517.82;U1;39.56;41f8a377-bafc-5bcc-9b54-af31fcd4173d;ae6b883e-f34a-505a-b1e0-ba06ccee46aa;BPA-PHL-493074;8b7019e1-0706-5ea4-9059-c0cfe3c68c7c;4500301136;5000301136;TICKET_NUMBER;FUELPHL;400000;MATCHED;0.00;0.00;NONE;b7d0a704-45e5-50a4-926f-9c5938d3fefd;2741.8;1.6478;4517.82;WITHIN;
5ab2cec2-3ae8-510d-a834-dfc248086576;c81dcd1b-fb5c-506b-92fe-cfc4400ced0e;150;013573ad-8e1e-50ab-bfd5-140b70dbab8b;Jet A into-plane PHL B6560 25Sep N3240J;4500301222;00010;2451.000;LTR;1.3276;3253.95;U1;28.49;65728c20-0c86-559d-a7bd-2f9109101925;1f530214-a0ae-5095-874c-4391b903c238;BPA-PHL-493076;12df8d9a-0f45-5f2d-8569-5086ec900bcf;4500301222;5000301222;TICKET_NUMBER;FUELPHL;400000;MATCHED;0.00;0.00;NONE;79b769a4-d2b9-527b-a723-2cf5d0a90406;1969.13;1.6525;3253.95;WITHIN;
0bf66c1a-3d09-54a2-82bc-0f018987a578;c81dcd1b-fb5c-506b-92fe-cfc4400ced0e;160;013573ad-8e1e-50ab-bfd5-140b70dbab8b;Jet A into-plane PHL B6160 26Sep N3152J;4500301404;00010;2587.000;LTR;1.3355;3454.94;U1;30.07;05993668-0da5-5c4f-ba83-8b597d4c094c;3856757d-14dd-581d-a983-e607f4ff4cec;BPA-PHL-493077;bc68c81f-697d-5c78-a532-b2e3fd2ef011;4500301404;5000301404;TICKET_NUMBER;FUELPHL;400000;MATCHED;0.00;0.00;NONE;fdc8f94d-9d38-5858-b5a4-96dc1e0cf1bb;2094.95;1.6492;3454.94;WITHIN;
cbf1f4b4-6f02-58f6-bd60-f1c56d5df82c;c81dcd1b-fb5c-506b-92fe-cfc4400ced0e;170;013573ad-8e1e-50ab-bfd5-140b70dbab8b;Jet A into-plane PHL B6375 26Sep N519JB;4500301443;00010;6680.000;LTR;1.3355;8921.14;U1;77.65;72d65e8c-a53e-5714-9c36-f7ac5c9eb159;5cfe3332-94f8-5506-b7f8-24c14b43ed65;BPA-PHL-493079;ffade5dd-acef-59cb-836c-2b3f3772d707;4500301443;5000301443;TICKET_NUMBER;FUELPHL;400000;MATCHED;0.00;0.00;NONE;dc79d163-8f00-562f-8896-6a3f5c85a701;5418.82;1.6463;8921.14;WITHIN;
641db567-b51c-53b4-88d0-33f3e8e72902;c81dcd1b-fb5c-506b-92fe-cfc4400ced0e;180;013573ad-8e1e-50ab-bfd5-140b70dbab8b;Jet A into-plane PHL B61160 26Sep N3152J;4500301565;00010;3714.000;LTR;1.3355;4960.05;U1;43.17;7eae21b3-2bf5-503c-80b5-08a48eb5c255;fc61d891-48bd-5022-9011-3393bad87096;BPA-PHL-493081;df9a2c78-a413-5f78-96a4-73ca4c082746;4500301565;5000301565;TICKET_NUMBER;FUELPHL;400000;MATCHED;0.00;0.00;NONE;77ad446e-a0dc-5bd7-a721-5bce13c2d683;2998.68;1.6541;4960.05;WITHIN;
3d257410-d7a8-5a27-9af5-b80a78fe9634;c81dcd1b-fb5c-506b-92fe-cfc4400ced0e;190;013573ad-8e1e-50ab-bfd5-140b70dbab8b;Jet A into-plane PHL B61047 26Sep N646JB;4500301614;00010;12463.000;LTR;1.3355;16644.34;U1;144.87;32ce054d-4d8e-59be-a7bd-c9e42b5678aa;f648597a-65ed-526c-bdce-d7698dedc7f7;BPA-PHL-493082;5613bd87-4bc1-5bb9-9e97-75295d75adbc;4500301614;5000301614;TICKET_NUMBER;FUELPHL;400000;MATCHED;0.00;0.00;NONE;40e79787-31e5-5db3-b515-87e1597031d9;10076.34;1.6518;16644.34;WITHIN;
6fb90921-5b43-51ec-a79e-ba366fcc0453;c81dcd1b-fb5c-506b-92fe-cfc4400ced0e;200;013573ad-8e1e-50ab-bfd5-140b70dbab8b;Jet A into-plane PHL B61860 26Sep N3289J;4500301749;00010;3575.000;LTR;1.3355;4774.41;U1;41.56;4efd7170-53ed-5d61-a41a-9b6211250c53;ece04b5d-733e-56ae-ad0c-b10d9f12c662;BPA-PHL-493084;ffeda8c0-90c0-51b6-a8a1-8134292c50de;4500301749;5000301749;TICKET_NUMBER;FUELPHL;400000;MATCHED;0.00;0.00;NONE;90ab0e66-a347-5004-99ed-cffc8a149f41;2891.46;1.6512;4774.41;WITHIN;
cd7a01dc-e538-579d-b528-9387ab7633c6;66ee9835-bfae-5b81-a6b1-093b34e237a7;10;013573ad-8e1e-50ab-bfd5-140b70dbab8b;Jet A into-plane PHX B6136 24Sep N828JB;4500300510;00010;12911.000;LTR;1.3176;17011.53;U1;150.08;7eb1f4fa-32e9-5d36-9f06-bdb1be6c8106;133621d1-4e11-5a63-bf6a-004ebf2dd851;CGA-PHX-757918;61faa966-4246-550e-9fcd-baf386b848ee;4500300510;5000300510;TICKET_NUMBER;FUELPHX;400000;MATCHED;0.00;0.00;NONE;8e9bb340-3273-512a-9bce-87fa5460fb59;10408.85;1.6343;17011.53;WITHIN;
1100e844-7667-533e-93af-a6bbb702dc10;66ee9835-bfae-5b81-a6b1-093b34e237a7;20;013573ad-8e1e-50ab-bfd5-140b70dbab8b;Jet A into-plane PHX B6136 25Sep N638JB;4500301181;00010;16308.000;LTR;1.3281;21658.65;U1;189.56;7bbd7bc1-badd-5823-a8c0-6fa4332ee56d;09933e6d-eef6-52e0-9536-3f63b10398bd;CGA-PHX-757919;c8a1e9fe-08cd-5864-9b82-2d6f10418000;4500301181;5000301181;TICKET_NUMBER;FUELPHX;400000;MATCHED;0.00;0.00;NONE;6ed1a984-6323-5835-900e-df40d196ae66;13201.33;1.6406;21658.65;WITHIN;
5a48f73b-4ab1-5530-8d7e-b992ff4ee8a9;de5b7598-9c84-5631-9ce4-2e312f393c2f;10;013573ad-8e1e-50ab-bfd5-140b70dbab8b;Jet A into-plane PIT B61198 24Sep N3139J;4500300108;00010;1760.000;LTR;1.3387;2356.11;U1;20.46;5ad11e6d-a9b4-5128-b03e-111a18d624bb;e1e40af5-3623-52dd-bdab-96ce48a1c63f;BPA-PIT-505307;bdfd1c32-64b4-5968-88b9-17af318c2d31;4500300108;5000300108;TICKET_NUMBER;FUELPIT;400000;MATCHED;0.00;0.00;NONE;abf3aec4-2dcf-583c-942e-a97471912d72;1426.66;1.6515;2356.11;WITHIN;
fe827a24-6ca0-53ba-bf02-4f2dc52dc5da;de5b7598-9c84-5631-9ce4-2e312f393c2f;20;013573ad-8e1e-50ab-bfd5-140b70dbab8b;Jet A into-plane PIT B62005 24Sep N3258J;4500300155;00010;4650.000;LTR;1.3387;6224.95;U1;54.05;3bf0bdf0-9065-51b6-8422-0a6995b3fe83;1f48dcbe-bee8-5ac6-93ef-6186a6529d28;BPA-PIT-505308;84c82dfc-6f12-531a-bb58-2f784b9580a3;4500300155;5000300155;TICKET_NUMBER;FUELPIT;400000;MATCHED;0.00;0.00;NONE;b42a820d-79a4-5e96-a771-e3be7c4647c9;3768.82;1.6517;6224.95;WITHIN;
50ad6814-4a90-531b-86a7-dacd1bfec9a7;de5b7598-9c84-5631-9ce4-2e312f393c2f;30;013573ad-8e1e-50ab-bfd5-140b70dbab8b;Jet A into-plane PIT B61286 24Sep N3194J;4500300246;00010;3366.000;LTR;1.3387;4506.06;U1;39.13;d04b7805-5d6b-5b62-a07c-fff156a05f59;27f66f3a-e388-52d0-ac6f-a17668662e96;BPA-PIT-505310;0044a600-276e-5fc9-95a5-99718210966b;4500300246;5000300246;TICKET_NUMBER;FUELPIT;400000;MATCHED;0.00;0.00;NONE;2be6d4f2-404e-5261-8f46-2bea755ba1f1;2723.43;1.6546;4506.06;WITHIN;
5f65b86c-6f7c-5a4e-ba39-3e2b504f2a24;de5b7598-9c84-5631-9ce4-2e312f393c2f;40;013573ad-8e1e-50ab-bfd5-140b70dbab8b;Jet A into-plane PIT B6386 24Sep N3304J;4500300447;00010;3740.000;LTR;1.3387;5006.74;U1;43.47;42737764-6c06-5245-9a5d-dda5a22e9f1c;d8e616e0-b6d0-58fe-acbb-d4f354ecd933;BPA-PIT-505313;67516713-18ab-59d2-a97a-e846c68f26c9;4500300447;5000300447;TICKET_NUMBER;FUELPIT;400000;MATCHED;0.00;0.00;NONE;38dd7b15-34f1-5c91-93e4-ab345708eda9;3028.65;1.6531;5006.74;WITHIN;
5cc3af72-d7c0-5d59-a5ad-b89d3a0fb8e6;de5b7598-9c84-5631-9ce4-2e312f393c2f;50;013573ad-8e1e-50ab-bfd5-140b70dbab8b;Jet A into-plane PIT B61786 24Sep N3077J;4500300622;00010;3554.000;LTR;1.3387;4757.74;U1;41.31;f835b714-8b60-56f4-a519-36d6753559de;8e4cb37b-c664-5dad-a8aa-9a2c73370359;BPA-PIT-505316;ec8adf21-9a21-5b88-9048-0ac2cb018d79;4500300622;5000300622;TICKET_NUMBER;FUELPIT;400000;MATCHED;0.00;0.00;NONE;44a978e2-e2c4-56c7-9d6b-42eafa17c146;2876.25;1.6541;4757.74;WITHIN;
47b4e4cb-47e4-5b50-a0b6-c708e5200130;de5b7598-9c84-5631-9ce4-2e312f393c2f;60;013573ad-8e1e-50ab-bfd5-140b70dbab8b;Jet A into-plane PIT B62186 24Sep N3242J;4500300680;00010;3514.000;LTR;1.3387;4704.19;U1;40.85;adc7389d-6aaa-5275-b47e-9d0e233ebba7;4cd84d7f-1353-5caa-a6be-1e9be7dcd937;BPA-PIT-505318;b4c31fb6-9112-5b44-b8e6-8fff9635af68;4500300680;5000300680;TICKET_NUMBER;FUELPIT;400000;MATCHED;0.00;0.00;NONE;d922c8f1-4b66-5a18-8836-9f1e419d1923;2843.18;1.6546;4704.19;WITHIN;
2caf8fcc-0eda-5637-bf07-f635b97f1597;de5b7598-9c84-5631-9ce4-2e312f393c2f;70;013573ad-8e1e-50ab-bfd5-140b70dbab8b;Jet A into-plane PIT B61198 25Sep N3118J;4500300755;00010;3829.000;LTR;1.3492;5166.09;U1;44.51;e6592d71-005c-58b7-8c2b-1c4fb1fcfdd8;a6c3cae8-b8dd-5b62-9a1d-8d15adcb0a7f;BPA-PIT-505320;1361a99e-8e27-5d3c-9299-d8129e87eeac;4500300755;5000300755;TICKET_NUMBER;FUELPIT;400000;MATCHED;0.00;0.00;NONE;408bb7f2-dfe4-53b8-9514-96cbf9cb1ab2;3080.43;1.6771;5166.09;WITHIN;
8ab2f16b-b503-5def-a6f7-e9166d53428d;de5b7598-9c84-5631-9ce4-2e312f393c2f;80;013573ad-8e1e-50ab-bfd5-140b70dbab8b;Jet A into-plane PIT B61286 25Sep N3242J;4500300884;00010;3813.000;LTR;1.3492;5144.50;U1;44.32;8ad7f868-b610-5948-8bba-4b101aba3db4;a0794651-96ab-50c9-b0f4-dbbf4c73d1d7;BPA-PIT-505321;89ccb2c1-7a6e-512a-9b45-2220e68f717d;4500300884;5000300884;TICKET_NUMBER;FUELPIT;400000;MATCHED;0.00;0.00;NONE;c8f0bb6d-edb7-513b-9645-0e26ddfae9bf;3063.75;1.6792;5144.5;WITHIN;
92160cc4-4c1b-5e25-b434-4e66bfacb1c4;de5b7598-9c84-5631-9ce4-2e312f393c2f;90;013573ad-8e1e-50ab-bfd5-140b70dbab8b;Jet A into-plane PIT B62005 25Sep N3203J;4500300887;00010;5437.000;LTR;1.3492;7335.60;U1;63.20;80843a19-678c-5b85-9b09-27bea3d5d00d;0ae09f04-fd62-5dc4-8924-6510311db34d;BPA-PIT-505322;c7b2626a-f72e-53b7-b880-dbe04d0a9015;4500300887;5000300887;TICKET_NUMBER;FUELPIT;400000;MATCHED;0.00;0.00;NONE;621d8c0a-41e1-54eb-8626-78682c478253;4357.21;1.6836;7335.6;WITHIN;
922664c7-3db6-5bfd-be26-adcba37155b5;de5b7598-9c84-5631-9ce4-2e312f393c2f;100;013573ad-8e1e-50ab-bfd5-140b70dbab8b;Jet A into-plane PIT B6386 25Sep N3196J;4500301071;00010;4193.000;LTR;1.3492;5657.20;U1;48.74;8fce3c33-999f-5a73-a5ae-1db28e1ffab0;c89ba64b-c9bc-5ae4-b091-de7e173affbb;BPA-PIT-505324;4869b683-c4da-5e6c-9d60-3c58ee6a964e;4500301071;5000301071;TICKET_NUMBER;FUELPIT;400000;MATCHED;0.00;0.00;NONE;932f8265-dbf2-559a-bd3a-e96b6a402fec;3360.27;1.6836;5657.2;WITHIN;
5e32afab-b955-5555-aca0-8e8ed6cbb84b;de5b7598-9c84-5631-9ce4-2e312f393c2f;110;013573ad-8e1e-50ab-bfd5-140b70dbab8b;Jet A into-plane PIT B61786 25Sep N3121J;4500301204;00010;3882.000;LTR;1.3492;5237.59;U1;45.12;ea35f49d-c210-5dc7-ac2a-7cbf3b7b9c6c;cd2be32a-99d9-5e39-8049-c380375e4412;BPA-PIT-505327;17abb2c7-77f6-56b8-bdad-519ee6a6d21c;4500301204;5000301204;TICKET_NUMBER;FUELPIT;400000;MATCHED;0.00;0.00;NONE;f7acde22-855f-5691-bd28-7117de1fdc34;3122.29;1.6775;5237.59;WITHIN;
2d4a8454-796d-5fae-9ddd-bcfa5a464252;de5b7598-9c84-5631-9ce4-2e312f393c2f;120;013573ad-8e1e-50ab-bfd5-140b70dbab8b;Jet A into-plane PIT B62186 25Sep N3142J;4500301271;00010;3533.000;LTR;1.3492;4766.72;U1;41.07;1b5f1617-4cea-5c77-98af-aac5c6451797;c892125d-bd79-58cb-92d9-b8b3e03ee922;BPA-PIT-505330;b4dd7c0b-698b-541a-81b2-3200ff2df4b2;4500301271;5000301271;TICKET_NUMBER;FUELPIT;400000;MATCHED;0.00;0.00;NONE;729d1c9e-00ee-562f-bf52-26c0ad3d4f55;2838.77;1.6791;4766.72;WITHIN;
8bb9f33e-f06d-5b53-9585-a6c4f1c4aa5a;de5b7598-9c84-5631-9ce4-2e312f393c2f;130;013573ad-8e1e-50ab-bfd5-140b70dbab8b;Jet A into-plane PIT B61198 26Sep N3185J;4500301392;00010;3249.000;LTR;1.3572;4409.54;U1;37.77;ff7646d7-befc-5b25-a6d0-bee9150e9405;47ce0253-ecec-50e5-ada9-5717b46cad12;BPA-PIT-505331;15114946-d21d-542f-a231-33329b7e1f35;4500301392;5000301392;TICKET_NUMBER;FUELPIT;400000;MATCHED;0.00;0.00;NONE;e3b4e212-ac97-526e-8a85-bd18499e1d43;2616.74;1.6851;4409.54;WITHIN;
c2b92cba-c71f-5267-a6ea-61d010afe29c;de5b7598-9c84-5631-9ce4-2e312f393c2f;140;013573ad-8e1e-50ab-bfd5-140b70dbab8b;Jet A into-plane PIT B62005 26Sep N3244J;4500301430;00010;5180.000;LTR;1.3572;7030.30;U1;60.21;b2c4db52-5d3d-5f2f-95d7-c6361847fe2e;c051bbdd-54e2-5f83-a542-d9c4864ccf77;BPA-PIT-505334;8812283a-4802-5dd0-aa24-3c80f15d3e62;4500301430;5000301430;TICKET_NUMBER;FUELPIT;400000;MATCHED;0.00;0.00;NONE;423f9097-93b5-5377-87b5-69fc1064f063;4174.04;1.6843;7030.3;WITHIN;
7ec8e4c7-9f9a-5752-8496-871d408da7d6;de5b7598-9c84-5631-9ce4-2e312f393c2f;150;013573ad-8e1e-50ab-bfd5-140b70dbab8b;Jet A into-plane PIT B61286 26Sep N3102J;4500301508;00010;3212.000;LTR;1.3572;4359.33;U1;37.34;0c3e864d-90bc-5b68-a101-cc0ee674a253;6299d901-f3db-587a-b814-a53789b4d5d9;BPA-PIT-505336;b4be94c6-6bc6-5f5e-b73a-a440051817f8;4500301508;5000301508;TICKET_NUMBER;FUELPIT;400000;MATCHED;0.00;0.00;NONE;997c0ad2-f17e-5d5b-b15b-27f08a886d1e;2576.99;1.6916;4359.33;WITHIN;
60005b98-f898-5caa-9904-0c31de4b85a8;de5b7598-9c84-5631-9ce4-2e312f393c2f;160;013573ad-8e1e-50ab-bfd5-140b70dbab8b;Jet A into-plane PIT B6386 26Sep N3260J;4500301642;00010;6093.000;LTR;1.3572;8269.42;U1;70.83;9efdbb85-a69e-5be3-b034-3104f4fb392b;f1a16dff-d2d5-58cb-b6ee-5672a91c5088;BPA-PIT-505337;7a42addd-6d91-527d-8e21-04b759ce65c4;4500301642;5000301642;TICKET_NUMBER;FUELPIT;400000;MATCHED;0.00;0.00;NONE;d5bcbd79-3d79-5aad-a029-b953e729a8d8;4894.51;1.6895;8269.42;WITHIN;
7bdd3077-498c-5e63-8c6d-10d3c4ffe095;de5b7598-9c84-5631-9ce4-2e312f393c2f;170;013573ad-8e1e-50ab-bfd5-140b70dbab8b;Jet A into-plane PIT ticket BPA-PIT-902910;;;7500.000;LTR;1.3288;9966.00;U1;87.18;;;BPA-PIT-902910;;;;UNRESOLVED;FUELPIT;400000;EXCEPTION;0.00;;NONE;;;;;EXCEEDED;
34d37f21-eaa6-59f3-b8a1-ca53a211fc12;24361494-6805-5cb5-a29b-70ed32f806c5;10;c3d4e5f6-3333-4000-8000-000000000001;Jet A into-plane POS B62018 24Sep N2047J;4500300464;00010;12199.000;LTR;1.3734;16754.11;V0;0.00;1895f679-c7d9-5302-9fbe-47bbb6c90591;8c19d5e6-8be8-592f-a893-60b6e2c23bac;SOL-POS-657434;9e19b82c-760a-5cc6-953c-aa734aa02ed4;4500300464;5000300464;TICKET_NUMBER;FUELPOS;400000;MATCHED;0.00;0.00;NONE;750c1f59-c325-50ec-a6d0-f5299bb2c298;9688.45;1.7293;16754.11;WITHIN;
3cc2230f-6f11-519c-977e-4140c086f857;24361494-6805-5cb5-a29b-70ed32f806c5;20;c3d4e5f6-3333-4000-8000-000000000001;Jet A into-plane POS B62018 25Sep N2047J;4500301116;00010;13579.000;LTR;1.3840;18793.34;V0;0.00;6eafaed2-97a2-5a82-8c3e-7b0cf327f127;e50fedcb-6d0b-52f6-b3f5-9ba62abe20ee;SOL-POS-657437;9bec55a8-1187-5398-a904-e78acc6db772;4500301116;5000301116;TICKET_NUMBER;FUELPOS;400000;MATCHED;0.00;0.00;NONE;2e972f6c-f95c-5e8f-9c86-dc92df113b7e;10704.33;1.7557;18793.34;WITHIN;
2e73b752-f463-529b-b075-deccb9871adf;04e31ee3-4f52-5540-a4a8-0d825767306f;10;013573ad-8e1e-50ab-bfd5-140b70dbab8b;Jet A into-plane PVD B61197 24Sep N633JB;4500300137;00010;9281.000;LTR;1.3495;12524.71;U1;107.88;c66c6d4d-29bd-5675-ab14-3973974de58c;d798bd60-a48b-56f0-bf2f-ba32d4b1feae;WFS-PVD-219742;5f975044-efdb-5468-b28f-d13e982bdd41;4500300137;5000300137;TICKET_NUMBER;FUELPVD;400000;MATCHED;0.00;0.00;NONE;d185b1ee-9423-5acd-a158-ff10eefccc41;7399.74;1.6926;12524.71;WITHIN;
a914dd23-eaf0-50f4-b07c-d45ba521f9c3;04e31ee3-4f52-5540-a4a8-0d825767306f;20;013573ad-8e1e-50ab-bfd5-140b70dbab8b;Jet A into-plane PVD B61129 24Sep N516JB;4500300142;00010;3962.000;LTR;1.3495;5346.72;U1;46.05;57567345-f1ef-569a-a758-6bb35f7aa15b;d359bfef-2b9a-5957-bb60-967a125c13bb;WFS-PVD-219745;d66c988e-bf8d-582c-9002-20a83d6e1378;4500300142;5000300142;TICKET_NUMBER;FUELPVD;400000;MATCHED;0.00;0.00;NONE;50a89165-595f-561e-ba0f-3fa6f4f75ddf;3163.66;1.69;5346.72;WITHIN;
3b472d89-26d0-5102-8cbe-49371a49c1a9;04e31ee3-4f52-5540-a4a8-0d825767306f;30;013573ad-8e1e-50ab-bfd5-140b70dbab8b;Jet A into-plane PVD B62087 24Sep N563JB;4500300358;00010;8717.000;LTR;1.3495;11763.59;U1;101.33;a7035c45-eece-5b16-ae14-bbf7936fc438;3e52028e-bd7a-5fa4-8dbb-5ec25fb5b1ec;WFS-PVD-219747;4cb75aad-fc1a-506a-b267-6704c5e09c54;4500300358;5000300358;TICKET_NUMBER;FUELPVD;400000;MATCHED;0.00;0.00;NONE;cb59578c-a6a5-505e-b8d7-4196b576a3ad;6970.98;1.6875;11763.59;WITHIN;
6beb0968-532e-5ee9-bda4-bca7e41a4e0c;04e31ee3-4f52-5540-a4a8-0d825767306f;40;013573ad-8e1e-50ab-bfd5-140b70dbab8b;Jet A into-plane PVD B62876 24Sep N784JB;4500300714;00010;7995.000;LTR;1.3495;10789.25;U1;92.93;bba0a7ca-9eef-55b6-ac34-29fd27e601e4;23db2c50-6a80-59b9-9d71-984ef1ea13aa;WFS-PVD-219748;03c2b58a-0f30-5504-8383-5745128427ba;4500300714;5000300714;TICKET_NUMBER;FUELPVD;400000;MATCHED;0.00;0.00;NONE;b6171d48-8d19-52a1-806e-43a96e280dd2;6371.22;1.6934;10789.25;WITHIN;
31c9b49c-f676-578a-acb4-d32ef610f07d;04e31ee3-4f52-5540-a4a8-0d825767306f;50;013573ad-8e1e-50ab-bfd5-140b70dbab8b;Jet A into-plane PVD B61197 25Sep N794JB;4500300783;00010;9027.000;LTR;1.3601;12277.62;U1;104.93;c169adf8-2b13-5e5b-b66c-e77b60d071b7;d354463c-4071-5649-ae49-ce84782ea830;WFS-PVD-219751;153daf18-8245-5b79-a52c-a0b4918c7cfb;4500300783;5000300783;TICKET_NUMBER;FUELPVD;400000;MATCHED;0.00;0.00;NONE;c89c8d32-0534-5bbc-82c6-3a43a83dcea2;7311.87;1.6791;12277.62;WITHIN;
957b3ef2-f949-5051-a7ab-070c84cb0e21;04e31ee3-4f52-5540-a4a8-0d825767306f;60;013573ad-8e1e-50ab-bfd5-140b70dbab8b;Jet A into-plane PVD B61129 25Sep N561JB;4500300808;00010;2280.000;LTR;1.3601;3101.03;U1;26.50;3e042684-10f3-5bf8-a627-905199ed98c1;7a0ee1d2-8e92-5e2d-9788-cd3c6c0c5fa9;WFS-PVD-219754;ab3fbc96-2d81-5d45-8a30-124efddddef8;4500300808;5000300808;TICKET_NUMBER;FUELPVD;400000;MATCHED;0.00;0.00;NONE;a258201b-0951-5c87-830a-43b02d802dc3;1850.68;1.6756;3101.03;WITHIN;
4891e927-781e-515f-846a-de76d75ba56a;04e31ee3-4f52-5540-a4a8-0d825767306f;70;013573ad-8e1e-50ab-bfd5-140b70dbab8b;Jet A into-plane PVD B62087 25Sep N784JB;4500301013;00010;7270.000;LTR;1.3601;9887.93;U1;84.51;4f8d59f4-04f4-577a-87dd-5b1e03d0aa2a;49cd6863-587a-5bcf-a1e7-48b7fa0354f2;WFS-PVD-219755;34d3f0cc-4888-53f9-9dbf-f04857bf60bc;4500301013;5000301013;TICKET_NUMBER;FUELPVD;400000;MATCHED;0.00;0.00;NONE;7f89cb1a-371a-5180-9081-8d382b0d0d5f;5903.97;1.6748;9887.93;WITHIN;
a7cabb11-6436-56f1-8f44-d45badd069dc;04e31ee3-4f52-5540-a4a8-0d825767306f;80;013573ad-8e1e-50ab-bfd5-140b70dbab8b;Jet A into-plane PVD B68443 25Sep N3044J;4500301108;00010;6945.000;LTR;1.3601;9445.89;U1;80.73;66d2d945-7f1b-532e-9339-7f283007c2f5;1b7e9ed7-304f-5f20-8735-9c91552a2321;WFS-PVD-219756;6eb2bab4-e917-52b4-ba40-45e9f842a868;4500301108;5000301108;TICKET_NUMBER;FUELPVD;400000;MATCHED;0.00;0.00;NONE;97ec3464-c34a-5a57-9d56-a77ea2fd908b;5631.01;1.6775;9445.89;WITHIN;
ddac5bb0-5fcb-5d37-a147-18f1a7b065b5;04e31ee3-4f52-5540-a4a8-0d825767306f;90;013573ad-8e1e-50ab-bfd5-140b70dbab8b;Jet A into-plane PVD B62876 25Sep N571JB;4500301234;00010;7937.000;LTR;1.3601;10795.11;U1;92.26;a8cb2349-df0a-5d7e-8229-548c13ae808e;ccef98b9-96a9-5f9a-a6c8-f79aaa46624a;WFS-PVD-219758;3934515b-6d66-590c-adc9-c24da98b102b;4500301234;5000301234;TICKET_NUMBER;FUELPVD;400000;MATCHED;0.00;0.00;NONE;8efff1e0-9cac-55a5-86ec-64caee5b1cc4;6430.56;1.6787;10795.11;WITHIN;
7563c101-a3b8-5073-9bf5-e7e03c2d293c;04e31ee3-4f52-5540-a4a8-0d825767306f;100;013573ad-8e1e-50ab-bfd5-140b70dbab8b;Jet A into-plane PVD B61197 26Sep N632JB;4500301415;00010;8273.000;LTR;1.3680;11317.46;U1;96.17;77344b8e-a787-58ba-bdf4-a303592a54ca;9ca199aa-271d-5156-a472-1e7f755dabb4;WFS-PVD-219759;8b343d22-a391-5fd4-a22b-050d69c78d28;4500301415;5000301415;TICKET_NUMBER;FUELPVD;400000;MATCHED;0.00;0.00;NONE;0ecf8e62-16b7-55ed-a6b6-290c785f9510;6685.41;1.6929;11317.46;WITHIN;
29ab00df-57e5-5fc5-8339-2869010f5d2d;04e31ee3-4f52-5540-a4a8-0d825767306f;110;013573ad-8e1e-50ab-bfd5-140b70dbab8b;Jet A into-plane PVD B61129 26Sep N651JB;4500301426;00010;2480.000;LTR;1.3680;3392.64;U1;28.83;5e21ad49-0f7f-513d-9276-3af86ce44af4;9a603ad6-ee2a-5c9a-b7e1-6d02b9fe3541;WFS-PVD-219762;5e81800d-29e2-5257-a122-d475e1860a61;4500301426;5000301426;TICKET_NUMBER;FUELPVD;400000;MATCHED;0.00;0.00;NONE;2e3b7156-f2df-5ba9-86cd-01e708b79322;2007.31;1.6901;3392.64;WITHIN;
a7b31143-e113-5b22-9d7e-fb6fea9f6f35;04e31ee3-4f52-5540-a4a8-0d825767306f;120;013573ad-8e1e-50ab-bfd5-140b70dbab8b;Jet A into-plane PVD B62087 26Sep N618JB;4500301530;00010;8038.000;LTR;1.3680;10995.98;U1;93.43;bb0ad075-17f5-5e97-964d-31687897280c;2afe7295-a47d-59fa-a155-f1b00e7c3a50;WFS-PVD-219764;ddd8036f-db33-5bf9-bd48-e8728016e1bc;4500301530;5000301530;TICKET_NUMBER;FUELPVD;400000;MATCHED;0.00;0.00;NONE;1f682cab-21f0-5349-8266-cafc7b9ddb38;6505.96;1.6901;10995.98;WITHIN;
998e0d6c-0ffc-5a53-82ea-f29f15ddcde3;e0f07201-34eb-58e5-aebc-e506490c3222;10;013573ad-8e1e-50ab-bfd5-140b70dbab8b;Jet A into-plane PWM B6307 24Sep N834JB;4500300115;00010;3826.000;LTR;1.3296;5087.05;U1;44.47;e506ffd3-09a2-55dd-a0cc-2dea2a931b6c;c3c978ec-198d-5ec2-9d7a-e4b05e0bd568;WFS-PWM-108824;1d55e7d9-551a-58f1-bc9b-448f5d5ed067;4500300115;5000300115;TICKET_NUMBER;FUELPWM;400000;EXCEPTION;0.00;0.00;NONE;f2f77bf2-2ce3-5cd4-b7f5-7fe146ecc9a2;3090.64;1.646;5087.05;EXCEEDED;
304b0c2b-2847-5889-a45f-81f26243a3ee;e0f07201-34eb-58e5-aebc-e506490c3222;20;013573ad-8e1e-50ab-bfd5-140b70dbab8b;Jet A into-plane PWM B6307 25Sep N828JB;4500300770;00010;2932.000;LTR;1.3402;3929.47;U1;34.08;35d8cc1c-a12d-5250-84f4-3f4f97fd0768;b8881d08-7838-52aa-99e7-8d09033d64f8;WFS-PWM-108827;dea665d7-6ab1-50d2-a509-a00472be00df;4500300770;5000300770;TICKET_NUMBER;FUELPWM;400000;MATCHED;0.00;0.00;NONE;f002a457-1f51-51af-9989-6bf9f9109005;2371.69;1.6568;3929.47;WITHIN;
7be93cda-c23e-5515-aed3-d3a699a8554d;e0f07201-34eb-58e5-aebc-e506490c3222;30;013573ad-8e1e-50ab-bfd5-140b70dbab8b;Jet A into-plane PWM B6307 26Sep N638JB;4500301402;00010;3608.000;LTR;1.3481;4863.94;U1;41.94;4224a1d3-5116-5df4-8f6b-6abe16d81704;dab6fe65-bcd6-5f42-bcc4-e2677af5dd17;WFS-PWM-108830;02a7fa2d-b91c-5da2-b36a-a7ebc492db3c;4500301402;5000301402;TICKET_NUMBER;FUELPWM;400000;MATCHED;0.00;0.00;NONE;efba0cf9-db6d-5fec-a63a-722958510e93;2890.37;1.6828;4863.94;WITHIN;
a338e0d2-6382-5d55-8f93-b69d4eda2fe1;0fbf9d53-c3cb-50f7-b354-adde67f4312f;10;013573ad-8e1e-50ab-bfd5-140b70dbab8b;Jet A into-plane RDU B61486 23Sep N3267J;4500300010;00010;2263.000;LTR;1.2634;2859.07;U1;26.31;d8b479ab-54f8-5556-baf9-5fd8974711b5;c4eab9f9-03f0-58fe-b789-d10f118d40e4;WFS-RDU-697013;df1b976b-9317-53d2-8bed-723994cd1d11;4500300010;5000300010;TICKET_NUMBER;FUELRDU;400000;MATCHED;0.00;0.00;NONE;70d1971e-3408-5751-b4aa-798a66b5e521;1822.85;1.5685;2859.07;WITHIN;
e1112c4b-06e2-5b62-a0f2-b5b69248647c;0fbf9d53-c3cb-50f7-b354-adde67f4312f;20;013573ad-8e1e-50ab-bfd5-140b70dbab8b;Jet A into-plane RDU B61484 24Sep N3251J;4500300113;00010;2918.000;LTR;1.2713;3709.65;U1;33.92;9377783e-8f74-5897-982b-7d8bc75e5a10;a156e3d1-bedd-5e38-b478-10fa437fde24;WFS-RDU-697016;1e0a2c07-f4a9-5dd6-960a-404e6d8c09de;4500300113;5000300113;TICKET_NUMBER;FUELRDU;400000;MATCHED;0.00;0.00;NONE;82eb36f7-590b-5516-8add-b143976e518b;2327.11;1.5941;3709.65;WITHIN;
697f7631-fb2e-5152-8914-481a46bbc569;0fbf9d53-c3cb-50f7-b354-adde67f4312f;30;013573ad-8e1e-50ab-bfd5-140b70dbab8b;Jet A into-plane RDU B62625 24Sep N766JB;4500300150;00010;5300.000;LTR;1.2713;6737.89;U1;61.61;153932c9-e9bc-5290-8fff-b880aa1197e5;cc1a78ef-0e15-5da0-9536-0baee6c03920;WFS-RDU-697017;f4f32b23-e698-5f8f-8698-a2407f554910;4500300150;5000300150;TICKET_NUMBER;FUELRDU;400000;MATCHED;0.00;0.00;NONE;b12a8741-cc7d-58bf-86cd-86e99fcd022b;4222.51;1.5957;6737.89;WITHIN;
5fc33efa-23cf-5827-b5b8-a5aba97e56e3;0fbf9d53-c3cb-50f7-b354-adde67f4312f;40;013573ad-8e1e-50ab-bfd5-140b70dbab8b;Jet A into-plane RDU B62084 24Sep N3241J;4500300338;00010;2866.000;LTR;1.2713;3643.55;U1;33.31;8c42f3e0-6dcc-5b32-ac4b-7be2fbc95503;6c1b7a08-a265-5700-9869-1c13e3c81ced;WFS-RDU-697019;b2ff644f-e060-5516-b944-b1b745dcfe74;4500300338;5000300338;TICKET_NUMBER;FUELRDU;400000;MATCHED;0.00;0.00;NONE;82445472-6c1d-5764-9a5c-1e6e94f58cac;2292.23;1.5895;3643.55;WITHIN;
b07592d6-accc-5d90-a678-2a37cb6545af;0fbf9d53-c3cb-50f7-b354-adde67f4312f;50;013573ad-8e1e-50ab-bfd5-140b70dbab8b;Jet A into-plane RDU B62925 24Sep N661JB;4500300377;00010;5165.000;LTR;1.2713;6566.26;U1;60.04;46352fb8-fc45-5fb6-be49-fee41ca5c6c5;c2f74a69-166e-55e0-9735-663b1b84f95b;WFS-RDU-697021;533984a8-2eb5-5c38-9629-d7242cd3043d;4500300377;5000300377;TICKET_NUMBER;FUELRDU;400000;MATCHED;0.00;0.00;NONE;9ee422e5-37a5-5fa3-a57c-5815e2c4e66d;4133.03;1.5887;6566.26;WITHIN;
3a09a513-d0a3-5aaf-87c6-1e8913cffb2f;0fbf9d53-c3cb-50f7-b354-adde67f4312f;60;013573ad-8e1e-50ab-bfd5-140b70dbab8b;Jet A into-plane RDU B62786 24Sep N3118J;4500300384;00010;3925.000;LTR;1.2713;4989.85;U1;45.62;999e08fa-05b0-5a40-be17-397710b01a1f;30d0d74d-de4a-581a-b371-7f726d747734;WFS-RDU-697022;fdea4974-67c6-58e5-abe1-be826cb52e4e;4500300384;5000300384;TICKET_NUMBER;FUELRDU;400000;MATCHED;0.00;0.00;NONE;cb4e89fa-349c-5b75-8736-b1239fb05330;3129.8;1.5943;4989.85;WITHIN;
b6dba342-3aec-5595-8b4a-c9fb5cbcff8c;0fbf9d53-c3cb-50f7-b354-adde67f4312f;70;013573ad-8e1e-50ab-bfd5-140b70dbab8b;Jet A into-plane RDU B62184 24Sep N588JB;4500300524;00010;4637.000;LTR;1.2713;5895.02;U1;53.90;895ee9a9-418b-56c2-97bd-06698969651b;d371c6d5-0a78-5d3e-8c31-f26191fdfa6e;WFS-RDU-697024;c556f602-12a2-5c9c-a2e0-96321fb60c4f;4500300524;5000300524;TICKET_NUMBER;FUELRDU;400000;MATCHED;0.00;0.00;NONE;1694ed17-6b09-5e84-8c5e-658804a805fa;3691.98;1.5967;5895.02;WITHIN;
66d2a6b2-c205-5f06-990d-264e1acfa79e;0fbf9d53-c3cb-50f7-b354-adde67f4312f;80;013573ad-8e1e-50ab-bfd5-140b70dbab8b;Jet A into-plane RDU B62384 24Sep N3121J;4500300573;00010;5690.000;LTR;1.2713;7233.70;U1;66.14;aa353883-0686-550e-a825-047a157bcbd6;97d255cd-69bd-5cb6-909c-6f71c3dc85d6;WFS-RDU-697027;078a125e-ca76-56ff-9cda-efacb85d0bc4;4500300573;5000300573;TICKET_NUMBER;FUELRDU;400000;MATCHED;0.00;0.00;NONE;34d180e1-7801-5a3f-9b56-e01de24440e4;4533.79;1.5955;7233.7;WITHIN;
a416cda2-6728-514a-bfa1-1b8ad151a1d3;0fbf9d53-c3cb-50f7-b354-adde67f4312f;90;013573ad-8e1e-50ab-bfd5-140b70dbab8b;Jet A into-plane RDU B61486 24Sep N3118J;4500300589;00010;3868.000;LTR;1.2713;4917.39;U1;44.96;33d7e190-a12d-535d-ac47-6780ebfb4834;15ac1dda-20fe-5fcd-be9e-4d938d3f6464;WFS-RDU-697028;77b077ad-408c-5b80-a7ba-ccd8b2f58138;4500300589;5000300589;TICKET_NUMBER;FUELRDU;400000;MATCHED;0.00;0.00;NONE;27abc3bc-644b-5190-9db3-9501b0e2a924;3086.28;1.5933;4917.39;WITHIN;
bfc82d27-191d-53dc-82fc-01528ff5cb1a;0fbf9d53-c3cb-50f7-b354-adde67f4312f;100;013573ad-8e1e-50ab-bfd5-140b70dbab8b;Jet A into-plane RDU B61484 25Sep N3142J;4500300753;00010;2825.000;LTR;1.2819;3621.37;U1;32.84;1c18c6a8-6ca2-5ef0-be0c-6ea8f3046c37;4f733020-072f-58a0-b9c4-51329bbdd3ff;WFS-RDU-697031;1f5b4f4e-f64b-5baa-986b-0f0e6a54a475;4500300753;5000300753;TICKET_NUMBER;FUELRDU;400000;MATCHED;0.00;0.00;NONE;c88f2a1c-03ad-5420-93d7-c68a7bf7814f;2271.3;1.5944;3621.37;WITHIN;
06fa1fb6-de41-5faa-971d-3967930ede64;0fbf9d53-c3cb-50f7-b354-adde67f4312f;110;013573ad-8e1e-50ab-bfd5-140b70dbab8b;Jet A into-plane RDU B62625 25Sep N746JB;4500300811;00010;5371.000;LTR;1.2819;6885.08;U1;62.43;aee09966-0902-58e8-b1c7-9527e7ce4965;fa12de7f-c893-5903-bd90-a4cc673b2db9;WFS-RDU-697033;70af0a3e-a6e6-55a8-ac44-dc2c02bf2e4f;4500300811;5000300811;TICKET_NUMBER;FUELRDU;400000;MATCHED;0.00;0.00;NONE;316f66b4-8937-535e-ba85-e8ced7ac58de;4332.25;1.5893;6885.08;WITHIN;
e742eaf6-f66e-562a-a0eb-a6fcb02cacc5;0fbf9d53-c3cb-50f7-b354-adde67f4312f;120;013573ad-8e1e-50ab-bfd5-140b70dbab8b;Jet A into-plane RDU B6286 25Sep N523JB;4500300815;00010;3510.000;LTR;1.2819;4499.47;U1;40.80;25726ad9-2b0f-506c-b9bb-9b7800d1c660;ec5db3b6-4be4-592f-8af8-715f973e9586;WFS-RDU-697035;fa5af217-fad2-5d48-a537-825a4671be41;4500300815;5000300815;TICKET_NUMBER;FUELRDU;400000;MATCHED;0.00;0.00;NONE;fc807b04-70e3-5e3e-b752-ef530279ae42;2825.2;1.5926;4499.47;WITHIN;
2afd7510-a097-5ea7-b650-db03f098b475;0fbf9d53-c3cb-50f7-b354-adde67f4312f;130;013573ad-8e1e-50ab-bfd5-140b70dbab8b;Jet A into-plane RDU B62084 25Sep N3322J;4500300959;00010;4144.000;LTR;1.2819;5312.19;U1;48.17;f71e5786-0a95-5540-92fa-51a2a117bd27;cc85b01a-b072-598b-9fb5-f24eaca74c82;WFS-RDU-697036;61f9ee9b-9a75-53ff-886f-f6c14e09f61f;4500300959;5000300959;TICKET_NUMBER;FUELRDU;400000;MATCHED;0.00;0.00;NONE;71121562-d196-5d47-bffa-a3106a39e541;3330.53;1.595;5312.19;WITHIN;
c993988b-5cbb-5fec-a2c5-6f733306dbe2;0fbf9d53-c3cb-50f7-b354-adde67f4312f;140;013573ad-8e1e-50ab-bfd5-140b70dbab8b;Jet A into-plane RDU B62184 25Sep N646JB;4500301004;00010;4601.000;LTR;1.2819;5898.02;U1;53.48;8269abcb-6c3f-565c-aff0-be3507c17a46;d998225b-c536-5fc4-aca3-1710170296be;WFS-RDU-697038;50dcef91-e871-5f96-b8d3-d2e95ebfd486;4500301004;5000301004;TICKET_NUMBER;FUELRDU;400000;MATCHED;0.00;0.00;NONE;570bce61-e455-57b4-ab4c-48117b1b1f98;3694.14;1.5966;5898.02;WITHIN;
402a4ab9-549d-5f50-b8ca-f8cf65a0dfa3;0fbf9d53-c3cb-50f7-b354-adde67f4312f;150;013573ad-8e1e-50ab-bfd5-140b70dbab8b;Jet A into-plane RDU B62925 25Sep N603JB;4500301030;00010;6311.000;LTR;1.2819;8090.07;U1;73.36;f0e1f8bf-7088-5958-ab99-5ce75e631e03;295bd4e6-7919-5672-b66f-6b0f9c16443b;WFS-RDU-697039;b8ad8fa0-0b55-58a0-a253-900be9b677a5;4500301030;5000301030;TICKET_NUMBER;FUELRDU;400000;MATCHED;0.00;0.00;NONE;db5f9294-6f9d-5241-a60f-221f503cafb2;5086.03;1.5906;8090.07;WITHIN;
b37a552f-d7e6-5778-83f5-6e1230aab24c;0fbf9d53-c3cb-50f7-b354-adde67f4312f;160;013573ad-8e1e-50ab-bfd5-140b70dbab8b;Jet A into-plane RDU B62786 25Sep N3275J;4500301050;00010;2995.000;LTR;1.2819;3839.29;U1;34.81;17935eac-a2f4-5a9b-a258-866244fb8773;39e05501-e346-5278-b4bd-05b5f62d14cc;WFS-RDU-697040;0835f6c5-5d8c-5938-86fe-1ada09db7dd0;4500301050;5000301050;TICKET_NUMBER;FUELRDU;400000;MATCHED;0.00;0.00;NONE;90dd6294-a406-5e07-a4e6-5c0fc497e1b8;2413.07;1.591;3839.29;WITHIN;
063b46e6-f91b-566d-a38e-5461ea849a8f;0fbf9d53-c3cb-50f7-b354-adde67f4312f;170;013573ad-8e1e-50ab-bfd5-140b70dbab8b;Jet A into-plane RDU B62384 25Sep N3322J;4500301165;00010;3248.000;LTR;1.2819;4163.61;U1;37.75;7a95f781-ba01-5580-a41d-fbedce24c308;9762c050-a972-5717-a8a2-5adad59d8010;WFS-RDU-697042;2be4ddca-b608-5f34-9082-cd188b92bc09;4500301165;5000301165;TICKET_NUMBER;FUELRDU;400000;MATCHED;0.00;0.00;NONE;ce6e4312-5b9c-534d-9ddd-f4262ff825fe;2608.14;1.5964;4163.61;WITHIN;
18601351-0b1b-53a9-9c08-93ab480163c3;0fbf9d53-c3cb-50f7-b354-adde67f4312f;180;013573ad-8e1e-50ab-bfd5-140b70dbab8b;Jet A into-plane RDU B61486 25Sep N3275J;4500301247;00010;4110.000;LTR;1.2819;5268.61;U1;47.77;ea36e6d2-7877-5fb2-b45f-39e8ddd6a662;80d0d32d-e756-5cee-b744-062d56bb2bad;WFS-RDU-697045;dc626e37-98d3-5f9a-9ed4-85010ec01283;4500301247;5000301247;TICKET_NUMBER;FUELRDU;400000;MATCHED;0.00;0.00;NONE;c46f5a02-43d4-59f0-aaa4-f40546eae1d8;3303.21;1.595;5268.61;WITHIN;
39f3112d-b649-5592-80a3-ac3da4bde357;0fbf9d53-c3cb-50f7-b354-adde67f4312f;190;013573ad-8e1e-50ab-bfd5-140b70dbab8b;Jet A into-plane RDU B61484 26Sep N3132J;4500301397;00010;4161.000;LTR;1.2898;5366.86;U1;48.37;d71ebded-ac49-549b-8d52-98defb9447b0;812fc75e-b057-5f3d-9932-45eb3c28e430;WFS-RDU-697047;7f80ea50-eaa7-530b-80fa-654e1c5010a3;4500301397;5000301397;TICKET_NUMBER;FUELRDU;400000;MATCHED;0.00;0.00;NONE;5ea306bd-f1f3-5198-b119-51baebaeb516;3362.92;1.5959;5366.86;WITHIN;
b3d55992-5574-5e78-a31f-c508828e9809;0fbf9d53-c3cb-50f7-b354-adde67f4312f;200;013573ad-8e1e-50ab-bfd5-140b70dbab8b;Jet A into-plane RDU B6286 26Sep N565JB;4500301452;00010;4380.000;LTR;1.2898;5649.32;U1;50.91;248768a7-de18-5383-975a-fcd3c2ab4203;0871dd2f-1f1b-520a-825a-5405e527475f;WFS-RDU-697049;1deb2369-33b9-55b8-9dcc-d9832492f00d;4500301452;5000301452;TICKET_NUMBER;FUELRDU;400000;MATCHED;0.00;0.00;NONE;0eeb6f26-408f-591b-bbe5-4d807783c130;3527.21;1.6016;5649.32;WITHIN;
5f8461c7-5616-5ff8-a335-3c2ba216c15e;0fbf9d53-c3cb-50f7-b354-adde67f4312f;210;013573ad-8e1e-50ab-bfd5-140b70dbab8b;Jet A into-plane RDU B62625 26Sep N805JB;4500301482;00010;5071.000;LTR;1.2898;6540.58;U1;58.95;1183b5b9-9c52-5306-a0e3-24090dcd8dd5;9278a883-a0dc-54e6-a0ee-3e55ab8a04fc;WFS-RDU-697051;d649be10-3983-5ddf-bb94-91c909bbcb95;4500301482;5000301482;TICKET_NUMBER;FUELRDU;400000;MATCHED;0.00;0.00;NONE;0b5551df-4d1b-5101-b6e8-c9d11f239352;4091.28;1.5987;6540.58;WITHIN;
79518838-427c-5485-aaf2-6e052dd29eb8;0fbf9d53-c3cb-50f7-b354-adde67f4312f;220;013573ad-8e1e-50ab-bfd5-140b70dbab8b;Jet A into-plane RDU B62084 26Sep N3271J;4500301579;00010;4615.000;LTR;1.2898;5952.43;U1;53.64;358d7b6a-eb7a-5a80-9ed9-813bf5219c95;6d140681-cf03-56b6-9339-cd8f49fed319;WFS-RDU-697053;2de9d87c-8de0-57ba-9145-3cf3dbb9e428;4500301579;5000301579;TICKET_NUMBER;FUELRDU;400000;MATCHED;0.00;0.00;NONE;7af3df95-632b-5c2e-9d30-d6198816b0a8;3732.61;1.5947;5952.43;WITHIN;
6ab42a1c-d271-51b0-8678-da5d7ffd1533;0fbf9d53-c3cb-50f7-b354-adde67f4312f;230;013573ad-8e1e-50ab-bfd5-140b70dbab8b;Jet A into-plane RDU B62925 26Sep N806JB;4500301640;00010;6020.000;LTR;1.2898;7764.60;U1;69.98;af26042b-97ed-50f9-9e05-b79507ec4434;473f8430-b786-5eea-a824-79e2c0863c20;WFS-RDU-697055;405bcd74-dee9-56bc-96dc-e56a931f0623;4500301640;5000301640;TICKET_NUMBER;FUELRDU;400000;MATCHED;0.00;0.00;NONE;55249669-4241-5fdd-ad72-ecb6b222093c;4869.58;1.5945;7764.6;WITHIN;
04a7d301-45fb-59f9-957c-f9966fe7ec96;0fbf9d53-c3cb-50f7-b354-adde67f4312f;240;013573ad-8e1e-50ab-bfd5-140b70dbab8b;Jet A into-plane RDU B62786 26Sep N3149J;4500301668;00010;3820.000;LTR;1.2898;4927.04;U1;44.40;feae449b-9e92-58b6-aa9d-30b51894fc50;5e5b78fa-09a3-534d-8918-8b4f9b477817;WFS-RDU-697058;ec033a39-f9c1-597b-8385-ecbc5ea290f3;4500301668;5000301668;TICKET_NUMBER;FUELRDU;400000;MATCHED;0.00;0.00;NONE;e3cd0959-00df-51a6-beab-0e0787e03fe3;3076.63;1.6014;4927.04;WITHIN;
02d16fcc-a5c6-5846-8fbd-e017f8e7cd6a;0fbf9d53-c3cb-50f7-b354-adde67f4312f;250;013573ad-8e1e-50ab-bfd5-140b70dbab8b;Jet A into-plane RDU B62184 26Sep N793JB;4500301726;00010;3939.000;LTR;1.2898;5080.52;U1;45.79;dab171a9-cbac-59e9-aafe-1d3f233bdca3;a29ce255-c4b8-51c3-9d3d-ff647e8642ba;WFS-RDU-697059;d4b08f1b-142c-57f6-aba7-6c91fc4c0c3e;4500301726;5000301726;TICKET_NUMBER;FUELRDU;400000;MATCHED;0.00;0.00;NONE;abb31484-6c79-58ac-ac30-44479337148c;3172.47;1.6014;5080.52;WITHIN;
00aee7c2-aa0c-5cf0-911e-c5a669a28e13;0fbf9d53-c3cb-50f7-b354-adde67f4312f;260;013573ad-8e1e-50ab-bfd5-140b70dbab8b;Jet A into-plane RDU B62384 26Sep N3271J;4500301755;00010;4981.000;LTR;1.2898;6424.49;U1;57.90;873463bb-6c6d-5586-9f82-fa015886c0d9;ec3274e9-33f2-5eae-90f8-2bac83e0c84f;WFS-RDU-697060;efa3af92-8d1d-5f41-a615-809a68125b03;4500301755;5000301755;TICKET_NUMBER;FUELRDU;400000;MATCHED;0.00;0.00;NONE;dd6a0918-40c9-5003-a904-a7ad0040c940;4011.2;1.6016;6424.49;WITHIN;
ff10f01c-22ce-57a1-8df2-afd5523280eb;b8f97d8e-5b19-5af5-b497-80fc08fc8b86;10;013573ad-8e1e-50ab-bfd5-140b70dbab8b;Jet A into-plane RIC B61145 24Sep N663JB;4500300184;00010;8223.000;LTR;1.3625;11203.84;U1;95.58;1213e169-fd04-5644-a696-ebb7e835af0e;f761ce3c-6dde-5213-96c6-fb7f72ed1472;BPA-RIC-112593;448e3b22-934c-5c67-84fb-83ea08124574;4500300184;5000300184;TICKET_NUMBER;FUELRIC;400000;MATCHED;0.00;0.00;NONE;2d42155e-e734-5f5b-9007-6349cbd098fb;6608.83;1.6953;11203.84;WITHIN;
5edbcce6-d2a1-5f58-b2d9-6371211f4caf;b8f97d8e-5b19-5af5-b497-80fc08fc8b86;20;013573ad-8e1e-50ab-bfd5-140b70dbab8b;Jet A into-plane RIC B61282 24Sep N595JB;4500300335;00010;3517.000;LTR;1.3625;4791.91;U1;40.88;f026290a-218a-524f-bfe2-c49422060c87;2ad76a74-a5c4-5c4c-beaa-503dbca40065;BPA-RIC-112595;2a7e61fc-89c1-594d-a999-8e2bf7c07e67;4500300335;5000300335;TICKET_NUMBER;FUELRIC;400000;MATCHED;0.00;0.00;NONE;79431d49-69ff-5a0b-8669-f669d4bfed43;2836.11;1.6896;4791.91;WITHIN;
b50bf43a-94a6-5639-b0c2-e537f3a05ffe;b8f97d8e-5b19-5af5-b497-80fc08fc8b86;30;013573ad-8e1e-50ab-bfd5-140b70dbab8b;Jet A into-plane RIC B6969 24Sep N608JB;4500300508;00010;5316.000;LTR;1.3625;7243.05;U1;61.79;955c8d95-da6f-5c15-ac1a-7816278535db;4d7546b9-64cc-5c71-85d7-204fd4cf5914;BPA-RIC-112598;0b570043-235c-5f2c-b1b4-bb1e9d409870;4500300508;5000300508;TICKET_NUMBER;FUELRIC;400000;MATCHED;0.00;0.00;NONE;5c4dc6a1-7320-58f4-8e4d-03dd4a0e7a6f;4285.76;1.69;7243.05;WITHIN;
3cd1a28b-f44d-5679-829c-48795eb8b083;b8f97d8e-5b19-5af5-b497-80fc08fc8b86;40;013573ad-8e1e-50ab-bfd5-140b70dbab8b;Jet A into-plane RIC B6782 24Sep N3229J;4500300579;00010;2763.000;LTR;1.3625;3764.59;U1;32.12;e66f7195-18d7-50b0-85af-2defb58b0dd7;a6fc692a-3e4b-5ac5-84ec-8b52dc0bf3a8;BPA-RIC-112599;f488374d-fd7e-5d8a-a00d-97f07eddd918;4500300579;5000300579;TICKET_NUMBER;FUELRIC;400000;MATCHED;0.00;0.00;NONE;2ed5e74c-3d71-5b77-9902-dcdb573b1a2f;2228.36;1.6894;3764.59;WITHIN;
8189b65f-976b-50d9-a77c-cd2186e8698d;b8f97d8e-5b19-5af5-b497-80fc08fc8b86;50;013573ad-8e1e-50ab-bfd5-140b70dbab8b;Jet A into-plane RIC B6382 25Sep N3194J;4500300768;00010;3058.000;LTR;1.3731;4198.94;U1;35.55;5857453b-511c-5a16-8880-e08b43117cf7;41aee783-03f2-5af1-ac4a-a1d1dd0d7e04;BPA-RIC-112602;6c6cc2fc-1f3a-5c2d-b501-6b09779bf8a3;4500300768;5000300768;TICKET_NUMBER;FUELRIC;400000;MATCHED;0.00;0.00;NONE;6db3b2a9-7eb2-5f28-b8ff-c1fb11de1685;2440.59;1.7205;4198.94;WITHIN;
7e634ce4-c75a-5db0-bab0-a07fa9e4775d;b8f97d8e-5b19-5af5-b497-80fc08fc8b86;60;013573ad-8e1e-50ab-bfd5-140b70dbab8b;Jet A into-plane RIC B61145 25Sep N519JB;4500300825;00010;7133.000;LTR;1.3731;9794.32;U1;82.91;9e2dd793-4843-5e1c-9801-1e4c1af45f66;f801f32d-20ed-57ab-9df0-6e07ee7b3fb9;BPA-RIC-112603;283fa9f5-7e9c-5dcd-a44b-4672712928dd;4500300825;5000300825;TICKET_NUMBER;FUELRIC;400000;MATCHED;0.00;0.00;NONE;d3a0183f-a360-5060-aad4-971f52d1ed40;5712.82;1.7144;9794.32;WITHIN;
be18e23d-1736-5d1e-9e9f-6d3dddd3c548;b8f97d8e-5b19-5af5-b497-80fc08fc8b86;70;013573ad-8e1e-50ab-bfd5-140b70dbab8b;Jet A into-plane RIC B61282 25Sep N3194J;4500300985;00010;3586.000;LTR;1.3731;4923.94;U1;41.68;2cf1bc0b-a5be-5865-bc62-63644d4d7d4a;524673f4-219c-5f1f-ac71-6c829d58c528;BPA-RIC-112605;4ef2d393-5f7e-5ea3-9764-276e457be6ae;4500300985;5000300985;TICKET_NUMBER;FUELRIC;400000;MATCHED;0.00;0.00;NONE;61c06c55-8692-5430-ab15-8a1892488293;2875.25;1.7125;4923.94;WITHIN;
dcea347b-a305-58e5-b45d-ef82bae265f9;b8f97d8e-5b19-5af5-b497-80fc08fc8b86;80;013573ad-8e1e-50ab-bfd5-140b70dbab8b;Jet A into-plane RIC B68384 25Sep N3240J;4500300997;00010;2760.000;LTR;1.3731;3789.76;U1;32.08;a0eccd97-e194-5ccc-9315-69d89a3488e9;7444e62c-39c7-5f5c-8db1-9b2c095121ff;BPA-RIC-112606;ede02a8c-3677-599d-ab56-8d6552699e72;4500300997;5000300997;TICKET_NUMBER;FUELRIC;400000;MATCHED;0.00;0.00;NONE;9c2cc897-6c8f-54a0-a0ca-cc9d5ceca7f8;2203.58;1.7198;3789.76;WITHIN;
67001067-1b4d-5e0a-ae4e-5b0fd3e307bb;b8f97d8e-5b19-5af5-b497-80fc08fc8b86;90;013573ad-8e1e-50ab-bfd5-140b70dbab8b;Jet A into-plane RIC B6782 25Sep N3077J;4500301155;00010;3412.000;LTR;1.3731;4685.02;U1;39.66;a158c25f-f944-5d34-b821-ce4fc64d997b;c5ff2d26-e4f4-55e6-baf8-d536df9499b4;BPA-RIC-112607;84bae799-4229-54b5-a48a-8f4326d3d78a;4500301155;5000301155;TICKET_NUMBER;FUELRIC;400000;MATCHED;0.00;0.00;NONE;009df469-7dd1-55b6-9d60-daefc87475f0;2729.26;1.7166;4685.02;WITHIN;
603ec172-71fd-5363-8066-c0052b92d133;b8f97d8e-5b19-5af5-b497-80fc08fc8b86;100;013573ad-8e1e-50ab-bfd5-140b70dbab8b;Jet A into-plane RIC B6969 25Sep N652JB;4500301266;00010;4678.000;LTR;1.3731;6423.36;U1;54.38;d938b95c-abfb-556c-9f21-50e874cb618a;0c104368-1030-5e77-86e9-7c77314af41f;BPA-RIC-112610;1d32eed6-784b-572f-8e2d-f4a691815c46;4500301266;5000301266;TICKET_NUMBER;FUELRIC;400000;MATCHED;0.00;0.00;NONE;281f3fb1-8c47-57e4-a4e0-a5cecc5968de;3733.51;1.7205;6423.36;WITHIN;
3ea3964f-f910-5783-b27a-a688beb25dbe;b8f97d8e-5b19-5af5-b497-80fc08fc8b86;110;013573ad-8e1e-50ab-bfd5-140b70dbab8b;Jet A into-plane RIC B68437 25Sep N536JB;4500301293;00010;5875.000;LTR;1.3731;8066.96;U1;68.29;437b6d7c-ba8b-5db9-bc41-a2c57b57fa56;05aec252-fd8a-5805-976c-88c05f4e2c1c;BPA-RIC-112612;de5c00a9-f604-5286-875f-ab6b27eac7ff;4500301293;5000301293;TICKET_NUMBER;FUELRIC;400000;MATCHED;0.00;0.00;NONE;d25fe643-8410-59c2-9bbe-de0a8e41904a;4686.49;1.7213;8066.96;WITHIN;
ef3e795d-7245-525a-b624-af0ea912a5a7;b8f97d8e-5b19-5af5-b497-80fc08fc8b86;120;013573ad-8e1e-50ab-bfd5-140b70dbab8b;Jet A into-plane RIC B6382 26Sep N3077J;4500301401;00010;3157.000;LTR;1.3810;4359.82;U1;36.70;44f670e7-116c-5c20-992c-d285119688da;a1b37a4d-5951-563a-9808-008fcc0d2a22;BPA-RIC-112615;3d519738-61c9-5746-8d70-3e73ff2b4d1d;4500301401;5000301401;TICKET_NUMBER;FUELRIC;400000;MATCHED;0.00;0.00;NONE;02ae4fa8-8283-5b13-986f-ddc654a1519d;2538.54;1.7175;4359.82;WITHIN;
ead25248-9995-5d52-b7fd-afd696a30e43;b8f97d8e-5b19-5af5-b497-80fc08fc8b86;130;013573ad-8e1e-50ab-bfd5-140b70dbab8b;Jet A into-plane RIC B61145 26Sep N563JB;4500301467;00010;5423.000;LTR;1.3810;7489.16;U1;63.04;1c3d0670-76e3-563a-b973-34237c2e9bf1;0a8ceceb-a554-53cd-b5b2-bbf0bae3d7d7;BPA-RIC-112618;5983ab3e-009c-50e2-b72a-7a6dc9009e82;4500301467;5000301467;TICKET_NUMBER;FUELRIC;400000;MATCHED;0.00;0.00;NONE;d96be843-eb59-5c49-b1d3-f5d0fca36452;4353.04;1.7204;7489.16;WITHIN;
96eb76c3-1642-5018-8752-6298f493e2fd;b8f97d8e-5b19-5af5-b497-80fc08fc8b86;140;013573ad-8e1e-50ab-bfd5-140b70dbab8b;Jet A into-plane RIC B61282 26Sep N3276J;4500301592;00010;3461.000;LTR;1.3810;4779.64;U1;40.23;d11cc08a-bbcc-588b-8cd3-b00fb00d18d2;ce67fe60-30ba-5b54-b4cb-c52c8ba2f32f;BPA-RIC-112621;d68ea37a-56fc-5dc8-9e8f-4879ba255970;4500301592;5000301592;TICKET_NUMBER;FUELRIC;400000;MATCHED;0.00;0.00;NONE;63929659-d8e6-594b-9455-a0be9dd4a19b;2774.34;1.7228;4779.64;WITHIN;
53b0bcea-671b-5dd9-a073-992143304c40;b8f97d8e-5b19-5af5-b497-80fc08fc8b86;150;013573ad-8e1e-50ab-bfd5-140b70dbab8b;Jet A into-plane RIC B6969 26Sep N612JB;4500301739;00010;6581.000;LTR;1.3810;9088.36;U1;76.50;60280615-839b-57fb-8d30-bd2501cdf592;0bc4617e-876e-5167-a924-a4c35ffbefa8;BPA-RIC-112624;193a8de3-30dc-5bdc-a9d5-9d074a592561;4500301739;5000301739;TICKET_NUMBER;FUELRIC;400000;MATCHED;0.00;0.00;NONE;6d38309b-0808-5085-94fd-6c7fbf29af52;5278.62;1.7217;9088.36;WITHIN;
7680a494-650b-5c72-ae52-014be13b026a;09593bf3-b758-5be4-b0b4-51c94f0641f5;10;013573ad-8e1e-50ab-bfd5-140b70dbab8b;Jet A into-plane ROC B61285 24Sep N571JB;4500300172;00010;2228.000;LTR;1.3300;2963.24;U1;25.90;3eaab0ac-b3f6-5063-9be2-19195a89f7d2;4410132c-6a14-569b-9aaf-b38283cbc3f8;WFS-ROC-474926;7a38ca6e-b360-5740-8e95-1986e61fb646;4500300172;5000300172;TICKET_NUMBER;FUELROC;400000;MATCHED;0.00;0.00;NONE;4db0834c-d589-5442-b62b-d5a2afb38529;1791.31;1.6542;2963.24;WITHIN;
530d693b-d213-5811-9a0f-61830594cb0f;09593bf3-b758-5be4-b0b4-51c94f0641f5;20;013573ad-8e1e-50ab-bfd5-140b70dbab8b;Jet A into-plane ROC B61043 24Sep N505JB;4500300379;00010;6495.000;LTR;1.3300;8638.35;U1;75.50;08f7174b-80ce-58ad-beb5-6ce89438ec6c;169096a3-4fa2-5be8-b856-0728b13c7f64;WFS-ROC-474929;2a42a3ec-a6b5-570a-8206-57811abb5238;4500300379;5000300379;TICKET_NUMBER;FUELROC;400000;MATCHED;0.00;0.00;NONE;0ebb27be-4857-5cb1-8b4c-74eee44c7a0a;5238.22;1.6491;8638.35;WITHIN;
1db85563-5375-5ac7-9be9-3c9e3aa9d6ef;09593bf3-b758-5be4-b0b4-51c94f0641f5;30;013573ad-8e1e-50ab-bfd5-140b70dbab8b;Jet A into-plane ROC B61285 25Sep N618JB;4500300799;00010;2606.000;LTR;1.3406;3493.60;U1;30.29;d5586e3f-2a69-5547-9470-2062e6e37317;312cc7b9-ed18-5bca-b3aa-a14084c451b1;WFS-ROC-474932;7abf4747-34d3-5df5-8269-902e5d1d91d2;4500300799;5000300799;TICKET_NUMBER;FUELROC;400000;MATCHED;0.00;0.00;NONE;5d92ec66-fd57-5415-a232-0e3a5451c946;2107.73;1.6575;3493.6;WITHIN;
963398f6-2977-557e-8117-6fc89330f682;09593bf3-b758-5be4-b0b4-51c94f0641f5;40;013573ad-8e1e-50ab-bfd5-140b70dbab8b;Jet A into-plane ROC B61043 25Sep N580JB;4500301029;00010;6582.000;LTR;1.3406;8823.83;U1;76.51;5d1f9f9f-b321-56ca-91ce-5078c817a59b;8d2c6a23-a3ba-5d7c-ab1f-d2c8a3c7a7ea;WFS-ROC-474934;b2ddabfe-b145-5f14-a0b3-4a7638a82ab6;4500301029;5000301029;TICKET_NUMBER;FUELROC;400000;MATCHED;0.00;0.00;NONE;36d2053f-9119-5fb1-924a-5caa38fcdbb8;5323.52;1.6575;8823.83;WITHIN;
f5166109-a489-5c29-9e6f-c48c28b8946c;09593bf3-b758-5be4-b0b4-51c94f0641f5;50;013573ad-8e1e-50ab-bfd5-140b70dbab8b;Jet A into-plane ROC B61285 26Sep N585JB;4500301446;00010;3612.000;LTR;1.3485;4870.78;U1;41.99;7d66a019-d617-51f7-b97d-ee42c1a721eb;67fd2f49-17aa-5ca1-ae64-4e5c9b790715;WFS-ROC-474937;ffe2dc8c-3922-5b7b-ad90-fa5e73a73832;4500301446;5000301446;TICKET_NUMBER;FUELROC;400000;MATCHED;0.00;0.00;NONE;002a53a1-22ec-5736-b0b0-49fffbd1a7a0;2912.72;1.6722;4870.78;WITHIN;
c60556c1-ad0a-55ff-9e5b-d8dec403dc67;09593bf3-b758-5be4-b0b4-51c94f0641f5;60;013573ad-8e1e-50ab-bfd5-140b70dbab8b;Jet A into-plane ROC B61043 26Sep N652JB;4500301649;00010;6849.000;LTR;1.3485;9235.88;U1;79.61;9a3ff256-cfee-50d0-9d81-47df949bc655;ee00d655-0e94-5ea6-811e-e13ff18620df;WFS-ROC-474940;20e3289d-0dfe-5ef9-8665-7575c3a6a9d0;4500301649;5000301649;TICKET_NUMBER;FUELROC;400000;MATCHED;0.00;0.00;NONE;4b78471b-77ab-55bc-9f0f-0bae7a6ba2c8;5505.23;1.6777;9235.88;WITHIN;
4be80a19-23ac-55e2-b7a6-10269908e4a7;2cd65a6a-01dd-5375-b7a5-839533071e4a;10;013573ad-8e1e-50ab-bfd5-140b70dbab8b;Jet A into-plane RSW B61552 24Sep N804JB;4500300310;00010;7327.000;LTR;1.2726;9324.34;U1;85.17;84cf7712-8c48-5f5f-909c-bef9e26deb5e;42ea8d49-22e1-50f5-947a-e3250695997b;AVF-RSW-496408;283b1682-29f8-5943-b911-790859c708e5;4500300310;5000300310;TICKET_NUMBER;FUELRSW;400000;MATCHED;0.00;0.00;NONE;1a6b7d87-4ebf-5c8c-8d22-1e946ffabebc;5882.85;1.585;9324.34;WITHIN;
82672274-f9f4-5fca-8655-097bdb58db0e;2cd65a6a-01dd-5375-b7a5-839533071e4a;20;013573ad-8e1e-50ab-bfd5-140b70dbab8b;Jet A into-plane RSW B6266 24Sep N949JT;4500300350;00010;10788.000;LTR;1.2726;13728.81;U1;125.40;67c6d4a9-177d-5bf3-8e3c-12f2670595ae;428a70d5-939e-567d-b4c0-cb975ae0ae14;AVF-RSW-496409;eedbd7a5-69aa-557b-8c0b-e2fca4f6f4ce;4500300350;5000300350;TICKET_NUMBER;FUELRSW;400000;MATCHED;0.00;0.00;NONE;3c535fec-92e3-54a7-a7cc-18b55a0de98f;8646.58;1.5878;13728.81;WITHIN;
b81f1020-97f5-539d-abde-a6c26626eda5;2cd65a6a-01dd-5375-b7a5-839533071e4a;30;013573ad-8e1e-50ab-bfd5-140b70dbab8b;Jet A into-plane RSW B61950 24Sep N637JB;4500300435;00010;9202.000;LTR;1.2726;11710.47;U1;106.96;86d32aaa-b777-5b94-80a3-a9e6839eb796;39acc967-d638-5601-a32b-d6892b882dfc;AVF-RSW-496412;7fe7fbf6-d31e-5145-b37c-3c7169aea8ec;4500300435;5000300435;TICKET_NUMBER;FUELRSW;400000;MATCHED;0.00;0.00;NONE;763bf847-af4d-58e6-8941-807daa006a46;7393.81;1.5838;11710.47;WITHIN;
c251756b-eee5-5c9f-8577-4c8dc355d198;2cd65a6a-01dd-5375-b7a5-839533071e4a;40;013573ad-8e1e-50ab-bfd5-140b70dbab8b;Jet A into-plane RSW B61530 24Sep N523JB;4500300498;00010;7272.000;LTR;1.2726;9254.35;U1;84.53;7ad30303-2302-5ec7-8989-3d3f13841064;1d967220-ba7a-503f-9749-0a613d72ee0c;AVF-RSW-496415;877d0718-a524-541a-bfed-10c3713ad56f;4500300498;5000300498;TICKET_NUMBER;FUELRSW;400000;MATCHED;0.00;0.00;NONE;07875fe2-681f-5be3-b810-8600f8e51f39;5827.05;1.5882;9254.35;WITHIN;
e9064bef-87d8-5f36-80c6-c9de37840a4d;2cd65a6a-01dd-5375-b7a5-839533071e4a;50;013573ad-8e1e-50ab-bfd5-140b70dbab8b;Jet A into-plane RSW B61252 24Sep N571JB;4500300505;00010;8223.000;LTR;1.2726;10464.59;U1;95.58;360e052d-b881-5323-bdc1-33f7338a4be2;99479998-93c4-5b11-9edb-403ff5df2f79;AVF-RSW-496418;ff37b71a-5d38-55e7-b67c-b24046c669e8;4500300505;5000300505;TICKET_NUMBER;FUELRSW;400000;MATCHED;0.00;0.00;NONE;ccec98e1-0ac4-52f7-bc0b-e84f7258224d;6618.69;1.5811;10464.59;WITHIN;
13e77f89-1cb4-5f9e-aed5-98fd811169b9;2cd65a6a-01dd-5375-b7a5-839533071e4a;60;013573ad-8e1e-50ab-bfd5-140b70dbab8b;Jet A into-plane RSW B62066 24Sep N3296J;4500300699;00010;7409.000;LTR;1.2726;9428.69;U1;86.12;57b7de3e-de30-5d00-972a-91f092981110;197413df-bbd8-5f56-afb4-3547d9dba402;AVF-RSW-496420;87491c1a-df88-570b-91b6-6330a5655ba1;4500300699;5000300699;TICKET_NUMBER;FUELRSW;400000;MATCHED;0.00;0.00;NONE;e0db9862-2056-5325-898f-a2160008d12c;5947.95;1.5852;9428.69;WITHIN;
73bd0b6d-8676-57e6-ae5a-20016846882c;2cd65a6a-01dd-5375-b7a5-839533071e4a;70;013573ad-8e1e-50ab-bfd5-140b70dbab8b;Jet A into-plane RSW B61552 25Sep N527JL;4500300950;00010;7010.000;LTR;1.2831;8994.53;U1;81.48;e9d1e181-20b8-5867-99de-59a41ce2a63e;b071703c-e6c7-56f2-9342-6c7ce8128370;AVF-RSW-496421;090324e1-406a-5820-b9e4-858bf43168d8;4500300950;5000300950;TICKET_NUMBER;FUELRSW;400000;MATCHED;0.00;0.00;NONE;e9f68597-eafc-51a4-aaa5-21c016ce2982;5579.96;1.6119;8994.53;WITHIN;
bdb92a26-badb-5187-9391-e2f56affa000;2cd65a6a-01dd-5375-b7a5-839533071e4a;80;013573ad-8e1e-50ab-bfd5-140b70dbab8b;Jet A into-plane RSW B6266 25Sep N971JT;4500300962;00010;9777.000;LTR;1.2831;12544.87;U1;113.65;afa20f42-d1fc-577b-843a-0adc81d90772;b88d5271-9b34-563f-adf0-990d6750ab7c;AVF-RSW-496422;5efd2caa-9862-5f35-94f9-afa7337482bb;4500300962;5000300962;TICKET_NUMBER;FUELRSW;400000;MATCHED;0.00;0.00;NONE;2f9b7a93-e509-5707-87a8-0346eb1785a8;7794.22;1.6095;12544.87;WITHIN;
68f40479-5e88-5f98-a342-94c4c07469f6;2cd65a6a-01dd-5375-b7a5-839533071e4a;90;013573ad-8e1e-50ab-bfd5-140b70dbab8b;Jet A into-plane RSW B61252 25Sep N568JB;4500301160;00010;7816.000;LTR;1.2831;10028.71;U1;90.85;30d44494-26a2-5c08-a8da-9253bd0f8d1c;d2b5ec8c-6ad5-58f8-97ed-ea92e5cd79b8;AVF-RSW-496425;70f60e27-5e0c-5623-bd6e-84a9ad0b0863;4500301160;5000301160;TICKET_NUMBER;FUELRSW;400000;MATCHED;0.00;0.00;NONE;cdbebe9d-7591-52b4-af09-d15f5c630bea;6215.28;1.6136;10028.71;WITHIN;
9d0853ef-8580-5b74-a1c5-9dfd4a0661c2;2cd65a6a-01dd-5375-b7a5-839533071e4a;100;013573ad-8e1e-50ab-bfd5-140b70dbab8b;Jet A into-plane RSW B61530 25Sep N565JB;4500301189;00010;8430.000;LTR;1.2831;10816.53;U1;97.99;a7c763d7-2c59-5e9f-92fb-3aabd9943320;bde0928a-42ec-5a12-a151-cdab3ccc26fa;AVF-RSW-496426;c46312c7-e695-53ca-8057-603f58f6c369;4500301189;5000301189;TICKET_NUMBER;FUELRSW;400000;MATCHED;0.00;0.00;NONE;7c039b53-68d7-5684-a3f0-9dc959124392;6735.57;1.6059;10816.53;WITHIN;
75f11c54-670a-5aff-b3e5-729429ca1cf0;2cd65a6a-01dd-5375-b7a5-839533071e4a;110;013573ad-8e1e-50ab-bfd5-140b70dbab8b;Jet A into-plane RSW B62066 25Sep N3269J;4500301262;00010;6376.000;LTR;1.2831;8181.05;U1;74.11;13d7f5f3-828c-5e7d-99a5-c398e3fddc7a;e33067f8-db16-54c5-ac57-bdffca662553;AVF-RSW-496427;b27a3b1d-f4c0-5c26-997d-090f3297b4ff;4500301262;5000301262;TICKET_NUMBER;FUELRSW;400000;MATCHED;0.00;0.00;NONE;fc915268-c628-55b2-972e-94959d467f1e;5084.22;1.6091;8181.05;WITHIN;
fab9b1e9-4dd9-56e4-936b-347df7bcbc1a;2cd65a6a-01dd-5375-b7a5-839533071e4a;120;013573ad-8e1e-50ab-bfd5-140b70dbab8b;Jet A into-plane RSW B61552 26Sep N592JB;4500301568;00010;7263.000;LTR;1.2911;9377.26;U1;84.43;3d640e3a-1699-5455-96b9-96bc6466bbed;b32a48ca-e2fa-522a-8c48-a1c473be2f51;AVF-RSW-496430;daccdce5-e393-50e8-9b47-a1beef9655f9;4500301568;5000301568;TICKET_NUMBER;FUELRSW;400000;MATCHED;0.00;0.00;NONE;08a721ae-1f33-5663-abf0-fca8e317c3ac;5780.62;1.6222;9377.26;WITHIN;
c7293674-81b0-59e6-b3c7-b2c0f6183dfe;2cd65a6a-01dd-5375-b7a5-839533071e4a;130;013573ad-8e1e-50ab-bfd5-140b70dbab8b;Jet A into-plane RSW B61530 26Sep N591JB;4500301744;00010;7991.000;LTR;1.2911;10317.18;U1;92.89;b937ae4e-6274-5076-8f8f-60a4d0e78017;c28edcd0-440c-53a9-9b0c-94a04c49238c;AVF-RSW-496432;fa238422-5286-5a12-aae0-4b69eb89b65f;4500301744;5000301744;TICKET_NUMBER;FUELRSW;400000;MATCHED;0.00;0.00;NONE;b8f9460d-ac03-51c7-b216-7ed39812b494;6349.65;1.6248;10317.18;WITHIN;
875bfddc-d9e6-504e-b24b-1be0aedbd4f1;a9e4104b-d7c5-52c6-8feb-83f1bcf17815;10;013573ad-8e1e-50ab-bfd5-140b70dbab8b;Jet A into-plane SAN B62120 23Sep N986JB;4500300074;00010;18370.000;LTR;1.2917;23728.53;U1;213.53;8e71b839-9a7f-56e1-a884-a254e0914c1c;92f4ba94-0ffd-55b6-a81d-d0c2f854ac4f;CGA-SAN-368864;dbd90f2e-bce3-58bf-8ef5-7019748e2622;4500300074;5000300074;TICKET_NUMBER;FUELSAN;400000;MATCHED;0.00;0.00;NONE;d5afdb77-cb7f-54b0-9673-7c4f3cf21e63;14758.46;1.6078;23728.53;WITHIN;
8f20388b-d818-533a-82f0-473cbb466aa5;a9e4104b-d7c5-52c6-8feb-83f1bcf17815;20;013573ad-8e1e-50ab-bfd5-140b70dbab8b;Jet A into-plane SAN B61190 23Sep N984JB;4500300080;00010;16533.000;LTR;1.2917;21355.68;U1;192.18;fd507c2b-c5b9-56fd-bc9e-b5b8ddc28518;7d9537b7-a67e-54d5-9231-4d4cc8d4aa22;CGA-SAN-368866;94a3d2ac-83df-52d0-897d-337a62773de8;4500300080;5000300080;TICKET_NUMBER;FUELSAN;400000;MATCHED;0.00;0.00;NONE;b2547d77-9e8c-5ad6-9ff4-a2dd60be89cf;13322.29;1.603;21355.68;WITHIN;
b5afbc6d-9bc6-5883-847f-b8aa578cb9bd;a9e4104b-d7c5-52c6-8feb-83f1bcf17815;30;013573ad-8e1e-50ab-bfd5-140b70dbab8b;Jet A into-plane SAN B6190 24Sep N967JT;4500300386;00010;18387.000;LTR;1.2997;23897.58;U1;213.73;66b87e61-446a-5c14-a2ca-7a2c4c4fccbc;52813c61-8991-5411-902c-9e897fa25757;CGA-SAN-368867;63ecce9b-a341-5bca-bf76-e2888f34e0c4;4500300386;5000300386;TICKET_NUMBER;FUELSAN;400000;MATCHED;0.00;0.00;NONE;cbe19568-4a48-533d-a8ec-32193473a7af;14753.73;1.6198;23897.58;WITHIN;
8d3585e3-4fcd-5c8c-ac53-fd9401e899b3;a9e4104b-d7c5-52c6-8feb-83f1bcf17815;40;013573ad-8e1e-50ab-bfd5-140b70dbab8b;Jet A into-plane SAN B6220 24Sep N2205J;4500300551;00010;14645.000;LTR;1.2997;19034.11;U1;170.23;cc04b3ae-4238-5665-9e05-4d80d0dc89e4;42554c99-93e7-5f7b-a407-4aa9d8474899;CGA-SAN-368870;5cc45c65-6bda-50bd-92e9-4bde0e7fcd73;4500300551;5000300551;TICKET_NUMBER;FUELSAN;400000;MATCHED;0.00;0.00;NONE;ea08d164-29da-5177-b4c1-f34e55180f8b;11805.33;1.6123;19034.11;WITHIN;
97776c3e-eb24-5bd4-a577-480caaf9dc3a;a9e4104b-d7c5-52c6-8feb-83f1bcf17815;50;013573ad-8e1e-50ab-bfd5-140b70dbab8b;Jet A into-plane SAN B62120 24Sep N595JB;4500300720;00010;4407.000;LTR;1.2997;5727.78;U1;51.23;e528200b-70b5-5ec0-801b-d7f638ab0af8;8b0dfefa-79f2-5dff-8b16-9fb68911dbb0;CGA-SAN-368873;d99eb8a4-41da-5bc5-b82e-31cf11656a88;4500300720;5000300720;TICKET_NUMBER;FUELSAN;400000;MATCHED;0.00;0.00;NONE;e4f9febb-b53a-5359-9567-9c50c0293372;3548.08;1.6143;5727.78;WITHIN;
8fa9572e-3e86-5406-8bdf-19712db1b64e;a9e4104b-d7c5-52c6-8feb-83f1bcf17815;60;013573ad-8e1e-50ab-bfd5-140b70dbab8b;Jet A into-plane SAN B61190 24Sep N992JB;4500300724;00010;17205.000;LTR;1.2997;22361.34;U1;199.99;8f86c1f1-9ad4-5454-b6dc-bf84e9e669fe;d82bed10-e041-57bb-a8bd-c8e315793722;CGA-SAN-368876;8fa6b242-5324-51d3-b9ee-927fe837c07f;4500300724;5000300724;TICKET_NUMBER;FUELSAN;400000;MATCHED;0.00;0.00;NONE;e67b0225-49c2-598b-b595-291b623eae88;13819.06;1.6182;22361.34;WITHIN;
82f18c92-c133-52c5-b37f-ba19888dcbe5;a9e4104b-d7c5-52c6-8feb-83f1bcf17815;70;013573ad-8e1e-50ab-bfd5-140b70dbab8b;Jet A into-plane SAN B6190 25Sep N981JT;4500301048;00010;17300.000;LTR;1.3102;22666.46;U1;201.10;a4a89953-84cb-526a-88f5-26b6688bb892;713d0f36-bf3a-5907-a894-e7402828f374;CGA-SAN-368879;0441f06b-db83-52ee-b2b3-64d464e27f26;4500301048;5000301048;TICKET_NUMBER;FUELSAN;400000;MATCHED;0.00;0.00;NONE;e2cd2791-61d1-5f82-8aba-2dea8689655a;13878.06;1.6333;22666.46;WITHIN;
850d1ee9-c473-59bc-968a-1f56a6854080;a9e4104b-d7c5-52c6-8feb-83f1bcf17815;80;013573ad-8e1e-50ab-bfd5-140b70dbab8b;Jet A into-plane SAN B6220 25Sep N2193J;4500301190;00010;15022.000;LTR;1.3102;19681.82;U1;174.62;783506e8-c5e7-5328-8f94-687dc4c014fd;a12dc08e-0906-5646-a9e1-92d80cfea7d4;CGA-SAN-368880;01bd92a0-b7b8-5d79-8549-6868841ef441;4500301190;5000301190;TICKET_NUMBER;FUELSAN;400000;MATCHED;0.00;0.00;NONE;bdca1331-0973-57db-8c7f-3b33b06aada1;12020.6;1.6373;19681.82;WITHIN;
a2c9bd25-4731-5e52-9716-4598e810678b;a9e4104b-d7c5-52c6-8feb-83f1bcf17815;90;013573ad-8e1e-50ab-bfd5-140b70dbab8b;Jet A into-plane SAN B62120 25Sep N942JB;4500301345;00010;18273.000;LTR;1.3102;23941.28;U1;212.41;fdb4f6e3-f3b2-5c89-a986-f401ae788b8f;6ef8cddf-b0be-5cf7-a8ef-99a6b3883fe1;CGA-SAN-368881;796e4ef0-4a34-5d30-93cb-a3ad89b65b38;4500301345;5000301345;TICKET_NUMBER;FUELSAN;400000;MATCHED;0.00;0.00;NONE;c714a50d-88ed-5796-819d-468f9792e160;14680.53;1.6308;23941.28;WITHIN;
1350af51-6082-585f-9fc4-bef2c48019dd;a9e4104b-d7c5-52c6-8feb-83f1bcf17815;100;013573ad-8e1e-50ab-bfd5-140b70dbab8b;Jet A into-plane SAN B61190 25Sep N993JE;4500301365;00010;18307.000;LTR;1.3102;23985.83;U1;212.80;edd38e4d-2052-5745-a927-75514f25c0e7;f3ac0d7d-2335-5216-84e4-d4299c3168a8;CGA-SAN-368883;0b8f26fa-2aec-5be2-bd23-70c7a076b804;4500301365;5000301365;TICKET_NUMBER;FUELSAN;400000;MATCHED;0.00;0.00;NONE;38ca18ab-6bd2-5eb9-88a8-0ad9e31b5b6f;14647.43;1.6375;23985.83;WITHIN;
3e23b853-6665-59bc-8f62-5b505794f15a;a9e4104b-d7c5-52c6-8feb-83f1bcf17815;110;013573ad-8e1e-50ab-bfd5-140b70dbab8b;Jet A into-plane SAN B6190 26Sep N947JB;4500301647;00010;18472.000;LTR;1.3181;24347.94;U1;214.72;62063cde-5426-50d9-b428-9abc01dce7b2;05babb86-bd69-52e9-b5bc-edfbddf7713a;CGA-SAN-368884;a7b14ba7-f520-5945-91f2-21d5a8fa3e84;4500301647;5000301647;TICKET_NUMBER;FUELSAN;400000;MATCHED;0.00;0.00;NONE;bfad5f4b-f101-53f5-b6e1-88a36a3622b8;14683.39;1.6582;24347.94;WITHIN;
dc071d75-dbb5-581f-b916-951db4887f9c;013d185c-b91e-58a4-8fa1-dae8e4f1fef6;10;013573ad-8e1e-50ab-bfd5-140b70dbab8b;Jet A into-plane SAV B6342 24Sep N591JB;4500300404;00010;4136.000;LTR;1.2473;5158.83;U1;48.08;26a1a6c3-89dd-5882-8f21-c833a53735fc;70cdc78b-6beb-5ece-ad9b-84ddb86d7d2b;AVF-SAV-611648;37a898ca-7cdc-5073-b4c6-0dff28c1a214;4500300404;5000300404;TICKET_NUMBER;FUELSAV;400000;MATCHED;0.00;0.00;NONE;85abc5cf-ee7a-5c78-9969-2b5ac26f7976;3288.53;1.5687;5158.83;WITHIN;
7c8ccfe5-f679-5dc6-bb27-19145dea9fe5;013d185c-b91e-58a4-8fa1-dae8e4f1fef6;20;013573ad-8e1e-50ab-bfd5-140b70dbab8b;Jet A into-plane SAV B6150 24Sep N3269J;4500300570;00010;4593.000;LTR;1.2473;5728.85;U1;53.39;03bb759a-75cd-5a45-b5f6-36f02b7e3fae;7bcf221e-2265-59a0-bd53-af828088d94c;AVF-SAV-611651;45a9b39b-7346-5295-b4f4-5d34b6514159;4500300570;5000300570;TICKET_NUMBER;FUELSAV;400000;MATCHED;0.00;0.00;NONE;19b258ae-1ed5-5c4b-b3a5-13775d1d9d0a;3639.49;1.5741;5728.85;WITHIN;
c008943f-7799-5755-ac33-822201bb9caf;013d185c-b91e-58a4-8fa1-dae8e4f1fef6;30;013573ad-8e1e-50ab-bfd5-140b70dbab8b;Jet A into-plane SAV B6342 25Sep N3276J;4500301061;00010;3552.000;LTR;1.2579;4468.06;U1;41.29;1aa949fc-b1b9-5423-bfe5-bf220dd3d9a5;b100c338-90d6-52cf-b4c2-5941054190b2;AVF-SAV-611654;f11b9e96-f740-572a-9476-8b1f7df22497;4500301061;5000301061;TICKET_NUMBER;FUELSAV;400000;MATCHED;0.00;0.00;NONE;d4deb16a-e3e6-5f53-8676-071ca502ab9e;2820.29;1.5843;4468.06;WITHIN;
48e20aa9-a43b-5e39-92cf-942d39cdf306;013d185c-b91e-58a4-8fa1-dae8e4f1fef6;40;013573ad-8e1e-50ab-bfd5-140b70dbab8b;Jet A into-plane SAV B6150 25Sep N3310J;4500301133;00010;5376.000;LTR;1.2579;6762.47;U1;62.49;b3cfb87e-1756-59c7-b5a0-c67a95968eeb;aaf78df7-97b5-5e14-be70-02c13f8ab29d;AVF-SAV-611657;85a9509e-0676-5b64-9343-d33e67790deb;4500301133;5000301133;TICKET_NUMBER;FUELSAV;400000;MATCHED;0.00;0.00;NONE;045957d8-cacc-5126-9081-f1365db4c72d;4261.56;1.5869;6762.47;WITHIN;
81f8ef76-adcf-545f-8465-692c44ccb884;013d185c-b91e-58a4-8fa1-dae8e4f1fef6;50;013573ad-8e1e-50ab-bfd5-140b70dbab8b;Jet A into-plane SAV B6342 26Sep N552JB;4500301666;00010;4186.000;LTR;1.2658;5298.64;U1;48.66;fe2a24be-168d-554f-b5ab-a6d82e95466d;0a1ebb3e-151e-5691-9088-4439eb2b531a;AVF-SAV-611658;fbec71e2-034d-556b-bac1-56af0f3131dc;4500301666;5000301666;TICKET_NUMBER;FUELSAV;400000;MATCHED;0.00;0.00;NONE;83c5fcfd-9382-5eb2-be8e-0b4c7a31fa23;3386.06;1.5648;5298.64;WITHIN;
09038dd2-6bc9-5c83-8c40-518c1e5d55fe;013d185c-b91e-58a4-8fa1-dae8e4f1fef6;60;013573ad-8e1e-50ab-bfd5-140b70dbab8b;Jet A into-plane SAV B6150 26Sep N3115J;4500301710;00010;5146.000;LTR;1.2658;6513.81;U1;59.82;a0671902-47f6-51d1-94fe-69e5abf3c534;d94750b5-918b-5927-8e47-0d846c2c95ff;AVF-SAV-611659;558fd46b-c2b8-5b08-a204-cd2f13c55cb2;4500301710;5000301710;TICKET_NUMBER;FUELSAV;400000;MATCHED;0.00;0.00;NONE;b5f6ec76-c1c1-50c9-9cea-1512d8cbecdc;4155.39;1.5676;6513.81;WITHIN;
c1dd5fd2-a86e-57d9-839a-138615ab085a;099eed93-c73f-51b0-b345-59c96c4fd558;10;013573ad-8e1e-50ab-bfd5-140b70dbab8b;Jet A into-plane SDF B68778 26Sep N958JB;4500301754;00010;1710.000;LTR;1.2985;2220.43;U1;19.88;775029d2-db8a-5929-9ebb-fb26ea2bfd9b;dda1a912-0406-5192-af45-9f4160cc6c02;AVF-SDF-756424;4308f01e-f4f1-5569-9a09-fb9aef06aa59;4500301754;5000301754;TICKET_NUMBER;FUELSDF;400000;MATCHED;0.00;0.00;NONE;5953dfe1-b41c-55ae-8078-fc4ecafdea1e;1377.06;1.6124;2220.43;WITHIN;
f105e7d3-fd38-5c4f-8d2f-cddbba5db6fd;f691ed3c-e670-56b4-a7f3-cf0563eff5d0;10;013573ad-8e1e-50ab-bfd5-140b70dbab8b;Jet A into-plane SEA B6264 23Sep N618JB;4500300089;00010;13276.000;LTR;1.3053;17329.16;U1;154.32;0f139977-5076-5cf1-9400-652265c27e90;6f1a18d6-e117-567c-98b0-e5f16a26315c;CGA-SEA-788537;279c2b69-9ecc-51f6-a511-ade6a588b593;4500300089;5000300089;TICKET_NUMBER;FUELSEA;400000;MATCHED;0.00;0.00;NONE;1c3601d8-7955-540c-8234-084830dc0812;10790.73;1.6059;17329.16;WITHIN;
670e926c-ea80-57f0-b000-99cc728a86b8;f691ed3c-e670-56b4-a7f3-cf0563eff5d0;20;013573ad-8e1e-50ab-bfd5-140b70dbab8b;Jet A into-plane SEA B6398 23Sep N971JT;4500300098;00010;15720.000;LTR;1.3053;20519.32;U1;182.73;6fc40412-14f4-586c-a2d4-c3f6a6c89730;4877c88a-0c41-5a4e-8d04-ac2513bb024b;CGA-SEA-788539;05da6dc2-2eaf-5bdf-adbe-d6d3663b1c85;4500300098;5000300098;TICKET_NUMBER;FUELSEA;400000;MATCHED;0.00;0.00;NONE;55f39ebd-cbeb-5ff4-a094-c1ae4d038e45;12739.49;1.6107;20519.32;WITHIN;
d278c942-de17-5b42-baa5-9cab40b8c221;f691ed3c-e670-56b4-a7f3-cf0563eff5d0;30;013573ad-8e1e-50ab-bfd5-140b70dbab8b;Jet A into-plane SEA B6264 24Sep N591JB;4500300725;00010;14555.000;LTR;1.3132;19113.63;U1;169.19;1f80ca1f-9224-5819-ac6b-1c8d495467db;db966e25-f96f-5bd4-92cd-c543301669a4;CGA-SEA-788542;6fceb6ce-ff35-54ae-9bf5-cf64f68b8dc1;4500300725;5000300725;TICKET_NUMBER;FUELSEA;400000;MATCHED;0.00;0.00;NONE;33bfdf67-5d5c-5e05-b42f-3fcb1888cce2;11606.16;1.6469;19113.63;WITHIN;
eb82cd01-0782-5148-95c5-24f13ecac5df;f691ed3c-e670-56b4-a7f3-cf0563eff5d0;40;013573ad-8e1e-50ab-bfd5-140b70dbab8b;Jet A into-plane SEA B6398 24Sep N998JE;4500300738;00010;17703.000;LTR;1.3132;23247.58;U1;205.78;811141c8-28e6-5d84-83df-e5eaf6b4ad12;f25c9734-263e-5520-a760-cb57c893a19e;CGA-SEA-788545;d48db941-2be6-5836-8516-1bdc7f83d2e0;4500300738;5000300738;TICKET_NUMBER;FUELSEA;400000;MATCHED;0.00;0.00;NONE;62bd66bf-0895-5e3c-aad9-f2af293cddb7;14167.71;1.6409;23247.58;WITHIN;
3d4b7066-04bf-5b5e-8b28-1acde85d2093;f691ed3c-e670-56b4-a7f3-cf0563eff5d0;50;013573ad-8e1e-50ab-bfd5-140b70dbab8b;Jet A into-plane SEA B6264 25Sep N591JB;4500301359;00010;16765.000;LTR;1.3238;22193.51;U1;194.88;214bf20a-07c2-5357-bce3-624c6ff1175a;ed07b8e8-63c2-506f-ba20-933db1b11a56;CGA-SEA-788546;428b9b1c-469c-5875-b3a3-ee66f59e4cea;4500301359;5000301359;TICKET_NUMBER;FUELSEA;400000;MATCHED;0.00;0.00;NONE;1d954c2b-f628-57e9-97e0-e7465a50e668;13633.3;1.6279;22193.51;WITHIN;
da49c713-4466-5ee4-a79b-ddb7c43cef4d;f691ed3c-e670-56b4-a7f3-cf0563eff5d0;60;013573ad-8e1e-50ab-bfd5-140b70dbab8b;Jet A into-plane SEA B6398 25Sep N949JT;4500301379;00010;17272.000;LTR;1.3238;22864.67;U1;200.77;82e1d55b-734c-5fe4-9c5b-2cb19a2f1c1a;9bb0233e-de16-597f-a9a5-b7e20eadebf8;CGA-SEA-788547;526f4a1b-fd1f-5f1a-be28-a76f225c7d7e;4500301379;5000301379;TICKET_NUMBER;FUELSEA;400000;MATCHED;0.00;0.00;NONE;e36011e6-2863-5342-a11f-58c73c03f733;14031.77;1.6295;22864.67;WITHIN;
80560a11-e661-5864-ba19-8560af008d81;f39607f7-015e-58a1-9257-907a10e0947f;10;013573ad-8e1e-50ab-bfd5-140b70dbab8b;Jet A into-plane SFO B616 23Sep N962JT;4500300075;00010;16669.000;LTR;1.3082;21806.39;U1;193.76;d4fcdb60-17a5-5b00-996d-d40c3acbce08;06307a42-55ce-5155-b859-a032740bef84;CGA-SFO-275602;5960b128-a890-5b05-bff4-ec8e2c8771a3;4500300075;5000300075;TICKET_NUMBER;FUELSFO;400000;MATCHED;0.00;0.00;NONE;c016c842-f890-5552-8e16-6c63d1a7c6cb;13513.56;1.6137;21806.39;WITHIN;
43cdd53e-4bae-57e2-b642-480865a2713e;f39607f7-015e-58a1-9257-907a10e0947f;20;013573ad-8e1e-50ab-bfd5-140b70dbab8b;Jet A into-plane SFO B6134 23Sep N989JT;4500300083;00010;17502.000;LTR;1.3082;22896.12;U1;203.44;2a57d271-c707-57f8-97ba-24bfa9dd189d;92fe6bf0-4f90-5973-8c57-2af3ac6f9ec9;CGA-SFO-275604;8dcd0027-a1ca-56c9-b7fb-e118b0a8f23b;4500300083;5000300083;TICKET_NUMBER;FUELSFO;400000;MATCHED;0.00;0.00;NONE;e37ccb53-717c-552f-bc84-c4f79f620722;14148.62;1.6183;22896.12;WITHIN;
7d7686cd-520a-5b04-bf1c-98daffdd1904;f39607f7-015e-58a1-9257-907a10e0947f;30;013573ad-8e1e-50ab-bfd5-140b70dbab8b;Jet A into-plane SFO B6278 23Sep N985JT;4500300091;00010;17522.000;LTR;1.3082;22922.28;U1;203.68;189a16cb-e538-5e21-996a-26f87c333066;aaaf10d1-a6a6-5ef1-94b9-bf80121834af;CGA-SFO-275607;16126abc-6b3b-5aff-a5fb-479d596cdd98;4500300091;5000300091;TICKET_NUMBER;FUELSFO;400000;MATCHED;0.00;0.00;NONE;2c50f1b5-2188-592d-9e50-13b1b8d95e90;14175.3;1.6171;22922.28;WITHIN;
5638393b-7fd9-508d-946f-e77fc0388652;f39607f7-015e-58a1-9257-907a10e0947f;40;013573ad-8e1e-50ab-bfd5-140b70dbab8b;Jet A into-plane SFO B6616 23Sep N987JT;4500300099;00010;17890.000;LTR;1.3082;23403.70;U1;207.95;17d86d7e-36fe-59f6-abb5-b85bdae88067;287caaca-1f1b-51fb-8212-8706d07014c0;CGA-SFO-275610;7126162c-788a-5fcb-b70c-00f1acb4c744;4500300099;5000300099;TICKET_NUMBER;FUELSFO;400000;MATCHED;0.00;0.00;NONE;2926faa3-bad0-5713-838c-b593ad969cd9;14444.39;1.6203;23403.7;WITHIN;
387cfd37-93ea-5dec-b399-be4797897aac;f39607f7-015e-58a1-9257-907a10e0947f;50;013573ad-8e1e-50ab-bfd5-140b70dbab8b;Jet A into-plane SFO B6116 24Sep N968JT;4500300241;00010;17164.000;LTR;1.3161;22589.54;U1;199.51;9f9e9dd2-e812-5e4c-a059-5472470891bc;f7d146f0-a199-59cb-8cab-c8ac0d3f1f64;CGA-SFO-275613;43d3a436-7477-50d9-aecb-bc0c5a18410f;4500300241;5000300241;TICKET_NUMBER;FUELSFO;400000;MATCHED;0.00;0.00;NONE;b11c38e1-25b7-52ec-ad96-d22b277d49ce;13794.71;1.6376;22589.54;WITHIN;
af8d6246-b757-5137-9d8a-a1c0f01a458a;f39607f7-015e-58a1-9257-907a10e0947f;60;013573ad-8e1e-50ab-bfd5-140b70dbab8b;Jet A into-plane SFO B6316 24Sep N943JT;4500300313;00010;18701.000;LTR;1.3161;24612.39;U1;217.38;00bc2710-454e-5252-95d3-8862b954ee75;97afecc1-fe62-581f-b676-6c125f14aed6;CGA-SFO-275615;be96c52c-4c07-5b70-8e0b-55ecabebac2c;4500300313;5000300313;TICKET_NUMBER;FUELSFO;400000;MATCHED;0.00;0.00;NONE;201f1f6e-431d-5714-ad3e-46849573dd2d;14992.59;1.6416;24612.39;WITHIN;
9d87a223-7eb2-578e-846c-075117fd6fbb;f39607f7-015e-58a1-9257-907a10e0947f;70;013573ad-8e1e-50ab-bfd5-140b70dbab8b;Jet A into-plane SFO B6434 24Sep N937JB;4500300352;00010;18358.000;LTR;1.3161;24160.96;U1;213.39;cb6f0c3b-b4f3-5916-bb22-3ffd97d31ebe;4667ca25-ef5b-5467-823c-bc6df299757a;CGA-SFO-275618;572e90ed-6a81-5045-bb6e-9401b5b04f70;4500300352;5000300352;TICKET_NUMBER;FUELSFO;400000;MATCHED;0.00;0.00;NONE;c68aa63a-f480-55d2-8075-5a2a47e471a2;14695.58;1.6441;24160.96;WITHIN;
2635078f-8cbc-5f0b-9e5f-2b0e07668fd2;f39607f7-015e-58a1-9257-907a10e0947f;80;013573ad-8e1e-50ab-bfd5-140b70dbab8b;Jet A into-plane SFO B6578 24Sep N935JB;4500300413;00010;18213.000;LTR;1.3161;23970.13;U1;211.71;82d41915-773f-5beb-96b4-a4614d43daa6;7f6d3169-44be-58d3-91c4-0adff4f474a3;CGA-SFO-275619;a4caf043-01ff-5d7b-b3cc-022bf315f650;4500300413;5000300413;TICKET_NUMBER;FUELSFO;400000;MATCHED;0.00;0.00;NONE;c4ea1b42-ec6f-5fec-a2db-7c66b02548f3;14594.08;1.6425;23970.13;WITHIN;
66c54084-a9b4-54c7-b594-e4560cbc81bf;f39607f7-015e-58a1-9257-907a10e0947f;90;013573ad-8e1e-50ab-bfd5-140b70dbab8b;Jet A into-plane SFO B61734 24Sep N988JT;4500300433;00010;18000.000;LTR;1.3161;23689.80;U1;209.23;c28033e8-4b54-5f2d-a49b-6584cdc81985;dc70ed5d-9a22-5ab3-a116-7ce62faf2e35;CGA-SFO-275622;edef5dee-54be-55f3-85dd-455baefddcfd;4500300433;5000300433;TICKET_NUMBER;FUELSFO;400000;MATCHED;0.00;0.00;NONE;ff239700-3086-515c-b4b8-185c2ccb93c9;14472;1.6369;23689.8;WITHIN;
216cd7a1-d99b-5f57-8563-8f34d8190b2d;f39607f7-015e-58a1-9257-907a10e0947f;100;013573ad-8e1e-50ab-bfd5-140b70dbab8b;Jet A into-plane SFO B6216 24Sep N929JB;4500300448;00010;18326.000;LTR;1.3161;24118.85;U1;213.02;c69f8039-92ab-54ec-9fd6-14d090eb96e8;e7ac8048-6450-5922-9ebd-8c1b7415598e;CGA-SFO-275623;2ee6144a-15ef-516a-b9a3-680503eadb44;4500300448;5000300448;TICKET_NUMBER;FUELSFO;400000;MATCHED;0.00;0.00;NONE;9ca00b07-a402-53e9-975f-229d528eafb6;14673.63;1.6437;24118.85;WITHIN;
c7eaea9b-e8e3-5038-bdd6-83495903534a;f39607f7-015e-58a1-9257-907a10e0947f;110;013573ad-8e1e-50ab-bfd5-140b70dbab8b;Jet A into-plane SFO B6416 24Sep N981JT;4500300541;00010;18572.000;LTR;1.3161;24442.61;U1;215.88;452947d0-bb56-55b4-89ce-f560eaf95c34;85e47aed-5ae8-5489-a262-d0c5f22dfd04;CGA-SFO-275628;0d4ccf70-5b0a-58d1-99dc-f7b8a279861a;4500300541;5000300541;TICKET_NUMBER;FUELSFO;400000;MATCHED;0.00;0.00;NONE;6ecc9805-bf27-5984-9711-bdc43c0ca789;14917.03;1.6386;24442.61;WITHIN;
06e934ce-114b-5c59-9b88-ec9854cca70d;f39607f7-015e-58a1-9257-907a10e0947f;120;013573ad-8e1e-50ab-bfd5-140b70dbab8b;Jet A into-plane SFO B61234 24Sep N980JT;4500300598;00010;19686.000;LTR;1.3161;25908.74;U1;228.83;7049b1ab-1294-5cdf-bb3e-cc4dc3983c53;d411e205-30d0-5217-81c8-5e3072817c82;CGA-SFO-275630;7c79eefd-cdc9-5474-9276-12dbfaa8f731;4500300598;5000300598;TICKET_NUMBER;FUELSFO;400000;MATCHED;0.00;0.00;NONE;2b94dfd2-07a6-5c68-a911-3fc1bdf5a96a;15796.05;1.6402;25908.74;WITHIN;
edd35f11-9769-5db1-8a72-d745d82753b3;f39607f7-015e-58a1-9257-907a10e0947f;130;013573ad-8e1e-50ab-bfd5-140b70dbab8b;Jet A into-plane SFO B616 24Sep N962JT;4500300718;00010;19978.000;LTR;1.3161;26293.05;U1;232.22;bcee3507-88f7-5141-ab77-83691a804448;25019d32-539e-5bd5-a21b-e3d5feeca8d3;CGA-SFO-275633;b7f0d25a-18fd-5ade-a3d8-600b9c622e7c;4500300718;5000300718;TICKET_NUMBER;FUELSFO;400000;MATCHED;0.00;0.00;NONE;3c52e15a-b655-56ed-ba4f-26d7663667be;16002.38;1.6431;26293.05;WITHIN;
e375a98e-fd5d-5d59-8b31-d6cd91a2266f;f39607f7-015e-58a1-9257-907a10e0947f;140;013573ad-8e1e-50ab-bfd5-140b70dbab8b;Jet A into-plane SFO B6134 24Sep N982JB;4500300727;00010;18890.000;LTR;1.3161;24861.13;U1;219.58;034f87e6-51fd-54bb-ad8e-016f919a752b;84ccc08f-b4be-5ac0-852e-1fb46fd3933f;CGA-SFO-275634;aed756ca-14aa-5367-8652-1a6afe442eb8;4500300727;5000300727;TICKET_NUMBER;FUELSFO;400000;MATCHED;0.00;0.00;NONE;73b43fc0-005e-58bd-bd11-eebcdd769df5;15166.78;1.6392;24861.13;WITHIN;
66300096-a330-5af8-8672-e3ba8ecab227;f39607f7-015e-58a1-9257-907a10e0947f;150;013573ad-8e1e-50ab-bfd5-140b70dbab8b;Jet A into-plane SFO B6278 24Sep N937JB;4500300737;00010;17756.000;LTR;1.3161;23368.67;U1;206.40;b766c0ee-8d04-5262-89b8-872783b59c85;cf03d5f5-eeb5-5b8c-b91e-92ef9e11493b;CGA-SFO-275637;82c99cf5-b455-5854-a3c1-fbad86ade49d;4500300737;5000300737;TICKET_NUMBER;FUELSFO;400000;MATCHED;0.00;0.00;NONE;2902565d-8b21-566c-b1c9-0b443c03daf2;14266.95;1.638;23368.67;WITHIN;
a1fedf75-776b-584e-8fed-baa4d82600c3;f39607f7-015e-58a1-9257-907a10e0947f;160;013573ad-8e1e-50ab-bfd5-140b70dbab8b;Jet A into-plane SFO B6616 24Sep N943JT;4500300740;00010;18057.000;LTR;1.3161;23764.82;U1;209.89;a36b8163-143f-56c2-b55c-2dd3522eadbb;3f0a8a3b-17d0-5f9b-b6fd-1f9bd4d43e71;CGA-SFO-275639;64656b17-501d-5d9d-9f71-b8cf624fa02c;4500300740;5000300740;TICKET_NUMBER;FUELSFO;400000;MATCHED;0.00;0.00;NONE;b96b515e-e26a-54db-ac40-15c9d2b275a3;14443.79;1.6453;23764.82;WITHIN;
382b9964-9ae0-50fd-bfc0-bfc44ea890a3;f39607f7-015e-58a1-9257-907a10e0947f;170;013573ad-8e1e-50ab-bfd5-140b70dbab8b;Jet A into-plane SFO B6116 25Sep N946JL;4500300892;00010;17093.000;LTR;1.3267;22677.28;U1;198.69;42dcf3ad-d960-55ab-95e1-e5eecff93a57;90ad0980-6e0c-5b4a-b733-7daf6c78c047;CGA-SFO-275642;076fd699-ce4a-5af3-b76d-341d27ee3098;4500300892;5000300892;TICKET_NUMBER;FUELSFO;400000;MATCHED;0.00;0.00;NONE;a17f914a-f3f1-5837-9716-7e3c67abf021;13768.41;1.6471;22677.28;WITHIN;
ce08b1c9-34ac-5fd8-b112-123ec5942fe4;f39607f7-015e-58a1-9257-907a10e0947f;180;013573ad-8e1e-50ab-bfd5-140b70dbab8b;Jet A into-plane SFO B6434 25Sep N945JT;4500300954;00010;19162.000;LTR;1.3267;25422.23;U1;222.74;3546d542-09a2-50c3-b6bb-6d6d2023f05d;be1c07d7-fc65-5cf8-a093-97a059329ca4;CGA-SFO-275643;b39194b5-2f99-5887-8225-352105a9701e;4500300954;5000300954;TICKET_NUMBER;FUELSFO;400000;MATCHED;0.00;0.00;NONE;b1b20be0-be48-5480-b198-ffa1f00aef33;15344.93;1.6567;25422.23;WITHIN;
92fbeb32-9118-54d8-b3e3-e7a64cabf54c;f39607f7-015e-58a1-9257-907a10e0947f;190;013573ad-8e1e-50ab-bfd5-140b70dbab8b;Jet A into-plane SFO B6316 25Sep N935JB;4500300973;00010;17383.000;LTR;1.3267;23062.03;U1;202.06;4582dfb6-8e52-5a09-aa52-0ac4d93c67a6;ba2529a9-1c6c-5c15-818c-2ffb78c6fc4b;CGA-SFO-275646;ff3c4ce0-179f-52d0-9585-2f5db9a8102a;4500300973;5000300973;TICKET_NUMBER;FUELSFO;400000;MATCHED;0.00;0.00;NONE;9cf84a9c-1a15-530e-9c19-c02d6d4dbfa2;13995.05;1.6479;23062.03;WITHIN;
093a5554-a851-5c69-986c-1ae2e8b9899d;f39607f7-015e-58a1-9257-907a10e0947f;200;013573ad-8e1e-50ab-bfd5-140b70dbab8b;Jet A into-plane SFO B61734 25Sep N985JT;4500301036;00010;19573.000;LTR;1.3267;25967.50;U1;227.52;61e3294c-e716-5386-a584-dd0bb8712de3;08a69667-7d6a-5c0c-b894-581f0b405e1f;CGA-SFO-275649;3da9af01-78be-5c7f-9bba-c1973c2b139b;4500301036;5000301036;TICKET_NUMBER;FUELSFO;400000;MATCHED;0.00;0.00;NONE;a48153d5-cb60-577d-8e65-8db6313497b2;15766.05;1.6471;25967.5;WITHIN;
ae5622c1-f952-519c-bde1-8303d6ce65f0;f39607f7-015e-58a1-9257-907a10e0947f;210;013573ad-8e1e-50ab-bfd5-140b70dbab8b;Jet A into-plane SFO B6578 25Sep N984JB;4500301045;00010;16387.000;LTR;1.3267;21740.63;U1;190.48;482a409d-a739-5af9-b116-d6503dda758d;8894baec-476f-569e-a3d1-5bc7bb548876;CGA-SFO-275650;586e3a5b-9222-5118-92ec-0a7496ce43ca;4500301045;5000301045;TICKET_NUMBER;FUELSFO;400000;MATCHED;0.00;0.00;NONE;b4d129a9-6fb6-53a0-ad0c-662043b6a357;13150.57;1.6532;21740.63;WITHIN;
73cd98b6-7123-5fd5-8eb7-59199020ed12;f39607f7-015e-58a1-9257-907a10e0947f;220;013573ad-8e1e-50ab-bfd5-140b70dbab8b;Jet A into-plane SFO B61034 25Sep N2205J;4500301119;00010;13916.000;LTR;1.3267;18462.36;U1;161.76;25614614-3de6-5bbd-b4ab-3aceab8e9cf8;b0c39a3b-aa23-59fd-a9a1-1852cef8c69a;CGA-SFO-275651;76786c56-018f-580f-a15f-1b6dd9d7fbe6;4500301119;5000301119;TICKET_NUMBER;FUELSFO;400000;MATCHED;0.00;0.00;NONE;7f7db52f-e411-5094-b72f-38edcf936666;11157.85;1.6547;18462.36;WITHIN;
cf61a339-ec6a-5667-b0b3-cdb7050c1743;f39607f7-015e-58a1-9257-907a10e0947f;230;013573ad-8e1e-50ab-bfd5-140b70dbab8b;Jet A into-plane SFO B6216 25Sep N962JT;4500301122;00010;18321.000;LTR;1.3267;24306.47;U1;212.96;7d8d1fac-9f89-53a7-8353-8a1950a570ba;b736ea33-7d4c-55dc-9408-e2d70656b6c6;CGA-SFO-275652;bc521387-13fe-592c-9e9d-61aa0d8b93ab;4500301122;5000301122;TICKET_NUMBER;FUELSFO;400000;MATCHED;0.00;0.00;NONE;1f52b309-acce-527f-a33e-5146333bd9ba;14706.27;1.6528;24306.47;WITHIN;
e2389cdc-6d12-5718-a979-bda18f248d6d;f39607f7-015e-58a1-9257-907a10e0947f;240;013573ad-8e1e-50ab-bfd5-140b70dbab8b;Jet A into-plane SFO B6416 25Sep N969JT;4500301196;00010;18242.000;LTR;1.3267;24201.66;U1;212.05;edb9e7d7-c7dc-5750-915a-f05ceaf8b5a4;28603691-a404-5353-8d79-98818e01838f;CGA-SFO-275655;30043e24-3458-5bab-8a13-07fadad536d2;4500301196;5000301196;TICKET_NUMBER;FUELSFO;400000;MATCHED;0.00;0.00;NONE;1fafc2a2-e54c-5abe-a93a-ad48a58425e8;14608.19;1.6567;24201.66;WITHIN;
f0d150ac-f50c-590b-93ac-3ad0eb580fe2;f39607f7-015e-58a1-9257-907a10e0947f;250;013573ad-8e1e-50ab-bfd5-140b70dbab8b;Jet A into-plane SFO B61234 25Sep N2157J;4500301205;00010;14766.000;LTR;1.3267;19590.05;U1;171.64;f89b4bfd-0ed8-54a0-8012-5f6ec2b3736f;77b89e9c-1632-5879-a36b-83157de81e16;CGA-SFO-275658;173251d6-0ea5-5f49-897f-292032429563;4500301205;5000301205;TICKET_NUMBER;FUELSFO;400000;MATCHED;0.00;0.00;NONE;70477ab8-0230-5cc8-88b9-84c651f202d4;11824.61;1.6567;19590.05;WITHIN;
af5622ef-4950-5061-a0a4-9f208af36db3;f39607f7-015e-58a1-9257-907a10e0947f;260;013573ad-8e1e-50ab-bfd5-140b70dbab8b;Jet A into-plane SFO B616 25Sep N946JL;4500301349;00010;16984.000;LTR;1.3267;22532.67;U1;197.42;66e1a08d-f1eb-5154-aaeb-9e92b4d9cfc6;f3b36a20-a6f9-5692-a379-2488441efcab;CGA-SFO-275660;f302c69c-dce1-524a-ad46-e118beb97e3a;4500301349;5000301349;TICKET_NUMBER;FUELSFO;400000;MATCHED;0.00;0.00;NONE;513eabd7-568d-55db-8334-7694f6c15ec6;13629.66;1.6532;22532.67;WITHIN;
23cb4d42-02bf-595a-bb2f-f952fef5bd72;f39607f7-015e-58a1-9257-907a10e0947f;270;013573ad-8e1e-50ab-bfd5-140b70dbab8b;Jet A into-plane SFO B6134 25Sep N929JB;4500301362;00010;18465.000;LTR;1.3267;24497.52;U1;214.64;d1babc71-4775-55ec-87af-9e123aae3205;ebfe2bc9-2284-570b-9846-f9e1132647c9;CGA-SFO-275662;c17b49b7-1b6a-59f7-9bb9-17e5b0eb6d5a;4500301362;5000301362;TICKET_NUMBER;FUELSFO;400000;MATCHED;0.00;0.00;NONE;aed10c1e-6508-530f-9907-0fce37f24dac;14856.94;1.6489;24497.52;WITHIN;
11805bc8-e49c-5af6-89ee-c2ea6c7e4741;f39607f7-015e-58a1-9257-907a10e0947f;280;013573ad-8e1e-50ab-bfd5-140b70dbab8b;Jet A into-plane SFO B6278 25Sep N935JB;4500301373;00010;17847.000;LTR;1.3267;23677.61;U1;207.45;ec801702-0fd3-52f0-b2eb-6f0a5cf3e04b;0482d607-9b29-5b53-98d4-877a394aa948;CGA-SFO-275665;4ed60164-4aa0-5d05-812f-1f9ce4d25cdc;4500301373;5000301373;TICKET_NUMBER;FUELSFO;400000;MATCHED;0.00;0.00;NONE;538d162f-962d-50cf-96c9-61f3666e3b4a;14343.63;1.6507;23677.61;WITHIN;
dfab67d8-356a-5488-8f33-af45816611d5;f39607f7-015e-58a1-9257-907a10e0947f;290;013573ad-8e1e-50ab-bfd5-140b70dbab8b;Jet A into-plane SFO B62916 26Sep N984JB;4500301381;00010;17405.000;LTR;1.3346;23228.71;U1;202.32;9cb95495-ae30-5d2a-8c66-1b6be7217361;e1d03bbb-aed9-5e11-9544-cf327ed71681;CGA-SFO-275666;333ace8b-5030-5508-8995-f007f6c2e873;4500301381;5000301381;TICKET_NUMBER;FUELSFO;400000;MATCHED;0.00;0.00;NONE;50de18ad-bfa1-5007-88b1-40c8cdca6140;13896.15;1.6716;23228.71;WITHIN;
2e7dbddf-a99a-5ca6-a108-39a0ad13d682;f39607f7-015e-58a1-9257-907a10e0947f;300;013573ad-8e1e-50ab-bfd5-140b70dbab8b;Jet A into-plane SFO B6116 26Sep N985JT;4500301512;00010;19820.000;LTR;1.3346;26451.77;U1;230.39;6be26b56-4ebd-566f-a62c-a8f2d143d63e;9364f21d-3411-56c3-928b-7754400d22dc;CGA-SFO-275669;59087cdc-6de3-5a7e-a99b-824921eb09e2;4500301512;5000301512;TICKET_NUMBER;FUELSFO;400000;MATCHED;0.00;0.00;NONE;4c35f97e-dd51-5654-a8ec-5bd52c9189f9;15820.32;1.672;26451.77;WITHIN;
c6c9fa0b-9aa5-5ada-a8aa-6cc3d03704e5;f39607f7-015e-58a1-9257-907a10e0947f;310;013573ad-8e1e-50ab-bfd5-140b70dbab8b;Jet A into-plane SFO B6434 26Sep N987JT;4500301571;00010;18628.000;LTR;1.3346;24860.93;U1;216.53;aed32a73-51ee-5475-8963-ea0d5a7a8170;4545b7cc-f827-541c-a2e5-d65424e6781b;CGA-SFO-275671;51fe64ec-2424-5d0c-bfe3-20a794ec4524;4500301571;5000301571;TICKET_NUMBER;FUELSFO;400000;MATCHED;0.00;0.00;NONE;93fffd08-b9f5-53c4-8684-e5320b2a3cd2;14796.22;1.6802;24860.93;WITHIN;
06516004-8ef7-5fb2-8215-0041da078e60;f39607f7-015e-58a1-9257-907a10e0947f;320;013573ad-8e1e-50ab-bfd5-140b70dbab8b;Jet A into-plane SFO B6316 26Sep N982JB;4500301580;00010;18215.000;LTR;1.3346;24309.74;U1;211.73;908f6437-2efb-5c5f-93fb-1c9a26a2a8b1;dea3e274-d9e5-5e81-b335-e58fdadcb090;CGA-SFO-275673;ee0be46c-a544-5ebb-93cd-09d91f817b81;4500301580;5000301580;TICKET_NUMBER;FUELSFO;400000;MATCHED;0.00;0.00;NONE;f80007d1-2056-573e-ae0a-d8ad55534f5f;14528.28;1.6733;24309.74;WITHIN;
aa64c3b5-bbb4-5472-b750-2fa4dccce95a;f39607f7-015e-58a1-9257-907a10e0947f;330;013573ad-8e1e-50ab-bfd5-140b70dbab8b;Jet A into-plane SFO B61734 26Sep N937JB;4500301653;00010;19018.000;LTR;1.3346;25381.42;U1;221.07;d127b2a4-2122-57ae-a3cf-d362e08a9522;6f679c96-824d-5462-b986-8493f9b0f6c9;CGA-SFO-275675;d3d50d85-3632-5161-b24f-587a152de8f8;4500301653;5000301653;TICKET_NUMBER;FUELSFO;400000;MATCHED;0.00;0.00;NONE;3238ceb9-57b4-5271-91bd-285f6ea4c869;15125.02;1.6781;25381.42;WITHIN;
34967d14-b8be-53e7-8515-37bf79aa4819;f39607f7-015e-58a1-9257-907a10e0947f;340;013573ad-8e1e-50ab-bfd5-140b70dbab8b;Jet A into-plane SFO B6578 26Sep N944JT;4500301658;00010;16711.000;LTR;1.3346;22302.50;U1;194.25;24773959-7274-5f5f-abce-c5840e59056b;4155dabc-0a99-5c14-a7a0-da8c15249014;CGA-SFO-275677;7b04f29e-15ef-5370-9a00-09c102c19b3d;4500301658;5000301658;TICKET_NUMBER;FUELSFO;400000;MATCHED;0.00;0.00;NONE;7e4c2f09-790f-5d80-8ba3-de2c90596b35;13322.01;1.6741;22302.5;WITHIN;
8e8f48b9-81b9-5838-a0ad-d8e59b0521f1;80f6a1e8-6319-5032-9e05-bd8a5ee84bf2;10;c3d4e5f6-3333-4000-8000-000000000001;Jet A into-plane SJU B6234 24Sep N598JB;4500300109;00010;7593.000;LTR;1.2932;9819.27;V0;0.00;0bd9965e-db00-573a-9692-b2e2d211d690;f32077a6-f9bb-579d-bceb-f2ad13a2edf8;PMA-SJU-755427;dd5fb703-c32c-546c-9990-f49cb4eca1ad;4500300109;5000300109;TICKET_NUMBER;FUELSJU;400000;MATCHED;0.00;0.00;NONE;8a0a0cc0-4f86-5a39-9df5-c28d1655887b;6026.56;1.6293;9819.27;WITHIN;
ac691451-f450-563c-9bbb-d1c1e6d456e5;80f6a1e8-6319-5032-9e05-bd8a5ee84bf2;20;c3d4e5f6-3333-4000-8000-000000000001;Jet A into-plane SJU B62904 24Sep N950JT;4500300116;00010;12233.000;LTR;1.2932;15819.72;V0;0.00;3ebb9d10-b63b-523d-9c4a-773e20139f5c;d3a43c5d-6cb7-5d49-931b-6589f76c5e84;PMA-SJU-755429;17286d33-1c8f-5a4e-8ecb-1c4170512c4b;4500300116;5000300116;TICKET_NUMBER;FUELSJU;400000;MATCHED;0.00;0.00;NONE;ff103cb7-55e3-5bc0-87a2-7e90206e4504;9743.58;1.6236;15819.72;WITHIN;
68ba865c-faf9-52d2-a472-115530b4888c;80f6a1e8-6319-5032-9e05-bd8a5ee84bf2;30;c3d4e5f6-3333-4000-8000-000000000001;Jet A into-plane SJU B61048 24Sep N708JB;4500300161;00010;9825.000;LTR;1.2932;12705.69;V0;0.00;651210e0-0af8-50cf-92e9-51ddbebf8c42;73605936-af2f-589d-92a7-2fad971a0a1f;PMA-SJU-755431;5b1acba5-a0e7-5703-ba3b-0bc8a2dc97f5;4500300161;5000300161;TICKET_NUMBER;FUELSJU;400000;MATCHED;0.00;0.00;NONE;99936561-0e16-5e86-886b-efad23dbd1df;7806.94;1.6275;12705.69;WITHIN;
953757b7-eb11-53a7-a2de-5916386c064e;80f6a1e8-6319-5032-9e05-bd8a5ee84bf2;40;c3d4e5f6-3333-4000-8000-000000000001;Jet A into-plane SJU B6276 24Sep N632JB;4500300219;00010;10460.000;LTR;1.2932;13526.87;V0;0.00;40176056-9ebb-5b2c-92ed-5a54aba90b34;a1a48d24-ab2b-5332-b86d-cbb45dfc6473;PMA-SJU-755432;2b4303d3-5306-5244-9566-cd58478a37c6;4500300219;5000300219;TICKET_NUMBER;FUELSJU;400000;MATCHED;0.00;0.00;NONE;314a262b-1fa3-5d3a-91ba-4772a61abd41;8324.07;1.625;13526.87;WITHIN;
3dacabc8-5279-52b1-8d00-005db4b4b782;80f6a1e8-6319-5032-9e05-bd8a5ee84bf2;50;c3d4e5f6-3333-4000-8000-000000000001;Jet A into-plane SJU B61134 24Sep N794JB;4500300222;00010;8077.000;LTR;1.2932;10445.18;V0;0.00;7b94b10d-045a-5bc1-992d-828746c81dd3;5b911272-a17a-516b-9621-b942d0a76063;PMA-SJU-755435;9301a151-cf64-5df0-b4a8-34447b950a21;4500300222;5000300222;TICKET_NUMBER;FUELSJU;400000;MATCHED;0.00;0.00;NONE;f7123de4-03d6-564f-976e-388f3137ae18;6422.02;1.6265;10445.18;WITHIN;
cacb6dcd-d10a-5b8a-8bc0-310f9b119960;80f6a1e8-6319-5032-9e05-bd8a5ee84bf2;60;c3d4e5f6-3333-4000-8000-000000000001;Jet A into-plane SJU B62154 24Sep N612JB;4500300243;00010;5975.000;LTR;1.2932;7726.87;V0;0.00;2f310ef7-6e0d-5a07-b4d5-1eac82c064f2;b48f3303-5f28-51a9-a38d-c6c714f4323b;PMA-SJU-755436;e44682b1-ef44-579c-b575-0a232f1a1949;4500300243;5000300243;TICKET_NUMBER;FUELSJU;400000;MATCHED;0.00;0.00;NONE;98999b62-f9fc-5687-b727-08513352c114;4750.12;1.6267;7726.87;WITHIN;
7c82ed79-e761-5f70-8abb-b2896ace934c;80f6a1e8-6319-5032-9e05-bd8a5ee84bf2;70;c3d4e5f6-3333-4000-8000-000000000001;Jet A into-plane SJU B6452 24Sep N999JQ;4500300255;00010;9383.000;LTR;1.2932;12134.10;V0;0.00;23a12f18-191b-5698-99d8-1074688aa9de;20aeb962-ee18-5260-9a81-a8b1cf6999de;PMA-SJU-755438;4f3afbfa-1544-5664-8a2c-fbc19738a741;4500300255;5000300255;TICKET_NUMBER;FUELSJU;400000;MATCHED;0.00;0.00;NONE;bd634cba-c35e-5497-9a38-06d9ec8e08cf;7462.3;1.6261;12134.1;WITHIN;
f5e1b6ee-5add-54f8-9b18-c3290d4f0c5f;80f6a1e8-6319-5032-9e05-bd8a5ee84bf2;80;c3d4e5f6-3333-4000-8000-000000000001;Jet A into-plane SJU B61742 24Sep N580JB;4500300268;00010;8988.000;LTR;1.2932;11623.28;V0;0.00;228f3a28-ddb4-5124-b756-62146bbb4a05;4451e039-104b-526f-84be-e0e79676721e;PMA-SJU-755441;22a4150f-4372-5353-8b7c-d163a2d9e0c2;4500300268;5000300268;TICKET_NUMBER;FUELSJU;400000;MATCHED;0.00;0.00;NONE;b8c2d7ff-00d5-5116-a76f-d2b3a8dacca0;7150.85;1.6254;11623.28;WITHIN;
92165f97-86be-5199-9c52-bee4d8a3779e;80f6a1e8-6319-5032-9e05-bd8a5ee84bf2;90;c3d4e5f6-3333-4000-8000-000000000001;Jet A into-plane SJU B61078 24Sep N662JB;4500300324;00010;17847.000;LTR;1.2932;23079.74;V0;0.00;8644b121-292b-5aa1-8f27-a69c2e3697ad;3d75066d-f527-5911-9349-5bdfe1a6839d;PMA-SJU-755442;d74d145f-1c9a-5da8-9da2-45ded1ea4569;4500300324;5000300324;TICKET_NUMBER;FUELSJU;400000;MATCHED;0.00;0.00;NONE;58dfd4df-e9dd-5ec0-9a7a-6bb11889d312;14149.1;1.6312;23079.74;WITHIN;
6fa171ba-96b6-56f5-b128-7891a4f758ee;80f6a1e8-6319-5032-9e05-bd8a5ee84bf2;100;c3d4e5f6-3333-4000-8000-000000000001;Jet A into-plane SJU B61334 24Sep N613JB;4500300400;00010;8295.000;LTR;1.2932;10727.09;V0;0.00;a5b28a4e-3449-51c9-ba83-7578ed3ffebe;73a30c6b-bde9-5d90-b512-94bc2e8037a3;PMA-SJU-755443;ef677e82-7e5d-5840-89a4-852b165d98ec;4500300400;5000300400;TICKET_NUMBER;FUELSJU;400000;MATCHED;0.00;0.00;NONE;e33ebebb-aff6-5d12-ba1a-26ad78e5314e;6607.8;1.6234;10727.09;WITHIN;
622ef5e8-5240-5480-84ac-fe1450cd1eaa;80f6a1e8-6319-5032-9e05-bd8a5ee84bf2;110;c3d4e5f6-3333-4000-8000-000000000001;Jet A into-plane SJU B6934 24Sep N975JT;4500300436;00010;9321.000;LTR;1.2932;12053.92;V0;0.00;2fcc9536-d595-5011-b0c2-7cfaf982460d;30b66834-ed78-5a23-be24-c8526733deaa;PMA-SJU-755446;c8d3f969-39af-57a1-add7-5fb9db6df059;4500300436;5000300436;TICKET_NUMBER;FUELSJU;400000;MATCHED;0.00;0.00;NONE;9d6bf349-1f9a-5cc6-98c5-cab2b215001b;7390.62;1.631;12053.92;WITHIN;
b9684f39-1eb8-59d3-b2a4-5baa8038e796;80f6a1e8-6319-5032-9e05-bd8a5ee84bf2;120;c3d4e5f6-3333-4000-8000-000000000001;Jet A into-plane SJU B61990 24Sep N652JB;4500300437;00010;11554.000;LTR;1.2932;14941.63;V0;0.00;dea7bdcc-c8e4-52f8-b67e-6f1eab985369;b6952480-4422-5c0d-82ee-1aea12a893f4;PMA-SJU-755449;85df095c-d456-544a-8a55-d8d124723d6f;4500300437;5000300437;TICKET_NUMBER;FUELSJU;400000;MATCHED;0.00;0.00;NONE;2594b3a1-7c3e-597c-9af3-cb15ed165107;9170.41;1.6293;14941.63;WITHIN;
56189cf4-1c02-53fa-85cc-e86fc40036a5;80f6a1e8-6319-5032-9e05-bd8a5ee84bf2;130;c3d4e5f6-3333-4000-8000-000000000001;Jet A into-plane SJU B61454 24Sep N520JB;4500300446;00010;8320.000;LTR;1.2932;10759.42;V0;0.00;9fe871c6-5c70-5c08-b6ae-ca61207e0ebf;a7697d18-aa74-5923-b152-289e97de670f;PMA-SJU-755451;eb6403d2-5cc1-54b5-9d04-63a132fc7ceb;4500300446;5000300446;TICKET_NUMBER;FUELSJU;400000;MATCHED;0.00;0.00;NONE;465d2d9d-d000-5ce0-902b-6b83fa84fd5d;6596.93;1.631;10759.42;WITHIN;
8a73e6f0-c36e-528d-9ecf-ec748a561489;80f6a1e8-6319-5032-9e05-bd8a5ee84bf2;140;c3d4e5f6-3333-4000-8000-000000000001;Jet A into-plane SJU B61004 24Sep N948JB;4500300468;00010;12311.000;LTR;1.2932;15920.59;V0;0.00;a76baeea-9ba9-58a1-a06c-5063326860f9;0e8d3fce-db9a-5ff0-bb42-9d6d0e1a8d09;PMA-SJU-755453;84398d96-7fe6-5a03-af3c-6423b7480eb8;4500300468;5000300468;TICKET_NUMBER;FUELSJU;400000;MATCHED;0.00;0.00;NONE;59da22c8-1f3f-5b6e-9864-0440b8bae411;9806.94;1.6234;15920.59;WITHIN;
fa080200-4338-5c1a-953e-77c13787b3f8;80f6a1e8-6319-5032-9e05-bd8a5ee84bf2;150;c3d4e5f6-3333-4000-8000-000000000001;Jet A into-plane SJU B6154 24Sep N794JB;4500300489;00010;8741.000;LTR;1.2932;11303.86;V0;0.00;6836a30b-1b7c-5973-afe6-e5b0d7c69631;66e5c702-ee53-51e7-a39a-5b3ae32cd40e;PMA-SJU-755454;083863bc-ff06-5fe1-a5a7-b6f85d3471e6;4500300489;5000300489;TICKET_NUMBER;FUELSJU;400000;MATCHED;0.00;0.00;NONE;353088c1-4357-5eca-b64e-21a17594c963;6963.95;1.6232;11303.86;WITHIN;
88060ed0-f561-5ad8-8832-5f98304a8a4a;80f6a1e8-6319-5032-9e05-bd8a5ee84bf2;160;c3d4e5f6-3333-4000-8000-000000000001;Jet A into-plane SJU B6606 24Sep N524JB;4500300497;00010;15075.000;LTR;1.2932;19494.99;V0;0.00;1a693261-1411-57ac-9713-653dac907b13;a1272254-c9b5-5cea-a4fc-9b4364ea1c5e;PMA-SJU-755455;ae575956-12d4-5073-8a29-3cb1a624a7c6;4500300497;5000300497;TICKET_NUMBER;FUELSJU;400000;MATCHED;0.00;0.00;NONE;c1000b68-460a-57ae-aa20-294411dfd775;11996.68;1.625;19494.99;WITHIN;
ae341c21-55d6-5f95-8c0f-6ab738ddd3a4;80f6a1e8-6319-5032-9e05-bd8a5ee84bf2;170;c3d4e5f6-3333-4000-8000-000000000001;Jet A into-plane SJU B62602 24Sep N3102J;4500300521;00010;8845.000;LTR;1.2932;11438.35;V0;0.00;8f121c77-b859-5497-a7b8-9edddf013940;b54a8f41-1d06-5f4c-b564-59df85798f0a;PMA-SJU-755456;1c97c904-6f2f-5226-babb-b9f5008b70bf;4500300521;5000300521;TICKET_NUMBER;FUELSJU;400000;MATCHED;0.00;0.00;NONE;f73f0a9b-5427-5249-9bcb-170b6cbb45e1;7037.97;1.6252;11438.35;WITHIN;
58fbd7ef-2d1d-578b-9d3a-ff4287f62a21;80f6a1e8-6319-5032-9e05-bd8a5ee84bf2;180;c3d4e5f6-3333-4000-8000-000000000001;Jet A into-plane SJU B61348 24Sep N708JB;4500300545;00010;10695.000;LTR;1.2932;13830.77;V0;0.00;5d813b7c-b72a-5049-b1a7-0de101a2ac9e;4649e62e-8d36-5b0b-b514-b84af2689320;PMA-SJU-755458;7feacda6-e8aa-505f-9649-32b6bfef6ae7;4500300545;5000300545;TICKET_NUMBER;FUELSJU;400000;MATCHED;0.00;0.00;NONE;2669ee43-0133-5a19-8c71-07fe52cdcdaa;8507.87;1.6256;13830.77;WITHIN;
8bd36d79-bd6b-5c66-90d6-a7182a43d3df;80f6a1e8-6319-5032-9e05-bd8a5ee84bf2;190;c3d4e5f6-3333-4000-8000-000000000001;Jet A into-plane SJU B62134 24Sep N521JB;4500300571;00010;8406.000;LTR;1.2932;10870.64;V0;0.00;41c73552-767d-5ea9-9d69-ade3c9761828;c77ab19c-5599-50a5-a69b-e6624897f9eb;PMA-SJU-755459;cb4b60b0-e638-5d5c-a37d-02ef1b2128dd;4500300571;5000300571;TICKET_NUMBER;FUELSJU;400000;MATCHED;0.00;0.00;NONE;3834ada7-9f9a-5c3f-840e-24255a1d2c6e;6667.64;1.6304;10870.64;WITHIN;
da4cba31-5492-51dd-9e6d-2b9cd5a6dd43;80f6a1e8-6319-5032-9e05-bd8a5ee84bf2;200;c3d4e5f6-3333-4000-8000-000000000001;Jet A into-plane SJU B6462 24Sep N529JB;4500300592;00010;10832.000;LTR;1.2932;14007.94;V0;0.00;433565b1-363c-5ba3-961a-31eae86dadf9;060d09cd-b3dc-5290-be03-ca50025686dd;PMA-SJU-755462;6687d44f-ab9e-5d83-a943-11439a9b539b;4500300592;5000300592;TICKET_NUMBER;FUELSJU;400000;MATCHED;0.00;0.00;NONE;d4ada2d7-3464-56be-91b8-116ec96367e4;8615.77;1.6258;14007.94;WITHIN;
ff9ab692-450e-568d-98bf-73ec72c7d557;80f6a1e8-6319-5032-9e05-bd8a5ee84bf2;210;c3d4e5f6-3333-4000-8000-000000000001;Jet A into-plane SJU B6562 25Sep N763JB;4500300746;00010;11148.000;LTR;1.3038;14534.76;V0;0.00;9ea64b74-c0e8-5517-a93a-1ec275c69667;2933b015-0e4d-5606-9897-77206be49b6a;PMA-SJU-755465;c5c7d465-fbdb-5108-b417-cb271068605e;4500300746;5000300746;TICKET_NUMBER;FUELSJU;400000;MATCHED;0.00;0.00;NONE;3c801c1f-1895-5fef-8621-65f92fe67f18;8937.35;1.6263;14534.76;WITHIN;
af5a7a20-ebe1-565d-8a2f-9c9484c91552;80f6a1e8-6319-5032-9e05-bd8a5ee84bf2;220;c3d4e5f6-3333-4000-8000-000000000001;Jet A into-plane SJU B62904 25Sep N975JT;4500300751;00010;14643.000;LTR;1.3038;19091.54;V0;0.00;aca5c365-46a1-54cd-a7e7-bdfc2a32a59e;ab6cfc68-b57c-5dd3-8d79-446a15198d52;PMA-SJU-755467;60434cd0-c7c9-53df-b953-41c67e6cb2b8;4500300751;5000300751;TICKET_NUMBER;FUELSJU;400000;MATCHED;0.00;0.00;NONE;c7b5ccc7-73bc-50e9-ae28-05a79fc46e97;11745.15;1.6255;19091.54;WITHIN;
0c8362d5-6870-5723-b854-db4c700c97f3;80f6a1e8-6319-5032-9e05-bd8a5ee84bf2;230;c3d4e5f6-3333-4000-8000-000000000001;Jet A into-plane SJU B6234 25Sep N547JB;4500300754;00010;8500.000;LTR;1.3038;11082.30;V0;0.00;e94bf2f9-b298-5e0c-b99e-9edae56e6b7e;b8d818a5-ce1d-5808-9bd0-da3fa6a574bf;PMA-SJU-755469;c1d948c1-c081-59d8-97ac-ce18111c4d41;4500300754;5000300754;TICKET_NUMBER;FUELSJU;400000;MATCHED;0.00;0.00;NONE;5e052193-1028-5e5d-adfb-498bc54069cd;6799.15;1.63;11082.3;WITHIN;
151fadd1-a17c-58f0-ab59-f99681c4a395;80f6a1e8-6319-5032-9e05-bd8a5ee84bf2;240;c3d4e5f6-3333-4000-8000-000000000001;Jet A into-plane SJU B62154 25Sep N640JB;4500300885;00010;6968.000;LTR;1.3038;9084.88;V0;0.00;b72d32ea-055a-5190-a5f3-af3b7bde5d56;a15c7584-2223-5dd3-ba4b-e3c8992339f4;PMA-SJU-755470;9e735a1b-45e2-5a6a-a6ce-ec32897a23c3;4500300885;5000300885;TICKET_NUMBER;FUELSJU;400000;MATCHED;0.00;0.00;NONE;fa428083-df8d-54ab-b872-8928f80322cb;5570.22;1.631;9084.88;WITHIN;
0e80d916-4424-5f67-b699-e2a83546bfe1;80f6a1e8-6319-5032-9e05-bd8a5ee84bf2;250;c3d4e5f6-3333-4000-8000-000000000001;Jet A into-plane SJU B6904 25Sep N2044J;4500300936;00010;8789.000;LTR;1.3038;11459.10;V0;0.00;12dcdb48-c681-51d7-966c-6db4750afd71;81371da0-3031-58dc-b766-b8fba10a63b8;PMA-SJU-755473;121a1244-8db5-5678-95be-c20756cdd40d;4500300936;5000300936;TICKET_NUMBER;FUELSJU;400000;MATCHED;0.00;0.00;NONE;380fb1ec-72ce-5306-b7f8-9e36c9be1dc7;7039.11;1.6279;11459.1;WITHIN;
7923be3a-bd09-59bf-9856-c3e39a6599e2;80f6a1e8-6319-5032-9e05-bd8a5ee84bf2;260;c3d4e5f6-3333-4000-8000-000000000001;Jet A into-plane SJU B61078 25Sep N633JB;4500300981;00010;16985.000;LTR;1.3038;22145.04;V0;0.00;62d70949-082c-551b-ade4-d117a18e5474;6cbebf49-3e49-5a3c-bee2-17cde5c63f94;PMA-SJU-755474;1aafafa5-f65b-58a5-b455-b783026d44fb;4500300981;5000300981;TICKET_NUMBER;FUELSJU;400000;MATCHED;0.00;0.00;NONE;04e1ea85-0c05-583b-8b10-10d634a38398;13628.76;1.6249;22145.04;WITHIN;
4737de3a-4e2d-506f-96a6-70769c0a2671;80f6a1e8-6319-5032-9e05-bd8a5ee84bf2;270;c3d4e5f6-3333-4000-8000-000000000001;Jet A into-plane SJU B61004 25Sep N999JQ;4500301033;00010;14657.000;LTR;1.3038;19109.80;V0;0.00;59483a84-f229-5f4f-b3e8-e3297640b442;1f4dada2-42a1-54b7-b1ea-bad0b8d45388;PMA-SJU-755475;9163cc8a-db72-5ad8-ada5-5abc08c39105;4500301033;5000301033;TICKET_NUMBER;FUELSJU;400000;MATCHED;0.00;0.00;NONE;999687dc-a4f2-5f77-ac76-2cbf4ce16b85;11713.87;1.6314;19109.8;WITHIN;
d9f66ab4-5778-5fcf-a6df-07f0ad4eda43;80f6a1e8-6319-5032-9e05-bd8a5ee84bf2;280;c3d4e5f6-3333-4000-8000-000000000001;Jet A into-plane SJU B6934 25Sep N997JL;4500301086;00010;7983.000;LTR;1.3038;10408.24;V0;0.00;1ca2ddeb-f4fa-55d4-bfd6-4acd230de4b7;639c0efc-8c7c-589a-9db0-7e1e2257a686;PMA-SJU-755478;831291bd-b126-5f4e-9220-dc80aca0b898;4500301086;5000301086;TICKET_NUMBER;FUELSJU;400000;MATCHED;0.00;0.00;NONE;38421a58-0534-5c1a-9991-cfb56da3d4aa;6393.58;1.6279;10408.24;WITHIN;
564f28b0-c88b-50de-bee6-9a59acf0717f;80f6a1e8-6319-5032-9e05-bd8a5ee84bf2;290;c3d4e5f6-3333-4000-8000-000000000001;Jet A into-plane SJU B61454 25Sep N615JB;4500301088;00010;8826.000;LTR;1.3038;11507.34;V0;0.00;4ca36e4c-281d-5379-bec2-d9a9d76fed0c;a2976581-3799-5496-b7f3-feb27dd7bd05;PMA-SJU-755480;f0f49804-7e8d-5a73-ab18-49eb3cfd78f6;4500301088;5000301088;TICKET_NUMBER;FUELSJU;400000;MATCHED;0.00;0.00;NONE;ede892c6-8f8b-5b07-88e0-8bac85dfc25b;7058.15;1.6304;11507.34;WITHIN;
8c5592c7-5a70-5a47-b702-fb8744f4cdd1;80f6a1e8-6319-5032-9e05-bd8a5ee84bf2;300;c3d4e5f6-3333-4000-8000-000000000001;Jet A into-plane SJU B6606 25Sep N712JB;4500301095;00010;15358.000;LTR;1.3038;20023.76;V0;0.00;832ad8f2-6f2f-5e90-ab7a-73333201b37e;babc29f9-6068-5000-9730-4910ea40b415;PMA-SJU-755481;81c2aa64-e9c7-5eae-bd0f-9f6a151d9bba;4500301095;5000301095;TICKET_NUMBER;FUELSJU;400000;MATCHED;0.00;0.00;NONE;b3cbb652-0d88-5b1e-8a38-6fe4fcda0e08;12312.51;1.6263;20023.76;WITHIN;
91480420-932c-5e73-8484-1ed3a9bad8f1;80f6a1e8-6319-5032-9e05-bd8a5ee84bf2;310;c3d4e5f6-3333-4000-8000-000000000001;Jet A into-plane SJU B61990 25Sep N662JB;4500301101;00010;13701.000;LTR;1.3038;17863.36;V0;0.00;33dafe9d-5da6-5c21-bc01-4176dec979e0;996935c2-fdac-5048-81c4-91be905ffd02;PMA-SJU-755484;324c7211-bb49-5d50-8b0a-2f7195f7f4f8;4500301101;5000301101;TICKET_NUMBER;FUELSJU;400000;MATCHED;0.00;0.00;NONE;edc71c85-22f6-5f50-8dc8-28f9547d786a;10996.42;1.6245;17863.36;WITHIN;
d0e21ebb-77e9-54d0-a06e-90732390fcb4;80f6a1e8-6319-5032-9e05-bd8a5ee84bf2;320;c3d4e5f6-3333-4000-8000-000000000001;Jet A into-plane SJU B6154 25Sep N768JB;4500301150;00010;7191.000;LTR;1.3038;9375.63;V0;0.00;30910186-479e-5e6b-8672-e6a1cc213ea0;97ecb497-6056-5495-baf2-6b9a42f31182;PMA-SJU-755485;2d039020-0a78-5b6c-93f2-c932a5bd7a25;4500301150;5000301150;TICKET_NUMBER;FUELSJU;400000;MATCHED;0.00;0.00;NONE;491934fa-60a9-52ad-9196-617c38af526e;5739.86;1.6334;9375.63;WITHIN;
0062f4a8-9e3a-52a8-9105-afe9c219ff37;80f6a1e8-6319-5032-9e05-bd8a5ee84bf2;330;c3d4e5f6-3333-4000-8000-000000000001;Jet A into-plane SJU B62602 25Sep N3298J;4500301173;00010;10172.000;LTR;1.3038;13262.25;V0;0.00;af421785-ae0a-5e28-8c42-3e71e22ecc05;2bf8d803-45d0-5277-8812-ad2346d16c72;PMA-SJU-755487;d27182e9-cc30-52e6-bb6f-2dcd3732f8ec;4500301173;5000301173;TICKET_NUMBER;FUELSJU;400000;MATCHED;0.00;0.00;NONE;8fed1f90-21d9-5012-a9c1-8c45b0d5b8cf;8152.86;1.6267;13262.25;WITHIN;
b5a36a06-2517-5c44-8672-e657e427b8fa;80f6a1e8-6319-5032-9e05-bd8a5ee84bf2;340;c3d4e5f6-3333-4000-8000-000000000001;Jet A into-plane SJU B61348 25Sep N594JB;4500301195;00010;10303.000;LTR;1.3038;13433.05;V0;0.00;5ce3894e-8ade-56c9-8ad9-193204da88a2;cd1b76a4-ce34-536f-bed5-9338d03ecaa9;PMA-SJU-755490;794b64a7-616d-59db-a035-fd5d6fc27ae8;4500301195;5000301195;TICKET_NUMBER;FUELSJU;400000;MATCHED;0.00;0.00;NONE;b42ce5f1-17d2-536b-bd77-ff7281452e2f;8252.7;1.6277;13433.05;WITHIN;
a0164ae9-26a5-55ce-96c3-31c46b2068d7;80f6a1e8-6319-5032-9e05-bd8a5ee84bf2;350;c3d4e5f6-3333-4000-8000-000000000001;Jet A into-plane SJU B62134 25Sep N627JB;4500301213;00010;7576.000;LTR;1.3038;9877.59;V0;0.00;b7b0c5b6-a965-5e6c-8c54-1ca5ecdc7951;2871823b-afd5-5b7c-b66b-5b0b7ae49172;PMA-SJU-755491;4a73baa2-ca8b-5227-b68a-17f7128d5a3f;4500301213;5000301213;TICKET_NUMBER;FUELSJU;400000;MATCHED;0.00;0.00;NONE;907240bc-56e6-5f82-a4f7-6e4eadca7234;6065.35;1.6285;9877.59;WITHIN;
39416dab-ce87-56ce-a2bb-ad8383e3936d;80f6a1e8-6319-5032-9e05-bd8a5ee84bf2;360;c3d4e5f6-3333-4000-8000-000000000001;Jet A into-plane SJU B6462 25Sep N708JB;4500301240;00010;13570.000;LTR;1.3038;17692.57;V0;0.00;99933977-a91c-59d4-996a-06710ca9abcc;4d7129ee-03e6-5d4a-ba3a-9c064fba6f18;PMA-SJU-755494;6514bd83-ca83-5c4b-a79a-05a889a46993;4500301240;5000301240;TICKET_NUMBER;FUELSJU;400000;MATCHED;0.00;0.00;NONE;8ab6aabe-1a10-56d1-be66-5fba753ca92a;10868.21;1.6279;17692.57;WITHIN;
854dce72-4409-5d64-9b2d-8818b72e9461;80f6a1e8-6319-5032-9e05-bd8a5ee84bf2;370;c3d4e5f6-3333-4000-8000-000000000001;Jet A into-plane SJU B6234 26Sep N760JB;4500301390;00010;13582.000;LTR;1.3117;17815.51;V0;0.00;76300e25-9c44-5e5f-a426-a1b40b664a70;3ea4ae80-811b-56d4-a93d-548e4cea3e7d;PMA-SJU-755496;ef2a2b8f-e3a4-5a4f-9dc2-715796629b6f;4500301390;5000301390;TICKET_NUMBER;FUELSJU;400000;MATCHED;0.00;0.00;NONE;25ddc8e2-51b6-5a4a-b099-fef833020e5f;10883.26;1.637;17815.51;WITHIN;
a0c13627-294f-59f6-b980-34a0e6c8b8af;80f6a1e8-6319-5032-9e05-bd8a5ee84bf2;380;c3d4e5f6-3333-4000-8000-000000000001;Jet A into-plane SJU B6562 26Sep N793JB;4500301391;00010;11810.000;LTR;1.3117;15491.18;V0;0.00;80d7c253-d726-5808-acf9-656ad5e60a25;eef4fb6c-e7ff-5ddf-81d1-ab6e709d0168;PMA-SJU-755499;ce53dd76-3272-5970-a261-65a334848919;4500301391;5000301391;TICKET_NUMBER;FUELSJU;400000;MATCHED;0.00;0.00;NONE;8d468c72-bf84-5af6-8cc5-75c03747a0c3;9465.72;1.6366;15491.18;WITHIN;
9e616cfb-a8d7-519e-ac10-7b41b3abde18;80f6a1e8-6319-5032-9e05-bd8a5ee84bf2;390;c3d4e5f6-3333-4000-8000-000000000001;Jet A into-plane SJU B62904 26Sep N537JT;4500301424;00010;10588.000;LTR;1.3117;13888.28;V0;0.00;47066685-45a7-5fbe-b97e-b0860634a89c;9b0cfd5d-5ece-5988-be7b-81ed3de1297e;PMA-SJU-755500;84de89b1-b1f0-5652-bd53-3587778c5132;4500301424;5000301424;TICKET_NUMBER;FUELSJU;400000;MATCHED;0.00;0.00;NONE;3070ea52-2dad-51d2-954e-7be83eac7c68;8492.63;1.6353;13888.28;WITHIN;
c087d702-da76-5f27-bf64-eda36e03deb5;80f6a1e8-6319-5032-9e05-bd8a5ee84bf2;400;c3d4e5f6-3333-4000-8000-000000000001;Jet A into-plane SJU B61048 26Sep N646JB;4500301459;00010;10966.000;LTR;1.3117;14384.10;V0;0.00;ae6d5783-11cb-5f4d-90ca-9cefa8254051;fccda229-1910-51e5-9561-a7d9f5f302c8;PMA-SJU-755501;681c13fe-82ee-5252-ac30-865fd6d70293;4500301459;5000301459;TICKET_NUMBER;FUELSJU;400000;MATCHED;0.00;0.00;NONE;5c10038c-534c-5b58-916a-8dca9550d1a9;8789.25;1.6366;14384.1;WITHIN;
63cffee9-f96c-5528-8017-b1337d879c4e;80f6a1e8-6319-5032-9e05-bd8a5ee84bf2;410;c3d4e5f6-3333-4000-8000-000000000001;Jet A into-plane SJU B61134 26Sep N779JB;4500301496;00010;11827.000;LTR;1.3117;15513.48;V0;0.00;3da45f57-3613-5ea3-93bb-e76723a71fe2;21368a27-0b9f-5632-996c-f03983cbca57;PMA-SJU-755504;ae361013-78da-5414-a6a0-6884a3ce0cb4;4500301496;5000301496;TICKET_NUMBER;FUELSJU;400000;MATCHED;0.00;0.00;NONE;2c4dac59-7338-5cec-88e4-a87d2dd6d235;9430.85;1.645;15513.48;WITHIN;
1cb3bc30-cf32-5423-9af0-59aaa634d6e0;80f6a1e8-6319-5032-9e05-bd8a5ee84bf2;420;c3d4e5f6-3333-4000-8000-000000000001;Jet A into-plane SJU B6276 26Sep N593JB;4500301498;00010;11371.000;LTR;1.3117;14915.34;V0;0.00;633364a3-76dc-5e93-a0cf-b15f0b317c72;3ac89f36-fca9-5435-8bb6-f20abdce5715;PMA-SJU-755506;ef2ffff6-af31-5db7-822f-3b6c3ae9ffa1;4500301498;5000301498;TICKET_NUMBER;FUELSJU;400000;MATCHED;0.00;0.00;NONE;8eb59e76-470b-570d-8765-f79c2a5c8865;9108.17;1.6376;14915.34;WITHIN;
e91caf54-bc31-5ed2-8d4d-83c545ed935e;80f6a1e8-6319-5032-9e05-bd8a5ee84bf2;430;c3d4e5f6-3333-4000-8000-000000000001;Jet A into-plane SJU B62154 26Sep N625JB;4500301514;00010;6791.000;LTR;1.3117;8907.75;V0;0.00;a1b96a22-b6f3-5dd0-add0-5a3c5a58100f;8334d0dd-b2d1-5ef8-b84a-2a3d0b57b56d;PMA-SJU-755507;1f3a27a4-b306-5e99-a4fb-4e8c8aa711b3;4500301514;5000301514;TICKET_NUMBER;FUELSJU;400000;MATCHED;0.00;0.00;NONE;a4c8c165-60b9-5d52-85db-3313c0624dd9;5423.29;1.6425;8907.75;WITHIN;
dcb26167-3832-5e3c-afd5-39d2077fddc1;80f6a1e8-6319-5032-9e05-bd8a5ee84bf2;440;c3d4e5f6-3333-4000-8000-000000000001;Jet A into-plane SJU B6452 26Sep N954JB;4500301528;00010;10390.000;LTR;1.3117;13628.56;V0;0.00;5900365c-c52c-59e6-b0b6-acb8170669b8;d2a4ef4d-d15d-53ed-aec0-22ea1067573c;PMA-SJU-755509;5f088ebe-a1cb-5ac2-971a-acf10458f29f;4500301528;5000301528;TICKET_NUMBER;FUELSJU;400000;MATCHED;0.00;0.00;NONE;765dfd6d-7bd9-5b61-94f8-baaeeec053ad;8299.53;1.6421;13628.56;WITHIN;
9bd1f609-9671-5121-9aaa-39cfc38f9d3e;80f6a1e8-6319-5032-9e05-bd8a5ee84bf2;450;c3d4e5f6-3333-4000-8000-000000000001;Jet A into-plane SJU B62896 26Sep N661JB;4500301594;00010;22502.000;LTR;1.3117;29515.87;V0;0.00;6c1ec549-c5c9-5f99-b3fc-24236e791a65;dbfd56ba-e895-5180-ab4a-8cb867ba83b0;PMA-SJU-755511;2783a5f3-7fb1-53a9-8ed8-566f59caa94f;4500301594;5000301594;TICKET_NUMBER;FUELSJU;400000;MATCHED;0.00;0.00;NONE;33cde6e9-9793-5cd9-b27e-d89b5999a637;17970.1;1.6425;29515.87;WITHIN;
df0fab9f-ef10-5cae-bae8-efa9f3faa2e7;80f6a1e8-6319-5032-9e05-bd8a5ee84bf2;460;c3d4e5f6-3333-4000-8000-000000000001;Jet A into-plane SJU B61004 26Sep N997JL;4500301631;00010;14000.000;LTR;1.3117;18363.80;V0;0.00;f9f82bf2-0d0f-5d26-8e6c-ee04777df6c2;d874fc4b-87e2-55ba-8a99-02da82274110;PMA-SJU-755513;866b446a-c7a6-5f9c-93f2-95e418b8d1f1;4500301631;5000301631;TICKET_NUMBER;FUELSJU;400000;MATCHED;0.00;0.00;NONE;fab58654-033b-51a5-abf2-2e3d7e2cb0cc;11194.4;1.6404;18363.8;WITHIN;
94305208-a923-5ce0-9133-8cc9bf438359;80f6a1e8-6319-5032-9e05-bd8a5ee84bf2;470;c3d4e5f6-3333-4000-8000-000000000001;Jet A into-plane SJU B6634 26Sep N636JB;4500301645;00010;12835.000;LTR;1.3117;16835.67;V0;0.00;e96067c2-2cba-52f1-baa5-98d8daccb3ed;753dd5a3-2788-57ed-a5fb-ab4ca2efae33;PMA-SJU-755515;ceca651e-4fd0-5fb9-b457-5147c712d30f;4500301645;5000301645;TICKET_NUMBER;FUELSJU;400000;MATCHED;0.00;0.00;NONE;09e84120-4405-565a-b9df-8dad66eb4b16;10255.17;1.6417;16835.67;WITHIN;
e9258f5c-7b8a-5092-ad27-72f057fed129;80f6a1e8-6319-5032-9e05-bd8a5ee84bf2;480;c3d4e5f6-3333-4000-8000-000000000001;Jet A into-plane SJU B61454 26Sep N794JB;4500301688;00010;7282.000;LTR;1.3117;9551.80;V0;0.00;612e85fe-0b3e-51f6-bc38-62a54b254fa5;e5a6ef76-1d81-52ae-91f3-e5e9c568b178;PMA-SJU-755517;d044be16-8cf8-5487-9a7c-fb6826c0aff6;4500301688;5000301688;TICKET_NUMBER;FUELSJU;400000;MATCHED;0.00;0.00;NONE;9a87a360-16ce-5ae5-83df-7faf0fa70b23;5808.12;1.6446;9551.8;WITHIN;
53d78467-d93f-5866-99e5-3007ca1ecaaa;80f6a1e8-6319-5032-9e05-bd8a5ee84bf2;490;c3d4e5f6-3333-4000-8000-000000000001;Jet A into-plane SJU B6606 26Sep N608JB;4500301695;00010;15207.000;LTR;1.3117;19947.02;V0;0.00;f8f7ff08-48e3-502c-becc-478e91b8f2fd;f1301784-0a0d-5069-a66a-bc6fda7bfe45;PMA-SJU-755518;46026b62-784f-506a-8ed3-824e3bb5735d;4500301695;5000301695;TICKET_NUMBER;FUELSJU;400000;MATCHED;0.00;0.00;NONE;1e6a4c1d-fcd4-56e8-b6bd-d590e7d4f2c1;12147.35;1.6421;19947.02;WITHIN;
ff735190-dcd1-5731-9171-8e21246d91d9;80f6a1e8-6319-5032-9e05-bd8a5ee84bf2;500;c3d4e5f6-3333-4000-8000-000000000001;Jet A into-plane SJU B6934 26Sep N996JL;4500301705;00010;8970.000;LTR;1.3117;11765.95;V0;0.00;da709ffe-4c6d-55bb-b0e1-fb445e0c9381;cf97f824-0fb9-55b5-8149-9226e6b56b51;PMA-SJU-755519;c9e7ef64-d684-5f28-973c-92ece8992cd6;4500301705;5000301705;TICKET_NUMBER;FUELSJU;400000;MATCHED;0.00;0.00;NONE;c9b77cbf-0dc8-543e-bc30-23e14a236a0a;7170.62;1.6409;11765.95;WITHIN;
999032a7-6748-5dc8-b429-c079a3d3ee74;80f6a1e8-6319-5032-9e05-bd8a5ee84bf2;510;c3d4e5f6-3333-4000-8000-000000000001;Jet A into-plane SJU B6154 26Sep N779JB;4500301741;00010;8411.000;LTR;1.3117;11032.71;V0;0.00;69bbb18d-27b8-5b72-a427-64aafbb84544;27403e3d-a0f1-5612-8352-1a49b3871ebe;PMA-SJU-755522;8e1770f1-2603-5201-925b-5fb5e62196b6;4500301741;5000301741;TICKET_NUMBER;FUELSJU;400000;MATCHED;0.00;0.00;NONE;cf59d8c0-fef9-5818-90a6-65ff23028395;6733.85;1.6384;11032.71;WITHIN;
8dd03917-2fa5-5f76-9d0a-3ded58b5a468;3a787a97-9283-51ce-afac-8e9de7ec53ef;10;013573ad-8e1e-50ab-bfd5-140b70dbab8b;Jet A into-plane SLC B6372 23Sep N3169J;4500300090;00010;9567.000;LTR;1.2674;12125.22;U1;111.21;a3e3a2dd-a1cb-5556-85ce-4145023f4227;074b01e4-6667-5b56-bd30-b76ea2c970e2;CGA-SLC-512650;982fe7a3-d88e-5746-b6e5-b197f8215cc6;4500300090;5000300090;TICKET_NUMBER;FUELSLC;400000;MATCHED;0.00;0.00;NONE;11fb7811-2dd7-547c-a320-87f6672b1f1e;7665.08;1.5819;12125.22;WITHIN;
1151dcd7-34ef-5c82-acb6-42a12c585674;3a787a97-9283-51ce-afac-8e9de7ec53ef;20;013573ad-8e1e-50ab-bfd5-140b70dbab8b;Jet A into-plane SLC B62120 25Sep N595JB;4500300733;00010;11359.000;LTR;1.2859;14606.54;U1;132.04;e4482185-60e2-5be3-b77c-59cc72dc782f;85aaa8f2-c187-558e-a572-e21064df4734;CGA-SLC-512651;75975114-24ce-5576-aa0a-0fd8579b016c;4500300733;5000300733;TICKET_NUMBER;FUELSLC;400000;MATCHED;0.00;0.00;NONE;9def09a6-90fc-5742-b96c-17dc7aba3f02;9131.5;1.5996;14606.54;WITHIN;
9f1f109c-e642-56ec-8fdc-e3ff41b420fc;3a787a97-9283-51ce-afac-8e9de7ec53ef;30;013573ad-8e1e-50ab-bfd5-140b70dbab8b;Jet A into-plane SLC B6372 25Sep N3291J;4500300735;00010;8172.000;LTR;1.2859;10508.37;U1;94.99;c01d7f5e-b4ba-5c30-9750-7b357ef3098a;deb3729a-c389-52c1-86aa-dc0adf002522;CGA-SLC-512654;d0a0c3f8-5519-5155-8463-b9dec40877c5;4500300735;5000300735;TICKET_NUMBER;FUELSLC;400000;MATCHED;0.00;0.00;NONE;6cbbcad8-5a35-5c1d-a2d0-520294a1b91b;6582.55;1.5964;10508.37;WITHIN;
350b4b06-e841-56a4-9a5e-0273e7e658ad;3a787a97-9283-51ce-afac-8e9de7ec53ef;40;013573ad-8e1e-50ab-bfd5-140b70dbab8b;Jet A into-plane SLC B6372 25Sep N3215J;4500301372;00010;8568.000;LTR;1.2859;11017.59;U1;99.59;0bde46cc-963e-5712-b0ab-3f7bd7d70cee;5f8fae14-291d-5e0e-af00-2b3dfe6e9de0;CGA-SLC-512657;a44e2dc2-12f2-572f-a349-1b0358c67a40;4500301372;5000301372;TICKET_NUMBER;FUELSLC;400000;MATCHED;0.00;0.00;NONE;751e88ef-7e56-5954-b595-4edc61ffb64a;6878.39;1.6018;11017.59;WITHIN;
255d6bcf-2d04-5574-a025-2247dc9a2853;9b963cc2-6cb0-5663-b06e-6bb4f4fc8b3c;10;013573ad-8e1e-50ab-bfd5-140b70dbab8b;Jet A into-plane SMF B6162 23Sep N970JB;4500300096;00010;17610.000;LTR;1.3462;23706.58;U1;204.70;fdf17d78-b69b-54ed-8a7e-2680b8891a0d;e160de0b-2409-51f6-be0f-a70068a3ff1f;CGA-SMF-257446;77ead020-62bb-5fc8-86d9-34a2fc1e58c5;4500300096;5000300096;TICKET_NUMBER;FUELSMF;400000;MATCHED;0.00;0.00;NONE;1a715607-84d2-5337-9d45-bba58932f26e;14065.11;1.6855;23706.58;WITHIN;
3829f19b-6803-5a26-b85a-6f0bfb7c25da;9b963cc2-6cb0-5663-b06e-6bb4f4fc8b3c;20;013573ad-8e1e-50ab-bfd5-140b70dbab8b;Jet A into-plane SMF B6162 24Sep N970JB;4500300736;00010;18029.000;LTR;1.3541;24413.07;U1;209.57;09213c1f-1165-546a-a4d6-dc488cc5aeb4;5a0fadfc-e29b-5f1e-a516-ddc85b94810a;CGA-SMF-257447;73235c1a-5b22-504c-a42e-1a85ae63db98;4500300736;5000300736;TICKET_NUMBER;FUELSMF;400000;MATCHED;0.00;0.00;NONE;b478f461-f158-54e2-8d72-df1be709bbaa;14531.37;1.68;24413.07;WITHIN;
0d9d922f-98b8-573e-baf6-21e35e3073a4;9b963cc2-6cb0-5663-b06e-6bb4f4fc8b3c;30;013573ad-8e1e-50ab-bfd5-140b70dbab8b;Jet A into-plane SMF B6162 25Sep N999JQ;4500301375;00010;18474.000;LTR;1.3647;25211.47;U1;214.74;9c1cc822-60d3-57c0-9e5c-6b7e96b23e06;2d781268-d179-55c9-8609-2774bf56347b;CGA-SMF-257450;0cb2a692-b2bf-5508-ba1d-f6ce8789ae96;4500301375;5000301375;TICKET_NUMBER;FUELSMF;400000;MATCHED;0.00;0.00;NONE;cad6d97b-db08-593c-89e0-c44f54c78817;14686.83;1.7166;25211.47;WITHIN;
998be58b-7c7a-5553-a4dc-9d8dfdf7e30a;fa734093-00f7-5e56-afa1-1d1cf0f8bae3;10;013573ad-8e1e-50ab-bfd5-140b70dbab8b;Jet A into-plane SRQ B6164 24Sep N3112J;4500300605;00010;7809.000;LTR;1.2717;9930.71;U1;90.77;47922646-abda-51bb-aeb6-56437540b1db;984471fb-00be-5c9c-9bb8-c279322a46e9;AVF-SRQ-376433;64547430-2ba1-578a-88a2-1f8e1fb4e0f9;4500300605;5000300605;TICKET_NUMBER;FUELSRQ;400000;MATCHED;0.00;0.00;NONE;5e78bfcc-1f24-5082-a901-7aa80ce482f2;6237.05;1.5922;9930.71;WITHIN;
4867de7a-ab07-5478-b3a2-ce633be9be19;c993241b-5107-54e0-a641-c6ba0527c1db;10;013573ad-8e1e-50ab-bfd5-140b70dbab8b;Jet A into-plane SYR B61515 24Sep N3138J;4500300110;00010;2591.000;LTR;1.3525;3504.33;U1;30.12;bb9ef5ba-211b-57f6-9ba1-b195f2c30fd9;9d8fb0dd-01da-5cfd-bc8e-63ff0fc57d89;WFS-SYR-619674;dabc3401-3f16-5ba9-b597-d11c70e057f0;4500300110;5000300110;TICKET_NUMBER;FUELSYR;400000;MATCHED;0.00;0.00;NONE;6ddabad0-d8e5-588b-8973-6aa9451f1fb3;2081.35;1.6837;3504.33;WITHIN;
d89a52e6-92af-5f98-9961-dfd2716f1184;c993241b-5107-54e0-a641-c6ba0527c1db;20;013573ad-8e1e-50ab-bfd5-140b70dbab8b;Jet A into-plane SYR B6374 24Sep N3121J;4500300250;00010;3076.000;LTR;1.3525;4160.29;U1;35.76;52d5196f-e53f-5337-9351-fff6900e06c4;b4382a85-cfe1-5513-8507-787b3a0167b3;WFS-SYR-619676;0dbde1e8-2662-595c-9e96-156d187b3686;4500300250;5000300250;TICKET_NUMBER;FUELSYR;400000;MATCHED;0.00;0.00;NONE;8beb2509-fe3d-5024-887e-8d3199ef9053;2471.57;1.6833;4160.29;WITHIN;
26c3f7dd-2298-5f46-9c80-115be6a32ff5;c993241b-5107-54e0-a641-c6ba0527c1db;30;013573ad-8e1e-50ab-bfd5-140b70dbab8b;Jet A into-plane SYR B62655 24Sep N3272J;4500300492;00010;6062.000;LTR;1.3525;8198.85;U1;70.46;173e8fe1-92f4-5711-b4ae-80a6bea5524f;e5c6ea18-e668-5cd9-83f4-3e2b74082f74;WFS-SYR-619679;349d4b20-35f4-56d6-982b-1fdc1f7cde95;4500300492;5000300492;TICKET_NUMBER;FUELSYR;400000;MATCHED;0.00;0.00;NONE;a3d2f76b-a708-555e-afc0-6aa5874fd7e5;4881.73;1.6795;8198.85;WITHIN;
2c91e601-8d49-5fe0-a771-489108fab7dd;c993241b-5107-54e0-a641-c6ba0527c1db;40;013573ad-8e1e-50ab-bfd5-140b70dbab8b;Jet A into-plane SYR B61515 25Sep N3023J;4500300749;00010;2067.000;LTR;1.3631;2817.53;U1;24.03;ad88396b-a230-5f26-8975-883ab9ea493e;3da3f9e4-c630-53d6-8836-6d3e7d3c7124;WFS-SYR-619684;58e97f58-dd7f-588e-9ab7-53daa51b87d9;4500300749;5000300749;TICKET_NUMBER;FUELSYR;400000;MATCHED;0.00;0.00;NONE;0263a3d2-4b36-580f-98ee-842eef8f94b0;1651.53;1.706;2817.53;WITHIN;
3590f0e5-7faa-547e-a5ff-0fb5a83451fa;c993241b-5107-54e0-a641-c6ba0527c1db;50;013573ad-8e1e-50ab-bfd5-140b70dbab8b;Jet A into-plane SYR B6374 25Sep N3271J;4500300908;00010;3101.000;LTR;1.3631;4226.97;U1;36.05;a83cb7e2-468d-571b-9dbb-0deb155baaa6;d11c2b62-aff5-523f-904f-a8edb900392d;WFS-SYR-619685;b5fc0267-d2cd-5cdd-b4d5-c363091e0043;4500300908;5000300908;TICKET_NUMBER;FUELSYR;400000;MATCHED;0.00;0.00;NONE;19ff9a2d-9552-5b32-b103-dc8bb1c31de5;2467.16;1.7133;4226.97;WITHIN;
a455c78d-1b7b-54c5-8a58-f0dca0538499;c993241b-5107-54e0-a641-c6ba0527c1db;60;013573ad-8e1e-50ab-bfd5-140b70dbab8b;Jet A into-plane SYR B62655 25Sep N3138J;4500301135;00010;6421.000;LTR;1.3631;8752.47;U1;74.64;f11f9015-77cc-5e9c-b492-8a02e4adb760;ffcdc058-e597-506e-976b-a63d206ca6e9;WFS-SYR-619687;5c9112f3-cc9a-5ca8-b382-eb3ad23ade91;4500301135;5000301135;TICKET_NUMBER;FUELSYR;400000;MATCHED;0.00;0.00;NONE;cac529b8-65ea-5c22-860f-4349bdd823e3;5123.32;1.7084;8752.47;WITHIN;
2a766ad3-6421-5647-94b6-4a3ef7a7afcd;c993241b-5107-54e0-a641-c6ba0527c1db;70;013573ad-8e1e-50ab-bfd5-140b70dbab8b;Jet A into-plane SYR B61739 25Sep N659JB;4500301248;00010;6812.000;LTR;1.3631;9285.44;U1;79.18;3a1d59c5-e514-55fc-96cf-5b716ea56dd7;9a83e80b-40ff-513e-9bec-a6693715a3f4;WFS-SYR-619688;34941842-1d62-5a00-897c-0835a07a1e4a;4500301248;5000301248;TICKET_NUMBER;FUELSYR;400000;MATCHED;0.00;0.00;NONE;08619437-64df-5f8c-805d-38f6f8e61f7c;5442.11;1.7062;9285.44;WITHIN;
0c693a90-a223-5256-a0f3-2bede9b503ec;c993241b-5107-54e0-a641-c6ba0527c1db;80;013573ad-8e1e-50ab-bfd5-140b70dbab8b;Jet A into-plane SYR B61515 26Sep N3291J;4500301386;00010;2748.000;LTR;1.3710;3767.51;U1;31.94;cd5b64d7-c883-5307-91b1-e9b788c55fb6;5c773a02-ad08-5728-ae31-85423e1d14a6;WFS-SYR-619689;068b6c28-99d3-559a-8e78-b1a8846fce68;4500301386;5000301386;TICKET_NUMBER;FUELSYR;400000;MATCHED;0.00;0.00;NONE;6b2f54fb-902d-53f5-bfd9-9b9b75bcbe22;2216.54;1.6997;3767.51;WITHIN;
46ce4e2d-82a9-5193-b17b-c886022345c5;c993241b-5107-54e0-a641-c6ba0527c1db;90;013573ad-8e1e-50ab-bfd5-140b70dbab8b;Jet A into-plane SYR B6374 26Sep N3123J;4500301524;00010;3579.000;LTR;1.3710;4906.81;U1;41.60;3027ceaf-dd45-5352-90c9-a6390bae5a03;aa9385d5-a594-5597-bf87-b851b91fee43;WFS-SYR-619690;f348d9ad-cfd4-5ce0-85c9-1e11af49a693;4500301524;5000301524;TICKET_NUMBER;FUELSYR;400000;MATCHED;0.00;0.00;NONE;3916a34b-f21b-58a0-9e5f-e3b5d5bfd0f0;2896.48;1.6941;4906.81;WITHIN;
449e34b8-0ca0-56bc-96c5-408c2ffbae8e;c993241b-5107-54e0-a641-c6ba0527c1db;100;013573ad-8e1e-50ab-bfd5-140b70dbab8b;Jet A into-plane SYR B62655 26Sep N3157J;4500301740;00010;5475.000;LTR;1.3710;7506.23;U1;63.64;ea717565-caa8-5070-95d3-53d9b42f43fe;36358c3f-4c67-5ef2-988e-71432f74de27;WFS-SYR-619692;3305a05a-2193-525a-9dda-92910350245f;4500301740;5000301740;TICKET_NUMBER;FUELSYR;400000;MATCHED;0.00;0.00;NONE;93eece6e-a454-5455-a3cd-3c2cb6fe495b;4408.47;1.7027;7506.23;WITHIN;
b1fa2cc4-5b57-575a-9cb3-5fd7abf8a988;034cee1b-2547-5624-8216-41d12a3252de;10;013573ad-8e1e-50ab-bfd5-140b70dbab8b;Jet A into-plane TPA B61192 24Sep N965JT;4500300151;00010;8933.000;LTR;1.2208;10905.41;U1;103.84;01ada591-aef1-5c2c-b37c-f9b9cd1abe0c;93c2c5b6-7754-5ad7-8e7d-1cc1b2aa395b;BPA-TPA-704078;234f02c4-5afe-575e-8e95-5bc9bbe6dcd4;4500300151;5000300151;TICKET_NUMBER;FUELTPA;400000;MATCHED;0.00;0.00;NONE;bf94d1a0-ef73-5de6-a6d0-2db486227dd8;7175.88;1.5197;10905.41;WITHIN;
751505ce-5cb1-5a3a-b206-69153ac0df60;034cee1b-2547-5624-8216-41d12a3252de;20;013573ad-8e1e-50ab-bfd5-140b70dbab8b;Jet A into-plane TPA B6226 24Sep N821JB;4500300182;00010;5677.000;LTR;1.2208;6930.48;U1;65.99;96b9ec77-5464-5ddd-917f-5bedc235b1fa;98dc26db-e7c9-555d-93bc-108778791572;BPA-TPA-704079;81b29588-9b13-5bee-8bf6-f3e06db417f1;4500300182;5000300182;TICKET_NUMBER;FUELTPA;400000;MATCHED;0.00;0.00;NONE;c6b77786-47e2-5feb-80cb-f242e261d3fd;4567.71;1.5173;6930.48;WITHIN;
d482b094-097d-501d-880e-01b5cf68876b;034cee1b-2547-5624-8216-41d12a3252de;30;013573ad-8e1e-50ab-bfd5-140b70dbab8b;Jet A into-plane TPA B61906 24Sep N564JB;4500300225;00010;1672.000;LTR;1.2208;2041.18;U1;19.44;1a56deda-714b-5d6d-8867-37055412f85f;310097c6-dd58-5fac-9b67-773dfa83702f;BPA-TPA-704080;efdeb0df-7b0d-5304-b992-9cf71a8f23fe;4500300225;5000300225;TICKET_NUMBER;FUELTPA;400000;MATCHED;0.00;0.00;NONE;3fc93e8b-03ec-5533-b528-5902df0214f5;1349.3;1.5128;2041.18;WITHIN;
62405a4f-0494-55ae-9a3b-eb2633aeec03;034cee1b-2547-5624-8216-41d12a3252de;40;013573ad-8e1e-50ab-bfd5-140b70dbab8b;Jet A into-plane TPA B6692 24Sep N703JB;4500300347;00010;8625.000;LTR;1.2208;10529.40;U1;100.26;96cf0449-8849-59bf-8b1b-6246cb34ec65;e36802db-d248-5863-9aa9-fa8ce97f412b;BPA-TPA-704083;0f8ce6ff-b21a-5ca3-85ef-1cf96d04ba54;4500300347;5000300347;TICKET_NUMBER;FUELTPA;400000;MATCHED;0.00;0.00;NONE;ea34031c-763d-50d3-8bda-ced51262ac51;6932.77;1.5188;10529.4;WITHIN;
6e12c16a-0cc8-559e-8fe6-9fb1cdf7c30e;034cee1b-2547-5624-8216-41d12a3252de;50;013573ad-8e1e-50ab-bfd5-140b70dbab8b;Jet A into-plane TPA B61751 24Sep N999JQ;4500300396;00010;10568.000;LTR;1.2208;12901.41;U1;122.84;4feff486-8f0e-5a83-97a3-eece32c30297;5c9f8dd7-db2a-53af-aa66-42337dea4e3f;BPA-TPA-704084;18893757-e053-5b56-920b-a2abc6177ed4;4500300396;5000300396;TICKET_NUMBER;FUELTPA;400000;MATCHED;0.00;0.00;NONE;2c747939-c32a-5e2d-9fc7-abc263923e7b;8520.98;1.5141;12901.41;WITHIN;
6fb6aef5-0121-57b6-9299-43e23c72de15;034cee1b-2547-5624-8216-41d12a3252de;60;013573ad-8e1e-50ab-bfd5-140b70dbab8b;Jet A into-plane TPA B62076 24Sep N645JB;4500300408;00010;2747.000;LTR;1.2208;3353.54;U1;31.93;c35faefc-40ba-5530-87d7-924c7a21e417;a3b654fd-23b4-5e82-b289-b9a4b0ea4238;BPA-TPA-704086;9a9c0f49-33e0-50a6-97aa-6d92da9c2d2a;4500300408;5000300408;TICKET_NUMBER;FUELTPA;400000;MATCHED;0.00;0.00;NONE;74dff572-d0aa-52c1-899c-bce6b341d90e;2213.26;1.5152;3353.54;WITHIN;
504511a1-a6ed-5456-8aca-560298e4d454;034cee1b-2547-5624-8216-41d12a3252de;70;013573ad-8e1e-50ab-bfd5-140b70dbab8b;Jet A into-plane TPA B62726 24Sep N965JT;4500300454;00010;7489.000;LTR;1.2208;9142.57;U1;87.05;180b47cd-d2a1-5b51-b214-99ea21d734bf;e1e41007-364d-5044-8031-e36de1c8c87f;BPA-TPA-704088;dba1b97d-6457-5428-9f23-f518a1bb4699;4500300454;5000300454;TICKET_NUMBER;FUELTPA;400000;MATCHED;0.00;0.00;NONE;997fe1f8-1f56-53ef-b8f8-6b96467e7099;6019.66;1.5188;9142.57;WITHIN;
64a95f7d-4168-5380-a865-e9467aadd678;034cee1b-2547-5624-8216-41d12a3252de;80;013573ad-8e1e-50ab-bfd5-140b70dbab8b;Jet A into-plane TPA B6592 24Sep N556JB;4500300542;00010;7807.000;LTR;1.2208;9530.79;U1;90.75;17f9d6c5-0457-57a1-b4a7-267dc42ba3d1;ff8514ed-3a39-5307-9730-6029467398b3;BPA-TPA-704090;58f3eda3-56ec-5b8e-9469-37781c6c4eb4;4500300542;5000300542;TICKET_NUMBER;FUELTPA;400000;MATCHED;0.00;0.00;NONE;46dc6a21-9bde-5df2-8671-976d6b4ec9cb;6289.32;1.5154;9530.79;WITHIN;
2c7b267d-5097-5784-9d55-1969430460fa;034cee1b-2547-5624-8216-41d12a3252de;90;013573ad-8e1e-50ab-bfd5-140b70dbab8b;Jet A into-plane TPA B6548 24Sep N527JL;4500300616;00010;7092.000;LTR;1.2208;8657.91;U1;82.44;8b4ddf9a-488a-55fd-ba24-e5d7d564f33a;cc6ef5ec-d4db-56be-a543-d84b00b69c12;BPA-TPA-704092;7f5f60de-5c72-5d3e-943f-5b6d286a7724;4500300616;5000300616;TICKET_NUMBER;FUELTPA;400000;MATCHED;0.00;0.00;NONE;ddd47f27-24d9-5250-844e-ecff55dcac3b;5698.42;1.5194;8657.91;WITHIN;
3d44b1e1-e71c-5c4a-9ef8-f3f4a2e1d2ff;034cee1b-2547-5624-8216-41d12a3252de;100;013573ad-8e1e-50ab-bfd5-140b70dbab8b;Jet A into-plane TPA B61192 25Sep N965JT;4500300797;00010;8806.000;LTR;1.2313;10842.83;U1;102.36;6addd00e-11b7-5375-9996-a566bfd473f7;7fda0360-466a-5d78-b510-5a082046207b;BPA-TPA-704094;a5d48f94-1de5-525e-b21d-091713c75628;4500300797;5000300797;TICKET_NUMBER;FUELTPA;400000;MATCHED;0.00;0.00;NONE;bc7cb174-708f-5929-84e8-3277fb3ba29d;7058.01;1.5362;10842.83;WITHIN;
0209bb6c-f7a4-57a2-8686-bb881a9ad1a2;034cee1b-2547-5624-8216-41d12a3252de;110;013573ad-8e1e-50ab-bfd5-140b70dbab8b;Jet A into-plane TPA B6226 25Sep N556JB;4500300816;00010;7596.000;LTR;1.2313;9352.95;U1;88.30;3be5f3cf-c46f-54bb-960a-7bd1aadd568b;3742c9c4-610f-59ee-b110-8eb530e302e0;BPA-TPA-704097;2a2f4fc6-a5c5-5c3c-a644-dd3325ba3668;4500300816;5000300816;TICKET_NUMBER;FUELTPA;400000;MATCHED;0.00;0.00;NONE;5b3e319d-9f10-52b8-8285-7e2d1b60dd4b;6072.24;1.5403;9352.95;WITHIN;
bdfd14ac-c21e-52c4-9ca1-83018ea0fa3d;034cee1b-2547-5624-8216-41d12a3252de;120;013573ad-8e1e-50ab-bfd5-140b70dbab8b;Jet A into-plane TPA B61906 25Sep N623JB;4500300888;00010;2932.000;LTR;1.2313;3610.17;U1;34.08;2e0a0e74-da5e-5adb-bf5c-78bfc6411120;c6c940dc-ba17-5e5c-ac6f-8059813bcd96;BPA-TPA-704100;7079b996-aed6-56ac-99db-73e462def659;4500300888;5000300888;TICKET_NUMBER;FUELTPA;400000;MATCHED;0.00;0.00;NONE;af7ac184-3869-5281-b582-c027a1088de8;2343.84;1.5403;3610.17;WITHIN;
881d1341-1463-5c9b-a918-1c4215c4e529;034cee1b-2547-5624-8216-41d12a3252de;130;013573ad-8e1e-50ab-bfd5-140b70dbab8b;Jet A into-plane TPA B6692 25Sep N703JB;4500300964;00010;10006.000;LTR;1.2313;12320.39;U1;116.31;0bc76414-bd6a-53b6-b946-6e5a8abd5244;2a2d73f1-824c-5385-abd3-a20ab2a3e3cf;BPA-TPA-704102;652798f5-d931-5fb1-897a-79c289d19c35;4500300964;5000300964;TICKET_NUMBER;FUELTPA;400000;MATCHED;0.00;0.00;NONE;8dcfb1fe-804c-57d0-a05d-35fb2fc8a566;7987.79;1.5424;12320.39;WITHIN;
5c96f79a-1863-5e82-a8dc-1afb584188b3;034cee1b-2547-5624-8216-41d12a3252de;140;013573ad-8e1e-50ab-bfd5-140b70dbab8b;Jet A into-plane TPA B62076 25Sep N659JB;4500301056;00010;2070.000;LTR;1.2313;2548.79;U1;24.06;6d429020-09b6-54aa-82ef-00c8bf406a3c;9abfb7c7-5d34-5097-9f6d-fecf3dd26887;BPA-TPA-704105;e305fc2f-76f3-5d3a-8337-3d831e7ef989;4500301056;5000301056;TICKET_NUMBER;FUELTPA;400000;MATCHED;0.00;0.00;NONE;aedaa5f4-160e-5893-b71f-4ae5855d0305;1659.93;1.5355;2548.79;WITHIN;
d6edd952-e908-53d5-908a-76bd2ff1aeee;034cee1b-2547-5624-8216-41d12a3252de;150;013573ad-8e1e-50ab-bfd5-140b70dbab8b;Jet A into-plane TPA B6592 25Sep N583JB;4500301104;00010;11333.000;LTR;1.2313;13954.32;U1;131.73;c20231aa-4490-5a01-b768-2bee561440ca;db947cdb-fb1b-52e7-9677-a971d0d5e669;BPA-TPA-704107;cb67b9f7-8539-5428-9c3f-cbc1b5e01237;4500301104;5000301104;TICKET_NUMBER;FUELTPA;400000;MATCHED;0.00;0.00;NONE;bc81b061-86ef-5fa9-b5e2-a518ea61a131;9090.2;1.5351;13954.32;WITHIN;
d375e5a9-73f5-50d6-9aa3-6776a00ba640;034cee1b-2547-5624-8216-41d12a3252de;160;013573ad-8e1e-50ab-bfd5-140b70dbab8b;Jet A into-plane TPA B62726 25Sep N965JT;4500301134;00010;18125.000;LTR;1.2313;22317.31;U1;210.69;9ab637fb-4361-5a30-b2ec-c78537d4bc79;8c206bd4-1d36-5287-b177-7e0e07e8bbf4;BPA-TPA-704109;e0271034-c052-53ff-a04e-7e89a404c48d;4500301134;5000301134;TICKET_NUMBER;FUELTPA;400000;MATCHED;0.00;0.00;NONE;78f6f4c2-906d-50f3-80d2-eeee7a4c6996;14510.88;1.538;22317.31;WITHIN;
1ca34221-a123-5c06-b43e-5df55c9d4492;034cee1b-2547-5624-8216-41d12a3252de;170;013573ad-8e1e-50ab-bfd5-140b70dbab8b;Jet A into-plane TPA B6548 25Sep N531JL;4500301237;00010;6986.000;LTR;1.2313;8601.86;U1;81.21;a6ec23e6-0ff1-59ff-842a-020a4a542efc;f3853320-b19a-508a-af65-f703fe6cf0a6;BPA-TPA-704110;696ff0fc-a7b3-5208-a7ec-afde71bc5bd7;4500301237;5000301237;TICKET_NUMBER;FUELTPA;400000;MATCHED;0.00;0.00;NONE;a5d73d85-2156-5a8e-b4e6-573a90993812;5577.62;1.5422;8601.86;WITHIN;
b727e2dd-5f78-5ae1-b628-8f0a555d0085;034cee1b-2547-5624-8216-41d12a3252de;180;013573ad-8e1e-50ab-bfd5-140b70dbab8b;Jet A into-plane TPA B61192 26Sep N965JT;4500301429;00010;6927.000;LTR;1.2392;8583.94;U1;80.52;2d8b56ba-c04c-5fdd-9022-a298d7e5f464;a58c9bd0-40e4-5dea-bf63-0e7051f2df3a;BPA-TPA-704113;2c879876-53a6-573f-8c44-3c29090427b6;4500301429;5000301429;TICKET_NUMBER;FUELTPA;400000;MATCHED;0.00;0.00;NONE;22ecfa1c-46e7-586c-a3c4-59263f1e86c7;5585.93;1.5367;8583.94;WITHIN;
3cf13935-21b6-5e91-993f-c8f0767a0dbd;034cee1b-2547-5624-8216-41d12a3252de;190;013573ad-8e1e-50ab-bfd5-140b70dbab8b;Jet A into-plane TPA B6226 26Sep N583JB;4500301451;00010;6832.000;LTR;1.2392;8466.21;U1;79.42;7f09c63d-9bdd-5107-99ee-ee5bda863461;0f3fee76-84c9-59af-81c6-23d98d6aa92e;BPA-TPA-704115;f718d186-a465-5dce-9047-95248e0e3409;4500301451;5000301451;TICKET_NUMBER;FUELTPA;400000;MATCHED;0.00;0.00;NONE;6cf09309-ca2e-5193-bc7b-b08a95b330a4;5482.68;1.5442;8466.21;WITHIN;
0450e033-bbb9-58a1-b071-537887a03df3;034cee1b-2547-5624-8216-41d12a3252de;200;013573ad-8e1e-50ab-bfd5-140b70dbab8b;Jet A into-plane TPA B61906 26Sep N796JB;4500301502;00010;3383.000;LTR;1.2392;4192.21;U1;39.32;f369294a-ebe5-5bb1-a6c8-28c2ca765519;0cca3e70-279f-5f67-8d97-56b8a3ff0acd;BPA-TPA-704116;c005b887-3035-59bb-afb6-e8df008a8d9b;4500301502;5000301502;TICKET_NUMBER;FUELTPA;400000;MATCHED;0.00;0.00;NONE;66b90ffc-573d-5b79-8df3-ebcc00c8ef85;2722.64;1.5398;4192.21;WITHIN;
d05a0304-a042-57d2-beda-b94eebb9c21e;034cee1b-2547-5624-8216-41d12a3252de;210;013573ad-8e1e-50ab-bfd5-140b70dbab8b;Jet A into-plane TPA B6692 26Sep N3196J;4500301584;00010;7644.000;LTR;1.2392;9472.44;U1;88.85;fc1df960-d4e5-50bf-a1be-d728c65e855a;4401947e-0987-5f3a-89e2-bab241203c4b;BPA-TPA-704117;66551bdc-036e-5211-b1c6-68a9c7c4c4e9;4500301584;5000301584;TICKET_NUMBER;FUELTPA;400000;MATCHED;0.00;0.00;NONE;f0da0d65-6320-5301-943b-9ca7e39b4a66;6129.72;1.5453;9472.44;WITHIN;
f16d5e62-b667-5010-806d-87454b4812cf;034cee1b-2547-5624-8216-41d12a3252de;220;013573ad-8e1e-50ab-bfd5-140b70dbab8b;Jet A into-plane TPA B61751 26Sep N954JB;4500301659;00010;12407.000;LTR;1.2392;15374.75;U1;144.22;a5ccc447-f303-58b7-b168-8e020e8b0b85;e4cecac7-9c7d-5a84-9c22-9eec9bf59981;BPA-TPA-704118;e02a4171-59e2-546d-8794-d98ba92acf9e;4500301659;5000301659;TICKET_NUMBER;FUELTPA;400000;MATCHED;0.00;0.00;NONE;3a693743-4fba-5004-992a-e6b62283e020;9981.43;1.5403;15374.75;WITHIN;
a884592a-a890-5342-a02c-344b1e6df496;034cee1b-2547-5624-8216-41d12a3252de;230;013573ad-8e1e-50ab-bfd5-140b70dbab8b;Jet A into-plane TPA B62076 26Sep N775JB;4500301664;00010;2085.000;LTR;1.2392;2583.73;U1;24.24;2f9dbdb5-6e1f-59f6-ad98-dde158e67552;f811ceec-1f6e-59bf-8950-3e09bc0b6a34;BPA-TPA-704120;e84fbe29-ce65-59bc-a051-3fcb1b72b37d;4500301664;5000301664;TICKET_NUMBER;FUELTPA;400000;MATCHED;0.00;0.00;NONE;9ccbce33-34ab-500a-80e4-d0288a1cfba2;1678.43;1.5394;2583.73;WITHIN;
f5979667-dbda-5854-b783-fc7468708461;034cee1b-2547-5624-8216-41d12a3252de;240;013573ad-8e1e-50ab-bfd5-140b70dbab8b;Jet A into-plane TPA B6592 26Sep N3121J;4500301692;00010;6872.000;LTR;1.2392;8515.78;U1;79.88;e5914a9a-4faf-5ac8-b2ee-dcd3ddc0a0ff;295b1d4c-d337-50a0-8f50-99c2fd82feca;BPA-TPA-704123;1003fb6e-86fd-5f60-9aac-737e8b5bfef7;4500301692;5000301692;TICKET_NUMBER;FUELTPA;400000;MATCHED;0.00;0.00;NONE;2f2f388d-38e9-5f95-9629-bf1cf087e521;5540.21;1.5371;8515.78;WITHIN;
e808dcbd-3448-5fd7-8a81-abd9cf85fd69;034cee1b-2547-5624-8216-41d12a3252de;250;013573ad-8e1e-50ab-bfd5-140b70dbab8b;Jet A into-plane TPA B62726 26Sep N965JT;4500301703;00010;8013.000;LTR;1.2392;9929.71;U1;93.14;54df21a6-363e-5d56-a76b-d3cac46087db;512df4cd-1250-5746-9ea2-8978f15e8257;BPA-TPA-704125;a1581019-84b2-5edf-baab-c7712dad8793;4500301703;5000301703;TICKET_NUMBER;FUELTPA;400000;MATCHED;0.00;0.00;NONE;e8c0d519-d236-52d2-ac58-ce4b82510058;6429.63;1.5444;9929.71;WITHIN;
fc5a27be-cd6f-55a7-b62d-9540a39b96e3;034cee1b-2547-5624-8216-41d12a3252de;260;013573ad-8e1e-50ab-bfd5-140b70dbab8b;Jet A into-plane TPA B61496 26Sep N729JB;4500301745;00010;2667.000;LTR;1.2392;3304.95;U1;31.00;7348d15b-776c-55a4-9832-bf7b1d0d34ad;b53e0bad-5eb5-5235-85fa-65e144729248;BPA-TPA-704126;5304f127-5a57-537b-8733-0c01c81c9dbe;4500301745;5000301745;TICKET_NUMBER;FUELTPA;400000;MATCHED;0.00;0.00;NONE;6a5792d9-7d3d-5177-b80a-9071dfb7a989;2139.2;1.5449;3304.95;WITHIN;
22599b38-5686-55a3-8dfc-74abb08549d3;c05665ae-29e8-5adb-bdf5-ffd48a4420cc;10;c3d4e5f6-3333-4000-8000-000000000001;Jet A into-plane YVR B6604 23Sep N981JT;4500300095;00010;17802.000;LTR;1.3418;23886.72;V0;0.00;3e2e6e46-6b2d-5453-ae05-5361341eb1e7;e477e6a3-e601-5a20-b24b-4cb6c0ef3522;WFC-YVR-133589;7a3c112a-b5c5-553b-9125-9074289a627f;4500300095;5000300095;TICKET_NUMBER;FUELYVR;400000;MATCHED;0.00;0.00;NONE;835ed368-70b2-5fe3-8d8f-391a622e004c;14287.89;1.6718;23886.72;WITHIN;
c406f047-1876-5ad0-ab5a-3e46fd7a6985;c05665ae-29e8-5adb-bdf5-ffd48a4420cc;20;c3d4e5f6-3333-4000-8000-000000000001;Jet A into-plane YVR B6604 24Sep N969JT;4500300734;00010;14896.000;LTR;1.3497;20105.13;V0;0.00;6b9eacd0-6557-57e7-9894-c199818c7217;f76e5fe6-277b-500a-8064-8d79bb6d68c9;WFC-YVR-133592;c63dacf4-3572-5121-8eb4-ced11f548de5;4500300734;5000300734;TICKET_NUMBER;FUELYVR;400000;MATCHED;0.00;0.00;NONE;20967063-ab76-54c4-bb7a-f0c7eb019533;12047.88;1.6688;20105.13;WITHIN;
24f31693-0e46-5141-a6e4-47c057fd25d8;c05665ae-29e8-5adb-bdf5-ffd48a4420cc;30;c3d4e5f6-3333-4000-8000-000000000001;Jet A into-plane YVR B6604 25Sep N967JT;4500301374;00010;19364.000;LTR;1.3603;26340.85;V0;0.00;8884ed0f-782a-5d23-bce0-1dd8840308ee;82e8acbf-abb4-562e-808e-a3eaf63b17e7;WFC-YVR-133593;66a53862-8026-5274-bb89-870eff9396a6;4500301374;5000301374;TICKET_NUMBER;FUELYVR;400000;MATCHED;0.00;0.00;NONE;4f0d067c-9377-5a07-a450-4448d832833a;15533.8;1.6957;26340.85;WITHIN;
