ID;invoice_ID;rule_ID;check_code;check_group;invoice_item_ID;line_number;status;severity;severity_source;na_reason;exception_ID;message;evaluated_at;evaluated_by;bypassed_by;bypassed_at;bypass_reason
1d500000-0000-4000-8000-000000000001;550e8400-e29b-41d4-a716-44665544A202;21a00006-0000-4000-8000-000000000001;INV459;CAPTURE;;;PASSED;;;;;;2026-09-01T09:00:00Z;ap.clerk@airline.com;;;
1d500000-0000-4000-8000-000000000002;550e8400-e29b-41d4-a716-44665544A202;21a00006-0000-4000-8000-000000000002;INV460;CAPTURE;;;NOT_APPLICABLE;;;The document states no line count, so there is nothing to compare against.;;The document states no line count, so there is nothing to compare against.;2026-09-01T09:00:00Z;ap.clerk@airline.com;;;
1d500000-0000-4000-8000-000000000003;550e8400-e29b-41d4-a716-44665544A202;21a00006-0000-4000-8000-000000000003;INV461;CAPTURE;;;PASSED;;;;;;2026-09-01T09:00:00Z;ap.clerk@airline.com;;;
1d500000-0000-4000-8000-000000000004;550e8400-e29b-41d4-a716-44665544A202;21a00006-0000-4000-8000-000000000004;INV450;RESOLUTION;550e8400-e29b-41d4-a716-44665544A212;10;FAILED;HARD_ERROR;REGISTRY_DEFAULT;;e0c00000-0000-4000-8000-000000000016;Line 10 states no ticket number. The ticket is what the supplier references and what resolves the PO.;2026-09-01T09:00:00Z;ap.clerk@airline.com;;;
1d500000-0000-4000-8000-000000000005;550e8400-e29b-41d4-a716-44665544A202;21a00006-0000-4000-8000-000000000005;INV462;RESOLUTION;550e8400-e29b-41d4-a716-44665544A212;10;NOT_APPLICABLE;;;The line states no ticket number, so there was nothing to look up (INV450).;;The line states no ticket number, so there was nothing to look up (INV450).;2026-09-01T09:00:00Z;ap.clerk@airline.com;;;
1d500000-0000-4000-8000-000000000006;550e8400-e29b-41d4-a716-44665544A202;21a00006-0000-4000-8000-000000000006;INV463;RESOLUTION;550e8400-e29b-41d4-a716-44665544A212;10;NOT_APPLICABLE;;;The ticket did not resolve, so it has no order to check (INV450/INV462).;;The ticket did not resolve, so it has no order to check (INV450/INV462).;2026-09-01T09:00:00Z;ap.clerk@airline.com;;;
1d500000-0000-4000-8000-000000000007;550e8400-e29b-41d4-a716-44665544A202;21a00006-0000-4000-8000-000000000007;INV464;RESOLUTION;550e8400-e29b-41d4-a716-44665544A212;10;NOT_APPLICABLE;;;No order resolved for this line, so there is no purchase order to look for.;;No order resolved for this line, so there is no purchase order to look for.;2026-09-01T09:00:00Z;ap.clerk@airline.com;;;
1d500000-0000-4000-8000-000000000008;550e8400-e29b-41d4-a716-44665544A202;21a00006-0000-4000-8000-000000000009;INV466;RESOLUTION;550e8400-e29b-41d4-a716-44665544A212;10;NOT_APPLICABLE;;;No order resolved for this line, so there is no goods receipt to look for.;;No order resolved for this line, so there is no goods receipt to look for.;2026-09-01T09:00:00Z;ap.clerk@airline.com;;;
1d500000-0000-4000-8000-000000000009;550e8400-e29b-41d4-a716-44665544A202;21a00006-0000-4000-8000-000000000008;INV465;RESOLUTION;550e8400-e29b-41d4-a716-44665544A212;10;NOT_APPLICABLE;;;No PO resolved through the ticket, so the stated PO has nothing to be compared with.;;No PO resolved through the ticket, so the stated PO has nothing to be compared with.;2026-09-01T09:00:00Z;ap.clerk@airline.com;;;
1d500000-0000-4000-8000-000000000010;550e8400-e29b-41d4-a716-44665544A202;21a00006-0000-4000-8000-000000000013;INV456;QUANTITY;550e8400-e29b-41d4-a716-44665544A212;10;PASSED;;;;;;2026-09-01T09:00:00Z;ap.clerk@airline.com;;;
1d500000-0000-4000-8000-000000000011;550e8400-e29b-41d4-a716-44665544A202;21a00006-0000-4000-8000-000000000012;INV468;QUANTITY;550e8400-e29b-41d4-a716-44665544A212;10;NOT_APPLICABLE;;;No goods receipt resolved for this line, so there is no received quantity to compare.;;No goods receipt resolved for this line, so there is no received quantity to compare.;2026-09-01T09:00:00Z;ap.clerk@airline.com;;;
1d500000-0000-4000-8000-000000000012;550e8400-e29b-41d4-a716-44665544A202;21a00006-0000-4000-8000-000000000010;INV451;QUANTITY;550e8400-e29b-41d4-a716-44665544A212;10;NOT_APPLICABLE;;;No goods receipt resolved for this line, so there is no received quantity to compare.;;No goods receipt resolved for this line, so there is no received quantity to compare.;2026-09-01T09:00:00Z;ap.clerk@airline.com;;;
1d500000-0000-4000-8000-000000000013;550e8400-e29b-41d4-a716-44665544A202;21a00006-0000-4000-8000-000000000011;INV467;QUANTITY;550e8400-e29b-41d4-a716-44665544A212;10;NOT_APPLICABLE;;;No order resolved for this line, so there is no ordered quantity to exceed.;;No order resolved for this line, so there is no ordered quantity to exceed.;2026-09-01T09:00:00Z;ap.clerk@airline.com;;;
1d500000-0000-4000-8000-000000000014;550e8400-e29b-41d4-a716-44665544A202;21a00006-0000-4000-8000-000000000015;INV469;PRICE;550e8400-e29b-41d4-a716-44665544A212;10;PASSED;;;;;;2026-09-01T09:00:00Z;ap.clerk@airline.com;;;
1d500000-0000-4000-8000-000000000015;550e8400-e29b-41d4-a716-44665544A202;21a00006-0000-4000-8000-000000000017;INV470;PRICE;550e8400-e29b-41d4-a716-44665544A212;10;NOT_APPLICABLE;;;No order resolved for this line, so there is neither a contract price nor an order price.;;No order resolved for this line, so there is neither a contract price nor an order price.;2026-09-01T09:00:00Z;ap.clerk@airline.com;;;
1d500000-0000-4000-8000-000000000016;550e8400-e29b-41d4-a716-44665544A202;21a00006-0000-4000-8000-000000000014;INV452;PRICE;550e8400-e29b-41d4-a716-44665544A212;10;NOT_APPLICABLE;;;No order resolved for this line, so there is neither a contract price nor an order price.;;No order resolved for this line, so there is neither a contract price nor an order price.;2026-09-01T09:00:00Z;ap.clerk@airline.com;;;
1d500000-0000-4000-8000-000000000017;550e8400-e29b-41d4-a716-44665544A202;21a00006-0000-4000-8000-000000000018;INV471;PRICE;550e8400-e29b-41d4-a716-44665544A212;10;NOT_APPLICABLE;;;No order resolved for this line, so there is no contract to compare charges against.;;No order resolved for this line, so there is no contract to compare charges against.;2026-09-01T09:00:00Z;ap.clerk@airline.com;;;
1d500000-0000-4000-8000-000000000018;550e8400-e29b-41d4-a716-44665544A202;21a00006-0000-4000-8000-000000000019;INV472;PRICE;550e8400-e29b-41d4-a716-44665544A212;10;NOT_APPLICABLE;;;No order resolved for this line, so there is no contract to compare charges against.;;No order resolved for this line, so there is no contract to compare charges against.;2026-09-01T09:00:00Z;ap.clerk@airline.com;;;
1d500000-0000-4000-8000-000000000019;550e8400-e29b-41d4-a716-44665544A202;21a00006-0000-4000-8000-000000000016;INV454;PRICE;;;NOT_APPLICABLE;;;The document states no net total, so the derived figure has nothing to disagree with.;;The document states no net total, so the derived figure has nothing to disagree with.;2026-09-01T09:00:00Z;ap.clerk@airline.com;;;
1d500000-0000-4000-8000-000000000020;550e8400-e29b-41d4-a716-44665544A202;21a00006-0000-4000-8000-000000000023;INV453;COVERAGE;;;NOT_APPLICABLE;;;Registered and NOT IMPLEMENTED. VR30 in 03-VALIDATION-RULES, never built. The Unbilled Tickets screen READS this exposure and nothing RAISES it against an invoice at period close, which needs a period-close trigger and no scheduler exists.;;Registered and NOT IMPLEMENTED. VR30 in 03-VALIDATION-RULES, never built. The Unbilled Tickets screen READS this exposure and nothing RAISES it against an invoice at period close, which needs a period-close trigger and no scheduler exists.;2026-09-01T09:00:00Z;ap.clerk@airline.com;;;
1d500000-0000-4000-8000-000000000021;550e8400-e29b-41d4-a716-44665544A202;21a00006-0000-4000-8000-000000000020;INV473;DUPLICATE;;;PASSED;;;;;;2026-09-01T09:00:00Z;ap.clerk@airline.com;;;
1d500000-0000-4000-8000-000000000022;550e8400-e29b-41d4-a716-44665544A202;21a00006-0000-4000-8000-000000000021;INV455;DUPLICATE;550e8400-e29b-41d4-a716-44665544A212;10;NOT_APPLICABLE;;;The line names no ticket, so there is no key to detect a duplicate on (INV450).;;The line names no ticket, so there is no key to detect a duplicate on (INV450).;2026-09-01T09:00:00Z;ap.clerk@airline.com;;;
1d500000-0000-4000-8000-000000000023;550e8400-e29b-41d4-a716-44665544A202;21a00006-0000-4000-8000-000000000022;INV474;DUPLICATE;550e8400-e29b-41d4-a716-44665544A212;10;NOT_APPLICABLE;;;No order resolved for this line, so there is no order-and-GR key to duplicate on.;;No order resolved for this line, so there is no order-and-GR key to duplicate on.;2026-09-01T09:00:00Z;ap.clerk@airline.com;;;
1d500000-0000-4000-8000-000000000024;5bf2a3b4-bbbb-4000-8000-000000006001;21a00006-0000-4000-8000-000000000001;INV459;CAPTURE;;;PASSED;;;;;;2026-09-01T09:00:00Z;ap.clerk@airline.com;;;
1d500000-0000-4000-8000-000000000025;5bf2a3b4-bbbb-4000-8000-000000006001;21a00006-0000-4000-8000-000000000002;INV460;CAPTURE;;;NOT_APPLICABLE;;;The document states no line count, so there is nothing to compare against.;;The document states no line count, so there is nothing to compare against.;2026-09-01T09:00:00Z;ap.clerk@airline.com;;;
1d500000-0000-4000-8000-000000000026;5bf2a3b4-bbbb-4000-8000-000000006001;21a00006-0000-4000-8000-000000000003;INV461;CAPTURE;;;PASSED;;;;;;2026-09-01T09:00:00Z;ap.clerk@airline.com;;;
1d500000-0000-4000-8000-000000000027;5bf2a3b4-bbbb-4000-8000-000000006001;21a00006-0000-4000-8000-000000000004;INV450;RESOLUTION;6ca3b4c5-cccc-4000-8000-000000006001;1;FAILED;HARD_ERROR;REGISTRY_DEFAULT;;e0c00000-0000-4000-8000-000000000018;Line 1 states no ticket number. The ticket is what the supplier references and what resolves the PO.;2026-09-01T09:00:00Z;ap.clerk@airline.com;;;
1d500000-0000-4000-8000-000000000028;5bf2a3b4-bbbb-4000-8000-000000006001;21a00006-0000-4000-8000-000000000005;INV462;RESOLUTION;6ca3b4c5-cccc-4000-8000-000000006001;1;NOT_APPLICABLE;;;The line states no ticket number, so there was nothing to look up (INV450).;;The line states no ticket number, so there was nothing to look up (INV450).;2026-09-01T09:00:00Z;ap.clerk@airline.com;;;
1d500000-0000-4000-8000-000000000029;5bf2a3b4-bbbb-4000-8000-000000006001;21a00006-0000-4000-8000-000000000006;INV463;RESOLUTION;6ca3b4c5-cccc-4000-8000-000000006001;1;NOT_APPLICABLE;;;The ticket did not resolve, so it has no order to check (INV450/INV462).;;The ticket did not resolve, so it has no order to check (INV450/INV462).;2026-09-01T09:00:00Z;ap.clerk@airline.com;;;
1d500000-0000-4000-8000-000000000030;5bf2a3b4-bbbb-4000-8000-000000006001;21a00006-0000-4000-8000-000000000007;INV464;RESOLUTION;6ca3b4c5-cccc-4000-8000-000000006001;1;NOT_APPLICABLE;;;No order resolved for this line, so there is no purchase order to look for.;;No order resolved for this line, so there is no purchase order to look for.;2026-09-01T09:00:00Z;ap.clerk@airline.com;;;
1d500000-0000-4000-8000-000000000031;5bf2a3b4-bbbb-4000-8000-000000006001;21a00006-0000-4000-8000-000000000009;INV466;RESOLUTION;6ca3b4c5-cccc-4000-8000-000000006001;1;NOT_APPLICABLE;;;No order resolved for this line, so there is no goods receipt to look for.;;No order resolved for this line, so there is no goods receipt to look for.;2026-09-01T09:00:00Z;ap.clerk@airline.com;;;
1d500000-0000-4000-8000-000000000032;5bf2a3b4-bbbb-4000-8000-000000006001;21a00006-0000-4000-8000-000000000008;INV465;RESOLUTION;6ca3b4c5-cccc-4000-8000-000000006001;1;NOT_APPLICABLE;;;No PO resolved through the ticket, so the stated PO has nothing to be compared with.;;No PO resolved through the ticket, so the stated PO has nothing to be compared with.;2026-09-01T09:00:00Z;ap.clerk@airline.com;;;
1d500000-0000-4000-8000-000000000033;5bf2a3b4-bbbb-4000-8000-000000006001;21a00006-0000-4000-8000-000000000013;INV456;QUANTITY;6ca3b4c5-cccc-4000-8000-000000006001;1;PASSED;;;;;;2026-09-01T09:00:00Z;ap.clerk@airline.com;;;
1d500000-0000-4000-8000-000000000034;5bf2a3b4-bbbb-4000-8000-000000006001;21a00006-0000-4000-8000-000000000012;INV468;QUANTITY;6ca3b4c5-cccc-4000-8000-000000006001;1;NOT_APPLICABLE;;;No goods receipt resolved for this line, so there is no received quantity to compare.;;No goods receipt resolved for this line, so there is no received quantity to compare.;2026-09-01T09:00:00Z;ap.clerk@airline.com;;;
1d500000-0000-4000-8000-000000000035;5bf2a3b4-bbbb-4000-8000-000000006001;21a00006-0000-4000-8000-000000000010;INV451;QUANTITY;6ca3b4c5-cccc-4000-8000-000000006001;1;NOT_APPLICABLE;;;No goods receipt resolved for this line, so there is no received quantity to compare.;;No goods receipt resolved for this line, so there is no received quantity to compare.;2026-09-01T09:00:00Z;ap.clerk@airline.com;;;
1d500000-0000-4000-8000-000000000036;5bf2a3b4-bbbb-4000-8000-000000006001;21a00006-0000-4000-8000-000000000011;INV467;QUANTITY;6ca3b4c5-cccc-4000-8000-000000006001;1;NOT_APPLICABLE;;;No order resolved for this line, so there is no ordered quantity to exceed.;;No order resolved for this line, so there is no ordered quantity to exceed.;2026-09-01T09:00:00Z;ap.clerk@airline.com;;;
1d500000-0000-4000-8000-000000000037;5bf2a3b4-bbbb-4000-8000-000000006001;21a00006-0000-4000-8000-000000000015;INV469;PRICE;6ca3b4c5-cccc-4000-8000-000000006001;1;PASSED;;;;;;2026-09-01T09:00:00Z;ap.clerk@airline.com;;;
1d500000-0000-4000-8000-000000000038;5bf2a3b4-bbbb-4000-8000-000000006001;21a00006-0000-4000-8000-000000000017;INV470;PRICE;6ca3b4c5-cccc-4000-8000-000000006001;1;NOT_APPLICABLE;;;No order resolved for this line, so there is neither a contract price nor an order price.;;No order resolved for this line, so there is neither a contract price nor an order price.;2026-09-01T09:00:00Z;ap.clerk@airline.com;;;
1d500000-0000-4000-8000-000000000039;5bf2a3b4-bbbb-4000-8000-000000006001;21a00006-0000-4000-8000-000000000014;INV452;PRICE;6ca3b4c5-cccc-4000-8000-000000006001;1;NOT_APPLICABLE;;;No order resolved for this line, so there is neither a contract price nor an order price.;;No order resolved for this line, so there is neither a contract price nor an order price.;2026-09-01T09:00:00Z;ap.clerk@airline.com;;;
1d500000-0000-4000-8000-000000000040;5bf2a3b4-bbbb-4000-8000-000000006001;21a00006-0000-4000-8000-000000000004;INV450;RESOLUTION;6ca3b4c5-cccc-4000-8000-000000006002;2;FAILED;HARD_ERROR;REGISTRY_DEFAULT;;e0c00000-0000-4000-8000-000000000019;Line 2 states no ticket number. The ticket is what the supplier references and what resolves the PO.;2026-09-01T09:00:00Z;ap.clerk@airline.com;;;
1d500000-0000-4000-8000-000000000041;5bf2a3b4-bbbb-4000-8000-000000006001;21a00006-0000-4000-8000-000000000005;INV462;RESOLUTION;6ca3b4c5-cccc-4000-8000-000000006002;2;NOT_APPLICABLE;;;The line states no ticket number, so there was nothing to look up (INV450).;;The line states no ticket number, so there was nothing to look up (INV450).;2026-09-01T09:00:00Z;ap.clerk@airline.com;;;
1d500000-0000-4000-8000-000000000042;5bf2a3b4-bbbb-4000-8000-000000006001;21a00006-0000-4000-8000-000000000006;INV463;RESOLUTION;6ca3b4c5-cccc-4000-8000-000000006002;2;NOT_APPLICABLE;;;The ticket did not resolve, so it has no order to check (INV450/INV462).;;The ticket did not resolve, so it has no order to check (INV450/INV462).;2026-09-01T09:00:00Z;ap.clerk@airline.com;;;
1d500000-0000-4000-8000-000000000043;5bf2a3b4-bbbb-4000-8000-000000006001;21a00006-0000-4000-8000-000000000007;INV464;RESOLUTION;6ca3b4c5-cccc-4000-8000-000000006002;2;NOT_APPLICABLE;;;No order resolved for this line, so there is no purchase order to look for.;;No order resolved for this line, so there is no purchase order to look for.;2026-09-01T09:00:00Z;ap.clerk@airline.com;;;
1d500000-0000-4000-8000-000000000044;5bf2a3b4-bbbb-4000-8000-000000006001;21a00006-0000-4000-8000-000000000009;INV466;RESOLUTION;6ca3b4c5-cccc-4000-8000-000000006002;2;NOT_APPLICABLE;;;No order resolved for this line, so there is no goods receipt to look for.;;No order resolved for this line, so there is no goods receipt to look for.;2026-09-01T09:00:00Z;ap.clerk@airline.com;;;
1d500000-0000-4000-8000-000000000045;5bf2a3b4-bbbb-4000-8000-000000006001;21a00006-0000-4000-8000-000000000008;INV465;RESOLUTION;6ca3b4c5-cccc-4000-8000-000000006002;2;NOT_APPLICABLE;;;No PO resolved through the ticket, so the stated PO has nothing to be compared with.;;No PO resolved through the ticket, so the stated PO has nothing to be compared with.;2026-09-01T09:00:00Z;ap.clerk@airline.com;;;
1d500000-0000-4000-8000-000000000046;5bf2a3b4-bbbb-4000-8000-000000006001;21a00006-0000-4000-8000-000000000013;INV456;QUANTITY;6ca3b4c5-cccc-4000-8000-000000006002;2;PASSED;;;;;;2026-09-01T09:00:00Z;ap.clerk@airline.com;;;
1d500000-0000-4000-8000-000000000047;5bf2a3b4-bbbb-4000-8000-000000006001;21a00006-0000-4000-8000-000000000012;INV468;QUANTITY;6ca3b4c5-cccc-4000-8000-000000006002;2;NOT_APPLICABLE;;;No goods receipt resolved for this line, so there is no received quantity to compare.;;No goods receipt resolved for this line, so there is no received quantity to compare.;2026-09-01T09:00:00Z;ap.clerk@airline.com;;;
1d500000-0000-4000-8000-000000000048;5bf2a3b4-bbbb-4000-8000-000000006001;21a00006-0000-4000-8000-000000000010;INV451;QUANTITY;6ca3b4c5-cccc-4000-8000-000000006002;2;NOT_APPLICABLE;;;No goods receipt resolved for this line, so there is no received quantity to compare.;;No goods receipt resolved for this line, so there is no received quantity to compare.;2026-09-01T09:00:00Z;ap.clerk@airline.com;;;
1d500000-0000-4000-8000-000000000049;5bf2a3b4-bbbb-4000-8000-000000006001;21a00006-0000-4000-8000-000000000011;INV467;QUANTITY;6ca3b4c5-cccc-4000-8000-000000006002;2;NOT_APPLICABLE;;;No order resolved for this line, so there is no ordered quantity to exceed.;;No order resolved for this line, so there is no ordered quantity to exceed.;2026-09-01T09:00:00Z;ap.clerk@airline.com;;;
1d500000-0000-4000-8000-000000000050;5bf2a3b4-bbbb-4000-8000-000000006001;21a00006-0000-4000-8000-000000000015;INV469;PRICE;6ca3b4c5-cccc-4000-8000-000000006002;2;PASSED;;;;;;2026-09-01T09:00:00Z;ap.clerk@airline.com;;;
1d500000-0000-4000-8000-000000000051;5bf2a3b4-bbbb-4000-8000-000000006001;21a00006-0000-4000-8000-000000000017;INV470;PRICE;6ca3b4c5-cccc-4000-8000-000000006002;2;NOT_APPLICABLE;;;No order resolved for this line, so there is neither a contract price nor an order price.;;No order resolved for this line, so there is neither a contract price nor an order price.;2026-09-01T09:00:00Z;ap.clerk@airline.com;;;
1d500000-0000-4000-8000-000000000052;5bf2a3b4-bbbb-4000-8000-000000006001;21a00006-0000-4000-8000-000000000014;INV452;PRICE;6ca3b4c5-cccc-4000-8000-000000006002;2;NOT_APPLICABLE;;;No order resolved for this line, so there is neither a contract price nor an order price.;;No order resolved for this line, so there is neither a contract price nor an order price.;2026-09-01T09:00:00Z;ap.clerk@airline.com;;;
1d500000-0000-4000-8000-000000000053;5bf2a3b4-bbbb-4000-8000-000000006001;21a00006-0000-4000-8000-000000000018;INV471;PRICE;6ca3b4c5-cccc-4000-8000-000000006001;1;NOT_APPLICABLE;;;No order resolved for this line, so there is no contract to compare charges against.;;No order resolved for this line, so there is no contract to compare charges against.;2026-09-01T09:00:00Z;ap.clerk@airline.com;;;
1d500000-0000-4000-8000-000000000054;5bf2a3b4-bbbb-4000-8000-000000006001;21a00006-0000-4000-8000-000000000019;INV472;PRICE;6ca3b4c5-cccc-4000-8000-000000006001;1;NOT_APPLICABLE;;;No order resolved for this line, so there is no contract to compare charges against.;;No order resolved for this line, so there is no contract to compare charges against.;2026-09-01T09:00:00Z;ap.clerk@airline.com;;;
1d500000-0000-4000-8000-000000000055;5bf2a3b4-bbbb-4000-8000-000000006001;21a00006-0000-4000-8000-000000000018;INV471;PRICE;6ca3b4c5-cccc-4000-8000-000000006002;2;NOT_APPLICABLE;;;No order resolved for this line, so there is no contract to compare charges against.;;No order resolved for this line, so there is no contract to compare charges against.;2026-09-01T09:00:00Z;ap.clerk@airline.com;;;
1d500000-0000-4000-8000-000000000056;5bf2a3b4-bbbb-4000-8000-000000006001;21a00006-0000-4000-8000-000000000019;INV472;PRICE;6ca3b4c5-cccc-4000-8000-000000006002;2;NOT_APPLICABLE;;;No order resolved for this line, so there is no contract to compare charges against.;;No order resolved for this line, so there is no contract to compare charges against.;2026-09-01T09:00:00Z;ap.clerk@airline.com;;;
1d500000-0000-4000-8000-000000000057;5bf2a3b4-bbbb-4000-8000-000000006001;21a00006-0000-4000-8000-000000000016;INV454;PRICE;;;NOT_APPLICABLE;;;The document states no net total, so the derived figure has nothing to disagree with.;;The document states no net total, so the derived figure has nothing to disagree with.;2026-09-01T09:00:00Z;ap.clerk@airline.com;;;
1d500000-0000-4000-8000-000000000058;5bf2a3b4-bbbb-4000-8000-000000006001;21a00006-0000-4000-8000-000000000023;INV453;COVERAGE;;;NOT_APPLICABLE;;;Registered and NOT IMPLEMENTED. VR30 in 03-VALIDATION-RULES, never built. The Unbilled Tickets screen READS this exposure and nothing RAISES it against an invoice at period close, which needs a period-close trigger and no scheduler exists.;;Registered and NOT IMPLEMENTED. VR30 in 03-VALIDATION-RULES, never built. The Unbilled Tickets screen READS this exposure and nothing RAISES it against an invoice at period close, which needs a period-close trigger and no scheduler exists.;2026-09-01T09:00:00Z;ap.clerk@airline.com;;;
1d500000-0000-4000-8000-000000000059;5bf2a3b4-bbbb-4000-8000-000000006001;21a00006-0000-4000-8000-000000000020;INV473;DUPLICATE;;;PASSED;;;;;;2026-09-01T09:00:00Z;ap.clerk@airline.com;;;
1d500000-0000-4000-8000-000000000060;5bf2a3b4-bbbb-4000-8000-000000006001;21a00006-0000-4000-8000-000000000021;INV455;DUPLICATE;6ca3b4c5-cccc-4000-8000-000000006001;1;NOT_APPLICABLE;;;The line names no ticket, so there is no key to detect a duplicate on (INV450).;;The line names no ticket, so there is no key to detect a duplicate on (INV450).;2026-09-01T09:00:00Z;ap.clerk@airline.com;;;
1d500000-0000-4000-8000-000000000061;5bf2a3b4-bbbb-4000-8000-000000006001;21a00006-0000-4000-8000-000000000021;INV455;DUPLICATE;6ca3b4c5-cccc-4000-8000-000000006002;2;NOT_APPLICABLE;;;The line names no ticket, so there is no key to detect a duplicate on (INV450).;;The line names no ticket, so there is no key to detect a duplicate on (INV450).;2026-09-01T09:00:00Z;ap.clerk@airline.com;;;
1d500000-0000-4000-8000-000000000062;5bf2a3b4-bbbb-4000-8000-000000006001;21a00006-0000-4000-8000-000000000022;INV474;DUPLICATE;6ca3b4c5-cccc-4000-8000-000000006001;1;NOT_APPLICABLE;;;No order resolved for this line, so there is no order-and-GR key to duplicate on.;;No order resolved for this line, so there is no order-and-GR key to duplicate on.;2026-09-01T09:00:00Z;ap.clerk@airline.com;;;
1d500000-0000-4000-8000-000000000063;5bf2a3b4-bbbb-4000-8000-000000006001;21a00006-0000-4000-8000-000000000022;INV474;DUPLICATE;6ca3b4c5-cccc-4000-8000-000000006002;2;NOT_APPLICABLE;;;No order resolved for this line, so there is no order-and-GR key to duplicate on.;;No order resolved for this line, so there is no order-and-GR key to duplicate on.;2026-09-01T09:00:00Z;ap.clerk@airline.com;;;
1d500000-0000-4000-8000-000000000064;21a00004-0000-4000-8000-000000000006;21a00006-0000-4000-8000-000000000001;INV459;CAPTURE;;;PASSED;;;;;;2026-09-01T09:00:00Z;ap.clerk@airline.com;;;
1d500000-0000-4000-8000-000000000065;21a00004-0000-4000-8000-000000000006;21a00006-0000-4000-8000-000000000002;INV460;CAPTURE;;;PASSED;;;;;;2026-09-01T09:00:00Z;ap.clerk@airline.com;;;
1d500000-0000-4000-8000-000000000066;21a00004-0000-4000-8000-000000000006;21a00006-0000-4000-8000-000000000003;INV461;CAPTURE;;;PASSED;;;;;;2026-09-01T09:00:00Z;ap.clerk@airline.com;;;
1d500000-0000-4000-8000-000000000067;21a00004-0000-4000-8000-000000000006;21a00006-0000-4000-8000-000000000004;INV450;RESOLUTION;21a00005-0000-4000-8000-000000000012;10;PASSED;;;;;;2026-09-01T09:00:00Z;ap.clerk@airline.com;;;
1d500000-0000-4000-8000-000000000068;21a00004-0000-4000-8000-000000000006;21a00006-0000-4000-8000-000000000005;INV462;RESOLUTION;21a00005-0000-4000-8000-000000000012;10;PASSED;;;;;;2026-09-01T09:00:00Z;ap.clerk@airline.com;;;
1d500000-0000-4000-8000-000000000069;21a00004-0000-4000-8000-000000000006;21a00006-0000-4000-8000-000000000006;INV463;RESOLUTION;21a00005-0000-4000-8000-000000000012;10;PASSED;;;;;;2026-09-01T09:00:00Z;ap.clerk@airline.com;;;
1d500000-0000-4000-8000-000000000070;21a00004-0000-4000-8000-000000000006;21a00006-0000-4000-8000-000000000007;INV464;RESOLUTION;21a00005-0000-4000-8000-000000000012;10;PASSED;;;;;;2026-09-01T09:00:00Z;ap.clerk@airline.com;;;
1d500000-0000-4000-8000-000000000071;21a00004-0000-4000-8000-000000000006;21a00006-0000-4000-8000-000000000009;INV466;RESOLUTION;21a00005-0000-4000-8000-000000000012;10;PASSED;;;;;;2026-09-01T09:00:00Z;ap.clerk@airline.com;;;
1d500000-0000-4000-8000-000000000072;21a00004-0000-4000-8000-000000000006;21a00006-0000-4000-8000-000000000008;INV465;RESOLUTION;21a00005-0000-4000-8000-000000000012;10;PASSED;;;;;;2026-09-01T09:00:00Z;ap.clerk@airline.com;;;
1d500000-0000-4000-8000-000000000073;21a00004-0000-4000-8000-000000000006;21a00006-0000-4000-8000-000000000013;INV456;QUANTITY;21a00005-0000-4000-8000-000000000012;10;PASSED;;;;;;2026-09-01T09:00:00Z;ap.clerk@airline.com;;;
1d500000-0000-4000-8000-000000000074;21a00004-0000-4000-8000-000000000006;21a00006-0000-4000-8000-000000000012;INV468;QUANTITY;21a00005-0000-4000-8000-000000000012;10;PASSED;;;;;;2026-09-01T09:00:00Z;ap.clerk@airline.com;;;
1d500000-0000-4000-8000-000000000075;21a00004-0000-4000-8000-000000000006;21a00006-0000-4000-8000-000000000010;INV451;QUANTITY;21a00005-0000-4000-8000-000000000012;10;PASSED;;;;;Invoiced 10000 against goods receipt 10000 (0%), inside TOL-INV-QTY.;2026-09-01T09:00:00Z;ap.clerk@airline.com;;;
1d500000-0000-4000-8000-000000000076;21a00004-0000-4000-8000-000000000006;21a00006-0000-4000-8000-000000000011;INV467;QUANTITY;21a00005-0000-4000-8000-000000000012;10;PASSED;;;;;;2026-09-01T09:00:00Z;ap.clerk@airline.com;;;
1d500000-0000-4000-8000-000000000077;21a00004-0000-4000-8000-000000000006;21a00006-0000-4000-8000-000000000015;INV469;PRICE;21a00005-0000-4000-8000-000000000012;10;PASSED;;;;;;2026-09-01T09:00:00Z;ap.clerk@airline.com;;;
1d500000-0000-4000-8000-000000000078;21a00004-0000-4000-8000-000000000006;21a00006-0000-4000-8000-000000000017;INV470;PRICE;21a00005-0000-4000-8000-000000000012;10;FAILED;WARNING;REGISTRY_DEFAULT;;e0c00000-0000-4000-8000-000000000014;Contract price for FO-MNL-20260414-0007 is PROVISIONAL (88.3785 USD/KG, settles 2026-01). The price comparison is SUSPENDED, not passed.;2026-09-01T09:00:00Z;ap.clerk@airline.com;;;
1d500000-0000-4000-8000-000000000079;21a00004-0000-4000-8000-000000000006;21a00006-0000-4000-8000-000000000014;INV452;PRICE;21a00005-0000-4000-8000-000000000012;10;NOT_APPLICABLE;;;The contract price is PROVISIONAL (INV470), so the price comparison was suspended rather than passed.;;The contract price is PROVISIONAL (INV470), so the price comparison was suspended rather than passed.;2026-09-01T09:00:00Z;ap.clerk@airline.com;;;
1d500000-0000-4000-8000-000000000080;21a00004-0000-4000-8000-000000000006;21a00006-0000-4000-8000-000000000018;INV471;PRICE;21a00005-0000-4000-8000-000000000012;10;NOT_APPLICABLE;;;The current derived price carries no component breakdown, so there is nothing to compare the charges with.;;The current derived price carries no component breakdown, so there is nothing to compare the charges with.;2026-09-01T09:00:00Z;ap.clerk@airline.com;;;
1d500000-0000-4000-8000-000000000081;21a00004-0000-4000-8000-000000000006;21a00006-0000-4000-8000-000000000019;INV472;PRICE;21a00005-0000-4000-8000-000000000012;10;NOT_APPLICABLE;;;The current derived price carries no component breakdown, so there is nothing to compare the charges with.;;The current derived price carries no component breakdown, so there is nothing to compare the charges with.;2026-09-01T09:00:00Z;ap.clerk@airline.com;;;
1d500000-0000-4000-8000-000000000082;21a00004-0000-4000-8000-000000000006;21a00006-0000-4000-8000-000000000016;INV454;PRICE;;;PASSED;;;;;;2026-09-01T09:00:00Z;ap.clerk@airline.com;;;
1d500000-0000-4000-8000-000000000083;21a00004-0000-4000-8000-000000000006;21a00006-0000-4000-8000-000000000023;INV453;COVERAGE;;;NOT_APPLICABLE;;;Registered and NOT IMPLEMENTED. VR30 in 03-VALIDATION-RULES, never built. The Unbilled Tickets screen READS this exposure and nothing RAISES it against an invoice at period close, which needs a period-close trigger and no scheduler exists.;;Registered and NOT IMPLEMENTED. VR30 in 03-VALIDATION-RULES, never built. The Unbilled Tickets screen READS this exposure and nothing RAISES it against an invoice at period close, which needs a period-close trigger and no scheduler exists.;2026-09-01T09:00:00Z;ap.clerk@airline.com;;;
1d500000-0000-4000-8000-000000000084;21a00004-0000-4000-8000-000000000006;21a00006-0000-4000-8000-000000000020;INV473;DUPLICATE;;;PASSED;;;;;;2026-09-01T09:00:00Z;ap.clerk@airline.com;;;
1d500000-0000-4000-8000-000000000085;21a00004-0000-4000-8000-000000000006;21a00006-0000-4000-8000-000000000021;INV455;DUPLICATE;21a00005-0000-4000-8000-000000000012;10;PASSED;;;;;;2026-09-01T09:00:00Z;ap.clerk@airline.com;;;
1d500000-0000-4000-8000-000000000086;21a00004-0000-4000-8000-000000000006;21a00006-0000-4000-8000-000000000022;INV474;DUPLICATE;21a00005-0000-4000-8000-000000000012;10;PASSED;;;;;;2026-09-01T09:00:00Z;ap.clerk@airline.com;;;
1d500000-0000-4000-8000-000000000087;550e8400-e29b-41d4-a716-44665544A203;21a00006-0000-4000-8000-000000000001;INV459;CAPTURE;;;PASSED;;;;;;2026-09-01T09:00:00Z;ap.clerk@airline.com;;;
1d500000-0000-4000-8000-000000000088;550e8400-e29b-41d4-a716-44665544A203;21a00006-0000-4000-8000-000000000002;INV460;CAPTURE;;;NOT_APPLICABLE;;;The document states no line count, so there is nothing to compare against.;;The document states no line count, so there is nothing to compare against.;2026-09-01T09:00:00Z;ap.clerk@airline.com;;;
1d500000-0000-4000-8000-000000000089;550e8400-e29b-41d4-a716-44665544A203;21a00006-0000-4000-8000-000000000003;INV461;CAPTURE;;;PASSED;;;;;;2026-09-01T09:00:00Z;ap.clerk@airline.com;;;
1d500000-0000-4000-8000-000000000090;550e8400-e29b-41d4-a716-44665544A203;21a00006-0000-4000-8000-000000000004;INV450;RESOLUTION;550e8400-e29b-41d4-a716-44665544A213;10;FAILED;HARD_ERROR;REGISTRY_DEFAULT;;e0c00000-0000-4000-8000-000000000017;Line 10 states no ticket number. The ticket is what the supplier references and what resolves the PO.;2026-09-01T09:00:00Z;ap.clerk@airline.com;;;
1d500000-0000-4000-8000-000000000091;550e8400-e29b-41d4-a716-44665544A203;21a00006-0000-4000-8000-000000000005;INV462;RESOLUTION;550e8400-e29b-41d4-a716-44665544A213;10;NOT_APPLICABLE;;;The line states no ticket number, so there was nothing to look up (INV450).;;The line states no ticket number, so there was nothing to look up (INV450).;2026-09-01T09:00:00Z;ap.clerk@airline.com;;;
1d500000-0000-4000-8000-000000000092;550e8400-e29b-41d4-a716-44665544A203;21a00006-0000-4000-8000-000000000006;INV463;RESOLUTION;550e8400-e29b-41d4-a716-44665544A213;10;NOT_APPLICABLE;;;The ticket did not resolve, so it has no order to check (INV450/INV462).;;The ticket did not resolve, so it has no order to check (INV450/INV462).;2026-09-01T09:00:00Z;ap.clerk@airline.com;;;
1d500000-0000-4000-8000-000000000093;550e8400-e29b-41d4-a716-44665544A203;21a00006-0000-4000-8000-000000000007;INV464;RESOLUTION;550e8400-e29b-41d4-a716-44665544A213;10;NOT_APPLICABLE;;;No order resolved for this line, so there is no purchase order to look for.;;No order resolved for this line, so there is no purchase order to look for.;2026-09-01T09:00:00Z;ap.clerk@airline.com;;;
1d500000-0000-4000-8000-000000000094;550e8400-e29b-41d4-a716-44665544A203;21a00006-0000-4000-8000-000000000009;INV466;RESOLUTION;550e8400-e29b-41d4-a716-44665544A213;10;NOT_APPLICABLE;;;No order resolved for this line, so there is no goods receipt to look for.;;No order resolved for this line, so there is no goods receipt to look for.;2026-09-01T09:00:00Z;ap.clerk@airline.com;;;
1d500000-0000-4000-8000-000000000095;550e8400-e29b-41d4-a716-44665544A203;21a00006-0000-4000-8000-000000000008;INV465;RESOLUTION;550e8400-e29b-41d4-a716-44665544A213;10;NOT_APPLICABLE;;;The line quotes no purchase order, so there are not two POs to disagree.;;The line quotes no purchase order, so there are not two POs to disagree.;2026-09-01T09:00:00Z;ap.clerk@airline.com;;;
1d500000-0000-4000-8000-000000000096;550e8400-e29b-41d4-a716-44665544A203;21a00006-0000-4000-8000-000000000013;INV456;QUANTITY;550e8400-e29b-41d4-a716-44665544A213;10;PASSED;;;;;;2026-09-01T09:00:00Z;ap.clerk@airline.com;;;
1d500000-0000-4000-8000-000000000097;550e8400-e29b-41d4-a716-44665544A203;21a00006-0000-4000-8000-000000000012;INV468;QUANTITY;550e8400-e29b-41d4-a716-44665544A213;10;NOT_APPLICABLE;;;No goods receipt resolved for this line, so there is no received quantity to compare.;;No goods receipt resolved for this line, so there is no received quantity to compare.;2026-09-01T09:00:00Z;ap.clerk@airline.com;;;
1d500000-0000-4000-8000-000000000098;550e8400-e29b-41d4-a716-44665544A203;21a00006-0000-4000-8000-000000000010;INV451;QUANTITY;550e8400-e29b-41d4-a716-44665544A213;10;NOT_APPLICABLE;;;No goods receipt resolved for this line, so there is no received quantity to compare.;;No goods receipt resolved for this line, so there is no received quantity to compare.;2026-09-01T09:00:00Z;ap.clerk@airline.com;;;
1d500000-0000-4000-8000-000000000099;550e8400-e29b-41d4-a716-44665544A203;21a00006-0000-4000-8000-000000000011;INV467;QUANTITY;550e8400-e29b-41d4-a716-44665544A213;10;NOT_APPLICABLE;;;No order resolved for this line, so there is no ordered quantity to exceed.;;No order resolved for this line, so there is no ordered quantity to exceed.;2026-09-01T09:00:00Z;ap.clerk@airline.com;;;
1d500000-0000-4000-8000-000000000100;550e8400-e29b-41d4-a716-44665544A203;21a00006-0000-4000-8000-000000000015;INV469;PRICE;550e8400-e29b-41d4-a716-44665544A213;10;PASSED;;;;;;2026-09-01T09:00:00Z;ap.clerk@airline.com;;;
1d500000-0000-4000-8000-000000000101;550e8400-e29b-41d4-a716-44665544A203;21a00006-0000-4000-8000-000000000017;INV470;PRICE;550e8400-e29b-41d4-a716-44665544A213;10;NOT_APPLICABLE;;;No order resolved for this line, so there is neither a contract price nor an order price.;;No order resolved for this line, so there is neither a contract price nor an order price.;2026-09-01T09:00:00Z;ap.clerk@airline.com;;;
1d500000-0000-4000-8000-000000000102;550e8400-e29b-41d4-a716-44665544A203;21a00006-0000-4000-8000-000000000014;INV452;PRICE;550e8400-e29b-41d4-a716-44665544A213;10;NOT_APPLICABLE;;;No order resolved for this line, so there is neither a contract price nor an order price.;;No order resolved for this line, so there is neither a contract price nor an order price.;2026-09-01T09:00:00Z;ap.clerk@airline.com;;;
1d500000-0000-4000-8000-000000000103;550e8400-e29b-41d4-a716-44665544A203;21a00006-0000-4000-8000-000000000018;INV471;PRICE;550e8400-e29b-41d4-a716-44665544A213;10;NOT_APPLICABLE;;;No order resolved for this line, so there is no contract to compare charges against.;;No order resolved for this line, so there is no contract to compare charges against.;2026-09-01T09:00:00Z;ap.clerk@airline.com;;;
1d500000-0000-4000-8000-000000000104;550e8400-e29b-41d4-a716-44665544A203;21a00006-0000-4000-8000-000000000019;INV472;PRICE;550e8400-e29b-41d4-a716-44665544A213;10;NOT_APPLICABLE;;;No order resolved for this line, so there is no contract to compare charges against.;;No order resolved for this line, so there is no contract to compare charges against.;2026-09-01T09:00:00Z;ap.clerk@airline.com;;;
1d500000-0000-4000-8000-000000000105;550e8400-e29b-41d4-a716-44665544A203;21a00006-0000-4000-8000-000000000016;INV454;PRICE;;;NOT_APPLICABLE;;;The document states no net total, so the derived figure has nothing to disagree with.;;The document states no net total, so the derived figure has nothing to disagree with.;2026-09-01T09:00:00Z;ap.clerk@airline.com;;;
1d500000-0000-4000-8000-000000000106;550e8400-e29b-41d4-a716-44665544A203;21a00006-0000-4000-8000-000000000023;INV453;COVERAGE;;;NOT_APPLICABLE;;;Registered and NOT IMPLEMENTED. VR30 in 03-VALIDATION-RULES, never built. The Unbilled Tickets screen READS this exposure and nothing RAISES it against an invoice at period close, which needs a period-close trigger and no scheduler exists.;;Registered and NOT IMPLEMENTED. VR30 in 03-VALIDATION-RULES, never built. The Unbilled Tickets screen READS this exposure and nothing RAISES it against an invoice at period close, which needs a period-close trigger and no scheduler exists.;2026-09-01T09:00:00Z;ap.clerk@airline.com;;;
1d500000-0000-4000-8000-000000000107;550e8400-e29b-41d4-a716-44665544A203;21a00006-0000-4000-8000-000000000020;INV473;DUPLICATE;;;PASSED;;;;;;2026-09-01T09:00:00Z;ap.clerk@airline.com;;;
1d500000-0000-4000-8000-000000000108;550e8400-e29b-41d4-a716-44665544A203;21a00006-0000-4000-8000-000000000021;INV455;DUPLICATE;550e8400-e29b-41d4-a716-44665544A213;10;NOT_APPLICABLE;;;The line names no ticket, so there is no key to detect a duplicate on (INV450).;;The line names no ticket, so there is no key to detect a duplicate on (INV450).;2026-09-01T09:00:00Z;ap.clerk@airline.com;;;
1d500000-0000-4000-8000-000000000109;550e8400-e29b-41d4-a716-44665544A203;21a00006-0000-4000-8000-000000000022;INV474;DUPLICATE;550e8400-e29b-41d4-a716-44665544A213;10;NOT_APPLICABLE;;;No order resolved for this line, so there is no order-and-GR key to duplicate on.;;No order resolved for this line, so there is no order-and-GR key to duplicate on.;2026-09-01T09:00:00Z;ap.clerk@airline.com;;;
1d500000-0000-4000-8000-000000000110;550e8400-e29b-41d4-a716-44665544A201;21a00006-0000-4000-8000-000000000001;INV459;CAPTURE;;;PASSED;;;;;;2026-09-01T09:00:00Z;ap.clerk@airline.com;;;
1d500000-0000-4000-8000-000000000111;550e8400-e29b-41d4-a716-44665544A201;21a00006-0000-4000-8000-000000000002;INV460;CAPTURE;;;NOT_APPLICABLE;;;The document states no line count, so there is nothing to compare against.;;The document states no line count, so there is nothing to compare against.;2026-09-01T09:00:00Z;ap.clerk@airline.com;;;
1d500000-0000-4000-8000-000000000112;550e8400-e29b-41d4-a716-44665544A201;21a00006-0000-4000-8000-000000000003;INV461;CAPTURE;;;PASSED;;;;;;2026-09-01T09:00:00Z;ap.clerk@airline.com;;;
1d500000-0000-4000-8000-000000000113;550e8400-e29b-41d4-a716-44665544A201;21a00006-0000-4000-8000-000000000004;INV450;RESOLUTION;550e8400-e29b-41d4-a716-44665544A211;10;PASSED;;;;;;2026-09-01T09:00:00Z;ap.clerk@airline.com;;;
1d500000-0000-4000-8000-000000000114;550e8400-e29b-41d4-a716-44665544A201;21a00006-0000-4000-8000-000000000005;INV462;RESOLUTION;550e8400-e29b-41d4-a716-44665544A211;10;PASSED;;;;;;2026-09-01T09:00:00Z;ap.clerk@airline.com;;;
1d500000-0000-4000-8000-000000000115;550e8400-e29b-41d4-a716-44665544A201;21a00006-0000-4000-8000-000000000006;INV463;RESOLUTION;550e8400-e29b-41d4-a716-44665544A211;10;PASSED;;;;;;2026-09-01T09:00:00Z;ap.clerk@airline.com;;;
1d500000-0000-4000-8000-000000000116;550e8400-e29b-41d4-a716-44665544A201;21a00006-0000-4000-8000-000000000007;INV464;RESOLUTION;550e8400-e29b-41d4-a716-44665544A211;10;PASSED;;;;;;2026-09-01T09:00:00Z;ap.clerk@airline.com;;;
1d500000-0000-4000-8000-000000000117;550e8400-e29b-41d4-a716-44665544A201;21a00006-0000-4000-8000-000000000009;INV466;RESOLUTION;550e8400-e29b-41d4-a716-44665544A211;10;PASSED;;;;;;2026-09-01T09:00:00Z;ap.clerk@airline.com;;;
1d500000-0000-4000-8000-000000000118;550e8400-e29b-41d4-a716-44665544A201;21a00006-0000-4000-8000-000000000008;INV465;RESOLUTION;550e8400-e29b-41d4-a716-44665544A211;10;PASSED;;;;;;2026-09-01T09:00:00Z;ap.clerk@airline.com;;;
1d500000-0000-4000-8000-000000000119;550e8400-e29b-41d4-a716-44665544A201;21a00006-0000-4000-8000-000000000013;INV456;QUANTITY;550e8400-e29b-41d4-a716-44665544A211;10;PASSED;;;;;;2026-09-01T09:00:00Z;ap.clerk@airline.com;;;
1d500000-0000-4000-8000-000000000120;550e8400-e29b-41d4-a716-44665544A201;21a00006-0000-4000-8000-000000000012;INV468;QUANTITY;550e8400-e29b-41d4-a716-44665544A211;10;PASSED;;;;;;2026-09-01T09:00:00Z;ap.clerk@airline.com;;;
1d500000-0000-4000-8000-000000000121;550e8400-e29b-41d4-a716-44665544A201;21a00006-0000-4000-8000-000000000010;INV451;QUANTITY;550e8400-e29b-41d4-a716-44665544A211;10;PASSED;;;;;Invoiced 2180 against goods receipt 2180 (0%), inside TOL-INV-QTY.;2026-09-01T09:00:00Z;ap.clerk@airline.com;;;
1d500000-0000-4000-8000-000000000122;550e8400-e29b-41d4-a716-44665544A201;21a00006-0000-4000-8000-000000000011;INV467;QUANTITY;550e8400-e29b-41d4-a716-44665544A211;10;PASSED;;;;;;2026-09-01T09:00:00Z;ap.clerk@airline.com;;;
1d500000-0000-4000-8000-000000000123;550e8400-e29b-41d4-a716-44665544A201;21a00006-0000-4000-8000-000000000015;INV469;PRICE;550e8400-e29b-41d4-a716-44665544A211;10;FAILED;HARD_ERROR;REGISTRY_DEFAULT;;e0c00000-0000-4000-8000-000000000015;Line value 1870 does not equal quantity x price (2180 x 0.85 = 1853).;2026-09-01T09:00:00Z;ap.clerk@airline.com;;;
1d500000-0000-4000-8000-000000000124;550e8400-e29b-41d4-a716-44665544A201;21a00006-0000-4000-8000-000000000017;INV470;PRICE;550e8400-e29b-41d4-a716-44665544A211;10;NOT_APPLICABLE;;;No PROVISIONAL current price on the order’s contract, the price is settled.;;No PROVISIONAL current price on the order’s contract, the price is settled.;2026-09-01T09:00:00Z;ap.clerk@airline.com;;;
1d500000-0000-4000-8000-000000000125;550e8400-e29b-41d4-a716-44665544A201;21a00006-0000-4000-8000-000000000014;INV452;PRICE;550e8400-e29b-41d4-a716-44665544A211;10;PASSED;;;;;Invoiced 0.85 against order price 0.85 (0%), inside TOL-INV-PRICE.;2026-09-01T09:00:00Z;ap.clerk@airline.com;;;
1d500000-0000-4000-8000-000000000126;550e8400-e29b-41d4-a716-44665544A201;21a00006-0000-4000-8000-000000000018;INV471;PRICE;550e8400-e29b-41d4-a716-44665544A211;10;NOT_APPLICABLE;;;No current derived price on the contract, so the contracted components are unknown.;;No current derived price on the contract, so the contracted components are unknown.;2026-09-01T09:00:00Z;ap.clerk@airline.com;;;
1d500000-0000-4000-8000-000000000127;550e8400-e29b-41d4-a716-44665544A201;21a00006-0000-4000-8000-000000000019;INV472;PRICE;550e8400-e29b-41d4-a716-44665544A211;10;NOT_APPLICABLE;;;No current derived price on the contract, so the contracted components are unknown.;;No current derived price on the contract, so the contracted components are unknown.;2026-09-01T09:00:00Z;ap.clerk@airline.com;;;
1d500000-0000-4000-8000-000000000128;550e8400-e29b-41d4-a716-44665544A201;21a00006-0000-4000-8000-000000000016;INV454;PRICE;;;NOT_APPLICABLE;;;The document states no net total, so the derived figure has nothing to disagree with.;;The document states no net total, so the derived figure has nothing to disagree with.;2026-09-01T09:00:00Z;ap.clerk@airline.com;;;
1d500000-0000-4000-8000-000000000129;550e8400-e29b-41d4-a716-44665544A201;21a00006-0000-4000-8000-000000000023;INV453;COVERAGE;;;NOT_APPLICABLE;;;Registered and NOT IMPLEMENTED. VR30 in 03-VALIDATION-RULES, never built. The Unbilled Tickets screen READS this exposure and nothing RAISES it against an invoice at period close, which needs a period-close trigger and no scheduler exists.;;Registered and NOT IMPLEMENTED. VR30 in 03-VALIDATION-RULES, never built. The Unbilled Tickets screen READS this exposure and nothing RAISES it against an invoice at period close, which needs a period-close trigger and no scheduler exists.;2026-09-01T09:00:00Z;ap.clerk@airline.com;;;
1d500000-0000-4000-8000-000000000130;550e8400-e29b-41d4-a716-44665544A201;21a00006-0000-4000-8000-000000000020;INV473;DUPLICATE;;;PASSED;;;;;;2026-09-01T09:00:00Z;ap.clerk@airline.com;;;
1d500000-0000-4000-8000-000000000131;550e8400-e29b-41d4-a716-44665544A201;21a00006-0000-4000-8000-000000000021;INV455;DUPLICATE;550e8400-e29b-41d4-a716-44665544A211;10;PASSED;;;;;;2026-09-01T09:00:00Z;ap.clerk@airline.com;;;
1d500000-0000-4000-8000-000000000132;550e8400-e29b-41d4-a716-44665544A201;21a00006-0000-4000-8000-000000000022;INV474;DUPLICATE;550e8400-e29b-41d4-a716-44665544A211;10;PASSED;;;;;;2026-09-01T09:00:00Z;ap.clerk@airline.com;;;
1d500000-0000-4000-8000-000000000133;f1c00000-0000-4000-8000-000000000001;21a00006-0000-4000-8000-000000000001;INV459;CAPTURE;;;PASSED;;;;;;2026-09-01T09:00:00Z;ap.clerk@airline.com;;;
1d500000-0000-4000-8000-000000000134;f1c00000-0000-4000-8000-000000000001;21a00006-0000-4000-8000-000000000002;INV460;CAPTURE;;;PASSED;;;;;;2026-09-01T09:00:00Z;ap.clerk@airline.com;;;
1d500000-0000-4000-8000-000000000135;f1c00000-0000-4000-8000-000000000001;21a00006-0000-4000-8000-000000000003;INV461;CAPTURE;;;PASSED;;;;;;2026-09-01T09:00:00Z;ap.clerk@airline.com;;;
1d500000-0000-4000-8000-000000000136;f1c00000-0000-4000-8000-000000000001;21a00006-0000-4000-8000-000000000004;INV450;RESOLUTION;f1c00001-0000-4000-8000-000000000001;10;PASSED;;;;;;2026-09-01T09:00:00Z;ap.clerk@airline.com;;;
1d500000-0000-4000-8000-000000000137;f1c00000-0000-4000-8000-000000000001;21a00006-0000-4000-8000-000000000005;INV462;RESOLUTION;f1c00001-0000-4000-8000-000000000001;10;PASSED;;;;;;2026-09-01T09:00:00Z;ap.clerk@airline.com;;;
1d500000-0000-4000-8000-000000000138;f1c00000-0000-4000-8000-000000000001;21a00006-0000-4000-8000-000000000006;INV463;RESOLUTION;f1c00001-0000-4000-8000-000000000001;10;PASSED;;;;;;2026-09-01T09:00:00Z;ap.clerk@airline.com;;;
1d500000-0000-4000-8000-000000000139;f1c00000-0000-4000-8000-000000000001;21a00006-0000-4000-8000-000000000007;INV464;RESOLUTION;f1c00001-0000-4000-8000-000000000001;10;PASSED;;;;;;2026-09-01T09:00:00Z;ap.clerk@airline.com;;;
1d500000-0000-4000-8000-000000000140;f1c00000-0000-4000-8000-000000000001;21a00006-0000-4000-8000-000000000009;INV466;RESOLUTION;f1c00001-0000-4000-8000-000000000001;10;PASSED;;;;;;2026-09-01T09:00:00Z;ap.clerk@airline.com;;;
1d500000-0000-4000-8000-000000000141;f1c00000-0000-4000-8000-000000000001;21a00006-0000-4000-8000-000000000008;INV465;RESOLUTION;f1c00001-0000-4000-8000-000000000001;10;PASSED;;;;;;2026-09-01T09:00:00Z;ap.clerk@airline.com;;;
1d500000-0000-4000-8000-000000000142;f1c00000-0000-4000-8000-000000000001;21a00006-0000-4000-8000-000000000013;INV456;QUANTITY;f1c00001-0000-4000-8000-000000000001;10;PASSED;;;;;;2026-09-01T09:00:00Z;ap.clerk@airline.com;;;
1d500000-0000-4000-8000-000000000143;f1c00000-0000-4000-8000-000000000001;21a00006-0000-4000-8000-000000000012;INV468;QUANTITY;f1c00001-0000-4000-8000-000000000001;10;PASSED;;;;;;2026-09-01T09:00:00Z;ap.clerk@airline.com;;;
1d500000-0000-4000-8000-000000000144;f1c00000-0000-4000-8000-000000000001;21a00006-0000-4000-8000-000000000010;INV451;QUANTITY;f1c00001-0000-4000-8000-000000000001;10;PASSED;;;;;Invoiced 2881.25 against goods receipt 2884 (-0.0954%), inside TOL-INV-QTY.;2026-09-01T09:00:00Z;ap.clerk@airline.com;;;
1d500000-0000-4000-8000-000000000145;f1c00000-0000-4000-8000-000000000001;21a00006-0000-4000-8000-000000000011;INV467;QUANTITY;f1c00001-0000-4000-8000-000000000001;10;PASSED;;;;;;2026-09-01T09:00:00Z;ap.clerk@airline.com;;;
1d500000-0000-4000-8000-000000000146;f1c00000-0000-4000-8000-000000000001;21a00006-0000-4000-8000-000000000015;INV469;PRICE;f1c00001-0000-4000-8000-000000000001;10;PASSED;;;;;;2026-09-01T09:00:00Z;ap.clerk@airline.com;;;
1d500000-0000-4000-8000-000000000147;f1c00000-0000-4000-8000-000000000001;21a00006-0000-4000-8000-000000000017;INV470;PRICE;f1c00001-0000-4000-8000-000000000001;10;NOT_APPLICABLE;;;No PROVISIONAL current price on the order’s contract, the price is settled.;;No PROVISIONAL current price on the order’s contract, the price is settled.;2026-09-01T09:00:00Z;ap.clerk@airline.com;;;
1d500000-0000-4000-8000-000000000148;f1c00000-0000-4000-8000-000000000001;21a00006-0000-4000-8000-000000000014;INV452;PRICE;f1c00001-0000-4000-8000-000000000001;10;PASSED;;;;;Invoiced 0.71 against order price 0.71 (0%), inside TOL-INV-PRICE.;2026-09-01T09:00:00Z;ap.clerk@airline.com;;;
1d500000-0000-4000-8000-000000000149;f1c00000-0000-4000-8000-000000000001;21a00006-0000-4000-8000-000000000018;INV471;PRICE;f1c00001-0000-4000-8000-000000000001;10;NOT_APPLICABLE;;;No current derived price on the contract, so the contracted components are unknown.;;No current derived price on the contract, so the contracted components are unknown.;2026-09-01T09:00:00Z;ap.clerk@airline.com;;;
1d500000-0000-4000-8000-000000000150;f1c00000-0000-4000-8000-000000000001;21a00006-0000-4000-8000-000000000019;INV472;PRICE;f1c00001-0000-4000-8000-000000000001;10;NOT_APPLICABLE;;;No current derived price on the contract, so the contracted components are unknown.;;No current derived price on the contract, so the contracted components are unknown.;2026-09-01T09:00:00Z;ap.clerk@airline.com;;;
1d500000-0000-4000-8000-000000000151;f1c00000-0000-4000-8000-000000000001;21a00006-0000-4000-8000-000000000016;INV454;PRICE;;;PASSED;;;;;;2026-09-01T09:00:00Z;ap.clerk@airline.com;;;
1d500000-0000-4000-8000-000000000152;f1c00000-0000-4000-8000-000000000001;21a00006-0000-4000-8000-000000000023;INV453;COVERAGE;;;NOT_APPLICABLE;;;Registered and NOT IMPLEMENTED. VR30 in 03-VALIDATION-RULES, never built. The Unbilled Tickets screen READS this exposure and nothing RAISES it against an invoice at period close, which needs a period-close trigger and no scheduler exists.;;Registered and NOT IMPLEMENTED. VR30 in 03-VALIDATION-RULES, never built. The Unbilled Tickets screen READS this exposure and nothing RAISES it against an invoice at period close, which needs a period-close trigger and no scheduler exists.;2026-09-01T09:00:00Z;ap.clerk@airline.com;;;
1d500000-0000-4000-8000-000000000153;f1c00000-0000-4000-8000-000000000001;21a00006-0000-4000-8000-000000000020;INV473;DUPLICATE;;;PASSED;;;;;;2026-09-01T09:00:00Z;ap.clerk@airline.com;;;
1d500000-0000-4000-8000-000000000154;f1c00000-0000-4000-8000-000000000001;21a00006-0000-4000-8000-000000000021;INV455;DUPLICATE;f1c00001-0000-4000-8000-000000000001;10;PASSED;;;;;;2026-09-01T09:00:00Z;ap.clerk@airline.com;;;
1d500000-0000-4000-8000-000000000155;f1c00000-0000-4000-8000-000000000001;21a00006-0000-4000-8000-000000000022;INV474;DUPLICATE;f1c00001-0000-4000-8000-000000000001;10;PASSED;;;;;;2026-09-01T09:00:00Z;ap.clerk@airline.com;;;
1d500000-0000-4000-8000-000000000156;f1c00000-0000-4000-8000-000000000002;21a00006-0000-4000-8000-000000000001;INV459;CAPTURE;;;PASSED;;;;;;2026-09-01T09:00:00Z;ap.clerk@airline.com;;;
1d500000-0000-4000-8000-000000000157;f1c00000-0000-4000-8000-000000000002;21a00006-0000-4000-8000-000000000002;INV460;CAPTURE;;;PASSED;;;;;;2026-09-01T09:00:00Z;ap.clerk@airline.com;;;
1d500000-0000-4000-8000-000000000158;f1c00000-0000-4000-8000-000000000002;21a00006-0000-4000-8000-000000000003;INV461;CAPTURE;;;PASSED;;;;;;2026-09-01T09:00:00Z;ap.clerk@airline.com;;;
1d500000-0000-4000-8000-000000000159;f1c00000-0000-4000-8000-000000000002;21a00006-0000-4000-8000-000000000004;INV450;RESOLUTION;f1c00001-0000-4000-8000-000000000002;10;PASSED;;;;;;2026-09-01T09:00:00Z;ap.clerk@airline.com;;;
1d500000-0000-4000-8000-000000000160;f1c00000-0000-4000-8000-000000000002;21a00006-0000-4000-8000-000000000005;INV462;RESOLUTION;f1c00001-0000-4000-8000-000000000002;10;PASSED;;;;;;2026-09-01T09:00:00Z;ap.clerk@airline.com;;;
1d500000-0000-4000-8000-000000000161;f1c00000-0000-4000-8000-000000000002;21a00006-0000-4000-8000-000000000006;INV463;RESOLUTION;f1c00001-0000-4000-8000-000000000002;10;PASSED;;;;;;2026-09-01T09:00:00Z;ap.clerk@airline.com;;;
1d500000-0000-4000-8000-000000000162;f1c00000-0000-4000-8000-000000000002;21a00006-0000-4000-8000-000000000007;INV464;RESOLUTION;f1c00001-0000-4000-8000-000000000002;10;PASSED;;;;;;2026-09-01T09:00:00Z;ap.clerk@airline.com;;;
1d500000-0000-4000-8000-000000000163;f1c00000-0000-4000-8000-000000000002;21a00006-0000-4000-8000-000000000009;INV466;RESOLUTION;f1c00001-0000-4000-8000-000000000002;10;PASSED;;;;;;2026-09-01T09:00:00Z;ap.clerk@airline.com;;;
1d500000-0000-4000-8000-000000000164;f1c00000-0000-4000-8000-000000000002;21a00006-0000-4000-8000-000000000008;INV465;RESOLUTION;f1c00001-0000-4000-8000-000000000002;10;PASSED;;;;;;2026-09-01T09:00:00Z;ap.clerk@airline.com;;;
1d500000-0000-4000-8000-000000000165;f1c00000-0000-4000-8000-000000000002;21a00006-0000-4000-8000-000000000013;INV456;QUANTITY;f1c00001-0000-4000-8000-000000000002;10;PASSED;;;;;;2026-09-01T09:00:00Z;ap.clerk@airline.com;;;
1d500000-0000-4000-8000-000000000166;f1c00000-0000-4000-8000-000000000002;21a00006-0000-4000-8000-000000000012;INV468;QUANTITY;f1c00001-0000-4000-8000-000000000002;10;PASSED;;;;;;2026-09-01T09:00:00Z;ap.clerk@airline.com;;;
1d500000-0000-4000-8000-000000000167;f1c00000-0000-4000-8000-000000000002;21a00006-0000-4000-8000-000000000010;INV451;QUANTITY;f1c00001-0000-4000-8000-000000000002;10;PASSED;;;;;Invoiced 2881.25 against goods receipt 2884 (-0.0954%), inside TOL-INV-QTY.;2026-09-01T09:00:00Z;ap.clerk@airline.com;;;
1d500000-0000-4000-8000-000000000168;f1c00000-0000-4000-8000-000000000002;21a00006-0000-4000-8000-000000000011;INV467;QUANTITY;f1c00001-0000-4000-8000-000000000002;10;PASSED;;;;;;2026-09-01T09:00:00Z;ap.clerk@airline.com;;;
1d500000-0000-4000-8000-000000000169;f1c00000-0000-4000-8000-000000000002;21a00006-0000-4000-8000-000000000015;INV469;PRICE;f1c00001-0000-4000-8000-000000000002;10;PASSED;;;;;;2026-09-01T09:00:00Z;ap.clerk@airline.com;;;
1d500000-0000-4000-8000-000000000170;f1c00000-0000-4000-8000-000000000002;21a00006-0000-4000-8000-000000000017;INV470;PRICE;f1c00001-0000-4000-8000-000000000002;10;NOT_APPLICABLE;;;No PROVISIONAL current price on the order’s contract, the price is settled.;;No PROVISIONAL current price on the order’s contract, the price is settled.;2026-09-01T09:00:00Z;ap.clerk@airline.com;;;
1d500000-0000-4000-8000-000000000171;f1c00000-0000-4000-8000-000000000002;21a00006-0000-4000-8000-000000000014;INV452;PRICE;f1c00001-0000-4000-8000-000000000002;10;PASSED;;;;;Invoiced 0.71 against order price 0.71 (0%), inside TOL-INV-PRICE.;2026-09-01T09:00:00Z;ap.clerk@airline.com;;;
1d500000-0000-4000-8000-000000000172;f1c00000-0000-4000-8000-000000000002;21a00006-0000-4000-8000-000000000004;INV450;RESOLUTION;f1c00001-0000-4000-8000-000000000003;20;PASSED;;;;;;2026-09-01T09:00:00Z;ap.clerk@airline.com;;;
1d500000-0000-4000-8000-000000000173;f1c00000-0000-4000-8000-000000000002;21a00006-0000-4000-8000-000000000005;INV462;RESOLUTION;f1c00001-0000-4000-8000-000000000003;20;PASSED;;;;;;2026-09-01T09:00:00Z;ap.clerk@airline.com;;;
1d500000-0000-4000-8000-000000000174;f1c00000-0000-4000-8000-000000000002;21a00006-0000-4000-8000-000000000006;INV463;RESOLUTION;f1c00001-0000-4000-8000-000000000003;20;PASSED;;;;;;2026-09-01T09:00:00Z;ap.clerk@airline.com;;;
1d500000-0000-4000-8000-000000000175;f1c00000-0000-4000-8000-000000000002;21a00006-0000-4000-8000-000000000007;INV464;RESOLUTION;f1c00001-0000-4000-8000-000000000003;20;PASSED;;;;;;2026-09-01T09:00:00Z;ap.clerk@airline.com;;;
1d500000-0000-4000-8000-000000000176;f1c00000-0000-4000-8000-000000000002;21a00006-0000-4000-8000-000000000009;INV466;RESOLUTION;f1c00001-0000-4000-8000-000000000003;20;PASSED;;;;;;2026-09-01T09:00:00Z;ap.clerk@airline.com;;;
1d500000-0000-4000-8000-000000000177;f1c00000-0000-4000-8000-000000000002;21a00006-0000-4000-8000-000000000008;INV465;RESOLUTION;f1c00001-0000-4000-8000-000000000003;20;PASSED;;;;;;2026-09-01T09:00:00Z;ap.clerk@airline.com;;;
1d500000-0000-4000-8000-000000000178;f1c00000-0000-4000-8000-000000000002;21a00006-0000-4000-8000-000000000013;INV456;QUANTITY;f1c00001-0000-4000-8000-000000000003;20;PASSED;;;;;;2026-09-01T09:00:00Z;ap.clerk@airline.com;;;
1d500000-0000-4000-8000-000000000179;f1c00000-0000-4000-8000-000000000002;21a00006-0000-4000-8000-000000000012;INV468;QUANTITY;f1c00001-0000-4000-8000-000000000003;20;PASSED;;;;;;2026-09-01T09:00:00Z;ap.clerk@airline.com;;;
1d500000-0000-4000-8000-000000000180;f1c00000-0000-4000-8000-000000000002;21a00006-0000-4000-8000-000000000010;INV451;QUANTITY;f1c00001-0000-4000-8000-000000000003;20;PASSED;;;;;Invoiced 2881.25 against goods receipt 2884 (-0.0954%), inside TOL-INV-QTY.;2026-09-01T09:00:00Z;ap.clerk@airline.com;;;
1d500000-0000-4000-8000-000000000181;f1c00000-0000-4000-8000-000000000002;21a00006-0000-4000-8000-000000000011;INV467;QUANTITY;f1c00001-0000-4000-8000-000000000003;20;PASSED;;;;;;2026-09-01T09:00:00Z;ap.clerk@airline.com;;;
1d500000-0000-4000-8000-000000000182;f1c00000-0000-4000-8000-000000000002;21a00006-0000-4000-8000-000000000015;INV469;PRICE;f1c00001-0000-4000-8000-000000000003;20;PASSED;;;;;;2026-09-01T09:00:00Z;ap.clerk@airline.com;;;
1d500000-0000-4000-8000-000000000183;f1c00000-0000-4000-8000-000000000002;21a00006-0000-4000-8000-000000000017;INV470;PRICE;f1c00001-0000-4000-8000-000000000003;20;NOT_APPLICABLE;;;No PROVISIONAL current price on the order’s contract, the price is settled.;;No PROVISIONAL current price on the order’s contract, the price is settled.;2026-09-01T09:00:00Z;ap.clerk@airline.com;;;
1d500000-0000-4000-8000-000000000184;f1c00000-0000-4000-8000-000000000002;21a00006-0000-4000-8000-000000000014;INV452;PRICE;f1c00001-0000-4000-8000-000000000003;20;PASSED;;;;;Invoiced 0.71 against order price 0.71 (0%), inside TOL-INV-PRICE.;2026-09-01T09:00:00Z;ap.clerk@airline.com;;;
1d500000-0000-4000-8000-000000000185;f1c00000-0000-4000-8000-000000000002;21a00006-0000-4000-8000-000000000018;INV471;PRICE;f1c00001-0000-4000-8000-000000000002;10;NOT_APPLICABLE;;;No current derived price on the contract, so the contracted components are unknown.;;No current derived price on the contract, so the contracted components are unknown.;2026-09-01T09:00:00Z;ap.clerk@airline.com;;;
1d500000-0000-4000-8000-000000000186;f1c00000-0000-4000-8000-000000000002;21a00006-0000-4000-8000-000000000019;INV472;PRICE;f1c00001-0000-4000-8000-000000000002;10;NOT_APPLICABLE;;;No current derived price on the contract, so the contracted components are unknown.;;No current derived price on the contract, so the contracted components are unknown.;2026-09-01T09:00:00Z;ap.clerk@airline.com;;;
1d500000-0000-4000-8000-000000000187;f1c00000-0000-4000-8000-000000000002;21a00006-0000-4000-8000-000000000018;INV471;PRICE;f1c00001-0000-4000-8000-000000000003;20;NOT_APPLICABLE;;;No current derived price on the contract, so the contracted components are unknown.;;No current derived price on the contract, so the contracted components are unknown.;2026-09-01T09:00:00Z;ap.clerk@airline.com;;;
1d500000-0000-4000-8000-000000000188;f1c00000-0000-4000-8000-000000000002;21a00006-0000-4000-8000-000000000019;INV472;PRICE;f1c00001-0000-4000-8000-000000000003;20;NOT_APPLICABLE;;;No current derived price on the contract, so the contracted components are unknown.;;No current derived price on the contract, so the contracted components are unknown.;2026-09-01T09:00:00Z;ap.clerk@airline.com;;;
1d500000-0000-4000-8000-000000000189;f1c00000-0000-4000-8000-000000000002;21a00006-0000-4000-8000-000000000016;INV454;PRICE;;;PASSED;;;;;;2026-09-01T09:00:00Z;ap.clerk@airline.com;;;
1d500000-0000-4000-8000-000000000190;f1c00000-0000-4000-8000-000000000002;21a00006-0000-4000-8000-000000000023;INV453;COVERAGE;;;NOT_APPLICABLE;;;Registered and NOT IMPLEMENTED. VR30 in 03-VALIDATION-RULES, never built. The Unbilled Tickets screen READS this exposure and nothing RAISES it against an invoice at period close, which needs a period-close trigger and no scheduler exists.;;Registered and NOT IMPLEMENTED. VR30 in 03-VALIDATION-RULES, never built. The Unbilled Tickets screen READS this exposure and nothing RAISES it against an invoice at period close, which needs a period-close trigger and no scheduler exists.;2026-09-01T09:00:00Z;ap.clerk@airline.com;;;
1d500000-0000-4000-8000-000000000191;f1c00000-0000-4000-8000-000000000002;21a00006-0000-4000-8000-000000000020;INV473;DUPLICATE;;;PASSED;;;;;;2026-09-01T09:00:00Z;ap.clerk@airline.com;;;
1d500000-0000-4000-8000-000000000192;f1c00000-0000-4000-8000-000000000002;21a00006-0000-4000-8000-000000000022;INV474;DUPLICATE;f1c00001-0000-4000-8000-000000000002;10;PASSED;;;;;;2026-09-01T09:00:00Z;ap.clerk@airline.com;;;
1d500000-0000-4000-8000-000000000193;f1c00000-0000-4000-8000-000000000002;21a00006-0000-4000-8000-000000000021;INV455;DUPLICATE;f1c00001-0000-4000-8000-000000000002;10;FAILED;HARD_ERROR;REGISTRY_DEFAULT;;e0c00000-0000-4000-8000-000000000020;Ticket WFS-YYZ-20260410-11 is invoiced on 2 lines in total (2 on this invoice). A ticket is payable once.;2026-09-01T09:00:00Z;ap.clerk@airline.com;;;
1d500000-0000-4000-8000-000000000194;f1c00000-0000-4000-8000-000000000002;21a00006-0000-4000-8000-000000000021;INV455;DUPLICATE;f1c00001-0000-4000-8000-000000000003;20;FAILED;HARD_ERROR;REGISTRY_DEFAULT;;e0c00000-0000-4000-8000-000000000021;Ticket WFS-YYZ-20260410-11 is invoiced on 2 lines in total (2 on this invoice). A ticket is payable once.;2026-09-01T09:00:00Z;ap.clerk@airline.com;;;
1d500000-0000-4000-8000-000000000195;f1c00000-0000-4000-8000-000000000002;21a00006-0000-4000-8000-000000000022;INV474;DUPLICATE;f1c00001-0000-4000-8000-000000000003;20;FAILED;HARD_ERROR;REGISTRY_DEFAULT;;e0c00000-0000-4000-8000-000000000022;Order FO-YYZ-20260410-001 and GR 5000210011 are already invoiced on line 10 of this invoice.;2026-09-01T09:00:00Z;ap.clerk@airline.com;;;
1d500000-0000-4000-8000-000000000196;f1c00000-0000-4000-8000-000000000003;21a00006-0000-4000-8000-000000000001;INV459;CAPTURE;;;PASSED;;;;;;2026-09-01T09:00:00Z;ap.clerk@airline.com;;;
1d500000-0000-4000-8000-000000000197;f1c00000-0000-4000-8000-000000000003;21a00006-0000-4000-8000-000000000002;INV460;CAPTURE;;;PASSED;;;;;;2026-09-01T09:00:00Z;ap.clerk@airline.com;;;
1d500000-0000-4000-8000-000000000198;f1c00000-0000-4000-8000-000000000003;21a00006-0000-4000-8000-000000000003;INV461;CAPTURE;;;PASSED;;;;;;2026-09-01T09:00:00Z;ap.clerk@airline.com;;;
1d500000-0000-4000-8000-000000000199;f1c00000-0000-4000-8000-000000000003;21a00006-0000-4000-8000-000000000004;INV450;RESOLUTION;f1c00001-0000-4000-8000-000000000004;10;PASSED;;;;;;2026-09-01T09:00:00Z;ap.clerk@airline.com;;;
1d500000-0000-4000-8000-000000000200;f1c00000-0000-4000-8000-000000000003;21a00006-0000-4000-8000-000000000005;INV462;RESOLUTION;f1c00001-0000-4000-8000-000000000004;10;PASSED;;;;;;2026-09-01T09:00:00Z;ap.clerk@airline.com;;;
1d500000-0000-4000-8000-000000000201;f1c00000-0000-4000-8000-000000000003;21a00006-0000-4000-8000-000000000006;INV463;RESOLUTION;f1c00001-0000-4000-8000-000000000004;10;PASSED;;;;;;2026-09-01T09:00:00Z;ap.clerk@airline.com;;;
1d500000-0000-4000-8000-000000000202;f1c00000-0000-4000-8000-000000000003;21a00006-0000-4000-8000-000000000007;INV464;RESOLUTION;f1c00001-0000-4000-8000-000000000004;10;PASSED;;;;;;2026-09-01T09:00:00Z;ap.clerk@airline.com;;;
1d500000-0000-4000-8000-000000000203;f1c00000-0000-4000-8000-000000000003;21a00006-0000-4000-8000-000000000009;INV466;RESOLUTION;f1c00001-0000-4000-8000-000000000004;10;PASSED;;;;;;2026-09-01T09:00:00Z;ap.clerk@airline.com;;;
1d500000-0000-4000-8000-000000000204;f1c00000-0000-4000-8000-000000000003;21a00006-0000-4000-8000-000000000008;INV465;RESOLUTION;f1c00001-0000-4000-8000-000000000004;10;PASSED;;;;;;2026-09-01T09:00:00Z;ap.clerk@airline.com;;;
1d500000-0000-4000-8000-000000000205;f1c00000-0000-4000-8000-000000000003;21a00006-0000-4000-8000-000000000013;INV456;QUANTITY;f1c00001-0000-4000-8000-000000000004;10;PASSED;;;;;;2026-09-01T09:00:00Z;ap.clerk@airline.com;;;
1d500000-0000-4000-8000-000000000206;f1c00000-0000-4000-8000-000000000003;21a00006-0000-4000-8000-000000000012;INV468;QUANTITY;f1c00001-0000-4000-8000-000000000004;10;PASSED;;;;;;2026-09-01T09:00:00Z;ap.clerk@airline.com;;;
1d500000-0000-4000-8000-000000000207;f1c00000-0000-4000-8000-000000000003;21a00006-0000-4000-8000-000000000010;INV451;QUANTITY;f1c00001-0000-4000-8000-000000000004;10;FAILED;SOFT_ERROR;TOLERANCE_LADDER;;e0c00000-0000-4000-8000-000000000023;Invoiced 53800 LTR against goods receipt 52650 (+2.1842%), which is the SOFT rung of TOL-INV-QTY.;2026-09-01T09:00:00Z;ap.clerk@airline.com;;;
1d500000-0000-4000-8000-000000000208;f1c00000-0000-4000-8000-000000000003;21a00006-0000-4000-8000-000000000011;INV467;QUANTITY;f1c00001-0000-4000-8000-000000000004;10;FAILED;SOFT_ERROR;REGISTRY_DEFAULT;;e0c00000-0000-4000-8000-000000000024;Invoiced 53800 exceeds the ordered 52437.5 on FO-YYZ-20260410-002.;2026-09-01T09:00:00Z;ap.clerk@airline.com;;;
1d500000-0000-4000-8000-000000000209;f1c00000-0000-4000-8000-000000000003;21a00006-0000-4000-8000-000000000015;INV469;PRICE;f1c00001-0000-4000-8000-000000000004;10;PASSED;;;;;;2026-09-01T09:00:00Z;ap.clerk@airline.com;;;
1d500000-0000-4000-8000-000000000210;f1c00000-0000-4000-8000-000000000003;21a00006-0000-4000-8000-000000000017;INV470;PRICE;f1c00001-0000-4000-8000-000000000004;10;NOT_APPLICABLE;;;No PROVISIONAL current price on the order’s contract, the price is settled.;;No PROVISIONAL current price on the order’s contract, the price is settled.;2026-09-01T09:00:00Z;ap.clerk@airline.com;;;
1d500000-0000-4000-8000-000000000211;f1c00000-0000-4000-8000-000000000003;21a00006-0000-4000-8000-000000000014;INV452;PRICE;f1c00001-0000-4000-8000-000000000004;10;PASSED;;;;;Invoiced 0.71 against order price 0.71 (0%), inside TOL-INV-PRICE.;2026-09-01T09:00:00Z;ap.clerk@airline.com;;;
1d500000-0000-4000-8000-000000000212;f1c00000-0000-4000-8000-000000000003;21a00006-0000-4000-8000-000000000018;INV471;PRICE;f1c00001-0000-4000-8000-000000000004;10;NOT_APPLICABLE;;;No current derived price on the contract, so the contracted components are unknown.;;No current derived price on the contract, so the contracted components are unknown.;2026-09-01T09:00:00Z;ap.clerk@airline.com;;;
1d500000-0000-4000-8000-000000000213;f1c00000-0000-4000-8000-000000000003;21a00006-0000-4000-8000-000000000019;INV472;PRICE;f1c00001-0000-4000-8000-000000000004;10;NOT_APPLICABLE;;;No current derived price on the contract, so the contracted components are unknown.;;No current derived price on the contract, so the contracted components are unknown.;2026-09-01T09:00:00Z;ap.clerk@airline.com;;;
1d500000-0000-4000-8000-000000000214;f1c00000-0000-4000-8000-000000000003;21a00006-0000-4000-8000-000000000016;INV454;PRICE;;;PASSED;;;;;;2026-09-01T09:00:00Z;ap.clerk@airline.com;;;
1d500000-0000-4000-8000-000000000215;f1c00000-0000-4000-8000-000000000003;21a00006-0000-4000-8000-000000000023;INV453;COVERAGE;;;NOT_APPLICABLE;;;Registered and NOT IMPLEMENTED. VR30 in 03-VALIDATION-RULES, never built. The Unbilled Tickets screen READS this exposure and nothing RAISES it against an invoice at period close, which needs a period-close trigger and no scheduler exists.;;Registered and NOT IMPLEMENTED. VR30 in 03-VALIDATION-RULES, never built. The Unbilled Tickets screen READS this exposure and nothing RAISES it against an invoice at period close, which needs a period-close trigger and no scheduler exists.;2026-09-01T09:00:00Z;ap.clerk@airline.com;;;
1d500000-0000-4000-8000-000000000216;f1c00000-0000-4000-8000-000000000003;21a00006-0000-4000-8000-000000000020;INV473;DUPLICATE;;;PASSED;;;;;;2026-09-01T09:00:00Z;ap.clerk@airline.com;;;
1d500000-0000-4000-8000-000000000217;f1c00000-0000-4000-8000-000000000003;21a00006-0000-4000-8000-000000000021;INV455;DUPLICATE;f1c00001-0000-4000-8000-000000000004;10;PASSED;;;;;;2026-09-01T09:00:00Z;ap.clerk@airline.com;;;
1d500000-0000-4000-8000-000000000218;f1c00000-0000-4000-8000-000000000003;21a00006-0000-4000-8000-000000000022;INV474;DUPLICATE;f1c00001-0000-4000-8000-000000000004;10;PASSED;;;;;;2026-09-01T09:00:00Z;ap.clerk@airline.com;;;
1d500000-0000-4000-8000-000000000219;21a00004-0000-4000-8000-000000000001;21a00006-0000-4000-8000-000000000001;INV459;CAPTURE;;;PASSED;;;;;;2026-09-01T09:00:00Z;ap.clerk@airline.com;;;
1d500000-0000-4000-8000-000000000220;21a00004-0000-4000-8000-000000000001;21a00006-0000-4000-8000-000000000002;INV460;CAPTURE;;;PASSED;;;;;;2026-09-01T09:00:00Z;ap.clerk@airline.com;;;
1d500000-0000-4000-8000-000000000221;21a00004-0000-4000-8000-000000000001;21a00006-0000-4000-8000-000000000003;INV461;CAPTURE;;;PASSED;;;;;;2026-09-01T09:00:00Z;ap.clerk@airline.com;;;
1d500000-0000-4000-8000-000000000222;21a00004-0000-4000-8000-000000000001;21a00006-0000-4000-8000-000000000004;INV450;RESOLUTION;21a00005-0000-4000-8000-000000000001;10;PASSED;;;;;;2026-09-01T09:00:00Z;ap.clerk@airline.com;;;
1d500000-0000-4000-8000-000000000223;21a00004-0000-4000-8000-000000000001;21a00006-0000-4000-8000-000000000005;INV462;RESOLUTION;21a00005-0000-4000-8000-000000000001;10;PASSED;;;;;;2026-09-01T09:00:00Z;ap.clerk@airline.com;;;
1d500000-0000-4000-8000-000000000224;21a00004-0000-4000-8000-000000000001;21a00006-0000-4000-8000-000000000006;INV463;RESOLUTION;21a00005-0000-4000-8000-000000000001;10;PASSED;;;;;;2026-09-01T09:00:00Z;ap.clerk@airline.com;;;
1d500000-0000-4000-8000-000000000225;21a00004-0000-4000-8000-000000000001;21a00006-0000-4000-8000-000000000007;INV464;RESOLUTION;21a00005-0000-4000-8000-000000000001;10;PASSED;;;;;;2026-09-01T09:00:00Z;ap.clerk@airline.com;;;
1d500000-0000-4000-8000-000000000226;21a00004-0000-4000-8000-000000000001;21a00006-0000-4000-8000-000000000009;INV466;RESOLUTION;21a00005-0000-4000-8000-000000000001;10;PASSED;;;;;;2026-09-01T09:00:00Z;ap.clerk@airline.com;;;
1d500000-0000-4000-8000-000000000227;21a00004-0000-4000-8000-000000000001;21a00006-0000-4000-8000-000000000008;INV465;RESOLUTION;21a00005-0000-4000-8000-000000000001;10;PASSED;;;;;;2026-09-01T09:00:00Z;ap.clerk@airline.com;;;
1d500000-0000-4000-8000-000000000228;21a00004-0000-4000-8000-000000000001;21a00006-0000-4000-8000-000000000013;INV456;QUANTITY;21a00005-0000-4000-8000-000000000001;10;PASSED;;;;;;2026-09-01T09:00:00Z;ap.clerk@airline.com;;;
1d500000-0000-4000-8000-000000000229;21a00004-0000-4000-8000-000000000001;21a00006-0000-4000-8000-000000000012;INV468;QUANTITY;21a00005-0000-4000-8000-000000000001;10;PASSED;;;;;;2026-09-01T09:00:00Z;ap.clerk@airline.com;;;
1d500000-0000-4000-8000-000000000230;21a00004-0000-4000-8000-000000000001;21a00006-0000-4000-8000-000000000010;INV451;QUANTITY;21a00005-0000-4000-8000-000000000001;10;PASSED;;;;;Invoiced 10030 against goods receipt 10000 (+0.3%), inside TOL-INV-QTY.;2026-09-01T09:00:00Z;ap.clerk@airline.com;;;
1d500000-0000-4000-8000-000000000231;21a00004-0000-4000-8000-000000000001;21a00006-0000-4000-8000-000000000011;INV467;QUANTITY;21a00005-0000-4000-8000-000000000001;10;PASSED;;;;;;2026-09-01T09:00:00Z;ap.clerk@airline.com;;;
1d500000-0000-4000-8000-000000000232;21a00004-0000-4000-8000-000000000001;21a00006-0000-4000-8000-000000000015;INV469;PRICE;21a00005-0000-4000-8000-000000000001;10;PASSED;;;;;;2026-09-01T09:00:00Z;ap.clerk@airline.com;;;
1d500000-0000-4000-8000-000000000233;21a00004-0000-4000-8000-000000000001;21a00006-0000-4000-8000-000000000017;INV470;PRICE;21a00005-0000-4000-8000-000000000001;10;NOT_APPLICABLE;;;No PROVISIONAL current price on the order’s contract, the price is settled.;;No PROVISIONAL current price on the order’s contract, the price is settled.;2026-09-01T09:00:00Z;ap.clerk@airline.com;;;
1d500000-0000-4000-8000-000000000234;21a00004-0000-4000-8000-000000000001;21a00006-0000-4000-8000-000000000014;INV452;PRICE;21a00005-0000-4000-8000-000000000001;10;PASSED;;;;;Invoiced 0.85 against order price 0.85 (0%), inside TOL-INV-PRICE.;2026-09-01T09:00:00Z;ap.clerk@airline.com;;;
1d500000-0000-4000-8000-000000000235;21a00004-0000-4000-8000-000000000001;21a00006-0000-4000-8000-000000000004;INV450;RESOLUTION;21a00005-0000-4000-8000-000000000002;20;PASSED;;;;;;2026-09-01T09:00:00Z;ap.clerk@airline.com;;;
1d500000-0000-4000-8000-000000000236;21a00004-0000-4000-8000-000000000001;21a00006-0000-4000-8000-000000000005;INV462;RESOLUTION;21a00005-0000-4000-8000-000000000002;20;PASSED;;;;;;2026-09-01T09:00:00Z;ap.clerk@airline.com;;;
1d500000-0000-4000-8000-000000000237;21a00004-0000-4000-8000-000000000001;21a00006-0000-4000-8000-000000000006;INV463;RESOLUTION;21a00005-0000-4000-8000-000000000002;20;PASSED;;;;;;2026-09-01T09:00:00Z;ap.clerk@airline.com;;;
1d500000-0000-4000-8000-000000000238;21a00004-0000-4000-8000-000000000001;21a00006-0000-4000-8000-000000000007;INV464;RESOLUTION;21a00005-0000-4000-8000-000000000002;20;PASSED;;;;;;2026-09-01T09:00:00Z;ap.clerk@airline.com;;;
1d500000-0000-4000-8000-000000000239;21a00004-0000-4000-8000-000000000001;21a00006-0000-4000-8000-000000000009;INV466;RESOLUTION;21a00005-0000-4000-8000-000000000002;20;PASSED;;;;;;2026-09-01T09:00:00Z;ap.clerk@airline.com;;;
1d500000-0000-4000-8000-000000000240;21a00004-0000-4000-8000-000000000001;21a00006-0000-4000-8000-000000000008;INV465;RESOLUTION;21a00005-0000-4000-8000-000000000002;20;PASSED;;;;;;2026-09-01T09:00:00Z;ap.clerk@airline.com;;;
1d500000-0000-4000-8000-000000000241;21a00004-0000-4000-8000-000000000001;21a00006-0000-4000-8000-000000000013;INV456;QUANTITY;21a00005-0000-4000-8000-000000000002;20;PASSED;;;;;;2026-09-01T09:00:00Z;ap.clerk@airline.com;;;
1d500000-0000-4000-8000-000000000242;21a00004-0000-4000-8000-000000000001;21a00006-0000-4000-8000-000000000012;INV468;QUANTITY;21a00005-0000-4000-8000-000000000002;20;PASSED;;;;;;2026-09-01T09:00:00Z;ap.clerk@airline.com;;;
1d500000-0000-4000-8000-000000000243;21a00004-0000-4000-8000-000000000001;21a00006-0000-4000-8000-000000000010;INV451;QUANTITY;21a00005-0000-4000-8000-000000000002;20;FAILED;WARNING;TOLERANCE_LADDER;;e0c00000-0000-4000-8000-000000000001;Invoiced 10100 KG against goods receipt 10000 (+1%), which is the WARNING rung of TOL-INV-QTY.;2026-09-01T09:00:00Z;ap.clerk@airline.com;;;
1d500000-0000-4000-8000-000000000244;21a00004-0000-4000-8000-000000000001;21a00006-0000-4000-8000-000000000011;INV467;QUANTITY;21a00005-0000-4000-8000-000000000002;20;PASSED;;;;;;2026-09-01T09:00:00Z;ap.clerk@airline.com;;;
1d500000-0000-4000-8000-000000000245;21a00004-0000-4000-8000-000000000001;21a00006-0000-4000-8000-000000000015;INV469;PRICE;21a00005-0000-4000-8000-000000000002;20;PASSED;;;;;;2026-09-01T09:00:00Z;ap.clerk@airline.com;;;
1d500000-0000-4000-8000-000000000246;21a00004-0000-4000-8000-000000000001;21a00006-0000-4000-8000-000000000017;INV470;PRICE;21a00005-0000-4000-8000-000000000002;20;NOT_APPLICABLE;;;No PROVISIONAL current price on the order’s contract, the price is settled.;;No PROVISIONAL current price on the order’s contract, the price is settled.;2026-09-01T09:00:00Z;ap.clerk@airline.com;;;
1d500000-0000-4000-8000-000000000247;21a00004-0000-4000-8000-000000000001;21a00006-0000-4000-8000-000000000014;INV452;PRICE;21a00005-0000-4000-8000-000000000002;20;PASSED;;;;;Invoiced 0.85 against order price 0.85 (0%), inside TOL-INV-PRICE.;2026-09-01T09:00:00Z;ap.clerk@airline.com;;;
1d500000-0000-4000-8000-000000000248;21a00004-0000-4000-8000-000000000001;21a00006-0000-4000-8000-000000000004;INV450;RESOLUTION;21a00005-0000-4000-8000-000000000003;30;PASSED;;;;;;2026-09-01T09:00:00Z;ap.clerk@airline.com;;;
1d500000-0000-4000-8000-000000000249;21a00004-0000-4000-8000-000000000001;21a00006-0000-4000-8000-000000000005;INV462;RESOLUTION;21a00005-0000-4000-8000-000000000003;30;PASSED;;;;;;2026-09-01T09:00:00Z;ap.clerk@airline.com;;;
1d500000-0000-4000-8000-000000000250;21a00004-0000-4000-8000-000000000001;21a00006-0000-4000-8000-000000000006;INV463;RESOLUTION;21a00005-0000-4000-8000-000000000003;30;PASSED;;;;;;2026-09-01T09:00:00Z;ap.clerk@airline.com;;;
1d500000-0000-4000-8000-000000000251;21a00004-0000-4000-8000-000000000001;21a00006-0000-4000-8000-000000000007;INV464;RESOLUTION;21a00005-0000-4000-8000-000000000003;30;PASSED;;;;;;2026-09-01T09:00:00Z;ap.clerk@airline.com;;;
1d500000-0000-4000-8000-000000000252;21a00004-0000-4000-8000-000000000001;21a00006-0000-4000-8000-000000000009;INV466;RESOLUTION;21a00005-0000-4000-8000-000000000003;30;PASSED;;;;;;2026-09-01T09:00:00Z;ap.clerk@airline.com;;;
1d500000-0000-4000-8000-000000000253;21a00004-0000-4000-8000-000000000001;21a00006-0000-4000-8000-000000000008;INV465;RESOLUTION;21a00005-0000-4000-8000-000000000003;30;PASSED;;;;;;2026-09-01T09:00:00Z;ap.clerk@airline.com;;;
1d500000-0000-4000-8000-000000000254;21a00004-0000-4000-8000-000000000001;21a00006-0000-4000-8000-000000000013;INV456;QUANTITY;21a00005-0000-4000-8000-000000000003;30;PASSED;;;;;;2026-09-01T09:00:00Z;ap.clerk@airline.com;;;
1d500000-0000-4000-8000-000000000255;21a00004-0000-4000-8000-000000000001;21a00006-0000-4000-8000-000000000012;INV468;QUANTITY;21a00005-0000-4000-8000-000000000003;30;PASSED;;;;;;2026-09-01T09:00:00Z;ap.clerk@airline.com;;;
1d500000-0000-4000-8000-000000000256;21a00004-0000-4000-8000-000000000001;21a00006-0000-4000-8000-000000000010;INV451;QUANTITY;21a00005-0000-4000-8000-000000000003;30;FAILED;SOFT_ERROR;TOLERANCE_LADDER;;e0c00000-0000-4000-8000-000000000002;Invoiced 10300 KG against goods receipt 10000 (+3%), which is the SOFT rung of TOL-INV-QTY.;2026-09-01T09:00:00Z;ap.clerk@airline.com;;;
1d500000-0000-4000-8000-000000000257;21a00004-0000-4000-8000-000000000001;21a00006-0000-4000-8000-000000000011;INV467;QUANTITY;21a00005-0000-4000-8000-000000000003;30;PASSED;;;;;;2026-09-01T09:00:00Z;ap.clerk@airline.com;;;
1d500000-0000-4000-8000-000000000258;21a00004-0000-4000-8000-000000000001;21a00006-0000-4000-8000-000000000015;INV469;PRICE;21a00005-0000-4000-8000-000000000003;30;PASSED;;;;;;2026-09-01T09:00:00Z;ap.clerk@airline.com;;;
1d500000-0000-4000-8000-000000000259;21a00004-0000-4000-8000-000000000001;21a00006-0000-4000-8000-000000000017;INV470;PRICE;21a00005-0000-4000-8000-000000000003;30;NOT_APPLICABLE;;;No PROVISIONAL current price on the order’s contract, the price is settled.;;No PROVISIONAL current price on the order’s contract, the price is settled.;2026-09-01T09:00:00Z;ap.clerk@airline.com;;;
1d500000-0000-4000-8000-000000000260;21a00004-0000-4000-8000-000000000001;21a00006-0000-4000-8000-000000000014;INV452;PRICE;21a00005-0000-4000-8000-000000000003;30;PASSED;;;;;Invoiced 0.85 against order price 0.85 (0%), inside TOL-INV-PRICE.;2026-09-01T09:00:00Z;ap.clerk@airline.com;;;
1d500000-0000-4000-8000-000000000261;21a00004-0000-4000-8000-000000000001;21a00006-0000-4000-8000-000000000004;INV450;RESOLUTION;21a00005-0000-4000-8000-000000000004;40;PASSED;;;;;;2026-09-01T09:00:00Z;ap.clerk@airline.com;;;
1d500000-0000-4000-8000-000000000262;21a00004-0000-4000-8000-000000000001;21a00006-0000-4000-8000-000000000005;INV462;RESOLUTION;21a00005-0000-4000-8000-000000000004;40;PASSED;;;;;;2026-09-01T09:00:00Z;ap.clerk@airline.com;;;
1d500000-0000-4000-8000-000000000263;21a00004-0000-4000-8000-000000000001;21a00006-0000-4000-8000-000000000006;INV463;RESOLUTION;21a00005-0000-4000-8000-000000000004;40;PASSED;;;;;;2026-09-01T09:00:00Z;ap.clerk@airline.com;;;
1d500000-0000-4000-8000-000000000264;21a00004-0000-4000-8000-000000000001;21a00006-0000-4000-8000-000000000007;INV464;RESOLUTION;21a00005-0000-4000-8000-000000000004;40;PASSED;;;;;;2026-09-01T09:00:00Z;ap.clerk@airline.com;;;
1d500000-0000-4000-8000-000000000265;21a00004-0000-4000-8000-000000000001;21a00006-0000-4000-8000-000000000009;INV466;RESOLUTION;21a00005-0000-4000-8000-000000000004;40;PASSED;;;;;;2026-09-01T09:00:00Z;ap.clerk@airline.com;;;
1d500000-0000-4000-8000-000000000266;21a00004-0000-4000-8000-000000000001;21a00006-0000-4000-8000-000000000008;INV465;RESOLUTION;21a00005-0000-4000-8000-000000000004;40;PASSED;;;;;;2026-09-01T09:00:00Z;ap.clerk@airline.com;;;
1d500000-0000-4000-8000-000000000267;21a00004-0000-4000-8000-000000000001;21a00006-0000-4000-8000-000000000013;INV456;QUANTITY;21a00005-0000-4000-8000-000000000004;40;PASSED;;;;;;2026-09-01T09:00:00Z;ap.clerk@airline.com;;;
1d500000-0000-4000-8000-000000000268;21a00004-0000-4000-8000-000000000001;21a00006-0000-4000-8000-000000000012;INV468;QUANTITY;21a00005-0000-4000-8000-000000000004;40;PASSED;;;;;;2026-09-01T09:00:00Z;ap.clerk@airline.com;;;
1d500000-0000-4000-8000-000000000269;21a00004-0000-4000-8000-000000000001;21a00006-0000-4000-8000-000000000010;INV451;QUANTITY;21a00005-0000-4000-8000-000000000004;40;FAILED;HARD_ERROR;TOLERANCE_LADDER;;e0c00000-0000-4000-8000-000000000003;Invoiced 10800 KG against goods receipt 10000 (+8%), which is the HARD rung of TOL-INV-QTY.;2026-09-01T09:00:00Z;ap.clerk@airline.com;;;
1d500000-0000-4000-8000-000000000270;21a00004-0000-4000-8000-000000000001;21a00006-0000-4000-8000-000000000011;INV467;QUANTITY;21a00005-0000-4000-8000-000000000004;40;PASSED;;;;;;2026-09-01T09:00:00Z;ap.clerk@airline.com;;;
1d500000-0000-4000-8000-000000000271;21a00004-0000-4000-8000-000000000001;21a00006-0000-4000-8000-000000000015;INV469;PRICE;21a00005-0000-4000-8000-000000000004;40;PASSED;;;;;;2026-09-01T09:00:00Z;ap.clerk@airline.com;;;
1d500000-0000-4000-8000-000000000272;21a00004-0000-4000-8000-000000000001;21a00006-0000-4000-8000-000000000017;INV470;PRICE;21a00005-0000-4000-8000-000000000004;40;NOT_APPLICABLE;;;No PROVISIONAL current price on the order’s contract, the price is settled.;;No PROVISIONAL current price on the order’s contract, the price is settled.;2026-09-01T09:00:00Z;ap.clerk@airline.com;;;
1d500000-0000-4000-8000-000000000273;21a00004-0000-4000-8000-000000000001;21a00006-0000-4000-8000-000000000014;INV452;PRICE;21a00005-0000-4000-8000-000000000004;40;PASSED;;;;;Invoiced 0.85 against order price 0.85 (0%), inside TOL-INV-PRICE.;2026-09-01T09:00:00Z;ap.clerk@airline.com;;;
1d500000-0000-4000-8000-000000000274;21a00004-0000-4000-8000-000000000001;21a00006-0000-4000-8000-000000000018;INV471;PRICE;21a00005-0000-4000-8000-000000000001;10;NOT_APPLICABLE;;;No current derived price on the contract, so the contracted components are unknown.;;No current derived price on the contract, so the contracted components are unknown.;2026-09-01T09:00:00Z;ap.clerk@airline.com;;;
1d500000-0000-4000-8000-000000000275;21a00004-0000-4000-8000-000000000001;21a00006-0000-4000-8000-000000000019;INV472;PRICE;21a00005-0000-4000-8000-000000000001;10;NOT_APPLICABLE;;;No current derived price on the contract, so the contracted components are unknown.;;No current derived price on the contract, so the contracted components are unknown.;2026-09-01T09:00:00Z;ap.clerk@airline.com;;;
1d500000-0000-4000-8000-000000000276;21a00004-0000-4000-8000-000000000001;21a00006-0000-4000-8000-000000000018;INV471;PRICE;21a00005-0000-4000-8000-000000000002;20;NOT_APPLICABLE;;;No current derived price on the contract, so the contracted components are unknown.;;No current derived price on the contract, so the contracted components are unknown.;2026-09-01T09:00:00Z;ap.clerk@airline.com;;;
1d500000-0000-4000-8000-000000000277;21a00004-0000-4000-8000-000000000001;21a00006-0000-4000-8000-000000000019;INV472;PRICE;21a00005-0000-4000-8000-000000000002;20;NOT_APPLICABLE;;;No current derived price on the contract, so the contracted components are unknown.;;No current derived price on the contract, so the contracted components are unknown.;2026-09-01T09:00:00Z;ap.clerk@airline.com;;;
1d500000-0000-4000-8000-000000000278;21a00004-0000-4000-8000-000000000001;21a00006-0000-4000-8000-000000000018;INV471;PRICE;21a00005-0000-4000-8000-000000000003;30;NOT_APPLICABLE;;;No current derived price on the contract, so the contracted components are unknown.;;No current derived price on the contract, so the contracted components are unknown.;2026-09-01T09:00:00Z;ap.clerk@airline.com;;;
1d500000-0000-4000-8000-000000000279;21a00004-0000-4000-8000-000000000001;21a00006-0000-4000-8000-000000000019;INV472;PRICE;21a00005-0000-4000-8000-000000000003;30;NOT_APPLICABLE;;;No current derived price on the contract, so the contracted components are unknown.;;No current derived price on the contract, so the contracted components are unknown.;2026-09-01T09:00:00Z;ap.clerk@airline.com;;;
1d500000-0000-4000-8000-000000000280;21a00004-0000-4000-8000-000000000001;21a00006-0000-4000-8000-000000000018;INV471;PRICE;21a00005-0000-4000-8000-000000000004;40;NOT_APPLICABLE;;;No current derived price on the contract, so the contracted components are unknown.;;No current derived price on the contract, so the contracted components are unknown.;2026-09-01T09:00:00Z;ap.clerk@airline.com;;;
1d500000-0000-4000-8000-000000000281;21a00004-0000-4000-8000-000000000001;21a00006-0000-4000-8000-000000000019;INV472;PRICE;21a00005-0000-4000-8000-000000000004;40;NOT_APPLICABLE;;;No current derived price on the contract, so the contracted components are unknown.;;No current derived price on the contract, so the contracted components are unknown.;2026-09-01T09:00:00Z;ap.clerk@airline.com;;;
1d500000-0000-4000-8000-000000000282;21a00004-0000-4000-8000-000000000001;21a00006-0000-4000-8000-000000000016;INV454;PRICE;;;PASSED;;;;;;2026-09-01T09:00:00Z;ap.clerk@airline.com;;;
1d500000-0000-4000-8000-000000000283;21a00004-0000-4000-8000-000000000001;21a00006-0000-4000-8000-000000000023;INV453;COVERAGE;;;NOT_APPLICABLE;;;Registered and NOT IMPLEMENTED. VR30 in 03-VALIDATION-RULES, never built. The Unbilled Tickets screen READS this exposure and nothing RAISES it against an invoice at period close, which needs a period-close trigger and no scheduler exists.;;Registered and NOT IMPLEMENTED. VR30 in 03-VALIDATION-RULES, never built. The Unbilled Tickets screen READS this exposure and nothing RAISES it against an invoice at period close, which needs a period-close trigger and no scheduler exists.;2026-09-01T09:00:00Z;ap.clerk@airline.com;;;
1d500000-0000-4000-8000-000000000284;21a00004-0000-4000-8000-000000000001;21a00006-0000-4000-8000-000000000020;INV473;DUPLICATE;;;PASSED;;;;;;2026-09-01T09:00:00Z;ap.clerk@airline.com;;;
1d500000-0000-4000-8000-000000000285;21a00004-0000-4000-8000-000000000001;21a00006-0000-4000-8000-000000000021;INV455;DUPLICATE;21a00005-0000-4000-8000-000000000001;10;PASSED;;;;;;2026-09-01T09:00:00Z;ap.clerk@airline.com;;;
1d500000-0000-4000-8000-000000000286;21a00004-0000-4000-8000-000000000001;21a00006-0000-4000-8000-000000000021;INV455;DUPLICATE;21a00005-0000-4000-8000-000000000002;20;PASSED;;;;;;2026-09-01T09:00:00Z;ap.clerk@airline.com;;;
1d500000-0000-4000-8000-000000000287;21a00004-0000-4000-8000-000000000001;21a00006-0000-4000-8000-000000000021;INV455;DUPLICATE;21a00005-0000-4000-8000-000000000003;30;PASSED;;;;;;2026-09-01T09:00:00Z;ap.clerk@airline.com;;;
1d500000-0000-4000-8000-000000000288;21a00004-0000-4000-8000-000000000001;21a00006-0000-4000-8000-000000000021;INV455;DUPLICATE;21a00005-0000-4000-8000-000000000004;40;PASSED;;;;;;2026-09-01T09:00:00Z;ap.clerk@airline.com;;;
1d500000-0000-4000-8000-000000000289;21a00004-0000-4000-8000-000000000001;21a00006-0000-4000-8000-000000000022;INV474;DUPLICATE;21a00005-0000-4000-8000-000000000001;10;PASSED;;;;;;2026-09-01T09:00:00Z;ap.clerk@airline.com;;;
1d500000-0000-4000-8000-000000000290;21a00004-0000-4000-8000-000000000001;21a00006-0000-4000-8000-000000000022;INV474;DUPLICATE;21a00005-0000-4000-8000-000000000002;20;PASSED;;;;;;2026-09-01T09:00:00Z;ap.clerk@airline.com;;;
1d500000-0000-4000-8000-000000000291;21a00004-0000-4000-8000-000000000001;21a00006-0000-4000-8000-000000000022;INV474;DUPLICATE;21a00005-0000-4000-8000-000000000003;30;PASSED;;;;;;2026-09-01T09:00:00Z;ap.clerk@airline.com;;;
1d500000-0000-4000-8000-000000000292;21a00004-0000-4000-8000-000000000001;21a00006-0000-4000-8000-000000000022;INV474;DUPLICATE;21a00005-0000-4000-8000-000000000004;40;PASSED;;;;;;2026-09-01T09:00:00Z;ap.clerk@airline.com;;;
1d500000-0000-4000-8000-000000000293;21a00004-0000-4000-8000-000000000002;21a00006-0000-4000-8000-000000000001;INV459;CAPTURE;;;PASSED;;;;;;2026-09-01T09:00:00Z;ap.clerk@airline.com;;;
1d500000-0000-4000-8000-000000000294;21a00004-0000-4000-8000-000000000002;21a00006-0000-4000-8000-000000000002;INV460;CAPTURE;;;FAILED;HARD_ERROR;REGISTRY_DEFAULT;;e0c00000-0000-4000-8000-000000000004;The document states 4 line(s), 3 were received.;2026-09-01T09:00:00Z;ap.clerk@airline.com;;;
1d500000-0000-4000-8000-000000000295;21a00004-0000-4000-8000-000000000002;21a00006-0000-4000-8000-000000000003;INV461;CAPTURE;;;PASSED;;;;;;2026-09-01T09:00:00Z;ap.clerk@airline.com;;;
1d500000-0000-4000-8000-000000000296;21a00004-0000-4000-8000-000000000002;21a00006-0000-4000-8000-000000000005;INV462;RESOLUTION;21a00005-0000-4000-8000-000000000005;10;FAILED;HARD_ERROR;REGISTRY_DEFAULT;;e0c00000-0000-4000-8000-000000000005;Ticket "WFS-YYZ-NOSUCH-9999" is not in FuelSphere. Nothing links this line to a delivery.;2026-09-01T09:00:00Z;ap.clerk@airline.com;;;
1d500000-0000-4000-8000-000000000297;21a00004-0000-4000-8000-000000000002;21a00006-0000-4000-8000-000000000004;INV450;RESOLUTION;21a00005-0000-4000-8000-000000000005;10;PASSED;;;;;;2026-09-01T09:00:00Z;ap.clerk@airline.com;;;
1d500000-0000-4000-8000-000000000298;21a00004-0000-4000-8000-000000000002;21a00006-0000-4000-8000-000000000006;INV463;RESOLUTION;21a00005-0000-4000-8000-000000000005;10;NOT_APPLICABLE;;;The ticket did not resolve, so it has no order to check (INV450/INV462).;;The ticket did not resolve, so it has no order to check (INV450/INV462).;2026-09-01T09:00:00Z;ap.clerk@airline.com;;;
1d500000-0000-4000-8000-000000000299;21a00004-0000-4000-8000-000000000002;21a00006-0000-4000-8000-000000000007;INV464;RESOLUTION;21a00005-0000-4000-8000-000000000005;10;NOT_APPLICABLE;;;No order resolved for this line, so there is no purchase order to look for.;;No order resolved for this line, so there is no purchase order to look for.;2026-09-01T09:00:00Z;ap.clerk@airline.com;;;
1d500000-0000-4000-8000-000000000300;21a00004-0000-4000-8000-000000000002;21a00006-0000-4000-8000-000000000009;INV466;RESOLUTION;21a00005-0000-4000-8000-000000000005;10;NOT_APPLICABLE;;;No order resolved for this line, so there is no goods receipt to look for.;;No order resolved for this line, so there is no goods receipt to look for.;2026-09-01T09:00:00Z;ap.clerk@airline.com;;;
1d500000-0000-4000-8000-000000000301;21a00004-0000-4000-8000-000000000002;21a00006-0000-4000-8000-000000000008;INV465;RESOLUTION;21a00005-0000-4000-8000-000000000005;10;NOT_APPLICABLE;;;The line quotes no purchase order, so there are not two POs to disagree.;;The line quotes no purchase order, so there are not two POs to disagree.;2026-09-01T09:00:00Z;ap.clerk@airline.com;;;
1d500000-0000-4000-8000-000000000302;21a00004-0000-4000-8000-000000000002;21a00006-0000-4000-8000-000000000013;INV456;QUANTITY;21a00005-0000-4000-8000-000000000005;10;PASSED;;;;;;2026-09-01T09:00:00Z;ap.clerk@airline.com;;;
1d500000-0000-4000-8000-000000000303;21a00004-0000-4000-8000-000000000002;21a00006-0000-4000-8000-000000000012;INV468;QUANTITY;21a00005-0000-4000-8000-000000000005;10;NOT_APPLICABLE;;;No goods receipt resolved for this line, so there is no received quantity to compare.;;No goods receipt resolved for this line, so there is no received quantity to compare.;2026-09-01T09:00:00Z;ap.clerk@airline.com;;;
1d500000-0000-4000-8000-000000000304;21a00004-0000-4000-8000-000000000002;21a00006-0000-4000-8000-000000000010;INV451;QUANTITY;21a00005-0000-4000-8000-000000000005;10;NOT_APPLICABLE;;;No goods receipt resolved for this line, so there is no received quantity to compare.;;No goods receipt resolved for this line, so there is no received quantity to compare.;2026-09-01T09:00:00Z;ap.clerk@airline.com;;;
1d500000-0000-4000-8000-000000000305;21a00004-0000-4000-8000-000000000002;21a00006-0000-4000-8000-000000000011;INV467;QUANTITY;21a00005-0000-4000-8000-000000000005;10;NOT_APPLICABLE;;;No order resolved for this line, so there is no ordered quantity to exceed.;;No order resolved for this line, so there is no ordered quantity to exceed.;2026-09-01T09:00:00Z;ap.clerk@airline.com;;;
1d500000-0000-4000-8000-000000000306;21a00004-0000-4000-8000-000000000002;21a00006-0000-4000-8000-000000000015;INV469;PRICE;21a00005-0000-4000-8000-000000000005;10;PASSED;;;;;;2026-09-01T09:00:00Z;ap.clerk@airline.com;;;
1d500000-0000-4000-8000-000000000307;21a00004-0000-4000-8000-000000000002;21a00006-0000-4000-8000-000000000017;INV470;PRICE;21a00005-0000-4000-8000-000000000005;10;NOT_APPLICABLE;;;No order resolved for this line, so there is neither a contract price nor an order price.;;No order resolved for this line, so there is neither a contract price nor an order price.;2026-09-01T09:00:00Z;ap.clerk@airline.com;;;
1d500000-0000-4000-8000-000000000308;21a00004-0000-4000-8000-000000000002;21a00006-0000-4000-8000-000000000014;INV452;PRICE;21a00005-0000-4000-8000-000000000005;10;NOT_APPLICABLE;;;No order resolved for this line, so there is neither a contract price nor an order price.;;No order resolved for this line, so there is neither a contract price nor an order price.;2026-09-01T09:00:00Z;ap.clerk@airline.com;;;
1d500000-0000-4000-8000-000000000309;21a00004-0000-4000-8000-000000000002;21a00006-0000-4000-8000-000000000006;INV463;RESOLUTION;21a00005-0000-4000-8000-000000000006;20;FAILED;HARD_ERROR;REGISTRY_DEFAULT;;e0c00000-0000-4000-8000-000000000006;Ticket WFS-YYZ-2026041405 exists but carries no order (UNMATCHED). There is no PO to invoice against.;2026-09-01T09:00:00Z;ap.clerk@airline.com;;;
1d500000-0000-4000-8000-000000000310;21a00004-0000-4000-8000-000000000002;21a00006-0000-4000-8000-000000000004;INV450;RESOLUTION;21a00005-0000-4000-8000-000000000006;20;PASSED;;;;;;2026-09-01T09:00:00Z;ap.clerk@airline.com;;;
1d500000-0000-4000-8000-000000000311;21a00004-0000-4000-8000-000000000002;21a00006-0000-4000-8000-000000000005;INV462;RESOLUTION;21a00005-0000-4000-8000-000000000006;20;PASSED;;;;;;2026-09-01T09:00:00Z;ap.clerk@airline.com;;;
1d500000-0000-4000-8000-000000000312;21a00004-0000-4000-8000-000000000002;21a00006-0000-4000-8000-000000000007;INV464;RESOLUTION;21a00005-0000-4000-8000-000000000006;20;NOT_APPLICABLE;;;No order resolved for this line, so there is no purchase order to look for.;;No order resolved for this line, so there is no purchase order to look for.;2026-09-01T09:00:00Z;ap.clerk@airline.com;;;
1d500000-0000-4000-8000-000000000313;21a00004-0000-4000-8000-000000000002;21a00006-0000-4000-8000-000000000009;INV466;RESOLUTION;21a00005-0000-4000-8000-000000000006;20;NOT_APPLICABLE;;;No order resolved for this line, so there is no goods receipt to look for.;;No order resolved for this line, so there is no goods receipt to look for.;2026-09-01T09:00:00Z;ap.clerk@airline.com;;;
1d500000-0000-4000-8000-000000000314;21a00004-0000-4000-8000-000000000002;21a00006-0000-4000-8000-000000000008;INV465;RESOLUTION;21a00005-0000-4000-8000-000000000006;20;NOT_APPLICABLE;;;The line quotes no purchase order, so there are not two POs to disagree.;;The line quotes no purchase order, so there are not two POs to disagree.;2026-09-01T09:00:00Z;ap.clerk@airline.com;;;
1d500000-0000-4000-8000-000000000315;21a00004-0000-4000-8000-000000000002;21a00006-0000-4000-8000-000000000013;INV456;QUANTITY;21a00005-0000-4000-8000-000000000006;20;PASSED;;;;;;2026-09-01T09:00:00Z;ap.clerk@airline.com;;;
1d500000-0000-4000-8000-000000000316;21a00004-0000-4000-8000-000000000002;21a00006-0000-4000-8000-000000000012;INV468;QUANTITY;21a00005-0000-4000-8000-000000000006;20;NOT_APPLICABLE;;;No goods receipt resolved for this line, so there is no received quantity to compare.;;No goods receipt resolved for this line, so there is no received quantity to compare.;2026-09-01T09:00:00Z;ap.clerk@airline.com;;;
1d500000-0000-4000-8000-000000000317;21a00004-0000-4000-8000-000000000002;21a00006-0000-4000-8000-000000000010;INV451;QUANTITY;21a00005-0000-4000-8000-000000000006;20;NOT_APPLICABLE;;;No goods receipt resolved for this line, so there is no received quantity to compare.;;No goods receipt resolved for this line, so there is no received quantity to compare.;2026-09-01T09:00:00Z;ap.clerk@airline.com;;;
1d500000-0000-4000-8000-000000000318;21a00004-0000-4000-8000-000000000002;21a00006-0000-4000-8000-000000000011;INV467;QUANTITY;21a00005-0000-4000-8000-000000000006;20;NOT_APPLICABLE;;;No order resolved for this line, so there is no ordered quantity to exceed.;;No order resolved for this line, so there is no ordered quantity to exceed.;2026-09-01T09:00:00Z;ap.clerk@airline.com;;;
1d500000-0000-4000-8000-000000000319;21a00004-0000-4000-8000-000000000002;21a00006-0000-4000-8000-000000000015;INV469;PRICE;21a00005-0000-4000-8000-000000000006;20;PASSED;;;;;;2026-09-01T09:00:00Z;ap.clerk@airline.com;;;
1d500000-0000-4000-8000-000000000320;21a00004-0000-4000-8000-000000000002;21a00006-0000-4000-8000-000000000017;INV470;PRICE;21a00005-0000-4000-8000-000000000006;20;NOT_APPLICABLE;;;No order resolved for this line, so there is neither a contract price nor an order price.;;No order resolved for this line, so there is neither a contract price nor an order price.;2026-09-01T09:00:00Z;ap.clerk@airline.com;;;
1d500000-0000-4000-8000-000000000321;21a00004-0000-4000-8000-000000000002;21a00006-0000-4000-8000-000000000014;INV452;PRICE;21a00005-0000-4000-8000-000000000006;20;NOT_APPLICABLE;;;No order resolved for this line, so there is neither a contract price nor an order price.;;No order resolved for this line, so there is neither a contract price nor an order price.;2026-09-01T09:00:00Z;ap.clerk@airline.com;;;
1d500000-0000-4000-8000-000000000322;21a00004-0000-4000-8000-000000000002;21a00006-0000-4000-8000-000000000007;INV464;RESOLUTION;21a00005-0000-4000-8000-000000000007;30;FAILED;HARD_ERROR;REGISTRY_DEFAULT;;e0c00000-0000-4000-8000-000000000007;Order FO-YYZ-20260414-0006 has no s4_po_number. The invoice cannot reference a purchase order that was never created.;2026-09-01T09:00:00Z;ap.clerk@airline.com;;;
1d500000-0000-4000-8000-000000000323;21a00004-0000-4000-8000-000000000002;21a00006-0000-4000-8000-000000000004;INV450;RESOLUTION;21a00005-0000-4000-8000-000000000007;30;PASSED;;;;;;2026-09-01T09:00:00Z;ap.clerk@airline.com;;;
1d500000-0000-4000-8000-000000000324;21a00004-0000-4000-8000-000000000002;21a00006-0000-4000-8000-000000000005;INV462;RESOLUTION;21a00005-0000-4000-8000-000000000007;30;PASSED;;;;;;2026-09-01T09:00:00Z;ap.clerk@airline.com;;;
1d500000-0000-4000-8000-000000000325;21a00004-0000-4000-8000-000000000002;21a00006-0000-4000-8000-000000000006;INV463;RESOLUTION;21a00005-0000-4000-8000-000000000007;30;PASSED;;;;;;2026-09-01T09:00:00Z;ap.clerk@airline.com;;;
1d500000-0000-4000-8000-000000000326;21a00004-0000-4000-8000-000000000002;21a00006-0000-4000-8000-000000000009;INV466;RESOLUTION;21a00005-0000-4000-8000-000000000007;30;NOT_APPLICABLE;;;The order carries no PO (INV464), and the PO is what a goods receipt is matched against, so the GR check was not reached.;;The order carries no PO (INV464), and the PO is what a goods receipt is matched against, so the GR check was not reached.;2026-09-01T09:00:00Z;ap.clerk@airline.com;;;
1d500000-0000-4000-8000-000000000327;21a00004-0000-4000-8000-000000000002;21a00006-0000-4000-8000-000000000008;INV465;RESOLUTION;21a00005-0000-4000-8000-000000000007;30;NOT_APPLICABLE;;;The line quotes no purchase order, so there are not two POs to disagree.;;The line quotes no purchase order, so there are not two POs to disagree.;2026-09-01T09:00:00Z;ap.clerk@airline.com;;;
1d500000-0000-4000-8000-000000000328;21a00004-0000-4000-8000-000000000002;21a00006-0000-4000-8000-000000000013;INV456;QUANTITY;21a00005-0000-4000-8000-000000000007;30;PASSED;;;;;;2026-09-01T09:00:00Z;ap.clerk@airline.com;;;
1d500000-0000-4000-8000-000000000329;21a00004-0000-4000-8000-000000000002;21a00006-0000-4000-8000-000000000012;INV468;QUANTITY;21a00005-0000-4000-8000-000000000007;30;PASSED;;;;;;2026-09-01T09:00:00Z;ap.clerk@airline.com;;;
1d500000-0000-4000-8000-000000000330;21a00004-0000-4000-8000-000000000002;21a00006-0000-4000-8000-000000000010;INV451;QUANTITY;21a00005-0000-4000-8000-000000000007;30;PASSED;;;;;Invoiced 10000 against goods receipt 10000 (0%), inside TOL-INV-QTY.;2026-09-01T09:00:00Z;ap.clerk@airline.com;;;
1d500000-0000-4000-8000-000000000331;21a00004-0000-4000-8000-000000000002;21a00006-0000-4000-8000-000000000011;INV467;QUANTITY;21a00005-0000-4000-8000-000000000007;30;PASSED;;;;;;2026-09-01T09:00:00Z;ap.clerk@airline.com;;;
1d500000-0000-4000-8000-000000000332;21a00004-0000-4000-8000-000000000002;21a00006-0000-4000-8000-000000000015;INV469;PRICE;21a00005-0000-4000-8000-000000000007;30;PASSED;;;;;;2026-09-01T09:00:00Z;ap.clerk@airline.com;;;
1d500000-0000-4000-8000-000000000333;21a00004-0000-4000-8000-000000000002;21a00006-0000-4000-8000-000000000017;INV470;PRICE;21a00005-0000-4000-8000-000000000007;30;NOT_APPLICABLE;;;No PROVISIONAL current price on the order’s contract, the price is settled.;;No PROVISIONAL current price on the order’s contract, the price is settled.;2026-09-01T09:00:00Z;ap.clerk@airline.com;;;
1d500000-0000-4000-8000-000000000334;21a00004-0000-4000-8000-000000000002;21a00006-0000-4000-8000-000000000014;INV452;PRICE;21a00005-0000-4000-8000-000000000007;30;PASSED;;;;;Invoiced 0.85 against order price 0.85 (0%), inside TOL-INV-PRICE.;2026-09-01T09:00:00Z;ap.clerk@airline.com;;;
1d500000-0000-4000-8000-000000000335;21a00004-0000-4000-8000-000000000002;21a00006-0000-4000-8000-000000000018;INV471;PRICE;21a00005-0000-4000-8000-000000000005;10;NOT_APPLICABLE;;;No order resolved for this line, so there is no contract to compare charges against.;;No order resolved for this line, so there is no contract to compare charges against.;2026-09-01T09:00:00Z;ap.clerk@airline.com;;;
1d500000-0000-4000-8000-000000000336;21a00004-0000-4000-8000-000000000002;21a00006-0000-4000-8000-000000000019;INV472;PRICE;21a00005-0000-4000-8000-000000000005;10;NOT_APPLICABLE;;;No order resolved for this line, so there is no contract to compare charges against.;;No order resolved for this line, so there is no contract to compare charges against.;2026-09-01T09:00:00Z;ap.clerk@airline.com;;;
1d500000-0000-4000-8000-000000000337;21a00004-0000-4000-8000-000000000002;21a00006-0000-4000-8000-000000000018;INV471;PRICE;21a00005-0000-4000-8000-000000000006;20;NOT_APPLICABLE;;;No order resolved for this line, so there is no contract to compare charges against.;;No order resolved for this line, so there is no contract to compare charges against.;2026-09-01T09:00:00Z;ap.clerk@airline.com;;;
1d500000-0000-4000-8000-000000000338;21a00004-0000-4000-8000-000000000002;21a00006-0000-4000-8000-000000000019;INV472;PRICE;21a00005-0000-4000-8000-000000000006;20;NOT_APPLICABLE;;;No order resolved for this line, so there is no contract to compare charges against.;;No order resolved for this line, so there is no contract to compare charges against.;2026-09-01T09:00:00Z;ap.clerk@airline.com;;;
1d500000-0000-4000-8000-000000000339;21a00004-0000-4000-8000-000000000002;21a00006-0000-4000-8000-000000000018;INV471;PRICE;21a00005-0000-4000-8000-000000000007;30;NOT_APPLICABLE;;;No current derived price on the contract, so the contracted components are unknown.;;No current derived price on the contract, so the contracted components are unknown.;2026-09-01T09:00:00Z;ap.clerk@airline.com;;;
1d500000-0000-4000-8000-000000000340;21a00004-0000-4000-8000-000000000002;21a00006-0000-4000-8000-000000000019;INV472;PRICE;21a00005-0000-4000-8000-000000000007;30;NOT_APPLICABLE;;;No current derived price on the contract, so the contracted components are unknown.;;No current derived price on the contract, so the contracted components are unknown.;2026-09-01T09:00:00Z;ap.clerk@airline.com;;;
1d500000-0000-4000-8000-000000000341;21a00004-0000-4000-8000-000000000002;21a00006-0000-4000-8000-000000000016;INV454;PRICE;;;PASSED;;;;;;2026-09-01T09:00:00Z;ap.clerk@airline.com;;;
1d500000-0000-4000-8000-000000000342;21a00004-0000-4000-8000-000000000002;21a00006-0000-4000-8000-000000000023;INV453;COVERAGE;;;NOT_APPLICABLE;;;Registered and NOT IMPLEMENTED. VR30 in 03-VALIDATION-RULES, never built. The Unbilled Tickets screen READS this exposure and nothing RAISES it against an invoice at period close, which needs a period-close trigger and no scheduler exists.;;Registered and NOT IMPLEMENTED. VR30 in 03-VALIDATION-RULES, never built. The Unbilled Tickets screen READS this exposure and nothing RAISES it against an invoice at period close, which needs a period-close trigger and no scheduler exists.;2026-09-01T09:00:00Z;ap.clerk@airline.com;;;
1d500000-0000-4000-8000-000000000343;21a00004-0000-4000-8000-000000000002;21a00006-0000-4000-8000-000000000020;INV473;DUPLICATE;;;PASSED;;;;;;2026-09-01T09:00:00Z;ap.clerk@airline.com;;;
1d500000-0000-4000-8000-000000000344;21a00004-0000-4000-8000-000000000002;21a00006-0000-4000-8000-000000000021;INV455;DUPLICATE;21a00005-0000-4000-8000-000000000005;10;PASSED;;;;;;2026-09-01T09:00:00Z;ap.clerk@airline.com;;;
1d500000-0000-4000-8000-000000000345;21a00004-0000-4000-8000-000000000002;21a00006-0000-4000-8000-000000000021;INV455;DUPLICATE;21a00005-0000-4000-8000-000000000006;20;PASSED;;;;;;2026-09-01T09:00:00Z;ap.clerk@airline.com;;;
1d500000-0000-4000-8000-000000000346;21a00004-0000-4000-8000-000000000002;21a00006-0000-4000-8000-000000000021;INV455;DUPLICATE;21a00005-0000-4000-8000-000000000007;30;PASSED;;;;;;2026-09-01T09:00:00Z;ap.clerk@airline.com;;;
1d500000-0000-4000-8000-000000000347;21a00004-0000-4000-8000-000000000002;21a00006-0000-4000-8000-000000000022;INV474;DUPLICATE;21a00005-0000-4000-8000-000000000005;10;NOT_APPLICABLE;;;No order resolved for this line, so there is no order-and-GR key to duplicate on.;;No order resolved for this line, so there is no order-and-GR key to duplicate on.;2026-09-01T09:00:00Z;ap.clerk@airline.com;;;
1d500000-0000-4000-8000-000000000348;21a00004-0000-4000-8000-000000000002;21a00006-0000-4000-8000-000000000022;INV474;DUPLICATE;21a00005-0000-4000-8000-000000000006;20;NOT_APPLICABLE;;;No order resolved for this line, so there is no order-and-GR key to duplicate on.;;No order resolved for this line, so there is no order-and-GR key to duplicate on.;2026-09-01T09:00:00Z;ap.clerk@airline.com;;;
1d500000-0000-4000-8000-000000000349;21a00004-0000-4000-8000-000000000002;21a00006-0000-4000-8000-000000000022;INV474;DUPLICATE;21a00005-0000-4000-8000-000000000007;30;NOT_APPLICABLE;;;Order FO-YYZ-20260414-0006 has no goods receipt (INV466), so the key is incomplete.;;Order FO-YYZ-20260414-0006 has no goods receipt (INV466), so the key is incomplete.;2026-09-01T09:00:00Z;ap.clerk@airline.com;;;
1d500000-0000-4000-8000-000000000350;21a00004-0000-4000-8000-000000000003;21a00006-0000-4000-8000-000000000001;INV459;CAPTURE;;;PASSED;;;;;;2026-09-01T09:00:00Z;ap.clerk@airline.com;;;
1d500000-0000-4000-8000-000000000351;21a00004-0000-4000-8000-000000000003;21a00006-0000-4000-8000-000000000002;INV460;CAPTURE;;;PASSED;;;;;;2026-09-01T09:00:00Z;ap.clerk@airline.com;;;
1d500000-0000-4000-8000-000000000352;21a00004-0000-4000-8000-000000000003;21a00006-0000-4000-8000-000000000003;INV461;CAPTURE;;;PASSED;;;;;;2026-09-01T09:00:00Z;ap.clerk@airline.com;;;
1d500000-0000-4000-8000-000000000353;21a00004-0000-4000-8000-000000000003;21a00006-0000-4000-8000-000000000004;INV450;RESOLUTION;21a00005-0000-4000-8000-000000000008;10;PASSED;;;;;;2026-09-01T09:00:00Z;ap.clerk@airline.com;;;
1d500000-0000-4000-8000-000000000354;21a00004-0000-4000-8000-000000000003;21a00006-0000-4000-8000-000000000005;INV462;RESOLUTION;21a00005-0000-4000-8000-000000000008;10;PASSED;;;;;;2026-09-01T09:00:00Z;ap.clerk@airline.com;;;
1d500000-0000-4000-8000-000000000355;21a00004-0000-4000-8000-000000000003;21a00006-0000-4000-8000-000000000006;INV463;RESOLUTION;21a00005-0000-4000-8000-000000000008;10;PASSED;;;;;;2026-09-01T09:00:00Z;ap.clerk@airline.com;;;
1d500000-0000-4000-8000-000000000356;21a00004-0000-4000-8000-000000000003;21a00006-0000-4000-8000-000000000007;INV464;RESOLUTION;21a00005-0000-4000-8000-000000000008;10;PASSED;;;;;;2026-09-01T09:00:00Z;ap.clerk@airline.com;;;
1d500000-0000-4000-8000-000000000357;21a00004-0000-4000-8000-000000000003;21a00006-0000-4000-8000-000000000009;INV466;RESOLUTION;21a00005-0000-4000-8000-000000000008;10;PASSED;;;;;;2026-09-01T09:00:00Z;ap.clerk@airline.com;;;
1d500000-0000-4000-8000-000000000358;21a00004-0000-4000-8000-000000000003;21a00006-0000-4000-8000-000000000008;INV465;RESOLUTION;21a00005-0000-4000-8000-000000000008;10;PASSED;;;;;;2026-09-01T09:00:00Z;ap.clerk@airline.com;;;
1d500000-0000-4000-8000-000000000359;21a00004-0000-4000-8000-000000000003;21a00006-0000-4000-8000-000000000013;INV456;QUANTITY;21a00005-0000-4000-8000-000000000008;10;PASSED;;;;;;2026-09-01T09:00:00Z;ap.clerk@airline.com;;;
1d500000-0000-4000-8000-000000000360;21a00004-0000-4000-8000-000000000003;21a00006-0000-4000-8000-000000000012;INV468;QUANTITY;21a00005-0000-4000-8000-000000000008;10;PASSED;;;;;;2026-09-01T09:00:00Z;ap.clerk@airline.com;;;
1d500000-0000-4000-8000-000000000361;21a00004-0000-4000-8000-000000000003;21a00006-0000-4000-8000-000000000010;INV451;QUANTITY;21a00005-0000-4000-8000-000000000008;10;PASSED;;;;;Invoiced 10000 against goods receipt 10000 (0%), inside TOL-INV-QTY.;2026-09-01T09:00:00Z;ap.clerk@airline.com;;;
1d500000-0000-4000-8000-000000000362;21a00004-0000-4000-8000-000000000003;21a00006-0000-4000-8000-000000000011;INV467;QUANTITY;21a00005-0000-4000-8000-000000000008;10;PASSED;;;;;;2026-09-01T09:00:00Z;ap.clerk@airline.com;;;
1d500000-0000-4000-8000-000000000363;21a00004-0000-4000-8000-000000000003;21a00006-0000-4000-8000-000000000015;INV469;PRICE;21a00005-0000-4000-8000-000000000008;10;PASSED;;;;;;2026-09-01T09:00:00Z;ap.clerk@airline.com;;;
1d500000-0000-4000-8000-000000000364;21a00004-0000-4000-8000-000000000003;21a00006-0000-4000-8000-000000000017;INV470;PRICE;21a00005-0000-4000-8000-000000000008;10;NOT_APPLICABLE;;;No PROVISIONAL current price on the order’s contract, the price is settled.;;No PROVISIONAL current price on the order’s contract, the price is settled.;2026-09-01T09:00:00Z;ap.clerk@airline.com;;;
1d500000-0000-4000-8000-000000000365;21a00004-0000-4000-8000-000000000003;21a00006-0000-4000-8000-000000000014;INV452;PRICE;21a00005-0000-4000-8000-000000000008;10;PASSED;;;;;Invoiced 0.85 against order price 0.85 (0%), inside TOL-INV-PRICE.;2026-09-01T09:00:00Z;ap.clerk@airline.com;;;
1d500000-0000-4000-8000-000000000366;21a00004-0000-4000-8000-000000000003;21a00006-0000-4000-8000-000000000004;INV450;RESOLUTION;21a00005-0000-4000-8000-000000000009;20;PASSED;;;;;;2026-09-01T09:00:00Z;ap.clerk@airline.com;;;
1d500000-0000-4000-8000-000000000367;21a00004-0000-4000-8000-000000000003;21a00006-0000-4000-8000-000000000005;INV462;RESOLUTION;21a00005-0000-4000-8000-000000000009;20;PASSED;;;;;;2026-09-01T09:00:00Z;ap.clerk@airline.com;;;
1d500000-0000-4000-8000-000000000368;21a00004-0000-4000-8000-000000000003;21a00006-0000-4000-8000-000000000006;INV463;RESOLUTION;21a00005-0000-4000-8000-000000000009;20;PASSED;;;;;;2026-09-01T09:00:00Z;ap.clerk@airline.com;;;
1d500000-0000-4000-8000-000000000369;21a00004-0000-4000-8000-000000000003;21a00006-0000-4000-8000-000000000007;INV464;RESOLUTION;21a00005-0000-4000-8000-000000000009;20;PASSED;;;;;;2026-09-01T09:00:00Z;ap.clerk@airline.com;;;
1d500000-0000-4000-8000-000000000370;21a00004-0000-4000-8000-000000000003;21a00006-0000-4000-8000-000000000009;INV466;RESOLUTION;21a00005-0000-4000-8000-000000000009;20;PASSED;;;;;;2026-09-01T09:00:00Z;ap.clerk@airline.com;;;
1d500000-0000-4000-8000-000000000371;21a00004-0000-4000-8000-000000000003;21a00006-0000-4000-8000-000000000008;INV465;RESOLUTION;21a00005-0000-4000-8000-000000000009;20;PASSED;;;;;;2026-09-01T09:00:00Z;ap.clerk@airline.com;;;
1d500000-0000-4000-8000-000000000372;21a00004-0000-4000-8000-000000000003;21a00006-0000-4000-8000-000000000013;INV456;QUANTITY;21a00005-0000-4000-8000-000000000009;20;PASSED;;;;;;2026-09-01T09:00:00Z;ap.clerk@airline.com;;;
1d500000-0000-4000-8000-000000000373;21a00004-0000-4000-8000-000000000003;21a00006-0000-4000-8000-000000000012;INV468;QUANTITY;21a00005-0000-4000-8000-000000000009;20;PASSED;;;;;;2026-09-01T09:00:00Z;ap.clerk@airline.com;;;
1d500000-0000-4000-8000-000000000374;21a00004-0000-4000-8000-000000000003;21a00006-0000-4000-8000-000000000010;INV451;QUANTITY;21a00005-0000-4000-8000-000000000009;20;PASSED;;;;;Invoiced 10000 against goods receipt 10000 (0%), inside TOL-INV-QTY.;2026-09-01T09:00:00Z;ap.clerk@airline.com;;;
1d500000-0000-4000-8000-000000000375;21a00004-0000-4000-8000-000000000003;21a00006-0000-4000-8000-000000000011;INV467;QUANTITY;21a00005-0000-4000-8000-000000000009;20;PASSED;;;;;;2026-09-01T09:00:00Z;ap.clerk@airline.com;;;
1d500000-0000-4000-8000-000000000376;21a00004-0000-4000-8000-000000000003;21a00006-0000-4000-8000-000000000015;INV469;PRICE;21a00005-0000-4000-8000-000000000009;20;PASSED;;;;;;2026-09-01T09:00:00Z;ap.clerk@airline.com;;;
1d500000-0000-4000-8000-000000000377;21a00004-0000-4000-8000-000000000003;21a00006-0000-4000-8000-000000000017;INV470;PRICE;21a00005-0000-4000-8000-000000000009;20;NOT_APPLICABLE;;;No PROVISIONAL current price on the order’s contract, the price is settled.;;No PROVISIONAL current price on the order’s contract, the price is settled.;2026-09-01T09:00:00Z;ap.clerk@airline.com;;;
1d500000-0000-4000-8000-000000000378;21a00004-0000-4000-8000-000000000003;21a00006-0000-4000-8000-000000000014;INV452;PRICE;21a00005-0000-4000-8000-000000000009;20;PASSED;;;;;Invoiced 0.85 against order price 0.85 (0%), inside TOL-INV-PRICE.;2026-09-01T09:00:00Z;ap.clerk@airline.com;;;
1d500000-0000-4000-8000-000000000379;21a00004-0000-4000-8000-000000000003;21a00006-0000-4000-8000-000000000018;INV471;PRICE;21a00005-0000-4000-8000-000000000008;10;NOT_APPLICABLE;;;No current derived price on the contract, so the contracted components are unknown.;;No current derived price on the contract, so the contracted components are unknown.;2026-09-01T09:00:00Z;ap.clerk@airline.com;;;
1d500000-0000-4000-8000-000000000380;21a00004-0000-4000-8000-000000000003;21a00006-0000-4000-8000-000000000019;INV472;PRICE;21a00005-0000-4000-8000-000000000008;10;NOT_APPLICABLE;;;No current derived price on the contract, so the contracted components are unknown.;;No current derived price on the contract, so the contracted components are unknown.;2026-09-01T09:00:00Z;ap.clerk@airline.com;;;
1d500000-0000-4000-8000-000000000381;21a00004-0000-4000-8000-000000000003;21a00006-0000-4000-8000-000000000018;INV471;PRICE;21a00005-0000-4000-8000-000000000009;20;NOT_APPLICABLE;;;No current derived price on the contract, so the contracted components are unknown.;;No current derived price on the contract, so the contracted components are unknown.;2026-09-01T09:00:00Z;ap.clerk@airline.com;;;
1d500000-0000-4000-8000-000000000382;21a00004-0000-4000-8000-000000000003;21a00006-0000-4000-8000-000000000019;INV472;PRICE;21a00005-0000-4000-8000-000000000009;20;NOT_APPLICABLE;;;No current derived price on the contract, so the contracted components are unknown.;;No current derived price on the contract, so the contracted components are unknown.;2026-09-01T09:00:00Z;ap.clerk@airline.com;;;
1d500000-0000-4000-8000-000000000383;21a00004-0000-4000-8000-000000000003;21a00006-0000-4000-8000-000000000016;INV454;PRICE;;;PASSED;;;;;;2026-09-01T09:00:00Z;ap.clerk@airline.com;;;
1d500000-0000-4000-8000-000000000384;21a00004-0000-4000-8000-000000000003;21a00006-0000-4000-8000-000000000023;INV453;COVERAGE;;;NOT_APPLICABLE;;;Registered and NOT IMPLEMENTED. VR30 in 03-VALIDATION-RULES, never built. The Unbilled Tickets screen READS this exposure and nothing RAISES it against an invoice at period close, which needs a period-close trigger and no scheduler exists.;;Registered and NOT IMPLEMENTED. VR30 in 03-VALIDATION-RULES, never built. The Unbilled Tickets screen READS this exposure and nothing RAISES it against an invoice at period close, which needs a period-close trigger and no scheduler exists.;2026-09-01T09:00:00Z;ap.clerk@airline.com;;;
1d500000-0000-4000-8000-000000000385;21a00004-0000-4000-8000-000000000003;21a00006-0000-4000-8000-000000000022;INV474;DUPLICATE;21a00005-0000-4000-8000-000000000008;10;PASSED;;;;;;2026-09-01T09:00:00Z;ap.clerk@airline.com;;;
1d500000-0000-4000-8000-000000000386;21a00004-0000-4000-8000-000000000003;21a00006-0000-4000-8000-000000000020;INV473;DUPLICATE;;;FAILED;HARD_ERROR;REGISTRY_DEFAULT;;e0c00000-0000-4000-8000-000000000010;Invoice number INV-WFS-2026W21-003 is already captured for this supplier (1 other: 2026-04-15).;2026-09-01T09:00:00Z;ap.clerk@airline.com;;;
1d500000-0000-4000-8000-000000000387;21a00004-0000-4000-8000-000000000003;21a00006-0000-4000-8000-000000000021;INV455;DUPLICATE;21a00005-0000-4000-8000-000000000008;10;FAILED;HARD_ERROR;REGISTRY_DEFAULT;;e0c00000-0000-4000-8000-000000000008;Ticket WFS-YYZ-2026041408 is invoiced on 2 lines in total (2 on this invoice). A ticket is payable once.;2026-09-01T09:00:00Z;ap.clerk@airline.com;;;
1d500000-0000-4000-8000-000000000388;21a00004-0000-4000-8000-000000000003;21a00006-0000-4000-8000-000000000021;INV455;DUPLICATE;21a00005-0000-4000-8000-000000000009;20;FAILED;HARD_ERROR;REGISTRY_DEFAULT;;e0c00000-0000-4000-8000-000000000009;Ticket WFS-YYZ-2026041408 is invoiced on 2 lines in total (2 on this invoice). A ticket is payable once.;2026-09-01T09:00:00Z;ap.clerk@airline.com;;;
1d500000-0000-4000-8000-000000000389;21a00004-0000-4000-8000-000000000003;21a00006-0000-4000-8000-000000000022;INV474;DUPLICATE;21a00005-0000-4000-8000-000000000009;20;FAILED;HARD_ERROR;REGISTRY_DEFAULT;;e0c00000-0000-4000-8000-000000000011;Order FO-YYZ-20260414-0008 and GR 5000210008 are already invoiced on line 10 of this invoice.;2026-09-01T09:00:00Z;ap.clerk@airline.com;;;
1d500000-0000-4000-8000-000000000390;21a00004-0000-4000-8000-000000000004;21a00006-0000-4000-8000-000000000001;INV459;CAPTURE;;;PASSED;;;;;;2026-09-01T09:00:00Z;ap.clerk@airline.com;;;
1d500000-0000-4000-8000-000000000391;21a00004-0000-4000-8000-000000000004;21a00006-0000-4000-8000-000000000002;INV460;CAPTURE;;;PASSED;;;;;;2026-09-01T09:00:00Z;ap.clerk@airline.com;;;
1d500000-0000-4000-8000-000000000392;21a00004-0000-4000-8000-000000000004;21a00006-0000-4000-8000-000000000003;INV461;CAPTURE;;;PASSED;;;;;;2026-09-01T09:00:00Z;ap.clerk@airline.com;;;
1d500000-0000-4000-8000-000000000393;21a00004-0000-4000-8000-000000000004;21a00006-0000-4000-8000-000000000004;INV450;RESOLUTION;21a00005-0000-4000-8000-000000000010;10;PASSED;;;;;;2026-09-01T09:00:00Z;ap.clerk@airline.com;;;
1d500000-0000-4000-8000-000000000394;21a00004-0000-4000-8000-000000000004;21a00006-0000-4000-8000-000000000005;INV462;RESOLUTION;21a00005-0000-4000-8000-000000000010;10;PASSED;;;;;;2026-09-01T09:00:00Z;ap.clerk@airline.com;;;
1d500000-0000-4000-8000-000000000395;21a00004-0000-4000-8000-000000000004;21a00006-0000-4000-8000-000000000006;INV463;RESOLUTION;21a00005-0000-4000-8000-000000000010;10;PASSED;;;;;;2026-09-01T09:00:00Z;ap.clerk@airline.com;;;
1d500000-0000-4000-8000-000000000396;21a00004-0000-4000-8000-000000000004;21a00006-0000-4000-8000-000000000007;INV464;RESOLUTION;21a00005-0000-4000-8000-000000000010;10;PASSED;;;;;;2026-09-01T09:00:00Z;ap.clerk@airline.com;;;
1d500000-0000-4000-8000-000000000397;21a00004-0000-4000-8000-000000000004;21a00006-0000-4000-8000-000000000009;INV466;RESOLUTION;21a00005-0000-4000-8000-000000000010;10;PASSED;;;;;;2026-09-01T09:00:00Z;ap.clerk@airline.com;;;
1d500000-0000-4000-8000-000000000398;21a00004-0000-4000-8000-000000000004;21a00006-0000-4000-8000-000000000008;INV465;RESOLUTION;21a00005-0000-4000-8000-000000000010;10;PASSED;;;;;;2026-09-01T09:00:00Z;ap.clerk@airline.com;;;
1d500000-0000-4000-8000-000000000399;21a00004-0000-4000-8000-000000000004;21a00006-0000-4000-8000-000000000013;INV456;QUANTITY;21a00005-0000-4000-8000-000000000010;10;PASSED;;;;;;2026-09-01T09:00:00Z;ap.clerk@airline.com;;;
1d500000-0000-4000-8000-000000000400;21a00004-0000-4000-8000-000000000004;21a00006-0000-4000-8000-000000000012;INV468;QUANTITY;21a00005-0000-4000-8000-000000000010;10;PASSED;;;;;;2026-09-01T09:00:00Z;ap.clerk@airline.com;;;
1d500000-0000-4000-8000-000000000401;21a00004-0000-4000-8000-000000000004;21a00006-0000-4000-8000-000000000010;INV451;QUANTITY;21a00005-0000-4000-8000-000000000010;10;PASSED;;;;;Invoiced 10000 against goods receipt 10000 (0%), inside TOL-INV-QTY.;2026-09-01T09:00:00Z;ap.clerk@airline.com;;;
1d500000-0000-4000-8000-000000000402;21a00004-0000-4000-8000-000000000004;21a00006-0000-4000-8000-000000000011;INV467;QUANTITY;21a00005-0000-4000-8000-000000000010;10;PASSED;;;;;;2026-09-01T09:00:00Z;ap.clerk@airline.com;;;
1d500000-0000-4000-8000-000000000403;21a00004-0000-4000-8000-000000000004;21a00006-0000-4000-8000-000000000015;INV469;PRICE;21a00005-0000-4000-8000-000000000010;10;PASSED;;;;;;2026-09-01T09:00:00Z;ap.clerk@airline.com;;;
1d500000-0000-4000-8000-000000000404;21a00004-0000-4000-8000-000000000004;21a00006-0000-4000-8000-000000000017;INV470;PRICE;21a00005-0000-4000-8000-000000000010;10;NOT_APPLICABLE;;;No PROVISIONAL current price on the order’s contract, the price is settled.;;No PROVISIONAL current price on the order’s contract, the price is settled.;2026-09-01T09:00:00Z;ap.clerk@airline.com;;;
1d500000-0000-4000-8000-000000000405;21a00004-0000-4000-8000-000000000004;21a00006-0000-4000-8000-000000000014;INV452;PRICE;21a00005-0000-4000-8000-000000000010;10;PASSED;;;;;Invoiced 0.85 against order price 0.85 (0%), inside TOL-INV-PRICE.;2026-09-01T09:00:00Z;ap.clerk@airline.com;;;
1d500000-0000-4000-8000-000000000406;21a00004-0000-4000-8000-000000000004;21a00006-0000-4000-8000-000000000018;INV471;PRICE;21a00005-0000-4000-8000-000000000010;10;NOT_APPLICABLE;;;No current derived price on the contract, so the contracted components are unknown.;;No current derived price on the contract, so the contracted components are unknown.;2026-09-01T09:00:00Z;ap.clerk@airline.com;;;
1d500000-0000-4000-8000-000000000407;21a00004-0000-4000-8000-000000000004;21a00006-0000-4000-8000-000000000019;INV472;PRICE;21a00005-0000-4000-8000-000000000010;10;NOT_APPLICABLE;;;No current derived price on the contract, so the contracted components are unknown.;;No current derived price on the contract, so the contracted components are unknown.;2026-09-01T09:00:00Z;ap.clerk@airline.com;;;
1d500000-0000-4000-8000-000000000408;21a00004-0000-4000-8000-000000000004;21a00006-0000-4000-8000-000000000016;INV454;PRICE;;;PASSED;;;;;;2026-09-01T09:00:00Z;ap.clerk@airline.com;;;
1d500000-0000-4000-8000-000000000409;21a00004-0000-4000-8000-000000000004;21a00006-0000-4000-8000-000000000023;INV453;COVERAGE;;;NOT_APPLICABLE;;;Registered and NOT IMPLEMENTED. VR30 in 03-VALIDATION-RULES, never built. The Unbilled Tickets screen READS this exposure and nothing RAISES it against an invoice at period close, which needs a period-close trigger and no scheduler exists.;;Registered and NOT IMPLEMENTED. VR30 in 03-VALIDATION-RULES, never built. The Unbilled Tickets screen READS this exposure and nothing RAISES it against an invoice at period close, which needs a period-close trigger and no scheduler exists.;2026-09-01T09:00:00Z;ap.clerk@airline.com;;;
1d500000-0000-4000-8000-000000000410;21a00004-0000-4000-8000-000000000004;21a00006-0000-4000-8000-000000000021;INV455;DUPLICATE;21a00005-0000-4000-8000-000000000010;10;PASSED;;;;;;2026-09-01T09:00:00Z;ap.clerk@airline.com;;;
1d500000-0000-4000-8000-000000000411;21a00004-0000-4000-8000-000000000004;21a00006-0000-4000-8000-000000000022;INV474;DUPLICATE;21a00005-0000-4000-8000-000000000010;10;PASSED;;;;;;2026-09-01T09:00:00Z;ap.clerk@airline.com;;;
1d500000-0000-4000-8000-000000000412;21a00004-0000-4000-8000-000000000004;21a00006-0000-4000-8000-000000000020;INV473;DUPLICATE;;;FAILED;HARD_ERROR;REGISTRY_DEFAULT;;e0c00000-0000-4000-8000-000000000012;Invoice number INV-WFS-2026W21-003 is already captured for this supplier (1 other: 2026-04-15).;2026-09-01T09:00:00Z;ap.clerk@airline.com;;;
1d500000-0000-4000-8000-000000000413;21a00004-0000-4000-8000-000000000005;21a00006-0000-4000-8000-000000000001;INV459;CAPTURE;;;PASSED;;;;;;2026-09-01T09:00:00Z;ap.clerk@airline.com;;;
1d500000-0000-4000-8000-000000000414;21a00004-0000-4000-8000-000000000005;21a00006-0000-4000-8000-000000000002;INV460;CAPTURE;;;PASSED;;;;;;2026-09-01T09:00:00Z;ap.clerk@airline.com;;;
1d500000-0000-4000-8000-000000000415;21a00004-0000-4000-8000-000000000005;21a00006-0000-4000-8000-000000000003;INV461;CAPTURE;;;PASSED;;;;;;2026-09-01T09:00:00Z;ap.clerk@airline.com;;;
1d500000-0000-4000-8000-000000000416;21a00004-0000-4000-8000-000000000005;21a00006-0000-4000-8000-000000000004;INV450;RESOLUTION;21a00005-0000-4000-8000-000000000011;10;PASSED;;;;;;2026-09-01T09:00:00Z;ap.clerk@airline.com;;;
1d500000-0000-4000-8000-000000000417;21a00004-0000-4000-8000-000000000005;21a00006-0000-4000-8000-000000000005;INV462;RESOLUTION;21a00005-0000-4000-8000-000000000011;10;PASSED;;;;;;2026-09-01T09:00:00Z;ap.clerk@airline.com;;;
1d500000-0000-4000-8000-000000000418;21a00004-0000-4000-8000-000000000005;21a00006-0000-4000-8000-000000000006;INV463;RESOLUTION;21a00005-0000-4000-8000-000000000011;10;PASSED;;;;;;2026-09-01T09:00:00Z;ap.clerk@airline.com;;;
1d500000-0000-4000-8000-000000000419;21a00004-0000-4000-8000-000000000005;21a00006-0000-4000-8000-000000000007;INV464;RESOLUTION;21a00005-0000-4000-8000-000000000011;10;PASSED;;;;;;2026-09-01T09:00:00Z;ap.clerk@airline.com;;;
1d500000-0000-4000-8000-000000000420;21a00004-0000-4000-8000-000000000005;21a00006-0000-4000-8000-000000000009;INV466;RESOLUTION;21a00005-0000-4000-8000-000000000011;10;PASSED;;;;;;2026-09-01T09:00:00Z;ap.clerk@airline.com;;;
1d500000-0000-4000-8000-000000000421;21a00004-0000-4000-8000-000000000005;21a00006-0000-4000-8000-000000000008;INV465;RESOLUTION;21a00005-0000-4000-8000-000000000011;10;FAILED;SOFT_ERROR;REGISTRY_DEFAULT;;e0c00000-0000-4000-8000-000000000013;Line states PO 4500999999, the ticket resolves to PO 4500210010.;2026-09-01T09:00:00Z;ap.clerk@airline.com;;;
1d500000-0000-4000-8000-000000000422;21a00004-0000-4000-8000-000000000005;21a00006-0000-4000-8000-000000000013;INV456;QUANTITY;21a00005-0000-4000-8000-000000000011;10;PASSED;;;;;;2026-09-01T09:00:00Z;ap.clerk@airline.com;;;
1d500000-0000-4000-8000-000000000423;21a00004-0000-4000-8000-000000000005;21a00006-0000-4000-8000-000000000012;INV468;QUANTITY;21a00005-0000-4000-8000-000000000011;10;PASSED;;;;;;2026-09-01T09:00:00Z;ap.clerk@airline.com;;;
1d500000-0000-4000-8000-000000000424;21a00004-0000-4000-8000-000000000005;21a00006-0000-4000-8000-000000000010;INV451;QUANTITY;21a00005-0000-4000-8000-000000000011;10;PASSED;;;;;Invoiced 10000 against goods receipt 10000 (0%), inside TOL-INV-QTY.;2026-09-01T09:00:00Z;ap.clerk@airline.com;;;
1d500000-0000-4000-8000-000000000425;21a00004-0000-4000-8000-000000000005;21a00006-0000-4000-8000-000000000011;INV467;QUANTITY;21a00005-0000-4000-8000-000000000011;10;PASSED;;;;;;2026-09-01T09:00:00Z;ap.clerk@airline.com;;;
1d500000-0000-4000-8000-000000000426;21a00004-0000-4000-8000-000000000005;21a00006-0000-4000-8000-000000000015;INV469;PRICE;21a00005-0000-4000-8000-000000000011;10;PASSED;;;;;;2026-09-01T09:00:00Z;ap.clerk@airline.com;;;
1d500000-0000-4000-8000-000000000427;21a00004-0000-4000-8000-000000000005;21a00006-0000-4000-8000-000000000017;INV470;PRICE;21a00005-0000-4000-8000-000000000011;10;NOT_APPLICABLE;;;No PROVISIONAL current price on the order’s contract, the price is settled.;;No PROVISIONAL current price on the order’s contract, the price is settled.;2026-09-01T09:00:00Z;ap.clerk@airline.com;;;
1d500000-0000-4000-8000-000000000428;21a00004-0000-4000-8000-000000000005;21a00006-0000-4000-8000-000000000014;INV452;PRICE;21a00005-0000-4000-8000-000000000011;10;PASSED;;;;;Invoiced 0.85 against order price 0.85 (0%), inside TOL-INV-PRICE.;2026-09-01T09:00:00Z;ap.clerk@airline.com;;;
1d500000-0000-4000-8000-000000000429;21a00004-0000-4000-8000-000000000005;21a00006-0000-4000-8000-000000000018;INV471;PRICE;21a00005-0000-4000-8000-000000000011;10;NOT_APPLICABLE;;;No current derived price on the contract, so the contracted components are unknown.;;No current derived price on the contract, so the contracted components are unknown.;2026-09-01T09:00:00Z;ap.clerk@airline.com;;;
1d500000-0000-4000-8000-000000000430;21a00004-0000-4000-8000-000000000005;21a00006-0000-4000-8000-000000000019;INV472;PRICE;21a00005-0000-4000-8000-000000000011;10;NOT_APPLICABLE;;;No current derived price on the contract, so the contracted components are unknown.;;No current derived price on the contract, so the contracted components are unknown.;2026-09-01T09:00:00Z;ap.clerk@airline.com;;;
1d500000-0000-4000-8000-000000000431;21a00004-0000-4000-8000-000000000005;21a00006-0000-4000-8000-000000000016;INV454;PRICE;;;PASSED;;;;;;2026-09-01T09:00:00Z;ap.clerk@airline.com;;;
1d500000-0000-4000-8000-000000000432;21a00004-0000-4000-8000-000000000005;21a00006-0000-4000-8000-000000000023;INV453;COVERAGE;;;NOT_APPLICABLE;;;Registered and NOT IMPLEMENTED. VR30 in 03-VALIDATION-RULES, never built. The Unbilled Tickets screen READS this exposure and nothing RAISES it against an invoice at period close, which needs a period-close trigger and no scheduler exists.;;Registered and NOT IMPLEMENTED. VR30 in 03-VALIDATION-RULES, never built. The Unbilled Tickets screen READS this exposure and nothing RAISES it against an invoice at period close, which needs a period-close trigger and no scheduler exists.;2026-09-01T09:00:00Z;ap.clerk@airline.com;;;
1d500000-0000-4000-8000-000000000433;21a00004-0000-4000-8000-000000000005;21a00006-0000-4000-8000-000000000020;INV473;DUPLICATE;;;PASSED;;;;;;2026-09-01T09:00:00Z;ap.clerk@airline.com;;;
1d500000-0000-4000-8000-000000000434;21a00004-0000-4000-8000-000000000005;21a00006-0000-4000-8000-000000000021;INV455;DUPLICATE;21a00005-0000-4000-8000-000000000011;10;PASSED;;;;;;2026-09-01T09:00:00Z;ap.clerk@airline.com;;;
1d500000-0000-4000-8000-000000000435;21a00004-0000-4000-8000-000000000005;21a00006-0000-4000-8000-000000000022;INV474;DUPLICATE;21a00005-0000-4000-8000-000000000011;10;PASSED;;;;;;2026-09-01T09:00:00Z;ap.clerk@airline.com;;;
